time_s,rov_pos_n,rov_pos_e,rov_pos_d,rov_vel_n,rov_vel_e,rov_vel_d,asv_pos_n,asv_pos_e,asv_pos_d,asv_vel_n,asv_vel_e,asv_vel_d
0.0,36.772344074577795,8.313919652228602,14.445428967467263,0.0,0.0,0.0,33.84685470381371,0.9638198989717619,-2.0847151628815532,0.0,0.0,0.0
0.8,36.772344074577795,8.313919652228602,14.445428967467263,0.0,0.0,0.0,32.795959721718745,0.7639228970546654,-1.6140264603936954,0.00780861144333536,0.006488258634576696,-0.00014603264480374644
1.0,36.772344074577795,8.313919652228602,14.445428967467263,0.0,0.0,0.0,33.017780991834776,0.7275072579929376,-1.7109119955539813,0.09915943148604711,-0.010528787934839821,-0.0015125871874925938
1.2092080231095461,37.18111858484436,10.433154112998022,14.021988365289554,0.0049008707641065045,0.025407881240684282,-0.008119132166935966,32.96373746425322,0.3319828523162816,-1.5124176961890574,0.07188241218182476,-0.2375663120321518,0.0011772670961616345
2.0,37.52940533139311,10.954252366784125,13.892466553640462,0.008991296897944125,0.03135811683956707,-0.010444244508030304,34.38832627321903,2.2925482014850904,-0.970846104868711,1.3124412120602296,1.568447065394487,0.004797836896660192
2.2084472683567733,37.52928303373588,10.939539869262248,14.004891045551492,-0.029501178043899533,-0.001664951338955889,0.01989131107944441,35.870782055365765,3.665169610130092,-1.0219703097640043,2.792827232827161,2.888313616855925,0.019163873128039192
2.408322249077179,37.62742575605771,11.25326009270482,14.538968330089132,-0.03523556847776595,0.008742255237440577,0.049045990848121834,36.17996043888602,4.126382392147931,-1.2175685414860526,2.777935798939855,3.0369514716144432,0.038183943383223715
2.6,37.46283308656005,10.95226895958882,13.732699021229259,-0.03709440652137687,0.0040972772884709865,0.003670533250811042,36.63125134900787,4.807757873585227,-1.3263644570141921,2.8859973465272257,3.3147849167930676,0.05999532949087894
2.8081024742370024,37.24505634615846,10.918702871905404,14.039214108308272,-0.09443776428244846,0.010007494585274702,0.05896456646331585,36.57456988905779,4.7598899859861925,-1.5029570666497702,2.5374423047131436,2.956910801672933,0.03588197934324603
3.0,36.335982913055965,10.9427285856333,13.933958436697194,-0.20114346524333054,0.04697516792863086,0.05128473135513914,36.1329039044097,5.671618649402145,-1.0396768620837271,2.3850036893003552,3.2267543539858345,0.0641528782547269
3.4000000000000004,36.126183427395176,10.638854205050889,13.04078301996419,-0.1990068212923138,0.040208477590938284,-0.02316089362849926,36.95074845849217,7.038711111417904,-1.1625633847667363,2.5316815414989975,3.6221772936003105,0.08625354479704102
3.6,36.03983432927145,10.530195894436423,12.684058503078589,-0.19845010793783055,0.03748324741683236,-0.059435066635230606,37.39001486497984,7.787210221342072,-1.2014433805749358,2.6137166776546996,3.825975415773587,0.0978723925827405
4.0,35.63129383049229,10.01946060555031,12.626277053580637,-0.2413636187565375,-0.026729578127516807,-0.03153708806651051,37.955951583679806,8.552406389505588,-1.0709016977444366,2.652398650436835,3.845791592418312,0.09509575088976385
5.0,34.23912483556087,8.870536987831926,12.493075591190209,-0.4211654975210618,-0.14875971350417316,0.035053880214341124,38.23338068759628,10.312717068798774,-0.6285421459634144,2.166947177933767,3.682628111450369,0.04287329763399325
5.6000000000000005,33.98961586107179,8.702136334679249,12.170931761956613,-0.41734811053685505,-0.15403097534325327,-0.019455577787305688,39.55013367537529,12.680066975919756,-0.6290141848434941,2.365689210403409,4.11406567327144,0.06004473429403916
6.0,33.55694627816858,8.274616788270336,12.154117368664942,-0.46333771630998755,-0.2143414554141177,0.011278813145343024,39.56852863336353,12.669998401375251,-0.8481610346348105,2.1575931621259863,3.751011741166575,-0.009911448172640558
6.800000000000001,33.17920634082086,8.158332497538403,12.433518683067502,-0.46567089865246936,-0.20940458584250043,0.053441164313782874,41.40696276269525,15.833272326763497,-0.834251583150123,2.394008047526776,4.205597963808663,0.006926036814135938
7.0,32.77992938615752,7.752338528038539,12.462996365745067,-0.5208750524084432,-0.2601117243994611,0.08108017774157479,40.12790340825786,14.603602793860608,-0.8434162517131986,1.8675634183105734,3.626228408459708,-0.05610104811436679
8.0,32.3704155466067,7.229397838557742,12.606227710334403,-0.4980699870916129,-0.30126872436233165,0.08943391202824735,42.009427296160105,16.755283936464856,-0.5207575443842802,2.0305364702405826,3.574676502162331,-0.029446746298141376
8.008994144014274,33.81734581735491,8.570094425594009,11.10142518371483,-0.3042613344455684,-0.07764535308702439,-0.11331514225827871,40.38742793276584,15.088235448003662,0.37441931217084246,1.3931348198331632,2.9215235440803675,0.006707494558220773
8.409265016875857,32.96341073929162,11.134333562193714,12.325418293931428,-0.38334689588584836,0.17211275884002464,0.03608311689377652,42.29881359037016,13.825685476607372,-0.5973552514704572,1.9228262089431611,2.167154957890668,-0.08967206004645928
9.0,32.71860143247073,11.227363040099492,12.417196183133601,-0.38543794380708635,0.1714736926532603,0.044299132661940445,43.435882328439234,15.119704362678958,-0.5726325786387805,1.9969164391571308,2.250205204262267,-0.07799896647557022
10.0,32.38311439343504,11.06492165106885,12.66753838672972,-0.3784393286852918,0.13236478979701066,0.06945927669800675,45.53901400319449,16.98031847451634,-0.4252987398863194,2.1275815239131446,2.2652312453948626,-0.05239763126210799
10.4,32.223863615711075,11.117778351730786,12.51736573711523,-0.38046496633365245,0.13027690602741562,0.04717384331563827,46.378683480383145,17.889803051934464,-0.5834767703848849,2.1644001413550105,2.303582511914946,-0.06394153313097851
11.0,31.40772589208244,11.508561275187668,12.81492955049999,-0.4514475291821037,0.1601098801795095,0.06391214400955886,46.729312849546616,19.812411557353744,-0.2132377958552683,1.9723364740804912,2.50580889521024,-0.0021592514822543762
11.200000000000001,31.32054706087473,11.540749472434335,12.942967786331197,-0.45045072389496965,0.16142541578162553,0.07797009517989638,47.13696275244849,20.317954384053014,-0.13168372883142004,1.9875128362716379,2.5307702309024127,0.006897638192532211
12.0,30.636498992354472,10.937026832564756,12.765425103221864,-0.48866687771878575,0.07744076137371622,0.05591081845718618,47.925178566305135,20.588518464995218,-0.4431644667814887,1.7987233916574514,2.125204668779076,-0.03932920454854447
12.200000000000001,30.54080684330765,10.95386897914189,12.893957016517671,-0.48786216160282697,0.07882659466915776,0.06972569447915002,48.29585186995137,21.015486544991568,-0.3773681506158412,1.8010529023132191,2.131387541913043,-0.032067703535157976
13.0,30.032285900883487,10.727784793288212,12.931160272787265,-0.5020871431071545,0.04579903025791107,0.06740069099331265,49.2286212271522,21.550092396253095,-0.4154313361897955,1.6449995936352695,1.8136316570126767,-0.034894883600164676
13.412898344837147,30.828657650163212,12.064296743141544,13.95580736129059,-0.397006375053639,0.19999046631734288,0.2297336995676223,48.802600533900666,20.399056647375847,-1.5226457140685454,1.0628925660078603,1.0138201917850638,-0.260102365742488
13.813161734626442,30.724808824182006,12.267254464468664,14.029057412471516,-0.3925224176446757,0.21120590858935906,0.2277053910556937,49.133790346922936,20.550379265094023,-1.6165194464917143,0.947051773263971,0.8345096827852807,-0.26080980449696367
14.0,30.509449067972273,12.876336830328167,14.18806064871503,-0.405966488031776,0.26771654183428534,0.23986271272806783,49.15683523907551,21.337643905299874,-1.5414454081744242,0.8896701501250908,0.887221747070669,-0.24750795275478188
14.200000000000001,30.483342224351937,12.957672271500098,13.909492403968176,-0.4020905415827806,0.26796607596703353,0.20616971589929456,49.24917920780398,21.469717265373376,-1.8053566881098346,0.8094758031230834,0.8256552658588113,-0.2677986479879866
14.213417595631297,30.708028380691374,13.104949151141724,13.924977232259039,-0.38066446477153726,0.28209675015993135,0.21040502362622573,48.97921220228147,21.330533170180317,-1.8450161146350097,0.6688793279536137,0.7565457861544083,-0.2768561560658378
15.0,30.60772295861379,12.329151432991251,14.041470919693197,-0.36475739973157006,0.18528647441137264,0.19941519495603077,49.271121381985054,20.521437810443068,-1.8916271346845277,0.35325194857459524,0.33249087588872267,-0.25051681281101773
15.214023289105652,32.20704335574723,13.224083180144317,13.142535934553042,-0.22871900819883703,0.24153486538293772,0.08514290136271124,47.57052033808253,19.859782977113795,-0.92555517907177,-0.48239181134319153,-0.025255514784842614,-0.07909940579868222
16.0,32.501124603969664,13.63164752582206,13.330634147095944,-0.1871401604630022,0.2617065478977762,0.0964508904550438,47.63317900335103,20.030757686026217,-0.8089590044664258,-0.7766395434856457,-0.21327050823854865,-0.044033207806795406
16.41468649113936,32.24625790253904,13.655827285978328,13.444867711351973,-0.20476844634385094,0.25504068415807213,0.10928103726134904,47.659924177302976,20.092347911799433,-0.9433668567464044,-0.8000720278742025,-0.2550022290137026,-0.0625903336675657
17.0,33.0718997405348,13.65079385093006,13.477015376849593,-0.1260601698941059,0.24130364469734544,0.10436293712622609,48.50397509189576,19.443444660189556,-0.8561535027632188,-0.8179447851814844,-0.5475614750157474,-0.03605929600775108
17.014993568454045,32.489051054734205,13.706959863277808,12.973525568094091,-0.18748709039796604,0.2375617337448087,0.033997550964122616,49.352217833768556,19.217947689228545,-0.299966426093785,-0.3396422325028418,-0.6855675957747971,0.06528496442983353
17.2,32.454570215380144,13.75116625596986,12.990173569807354,-0.18745879768707793,0.23761191174703922,0.034914597758775645,49.28265527076428,19.08539638894542,-0.27776506252608,-0.41294100979689957,-0.7498255528360368,0.07100399397736588
18.0,33.76549809268068,14.642923441239914,13.220376153059691,-0.06880901259133694,0.297852676760579,0.057143900226386594,50.85096446328021,19.337283443132787,-0.001450667804720751,-0.34703668808174476,-0.8387326440945921,0.0992627849898608
19.0,34.27924291325908,15.27839436690869,13.286716863174382,-0.023616816484358906,0.32574223304995953,0.060924960866784644,51.38786612948061,18.93573463521348,0.08895276004148234,-0.5027793136759835,-1.0225890416819834,0.11149071171625828
19.616175904599764,33.4298821977634,15.270371181573426,13.459495239003187,-0.10320821872850516,0.307251609005677,0.09471493348548937,53.12408311948513,18.713862578034266,-0.33303853974271724,0.16772443401984927,-1.0204193775857946,0.009557381133198789
19.8,33.410384454757455,15.326490867973996,13.464190027041244,-0.10325705410679041,0.3072001645309451,0.09364307025910118,53.15133326605365,18.521601335952113,-0.34229874538933147,0.12374398892350232,-1.0670941517946484,0.010930087661124922
19.816259775383475,33.21065293876377,15.278433811841692,13.458170478251038,-0.12256455800292287,0.30227373999766166,0.09621883404185956,53.72679022285033,18.610916467501685,-0.39973796967039976,0.36088854773637513,-1.031953621792944,-0.006272534077934079
20.0,33.85951884474672,15.535670406759058,13.166883169544153,-0.06869408644847176,0.31861672788956125,0.07208617986412139,54.515548687144864,18.752714093715053,-0.7212301898748781,0.41741681361824756,-1.0102556693448608,-0.03728757167166155
20.81667226150392,33.715126719881575,15.804397465017061,13.196964923537701,-0.07786282585773413,0.3190031721641019,0.07122908996089847,55.08886537328945,17.816891529217312,-0.7497374313901201,0.3799795683295213,-1.2054118119082302,-0.03311333470991493
21.0,33.76315748274608,15.885190908518076,13.089815388467935,-0.0730031751098018,0.3207594821112769,0.06275541291277939,55.194895051592084,17.6498788185485,-0.9179115925695241,0.3477131907153234,-1.231536208564213,-0.04873593616634536
21.21683584640417,33.71693694871066,15.534266423449223,13.003523415275493,-0.07598151672492816,0.28744031287324634,0.049221448918657235,55.33734096884579,17.934426253266775,-0.7685584519265842,0.341292471817825,-1.0494191259410588,-0.024112506847656697
22.0,34.370689478888075,15.668967507826624,13.295448873377758,-0.020227088739282736,0.28067278506390336,0.06722186204026007,56.47450199691826,16.948822396364392,-0.45628334715253704,0.3384990940706619,-1.189235220575114,0.014907499260056179
23.0,34.79824077599095,15.527845214787524,13.334174983792959,0.014727013086912454,0.2475261399381959,0.06485660249629278,57.432415105461054,15.038681365441539,-0.44150775875704545,0.2831274677627067,-1.4431607452972022,0.025354455355119317
23.200000000000003,34.790149044586514,15.572930959347083,13.141164288445038,0.014002945348103759,0.24705189922827672,0.04844522461511093,57.48872395892782,14.743420835306944,-0.6116431808076663,0.24880829702272353,-1.4720467233987413,0.013493657642318585
23.617852331099783,34.63128411424757,15.690002683418378,13.171439355028815,-0.001240219039865608,0.2485351775073126,0.053510226193668985,58.04317845998942,14.076885074012218,-0.6848477396939915,0.3612210437269281,-1.5414654525974016,0.001990546265521906
23.817942798484722,34.537955355676544,15.753076978647785,13.182893435623193,-0.00994575623849322,0.24994594982874327,0.05588374137509816,58.41344313687499,13.723375514962063,-0.7237633839049482,0.4490422098618746,-1.5826456926628483,-0.00407162542607731
24.0,34.21786369701669,15.932083353128409,13.349195160461308,-0.035052934291526755,0.2604010046278597,0.06769416146709249,58.150911941474206,13.659468926688096,-0.5563743517606455,0.3855855496426445,-1.5643507747200767,0.012242446453594338
24.41822226404722,34.193575795867034,15.858675434081873,13.36873453966152,-0.03645460585233607,0.24684171079952857,0.06660990810331288,58.3435488932986,13.272173402475705,-0.5445381016143911,0.3486243919665429,-1.5019958267752531,0.01609308156639105
24.61831835500328,34.15434663016175,15.913325249959335,13.393101682284776,-0.039994099641616,0.24775909242074826,0.0693498932220432,58.55345601708017,12.944862810126123,-0.5766061174392442,0.38295732635706137,-1.5296277869778958,0.012047152019362224
25.0,34.30505434890563,15.907928063420576,13.118568194735483,-0.02708173006280702,0.23999558589293613,0.04805731837902884,58.85807696035093,12.233624906909911,-0.919899012323552,0.35674161263831544,-1.5771330577533593,-0.01629709461306156
25.21861637759723,34.25907833439274,15.963998858156135,13.077756833244399,-0.02986221403239182,0.2404242722611574,0.04119472834480495,58.9717844937732,11.871013472689754,-0.8511077349292385,0.3444540244150231,-1.5997821934825707,-0.003442286215407592
25.418719166977077,34.20985522443205,15.951723087296871,13.035535433951935,-0.03333038729447911,0.23589277179908438,0.03415641423855258,59.100874206050534,11.654843116694241,-0.7805578245140996,0.3455968692364092,-1.5685680532350843,0.00875042852463202
25.81893023197463,34.16662773197626,15.98406332686748,13.016410161383169,-0.03632120495263043,0.23074740881993905,0.028908948525610614,59.30383106650911,11.21952499579978,-0.7265701981853334,0.32934505379496787,-1.5048271501937804,0.019670663663906365
26.0,34.019842826487384,16.353875987152783,13.073719156289156,-0.047324333080475206,0.2557299725601634,0.032448870229887135,59.17993508853783,11.324129830864477,-0.6597633208146556,0.2792539121314595,-1.4517910966501877,0.027670696022312598
26.419261178014306,33.9995661187302,16.476057946184813,13.083219185661177,-0.047116926797861,0.25722311549506743,0.03180478597765445,59.28453411577103,10.657758340058919,-0.6391274968256211,0.23013273701472556,-1.4818519636069938,0.033138617344797026
27.0,33.69297950828118,16.462329091988064,13.408482864370196,-0.06817114247003718,0.24434948259667563,0.0529930978157758,58.99819823883291,9.611614750135521,-0.26092902199557144,0.09222795798830068,-1.5077711024046736,0.0707402346412382
28.0,33.84547872693446,16.27341177129783,13.086668488450618,-0.050957617175956954,0.2126471169191212,0.02883284350485915,59.501764484901585,7.422852660015079,-0.6443080256574811,0.06790515242276732,-1.6235142743397144,0.04158065272369392
28.020232729096847,33.6824584283279,16.326553369178725,13.062641487851483,-0.06525486311867884,0.21833052892678192,0.030271245970135238,59.85787117715075,7.2623728283288544,-0.7846646896354076,0.21196677298434158,-1.6831230196342233,0.02545520375652699
28.620630881477524,33.743288571824294,16.577824844534454,13.135324548598087,-0.0553304612278626,0.22956890140791847,0.042731677657761036,59.72256016645023,5.742140229165788,-0.8685224090806172,0.06060448465210394,-1.8801857329976441,0.015948368521840298
29.0,33.40466851644024,16.501793801995518,12.92598994332287,-0.07961236567712787,0.2168047843564582,0.029213277850441293,59.32084760413201,4.8032984800929714,-1.1214205107450639,-0.04343014059223182,-1.9166669574538095,-0.0037214332697884794
29.621333571505616,33.32963940557112,16.652594287762934,13.086309237781132,-0.08199424341801093,0.21861847936830248,0.04019728482028888,59.36282052402174,3.558099534397104,-1.0141017179961866,-0.0791847326086002,-1.9315582281628723,0.007803556940855208
30.0,33.323242020915224,16.94115957865258,13.455039187861047,-0.08055528789739651,0.23440417095439112,0.0618793028276453,59.41919908814507,3.149228799651713,-0.5847385836558842,-0.09574034538527851,-1.864009835343028,0.04790638904196663
30.82223468190168,33.27059351856801,17.16627788993213,13.49723937691555,-0.07932046829848455,0.2370602835088868,0.06037876785706456,59.2780350573344,1.5364736885080064,-0.525733210410341,-0.1888574610067991,-1.8564587202486127,0.05731646735962672
31.0,33.58322763614708,17.090967658639045,13.606876212714083,-0.054028385853184,0.22843465059445847,0.06598549945530752,59.67880701435926,1.039652122268397,-0.3895917362235371,-0.13905325591970158,-1.8754689232489197,0.06985833934131223
31.200000000000003,33.576765926729394,17.136376864600784,13.9096523504132,-0.05381556975663446,0.2284199444422249,0.08794991173815866,59.647512045640596,0.6679695380827317,-0.11947158559031912,-0.15764201846538176,-1.8624916772767774,0.0905587851729521
31.6,33.556130563242014,17.227680952917822,14.005429759111307,-0.053771650525745215,0.22841673484331024,0.0925674092952832,59.57683501959942,-0.07073009015705378,-0.029242037523066623,-0.19355749299822497,-1.8324929254435502,0.09855686271234292
31.823024731859654,33.48027065537433,17.343003467753476,14.040760814556606,-0.05975621831964947,0.23499362027602047,0.09636538092398385,59.79571728364965,-0.6890112942371451,-0.04401911590483208,-0.11741690648941189,-1.8948098204914179,0.09538543787542855
32.0,33.38563483793451,17.358525683960615,13.815206455486477,-0.06617416724067682,0.232934016031565,0.08260842868697935,59.632309477673815,-1.0616250831283809,-0.35709837326463834,-0.1542163872485143,-1.8873458239689054,0.06832236556399136
32.2233483627791,33.35527965323847,17.428971001919614,13.826229991059419,-0.06762444260595653,0.23472194721886763,0.08255702558687457,59.64285882454361,-1.523373581736822,-0.3552264955308365,-0.15248980120144234,-1.8866931984289466,0.06887729701437914
32.800000000000004,33.311073817512266,17.56666804331044,13.668262403592973,-0.06795421411085392,0.23490152998002645,0.06625582649155444,59.5499418917152,-2.602094386907299,-0.48383160030472744,-0.19090577474847925,-1.836458056587685,0.061447131923001955
33.0,33.39369667407105,17.806079152624633,13.675538451463641,-0.06071603531487167,0.25016369661739746,0.06588318817220867,59.74685467675524,-2.559738521519821,-0.48562400299992464,-0.15386655991273518,-1.7379195901606095,0.06206747189364716
33.4,33.374565336826485,17.903266145887926,13.844873013566733,-0.06037474035853955,0.2499541153052488,0.07756737827149847,59.67489217733101,-3.2413279544408633,-0.3494479784850697,-0.1792136578690534,-1.688972145639639,0.07308210790904807
33.42433599562589,33.265675939262536,17.727880287460202,13.873768828562728,-0.06912776260819373,0.23656002284017988,0.08267991883230334,59.85229611922772,-2.964135753876515,-0.4186825858158255,-0.11090157593203095,-1.5750730664140842,0.06448628182806913
33.6,33.25542481257318,17.768566643822528,13.973647717998373,-0.06901912730695145,0.2365046277649657,0.08947623646313527,59.830782159314985,-3.2373288596195766,-0.3349099996187176,-0.11868523503279732,-1.5491722417574525,0.07113892580366772
34.0,33.182614235396564,17.961574464383204,14.060655414130265,-0.07251973703966928,0.24403307532706717,0.09251810270439274,59.73173977429521,-3.7050932604030318,-0.2324017425423054,-0.14288196309771067,-1.4637243189434468,0.0813614095798228
34.02483439242073,33.110196634672945,18.060964458912224,14.075488498078421,-0.07988898452603092,0.25360432173454506,0.09702691672397722,59.96739277322507,-3.953722846414495,-0.2638654923907299,-0.04230335254826609,-1.5524828736483602,0.07598862738677649
34.2,33.1023680545146,18.101696595542098,14.296254166617915,-0.0794993405551803,0.2533516595524877,0.11382139739823915,59.95461428703153,-4.2190113853467235,-0.08649048540731177,-0.04767705362376556,-1.525018981571728,0.08975054579270628
35.0,33.15367474785813,18.25555579869379,14.49316765098213,-0.07049924996481,0.24958131623772645,0.1191390647634258,60.095841894096566,-5.4541488715306,0.18074035125630053,-0.03242933418790798,-1.4042691686591726,0.11441410923499908
35.42598991421007,33.11493946105396,18.378152737071964,14.54463777339055,-0.0714893771507175,0.25123523729984304,0.11961046975301254,60.12416436699392,-6.081899865440332,0.22830730477572472,-0.019459413931781345,-1.345129693015654,0.11834363105107994
36.0,32.77771312391457,18.534332345170572,14.841347520346366,-0.0943407949760086,0.2512504644716019,0.1334054698713599,59.6111861835981,-7.060275844030835,0.6781601457675469,-0.11380455510129173,-1.29153393496593,0.15833752750646174
36.026475047461446,32.763522103212495,18.569706539992648,14.844668198545653,-0.09569461859020045,0.25402995562734904,0.13385656945688965,59.656498240191254,-7.156508943855445,0.6817412898185023,-0.09366268223302694,-1.312703500335975,0.1581670761386483
37.0,32.39040882065693,18.806445143135207,14.991691280656623,-0.11774649928266065,0.2518915220830048,0.135964687729376,58.829772772672236,-8.75868450111256,0.8415368426081858,-0.245198279533258,-1.2093733605712704,0.16952031773009643
38.0,32.64564982139442,18.572659263522223,15.041122117986625,-0.08887697514101534,0.21383006469475138,0.12773115210058555,58.82791637398647,-10.868787091799605,0.9762206555773323,-0.2445276649795711,-1.178454779925667,0.17774779289047427
38.800000000000004,32.54731250583437,18.766699299888934,14.781398127627483,-0.09052828271430516,0.21520577589081605,0.09629752815791004,58.64659652885776,-11.759100869753764,0.9348447457048472,-0.24829599209522205,-1.0031441011919175,0.17490829148862938
39.0,32.49563003131003,18.819934933468122,14.838830138450298,-0.09350901824027191,0.2149876255123655,0.09832827250629485,58.354143970938935,-12.160394519471392,1.056055128910808,-0.3032214981818625,-1.0004784259535815,0.1845315651456869
40.0,32.47924911236774,18.948006224826035,14.800633677357217,-0.08736784517073433,0.2097661471354905,0.09097991720028427,58.33653431953182,-12.984884595668836,0.9317335445478494,-0.24711383898133277,-0.7391686759664882,0.17018425082297223
40.2,32.45158573138562,18.99899600148174,14.71262923290085,-0.08796774606386416,0.21028912644280348,0.08186391746183022,58.291256840835715,-13.131937693474129,0.9231328592945461,-0.24526420466834056,-0.6868995182331583,0.16955243047899238
40.62965154858374,32.97745985353058,19.326874617570034,15.052956086027166,-0.0504147508293067,0.22492860956274427,0.11527004925911721,57.58604945159479,-13.635847201643704,0.6057031379022739,-0.41400859623578457,-0.6270006740417937,0.1372245413612862
41.0,32.861118986818184,19.065392424180033,15.022987913652662,-0.057513083817921654,0.19900428810351603,0.11139150251044494,57.42242481252932,-14.674892743281635,0.48443064095090366,-0.4088600464216466,-0.6909197085877543,0.12446531255331261
41.02986005323568,32.674812337379926,19.38792034698698,15.091653059826813,-0.07298598836851136,0.22435143473277444,0.12033604832880403,57.74790584157556,-15.146559295408458,0.4076864788558161,-0.2880604522615905,-0.8436168496259172,0.11403047441397539
42.0,32.4650172662883,19.4085302032301,15.198537572847655,-0.08318121552501317,0.2095941123145952,0.11955273576299391,57.137734451214044,-16.21481445110569,0.5149476985283047,-0.34452817071542907,-0.6693111701356409,0.11985681392078996
43.0,32.40655038043783,19.390013865309736,15.237470644781462,-0.08068039209004195,0.19279287604105227,0.1138897436764208,56.726703219794025,-17.154512185057495,0.5163263310515195,-0.3551415914149946,-0.4804424333755075,0.11833567308941415
43.430800332454154,32.69723717705181,19.761152322183275,15.186869719826364,-0.05772132723626954,0.21164608077260938,0.10393931941447579,56.189747342119524,-17.629678676329082,0.6468087560359109,-0.4685041302657421,-0.4490347433189026,0.12854629821857314
43.800000000000004,32.672425050416734,19.843337315379443,15.113312368499832,-0.05788204809496713,0.21181893093083085,0.09528088464316685,56.01598618265844,-17.777164303625714,0.6206409084658807,-0.46880113327407114,-0.35073041406484023,0.12650902605548403
43.830900645917254,32.687421389609426,19.824368938147263,15.108646870246432,-0.05657594101834623,0.2093789000718629,0.09433235625490104,55.95889034772426,-17.71133901452031,0.6356897161011585,-0.48309469670007243,-0.3159831592679146,0.12827728231480753
44.0,32.25744327262093,19.533701217884605,15.136863971986356,-0.08658801060683192,0.18672915473014773,0.0953678251226425,55.14704167831336,-18.294698769815295,0.6839653852516188,-0.6239937583965118,-0.36874980061485396,0.13038224238173765
44.6,32.20460189676399,19.646911616861576,15.17271717416126,-0.08663424831260373,0.186793106905222,0.09370801496262592,54.77076131419569,-18.468428490398296,0.7503051782264502,-0.6301801813236565,-0.20735729706576914,0.1347475201338076
44.831075362861526,32.174905233657675,19.705102276974223,15.197995993638619,-0.08740537790198741,0.1886334780198395,0.09425130843481343,54.656014405332456,-18.578010578117393,0.7743354117747431,-0.6201332824529618,-0.1688009681740749,0.13543602618717998
45.0,32.19456515312609,19.73693580838574,15.147457435305833,-0.08502123579373559,0.18864276083403145,0.09029439316324889,54.60784701836605,-18.574363263879945,0.6800859719030777,-0.60931985362806,-0.11610816931151717,0.1276950303376742
45.83113776890465,32.29241598677849,19.935212931825983,15.339160993644512,-0.07315745221399364,0.19196353865748023,0.10262612139671232,53.86671884146504,-18.669157619963734,0.6641464366908217,-0.6747929818079644,0.09410891616240742,0.12352645826569386
46.0,32.23192295179983,20.069320163736293,15.487111529512383,-0.07698236362782798,0.19924733026237962,0.11122216388318025,53.69967261503934,-18.532071077496518,0.8717580686905267,-0.6820016291223565,0.16317986873255025,0.1396407504016843
46.231130497401004,32.45050948921675,20.23872544572781,15.538900825728296,-0.059451591022016,0.20829105399326775,0.1139805231773551,53.25037554537697,-18.645719712513237,0.8783903450744812,-0.7771629131482802,0.18338771595364345,0.13901426928288693
47.0,32.187637578974105,20.168652484006675,15.612507018011907,-0.07382765894044943,0.19293732930123317,0.11308467762810091,52.316588579698916,-18.771844364750173,0.9663741057856197,-0.8462892126108316,0.3433447786114677,0.14279839972936217
47.231030488749006,32.18806222079189,20.259691525198892,15.562059442451892,-0.0720811314535621,0.19643372767381473,0.10481182536537098,52.081937470121005,-18.742438295317594,1.0588678472425594,-0.8618121781377263,0.39153873195073197,0.15001224709104824
48.0,32.10406617828819,20.155289699706977,15.19748560316143,-0.07295622492789786,0.17934797800232025,0.07669346275520453,51.402167375258436,-18.816053836013555,0.5985840689663465,-0.86666921777345,0.5219279239972385,0.11214454711942967
48.400000000000006,32.07598381196985,20.22535199489575,15.315052569267685,-0.07291252442202537,0.17931248555998122,0.08328883261247425,51.05666877381545,-18.58632727707359,0.7066561992398561,-0.864920473151897,0.6342223696260544,0.11913142333267379
48.430755214181865,32.17222680883711,20.274185824493003,15.32384446664565,-0.06405544333063941,0.18342935277480352,0.08411130011148014,50.82605366912239,-18.670317300694837,0.7021860332835881,-0.933625310130499,0.6117520028281397,0.11808729240226945
49.0,31.341768954906783,20.12566907073107,15.21875495043423,-0.1184772259437314,0.17301707531626823,0.07873244328558242,49.44867515488689,-19.472868433289268,0.41211852807029153,-1.060749749243909,0.47939714013007817,0.08860523290894828
49.430397095257064,31.288224210165108,20.2059240802842,15.25430698093146,-0.11868457824852346,0.1736440489528571,0.07896062032257885,48.99808463732672,-19.26117230952994,0.44874151698001413,-1.0619334116098902,0.5780926537312423,0.09060045116597218
50.0,31.175001107775703,20.336208159764436,15.243266103960805,-0.12201068261102826,0.1762571170382852,0.07597755315090428,48.31628318326891,-18.859380713456762,0.4250281405613976,-1.0766387602035663,0.7207346517459255,0.08745521195148893
50.03012697290962,31.14808925067809,20.28236779327924,15.37247076069047,-0.12450017804428563,0.17157091369620353,0.09136466881355236,48.33811033831692,-18.76915805402275,0.33847153307109956,-1.0571385543329315,0.750833736571787,0.07935386626922576
50.6,31.03809664389278,20.47073119676901,15.204188519755755,-0.12763275044645248,0.18090037537875614,0.07674502289562596,47.84365635727852,-18.572045465313167,0.1604908049906176,-1.016168551026941,0.7920779061892451,0.06388630472361075
51.0,30.65143948434954,20.543355901552268,15.321892114185403,-0.15107882708744788,0.18255839811303626,0.08242178311492235,46.87858770327952,-18.311206627156988,0.29117160550993243,-1.1110810949207592,0.8648899487887869,0.07276928775664121
51.02958713900325,30.626123801267283,20.609390630974165,15.020864734199566,-0.15290472491498908,0.18942058290336503,0.06075018063690068,46.903784799834746,-18.45108395626698,0.049672755402903335,-1.0869617881586617,0.7995307315154698,0.05460961123801891
51.400000000000006,30.571822988717347,20.674471537895318,15.164643313970208,-0.1527465612994115,0.18908495872254563,0.07008317218967691,46.500256421258776,-18.135750124973235,0.1575167472881312,-1.0824079595480616,0.8789895776692841,0.06196991996864169
52.0,30.406084109907212,20.84254805228444,15.183340097760006,-0.15811393718215772,0.19353182892911114,0.06943450086953064,45.71360220851218,-17.51709079528135,0.15074808393602956,-1.0974141130686024,1.0107508958224563,0.0604016733316508
52.800000000000004,30.282960556623426,20.98966591036339,15.38347535565521,-0.1578801342465107,0.19302668883198204,0.0810350100211734,44.8391487375096,-16.635413702002758,0.2938779418532228,-1.080519596965606,1.1762726779994628,0.06944975043199109
53.0,30.138074065799426,21.073944679844235,15.395064587763443,-0.1658426704632161,0.19694607885112916,0.08139330922887605,44.319778951128185,-16.382430844094106,0.2878699931438429,-1.135203835915905,1.2169006947003405,0.06898189877116272
53.028190578630735,30.179437644288416,21.010523723268104,15.543874045017217,-0.16232298433035225,0.19161431681656182,0.10176818237663887,44.2331921422371,-16.27764189412257,0.11852292392153815,-1.1522175775492625,1.2482187566372154,0.054214247770562954
53.6,30.089526590974742,21.113539762316492,15.780672958204221,-0.1621262248252326,0.19124486106070612,0.1158925642008576,43.57701796344376,-15.528490911816874,0.2758235936639243,-1.1395849675020664,1.36254164544698,0.06450752460060326
54.0,29.884102143570573,21.09468431396247,15.79045862556781,-0.17201511241102224,0.18456391295682847,0.11409464211346863,42.85746596735848,-15.140089173115335,0.24181806973304937,-1.1778288573329314,1.409184971036517,0.061826946675556375
54.0273481093005,29.89717483088088,21.033218990081284,15.779965756044405,-0.17039000717634298,0.1781305682318362,0.11147386213252754,42.77635017290306,-14.956984022720883,0.26417150537437717,-1.1955477623502258,1.4731833341172464,0.06505445255589314
54.2,29.868624545698488,21.061744767574098,15.838382476932203,-0.17032712336812,0.17797994900188563,0.11464670082111965,42.56961543514881,-14.697861922658559,0.30137499868686873,-1.1923132627284103,1.5076410397812114,0.06741285785779648
55.0,29.744841086711332,21.14401493764214,15.932575867385394,-0.16924234336850963,0.17332754059350935,0.11435051733619067,41.63270892370832,-13.513600675912102,0.36883983276545595,-1.173562912488385,1.647500617097966,0.07159407572683751
55.02642160071664,29.744325828181832,21.132286264926645,15.932614765753861,-0.16888355144868308,0.171771742130102,0.11373167287563553,41.590931866156545,-13.435379718147017,0.3752416259732665,-1.1768738061877413,1.6667066389917116,0.07229549245555804
56.0,29.497003610140833,21.238441721287785,16.160678584104023,-0.17461938692391482,0.16700763663389318,0.11860347084920256,40.18383798903286,-11.907616648761257,0.6729145138644326,-1.205971732197515,1.8095650516953088,0.0927346697687369
56.82457820090507,29.78190726131746,21.368851900424584,16.54826350609884,-0.14334290440001118,0.1662323601897428,0.15454498292815594,38.584278493085606,-10.376808312174468,0.47374114687235813,-1.3594210668064728,1.9460138540215042,0.07200400434611176
57.0,28.982043396647324,21.41888445839368,16.587795118553405,-0.2007085118266796,0.16901052128953648,0.15599835016298125,37.241742716877546,-10.014859859205638,0.49932241133754424,-1.5363996651478777,1.9769808036118188,0.07336746673082704
57.400000000000006,28.90610984365557,21.47462837828283,16.91593138237857,-0.20041004388064973,0.16834825341111073,0.17729923458763164,36.625637046012685,-9.208173581041661,0.7077851295618437,-1.5403320735722923,2.0382776527817645,0.08625868964613202
57.82347985031165,28.809286934494597,21.649562229392313,17.044239506921656,-0.20160156485232372,0.17830656933574746,0.18565678700118546,36.045211425601245,-8.675526397018512,0.6820304997116634,-1.5201814082577618,1.9741682559037232,0.08014706405825296
58.0,28.894900127009052,21.986998651591485,17.121187703276316,-0.19348842147991424,0.20196876299042352,0.18989403937869762,36.009780634459375,-7.93735226696914,0.7279263558285042,-1.4733408771915069,2.0509928457153412,0.0829261077764642
58.62257593605359,28.76750464231763,22.18691315500055,17.27558340620996,-0.19406754897501227,0.20928406618807996,0.19582538625336093,35.129417039263274,-6.874588204740852,0.742871023547627,-1.4593749858971956,2.0342521868697436,0.0806776603753443
59.0,28.714420981408438,22.030880002038675,17.27792392688855,-0.19203765254084978,0.1909529643877963,0.1899545132455083,34.5805814164395,-6.380882442771103,0.7101932311892818,-1.462740015395549,2.031690407472816,0.07751964022551938
59.62142863077104,28.60805241193933,22.232428451974943,17.43971605431265,-0.19092260231108754,0.19999180713343387,0.19800091019982707,33.676579399634754,-5.428873020566606,0.7177758266503417,-1.455667542020337,1.952395290191351,0.07359036054767562
60.0,28.604014006519964,22.149482402837275,17.38554069204693,-0.18568324456291593,0.18769848028280467,0.18947865295893546,33.27238889192189,-4.840073575144073,0.5887861683230398,-1.42577957230542,1.9515484774106018,0.06379454745223237
61.0,28.5888417354613,22.037434818168418,17.582615503445904,-0.17237815360088174,0.1641465228221326,0.18606733699126315,32.46021250419879,-3.2704340452273417,0.7881222809889036,-1.290829361390442,1.9221652190569873,0.0761111168821644
61.400000000000006,28.5048127351864,22.174873575091162,17.20697324120888,-0.17338618303684758,0.16875282497252114,0.15084996350533905,31.955814508919758,-2.5553018021579676,0.6010585813067821,-1.2765111892389969,1.9128904553789723,0.06408983711885616
61.61914721466579,28.475889080579044,22.232898933841998,17.24661964025695,-0.17269847304714955,0.17095358562694038,0.15240962259256385,31.669116710155585,-2.213157196953815,0.6069729334664308,-1.2713593360421,1.8838026738775453,0.06348071692176245
61.8189248056357,28.506061434066428,22.27282112335008,17.28520388235513,-0.16814930386692364,0.17124272516126518,0.1532605262020803,31.328063676700463,-1.8420303393709514,0.6115160568327647,-1.2902903456344432,1.8819248053152227,0.06352647715232473
62.0,28.55113987178585,21.97912462639283,17.233342919893943,-0.16200224212209297,0.14596099957982994,0.14703875674721983,31.18810767037004,-1.8844166690567008,0.5366273708508478,-1.2739932606111468,1.8266673921938819,0.05809289935667894
62.41826868500206,28.483447159484424,22.013677432835113,17.261650696272174,-0.16214188777751384,0.14252468488553455,0.1417464990915716,30.654344365746766,-0.993888743646312,0.5915462420737119,-1.262745230013716,1.8698379161641487,0.061794539266357286
62.61805428215129,28.522094124821294,22.149945979845928,17.141762882471355,-0.1560785306480193,0.14989657678286436,0.12422853344661425,30.25232790273299,-0.7442228040272698,0.7256584857366289,-1.3060711975470198,1.8286130578574764,0.07267509962466259
63.0,28.311206110934677,22.518669747497572,17.151030797498727,-0.1679324976819379,0.17161729126015007,0.11695467047541665,29.565099341937426,0.647165321848818,0.8589949966904499,-1.3250809295129005,1.979587239132157,0.08278866630322367
63.617022818955874,28.209424702063018,22.61886238638024,17.171753640365772,-0.16813164744400264,0.170027665442779,0.1112347055323494,28.760698418865207,1.9510490179635098,0.9019211530525731,-1.3070590861120097,2.0032352708486094,0.08517505119831317
64.0,28.099750233385652,22.26069320522186,17.15729991742771,-0.17041583056842757,0.13725724449715435,0.10487469595088364,28.193488360708553,2.2122051017752065,0.9001491692939408,-1.3144607872149525,1.9232281615195363,0.08451719371212724
65.0,27.975813137058356,22.63367866719506,17.444492959743663,-0.16774941070729127,0.15510894067009237,0.11698924567561893,26.98108273804162,4.41611667008416,1.1843884577456276,-1.2666960823107252,1.9261427622855034,0.10078417587925578
66.0,27.668605099618315,22.77255830719236,17.363668706541283,-0.17695019784021987,0.15441281045621963,0.10630101589730567,25.411619284879414,6.315329585789446,1.0390666228251741,-1.2990674235381612,1.866427208668098,0.08680869631726781
67.0,27.603931139930214,22.956202063460562,17.499039151616227,-0.1697055325314349,0.1563268361937652,0.10792002062239041,24.489414638236244,8.21124317597965,1.16116904386915,-1.190669279383096,1.801200566803394,0.091488233101747
68.0,27.182947198411604,23.02835134339673,16.99190017929477,-0.18598662168044391,0.14989752477430296,0.06406422012152269,22.055627849184837,9.504420355494863,0.8066080106672444,-1.4201200984794773,1.610334675167239,0.06624518233557616
68.01377551125726,27.66613523415547,22.803809041438083,17.095403691042407,-0.1470262887954962,0.1325022458445107,0.07522341010317371,21.384585200433673,9.803154673061488,0.7441986835254664,-1.6325559862629118,1.7091211490365603,0.0598503388495996
68.21369338856223,27.481574289556068,22.771263457828827,17.22568459231751,-0.16043522527212592,0.12864539351695348,0.0903817083984902,21.331461049346725,10.186672337656034,0.6875863753524905,-1.5429859468322575,1.697547698632547,0.053607776985876675
68.41361763332137,27.41622224623565,22.751092906613685,17.13046572834344,-0.16334185199676116,0.12393454953272888,0.07511050371294281,21.078463875060564,10.668334391805374,0.7664916959442842,-1.5258719562642402,1.7284652555113311,0.06053818801053132
68.81348524475256,27.336187935540792,22.787415542296657,17.20895705469669,-0.16655460116929854,0.12325431398111047,0.08198625921510401,20.626962411312313,11.353766979383986,0.7618248115104921,-1.465792523785243,1.683623935374663,0.058719749835319156
69.0,27.144447877360506,23.028329866199954,17.039956930903646,-0.17866521918950698,0.14048662382974955,0.0717066013234176,20.185500850222205,11.904573090590244,0.5826592173075666,-1.4845801697109184,1.692526179542803,0.04599005268501475
70.0,27.010459220977186,23.168159051146436,17.066516417074638,-0.17538155869074656,0.14043076675605115,0.06904972145629916,18.76254748897087,13.539709758025364,0.5808562317472697,-1.4601066214421847,1.574884719750607,0.04344709956646255
71.0,26.951016234339335,22.77604590059883,16.73409592193751,-0.16702557275020496,0.09992389391511451,0.04482782858371146,17.420160386908023,14.24038558876723,0.1516832179812262,-1.4249036196084666,1.2993667244270726,0.013851736308616771
72.0,26.82465855907344,22.616166328701034,16.81937894735621,-0.16422406306695614,0.0802661183027619,0.04599612487046384,16.042831653278242,14.970167707491196,0.19364133551132331,-1.3928706155650075,1.0415408909176107,0.015968977214836352
73.0,26.616297230850055,22.96524538875601,16.7836275662308,-0.1671117446207014,0.10066025290681892,0.04291949332047851,14.62638706866046,16.601129151166596,0.1358162650120134,-1.364131445398347,0.992028745747741,0.010096416645994684
73.4,26.55333694662216,23.013912514041618,16.987374427521587,-0.16683885989725183,0.10109468380715152,0.056788141944534146,14.081679269732776,16.978490280381816,0.2700304370917071,-1.3478924886577475,0.9194374071609059,0.017249917571202866
74.0,26.4449665075807,23.01733322986313,16.963187077502152,-0.1675625806985015,0.09656773801748869,0.05417737737953061,13.215001475563534,17.26373338928477,0.1928626305632474,-1.3352115151666455,0.7603992279054175,0.011738184193053827
74.81404321247086,26.2750062865216,23.071150463074805,17.02081695005998,-0.17025048121700018,0.09466166697439783,0.05631213040464219,12.213076779414234,17.862860956113128,0.1929987470720943,-1.2721501832522994,0.6147410356733176,0.010838813842889539
75.0,26.403234317893574,23.275021811661684,16.93935993719172,-0.157651583763559,0.10946203075645779,0.048184143598929016,12.271590670738592,18.225438381780325,0.1591941706682173,-1.212039069932485,0.614659280955251,0.008903821635370747
75.01411688167147,26.414951879698503,23.239282271038448,16.933800277697642,-0.15639070193182422,0.10649659735761942,0.047514294896535705,12.228739636741341,18.28546630613701,0.1624442641027394,-1.2202773541671883,0.6301142011124014,0.008988841084714854
75.21419227469309,26.354535303992385,23.246464059244957,16.904786268041423,-0.15863486063272456,0.10565006880895518,0.04255667063011039,12.024733817583327,18.418119633009173,0.18725455281198244,-1.1953309761010724,0.5948485356372085,0.011374384476604011
75.41426924762276,26.31181952770617,23.262478119922207,16.898234188776716,-0.1594958475316543,0.10533485207938173,0.04055575104717022,11.804226080629535,18.538136092022356,0.19859966647223493,-1.1760087767513119,0.5583140619488606,0.012270072659485551
76.0,26.120682505907673,23.219720907941408,16.868257778021512,-0.16713116326721744,0.09735180344818126,0.03744120266233308,11.013526517706048,18.71134543651372,0.1543310626859364,-1.1491348602262805,0.42868840731922553,0.009615585363881603
76.61475701235129,25.998577332684917,23.257916295149283,16.942180958217985,-0.16897689544664213,0.09388375604750257,0.0446484841100737,10.383989781350586,19.08940565523863,0.12959275151794877,-1.078294799594608,0.36932844718114827,0.005994162700624529
76.81484155827712,25.932304053841126,23.277480305928766,17.011821914512563,-0.17224849614820295,0.09402900695934124,0.05401330577849024,10.297012150422795,19.14690505140391,0.0969040706528285,-1.0127586193758908,0.3256514862469109,0.002426982528448814
77.0,25.565473224486748,23.384301642873126,17.025898386722133,-0.1985624055101473,0.10131577667982535,0.055178629354338746,9.718950840131836,19.292346995380164,0.0910203745519711,-1.0497028960821897,0.29991733392159226,0.001596671252771308
77.41509884869821,25.409296958680102,23.410005770709443,16.915582077461764,-0.20637176114085373,0.09937341098583881,0.03202716792172733,9.561742600336705,19.479262080355458,0.16248518127061057,-0.9016421426000334,0.25546685455552803,0.010004539176701337
77.60000000000001,25.370720522968153,23.42834621589607,17.051501477240652,-0.20640853687065783,0.09931364236793683,0.04062420070329587,9.398742936218317,19.52385543239371,0.28325866542346284,-0.8791840841079502,0.22262805733783098,0.01727304853226809
77.81527265898005,25.353630849785667,23.450709025144043,16.99379922856988,-0.20307128926611434,0.09965689059682206,0.027998209510782218,9.054496908100312,19.552722411568062,0.3387998269069668,-0.9144133818668109,0.1807048911097138,0.023089271495177227
78.0,25.33245657798023,23.555053401547124,16.798705190351406,-0.20183975267339235,0.10636879149825415,0.016893807912532487,8.907485143981184,19.679780277458974,0.1297306472007895,-0.8900489010135296,0.16131882715759868,0.009149829786352622
78.01536005519796,25.321490628907977,23.55504123097194,16.787879117875583,-0.20270434321634184,0.10615668996495423,0.01467575749845498,8.919212301614863,19.689124269019818,0.13758588952764453,-0.8772834887626245,0.161640645977303,0.010042909915812609
78.2,25.284220852169977,23.574683414588975,16.760317822898823,-0.20269087323825344,0.10617190875064138,0.012669408292126007,8.75877592411827,19.71595332082716,0.11149245888654126,-0.8557147519593867,0.12972627863872485,0.008238870241770915
79.0,25.36479327663089,23.852296316634508,16.71092864424844,-0.18394982498985518,0.12072475899654679,0.009728207668058066,8.422502320685217,20.010031660222612,0.044758148533158015,-0.7062321799549178,0.03143802661593197,0.003310204513294243
80.0,24.9570833568505,23.966902147979642,16.86822197615502,-0.20111015320465087,0.12046035133364727,0.016988089739775045,7.447305038816401,19.94463156358188,0.220619014007289,-0.6242423665112978,-0.1311748133855419,0.014145157796201867
80.01624246874835,24.97897224850785,23.974779154558444,16.882465197559775,-0.19840872291790165,0.12120230509439953,0.020317121519165655,7.36110134592029,19.92227431678498,0.21110327837122578,-0.653492041646538,-0.14215477094825743,0.012825319953426291
81.0,24.613413518770166,24.229287698555588,16.830182695825343,-0.21167861736809898,0.13141823021078627,0.015354536748643847,6.529057092332658,19.9749503095432,0.15837256766923513,-0.5599285876268792,-0.2354578400017335,0.008486671027956007
82.0,24.449178915595798,24.210977024585844,16.742463449277025,-0.20797554665419907,0.12016825878046271,0.010535222584710409,6.161583408965528,19.299642765444347,0.04726503625522696,-0.389434031600113,-0.43733139463955584,0.0010143416746310075
82.41731451478462,24.609591593561042,24.348727991181004,16.787201406299996,-0.18534516816608593,0.12844889814516613,0.02337370552796832,5.379127908787724,18.90130452937984,0.02193432335000853,-0.5545642926974969,-0.5657952265543378,-0.0042778912512260224
83.0,24.414539489821532,24.46654727433016,16.98611170440728,-0.19227846106216634,0.1317155073974647,0.03112539867864719,4.8781394814843555,18.738250757024165,0.2582241634643244,-0.5209302683138032,-0.6001546623319546,0.01140136761836
83.21768103277371,24.555046522227997,24.471750362171797,16.754729880703852,-0.1781173831759824,0.12972383241527763,-0.00281514678154492,4.500339168676631,18.64551081589063,0.3625923642300902,-0.5849760688486176,-0.6147780919906175,0.02275301055817236
84.0,24.574405803433542,24.587025217276317,16.849873496483283,-0.165670081414013,0.1306862359064738,0.002536779631741269,4.297441873320741,18.15266199053006,0.48357352906460804,-0.46122849286524337,-0.6955295680454675,0.029564356577853605
84.60000000000001,24.483512410433168,24.66780953700009,16.62281944841936,-0.1652050445930026,0.1308528327058877,-0.01461811856532235,4.039619658976919,17.717528592596143,0.32222641801162055,-0.3877909984234995,-0.7520850061470139,0.01904412058995207
85.0,24.47504195082861,24.790673996349025,16.429721898148514,-0.16056446108773723,0.1364699476930978,-0.023157039173144434,4.009344554546861,17.52789342053072,0.09605682216911479,-0.3180830311153832,-0.7649141106087423,0.00366456804330767
86.0,24.205925044219523,24.700780475871145,16.466676992975845,-0.16924711677177892,0.11866973780240482,-0.02050080257093264,3.4912268522114838,16.273824146007946,0.18175702727848475,-0.23646205662134775,-0.9188968681041639,0.010539064528673366
86.2,24.171502742952836,24.724355362402726,16.475127669248653,-0.1692769673777624,0.11866011934649179,-0.01953561081151991,3.4465892267959597,16.088804910091973,0.19249232383942977,-0.210374075483803,-0.931553406846231,0.01081423924529556
86.21916605817455,24.027745668876285,24.959417706256716,16.500645588047576,-0.18082592680323706,0.13711065215041,-0.01575040599808815,3.6566827871828527,15.699610777321034,0.17540767697216963,-0.1290291307479244,-1.0627959726693796,0.010713147101967403
86.81949439995003,24.293056158288536,25.225807839133164,16.770988844102522,-0.14981647746315457,0.15221955621493852,0.028735841132705303,2.677991557474066,14.660782641869535,-0.05109774008635362,-0.3425123120901739,-1.247289095312608,-0.0126152943124611
87.0,24.183641820890482,24.90692852865735,16.742273360055382,-0.15651761355071286,0.1251374337448956,0.025993452831162625,2.5350690447317024,13.988095083109014,-0.0790966303482511,-0.33074548574041945,-1.3321884193985702,-0.013723081161484386
87.21972065514845,24.23050663002506,24.97695164710978,16.794296017033957,-0.1495655353107003,0.12881473281485767,0.03333307520838955,2.3004228503746145,13.616151097105218,-0.11625857891868147,-0.3666831812197026,-1.3840593762852857,-0.017682912900459733
87.60000000000001,24.17306688030957,25.02567494729172,16.818895287534424,-0.14960155562016872,0.1287948821632531,0.03419684230250358,2.169023542749083,13.083217838623828,-0.11370930587674669,-0.3273872909942576,-1.4197681702971563,-0.017520948400734884
87.82007178420301,24.161402126106843,25.06209731326073,16.78849430930212,-0.14803217085772055,0.12941246874112486,0.028114111712978222,2.0637241440714416,12.751821381712682,-0.08190818883963571,-0.31605757339206547,-1.4450736087455502,-0.014345776821808516
88.0,24.09943541007081,25.080348950251384,16.830298780093106,-0.15079260328750205,0.1290150797652024,0.029927242286336534,1.9642803289516533,12.483581587702963,-0.04049769785703809,-0.3036876684536196,-1.4614839830666784,-0.011272387075957686
88.2,24.069062755891835,25.106044476502852,16.842853710065924,-0.15080489510738768,0.1290075012886679,0.03039457395646775,1.9057387233081746,12.189710595261099,-0.03730388499809253,-0.2827111082871184,-1.4777827978839588,-0.01093026437940491
88.4,24.039250790819974,25.13202293720022,16.838178787777885,-0.15078493020370626,0.12901985215640055,0.02962252331424436,1.851136618782411,11.89246607840332,-0.04833253641532512,-0.2612050132120176,-1.4932184127893027,-0.011563045752713235
88.82069005062066,23.979428813206656,25.189896302334898,16.853889704730246,-0.1502725341447492,0.12946732379009562,0.030342596547019034,1.7239885616927293,11.240650744857689,-0.05717842358492233,-0.22573429810488924,-1.5307109210973255,-0.011840932710159652
89.0,23.878927894778275,25.106294317342982,16.821635199363715,-0.1560360512328669,0.1212620616866696,0.027868569339884134,1.608530606660695,10.828318297573365,-0.09817661082397708,-0.21510169379319882,-1.5645339416813577,-0.014414766846997967
89.82135111378908,23.76855682811109,25.24164421980834,16.973379041109354,-0.15211589654898952,0.12609581154229613,0.04032155798146666,1.2244569741150384,9.327735074388007,-0.03836944083076233,-0.2155402934042305,-1.688543993793949,-0.01164423324531503
90.0,23.8076444478483,25.227014623032574,16.99608199124722,-0.14713093799533603,0.12330691111178,0.041357068125245,1.286390635526915,8.94709803897634,-0.022494656858619524,-0.18011909927485148,-1.7144678576242112,-0.010423208392602148
90.02148847773033,23.832150603633092,25.25823592378043,16.93966038263514,-0.1451509019619642,0.12562850864339073,0.03170564497693645,1.252070314717687,8.864668875058582,0.03659212185588025,-0.18791231583898663,-1.7329139461222414,-0.004937360405059029
90.62191066830842,23.761651221894454,25.367784810641385,16.981428566428285,-0.14131744297791177,0.13045105332259538,0.03741199433178749,0.9416776703532723,7.637972328064641,0.011348520652253096,-0.20955559612539082,-1.8359287427137996,-0.007211050802904337
91.0,24.018047170604536,25.448414224090413,16.97318274866413,-0.11752049396295981,0.1330131357726627,0.037951862351382336,1.270944778769707,6.94374558095725,-0.038972073717802445,-0.11379460733781661,-1.8593895015719961,-0.0097625004121615
91.42249628548647,23.954120475232212,25.470296993180987,16.980130737358408,-0.120511433701271,0.12850217141509476,0.03493640047803804,1.378799193919873,6.297206698023854,-0.03559873013974059,-0.013920447541772539,-1.8210504890905799,-0.008469334576387662
92.0,24.000465996412125,25.54678532518179,16.88559899693529,-0.11159325394936594,0.12885886601219057,0.029760120045887323,1.5757012962774881,5.2221644389286315,-0.19792866168438905,0.08269220714534399,-1.8410453328667278,-0.01917041842499992
92.02295136339359,23.97532597854022,25.57069916729233,16.89355007385837,-0.11360867113026414,0.13066742895948846,0.030853231181501142,1.6148630676214253,5.142806558982545,-0.20309255066677392,0.09943245453948474,-1.854535986542582,-0.01962694225891745
92.22310585095778,24.00752575570433,25.537714852254673,16.89195456254534,-0.10853471111300443,0.12553277726920087,0.029690208771696404,1.5313130512672222,4.887893117830563,-0.20305949857029268,0.08414387959094569,-1.8183076170860368,-0.01999148621969437
93.0,23.93962710521521,25.752212541396197,16.89160161189928,-0.10722957089440574,0.13442220771941876,0.0284612341808973,1.654367220110851,3.6312551074239883,-0.24706366120230167,0.17941126687939582,-1.7941246246209623,-0.022381285772753206
93.42405835835821,23.933128333043914,25.875405490403043,16.947454182704337,-0.10138602180894302,0.14268277421602474,0.03673850520301511,1.501889853043083,2.625981932842192,-0.28356401372252266,0.14027250197834074,-1.8826676709798142,-0.026363313868761642
93.62422079587546,23.918284606230486,25.914190704954574,16.961241378007255,-0.10049809491697433,0.14402717216891464,0.03799358229753444,1.4905542065773771,2.2043671984945408,-0.29290611633816904,0.14644582513615997,-1.8983858632150779,-0.02723797897832335
94.0,23.774025918743824,25.655711947312543,16.935953758955044,-0.10926395089309045,0.11998680585279825,0.033995759770448386,1.4721587284946294,1.0902387107851064,-0.3265165806696703,0.18492354412226158,-1.9529038049588792,-0.028700348528453726
94.4,23.738122435130958,25.711015630155764,16.76358606781305,-0.10875350599694526,0.12049377255585467,0.019391950304821794,1.5479358985474425,0.3030346531605028,-0.47773878558015914,0.2268043799637461,-1.9497363834243568,-0.03736746784339769
95.0,23.560996952164913,25.459442307604856,16.588816853166183,-0.1177747700970608,0.09602295839315839,0.007797441725993427,1.6442693779550541,-1.3333152716296168,-0.7043194606497685,0.2956756222811572,-2.010831382483119,-0.05211422738909626
95.2,23.517551927409002,25.459489434742245,16.971999878976785,-0.11907739907492919,0.09472508726083789,0.038397726311715244,1.7206194781801818,-1.7190996414453663,-0.4462724116493146,0.32199011735673955,-2.001171147138582,-0.035908377400229785
95.42571271262543,23.62654503498293,25.420705415564715,16.901255253345276,-0.10752894839668885,0.08944607689547371,0.026231784194816775,1.5557501166428895,-2.0419450804322126,-0.3927387730732427,0.2665766778548134,-1.9531738120270554,-0.03137091892920306
96.0,22.913454550152125,25.59009371580729,17.05495961184657,-0.15742973294980012,0.09811167507330815,0.03173602151012454,0.735138393275,-2.949340181276471,-0.23063171464396395,0.16665277428984945,-1.8936695599680629,-0.01973368381175851
96.4265503195699,22.819914015061414,25.581247970698072,17.05431540887775,-0.16027145449004118,0.09283318567844906,0.028889623475773823,0.9083444941531829,-3.613768957854323,-0.22780627339718554,0.23951446571152424,-1.8172063400432612,-0.018257951928803008
97.0,22.959180739669584,25.78024378680076,16.987018455267172,-0.14220285737409077,0.10442637970822571,0.026375927004986782,1.4109176395871394,-4.493155188285844,-0.3675189609886686,0.34753934086021837,-1.7549237811082843,-0.027282653940851595
98.0,22.63150452425678,25.752478897332352,17.0193866161327,-0.1566234069678492,0.09415688778265326,0.025070736871803858,1.4763039250536951,-6.344257103132354,-0.3641266134216113,0.3911723414608097,-1.6766817134628287,-0.02539133109490967
98.4,22.551237297735867,25.769448237227916,17.33736095349912,-0.15772224648781824,0.09285724897777142,0.04990503893172271,1.6505983300192384,-6.992089445257287,-0.1855727596338329,0.4315833584162345,-1.6291432215564496,-0.014047756397013828
98.60000000000001,22.54034906883015,25.812339512013214,16.985377323588146,-0.15644354904049418,0.09437010405818652,0.020714089591704975,1.7265491447621637,-7.332897995379213,-0.4077310457493917,0.4488906669056601,-1.6099206170809672,-0.027062768044021378
99.0,22.43872644234001,25.807095437728456,17.12540458638809,-0.1597549792930555,0.0908116101108715,0.025284061987307992,1.807575797588871,-8.06987529327309,-0.19158752116547834,0.4688672900500504,-1.5797413130839417,-0.010590913773545665
99.4,22.378814717379456,25.848230567937755,17.074314349001934,-0.15951062542826894,0.09110532618561869,0.020259784421752063,2.0007812294957836,-8.694541576596253,-0.22930060763450757,0.5067281495249709,-1.5289598666682558,-0.011983706943739549
99.80000000000001,22.3032153251613,25.870399935003555,17.26460014596171,-0.16022216852242455,0.09025002067960057,0.035268641753745084,2.2175135150755945,-9.285806005750066,-0.13690740693894782,0.5461274678703232,-1.471795697404532,-0.006039084819485128
100.0,22.1976589577593,25.60690770527436,17.331399419715588,-0.1660944342627798,0.06817177242651082,0.03467765887744777,2.425823187422166,-10.475008785194984,0.04450829503091633,0.5942900574057562,-1.618543570696441,0.007358206193659783
100.80000000000001,22.066117593043366,25.663091997227557,17.340392820557657,-0.1660157415060277,0.06826755533320998,0.03310046280404246,2.932873708932987,-11.729409615182814,0.04198843090876723,0.6748732439367154,-1.513844969416362,0.007810094877784023
100.8299796200212,22.072145348492917,25.712744943343257,17.34335230360856,-0.16504815283989488,0.072038274684186,0.03366395494142612,2.9201007823878187,-11.863397687098509,0.039051186214790805,0.6669258465246233,-1.5371722550942208,0.007336499324425252
101.0,21.97672986280698,25.769124267832122,17.353333263557886,-0.17156949734333343,0.0764437812940782,0.03359278068710504,2.247080379575939,-11.701166085463067,0.04406928770781761,0.5176301497752254,-1.4326689405370796,0.00707464417474947
101.03011538681329,21.762503344395125,25.907660074986712,17.328867383616515,-0.18669355893805467,0.08570508767312758,0.03006674222038035,2.47572847796911,-11.857319347071815,0.07395046603092556,0.5863818197628927,-1.4597226350395998,0.00999447986194726
101.43037939047314,21.705112648292918,25.98669206601848,17.34997466816255,-0.18518048071326532,0.08963418099506996,0.03166287621146192,2.676318933591201,-12.519532588782033,0.06710241548095995,0.6079349697581823,-1.4328305511578976,0.009003184224214693
102.0,21.237653449769105,25.64100099359988,17.36295514997251,-0.21375587528443007,0.058869465904762865,0.02812180302441449,2.4750817686057487,-13.716118732669026,0.1169509404165866,0.5698907287674666,-1.399356603247805,0.012901717824092822
102.03075530510668,20.904365779762543,25.655879473690607,17.792122052638316,-0.23654306050927054,0.06043503164574779,0.07307159882228792,2.7804138635418942,-13.799051129118531,0.015574609262366396,0.6602134474641428,-1.4073935550560324,0.0027838493103472597
102.23087492444175,20.849659543475944,25.6409653109046,17.7973308592508,-0.237367720334857,0.05746640611044157,0.07141263288964644,2.942318384839231,-14.00016797304937,0.027979203213940207,0.6889645096350658,-1.347119794289441,0.003915642250729293
103.0,20.653974421091913,25.76669533452277,17.991438940957085,-0.23844044756327504,0.06323364408433638,0.07863379429600766,3.449194411693489,-14.910606542281329,0.25200264290986746,0.7468682618747831,-1.2115159721373883,0.019871736965297232
103.60000000000001,20.507537609515044,25.798036640076305,18.124154841587767,-0.2386436672223047,0.06283995530177183,0.08562833565058481,3.9144005120294065,-15.603302215859596,0.31454101810837054,0.7983764940661956,-1.1088537052643925,0.023738624907416867
103.63162475485291,20.672343485902893,25.79272037995317,17.99850837730012,-0.2260525302967915,0.06202986820598013,0.06868412178710033,3.7057539262034176,-15.611207096437589,0.4582466128030412,0.7291145650375382,-1.0961295248057301,0.035007204744004955
104.0,20.47553139645822,25.833112940570587,17.89209920179884,-0.23421166130199408,0.0634823016339315,0.06147345825011192,3.8180038487228964,-15.94881803990066,0.2684797660222061,0.7273586103379941,-1.0219869476941064,0.021324518109260174
104.0318087192184,20.433952112720853,25.716993297527694,17.85654726978998,-0.2382140671955111,0.048161071378665515,0.05454152833309805,3.9702934748920566,-15.567243291254005,0.3146240797594315,0.78577248428664,-0.8448284043047449,0.027695226168796425
104.83213289942509,20.145457081317332,25.808033268966156,17.882072562872544,-0.24613204087120907,0.05210745594736222,0.05224914500276174,4.820600564987837,-16.26077010780455,0.35598260957286854,0.909187701034211,-0.6999206303277286,0.031145784234713775
105.0,20.09025789592874,25.60250462645901,17.798120326721854,-0.24759533810116302,0.03626110803677143,0.04620940257307748,4.970882566562113,-16.64228888638989,0.2374409420035733,0.9257411895607242,-0.7066107473916625,0.022572196291308563
105.43233595484352,20.001392672425787,25.692730258688222,17.850457457376788,-0.2454395594628957,0.046751784379142305,0.05161214751975311,5.289256523555589,-17.282121834269073,0.2130809660117291,0.9254790667581082,-0.7507234242240155,0.018234006353245687
106.0,19.8314800682232,25.497235757255964,17.733198112877254,-0.2482024378760834,0.03014985639557697,0.042255546966858085,5.815737321084283,-17.935490784334355,0.030627917293932577,0.9714238443350037,-0.6782539914321019,0.00449048112880914
107.0,19.283645273355766,25.25353641506025,17.796098298919464,-0.27024696040891927,0.0087502702675707,0.04114543625452024,6.2285405817138875,-18.840197987705878,0.09432116494155553,0.9320857178580146,-0.5304981713840208,0.009235002069413184
107.63276523513517,19.25312223572482,25.21637058190925,17.80612713439383,-0.2590128147698952,0.005414118928701583,0.03927239159298905,6.5862091269572405,-19.068625865032942,0.1082889834759407,0.8916032714596865,-0.3896218185597531,0.009575121515664881
108.0,19.034543670647988,25.27575649477462,17.632216049357236,-0.2675759339539947,0.009671106954503846,0.02829427140500747,6.709143101316104,-19.082003965101816,-0.1361763391852182,0.868730344680893,-0.29798562736157236,-0.0074558343879614995
108.43279251814364,19.041831863558485,25.20715805565454,17.70776907047704,-0.25756279294109713,0.004174293087142989,0.035417363813354134,6.884979819665699,-19.096215688600893,-0.17271061455748596,0.8198644605021592,-0.18347472088804043,-0.010882602474827429
109.0,18.744212022351167,25.44221857701271,17.76710702573563,-0.2677216670612979,0.020860303005627554,0.03762821283140544,7.128446643462555,-18.71436433860253,-0.11204326340141198,0.7919316797175051,0.015119484889041995,-0.005759391944451578
109.03276661994137,18.797564645896855,25.707991866070454,17.861221384850598,-0.26262725293098194,0.045454272600057626,0.049214454652139535,7.0411644525634145,-19.210581044524126,-0.16641461881064118,0.750182492735005,-0.15955892087030893,-0.013723660598651483
109.2,18.752165255028235,25.710731402417803,17.94879613349447,-0.2627269528087122,0.04515440859344665,0.05532699265894302,7.167463629181161,-19.231872482019366,-0.11640770294750083,0.7516473754487439,-0.12864879237191318,-0.010859901775704455
109.80000000000001,18.596403606901454,25.74407635827245,17.878353440716886,-0.2626008401183135,0.04553388027564031,0.047321905474286524,7.618387436041798,-19.280941937773665,-0.1899490023216678,0.7545286722597597,-0.021743060562418794,-0.015539657279919083
110.0,18.78653210358587,25.85887244420372,17.948703105140876,-0.24523336096595957,0.054276799135795285,0.05145051379883728,8.224940984401977,-19.193042246693746,-0.11264493103968361,0.8377599529027542,0.022175812138953595,-0.009905605851660313
111.0,18.623720523444515,25.943869060374723,18.185113518731377,-0.2395265240143776,0.05652525620100449,0.06078701264220189,9.260070616495355,-19.091175701209902,0.15799981911051797,0.8810420380687572,0.19493019361973937,0.009581454171111612
111.23233121516779,18.330638455067902,26.12156970342223,17.6928303715534,-0.2583479897476663,0.06820203857481333,0.015747229375366895,9.801315367621752,-19.204656900061135,0.05543969521173589,0.9902195262177645,0.18701094482353026,0.005995699081594216
111.83212124334752,18.16273211444524,26.04761617639141,17.671815560693428,-0.25917513138544684,0.05764761616767946,0.011266485865725807,10.435080738326146,-18.75433635597339,0.09170125832178624,1.0135013285370558,0.38850411474779345,0.009938212649686123
112.0,18.309058732670884,25.919178152866422,17.694492492995842,-0.24599213331471315,0.0474031121633051,0.01186666584082737,10.968675336445225,-18.879599892685597,0.1344675497733962,1.0835206760478189,0.38921335282573866,0.012707802571983538
112.43187360761222,18.5119791617127,25.864842371081384,17.743652043209195,-0.2218154712279588,0.041902253448517085,0.01714672209237017,10.983755871239149,-18.60323666071948,0.1061798134671565,0.9506202158644115,0.48493092684993055,0.009738195966217113
112.83168815566916,18.27237804324032,25.877161345727444,17.82445148004233,-0.23378201280722313,0.0418648622125765,0.02601795181636625,11.632712954971502,-18.411475482701846,0.05782731925851773,1.031382230500336,0.5488472025018609,0.005138886149749043
113.0,18.257199486935473,25.81536680253636,17.700112577943017,-0.23215527576687872,0.03679249203452497,0.01846932782871528,11.841867379265848,-18.399586761356737,-0.10249681544438699,1.038983806334382,0.5629991226544641,-0.006087517752154028
113.03158946852159,18.24821458826734,25.80186491785398,17.694853964419718,-0.2322550867116358,0.03535826410798959,0.01764879560740738,11.878270173884166,-18.349854534940764,-0.09820503452027103,1.0407906944593426,0.5809109189376417,-0.005471389905885953
114.0,17.92142278249603,26.01750464911697,17.61948456296383,-0.23902978848446477,0.049049725949763034,0.013250365961477786,12.71346674743336,-17.469431649467666,-0.23216091774129866,1.010470733182385,0.7707554014726931,-0.014677447511252616
114.23091756905171,17.93127684119208,26.02056067351271,17.622786925881986,-0.23363363023290706,0.048352152660448004,0.013275410134878159,12.844164639890383,-17.272464065083216,-0.23594523691706412,0.974771775758892,0.8102192458330132,-0.01447881435000898
114.63066482193825,17.66836202679363,26.109124063661834,17.49480938894916,-0.2484559955662831,0.05388380223850289,-0.002596977941507806,13.594646085404516,-17.053785961525616,-0.16818744783752093,1.0880127300563172,0.8360600747182925,-0.008280728577612157
115.0,17.63340363345439,26.19012960430819,17.425203953683706,-0.24426457636308302,0.05861793175522263,-0.0063645826638768785,14.075852826333207,-16.64719151389215,-0.2507001995734865,1.1016451971427133,0.9022925499048836,-0.013819298675296684
116.0,17.060379365393192,25.81959397822291,17.44935734477756,-0.2682695788884349,0.026169273041291123,-0.0058953550547115536,14.625312095878773,-16.434213689334683,-0.24087458627545758,1.0004208600591884,0.8908343991900372,-0.013878701510389871
116.4,16.951171806281987,25.81777551122326,17.84548740853403,-0.2684585931900404,0.02554143980425915,0.024138974554189698,15.024169652514738,-16.07170689770549,0.02639268484866389,0.9925557300850003,0.9286050119467687,0.002204051804478427
117.0,17.19888051704697,25.90515245012359,17.853978459767255,-0.2400160899545471,0.031600845125962736,0.02435273241014452,16.49788065070625,-15.322013463953365,0.025361413554335084,1.1513362170184587,1.0212576220498686,0.0014543637134841524
117.62839520518902,17.059853436478097,25.544718960505254,17.771659404129288,-0.23825747097248923,-0.0007660229668972479,0.011890076828478756,17.21515243138983,-13.84539442842713,0.0947469385996692,1.1419717339000668,1.3439138516105213,0.009837327646259317
118.0,16.915363659481336,25.5381021930541,17.602965948502675,-0.2420966933494983,-0.001274015974248548,0.003361363255189107,17.474460563389517,-13.32305643969593,-0.13453860341729595,1.102713440574022,1.3875410029133548,-0.005711905233731282
118.42770754494079,16.491060154668162,25.586116057168,17.465025846193342,-0.26756888614559476,0.0023454013764389794,-0.012888723557003512,18.45559169539973,-12.776331254501281,-0.06717949749817209,1.2535580733539513,1.4215496294399788,0.0008284387503837472
119.0,16.555448916979806,25.30965630380783,17.42853894197857,-0.2520726031998079,-0.01871575513812826,-0.015558912914235997,19.53680635601919,-12.323886784810467,-0.08494041746513036,1.3154923322461731,1.4193493361363094,3.538182256055604e-05
119.02717900018366,16.68071105998008,25.315083236492654,17.427823467360565,-0.24160750220132735,-0.018256952584955997,-0.01556614056258025,19.39794604811001,-12.290854824758325,-0.08502124723950295,1.2580182232952235,1.4173663608196805,0.00011649030651578414
119.2,16.65326694466922,25.21818066179388,17.440931610658893,-0.24017331910463618,-0.026750850891118644,-0.017377902177644754,19.595418461228608,-11.855302912712911,-0.010096505287938325,1.2490552689009797,1.5007525943391018,0.006154510587008243
120.0,16.517662216827883,24.514270546951764,17.144006850497323,-0.23665895680067134,-0.07886916106706793,-0.035161031281317034,20.6623123044631,-11.464914027765815,-0.3125578744731663,1.251848417204521,1.4431243346370723,-0.014739747154757918
120.22610691498012,16.4617464073975,24.504011654889855,17.139677018438242,-0.23691851052982685,-0.07803722217411108,-0.034566792638770334,20.94965319505843,-11.159587430909815,-0.31849819242530736,1.2493770118350762,1.4478267403341374,-0.015516642905261259
121.0,16.144429800693775,24.820375311366146,17.258241132744814,-0.24631533965243824,-0.049320512391941906,-0.024784033335014947,21.68789786514549,-9.570952923817906,-0.19175454434979008,1.1905862666072586,1.548803301199164,-0.006616264797431246
121.22521970600657,15.808472033331254,24.740055910096213,17.327626649282376,-0.26913455495026134,-0.05486651349721017,-0.016027614166875183,22.3946620916575,-9.132377424958035,-0.23127782355775148,1.3271056098231133,1.593425522507719,-0.0105161831884476
121.80000000000001,15.655007709902122,24.69458830863478,17.61846429492861,-0.2690978101658826,-0.055704174032271056,0.005309397852928419,23.153859715599683,-8.20155929249159,-0.014029168715703005,1.3171357117097524,1.6169125719932278,0.0022597999596862747
122.0,15.834755833458855,24.459211765131386,17.45363412220531,-0.2523772320546204,-0.0723599190195983,-0.0035775569619113656,23.77494399055513,-8.175757899241306,-0.21354295697473444,1.3763914082411284,1.574226889650481,-0.011720508586930922
122.22436216835888,15.799203585275162,24.404367185449438,17.431508555127728,-0.2502114460103815,-0.07692010064102578,-0.007272990427929681,24.03884387765778,-7.690871343573184,-0.19995283786012957,1.3563720121326233,1.6296703270871653,-0.010027473398673192
122.80000000000001,15.654982661483974,24.361283681841776,17.408413139071783,-0.25022335504972165,-0.07684006928241877,-0.008653935459441677,24.816280441333618,-6.750710484776445,-0.21899271484621902,1.3432801673360353,1.6394651384436203,-0.010956748599757322
122.82387177923626,15.481550095698825,24.236762532925013,17.569211349492452,-0.2644791307184262,-0.08687707276551838,0.012940586572517936,25.234930189925237,-6.4917629497242855,-0.3611587971175962,1.4623472023199902,1.713988283016691,-0.02340974025091034
123.0,15.324338033495627,24.25578616256334,17.68259483473812,-0.27255826611817546,-0.08435172855681039,0.018706510064327376,25.3464147483323,-6.157215034335946,-0.22960392963965345,1.4370509820918984,1.7219283567207733,-0.014524235627059946
123.0237135055783,15.244411613144205,24.145486143401794,17.833487200163727,-0.27871115898042714,-0.09307880836425853,0.03852560129972689,25.49524960190215,-5.983983775298273,-0.34691717938960676,1.475431846450606,1.770179678928765,-0.025135907329477757
123.42340591442645,15.086671836968902,24.05851096300929,17.90928901896557,-0.2829551370343143,-0.09736710919205496,0.04676186702802119,26.19164300300278,-5.188882166719773,-0.40366265711448085,1.5071088873732885,1.8091226015745043,-0.029212421495090273
123.82311155867052,15.019771205750656,24.05177243111385,17.907282074262667,-0.27788735001118703,-0.09419724869177788,0.0438187536583812,26.610631069146798,-4.552443757901463,-0.3993605891123966,1.4424018510604497,1.78281698268267,-0.0275163436253141
124.0,15.244578429475919,23.679747337253378,17.945952066095202,-0.25686100211346297,-0.12341908701828616,0.04013304333278598,27.103425133438943,-4.459232720580222,-0.2855345484780021,1.461526541308014,1.7910931627951459,-0.018138034420355567
124.4,15.143472267968427,23.624983484393166,18.242764017001303,-0.2567742094601898,-0.12375195267807444,0.0597140000494709,27.684751657146517,-3.7395421794263313,-0.05383807824200629,1.452331287347453,1.7909624473382475,-0.0031892909840501842
124.62256864436173,15.100747235971177,23.56571632998641,18.220200235516575,-0.2542311801551034,-0.12824506959181722,0.05326739771819606,27.912674873671083,-3.168480253651675,-0.020417785972474782,1.4116590090089345,1.8536221793257237,0.0003535910124168708
125.0,15.266738964793714,23.89810075639634,18.294322651635877,-0.23560403326989024,-0.09891226804914102,0.057932412309382626,28.81911673353592,-1.9948445868031035,0.03180983011624095,1.465298009891252,1.9209776793289337,0.0038413869308809973
125.4,15.169651863885717,23.86565215186101,18.07682617742169,-0.23581207445127178,-0.09836837040294219,0.04033008872428688,29.407540839840205,-1.235669831102905,-0.1634077819374166,1.4550193185347704,1.9159631183596444,-0.008371774958991135
126.0,14.88125397086657,24.076629310236143,18.16773141778811,-0.2464627555916034,-0.07768196719284834,0.04544607056342734,30.070860451904828,0.26060576718896183,-0.10792747516665335,1.3988395285019033,1.9563247154340049,-0.004829108831381341
126.02179521188134,14.896344020948199,24.05220318463004,18.155603351188322,-0.24377039673764148,-0.08042989718363094,0.04257921590258495,30.029840860969344,0.3759665293635701,-0.09602045394839778,1.36972201872811,1.9854185610222295,-0.0034534270914480508
127.0,14.977779572049467,24.174240808869072,18.209223706208597,-0.22151408547650417,-0.06542435778372457,0.04379418282157637,32.02903146222183,2.716276631566168,-0.08504189306272592,1.452868201914432,2.036961980021009,-0.0028803461964879385
127.22134485871746,14.91574225974626,24.250203425611467,18.084361510181033,-0.22269783130041468,-0.05763498247973298,0.023186252578832077,32.37543877572107,3.0228733311481277,0.008482384118929598,1.4537263240604548,1.9799622550695415,0.006701874491012354
128.0,14.66771400776976,23.92088454110857,18.125446893030414,-0.22825196623650484,-0.07954945189634399,0.023524603953533132,33.38501101949923,4.1471162270310735,0.0485223041912781,1.4015663616393446,1.8765062119895024,0.009498332684644447
128.02116615139622,14.754879480647716,23.852688985683564,18.06624848695041,-0.21818700580149242,-0.08712047721985766,0.012045642799812498,33.173315708932826,4.381042566025479,0.08675747630036135,1.309140369565119,1.9534665098263653,0.014152994468009399
129.0,14.761789027226053,23.94607873589416,18.140993126748217,-0.20188136007374083,-0.07349537132588382,0.01553064258757595,34.811210963707055,6.571998307549257,0.17907467781764513,1.3073207625105132,1.9427592274946206,0.020447262232689632
129.22108852380856,14.69072268022224,23.938944300924703,18.154959020281115,-0.20464028924474317,-0.07233259609766085,0.01769948989949995,35.170057008550266,6.963946948773264,0.17745043896591553,1.3180951508456082,1.9118014704816917,0.02000994487151467
129.62111338940883,14.548307224189443,23.916356389502592,18.180706227471077,-0.21127705723922904,-0.07074795473582284,0.022297879788474164,35.90918405019868,7.645154995139617,0.1733847548946522,1.3665673239118186,1.8468699663242134,0.01878798220325132
130.0,14.310766105285682,24.04039210818891,18.419637477861524,-0.2234350848691705,-0.058989011597088414,0.036431987238503945,36.262014530891946,8.521404664068227,0.42284499797778585,1.3243984826274346,1.8342144637607436,0.035509095569938476
130.2211970306877,14.26320416263369,24.05101663657557,18.15617379414977,-0.2226607652945404,-0.05751515469787789,0.014766660116194093,36.51888497621564,8.914739622250817,0.251349302690145,1.2959955570750092,1.811523454302878,0.025509439954099343
131.0,14.02114208285138,23.97737175738896,18.085126525345558,-0.22795192138280046,-0.05960915428773717,0.011502284143642244,37.34390101761334,10.195876713613117,0.14873986689508617,1.2120029785197763,1.7026625849327608,0.01866997098155541
131.4,13.949153220418653,23.934403808641015,18.29196603561412,-0.22664147691791323,-0.06093796208462632,0.027632831791588597,37.80296464249531,10.883077336849407,0.2771736029234947,1.1755595343386958,1.65559218523718,0.025700822606012735
132.0,13.837768074233834,24.040702155251328,18.30948555605649,-0.22456727972822801,-0.0495025810230674,0.028804300139990927,38.75464289990022,12.382196661863063,0.2660864846017977,1.1798393345942693,1.6776180745236835,0.023812367539170154
133.0,13.553044175352253,24.1137608650716,18.414694828400336,-0.22848914470882775,-0.039358303369942144,0.03354021419922101,40.04422064641526,14.531115692605109,0.36326085159031984,1.1300550645171763,1.6437734902480283,0.02949376290708797
134.0,13.334920076239076,24.07051111019352,18.563451731554025,-0.22759304640550473,-0.04039119828896452,0.03742941147018359,41.1551186103111,15.922597180471053,0.6121662765356884,1.0439638994505211,1.4610204308339478,0.046034628553471346
135.0,13.30389396183595,23.92770172632682,18.516582898925385,-0.21309937967071235,-0.04959383628877009,0.030371117725477972,42.669730145352226,16.677544490874585,0.6687165516756486,1.054345156322721,1.1659258318997123,0.05023702281042723
135.4237751779866,13.077397004836232,24.049376277403653,18.31710415435982,-0.22242267367642057,-0.04012393387822612,0.009925285867623135,43.25333854468746,17.028800950878047,0.7867378160678786,1.05810930540843,1.048001478741761,0.06045753630928221
136.0,12.821662952115542,23.92041910225839,18.23871117940565,-0.23198381772662857,-0.04816583355924842,0.004159716299482396,43.533264949605275,17.47080772074945,0.7563110669507243,0.9474380833736822,0.909512868358339,0.059051006428064365
136.0242137814561,12.586902144633322,23.835068090254676,17.896332174038044,-0.24688297401458673,-0.0547696484044671,-0.025921301898401153,43.718256895702936,17.60047083462735,0.7371006829209108,0.9895931271899464,0.9397171853189766,0.05995365781982453
137.0,12.326757414953299,23.32248898925275,17.804492762706847,-0.2472435051162949,-0.0879917182344533,-0.027197797957665144,44.98362197881985,17.712029933649184,0.5742016333713604,0.976493969473421,0.599055037467387,0.048950205668032064
137.4252848160486,11.665798432262848,23.34261721500903,17.716197501879467,-0.28892177352264753,-0.0811783590137292,-0.022110093902965897,46.17696525909332,17.7361112434537,0.19767586641615206,1.1760991121453863,0.42552828609206084,0.02085278829501908
137.8255983670599,11.628506621257841,23.095377411910075,17.908238050435287,-0.28470731034816654,-0.0986342306261283,0.003170455083277516,46.60783866424252,18.30355468829733,0.049686062649613894,1.1435181601813764,0.4542389461608479,0.006156921309347706
138.0,11.928075242463382,23.020661883508375,17.87139908489863,-0.2584738878360942,-0.10369848532643978,-0.0006597253582102357,47.225505343064036,18.307084900724018,0.011820623989444487,1.1962638811960127,0.4047274892421495,0.004290612664606682
139.0,11.913244096868857,23.001292914431346,17.982302173156352,-0.2409608929095882,-0.09845130104847447,0.004207115542869582,48.743725668643656,18.725164963429766,0.16353471961307192,1.2008549937378676,0.17951225295084566,0.01481726180124895
139.2267035819901,11.920457330854514,22.97145004141939,18.113845340187588,-0.23613982996024677,-0.09845001698125218,0.020211538246958566,48.92584454831459,18.747186609509342,0.09213512609714455,1.1577184286210633,0.11638025589532557,0.00820857714397619
140.0,11.610350350899992,22.787953955263536,18.273735411181146,-0.24477241815561498,-0.10588257802479475,0.02800029846406292,49.59420926964631,18.59041242207021,0.27484231857398156,1.0701933127027645,-0.12094487163863764,0.02249985553438736
140.42764356105465,11.469013539293735,22.53643452166409,18.233961524985403,-0.2494152432950819,-0.12579329175020632,0.022631370814261344,50.17935242811209,18.98893301800284,0.3008161381818028,1.0829318948144457,-0.07918645699907001,0.02177919240809063
140.627798416211,11.45639860177059,22.543251019250356,18.314387226255402,-0.245909513224767,-0.12231724850055066,0.03197899264208194,50.30149950787721,18.871827140937867,0.2686548932503606,1.0397107999620625,-0.16190255780692647,0.019117357526885995
141.0,11.136354456224492,22.81248918066594,18.253799470094737,-0.2626013466410328,-0.0989163906141116,0.02825693298591488,50.235573766005714,19.22323448128579,0.2322162824711876,0.9257561710855253,-0.19166245702480667,0.01681563969627966
142.0,10.840944604884712,22.780102090956117,18.280442449827735,-0.26500450097459244,-0.09410371446718209,0.028226152335736207,51.029092073644904,19.010230866773302,0.2557037139766045,0.8193763315073612,-0.43192440846682345,0.01876050180532963
143.0,10.47567709396775,22.77715910120589,18.225756929041445,-0.2721308759744832,-0.08745225052697446,0.023863149580027235,51.42858504876153,18.63872918588192,0.20704209310002952,0.6444864060665555,-0.6593650293293959,0.016010553349535397
144.0,10.30220044263146,22.688412481555943,18.268824201283884,-0.2651472962770001,-0.08782978800650197,0.025185304593616193,52.6111783174418,17.828734469454126,0.20135501681446116,0.654744567820503,-0.926198299233084,0.016556460507593906
144.23044053919511,10.320181001964366,22.182150444292535,18.44596455420238,-0.2601060795316974,-0.12874673570237244,0.045925462360988004,52.686677279153365,18.37285396320379,0.126356452872181,0.6069084936576145,-0.7403720853617305,0.003703123946356933
144.43057807269057,10.07101886214176,22.144766740435674,18.24269980058232,-0.27550709354066233,-0.12988966970147472,0.02043993066450368,53.08621448256773,18.23497554364633,0.20017579694227522,0.6693698075215597,-0.7819881241665282,0.011885550765693417
145.0,9.926726516425793,22.16217321513243,18.25856109085442,-0.2746538640163679,-0.1231422152253925,0.020793245036716226,53.487584534900186,17.887868189651595,0.2067647211456298,0.6178572004039068,-0.8916797080364562,0.012195469578826248
145.6313826262849,10.001364825627121,22.059830076493874,18.170686082322216,-0.2570674413214795,-0.12481821246544061,0.01140326990638363,53.55683739060294,17.310446195879695,0.2470989946847631,0.46891270955013786,-1.0257923097520596,0.016807347635149943
146.0,10.340927115208933,22.054568759799956,18.206747806613993,-0.22514616968788212,-0.12184318323339566,0.010945506776479694,54.25096572795607,17.021854738426207,0.3356750057247801,0.5062621396473442,-1.0882675213157726,0.022714529641156955
147.0,10.470467870023288,22.10039150805875,18.64370721207579,-0.1996556724462688,-0.10961925963178086,0.035384646423076226,55.18210612839306,16.256988152461513,0.7484376919229645,0.4727688335980873,-1.2205598242635434,0.04626061617976282
147.43252878898357,10.30763975109694,21.711225473416306,18.53277205808506,-0.20635152448528704,-0.13642873501425767,0.020879637293767975,55.50742090169009,16.212118225299143,0.8127499054535012,0.46866649754356676,-1.149162120234842,0.048828580922335774
148.0,10.379925714216002,21.767671232547826,18.647650273804867,-0.19298793666219138,-0.12635903063211565,0.02568234652778412,56.06651044020996,15.77184410309959,0.9746598309452984,0.46658398513439947,-1.2067329883471394,0.05767614582179045
148.0328970006604,10.369749198809698,21.709210966692414,18.65419768592107,-0.19330146339561835,-0.1306115654715068,0.026288949413810596,56.08643865492544,15.799597968242118,0.9721726843298704,0.46513781359138506,-1.1899000900032313,0.05696287248507963
148.6332594410744,10.231729840426377,21.61468761713253,18.641347492599504,-0.19526894173086848,-0.1318508820344441,0.02314848867414693,56.394577083759756,15.081405797323098,1.0180344086725426,0.4206137885729229,-1.2780707863308007,0.05900907022591134
149.0,10.371145555547086,21.47048750574553,18.269329536742557,-0.18000936515131605,-0.13869073424434797,0.0034769242609375556,56.799837851110624,14.473565316037153,0.6173102617022463,0.4258603199182215,-1.353797384402863,0.03212066312899102
149.03349821721687,10.273294490784227,21.488371694177864,18.11805082745362,-0.191164089732635,-0.136217450208029,-0.002672080277290206,57.09964046256207,14.38479292154248,0.46244517621835723,0.5342160188208226,-1.3764557457255655,0.021360923335180863
149.4337349583941,10.176164262879857,21.498482131629252,18.014804040700486,-0.1928807951342017,-0.1309038169750532,-0.015173553509633921,57.33547505683544,13.706892032808394,0.5375368874855804,0.5113897084471981,-1.47556644869241,0.029224689142622884
149.6,10.136476332041548,21.478295683627067,17.78406296490623,-0.19340254879778856,-0.13071857675083728,-0.030404375577475697,57.42613301897128,13.459967908072722,0.3657298809110908,0.499911957709057,-1.500507179141594,0.01871247995961607
149.83396986844144,10.075185348373482,21.51320077380338,17.69398922274839,-0.19477932165198442,-0.12514258542866497,-0.04152133057852596,57.56807871876898,12.952993252751273,0.4457860332733498,0.48845199567518327,-1.5844431928537261,0.025924639870156842
150.0,10.573289889044633,21.611689277834035,17.59662209056985,-0.1562230150354631,-0.11602407076262644,-0.04642161406251657,58.312415674975284,12.859499635843989,0.3526383438652337,0.5809234638239815,-1.5812678233193773,0.018956980264180655
150.20000000000002,10.536814156715472,21.589516193705855,17.43621918643515,-0.15655374990965204,-0.1159083298254267,-0.05669256779536965,58.429821778924804,12.540795744484504,0.23956125138955098,0.5673756296354825,-1.6106375501923034,0.012135404006734418
151.0,10.544674223185796,21.75506052814873,17.502835067777635,-0.1470035875320549,-0.0971181798211685,-0.0519425009158171,59.07463014818617,11.626284297445064,0.396861215333329,0.5499802339635402,-1.6472358782966194,0.021952146121195525
151.4,10.48472999687784,21.71641023317703,17.45416855680191,-0.14707312636981545,-0.09709782035502049,-0.053969469359242656,59.28946770766931,10.957564009922503,0.3857643745570626,0.5222010072442043,-1.6964391707583188,0.021164203863313143
152.0,10.568214145935846,21.67905675187462,17.362745573142565,-0.13504058018579013,-0.09547221922453668,-0.056516851822564565,59.90409017034439,9.968843719817253,0.3164716549443711,0.5411597022848154,-1.7552636605749408,0.015454683159477076
152.83569044669616,10.652530484135216,21.702365889554695,17.62435910386379,-0.1183737078363931,-0.08705676490985848,-0.013800794792109057,59.9459368744898,8.259472309838609,0.0632475289683489,0.36868450152538984,-1.8997862064173117,-0.007099648807643032
153.0,10.608656378734839,21.652615839364888,17.68467614363451,-0.1224307239642672,-0.08924302883450237,-0.008045038477821741,60.36114577532995,7.760856412534029,0.09986371122918872,0.45391155557726326,-1.9599402224566254,-0.005503718466944014
153.20000000000002,10.592351888899339,21.632803926646613,17.837525189916324,-0.12189858415083081,-0.08941884334006556,0.003686600440222676,60.44542425041015,7.367609253328618,0.20230737512784966,0.43897577094717993,-1.9789682578124697,0.0005687974613359783
153.43602845328968,10.582873917151264,21.647917894627593,17.861952838476814,-0.1203529152143143,-0.08651247918376746,0.007049978280990646,60.51959802383484,6.838392410250868,0.18113309652711196,0.4138425659777345,-2.020205649657859,-0.0011538426246835184
153.8362528656546,10.600661904022447,21.579131031822527,17.844363465090517,-0.11294535426126405,-0.08975396221485417,0.003197056904375704,60.41449371197438,6.113637445213665,0.1998605405551944,0.29555175442327375,-2.0234725196250087,0.00012428918986217663
154.0,10.708670759948841,21.97033041724008,17.793034764111944,-0.1035567027273169,-0.059858451601921235,0.0004060061030065039,60.66994827138233,6.483748870885374,0.12169660076890362,0.3180885463816924,-1.9120487955467593,-0.0066352158915968
154.23647650380727,10.723340378700957,22.13065568518607,17.902002894585305,-0.10013680781012485,-0.04598836610931031,0.0052403432084193345,60.676112308304596,5.766570210554984,0.2806649046947091,0.2758266087409636,-2.0134421165727665,0.0052941839006043325
154.6366993033656,10.620025732072984,22.032321802990612,17.805489759524995,-0.10506746559342094,-0.05252407654653468,-0.009089702246773263,60.871235837318785,5.102077680094549,0.37835929422339437,0.27090997649450044,-1.9949521422737508,0.012795140854004499
155.0,10.632053726991982,21.882632547316682,18.037595298840806,-0.1009762935414076,-0.06229364102697699,0.002483984212486764,61.04004770513324,4.175111994497478,0.705937831679621,0.25153311194112266,-2.048543805359648,0.03506080723183171
155.63725192052638,10.662432140065006,21.780236772349372,18.012215447924394,-0.08973252601074061,-0.06861874171737296,-0.0027036682834207498,60.762916001502234,3.04391043264449,0.7524287519677326,0.045162568592446245,-2.007227298071631,0.03783449346987849
155.83736154357825,10.643288919189853,21.767417632797844,18.012071525071047,-0.08989022385742944,-0.06852139454393757,-0.0026242952365267474,60.77691231792728,2.6384099673975654,0.7597360611021509,0.026795036561668917,-2.0138629670116126,0.03862748022357748
156.0,10.506834949044643,22.049291943964832,17.873093437917152,-0.0998428151248886,-0.04690929548184833,-0.008579124871521928,60.68390867422712,2.796938988960387,0.5547651859526593,0.006065683103290748,-1.9323467543531803,0.023225672448208903
157.0,10.367358972501624,21.81464110135539,17.751021739967026,-0.10281155609272574,-0.06038921915171478,-0.014024838093000277,60.50240397431375,0.44019365749172623,0.4217178878106421,-0.12606967384996387,-2.011677558767694,0.013638020503955375
157.20000000000002,10.344075457772332,21.80355650883996,17.707396399070298,-0.10298963859343806,-0.06031663952310286,-0.017613538297901642,60.47708013648167,0.0373521167942791,0.4011658698961967,-0.14708290976423044,-2.010876314949834,0.01227417350713347
157.60000000000002,10.292632421715412,21.783149207729487,17.544663083192308,-0.10363611778417267,-0.06005395990834421,-0.03032282946096307,60.41762157060302,-0.7683872475350713,0.3163930468930075,-0.1880201178889556,-2.006061493000015,0.00684434530304878
158.0,10.315049930899098,22.000079655270177,17.624087131534647,-0.09866868087701747,-0.04271555500169452,-0.02753238532658503,60.60776251493988,-0.8174048510054217,0.4884364023943384,-0.17480738444332428,-1.848027236487937,0.018081834309484384
158.03853706024546,10.264452205479289,21.82392997906647,17.6629413940438,-0.1024640360869162,-0.05600278786078364,-0.022012960325496128,60.66242626759257,-0.6827259917239381,0.4437177334561889,-0.15814219085131972,-1.780562604037838,0.013950857349556223
158.4,10.232460994727708,21.801749136800026,17.741901847834523,-0.10216428268975056,-0.05613157425582668,-0.014949644718522203,60.59644860348768,-1.3222222670682018,0.5011910487771508,-0.1933742836164082,-1.760592795972576,0.017680851974435054
158.63884404764852,10.248140973902466,21.838302455381424,17.777306769551473,-0.0991479976839201,-0.0523038426835585,-0.009376418216361721,60.48801676943809,-1.8155726176227567,0.459558413737597,-0.23596423751476348,-1.7675901480667533,0.01422414170158996
158.8389446337048,10.130049485722283,21.91282046434114,17.805553474629942,-0.1107080920761392,-0.04417943216932793,-0.0032559395961844406,60.96081195689904,-2.429180958853839,0.4224512660235185,-0.06867311830539571,-1.8459141023889336,0.009990506489925378
159.0,9.832498654289342,21.750819631443587,17.829566069566376,-0.13237314927683058,-0.05528840399289187,-0.0010634746332455146,60.56307113785623,-3.0376377095908156,0.4545446644466631,-0.13894034918470818,-1.8938554564619987,0.012401702594090756
159.20000000000002,9.810465960417343,21.737789229205468,17.908012618736873,-0.132099403442787,-0.0554229649170736,0.005363666327129547,60.531078949563735,-3.4144520443566804,0.5055421712690938,-0.15526203554080467,-1.8827265397115427,0.0158154801362949
159.43924043692232,9.698104451123879,21.597985766490797,17.856988710969123,-0.13821639614311465,-0.06517331304982596,-0.002139603714934132,60.60339388685117,-3.6858240348611795,0.5702824046918021,-0.13788581727069835,-1.8150225486394143,0.0204348339402702
160.0,9.394728340016714,21.312634595057915,17.749468238083107,-0.15572747656172686,-0.08294506175181007,-0.006583292555225528,60.14741782679472,-5.124211653321686,0.4043588784949742,-0.24033497071224164,-1.8504249671979964,0.008051003737561707
160.23961887332663,9.356644891541192,21.293388637492864,17.748043053257106,-0.15580659115689025,-0.08288771922582663,-0.006553737397722518,60.08990631801555,-5.566857885800046,0.40615144512082263,-0.25882496193377275,-1.833344850185989,0.00818345260468736
160.8,9.261000030656128,21.25111667231264,17.588294007579446,-0.15632234566549444,-0.08261172146560927,-0.019630286136374644,59.9387149606038,-6.58435847114776,0.31782399848496273,-0.30298112267911537,-1.7888189221093802,0.0026598885822630884
161.0,9.335095598104608,20.909610562503566,17.537070905762395,-0.14770913702895583,-0.10635237590698332,-0.022660250350946303,59.90190456580558,-7.516314476722613,0.2531431091598587,-0.3283266739451191,-1.872641615255318,-0.0021641152065316953
161.8,9.212288320084197,20.826867706216113,17.44470161354678,-0.14799482381779924,-0.10620378277137338,-0.02902343397545167,59.61563925930661,-8.988442371799705,0.21137343484471852,-0.39518587755287415,-1.8023112572102034,-0.005405098727115278
162.0,9.294281051076403,20.53433319264625,17.428862063438725,-0.13902122828972638,-0.125971858728548,-0.03040604058180929,59.57465704662746,-9.950502567911714,0.21464841501913687,-0.41613624927222864,-1.8959940380661306,-0.005104045543537412
162.4,9.2304808730286,20.488088877640685,17.303519896984977,-0.1395265040042076,-0.12571264454638645,-0.04025612383122987,59.406367033150005,-10.704058955314691,0.1578284779866337,-0.44947186556946267,-1.8603315660842,-0.00859042315057837
162.44053550486942,9.155089942532673,20.44725209383811,17.209001205031488,-0.14447658308532838,-0.12849595502196173,-0.05293022715221379,59.47020631371149,-10.73163437656098,0.2717241032649732,-0.4273268420630953,-1.8428554245458586,0.0003578020466463074
163.0,9.033092343630214,20.44065554705218,17.130756326070237,-0.14787748132514889,-0.12361683688717348,-0.05489844501008919,59.14331446022089,-11.615942506834713,0.17296045714852393,-0.48648878157800807,-1.7615453778328323,-0.0064972962275223235
163.20000000000002,9.00532038185843,20.414987252205464,17.150840901888838,-0.14777165667081238,-0.12367243138724442,-0.0522156455314119,59.04368590964721,-11.965738670716618,0.18780297014637506,-0.5032617148413872,-1.7390129795850984,-0.005309787820138141
164.0,8.693520374419569,20.450121909194333,17.084752630772808,-0.1628953925815657,-0.1135746291344633,-0.052409238440778896,58.18466438769018,-13.007093033075622,0.11794998628422022,-0.6534597554320454,-1.581922909433947,-0.009097996820029841
164.60000000000002,8.583649567802903,20.388365091481266,16.85117323446581,-0.16358673324288028,-0.1132182947813135,-0.07019678863936801,57.77966729113349,-13.93314276845225,0.022833660321370977,-0.7092115088895258,-1.4987683196380672,-0.014918709403154914
164.8412468995694,8.533029097698254,20.371876560257466,16.83542079164261,-0.16452446890681088,-0.11237478337788326,-0.06998701089933192,57.63441746768077,-14.311069913546023,0.017414204925551284,-0.7230715445686346,-1.469334816742423,-0.015381094706709836
165.0,8.825706595338062,20.012852832052285,16.705778517038855,-0.13945759203889108,-0.1378881349871407,-0.07671327768029738,57.74646786728087,-15.08277078862915,-0.2276663139025957,-0.7234739645046697,-1.533122799231243,-0.03317693300737169
165.44136474724542,8.765457926624604,19.950316198178683,16.67177289036823,-0.1393381223851373,-0.13802617933348757,-0.0767429230625422,57.41456700496263,-15.742176596340816,-0.24209125324700045,-0.766219267924141,-1.4668301613433568,-0.03362884191969684
166.0,8.845968510031264,19.71054838723164,16.642984458981502,-0.1266210702523707,-0.15036598988947766,-0.07766967989549706,57.10389032334137,-16.821889121051157,-0.18047098552892465,-0.8078499859097402,-1.425869390363169,-0.028471686247655906
166.2414788642351,8.615495354405697,19.32444288597808,16.713768704465917,-0.14094350328762498,-0.17423888207523658,-0.06731077339445496,57.1303133793907,-16.8486030231257,-0.2677503390762804,-0.7634845637257632,-1.2994711697510875,-0.03493936728645391
167.0,8.707870394099308,19.365313227536056,16.797828741305686,-0.12535992129708007,-0.1624935237660331,-0.06078356865793759,56.99766538045524,-17.334572378284722,-0.013284430883666709,-0.742302101245181,-1.0802128849224912,-0.015630362649552556
167.8,8.638018961712902,19.21383108357862,17.163641610066456,-0.12357737428870443,-0.16372217665288202,-0.025815508525816114,56.3633474251218,-18.124716021217775,0.1453290182014305,-0.8061608240585388,-0.919830004595833,-0.0043572869393440905
168.0,8.55952172608703,19.04250142804625,17.054495748018116,-0.1280384054147395,-0.17320180318226017,-0.03052518355841124,55.93680815841235,-18.691945239267383,-0.1010310509865639,-0.8735312893154259,-0.9538047271479799,-0.02199292360363721
168.84146813973192,8.333351437446206,18.666292769440894,17.13218726268258,-0.1362380864093204,-0.18857179031743396,-0.019674663972180855,55.325681626339865,-19.174125072835377,-0.20331828341276637,-0.9017938660152266,-0.713967701132786,-0.028608860265804205
169.0,8.283144553713786,18.919747081900805,17.117752196492088,-0.1389106965869546,-0.16874305555962582,-0.020100440800962887,55.12266108001616,-18.740009369183973,-0.22615142623371234,-0.9258818777498017,-0.5772883453881705,-0.028995657403937013
169.24140990451826,8.322384354607191,18.811020036746992,17.091771325148972,-0.13200956358895807,-0.17507979312962949,-0.022946021341091593,54.72207361753461,-18.72635142856626,-0.21338811370114052,-1.0073402687722168,-0.46921068409375405,-0.0261385105083581
169.44137478381523,8.30616343887145,18.903164553198938,16.87878883967463,-0.13081370025930567,-0.1667682015262909,-0.0443167235397542,54.48012077710888,-18.921669001048333,-0.06984865936732382,-1.0370365016259335,-0.4493098234495692,-0.014607906796657275
169.60000000000002,8.283984767277898,18.877831466754106,16.844253177407083,-0.13089820824707404,-0.1667048788517401,-0.0465041383312032,54.31526492310794,-18.990454722320067,-0.08744608498236717,-1.0506938181868557,-0.41031684186165884,-0.015545976360653559
170.0,8.624848175123793,18.625533797028567,16.896303051247088,-0.10039619626614855,-0.18163479308775676,-0.04416938136855841,54.4342208046531,-19.324368689585516,0.05743434668961826,-1.0037214523647977,-0.33232451578792976,-0.004539234399750222
170.20000000000002,8.646334796442128,18.55616089996537,17.59799300238255,-0.09792380844938742,-0.18351299747062053,0.012891823828404848,54.21370911841875,-19.37083632564833,0.42281986306851294,-1.022738592958883,-0.27868207313935095,0.019616220326396976
170.44113777605162,8.639959233550805,18.45915756157503,17.716662307172513,-0.09701103950666498,-0.18704299034118313,0.02545558282242023,53.961963570672694,-19.38360351158353,0.31343393237160466,-1.0420478007834568,-0.20336136284347384,0.01167044046213346
171.0,8.534029599542226,18.055196275487212,17.651499530836812,-0.09971201962406334,-0.2072480524280258,0.020593745997188134,53.2438403245213,-19.92624336508785,0.18864414310010796,-1.1134652709157407,-0.14270665689601814,0.0027547066724097156
172.0,8.61645178232674,17.98516632632252,17.62247611872362,-0.08736067123694796,-0.19892359850262523,0.0175979788969263,52.4524172492026,-19.634034544815286,0.10836822194100725,-1.121407213676874,0.1761676862716154,-0.0013936313967532858
172.04053917238923,8.552415726319452,17.98401527877431,17.500986413658204,-0.09162720174651982,-0.19858018174794104,0.004613691558576357,52.462937553596674,-19.626348801743923,0.19805624940620398,-1.106391144352807,0.18721509513172965,0.005619312823967712
172.84013616331356,8.225144273134331,18.048962841266537,17.592682489609846,-0.11458324906066986,-0.17791021774770968,0.015293287776239443,52.24331120999924,-19.989270381910867,0.11739728113272392,-0.9377767822575532,0.2119816795002156,-0.0046312297148321455
173.0,8.303379467704385,17.76569629976499,17.694222633266794,-0.10573609486205973,-0.1962092539956228,0.01989050686366847,52.15831253155983,-20.331583678046908,0.2886495918060781,-0.9452709144996362,0.1899748285918677,0.0071482327608128095
173.23990850164273,8.200292247637707,17.739662591577606,17.470441526557643,-0.11105825865439552,-0.1951477788532301,-0.004234412925935176,51.998729667665366,-20.277647497084203,0.4338917771190357,-0.9322719961117478,0.24921214006614387,0.018481862280244097
174.0,8.213094313554642,17.784053848943678,17.35169616310569,-0.10529972274731955,-0.18249478173534286,-0.010837746996374745,51.47351466743772,-19.674992941793,0.2835861627797098,-0.9125409558778506,0.49604645499799943,0.00923284500940691
174.23926318153187,8.199096337423427,17.805661522020525,17.243148808883525,-0.10413093859752705,-0.1775896563494173,-0.021915905878503932,51.22527623258109,-19.622616094709414,0.342272618265299,-0.9262240701318116,0.5328244135620367,0.01418977086452645
175.0,8.024031445235188,17.566392772978457,17.41499599994744,-0.11024564067854703,-0.18426752640217914,-0.010838162214375478,50.35376428616129,-19.341028473738145,0.6020970761673898,-0.9703486361898437,0.6848630703646056,0.03130299291627217
175.20000000000002,7.99845468366747,17.532607790623253,17.32153412378971,-0.11046028502202632,-0.18409891618114374,-0.01788932245430731,50.16066125279163,-19.200440810518213,0.5543989813265652,-0.9736492998561282,0.7334671977027922,0.02835826211315617
176.0,7.788023946960465,17.63428519085845,17.245493145191066,-0.12051802790897871,-0.16659922446478698,-0.020301485410303834,49.16537799635943,-18.03192475647207,0.4801979304412808,-1.0205301517941012,1.023537868458757,0.023999335407096374
176.4,7.730189971430112,17.576060229376882,17.004784277235693,-0.12109327274724187,-0.16614205163493692,-0.03843341937587661,48.75918303235338,-17.605252332458992,0.36571167044755504,-1.025999863529316,1.1237120914023027,0.017458845633172435
176.43746792360864,7.743585152141088,17.419142400870555,17.233887617938915,-0.12022898670344752,-0.17757155857314355,-0.012653069416649149,48.72121668722408,-17.375742069605153,0.18604394676567976,-1.0264992080176225,1.1905288716753764,0.0033452081970357147
176.6372799534444,7.8214512991156075,17.502376170943144,17.23386688537946,-0.11209890074257249,-0.16810137519583226,-0.01236469328165549,48.35142708117777,-17.32130481114998,0.18147142464835936,-1.0780347240553818,1.186562397472949,0.0022667045028018544
176.8,7.803605417182905,17.474690216412107,17.316568318235667,-0.11211627083488827,-0.16806591485896755,-0.00603564750694796,48.178782481017855,-17.127240377548645,0.23854312122196783,-1.0796058353424998,1.2260016864927603,0.005713203902756901
177.0,7.303982878870875,16.923582330057418,17.204759447395766,-0.14445039088926187,-0.20209024378775786,-0.011774231518344298,47.21710597447087,-17.672134275952484,0.07189888695252428,-1.2147247464038904,1.1371362678388381,-0.007439651671459756
177.0368921262102,7.245930180502566,16.96064345742117,17.218492173935655,-0.14886408649641708,-0.19829360447361233,-0.00993712352167501,47.25329192387272,-17.700541647675216,0.05613668284881769,-1.187976231170173,1.1206852826507423,-0.00929476259087762
177.83607019703138,7.072453830372433,16.845300456641404,17.228394039462724,-0.1542021464013723,-0.19390762962722036,-0.007229377637033692,46.46448240403826,-16.87070491770681,0.027079286463059137,-1.1511239654797962,1.254712628617749,-0.011726576324750309
178.0,6.690493150873863,16.910098113466045,17.179949230735094,-0.18056286490039333,-0.18501173514147395,-0.007907206740597326,45.78198425157655,-16.639903378743423,-0.0780779701891822,-1.2300876887113668,1.2816234618331315,-0.01933283695670748
179.0,6.562742926255732,16.402106539622576,17.15019152259733,-0.17505431534635083,-0.20767802297087792,-0.010376413931171606,44.4449893582865,-15.847130312410274,-0.10688116515772347,-1.27869926891516,1.3863624774566379,-0.02190295739912556
179.20000000000002,6.527737819226786,16.360565954065077,17.14821469094385,-0.17505392388460067,-0.2076783445497214,-0.010368621485188505,44.18886299441555,-15.565955595209205,-0.11120670540595871,-1.282414426414333,1.4252096263122707,-0.022036079919528
179.8337659094286,6.384900416800208,16.248393161350915,17.14974864654364,-0.17906000561962046,-0.2048126321992962,-0.00842881849375273,43.52707561737931,-14.740203359656837,-0.137276177254017,-1.2389502294443493,1.5022158465958075,-0.025117423007147463
180.0,6.219731774732638,16.208761615782926,17.239438297781675,-0.18860829402883217,-0.20446348093250902,-0.0037759044029953637,43.04944339037596,-14.659374105604828,0.0029194009481796623,-1.2895034509487098,1.4930819418180665,-0.015536580695290693
180.43301232755348,6.149833362867792,16.113406658303436,17.235551881533052,-0.18718178152064946,-0.20544605819510062,-0.004394439578847513,42.444995495127316,-13.964220221345869,-0.0007712115114492171,-1.3116829685934708,1.5799945139344724,-0.01469861290037489
181.0,6.048357812777472,16.12111254958113,17.254434215795207,-0.18748088944163385,-0.19667968876897096,-0.002848024729983244,41.96022172594643,-12.595133041738558,0.019248997896128724,-1.2609772125649323,1.7622348820669822,-0.012523817430706565
181.23196887771428,6.455990716960117,16.76608063977433,16.976186589995812,-0.15481509186170317,-0.14717313988320935,-0.03264894769003506,41.188303955459546,-12.887608802892133,0.17973521301560375,-1.4029713136286361,1.593569217723938,-0.0011991225408818987
182.0,5.831724390406431,16.599919296554468,17.017300733053027,-0.1913944531706444,-0.14957431441991817,-0.02768786595850788,39.29408845131402,-11.859716558170092,0.23770570561613807,-1.5556718540599637,1.6527013091014124,0.0017284269375561331
182.03088633719972,5.837140761502979,16.583450657825853,17.010717355929984,-0.18992778033753085,-0.1509695719431116,-0.028716121590615245,39.205612995516994,-11.774929982635424,0.24215587912350947,-1.573183761923648,1.6711987422383576,0.0023645812768819554
182.23061029204612,5.599634432187569,16.258592169230944,17.11558561692768,-0.2046291113612869,-0.17216110801114684,-0.01703804358420005,39.11433795408858,-11.130068212154066,0.18721558246753173,-1.5118124152373955,1.7900046554561178,-0.0012472251263622156
183.0,5.356146564721022,15.873124626487545,17.280820666900407,-0.20982621717127004,-0.1902791983820653,-0.007635396540030821,37.79318022569955,-10.107974625164198,0.4239247482601964,-1.5601117198530237,1.8278621543261802,0.014916546191151863
183.62862867153308,5.229255600087565,15.753321175142025,17.00371847129721,-0.20828899503417114,-0.1912619819974126,-0.028153877511693383,36.72899080785499,-8.884592750429416,0.28220203294395485,-1.6060090118567616,1.9243286678231257,0.0073487863371009664
183.82833982191158,5.267029765664599,15.803707733668785,17.00916484351491,-0.2021728806974482,-0.18438379729791748,-0.026899843191889275,36.280172332051094,-8.653686038438002,0.27281561807539195,-1.6492093307510924,1.9013833015103412,0.005813157067401407
184.0,5.4125449298863035,15.730933389245566,17.01587850475475,-0.18864985529181919,-0.18812023543124895,-0.02701964710910819,36.22215691738462,-8.362060117816249,0.2975103381078223,-1.6222013511732332,1.9183872166816276,0.007967980384844354
185.0,4.995495631355438,15.378082165766665,16.89604336997593,-0.20467239032979564,-0.1989537715641303,-0.03172425438105245,34.21204793092439,-6.681570282760452,0.17852269397427387,-1.7154918340382082,1.9611775302046655,8.207335993564574e-05
185.02658761505438,5.0201105908637205,15.630148136735981,16.577863260417317,-0.20144818322359245,-0.17890426590968028,-0.0666946585037106,34.09421101693318,-6.928385527147637,0.3408084879181862,-1.7403932068570296,1.8618497339697622,0.014284636119372647
186.0,4.957185056192166,15.567214472281638,16.611083906249263,-0.19215669167808497,-0.17147798217167518,-0.06133639560335513,32.596409783405754,-4.916318741276455,0.47407485866556587,-1.7330306849491317,1.952988960189794,0.023013816823627516
186.42452799605007,4.88633972887556,15.48571855857355,16.578290572649916,-0.1911075624458754,-0.172279446475168,-0.062206530532379345,31.829300135558885,-4.063152723980972,0.4875891493157908,-1.7537396573513624,1.9830624629993745,0.02373409579506208
186.8,4.812266262414639,15.422773464946077,16.506980963907818,-0.19126380525726402,-0.17216931669502317,-0.06572725244374335,31.17116914742527,-3.3167769185817093,0.4637707837813445,-1.7628025333840278,2.0009239871375737,0.02211487079901219
186.82394229061293,4.799899665041852,15.318007298250203,16.63064823088635,-0.19279852151319668,-0.18062799246982672,-0.050372313431621046,31.192252138542795,-3.0690040741708455,0.3801436341344536,-1.7434983594758884,2.0645941561137717,0.014757292643921963
187.0,5.040395547804799,15.280268076536874,16.69197018429193,-0.17223581200964044,-0.1822198052648266,-0.04754462193047609,31.235097731059493,-2.6998839584026033,0.4746345755336273,-1.695852401703908,2.0790823788470836,0.021041841622820176
187.42307008946466,4.925703013041442,15.235518690751555,16.7039232376508,-0.17651535154328765,-0.17930711795825144,-0.04301122780163587,30.644123710787973,-1.8855573514338224,0.4617126332200297,-1.654544958695591,2.0694698090294428,0.019093059717643593
188.0,5.048672817587843,15.314704191317984,16.63566109090307,-0.16069028303015176,-0.16708690887584943,-0.045727877741460456,30.020206725343936,-0.3756991260028915,0.42909693076237987,-1.6003240443833537,2.1454960222598505,0.01734078094560057
188.60000000000002,4.976450548387506,15.197620661265246,17.095295973652977,-0.1590202526726496,-0.16818584894132155,-0.009865160277072842,29.037402084298424,0.9339059482418238,0.7828432479646263,-1.604706228768799,2.166933803438434,0.03835851872598891
188.8,4.951761206192114,15.159042528139238,17.236914099003066,-0.15853208653390738,-0.1685071971854442,0.0007527861839526934,28.709367934617536,1.3729262660345654,0.8908927263350601,-1.6054669644967257,2.1722413050887006,0.04472641618073614
189.0,4.562776358167722,14.799132014349594,17.075393165440364,-0.18331587541427874,-0.19007364934178012,-0.00562792709650403,27.694452885864614,1.1411682183287657,0.6482957891425932,-1.7350983305894792,2.0467678384055494,0.02662173506387055
189.6199954654756,4.364151188707224,14.719197925165146,17.11425834592354,-0.19204484601791952,-0.18687947915043784,0.0021049789903858232,26.911381680116218,2.319243549514159,0.6256284297226945,-1.632104250800328,2.002046147790497,0.022448183758642618
190.0,4.054559058739754,14.80026525595973,16.971928075561106,-0.2107216011283713,-0.1746135349019027,-0.0006983038690748216,25.955207453992532,3.332638145637856,0.3554991756852223,-1.6780549495823285,2.034437115881835,0.0021562604863053086
190.2192078200331,4.080661095799651,14.967632656870837,17.009881893135056,-0.20453583930144334,-0.15795951112292844,-0.002359057054514318,25.481169508525795,3.483381021964725,0.5008846871080747,-1.7071834510641604,1.9335295233354408,0.012176245828981835
191.0,4.67905056432326,14.972162953970841,16.896714959047028,-0.14782387758358062,-0.15081716169695386,-0.010061497163671326,25.178350285764648,5.160368721744185,0.3892935273078455,-1.5356204698777065,1.9289425418592447,0.005280508639091138
191.01820370787658,4.608778333652085,15.005432000794917,16.951916694657605,-0.15487601731342138,-0.14776554647560777,-0.0006449039096824392,25.336637965675088,5.130621012295152,0.34352642141293827,-1.458980671553459,1.8961317196842464,0.0004820351046964464
191.41772392493047,4.5177401519379625,14.69752076184816,17.088186381204878,-0.15856629408350018,-0.16939866326776548,0.017981337960603593,24.847090824602947,6.343392939237214,0.2375888732628456,-1.4152167183198838,2.0274785304529646,-0.009464643998328087
191.81726042551603,4.4098161096672115,14.73910667310712,16.952022083976445,-0.16153824174947123,-0.15945122235057996,-0.0024880460699888314,24.351725656613418,6.887092914244592,0.3450594132520734,-1.3725320394943137,1.9224119825545962,0.0006579784234238013
192.0,4.345164923194938,14.54168428860471,16.870753451455688,-0.16391305510362683,-0.17201888426802311,-0.007378685823510411,24.063180709827726,7.046926828401633,0.2542090788064749,-1.3683198305449324,1.8844856452816368,-0.005239739760051976
192.01703510215432,4.395152330217114,14.568627782457767,16.8574893554684,-0.1588934109874044,-0.16830792215790885,-0.004379591612369847,23.937362812815493,6.98481751839786,0.16001252982948108,-1.4052887230755222,1.8485863346139604,-0.012594546415126879
192.4,4.334467144718191,14.504516022822566,16.942689989498383,-0.15891412764212215,-0.16827997765737449,0.001861116438088825,23.405388127591497,7.6869451411593435,0.23071637049481164,-1.3855671550698312,1.8196186500603877,-0.007901861839005165
192.8,4.270881363361671,14.436694003766348,16.84267215767856,-0.1588860043031324,-0.16831387941958892,-0.005538389716015563,22.851497668581256,8.40899949807649,0.14094777639306208,-1.3670907991037222,1.78767760706109,-0.013214411202371459
193.0,4.213303836184633,14.74781232713111,16.7725170460005,-0.16156877323226826,-0.14258107980715745,-0.008769867096573505,22.531970714660694,9.184917262190345,0.06419986095305098,-1.3637556415992818,1.834079669179173,-0.018532233669761568
193.4,4.150094947758504,14.689459773656857,16.59521494064126,-0.16142840122878385,-0.1426578492827972,-0.022145078555574488,21.983648348885637,9.91328372950989,-0.08690406552987684,-1.3460609970560495,1.8011432836416423,-0.02756738509487442
193.4155885755744,4.148675064250549,14.668749901221274,16.59300560515543,-0.1622220734945334,-0.14629696429616698,-0.022374768612309914,22.004686474228624,10.076210132755975,-0.08474295557440857,-1.3295811311122425,1.8514198973771476,-0.027477243368099348
194.0,4.366013975792187,14.681601379144414,16.433297533587503,-0.13911006096342066,-0.13976888924534958,-0.028662850739033564,21.72470601639466,11.230960025893497,-0.3245236021893416,-1.2083830818431602,1.8112211027775469,-0.04355268975373018
195.0,4.0552596648997605,13.881295399532597,16.414014323273946,-0.15092714103384983,-0.18817113227055887,-0.02882686957348254,20.30632919441716,12.080010462264573,-0.3602118910012166,-1.179961698772543,1.5625978488296215,-0.044217039486976
195.4,3.9910018887799565,13.807591466218978,16.467954579883877,-0.15120734786128237,-0.18808675037977549,-0.023314490962689914,19.84635435413313,12.693857429350153,-0.32995778465044207,-1.1497514842891068,1.5125725764386915,-0.041662361710051506
195.8137022010408,4.25336575373945,13.514879116003325,16.49219426123989,-0.12318769698133893,-0.20899608053618263,-0.007962216741012346,18.565771286376798,13.949847506780149,-0.367077102237645,-1.385784159783956,1.6811448034575514,-0.04886827184222222
196.0,4.0205304002171545,13.27718288983325,16.482010783902957,-0.13926243542762134,-0.2238126211259201,-0.011277962872259005,17.95632700443653,14.04136492169937,-0.3261131955205766,-1.4385204829457265,1.6346177511900384,-0.045125787934531106
196.21346394596787,3.7163689199269423,13.287851561656531,16.471051606687304,-0.16371209342806686,-0.22104339617291288,-0.01867730458043837,18.20616099368611,14.380004815871803,-0.3362448480025631,-1.2350990785471274,1.6065564873355311,-0.042349297102166845
196.60000000000002,3.6521429546117044,13.202566248259123,16.472640295629382,-0.16378013047839146,-0.22104350047786048,-0.017921207309448666,17.734959867948618,14.993167893678493,-0.3468901414304415,-1.2099210285945003,1.564519549863106,-0.04287230598553345
197.0,3.99251926900346,13.541308969344145,16.575410622599826,-0.13224905637761636,-0.1888620935700619,-0.006174727670652212,17.921054681682392,16.099684146706057,-0.36333578457803334,-1.07335347737448,1.583662503695938,-0.04489421448765063
198.0,3.7332495174906426,13.425312344741464,16.614507985675928,-0.14231014900578484,-0.18278821289807537,-0.006475400397260354,16.580261602719006,17.711337354346345,-0.27214053856998693,-1.0482540327709347,1.4804382523781052,-0.03753216887352995
198.6124524370987,4.278670790730858,13.3100947416754,15.60238374508407,-0.09695519757445867,-0.17834862126859635,-0.11471154869115298,15.056347399553376,18.402787322641693,-0.23199531655111832,-1.262487245399429,1.343824975987081,-0.02264405459305705
199.0,4.361731075816621,12.893423674115283,15.563251958209262,-0.08779491176021913,-0.20491755968787898,-0.114822298619998,14.7745837040748,18.40004803069263,-0.23500427632909596,-1.2071777326428608,1.2055244363588942,-0.02140454280454658
199.21229523267868,4.392186150049414,12.858681891341652,15.496294690716853,-0.08409096730613168,-0.20364044107207627,-0.12132716686271415,14.451310841665885,18.615438025958316,-0.20637687753420408,-1.21858839809394,1.1605012635577232,-0.01830231148206548
200.0,4.252501698476607,12.576721612609013,15.244379187775353,-0.08951247773634681,-0.2128064236829337,-0.129026848701132,13.378851244326286,19.262201824609985,-0.4395825821006928,-1.2008930063932688,1.0011770138241152,-0.03450361724336905
200.812005572388,4.226739119556608,12.524104888191312,15.27155718444682,-0.0846927558551932,-0.20186170723124344,-0.11081978967962311,12.25211550364315,19.70294565001154,-0.5471942507665755,-1.2123295177642908,0.7663038263846613,-0.04272683314826871
201.0,4.060227755614323,12.484059213147672,15.168935252188867,-0.09641819296817,-0.20195792960911002,-0.11635873547196394,11.852437608954858,19.831626899964697,-0.6434873204485186,-1.2264094548873083,0.7305095701871598,-0.04924064565622054
201.0119792020863,4.099978889519543,12.487048443439564,15.40932453122262,-0.09263650625169775,-0.2016101742295303,-0.09577094800221489,11.762420167423908,19.83336501868799,-0.4846789722145141,-1.2529992369721867,0.7269620329309843,-0.039509350544823865
201.81188751403357,4.023543135169171,12.326368159159497,15.325815430667888,-0.09095204945589473,-0.20229893082277853,-0.09761861258093842,10.653392969098975,20.400274692614868,-0.5162217110478997,-1.2646600495965095,0.6039234807128406,-0.04015435426587951
202.0,4.599157503242818,11.797050930444735,15.303511240630634,-0.04500859884702158,-0.24138847869263874,-0.09662436334115362,11.047537412892526,19.997511231587882,-0.5319956985838397,-1.1757821336618517,0.5101956691253124,-0.04039471407880064
202.01186716076137,4.6115597314048005,11.8086033274088,15.26005525177083,-0.04377136405447858,-0.23991971720454516,-0.10398091072129068,11.002302731324573,19.969443959409833,-0.5064081853549147,-1.1882664902217044,0.49478135320195415,-0.037224565379411746
202.4,4.594468217181068,11.714873933675658,15.379583558265834,-0.043770057317294886,-0.24001467237114554,-0.09205888217398993,10.547161998235486,20.148712605300926,-0.37789204793134756,-1.1681803351619853,0.42322644698281364,-0.028145150229679027
202.6118096171028,4.602672211326366,11.713444971091288,15.413537122194333,-0.03704786670728052,-0.23563677825695517,-0.08075098412819935,9.947047649977065,20.114692492857944,-0.4353938829188445,-1.2998480725369213,0.3463486870140762,-0.03349695328207851
202.8,4.586036056085387,11.658838966053223,15.322951040385055,-0.03797256899540181,-0.23681542348993284,-0.08148723787830406,9.735647636168421,20.223364477023964,-0.5832732519124386,-1.2824136192766777,0.3275149398322238,-0.044783014310588475
203.0,4.684698440993449,11.867783059926863,15.271210519063475,-0.02963753607572961,-0.2165561040470903,-0.08368189711382205,9.603322462650892,20.57047738638933,-0.6319284445335078,-1.2589185642895777,0.3256859179100504,-0.04841417837146502
204.0,4.735889251380985,11.375678632987716,14.996424022070476,-0.02351257190458516,-0.23806853460704108,-0.09466746700942687,8.450614878525904,20.470883720944244,-0.8906998549475988,-1.2093326267833664,0.09263119669574921,-0.06475850080584868
204.01167735801283,4.710446308575951,11.336101666330164,15.064409380860573,-0.02605145921242037,-0.24224366096431746,-0.0802017580196491,8.496854937421734,20.583147050965177,-0.943837684395749,-1.1845686006988176,0.13825815467556657,-0.07158812735962901
205.0,4.966281311938819,11.303262341851925,15.123398797827987,-0.0047121500931033705,-0.22636062167111817,-0.0731655371165457,7.750850100898247,20.915360939253514,-0.849983319587042,-1.0697739906689308,0.004784325964555289,-0.06173804182141612
205.01156696156025,4.912930887703838,11.326450748542024,15.135631781757333,-0.012778728375128003,-0.22304612358879375,-0.07070544362765208,7.97714771992271,20.824486144904945,-0.8525997588262371,-0.9699779484937241,-0.04064849028281538,-0.06162175062197819
205.41151623274285,4.912397310355234,11.288411526818766,15.1493934392958,-0.013596970558452678,-0.21715934627239872,-0.062145135762913556,7.650741899884236,20.61042971979219,-0.8986266973220343,-0.9164006412175467,-0.1871335315453259,-0.06398760860842984
205.8114610567975,4.925379817907587,11.256524728412336,15.172923378959934,-0.011624707403223222,-0.21016798329613448,-0.05145414037127738,7.227729486577222,20.241492277955114,-0.9496263279886015,-0.9060012304104058,-0.3701930860569835,-0.06708442059826462
206.0,5.055132909946476,11.264698661586406,15.140880251405562,-0.00110854014686761,-0.20648674602114495,-0.05236098758160082,7.1978689513932,20.226758633029302,-0.9914345438589538,-0.8754181049774498,-0.4005383253164462,-0.06948614735927848
206.60000000000002,5.0540772339989655,11.139012106305328,15.193402699044867,-0.0011422559280681237,-0.20666708173666856,-0.045812922741703815,6.688855041871009,19.954107705740537,-0.9618855410434294,-0.8246937853145002,-0.5207503865593426,-0.06580855191380267
206.8,5.053318583624315,11.095231244243536,15.295946730556054,-0.0011878725918321828,-0.20690789278488478,-0.03707085620352226,6.527240019816836,19.85239462745007,-0.8806270143579233,-0.8075789535844462,-0.558099655861816,-0.060006234634337574
207.0,5.194546521331779,10.697799348994835,15.185709402060443,0.010146738578197959,-0.235038059918122,-0.044151632109907094,6.507884795377472,19.299321951966093,-0.9832300901838711,-0.776842012206415,-0.6576497773731107,-0.0657743324423691
207.4,5.198999436089262,10.605501782906634,15.119945462407268,0.010179065743748782,-0.2348883516782976,-0.04802610445435989,6.203245818181818,19.017299980523457,-1.0485149028502287,-0.7425931810430824,-0.7378724926051121,-0.06869274881113022
208.0,4.857937837959313,10.670114970230724,15.117621883890717,-0.017080508807499437,-0.21843526235495944,-0.0459147495044021,5.363814854800273,18.818865662771223,-1.0756018026375886,-0.7471389640441467,-0.8125434045375708,-0.06899118876261746
208.2110284448749,4.854338783053902,10.624043769425954,15.107901788005156,-0.01708003459548033,-0.21843311772735566,-0.04592047445368736,5.207978880043853,18.64323743945019,-1.0901102740778523,-0.729703231335429,-0.8514660893306754,-0.06893471973984112
208.61094057346529,4.86085600746801,10.605714487258027,14.99796466182123,-0.01594976555987966,-0.21240980771979676,-0.0633518999202646,4.900253808350298,18.12144076324425,-1.0384308169442091,-0.7013369543355291,-0.9828822554723934,-0.06061956379701524
209.0,4.67300302789443,10.367421401408135,14.99298167596917,-0.02996027297475544,-0.22434359483338903,-0.0605817883097604,4.365495726529893,17.497219994303734,-1.060008843428847,-0.7139808300476257,-1.0924087350728846,-0.06077708490568986
209.6107072084318,4.754362837930732,10.098084177853698,14.864721227717537,-0.019114422313480938,-0.2362845487465495,-0.07770560938387902,3.595863831750844,17.130035008396717,-1.0381816311927434,-0.8045229871647392,-1.0824020174575957,-0.05653942953363727
210.0,4.806871812277482,9.693406373901427,14.801769790261979,-0.014260033919060054,-0.26110959958277496,-0.07993411568547155,3.35347797030841,16.331643112703773,-1.0939989989370726,-0.7751951754307435,-1.190975623990305,-0.05887726743077975
210.21056157013808,4.784254465065589,9.56839066575313,14.759730260460424,-0.017545885305371198,-0.26843217288201504,-0.08396528367729411,3.3002882756739815,16.25284233999182,-1.095936734960891,-0.7133552178285645,-1.1538290087511398,-0.05875442121134698
210.61046405082465,4.772826947113103,9.487928666450784,14.61781178365631,-0.018019343506765824,-0.2659875880915827,-0.10504614241226407,3.0401659372593035,15.69782590541058,-1.0495111663366141,-0.6779115922655188,-1.2427316744413899,-0.050601328877344656
211.0,4.930464527638905,9.493305320608332,14.440691348561382,-0.004847398839384474,-0.2574287347214893,-0.11321028441067743,2.9530173484474576,15.324273096867625,-1.2137941837320492,-0.632024462712641,-1.2828743065163513,-0.061493284751099955
211.41027293606194,4.927080141650143,9.392880753268804,14.398209131824345,-0.005302108925026818,-0.2570401218675914,-0.11238165408648998,2.71940722240953,14.777406569234945,-1.241551158835889,-0.5926744271641636,-1.3419974084267288,-0.06240321501529488
212.0,5.104680422741642,9.322428057744814,14.183209894337102,0.009216822009761275,-0.2506354853852195,-0.12105419361254524,2.569946735191134,14.050892652409923,-1.4379393471933146,-0.5306339038250977,-1.4073010023578396,-0.0740796129924053
212.8099776383455,5.102760777031923,9.144540355364473,13.956472284716344,0.00811226630771152,-0.24824730359868274,-0.1444031712038486,2.211637803984916,12.775002409107373,-1.430355424366516,-0.4511120279694286,-1.5387754888093894,-0.06634257547480663
213.0,5.135557357588747,9.250813083442525,13.982280518886792,0.010610936420464567,-0.2363227279161816,-0.14141793020331916,2.1559452777208885,12.66904948578412,-1.3858458999908132,-0.4341918200546268,-1.5332899280771537,-0.06286483186077457
213.20990922033982,5.144410409954926,9.201452666705071,14.247652579674238,0.012204391993186417,-0.23560881129533626,-0.12155648658296775,2.0044401989126026,12.308965737359587,-1.1218191050443462,-0.4477142182849302,-1.5734339046483603,-0.04459740179496864
213.60985056956935,5.153157891160836,9.100210081216204,14.24623175002265,0.0127146343920418,-0.23612893665392817,-0.11215360897398062,1.809825392273181,11.68941382240424,-1.1718891067268669,-0.4274393138650008,-1.6091982083853114,-0.04907891188680635
214.0,5.451788891419834,9.08567037205712,14.182208433509095,0.03630408433427069,-0.22993280469373148,-0.11321623865370915,1.966885398856168,11.119962198882474,-1.2129218638576271,-0.36356039772581944,-1.6424492400162642,-0.05102908973084914
214.4,5.466515554011516,8.992775993913227,14.417367770788818,0.0362913600048295,-0.23004186985432573,-0.0933836625870361,1.8283362323909806,10.453794064559577,-0.9770692416918996,-0.33351309525526973,-1.6786878586324034,-0.03522340337473896
215.0,5.053104227389944,9.173944261983848,14.456421672322806,0.0019553771061768116,-0.20526253116982215,-0.08854640721339851,1.0871380973879914,9.864895506836358,-0.891593425513779,-0.3692711654827726,-1.6600055751925678,-0.02834503740688337
216.0,5.112593871886536,9.128561930857074,14.491874431103284,0.00660850238349267,-0.19297614486732514,-0.08192697302537542,0.8037359784883705,8.387156425782031,-0.7819851377509566,-0.3001870991949597,-1.6827328683474025,-0.019452716764475866
216.60000000000002,5.11657389365806,9.012775978175283,14.432477505801332,0.006610661793154417,-0.1929752288513471,-0.08270427204384401,0.6352969399520467,7.3705982756560235,-0.8022592110945966,-0.2613381621832428,-1.704656701855069,-0.02024039684036212
216.80989046036794,5.112499061881339,9.008264047876956,14.402126588829947,0.0066492454718571,-0.18838434196160178,-0.08555201832508853,0.5581336714332196,6.835078909241489,-0.7922716160480987,-0.25895746914121187,-1.7764377494390295,-0.018609810298799587
217.0,5.212983460692253,9.087399987018333,14.651025435513414,0.014610386837100005,-0.1794436824287364,-0.07295565173953499,0.6381112145202131,6.625547560293123,-0.47665883775213647,-0.22938634705046376,-1.7676159191189869,0.003265412952658347
217.60000000000002,5.219572923551224,8.979617641526007,14.464604151785375,0.014419762577155566,-0.17947536782731247,-0.08404924520205187,0.5175662083675425,5.5632850926173,-0.5870099890374618,-0.18826667251845383,-1.7821269512524471,-0.0025989183849469636
218.0,5.173498129249371,8.739352097711407,14.506125036037874,0.010209708330070455,-0.19281879585324183,-0.08003009822108745,0.3743911973498741,4.6609138155198675,-0.5035163260028405,-0.17187773532552658,-1.811748930307939,0.0039023792538890275
218.41033487583456,5.214749210430136,8.674746749322965,14.474769755035338,0.014487529088308148,-0.19206408153976404,-0.08035545488117725,0.1869188251445193,3.90530417721733,-0.5024481252672833,-0.19504512266888527,-1.8164865352036623,0.003900907718542676
219.0,5.386204771153167,8.451775179638764,14.277165706347002,0.027430074160578535,-0.20058357376921288,-0.08736836412648487,0.24211433446157474,2.708774042527114,-0.6905455277739176,-0.1451971399762189,-1.8301768631393187,-0.00839739778575031
219.0105762400491,5.406476274656044,8.464972608724224,14.20474218670413,0.02695934314268102,-0.19579656253445474,-0.10020402008722151,0.28602065175046193,2.53492590717972,-0.6384934882633538,-0.11689454991655669,-1.9059382649991317,-0.0024024637730676555
219.21066510738373,5.4535601303267205,8.449423300449304,14.323093971867879,0.029929818737235783,-0.1927951007171939,-0.07837498851075383,0.20849419729763252,2.0750628040423718,-0.7317659026343408,-0.12181885452843957,-1.9393351051234402,-0.011525977048498375
219.41075798766337,5.4578089570416894,8.402294359767994,14.308520076287781,0.027662066807499375,-0.1918446362350631,-0.0779736743309266,0.28182786958982975,1.6341535379198406,-0.7341603259615048,-0.06406066791094639,-1.9665594415624321,-0.011004701755093377
219.81095526174178,5.470812740275868,8.32659043053779,14.28468185053398,0.0278111340843391,-0.19167235984716963,-0.07666323208050552,0.2577285071020397,0.8399926465839219,-0.7436213487728753,-0.03696164469538815,-1.9711326993507001,-0.011388710616410598
220.0,5.711379761152209,8.388885181547376,14.333014504817188,0.046658510890553936,-0.1837721384741649,-0.07280659873832512,0.5044324280707846,0.5773314837412465,-0.6812432426545577,0.004542106845733612,-1.9576691986845187,-0.006996782174905567
220.60000000000002,5.739641186112437,8.278414155025253,14.387328630669858,0.046669614657843764,-0.18381520427262626,-0.06604080708344684,0.5206335524539428,-0.5957889181103342,-0.5944280925100057,0.04814407443055567,-1.9513660048349728,-0.0004245858081565147
221.0,5.7535262622448595,8.160664237848986,14.467318941510696,0.04629966444265703,-0.18733654020223237,-0.060083756137808746,0.5383811660081468,-1.4267614888375382,-0.4797823578494347,0.07568404957302238,-1.9496097226027223,0.00754843455656437
221.6120029520611,5.7864642288634345,8.028608549650409,14.446638848052487,0.049326997814862335,-0.1905854498449606,-0.05635169573616895,0.45394244249369814,-2.5031560150896697,-0.4888236092851467,0.05669441263968843,-1.884123966154313,0.005523565183735344
222.0,5.745817396469053,7.582511025931678,14.615197016390157,0.04461381419256924,-0.22020605131396526,-0.044505011782254314,0.39629941858892975,-3.671260792562764,-0.29472557953645784,0.06532397457762722,-1.9213302488826356,0.01835647273581826
222.8128040966043,5.783505218316404,7.466870957985259,14.523549851896608,0.04220763825299276,-0.2124873503791141,-0.056966356583103124,0.5991495795172805,-5.467533485960063,-0.24047332401172808,0.16292528047410912,-1.9715344291174013,0.024722383117501225
223.0,5.744780856938948,7.698406632858613,14.694415569627518,0.038456670884647506,-0.1909767551514472,-0.048709892194573556,0.6034722445381501,-5.491139482990092,-0.01604363248307042,0.17519645817738683,-1.9151201306556964,0.04004072200205695
223.60000000000002,5.770812647154806,7.588788713568813,14.848695213053091,0.038678319200049445,-0.1905601709352668,-0.035048110016636706,0.7152597616846618,-6.641111966277866,0.16367323280558882,0.2102188893707698,-1.8807747518820377,0.051115624585657736
224.0,5.871409143872224,7.395615786846683,14.656108234575946,0.045377795450098624,-0.1997818116973646,-0.043337881261890185,0.8852809386795515,-7.564839630629384,-0.03294847043226082,0.24259725495404558,-1.8792070758106685,0.03712497329350302
224.01364389691997,5.77530880741484,7.317578751830703,14.70129619389355,0.03451212394676673,-0.20682214820521763,-0.03204598939268197,1.1486518141938251,-7.434417326031231,-0.06578291831542775,0.3516805017160848,-1.8186886847094412,0.03366895225730437
224.4,5.784119463873707,7.228005610793591,14.507572237843664,0.03418729333842785,-0.20760755124665148,-0.04580244318316671,1.2962519718368175,-8.112918836291959,-0.20029520644764687,0.3847931260901735,-1.7801682166898813,0.025303497320401887
225.0,5.4088315366027535,7.201672561551697,14.784311670509576,0.0030035852532013206,-0.1996842780779628,-0.03142793783834417,1.098624347472487,-8.995920665313912,0.1866705347335002,0.37698809329505373,-1.697798106014575,0.052067047689500295
226.0,5.779323420042049,6.853507356314549,14.813342906043816,0.03177431770340061,-0.211580204660421,-0.028257185146114545,1.996711286018094,-10.836368729306004,0.30727017494472975,0.5213825407416501,-1.6158209742731955,0.059909599889303965
227.0,6.096208134557837,6.442317615244839,14.57144337129744,0.05355450441763349,-0.22795748048217576,-0.03571073650899836,2.9251680853984574,-12.923124999689591,0.0283578360068793,0.6575882623263918,-1.5923921618017753,0.0388360466099909
227.4,6.117897777122431,6.351830444819405,14.562225949527893,0.05357143363408018,-0.22791006796667054,-0.035299994079084296,3.194484659130033,-13.55121721388726,0.04723217097723775,0.6899540351630231,-1.5442420654957625,0.03958415846932834
228.0,6.109808364878125,6.2069867447212275,14.564984409880426,0.05046312445496125,-0.2285528963967107,-0.034025329683107654,3.533484868048026,-14.490341947910387,0.09581143475533863,0.72090080719417,-1.4733474953557513,0.042685907886630264
228.20000000000002,6.134837604358154,6.20124201457667,14.806664052795313,0.051379151177450795,-0.2259174267487435,-0.013602859312199983,3.6695111296504352,-14.815176041434784,0.2499972538553417,0.7339421467209831,-1.4549939616141314,0.051555131867095344
229.0,6.117163514619446,6.067065992553254,14.734904543196723,0.046764665352731646,-0.22215202835502626,-0.016024191139423362,4.119318615797527,-15.804021174263529,0.20571794974076724,0.7621342245985152,-1.3166995848795102,0.04672183791290546
229.6171312275841,6.183295113984771,6.11718946109004,14.62366463903864,0.04958667315694095,-0.207966274121049,-0.03212791650319992,4.551727241378839,-16.86328758812675,0.3059141077495792,0.7897135311912984,-1.3072910571051213,0.054480053730184046
229.8172226794681,6.377948478315353,6.101951774482735,14.63724167164729,0.06427093465276568,-0.20627107082070636,-0.030193102579098918,4.364460396264069,-17.147908539243353,0.3003507655985846,0.6947901369174245,-1.2802405119964544,0.052746047525594676
230.0,5.881509032451243,6.214067579961128,14.582359695310384,0.024953182250984494,-0.19131048876330656,-0.04185492767588551,3.953009187148009,-16.649455559061625,0.5187630717719797,0.6335070255366329,-1.1222725506853042,0.06981155554017558
230.21739599864108,5.8924238873776,6.214945613250115,14.596651665307053,0.02521130647284919,-0.188426241105135,-0.039209071019655754,4.091399148765746,-16.927410875638067,0.5188570890949145,0.6426348962737359,-1.0976382626732337,0.069113520375678
231.0,5.871783274397922,5.829554043791503,14.761691159111205,0.022403448880133046,-0.20646992387641083,-0.02826225528704069,4.556097702601358,-18.030426044051342,0.8089782628447721,0.6641260481484844,-1.0134065184893524,0.0864891682447023
231.61789595619553,5.859428242768291,5.657539398171314,14.9004373562286,0.01937516142520994,-0.21165721987598432,-0.007008422309145036,5.061184888403918,-18.470657562703728,0.7762597841466817,0.7161502520645304,-0.8562086382424876,0.08076240198458344
232.0,5.724152263372732,5.6324580542453315,14.81194450085023,0.008246847452509573,-0.20730660188136688,-0.011944429823895798,5.162713674143584,-18.71133997005005,0.7133129105180392,0.7050323682378278,-0.7774711161847515,0.07537157023013087
233.0,5.734313067901273,5.25164767818718,14.713732502019873,0.008597388750450151,-0.22012078502408994,-0.01594949131476852,5.8836629408062615,-19.68411817021298,0.6879608417482673,0.7348661278151436,-0.6496378365585677,0.07006296532970549
233.01821874789073,5.78451542951552,5.181136470265766,14.824657062650342,0.013158303579484736,-0.2264575785484924,-0.0006770648554331668,5.804909516620916,-19.574052533289812,0.6390725503646499,0.6991923376853673,-0.6000261199681692,0.06518373297554805
234.0,5.877720704129411,5.234189063276629,14.95496467833201,0.018935221796530233,-0.20644268360405582,0.003975764652644974,6.613037305719832,-19.53552487115259,0.888978761275745,0.7365301406008463,-0.31607022914299254,0.08097506807803168
234.8183617364125,5.899071878942746,4.888142166523266,14.861105743713706,0.019287396083708733,-0.2214750378498266,-0.008346084063035795,7.218907293457961,-19.35100502429595,1.0001996254560952,0.748445348543236,-0.0371522713713731,0.08935233052622418
235.0,6.092050541151653,4.697714285200709,15.058930044856076,0.03360540194949271,-0.23295768658698643,0.001726163232357629,7.661658823963192,-19.53965730656285,1.2527098297792212,0.8052398194112755,-0.02596365945819789,0.10560817054791186
235.4,6.105631092598318,4.603544465936914,15.106802891776608,0.03361620920515548,-0.23306566745422122,0.005129365518201998,7.9853793342272485,-19.530478231761446,1.3315879287954107,0.8133944398402861,0.05794298584976128,0.10893907344978072
235.4183417090711,6.099543743924195,4.6598933093925075,15.12865696288118,0.03304019865249386,-0.22725414638973881,0.00876274814333862,8.011357440972661,-19.66799693910103,1.3182152946613939,0.8184984822982782,0.013482022410093074,0.10675598987302676
236.0,6.210067923425052,3.7273441922430095,15.071169139645374,0.04044265630898433,-0.28689988512095527,0.0013499952974491934,8.629341773072674,-20.61675112573702,1.4226028896391214,0.8532672743388716,-0.020024008578370694,0.11041330799826607
236.01828894008275,6.152679315274863,3.677698637541012,15.181789132239228,0.03517056302479895,-0.29141189712823656,0.01657111652598564,8.743614903102015,-20.530289101576766,1.3663989458391947,0.8885192182230282,0.014374013839522116,0.10497248360529342
236.2182642675452,6.023376619663456,3.6172005031011145,15.171987057417681,0.02279737056907547,-0.2920084404849208,0.014525975635417793,9.179669746844061,-20.506295040072896,1.396051268273307,0.9841953191439139,0.05735365747033333,0.1066437408122015
236.4,6.027068710969684,3.567388592570351,14.865434147430468,0.022743056090927284,-0.2918603117596135,-0.006163014690441273,9.35877357270661,-20.495333549798623,1.145099574283538,0.9906463087433661,0.0908891000112956,0.09025248454925303
237.0,5.5149769335718215,3.8167247125312103,14.761103696507739,-0.01771423324971394,-0.2603446264104067,-0.012253839685703616,9.300210168478507,-19.85015232565525,1.0852056589454668,0.9145916335827482,0.2909641158227992,0.0850480383538847
237.20000000000002,5.5111813440954585,3.767830202970123,14.531117793650155,-0.01774999436011585,-0.2602081423672233,-0.028120594539371664,9.48333620635119,-19.789277535155165,0.9102042597914743,0.9193072633723146,0.32923501144919765,0.07344799573418402
238.0,5.505908628396644,3.308269192952931,14.481252377641749,-0.01700145377861303,-0.27830056299316985,-0.028908302822298667,10.243297158561269,-19.855027396151037,0.9348815589182129,0.9405254256529814,0.41155718252588314,0.07106647485869114
238.8,5.49239144389409,3.083731592819323,14.576686868738136,-0.01698431418258822,-0.27836397239912125,-0.02007267836439494,11.002387720546224,-19.469840996677906,1.0850235982380012,0.9567408903772677,0.550992833234788,0.07838954258803842
238.8176544914508,5.383366979555349,3.037276585637614,14.599328490473043,-0.027764137060509186,-0.28311696583538065,-0.01646245807613555,11.337291947545939,-19.318796548157508,1.067519630765271,1.0630974508030189,0.601680146701808,0.07756640165161494
239.0,5.279085838973609,3.3567068206700004,14.487192860039903,-0.035338746007541014,-0.25620411367572804,-0.025331470075342734,11.367620452949431,-18.573599871557906,1.0062859777651443,1.0399070456304644,0.7466704447497247,0.0746998860765082
239.0175883884661,5.221108291600051,3.2090889827217537,14.592323963197472,-0.04087633390499637,-0.26990539044146106,-0.007745867729484646,11.501661955060786,-18.300424902594177,0.9199443096874137,1.0825055535378447,0.8451598500416179,0.06783294143727756
239.8173032745914,5.14191678696083,3.128346942791353,14.684678002686068,-0.04506816108543145,-0.2563976724510446,0.008795113525344064,12.48136243881913,-17.962984042967776,0.8872726248272956,1.1473767753438822,0.8739287708911153,0.059115899298539165
240.0,5.23190318517373,2.6492653837818505,14.741995888048422,-0.03735810902390016,-0.2895162377178798,0.010631132033735034,12.80298614917759,-18.318412728434712,0.9705225955620692,1.1697039697732945,0.836540706704957,0.06353593011691494
241.0,4.805024945811439,2.3653046122055597,14.776914671692268,-0.06661780779039063,-0.2887969230724618,0.01227971528324016,13.432425091518544,-17.41299708983399,1.0547277754405775,1.1183062121171958,0.9915922559604237,0.06567869798743356
241.61658185808886,4.790782711155658,2.2245012857621878,14.751305693452357,-0.06386551170402822,-0.2852705678276164,0.006778396660264444,14.045515367837837,-16.861457165985577,1.1141801367364756,1.108465785365111,1.0527493420583653,0.06765380302580296
242.0,5.175811565589718,1.9446349511652141,14.629496802724749,-0.032639807330119376,-0.29814350681920704,0.0009997276917476762,15.013625835922287,-16.72809197068221,0.9812441217906389,1.200303335468606,1.0563546239606703,0.05688478236457577
242.41625194277512,5.123626930702965,1.8222869057568003,14.597431848825574,-0.036599981729448464,-0.2981294264719387,-0.0042495865173889135,15.618937514112977,-16.275392092679223,1.0235634837526222,1.2513005596529372,1.1101756472618907,0.05880962488254814
243.0,5.421626068326267,1.828582252462411,14.63038193237727,-0.01201157614509719,-0.2843095958286268,-0.002138747048387699,16.738089699666006,-15.386593858079298,1.0986119069475473,1.3250548656979029,1.2108825192289905,0.06215882729845676
243.01601237043656,5.42560280640685,1.8169284316384993,14.62479348577213,-0.011625251483398073,-0.2849345062385397,-0.0029500048206978794,16.75229189896092,-15.355061374562656,1.102472236134363,1.3230303431002064,1.217194813538825,0.06252254994930526
244.0,5.702568824954163,1.700738511357306,14.757022638923523,0.010271996050189655,-0.2724232503357424,0.004611195998639375,18.470387748104905,-13.874529650234209,1.3145438703571406,1.4245167432108652,1.3605634786832455,0.07384470457017538
244.4,5.706028335752354,1.5924289460614542,14.68318794125551,0.010205352143213062,-0.2723821210173276,-0.0009052461334553607,19.04494987512032,-13.324226756958332,1.2821904520997793,1.4431689248304447,1.399894847295245,0.07031180091622657
245.0,6.039353330930275,1.2575925096029332,14.531662413398845,0.034747244183201076,-0.28545404475945124,-0.009569554185932073,20.432787983192366,-12.709465296795152,1.1673403513841287,1.5580087118914419,1.4150499005024217,0.061074469086731475
246.0,5.9583553649217915,1.2012850648217863,14.594774819429364,0.026183733344424854,-0.26817333895242274,-0.004923404440231551,21.80709560743422,-10.813770840874831,1.2967908892556976,1.5725449516846457,1.5701220900384538,0.06634408793520859
247.0,5.835155964103647,0.9828325058747498,14.46279582522503,0.015032102569318867,-0.26452998053955706,-0.010543644293827948,22.98316193726115,-9.109766509944397,1.193584389798284,1.5345050175859836,1.649588935963602,0.05611839818415906
248.0,5.847593331870187,0.6908111975575809,14.224870311846354,0.014746607547574975,-0.26672695928428486,-0.02133386831099654,24.49153641048078,-7.538440187921159,0.9643306606743077,1.557385308069365,1.6704826412172455,0.03729608051453576
248.8,5.849396378510287,0.49040190125407285,13.826312795799433,0.014082976192218755,-0.26593405438002793,-0.05126141442394884,25.755023645134667,-6.208697504288581,0.7749989777019188,1.581902590561847,1.6817234313382803,0.025272642133500004
249.0,5.931151564564986,0.4714502060045237,13.779287838936938,0.02086820302521339,-0.2624593039751799,-0.052377091068273485,26.691184027725427,-5.4924103073774,0.7260141330141759,1.7154750855089667,1.7632152821281941,0.02195255178273179
249.81574936264101,6.771131302117077,0.17171654715929233,13.622796042578493,0.0805436033328859,-0.26942371608108867,-0.0684436286584099,26.93876990429472,-3.8903027609070495,0.8237681426331352,1.4238846517535235,1.8111740776144845,0.02868692729350307
250.0,6.943910571306971,0.14468823309405607,13.452808651766118,0.09333821932403966,-0.264765271597162,-0.07507441946133799,27.549850517261795,-2.485156657518825,0.5937440309088335,1.483025338807227,2.034473827012377,0.013723460542487494
250.20000000000002,6.9332900349245445,0.10347283914381272,13.21304928500713,0.0913129008185626,-0.2640270968210521,-0.09296459085464556,27.873223458699627,-2.0863257505860826,0.48925549229222287,1.4922269891410125,2.0358237491002678,0.008315411350164406
250.6161825126459,7.109119374336618,0.5730045770668873,13.222984778859079,0.10062525894492498,-0.22392029503178223,-0.0862871336234401,28.329720758932787,-1.9101250137174213,0.4449397217056807,1.4526572628239622,1.854416833240231,0.0028863020628443394
251.0,7.177723417782452,0.8212184430400731,12.935417535931352,0.10275474728143515,-0.1983838254505819,-0.09940210289012824,28.921184414439708,-0.7861452247595301,0.13281628341700458,1.4596327100672333,1.9078572635598934,-0.018433544829282004
251.21657412047892,7.23116582261293,0.7840234433274685,12.895837224059674,0.10564357856154029,-0.19815334613707392,-0.10208606453322434,29.17268708575535,-0.37308884555409794,0.14215598498365487,1.436818817569785,1.9046881683499406,-0.017873745373512603
251.41671663839645,7.214614686683572,0.7337276372611211,12.899747433511912,0.10169446393562072,-0.1986456818516947,-0.09824462629654317,29.57012184887668,0.010784182381437172,0.12042683376859883,1.476158560883004,1.9001539739754247,-0.01969897082826099
252.0,7.158769391019774,0.3926289397525021,12.860172916625533,0.09303466017133868,-0.21545309312233046,-0.09705641892929642,30.29322115426278,0.7989622550233388,0.12027348135462626,1.4556561186173431,1.8282811822753737,-0.019717122431345012
252.21734216436798,7.202691335094244,0.33325859375278244,12.894109778674059,0.0949089670802097,-0.2164400900287328,-0.09024399272411808,30.575469940031212,1.210449136639289,0.08027105714655774,1.4439250425796923,1.8227095540181923,-0.023470697280490654
253.0,7.063439073158964,0.23924927412138003,12.787813851843831,0.07932054338278838,-0.21094254044598998,-0.09204623295403767,31.42543906826849,2.714688219670949,0.01861486231153009,1.3942429990700012,1.7897880123640972,-0.028111604530035337
253.0180473905834,7.0920068328961205,0.25106851065114,12.759279926004275,0.08504505909132767,-0.20982854133994194,-0.09718800204210658,31.25559256196787,2.7233692313471667,0.034159601983079914,1.3138412519499323,1.7803061739184067,-0.026458645317487567
253.21823465162385,7.11223350324605,0.21168909407568576,12.735394111995616,0.0860080800238953,-0.20961476245085126,-0.09808360027467462,31.478882414525415,3.0725601286322175,0.0314876852861259,1.2931879913021633,1.7639854608264034,-0.026875219237100893
253.6186208660202,7.148290857606824,0.12540987779123583,12.699634715428155,0.08505277345820166,-0.2099196664815811,-0.09714943480117842,32.05447664126187,3.7863231673117825,0.018391752010841016,1.305365748581833,1.7378422438912704,-0.027161842785720834
254.0,7.071207390102255,0.43714245662854817,12.586797935633411,0.07695854399679716,-0.18192556905708,-0.10065176548521715,32.40053876036333,5.043699704666906,-0.08261296768805153,1.2713606702064448,1.8135706622879133,-0.033670832044219196
254.81985795829644,7.12438481842934,0.2739361358552794,12.234965991295134,0.07655785568241112,-0.18342887575635944,-0.11806708647715382,33.42811075648381,6.5471113348710706,-0.3381245990748812,1.2452301645260337,1.7575583605959744,-0.04911557855569194
255.0,7.660442182895229,-0.10934486383943531,12.038570441105234,0.11535868024672497,-0.20947357040886797,-0.12879370961857678,34.30229535165578,6.404569119399906,-0.5409584039037146,1.3404770420970944,1.670833616864574,-0.06210122584925409
255.02007340150274,7.6286739927874745,-0.12649161898199748,11.957345408675867,0.11260993934785092,-0.2108832149322598,-0.1397903152352124,34.377745547135355,6.471153257944307,-0.4931705830397353,1.3569351717918203,1.680638746743746,-0.05737002688106286
255.42051040120202,7.6554569914189035,-0.22704256858920968,11.950194543355774,0.10341049492869173,-0.21398460352007945,-0.12990250479389387,35.35149592635675,7.263977452717724,-0.5500095989551954,1.5138670493837236,1.6824745927756835,-0.06228282241601169
255.82095424640085,7.6969136524586785,-0.3134968285852309,11.903720586888056,0.1023505000912283,-0.21436214618019797,-0.12876013859301083,36.02344904117154,7.950933321776009,-0.5790347505953499,1.540868654816694,1.6464449272247832,-0.06329579832906355
256.0,7.860707354211924,-0.49300905144698604,11.948598945857693,0.11352856122858207,-0.22463859262557737,-0.12559640494856064,36.47541560420312,8.049975340030047,-0.5127412626993009,1.567020806755276,1.5942245626542633,-0.058192268478040564
256.2214034135306,7.883067505069496,-0.5106408706974239,11.931213138865767,0.11291861171741746,-0.22104072215786325,-0.12405174557478316,36.845023836479534,8.313754717613188,-0.5310991082641335,1.578580250361723,1.53654732663987,-0.05924999556136758
256.4216295312188,7.9534466210269,-0.6119614988959257,11.942922761385034,0.12026316630617656,-0.2270663793949922,-0.11891596788272532,36.902308289066525,8.760649652134708,-0.5629578017229119,1.486217849846234,1.5602048324631101,-0.06233223177203054
257.0,8.070520886250007,-0.7019326464160472,11.82576536370629,0.12390355056875173,-0.22400471716793688,-0.12179675642847024,37.815382767253034,9.69153896254507,-0.6507804704348467,1.492424237483323,1.491965845748005,-0.06655972781879364
258.0,8.129816618297005,-0.9515570527253556,11.743136506408192,0.11901157457423325,-0.22586920169179978,-0.11941748070130186,39.22299416166492,11.07825357157333,-0.6770202292098939,1.477254760659411,1.3407432272153377,-0.06634780779851934
258.624131931579,8.220163162545571,-1.085613805321162,11.66318799108666,0.12138823606667197,-0.22469915995926476,-0.12038450094328437,40.05303115059418,11.839912429753618,-0.7149480998553315,1.4408109881835889,1.2240463577959775,-0.06671919000214509
258.8,8.250136205124054,-1.1225103134618362,11.947717467785868,0.12193815914989137,-0.22451948093763793,-0.09810586793418455,40.29902968140019,12.049388713268959,-0.47954340517536465,1.437097559750081,1.1924496166862553,-0.052138509453234824
259.0,8.314464182832378,-0.7850950383518256,11.74832789232122,0.12543048465965964,-0.19686104520273803,-0.10739993352508267,40.55328266749066,12.927095900060738,-0.6936627296468796,1.4185654154533531,1.2694926147701517,-0.06655674432983316
259.0245804843023,8.368837765389083,-0.7629380509889689,11.86870828138047,0.13139453192558026,-0.19353362822176529,-0.09928550484286115,40.43616163549716,12.87717260561109,-0.5860950375898005,1.3585163961920117,1.234882263625915,-0.059495605530126394
259.82546227557253,8.460330115197918,-0.9280646823634695,11.78926331044065,0.1291919662812146,-0.19508263686814517,-0.0989168847413926,41.61491512604621,13.870198184842634,-0.6366959303820487,1.3756356866333914,1.1138809777439533,-0.061854318339756534
260.0,8.266731113024072,-1.0176815521633966,11.743167307081404,0.11219538588222847,-0.19958891809756613,-0.09872109889932901,41.58896048766827,14.042433211997226,-0.7003216610782305,1.3372764792273404,1.0848468222586278,-0.06643530077499239
260.22589359120184,8.264015769421425,-1.0862219515571336,11.718822958022905,0.10843169193921377,-0.20246843411124013,-0.09841788405559143,42.01007158429243,14.359864987213314,-0.7169223493042816,1.3811929206551246,1.0716339122525467,-0.06708014115151005
260.8265261096612,8.448477027209428,-1.478718298487846,11.695881963835731,0.11869629947291852,-0.22599323106258365,-0.09256474192647957,42.55283633960615,15.536564666680947,-0.7878035371516544,1.2831449202933936,1.1293900365019485,-0.07225305145123893
261.0,8.38908996687864,-1.2682995040534872,11.683869227763697,0.11248388887635856,-0.20702094774745142,-0.09228351348789848,42.63855248358225,16.12013273054167,-0.7948667335558918,1.2555739559771497,1.1605770220413318,-0.0726030022347458
261.2269369796825,8.421360574614312,-1.3074123048444215,11.66214311111854,0.11351480887940311,-0.20609332527774382,-0.0926429832129821,42.88643433391978,16.35436453539702,-0.8098678590616354,1.2335577176821944,1.112630115363877,-0.07272847377958211
262.0,8.52291925947612,-1.645923401817009,11.581209562941723,0.11451999965852878,-0.2197293703148346,-0.09290506580666655,43.89861704873548,16.839491877363486,-0.8810349648501724,1.2221610785825996,0.9218637584663812,-0.07484461107123605
262.6,8.600381732847143,-1.7740650302154464,11.701332610820034,0.11507765401321295,-0.2195067329990578,-0.07939335797015937,44.619718792315844,17.355488516463925,-0.8084217205974408,1.2009402157934115,0.8060274595980939,-0.069461929746474
262.62829577967983,8.597485076698431,-1.7864862033659905,11.698788025185054,0.1141499268586361,-0.2202490399700621,-0.07920994745841613,44.69329477567169,17.40313490695201,-0.8112048067608133,1.2154328563717265,0.8098311991528805,-0.06981453862910783
263.0,9.238690809478602,-1.9062907324004739,11.762381241992356,0.16135707053481332,-0.22282023074746363,-0.07847585522561146,46.05815934831814,17.262818952082824,-0.6599457052651466,1.3449750035302528,0.6432167455380172,-0.05670989952177879
264.0,9.335574027339927,-2.0132336322288498,11.753136681699141,0.15632167266880065,-0.21371415823892478,-0.07541274301405235,47.187363596133096,18.204200516941633,-0.6214875875715969,1.2863082924504254,0.5053533024615817,-0.052014390150055004
264.40000000000003,9.401677977274916,-2.0972084738011842,11.776018951491098,0.15652889033357253,-0.2136262594248102,-0.07224230919576126,47.698455537124055,18.388630814473856,-0.6092929436861785,1.2766667863173573,0.42006059381475186,-0.051136232173200624
264.4298309201526,9.428137295000903,-2.091829293935828,11.775032874452188,0.1588914236355608,-0.21233425502891248,-0.07243950869932168,47.6633981352254,18.362360562090636,-0.6104002373889214,1.2483172620700964,0.39877895697524635,-0.050896877520691004
264.83013603643474,9.493946793730002,-2.1758922129252283,11.746203015129074,0.15914772287510534,-0.21221182446068054,-0.0724601878813324,48.15083831838395,18.499432987611623,-0.6307698358057198,1.2329169117042744,0.308833441262837,-0.051148323513535536
265.0,9.804747817316656,-2.017037265475815,11.788124673956302,0.1818920415338689,-0.19672998312746307,-0.07307623798562204,48.64671683099191,18.86090969014671,-0.5007794938507037,1.2567682663726427,0.31668783826428903,-0.041780488934950046
265.0302834368498,9.779706448947003,-2.038727496801601,11.783713872874136,0.1786331196617923,-0.1984569705570142,-0.07292191867123535,48.76535493048981,18.913034297021674,-0.5019343017140825,1.2886570629950767,0.32779657942945134,-0.042034990363116795
265.2304273571339,9.904035821272352,-2.1962533915085354,11.848201681676036,0.18485333559134673,-0.2069852781719087,-0.06269909600239505,48.93233614426442,19.102039777551695,-0.5792343183026967,1.2580228524022277,0.3219059445507772,-0.048705499768029056
265.8308379752389,9.910962934402159,-2.2696776739557425,11.583968707375108,0.1779528455958511,-0.20317538240227423,-0.09153347213772312,49.79132944785628,19.16693392735196,-0.4191299769636174,1.2706649735332007,0.16589484465305168,-0.033105322807309795
266.0,9.985953467503688,-2.3215090727358616,11.523001058211653,0.18318005159441564,-0.20345142059368132,-0.09505822670783416,49.87097599664092,19.06336693839434,-0.466170752000681,1.2102689734470091,0.0875016647852448,-0.03503072472374977
266.8,10.159166962108783,-2.470999176218708,12.017454478364929,0.18473356423674547,-0.20277728977726794,-0.052194512394602335,50.81731883440536,19.051498860335755,-0.12008511000458905,1.1791538909782806,-0.0998987521178509,-0.012751959614822738
267.0,10.172595517807965,-2.389322828188288,12.02004473119821,0.18305655103992594,-0.1935867620048941,-0.051736861544226,50.996217473806055,19.22934384901383,-0.10230586648858145,1.1598868082878775,-0.1121473058240014,-0.011525121855512604
268.0,10.400278164074068,-2.6740205553506007,11.910453368466738,0.18628206580180448,-0.20032904655840422,-0.05433256390233247,52.22692954450041,18.801746884708795,-0.20269623638391882,1.1359830992747788,-0.38378776382329227,-0.016621120989401685
268.0320664516911,10.413683887320895,-2.677966994620928,11.907784959798693,0.18709449059106617,-0.19999950130560235,-0.054504419000205875,52.24373966665032,18.779928434749433,-0.20219969713343597,1.1265197874175872,-0.3955661670498238,-0.01644678543003069
268.832404784682,10.620197332499332,-2.830238170738058,11.85748299969839,0.19393192813702506,-0.19802797597213692,-0.055865313674874184,52.881010161870776,18.28136431993985,-0.20612899314192784,0.9986569355084319,-0.6312500613189634,-0.014202590780839968
269.0,10.891872918037699,-2.4172151479101904,11.727392241409015,0.213294560224206,-0.16423806758511011,-0.06339685211720654,53.070583346136836,19.129189377278898,-0.37771625872609527,0.9611868166192852,-0.4983221826920312,-0.02770061076869624
269.0324804673833,10.877131054868142,-2.434441356539928,11.728195661911284,0.2108398640075051,-0.16555297226876434,-0.06287400692576975,53.16119551573012,19.145265262876958,-0.3816404801173606,0.9835851998386553,-0.49215930030335264,-0.028272880104158557
270.0,10.892818637295601,-2.5786848203891743,11.72926985639099,0.19631262693468865,-0.16472807340595103,-0.05930657745896419,53.74058498907922,18.840671468645347,-0.32524022768484806,0.8636229340449013,-0.6501729877455324,-0.023642084743783997
270.03280660283747,10.89169692874352,-2.519273027421945,11.812631525846836,0.19558763236583032,-0.16015756967273026,-0.05019352762001712,53.78534434789676,18.76176155238285,-0.3708742334344094,0.866209335815557,-0.674872419731611,-0.02726467382660355
270.632961532285,10.97559042876047,-2.6252073136312837,11.79294537155101,0.1910968703143562,-0.1617596293205754,-0.04862519391311976,54.44694905321248,18.383538496052406,-0.395792865442314,0.8818010523419165,-0.7799753557788166,-0.029073141332963043
271.0,10.929129804896391,-2.695323900185947,11.84749490252601,0.18214334853629116,-0.16289756087494484,-0.044431857324083696,54.622029631974115,18.1042834174425,-0.31195252114284977,0.8364783086793944,-0.8512712505740325,-0.02270104731931219
271.2330870859007,10.978766697649533,-2.9994248233158727,11.386225501375796,0.18362820100415933,-0.18177046658410226,-0.09090344143523871,54.757377287367824,18.15902226892749,-0.10854543777401118,0.8025470389820076,-0.8220512037353732,-0.005333211061477022
271.4331226046398,10.859022625828338,-2.72478961058583,11.364595962484376,0.1722519146121745,-0.15880723572704267,-0.09123613902341376,55.1072747188968,17.597673081931955,-0.09888011071013975,0.8437648980184341,-0.9807445929349358,-0.0027510808545767366
272.0,10.936228113835188,-3.1559053909700947,11.443717794507661,0.16980084190670883,-0.1834462975641167,-0.08331020228565084,55.57999474909683,16.520390006245027,0.05764307061186354,0.8111399116485635,-1.1844197681055666,0.009117475338370266
273.0,10.924479728562092,-3.037037972763445,11.350185452041321,0.1571896893527579,-0.1628881286240754,-0.08391373008275954,56.0373674486785,15.771383173813303,0.0500772467290814,0.6790423370849192,-1.2958206207627887,0.006862917109675962
274.0,11.191799205183454,-3.1616864270948457,11.2422302435967,0.1654891273263913,-0.15975021848591447,-0.08552110316650374,56.88066656362675,14.446859927288568,0.027614921152861432,0.6305036279262807,-1.4769125950187565,0.005549163281150356
274.2333193565481,11.089964672093876,-2.9927071628229824,11.055137793837059,0.15498009729379011,-0.14315483670353116,-0.10235924548792479,57.191397159666664,13.798827579660813,0.09436169043041953,0.6611675222577039,-1.6162640826792825,0.013420910004701154
275.0,11.368884985096706,-2.5762937500299934,11.173860472979982,0.1687322878499276,-0.10547165319094784,-0.09246887034272852,58.165083152721444,13.550194478525269,0.30386054011380087,0.6947455864777948,-1.568557943085253,0.024434612356471132
275.0332858072451,11.384487142985385,-2.6133793154575287,11.16164485431101,0.1695229603642983,-0.1081358065000454,-0.09338696358720962,58.17543244565365,13.539751040122026,0.30652088349426565,0.688519422310488,-1.560399459210617,0.024461416207382472
276.0,11.615317090783675,-2.7477018101350144,10.91729910521984,0.1744325350891951,-0.10985267488754565,-0.10144347231209488,59.01735425202208,11.938316929629824,0.14115355075201091,0.6572691180751791,-1.7141113285087561,0.013255475418860909
276.4331517273287,11.702785564159147,-3.0372263949547507,10.725780630366517,0.17596910969683238,-0.12944570570079078,-0.11646412685767779,59.24703388419366,11.554181771269672,0.18268346815164743,0.6109882413867642,-1.661071422983075,0.016391852690241425
276.63312582340404,11.731490866625629,-2.9791216589875615,10.750753805778672,0.1752063068606601,-0.12253598321019463,-0.11151285636616703,59.391944066859246,11.073609926355628,0.1746601235939186,0.6023420175886819,-1.7320150249327297,0.015891072093129743
277.0,11.678749550404495,-2.8034330091067146,10.575608084654226,0.1669203905211231,-0.10738389340538955,-0.11912071711907578,59.310289157583505,10.711588737131597,0.04750267061424246,0.5167593251845025,-1.7323158925878936,0.007350802058824662
277.0330696290429,11.725402917799894,-2.8540170191173937,10.658269302488034,0.1700567423460245,-0.11144823865951824,-0.11023737316237447,59.28111512950108,10.728177746935454,0.021547380059111998,0.4991925284537801,-1.7109287328222518,0.004227107682409859
277.83294155345305,12.051207610557789,-2.7353795211624012,10.551363296475131,0.1826610019285619,-0.09348419681521129,-0.1111578071373422,59.44644921786339,8.87333122612766,0.04083904015636739,0.3717546990602927,-1.9368868006939945,0.008469155886474808
278.0,12.06021203855181,-2.8081236943722083,10.656891831074851,0.18083090117053355,-0.09765737208342595,-0.10442768060129833,59.48343746200475,8.469721875089148,0.1768739172206929,0.35176280632215084,-1.9698711453773166,0.017502652087165598
278.4328338100004,12.18250511359267,-2.841460585774621,10.600244118230403,0.18484183522223513,-0.0970324080300594,-0.1056343534689078,59.531969461977965,7.591435251719757,0.18860442231006883,0.2740743082110565,-2.0243580876280474,0.018634028259659482
279.0,12.142644630343568,-2.565805674753922,10.552044060770207,0.17509774896174338,-0.07445870915035871,-0.10515102715131465,59.45912688409142,6.985515787779689,0.20557652174197744,0.17600895616175521,-1.982288467315342,0.01836902418550567
279.8,12.265065119461756,-2.62892881228724,9.738987631902624,0.17394182977276085,-0.07458063664023327,-0.15426240919465775,59.5773978582209,5.377654286082144,-0.30132223944184644,0.08676488907134172,-2.0474266998221493,-0.010121734789314309
280.0,12.298279678519007,-2.302576989058919,9.620717099992733,0.17500940017965194,-0.05114938781909252,-0.15879743863654044,59.52508712048156,5.677677790014329,-0.4138772802312497,0.0474664868753726,-1.9252169910249415,-0.018305678873247105
280.0325108159997,12.296092058231364,-2.2511675943238263,9.627936076656212,0.1742742328036469,-0.04658989093074312,-0.15729225216631487,59.542221514134624,5.53603336677233,-0.4189030374344366,0.04824355068920408,-1.9539007237982444,-0.01861572457043613
281.0,12.397083421972622,-1.973993333456671,9.98063530048273,0.17005188635939325,-0.024195398856486913,-0.13402751368124,59.4079581863347,4.230681502679697,0.16377765817095857,-0.09198259613088626,-1.892321430678248,0.019773256642791545
281.0322918298786,12.402829766435307,-2.047847972394556,9.917808613564699,0.17008940788936194,-0.030358065458685676,-0.1409597658320172,59.401078862802166,4.272475451099793,0.18854431070686278,-0.09629819951903992,-1.858712006461161,0.022063747971362752
281.2322470920003,12.357509278676378,-2.0548309250244126,9.904169376242008,0.161828058608336,-0.03062128855377256,-0.13880715746179004,59.5900106476415,3.921042982803148,0.18379993038889303,-0.04365969074647649,-1.8552328012737695,0.020834907241608004
282.0,12.721962905371713,-2.1859041561192627,9.920992956491581,0.17980564418869135,-0.03793402601643687,-0.1334483435401452,59.83492503788835,2.284141777772004,0.3537014741664075,-0.0863169066078491,-1.9025050868191238,0.031706520767715206
283.0,12.79798431105999,-2.1121616292467102,9.556745525472971,0.17225550438123446,-0.030083454347095116,-0.14399758853928118,59.5201124243396,0.6502014832052216,0.10275524487671284,-0.2293270193473327,-1.845085376548522,0.015091681069483134
283.23179197521705,12.781945363566967,-2.1058738489129474,9.52828599135087,0.1663767940377054,-0.029264277748061288,-0.14301677761647905,59.616655194999645,0.2188069198864136,0.10228842274638006,-0.2008661211408842,-1.8404554645790834,0.014196155473601244
284.0,12.904417707025805,-2.1809852928548645,9.230631737378179,0.16593618911617966,-0.03296648454116537,-0.15142341371976376,59.42027272761309,-1.345802832876443,-0.11900299894174074,-0.28933677912306605,-1.8440018467279033,-0.00021606761910205122
284.2315629574595,12.844220992506202,-2.128818994760912,9.199125059526107,0.15484886112182286,-0.028860585629080053,-0.14994444086955963,59.6605541600317,-1.824493311578238,-0.12495336608421413,-0.1977735845090321,-1.8519824080050178,-0.0014208129323717365
284.6,12.919528121108991,-2.1376632681332066,9.5637992868129,0.1560462281061805,-0.02874622767344425,-0.12005769844517418,59.56820667808821,-2.504608617101902,0.11643760207358794,-0.2359753625326622,-1.8341522463506015,0.011606179373340587
285.0,13.232046763506528,-2.278744554475241,9.442193850133268,0.1752371424353069,-0.03807984193558017,-0.12373447022266161,59.7718684465802,-3.8078917110265684,0.036767652087258726,-0.2333927299730917,-1.9280443842944481,0.006374951365060439
285.2313337795096,13.373456971914772,-2.951842787090633,9.807201858029607,0.18155649086385067,-0.08694110541313518,-0.0799459218304138,59.66318388747772,-3.4893688538143697,-0.1780464601677018,-0.2620986831823461,-1.6879955013351173,-0.014734285210886662
285.43128781962696,13.458314101445369,-2.994014767250358,9.775858493589277,0.18824093538732725,-0.08849864351416159,-0.08257541955872111,59.36642492558133,-3.8039274052138246,-0.16831097614325854,-0.37399341485177356,-1.6625408506522468,-0.012451788538959917
285.63124177711137,13.50370031105356,-3.0171318310123074,9.756420650486739,0.1894911528416632,-0.08884852817584958,-0.08310239897180326,59.23535146408324,-4.128797145534694,-0.1682245440060645,-0.4168197975133737,-1.6430019781671854,-0.012176511694812452
286.0,13.535267791385287,-3.135186441782076,9.784024125609726,0.1864947751417601,-0.09519528370312932,-0.08035545061325342,59.033292521271186,-4.902171607063511,-0.09775736098007627,-0.46493665366229386,-1.6401224792948388,-0.0069528816200573745
286.6,13.658386634282712,-3.1920935601135367,9.979970567901232,0.18719800543516493,-0.09518559828212138,-0.0633260755046238,58.7262040685581,-5.868833871202205,0.04238042930727873,-0.5359653396246777,-1.5810633190994523,0.0009222969615257448
287.0,13.83345048828331,-3.268750065702929,9.78742705505745,0.19481399547916523,-0.09792985559345219,-0.07000083385789191,58.609336732677775,-6.581054430943111,-0.204986213363117,-0.567682404767355,-1.5544664502851084,-0.01553509532708822
288.0,14.157262853934249,-3.5384097734461646,9.645212789541135,0.20455413773915943,-0.11073182844979175,-0.07316428349149204,58.157434592752175,-8.657760033174581,-0.32114780303607593,-0.6575272046479758,-1.5471566949463753,-0.022181771936333715
288.6,14.30827124534938,-3.6049554763715825,10.050620781334,0.20626291001184155,-0.11072312283889092,-0.04044032732534588,57.727185308910435,-9.563155342229921,-0.12258503808845725,-0.7305597941879974,-1.4722863098587198,-0.010628190044245023
289.0,14.45906441642985,-3.575133549496421,9.961054889938707,0.2112819129652673,-0.10482675770901784,-0.0429215084833549,57.5391426246858,-9.733958787202324,-0.26372854016832054,-0.7559929885751385,-1.3382943900147128,-0.019660683474350737
290.0,15.075983697481917,-3.7928572233014792,10.036875685602267,0.24196401694536177,-0.1142437174868855,-0.04103704440709953,57.754261286829816,-11.775779422281982,0.01317506867403384,-0.6685211183187701,-1.343073584198655,-0.002112034906617828
290.430018593831,14.92248058458404,-3.661746307888879,10.039780942092163,0.2195388457587469,-0.10229503144880976,-0.037605849725325054,58.02887630420948,-12.517175478314646,-0.009291821733428315,-0.5177779431035138,-1.3313961441157751,-0.006029527937070818
291.0,15.167646564534397,-3.7753974061596813,10.009629437756157,0.22907961954998282,-0.10679240195702247,-0.03872115051977833,57.82635650054081,-13.551581485605983,-0.006782518082605082,-0.5472252474237521,-1.303699875593823,-0.005827982893353341
292.0,15.737920324975883,-4.00299532920002,9.799229373601449,0.25538563733183495,-0.11564363300637806,-0.046501753264879,57.63705132393096,-15.155149410976268,-0.3236409092938325,-0.5593561342975932,-1.2204820894119324,-0.027054205727193813
292.2,15.740970434342502,-4.019944112297897,9.321314195324504,0.25259070391966426,-0.11530112059169624,-0.08102689921048098,57.54398470287495,-15.400145277386304,-0.454212236442284,-0.5675959217074239,-1.190072313967846,-0.03263193722345802
292.42933995725593,15.8554314349019,-4.217627986667485,9.612598435361576,0.255758437768893,-0.12606607066970668,-0.05240379077892805,57.39582531102939,-15.539968764695207,-0.6730466536351216,-0.5848650755674251,-1.120261610987314,-0.04946308091722311
293.0,15.7639552619246,-4.297455229438169,9.702796954057261,0.23749282187242968,-0.12688457434560396,-0.046234039159134786,56.6733957624221,-16.183804328124353,-0.5122726505435082,-0.6858908729816439,-1.0254807302074833,-0.03768897945382582
293.82875614881294,15.949502251713428,-4.246359121886316,9.512480139724744,0.23711933080949799,-0.11653469731855409,-0.060282541451110734,56.07109093964647,-17.139676028415604,-0.45372301550917715,-0.748780359641091,-0.9226485377821616,-0.032278890892000235
294.0,15.878109973051153,-4.468409862846907,9.541821347305621,0.22850593457389157,-0.13006232616426433,-0.05806962349470246,55.75339502389112,-17.566170790644737,-0.401096886341388,-0.79490822930842,-0.9384959337773678,-0.02862785776303129
294.42847240595137,15.944186433645168,-4.455446550768153,9.355856266695541,0.22657464333659372,-0.12522963234305617,-0.07316943130415449,55.4257937146299,-18.02621265728257,-0.32812372228694414,-0.8223987523713356,-0.8846177392936733,-0.022139410839919774
295.0,15.988003255652185,-4.464347539842482,9.372242631874427,0.21994016006590839,-0.12125680378485905,-0.0701626032375699,54.69549931246269,-18.372989060028996,-0.24769295331971874,-0.9154515245323802,-0.7538889110502568,-0.016113598347815932
295.6,16.11636739540234,-4.534925359704628,9.526716936274934,0.219519209539214,-0.12106886431893486,-0.056652461652170624,54.14448387787656,-18.79480076661903,-0.1268866833489235,-0.9602752117503639,-0.6411312698822973,-0.008784951351417838
296.0,16.28416030931324,-4.695594108281954,9.48371161875886,0.2260202494191805,-0.12804484805832891,-0.05748296320078102,54.120017611062934,-19.302697797435176,-0.1929931878834511,-0.9186145289501755,-0.6191123268032983,-0.014195491913140082
296.22748192747537,16.361638948297767,-4.833710514909348,9.626585167478998,0.22748890014500972,-0.13722050233438055,-0.040692251734215694,53.89921782640774,-19.273410678908682,-0.2913226567750628,-0.9363688415076326,-0.5230267498758728,-0.0215281174636148
297.0,16.48483090392336,-4.980155219894138,9.555713114227114,0.2231988371847125,-0.13974054772591732,-0.04290589209522125,52.9215699959207,-19.62458810474726,-0.3346363457051521,-1.0394503048376744,-0.3663059416408035,-0.02314469077128447
297.2268324710224,16.599196341075583,-5.036863310591685,9.53326018785374,0.2278590526500298,-0.1415783104458441,-0.0440894096036014,52.607815567408,-19.67329505294331,-0.33175806617434117,-1.0794613329645126,-0.31057044601750794,-0.02235683932232702
297.62655149785274,16.730878453629586,-4.935198887322702,9.332318525960082,0.23154219810826088,-0.12606072974501933,-0.06471664238619088,52.073802999442194,-20.1577355323248,-0.24469199959828833,-1.1424191952640146,-0.3435431444990601,-0.015076667579182005
298.0,16.804298936089225,-5.086012487074127,9.182126980515019,0.2306232113281875,-0.13277554854401263,-0.07151568588758614,51.61346830726319,-20.42009143888462,-0.3985499313262222,-1.178970871945817,-0.29616370369812883,-0.025190777011026125
298.4259520985325,16.847184662041904,-5.266761215434435,9.19167530738738,0.225897813748538,-0.14538094747854557,-0.06699618751611915,51.2044691474277,-20.238191154673512,-0.42439126117606346,-1.1798733294224988,-0.1200732852984146,-0.025160076222494318
299.0,16.74459786996306,-5.15629714749291,9.090359209693602,0.2076921217564563,-0.13147544088951882,-0.06878509338971289,50.45551030174547,-20.118448930161822,-0.5489421150695633,-1.2073623946439254,0.015049741040914048,-0.03300403759950511
299.2253018713304,16.740122707999888,-5.166072975917242,9.092646058209603,0.20097722487158073,-0.12789770022971553,-0.06599764717172199,50.38054765632184,-20.217149473078102,-0.5701356546399233,-1.1452464324869922,0.021523973212416662,-0.03540092012054935
299.62495751521243,16.816171594632618,-5.215991632905548,9.069110192398913,0.199732950778325,-0.12715825167904818,-0.06538559833307393,49.97636393930043,-20.224609405061848,-0.5874947035824891,-1.1450735356237076,0.09189857171125189,-0.03648359118382885
