time_s,rov_pos_n,rov_pos_e,rov_pos_d,rov_vel_n,rov_vel_e,rov_vel_d,asv_pos_n,asv_pos_e,asv_pos_d,asv_vel_n,asv_vel_e,asv_vel_d
0.0,196.28613957676993,106.6133758843331,7.100520123488367,0.0,0.0,0.0,0.3296483565896222,0.9809269144225958,-0.969577494084033,0.0,0.0,0.0
0.4,196.28613957676993,106.6133758843331,7.100520123488367,0.0,0.0,0.0,-0.08553971014973634,0.16214791765299993,-0.9637825425838468,0.001481081092377878,0.002520519329429776,5.472876811621714e-05
0.7485153822475187,195.65700625435667,106.27232964251223,7.0925941439871085,-0.004700383292524109,-0.0025480259905546537,-0.00010809769317939979,0.029560489343812876,0.22548739107885257,-0.9593950395455281,0.01742664232276372,0.013251561220992017,0.00017108976374550252
1.0,195.7477787566143,106.32153641578695,7.093727219273417,-0.004014660308832065,-0.002176303116901569,-9.232768718539925e-05,0.13140293509479622,0.3177319063120195,-0.9788706171640822,0.06780884417561776,0.05664112707226589,0.00034532667649018534
1.5476825101103395,195.7997848438839,106.2394312683086,7.060988405299257,-0.002878212527099909,-0.003240061154549433,-0.009592611474050005,0.1559296016013953,0.37432383133391856,-0.6976382646989665,0.08138389765083834,0.09649149697264331,0.006169951602594954
1.7474743105544328,195.70358943124924,106.1903573078298,7.05629702105035,-0.04784393719445664,-0.027554840709755148,-0.011171543128211347,1.541552995935787,1.1347668027511792,-0.6956211115377963,1.7717331330809067,1.0177350876110556,0.014527665873090323
2.0,195.8982923355263,106.2403995464495,7.046916240894126,-0.0316088476579649,-0.019590244430462693,-0.011016934991449921,2.450395624731549,1.2206725828661942,-0.8258315760896189,2.3044114448623887,0.943017329650478,0.029882862257737237
2.1470579338364417,196.8053145584649,104.57791463540677,6.772921315103247,-0.01121339743777328,-0.057202352473399935,-0.029512689558518795,2.4057133858727693,2.091199747034229,-0.6596952621861172,2.1187414397317292,1.6615282119267354,0.046217992593845784
2.2,196.80980029350567,104.577714145614,6.521879974706272,-0.011152817672763844,-0.05716800185222578,-0.04669773554058897,2.5184734611098154,2.1801855410784485,-0.6752333741609977,2.1702027867716196,1.7023646417392033,0.04994907917289592
2.3468497567378526,196.8200112215069,104.53213305845316,6.667608533592505,-0.010785804727092023,-0.05809886046377629,-0.03472799453524385,2.836281480277749,2.4657895724453764,-0.7992038705212426,2.303119732946549,1.8392804070561306,0.05733730085164042
2.4000000000000004,196.8069963766661,104.52182694287887,7.326534247336811,-0.01093857245048541,-0.0581922091074741,0.017389098125647637,2.9623847058943804,2.5641775792040025,-0.7261540321655617,2.3559938042365354,1.8793204699948562,0.0635806477918673
2.9462252708684558,196.96034584365492,104.19246040391536,7.370779337784699,-0.004505669459244594,-0.07024434523358743,0.021437569410097182,3.9993653907517372,4.447027799659113,-0.717830315846796,2.5987596599623255,2.846378137301218,0.109616995478715
3.0,197.5342343747776,103.13649897929945,7.413501055156809,0.01065080227570944,-0.09727875603321595,0.024145819131802266,6.062923640026449,1.0687522385503705,-0.3930104462934552,3.993041686030165,0.434599134198967,0.10925115528061301
3.146017124162046,197.46801497789207,103.23112227020609,8.032268649709446,0.00842529699844158,-0.09270874468865277,0.09010896808293029,6.706609242453564,1.0468407988253186,-0.19116167176067772,4.220020348148074,0.39083301121806774,0.12962448627157128
3.945184614461224,197.72571339768007,103.29607184043994,8.112403395462438,0.01215065413476593,-0.09068660297761102,0.09058179273491007,6.635292588727831,-0.7055759717268963,-0.26645538510413974,2.990199279163344,-0.7623164917723622,0.014645077056931882
4.0,197.7026257279391,103.66002077853791,8.15444149608228,0.029473741840629702,-0.07010822697673402,0.09354794703256081,6.137199807707669,0.8325707607365672,0.009398297793302535,2.632693188348168,0.07914257694633198,0.02895920167401561
4.544560314099371,197.68434985958797,103.58116093880848,8.543363029447978,0.004945189088530536,-0.08465828332847405,0.1405471617772305,7.10477098659052,0.5911364026278383,0.02666713040677131,2.6654067270798834,-0.07848392897031559,0.015747093941257315
4.744352229761325,197.78146802154444,103.39613551577597,8.516407740115953,0.011653664051104752,-0.09551324408789222,0.13077575036262717,7.507172179456406,0.8392618122511202,0.07838001256631963,2.7083696241123087,0.04994723330276714,0.021431406532429774
4.800000000000001,197.7856227045453,103.3928405649568,8.217059651078053,0.011831681471292538,-0.095410089280127,0.08000178580335245,7.653682469111948,0.839944468909769,0.04231473761081465,2.7367475131153327,0.04920268899429484,0.020500923397574495
5.0,197.75659150211357,103.42145263206821,8.194841636144192,0.009169045554955964,-0.09386454758117874,0.07802463722568904,8.08093518389586,1.0996944914949724,-0.31505589997980155,2.7843523306597624,0.15971047716700537,-0.005322796647723258
5.143936084964435,198.0044282962811,102.91760020552569,8.43577654710339,0.024241860569627176,-0.12783396052402282,0.11986507105699032,8.295873293470542,1.4695358632364441,-0.5330896786128301,2.766814329362313,0.3344274095913233,-0.023523674680317352
5.543519972237281,198.2943385913941,102.33082219042655,8.608627769962924,0.04397879637796616,-0.1675793269840038,0.14263284913668117,9.138915068627819,2.167062886980923,-0.6545431849096712,2.8378265426528584,0.6097901890067039,-0.03190978481634309
5.800000000000001,198.30632021729377,102.28826202830258,8.576903703049854,0.044033430135150965,-0.16754682651016367,0.1311052609621082,9.881600913547073,2.326367979385635,-0.6718527374642818,2.963829570079295,0.6367300044833556,-0.029152921347819615
5.943103891859617,198.63559970427048,101.69957546175327,8.454354232544578,0.07115001944676061,-0.2121958789054249,0.10520165511304949,9.850950615197814,3.2937457798640923,-0.537082378684036,2.845632226504697,1.0134952309731196,-0.018554915886239247
6.0,198.34337724691724,101.2107058891616,8.48276850277117,0.006852306380151357,-0.26681887171422175,0.10597849876870082,9.748701356249754,2.29344691535947,-0.3779389681727935,2.805318750722506,0.6417665804459352,-0.012106109134444553
6.142895863890151,198.26954143599482,101.03219845059206,8.495030202694517,-0.05663105245189633,-0.30935734486608607,0.10514565932899238,8.728970424295944,1.6739396783104086,-0.4891098823284684,2.1773687113281937,0.3045223145006181,-0.06350310835711072
6.342687844114436,198.24139329361813,100.95699914507196,8.515768338478376,-0.06295692674996245,-0.3132329969839776,0.1050740689448042,9.056960140685238,1.6786997258368772,-0.5105339588070165,2.185585391844221,0.284640882634026,-0.0665133114239547
6.4,198.24360256117959,100.94237194861559,8.093626499082232,-0.06228340791053861,-0.31285293199320374,0.0336461553106641,9.176208246847487,1.6922603390191366,-0.5725678845288187,2.199730128781167,0.28538387950245475,-0.06963786031752309
6.542479832568362,198.30115533047388,100.74861474152331,8.247899348958786,-0.05753942466966565,-0.32577207759395943,0.06069187768348104,9.41982048077788,1.8711418572824776,-0.7415947483342292,2.212386699706633,0.3446117071723448,-0.08588719615947378
6.742271829288024,198.235866896488,100.78106818340507,8.270681084459685,-0.062256407829380835,-0.3173806109200234,0.06260076157264689,9.923009504395596,1.8343125949410692,-0.7683521249564893,2.2904259701958125,0.3116487903627455,-0.08567257697822857
6.94206383430973,198.39266423396376,100.36534860793972,8.521714295450751,-0.048051451436507034,-0.3495207480382244,0.10497481954748505,10.14936809391391,2.355686650805142,-1.0263258711999477,2.2605095004642997,0.48677428383444055,-0.11228472950114793
7.0,198.9323324741336,99.5401679691177,8.568858621295423,-0.014963507794293007,-0.41177859586296683,0.11009729812254215,11.137300904906061,0.3400365851345273,-0.8843990661455143,2.482851328449838,-0.21901312284977092,-0.098088030468428
7.2,198.93053882231933,99.45851549567386,8.497714027650542,-0.014803970109121867,-0.4116866957614122,0.0940593217059021,11.638192267513514,0.2945041012165611,-0.9200024104705654,2.540748586426732,-0.23045477809156917,-0.09895482028367743
7.541439899553359,199.12254867791836,98.99291077630802,8.33113783357683,0.0046274740084154,-0.4411155457958609,0.05884438806366912,12.38945121018781,0.4900687896516124,-0.7119316834332041,2.5917890042117135,-0.14870998462171536,-0.07176265931827086
7.941023985234545,198.74013741131682,98.70293086175553,8.344041068951697,-0.06297478088696838,-0.47298202276501866,0.05723172675551255,12.546892593699045,-0.08242970417270867,-0.8036647137428843,2.3268223368954377,-0.37189162305520157,-0.09406381873360402
8.0,198.3431621971813,98.81858097471091,8.271468446770438,-0.10781177333115213,-0.4707258434332143,0.049847952955638236,12.024463933417646,0.4975880717612399,-1.269544794770195,2.1624450465898066,-0.18461091981784555,-0.14831082181760277
8.4,198.3040943695058,98.6324556379811,8.045735149271476,-0.10728090588197016,-0.4704362401042511,0.012087054688064723,12.899825302883166,0.4178882262960327,-1.3664201166331233,2.2298996673989118,-0.20754231027837122,-0.15106466363432772
8.8,198.258276400749,98.44272917008789,8.230502298877726,-0.10765686058001431,-0.4706412884938521,0.039095267838819815,13.807821433060573,0.33151994838975846,-1.4009759345198447,2.2966732456832175,-0.22989772699728533,-0.14922573825262847
8.939984349279916,197.92718194978013,98.30597119957197,8.23574070336141,-0.1597521167744737,-0.49323343657188257,0.03939956022771255,13.07171872254093,-0.3019756445410312,-1.5037859130908426,1.8732821020933137,-0.4821166030023658,-0.17352937831791893
9.0,198.22295876150352,98.76820215664378,8.324290299731285,-0.112539366080674,-0.44382105300074004,0.045184601609938285,13.142519955495931,0.8879757965489912,-0.7117658794171097,1.823081151385272,-0.17154628523125387,-0.08287604059669447
9.339568555638666,198.40521892259656,98.18314876704153,8.423054231728223,-0.09198886748447199,-0.4851544772301761,0.05827595570023747,13.638261049646443,1.0604582768678843,-0.8431684635029262,1.7947621872571646,-0.11702465299198073,-0.09514242683411432
9.539360671989225,198.33743347245365,98.03702843927191,8.428777159050643,-0.10475954760590679,-0.4959981978854831,0.057628821391475196,13.354161168914326,0.7181211527827185,-0.900079640332876,1.5038314906318442,-0.27648848009181687,-0.1067977139199455
9.739152797173048,198.41379427456283,97.76627319053848,8.36988174442458,-0.09534470577256172,-0.5121889384629862,0.046943254562301806,13.593650011607016,0.7748840030209152,-0.8411122364842418,1.4745915172852784,-0.25969879618137226,-0.09709138802963245
9.8,198.40342844568784,97.73254532187093,8.654587979122395,-0.09590400689475523,-0.5125103281293568,0.08655262994346749,13.687246023783233,0.7602394361127061,-0.7973209907393319,1.472154219428503,-0.2650568759739662,-0.09266998934260894
10.0,198.4598202189261,97.44109767496235,8.708972131492468,-0.09031494732204184,-0.5286939757516653,0.08951105719379233,14.221935226987105,0.17401062212775875,-0.5167769976631679,1.5272304182938317,-0.4248998448845074,-0.05586115971201514
10.138737074199296,198.58227073228667,97.10720899587369,8.744455655347124,-0.0777406496832593,-0.5531358915980522,0.09292162502350054,14.373495522042695,0.22699536289268843,-0.5543357562790153,1.4993426853242497,-0.4021205417613494,-0.05916081155228674
10.338529226121725,198.55072706176955,96.99166841623824,8.76378439627939,-0.07869389756339332,-0.5531458458915702,0.09296573890592026,14.815735290720669,0.22057409242347292,-0.5586668473854248,1.5614721456739251,-0.3850536860133168,-0.05617271533987076
10.600000000000001,198.541142141115,96.85307220843852,8.179013931377646,-0.07740639036041334,-0.5524202583249627,0.011684132583527101,15.21507544091049,0.11394375727010475,-0.6787958889984288,1.5462375577081555,-0.4126218557783006,-0.0646078964309443
10.738113556986992,198.5724922856654,96.68418055984607,8.239432522680806,-0.07363211506729406,-0.5611187559922987,0.020112954977409985,15.39832148489027,0.1121872605291928,-0.7760496966241409,1.5286157863114187,-0.4086301630880394,-0.07495615174726732
10.937905736011272,198.6792165047296,96.35828078456177,8.164855161994662,-0.06207458352177745,-0.5809578473558958,0.009003935639076607,15.62695766427555,0.17230110385691966,-0.677296611245623,1.4914778882037594,-0.38302166038607055,-0.060966731265031396
11.0,198.88971606327502,96.82677886572937,8.11703585722399,-0.03276624258297055,-0.5319474600266295,0.004784342049057998,15.804047139730029,1.0517652157391217,-0.9804416219199871,1.4648239894344768,-0.17300903772885773,-0.09698052596497551
11.33749012144857,198.91921917891213,96.66146895628248,8.118041097826987,-0.028554320974100114,-0.5302752775702652,0.004751845073740774,16.171194242044297,0.9231005914048804,-1.0167598478978432,1.3652989758120508,-0.23496492639841773,-0.09724940585801935
11.737074543680993,198.7366174059697,96.75511817133342,8.229472933000181,-0.044496843732922904,-0.502414529303601,0.019211120073635235,16.80098509860162,0.6437229828627794,-1.1863744648794543,1.3498402822110596,-0.3299688193538703,-0.11214467529778803
11.936866768700117,198.69623972833602,96.63117368164498,8.23225859209678,-0.04795669565347384,-0.5051387577933669,0.019039557092377046,17.202566763277897,0.6620543997734685,-1.204409592435127,1.4006197103691993,-0.3031128527574805,-0.1109979507218243
12.0,199.10481342258984,96.76586116587144,8.346653010416471,-0.003463609817989266,-0.4865334793567515,0.030125593127888248,17.741755980090844,0.7575051306949325,-0.6525890057376975,1.4582837184964816,-0.30719687890275665,-0.0441728745932457
12.536243499877996,199.0414035036814,96.45612920775005,8.364460073128168,-0.010319928590034676,-0.49206775185500884,0.030290459727306922,18.648132601787847,0.6769535802578227,-0.6770815731538977,1.4887980795859486,-0.2970409344907762,-0.0422909613363101
12.8,199.0350694952828,96.32437944017131,8.56016471501493,-0.010686191554559353,-0.4922715962951855,0.05185745792380656,19.039277910347074,0.5963504408207843,-0.6522404146415421,1.463403243127229,-0.3178584152807483,-0.03789340846768519
12.935828034526196,199.0820135748769,96.29763059643994,8.567885190396147,-0.005208670745478788,-0.48758570298087417,0.05196179573931574,19.11059541322166,0.45612193779228793,-0.6569063437581348,1.3686784160227439,-0.38531045726565233,-0.03661899355840762
13.0,199.03668395622196,95.89768627375813,8.611979886728365,-0.012888866682524114,-0.5209648744540347,0.055174671693153494,19.49910515704702,-0.6407792330233837,-0.36027490039577936,1.4763095689936674,-0.6795017899649209,0.0007501356033471282
13.335412607336877,199.00200134753172,95.67200369934649,8.631356354017624,-0.016496864712187247,-0.526232729503188,0.05526057576454467,20.047981393880946,-0.8188713795277769,-0.36253676715079863,1.485668630982269,-0.6914757101127424,0.0024421813140854615
13.8,198.99023008853962,95.42535864985017,8.846969148524996,-0.01688698636438955,-0.5264418401290468,0.07575061221557032,20.72843787676477,-1.1548983255944136,-0.331200558259063,1.4364784960373902,-0.7574993093139116,0.008212737421514665
14.0,199.15225568532207,95.60680194473491,8.915549852002803,0.0008346104257004605,-0.4998003491651881,0.07974069780885559,20.77834928364072,-0.2532086591627649,0.15116456171368442,1.3040361706436538,-0.49882204746010933,0.06486870971062184
14.13458186885925,199.21912130939978,95.40805992251877,8.956638599706416,0.006392351399328442,-0.5107219979611175,0.08311323854788526,20.92595461565704,-0.2712535977634103,0.12105036185935669,1.2744349878807926,-0.49194988908870896,0.06138071298967478
14.200000000000001,199.21813204226186,95.37390061418363,9.025794991977584,0.006261905643120875,-0.5107925083448865,0.08983257693036026,21.009428152845885,-0.30351342929241354,0.13593706779435832,1.2648254474562017,-0.49834145758781134,0.06309255130038713
14.733958917829447,199.6997905940874,94.19976927919689,9.067618292164147,0.04521064361817263,-0.5834434829634995,0.08916254644180668,21.403979621417655,-0.1012341459135202,0.17487933129767236,1.0857647591370947,-0.3704613222790903,0.06821149608857634
14.933751287315816,199.6006521658465,93.83028041546578,9.056752125291744,0.03291224451193027,-0.6072902850099322,0.08603498746669934,21.933759640603327,0.1816374555790165,0.2182660084449449,1.254167724447523,-0.1988513053182253,0.07108561896787714
15.0,199.86521452269866,93.4020780182251,9.026853868254198,0.055238965657566585,-0.6399880776915562,0.08313182608740811,22.619867580341737,-0.845850270543053,0.01501040132807338,1.4071087365106567,-0.49706660936700686,0.048345881520897416
15.133543666794083,199.82941308515294,93.38743715522332,9.09682096241714,0.05172505729099861,-0.6343526424321595,0.0893591938756307,22.82202001972288,-0.9396979876666455,-0.05697777999265739,1.3985054130402192,-0.5180764436963066,0.03999142442477609
15.4,199.78721411971526,93.18937400925678,9.479097730466227,0.046398583387438144,-0.6374388809265369,0.12500346802290196,23.262867732467825,-1.0331065029513586,0.042635350020565434,1.413517866927312,-0.5104758340554288,0.04997492560203028
15.533128455913301,199.75380123351022,93.17348847507758,9.523548214758804,0.043236206339739465,-0.6320214974452365,0.12792750927109875,23.469206595258296,-1.1364925079253734,0.001976844254493168,1.4064618342310977,-0.5339602476468301,0.04535839630881967
15.732920865648474,199.9793318257225,92.6378930644247,9.546828177717,0.06035744105564757,-0.6640043108469842,0.1276893793925853,23.620269298659416,-1.0042450466644322,0.012516610402274595,1.3365571163224295,-0.45690836121244793,0.04688445287432209
15.8,199.88797010210203,92.55982604979157,9.147254072986799,0.051078123185871495,-0.6682970197653285,0.08771786607539621,23.882546751315047,-0.9183080250867933,-0.11221767576979569,1.4369675195960776,-0.3919166505695227,0.03331199368602923
15.932713285563988,200.07720429214203,92.11066638299765,9.225822087097647,0.06537629415358742,-0.696334241954392,0.09476028262509807,23.94306707602154,-0.7228803260115876,-0.25345345158378985,1.3769603860585597,-0.30484294948359375,0.016716828238399144
16.0,200.49155320850912,92.19071114213168,9.336443941940635,0.1027549586607133,-0.6842695114697616,0.10359064590325605,24.489959797554935,-0.6781925711728968,0.25423402714079235,1.4330756138376226,-0.3222265539936844,0.07508979712798394
16.13250571570769,200.25308210712979,92.5509941063109,9.469408585920418,0.08290812521296191,-0.6491970973366037,0.11594111634308411,24.785334018116814,-0.9158619182075193,0.05709342335665915,1.463132155056279,-0.40857454090598994,0.051697492741948216
16.2,200.26702782255674,92.5120297652574,9.000926793506748,0.08360554045292297,-0.6487799041473284,0.06986973125520532,24.881121266499775,-0.9438586894090554,-0.09853788019494777,1.4562400314172224,-0.4116123743776768,0.03641290542828302
16.6,200.30494675954782,92.25512558148104,8.769684319275811,0.08397332494481526,-0.6485599851421406,0.04498717092238387,25.45397905381378,-1.1125653065847516,-0.16952853768302678,1.4149633453037604,-0.4312671559901855,0.03081197270487533
16.931675539531746,200.31869793424966,92.0637782107015,8.795412647533803,0.08287769655266704,-0.6467427192208914,0.046125537435116416,25.927921690937442,-1.2774622156387405,-0.18639578265504644,1.3821197026889351,-0.455095280778199,0.02980283311557317
17.0,200.3293166247419,92.12262024683714,8.76370646499849,0.08374402035808479,-0.6388689070450824,0.04344160907013614,26.145889551260023,-1.0102823030750547,-0.38117694384087075,1.4210307756489715,-0.3654141592202989,0.006659478513086341
17.131468021544567,200.360315908552,92.04961933107981,8.902479782946207,0.08563070851350012,-0.6377486603197805,0.05601043204133781,26.30215436954618,-1.078827317185738,-0.33769105298841995,1.3874888461044461,-0.38300325408586955,0.01184507032332027
17.33126051407898,200.70170762770945,91.30188668641128,8.955369152537003,0.11048279066378305,-0.6848686220029151,0.060384326648998565,26.38981659221548,-0.8026439492664343,-0.44028482844367056,1.290227747027534,-0.24705198866151337,0.00020823577045274606
17.400000000000002,200.70856872018445,91.25438903485721,9.001331056632518,0.11042385922462948,-0.6849031792055628,0.06436344469850602,26.478443745290033,-0.8196256932160483,-0.42586163396438803,1.281448091658809,-0.24818210784722855,0.0018495512429268634
17.73084553091282,200.74480584165443,91.02847777813862,9.022153373559117,0.1104014177192055,-0.6848515393726212,0.06431319920162978,26.895567908728257,-0.9030581430654171,-0.4236979358011212,1.238366690251132,-0.2532429128508606,0.003405222488052082
17.93063805531315,200.6882223462816,90.87356846932964,9.032731324848426,0.103221305783241,-0.6872139411555396,0.06404032642352375,27.30534343708615,-0.8562161802790126,-0.4253361958227009,1.3030559265715644,-0.2036095074333842,0.0029051599268913706
18.0,200.36027269742328,91.25889850275074,9.044832416842048,0.07720358771327925,-0.6550450505486844,0.06454767545284444,26.721295646103783,0.19044038247158956,-0.37803358682712607,1.122259425239134,0.10387512914038252,0.0085799939787615
18.2,200.3792387231316,91.12983011291868,8.870605954091877,0.07748056933918795,-0.6548897326174319,0.04680009998641755,26.941832977830167,0.21186235879374865,-0.43643768190663207,1.0935441659630616,0.11318301403993489,0.0039737993029232465
18.400000000000002,200.38705626493223,90.99462289397869,9.290904732873305,0.07688187018926347,-0.6552253812469155,0.085755608260139,27.16010723583303,0.2360539174002551,-0.3039094132324822,1.0646696690006732,0.12241494980822264,0.017377441829547854
18.729808260662693,200.52210603742196,90.59174748853683,9.25020726601516,0.08501907006295777,-0.6689886026975658,0.07833513157243437,27.42018220256379,0.4271194504575179,-0.08131101580846556,0.9837880562284798,0.19344636236416016,0.04520304380090247
18.8,200.4433802694714,90.53625705664551,9.259971002866653,0.07754407082561193,-0.6704780429187785,0.07867846582317985,27.661809183356155,0.528127617001365,-0.08130995368674004,1.0652039891819416,0.2447458717236421,0.044459723490571194
18.929600839195835,200.52873173796715,90.30993226128355,9.260494294705024,0.08309957263018136,-0.6807040770002976,0.07762102162570116,27.732289795864077,0.6871342727496685,-0.04151636470660523,1.0233916485786734,0.29964075068950485,0.04986793150093878
19.0,200.5842909131468,89.73221260718836,9.248409733103257,0.08445633102776061,-0.7206277683704496,0.07626715519528449,28.15271311084753,-0.424163639746605,-0.14953521242519863,1.135973282422823,0.009507642988689058,0.037596213224927844
19.200000000000003,200.606382873656,89.59091632874224,8.985801418648505,0.08485260810889586,-0.7204086362934342,0.05008391064400881,28.375681474424347,-0.422094349824362,-0.23407717896560382,1.1093044362432771,0.015808548172561485,0.030065704262473014
19.329186029263838,200.3600286540852,89.99406849639516,8.966487068445877,0.06607559621585143,-0.6843380494343659,0.047235164137469574,28.676690918966273,-0.7318730583445497,-0.13491977750735012,1.15232853720858,-0.10266269201258515,0.042014920108031595
19.52897864090483,200.2980644573895,90.0071024157364,8.9532579260188,0.060610442424698666,-0.673497412646682,0.0447174549211993,28.957988754363903,-0.8600450739078052,-0.043035792482776516,1.1467177791222054,-0.14155190348649394,0.05305356666083827
19.6,200.30329023896368,89.9597860525067,8.900342025168493,0.06068063368388275,-0.6734573380889505,0.03934308759037459,29.038808957541,-0.870162949199636,-0.0609730925390305,1.1378889141324142,-0.14138996164938106,0.05145295496429887
19.728771263688472,200.24957394658946,89.83260939844708,8.90528032403297,0.05506200702564084,-0.6770194813159375,0.039268241517132624,29.34088380148365,-0.7813374767644231,-0.06094052478064661,1.2049719784238562,-0.08847279133583481,0.05098652568061287
20.0,200.42130653909928,89.83057556081671,8.915246714412435,0.06875772193324528,-0.6628369947386564,0.039353356881632946,29.776097471132474,-0.4908011622998887,-0.06051591811943477,1.1729579488146968,-0.017585489029440307,0.051316919951247555
20.200000000000003,200.4345673644621,89.69774338614224,8.949952599255928,0.06872092335304192,-0.6628571187802305,0.041956310346038944,30.008530248915484,-0.4938096912666518,-0.04123854565758648,1.1497005369643667,-0.013023422555656899,0.053393501654173045
20.527941867333176,200.334694694363,89.40443226281513,8.96323641473963,0.05773818261721928,-0.6693234834119802,0.04177431298022289,30.671264040869847,-0.31088797677126656,-0.03320534894029518,1.2631936413212637,0.08550172779738267,0.05339417771129224
20.8,200.3500657698307,89.22215529153854,8.993606170296669,0.05771335069497063,-0.6693370532478602,0.04363078577377119,31.011610380388817,-0.28603521286834516,-0.012253017713326353,1.2376523992666928,0.09686275027044348,0.05602780698482667
21.0,200.40259074881948,89.22738713825218,8.983623107737818,0.06177051161407897,-0.6589540807474089,0.04256257466029904,31.17932980707181,0.14161458325136522,-0.18958895487456814,1.1833835728476296,0.20632233622907803,0.0363339864409336
21.12731993974142,200.4349973745675,89.15537862347219,8.989321676393741,0.06393649763954624,-0.6579253650920244,0.04261983812532116,31.282398712081665,0.1415281440794324,-0.18420471834124655,1.1443625579193406,0.199559793167721,0.037461159698710354
21.926490865395404,200.6490102599869,88.32967106823678,8.99560920280006,0.07495271718515178,-0.6782323078228352,0.03952413361226666,32.02727744601015,0.5709090307895387,-0.05808266137696341,1.0065393434919219,0.3295741875336473,0.05308222573807453
22.0,200.4784763488361,88.23061432749502,8.955990675010788,0.06094147333882464,-0.6825118714189422,0.03657227602424595,31.86903285924828,0.6299595778144677,-0.41501751310864465,0.9600458409399069,0.3550859780803701,0.013905967630243272
22.326076398870903,200.37677703127014,88.22050007285421,9.038303140289567,0.052810532486749176,-0.6682705904345921,0.044207364520946514,32.244194958050194,0.6253290974908567,-0.6049676041789297,0.9399656379482245,0.33491029241053555,-0.006608643812089608
22.725661980066803,200.2774290229837,88.19396305675015,9.002662559789089,0.0448513361659921,-0.6523529979295044,0.03845911772296024,32.69327108190443,0.5909423709483548,-0.458772871202932,0.9131139206328903,0.3035759089383591,0.01162996137567663
23.0,200.72208674966157,88.25664125144529,9.038129565788811,0.07971806578254541,-0.6330501320798421,0.04058767538957974,33.480213190550664,1.0274076895120559,-0.3162498572320397,0.9568232318191138,0.3795729239318656,0.027200984011363886
23.125247609456792,200.6682385301325,88.14840417461726,9.042120670161685,0.07433049791234088,-0.6354437689739871,0.04040280631752904,33.72220239428429,1.141345558359201,-0.31311687706818114,1.0008357119515554,0.41935976494822647,0.027884102410589574
23.32504044237431,200.66613985927026,88.01403904304155,9.04990744948339,0.07289246859342892,-0.6360598144639575,0.04035247452606821,33.95740799402959,1.246559234802608,-0.3076017849602835,0.9939852256589724,0.4435327917459643,0.028890023992705606
23.6,200.688945854411,87.84060023097612,8.918861772785055,0.07308024301899735,-0.6359606831041554,0.026856531828439237,34.22491021646805,1.3709571475394067,-0.3389667142085193,0.9598753216190032,0.4652310805634057,0.027181987139594903
23.924419014745098,200.65739185467203,87.61631386022367,8.927643097640578,0.06807543783784437,-0.63762920422115,0.02675284587265424,34.739966489890236,1.6313796971617767,-0.3341583734426074,1.0115958916738144,0.5369067405547062,0.02783136434123816
24.0,200.66335237158896,87.39238390673803,8.909787294745604,0.06756748861466116,-0.6502182861385604,0.025363994397173163,35.0984716591994,0.9547739980216289,-0.4906398546539107,1.0823696504984888,0.3708191842334171,0.010558736418357143
24.12421189694606,200.65021779574923,87.33686545242657,8.988347940184624,0.06619650797831997,-0.6485993183438924,0.03308776617255886,35.24297152520444,0.9883604181578254,-0.6550261500076513,1.0732223493394284,0.3747227916315223,-0.007550336447626536
24.200000000000003,200.6486669750746,87.28103313997086,8.853250742051939,0.06550696542493421,-0.6491269872488908,0.020154732481832003,35.34919910359801,1.0321182431434468,-0.6923143356025899,1.078258934657657,0.3868251312947151,-0.010343761227771281
24.6,200.6755889162821,87.02175926675604,8.825332112432639,0.06555447853197456,-0.6491020056554058,0.016798333776507742,35.772210902019246,1.1922875715371704,-0.7058360312344832,1.0380450724424175,0.41487917905278476,-0.009700791136553784
24.923383551131536,200.5645405889674,87.06200385726302,8.833092856799526,0.05734106105964855,-0.6334509728318558,0.01703849511829673,36.19669015487953,1.144100937623275,-0.7163617950694259,1.0328857633981856,0.37921890392451596,-0.00945778755122129
25.0,200.73386667113294,86.86581833500485,8.757865633186682,0.06966336660098035,-0.6427644804881062,0.01187177824821717,36.6896797529563,0.6201191072600384,-1.312630736556582,1.1138041401216237,0.24542488007279345,-0.07320323866657824
25.123176496339497,200.6992178815669,86.73031313352776,8.755944209156588,0.06487020790158039,-0.6470773009503964,0.01136375049703496,36.996911626821515,0.7562221598468969,-1.3157820864435288,1.189179897744674,0.3003688568637621,-0.07263347736772177
25.322969454340054,200.59732964904336,86.80184238355017,8.834837266748417,0.057760634142629844,-0.63458345272869,0.019138583984807393,37.29430855174794,0.7080105188061289,-1.517285280457064,1.19389619264938,0.27434136137398724,-0.09340734727262306
25.400000000000002,200.6076820356219,86.7664571107521,9.03039885981502,0.058691762294839966,-0.6335388462075465,0.037120869079239754,37.33385616268501,0.6962406474624049,-1.4689010062230048,1.1624985042598979,0.262909113242477,-0.08876085121801473
25.52276242519792,200.60673620876847,86.67497306736108,9.033497814797865,0.05756148769338422,-0.6346204424245617,0.03691294012857635,37.5367580971408,0.7665576771428799,-1.4764759650009163,1.18159544889335,0.2849623831539845,-0.08885299761271155
25.6,200.610751432195,86.62572459358681,9.058203412717258,0.05753328468071631,-0.6346355687058158,0.038928856087788795,37.628017826956075,0.7888263041726651,-1.476778132361773,1.1756895921462558,0.2886189903916462,-0.08836247008540124
25.8,200.62252310151965,86.49894021162538,9.052389973620995,0.05755050860763194,-0.6346263321292902,0.03767395570009323,37.86144939423058,0.8474154108485407,-1.498532341365197,1.1601242591901502,0.29798105174928174,-0.08902284148092432
25.92234840574668,200.47475646270516,86.72602905208998,9.013909478762647,0.048118756591421535,-0.6159209283873961,0.03312979056419578,38.113245519581106,0.6604210111647333,-1.3550978950180066,1.1846526115526752,0.23478987283321112,-0.07278711606228115
26.0,200.78259361123233,86.7210358418647,9.059982882217252,0.07149703130034897,-0.611277454196417,0.036218546396931756,38.59943359996474,0.5697763834836018,-1.032136232487509,1.2393302301886495,0.19578094544215344,-0.039211299599596405
26.3219344385123,200.9555447041989,86.23569101167031,9.22773824893584,0.08060264261143386,-0.6289421596318978,0.05003673639744205,38.91408948748879,0.7923207230583736,-0.9513567926856027,1.189420113059773,0.25801823337887764,-0.03020694830035941
26.52172747464292,200.94792491447583,86.08849944139287,9.237862321897977,0.07729444055019886,-0.6310310165161548,0.04984373178672137,39.327473161854186,0.9484373485385283,-0.9594519016834816,1.2574500875950612,0.31333139629297774,-0.030383088910517345
26.72152052402843,200.94248259759988,85.94639928225911,9.2480421504373,0.07405875852532283,-0.6328318154998704,0.049635706158045696,39.782559423601164,1.1309113138034281,-0.9680376820854132,1.3390893736672973,0.37597151522039607,-0.03021475559402175
27.0,200.92110388557666,85.49209848953898,9.291031918514147,0.0691966773698169,-0.6517586367215963,0.0514253397404652,40.31137180800743,0.5240368520521435,-0.7279606221101168,1.3830841520075756,0.23493580552718038,-0.00475578543281472
27.6,200.9688980134059,85.10438385284482,9.026219799093113,0.0695931080289742,-0.6515484514929646,0.023940918490973094,41.13113888979316,0.6705190744982571,-0.8100383226621034,1.3598751695183733,0.2589713582238787,-0.009751457401154236
27.72048597216978,200.98131046594725,85.02952889146735,9.028660264693762,0.07022494063205241,-0.6511488328365818,0.02394160840456375,41.255245346359615,0.6775564979381258,-0.8095512202230013,1.3375759734832933,0.25311899018646383,-0.009253940842521537
28.0,200.85584748842325,84.6865821724539,9.022499113450646,0.05838823731784423,-0.6628218272863259,0.022980223243535138,41.59424520726789,0.337233798607947,-0.9145848961285193,1.338613412504025,0.17836720118673333,-0.01891952301997931
28.400000000000002,200.87214620567016,84.41773372471292,9.336985768265992,0.05794991874860244,-0.6630524268044751,0.051264665350062175,42.12958397003678,0.4125099163751465,-0.8538785881924503,1.3208003837558888,0.1899938846684805,-0.01250270154729628
28.519658576314406,200.86421284753277,84.32665351273577,9.343151228587105,0.05604556020424331,-0.6642514746013106,0.051156221057878155,42.380006737137144,0.49422016390812945,-0.855931915784544,1.3557938374736576,0.21927365972869747,-0.012382876256324948
29.0,200.8180850365405,83.9372604868418,9.38728927886516,0.050072875423237226,-0.6695487796253811,0.05215256446701275,43.02127489109359,0.3495914265642639,-0.6215207296870272,1.345421183955042,0.18180839748193034,0.012475974303027555
29.200000000000003,200.83042177900293,83.80456768416285,9.304965399741016,0.0502157315025606,-0.6694740083771171,0.043620301114846896,43.2884050000522,0.3860305003676236,-0.635812982750879,1.3368147801819537,0.18746753728863638,0.012171263408099472
29.918211173654726,200.84392514704462,83.31200816975131,9.336933190450647,0.04759437523722216,-0.670840298230354,0.04354719639375409,44.37919360235668,0.6193255643400981,-0.6283809429805128,1.3617756851688183,0.24485167874987868,0.014846530738472532
30.0,200.88750845534292,83.28775896131422,9.317140560402905,0.05087369057509969,-0.6683005200913159,0.04249790441224335,44.48001402351497,0.8190489188822287,-1.0027764022752446,1.349605879583775,0.2861501709694678,-0.02164954308698419
30.1180044591391,200.52952107402658,83.93354304847044,9.172452520817401,0.030412199016330767,-0.6271454911990224,0.027533200417971145,44.79395584512083,0.5329426511266167,-0.6320014290029802,1.394037776109391,0.19090418842212362,0.015503340167944676
30.400000000000002,200.53564400581882,83.75539053819637,9.281151262988523,0.030264890896034916,-0.6272232434488182,0.03682155246313879,45.186957168736164,0.5883263103984969,-0.6078075517648188,1.3850632986948612,0.1980814836074133,0.017968623114519224
30.517591073832953,200.23087378651334,84.25313901570432,9.316637065422992,0.013055547592192691,-0.5951286969229512,0.03994210815606053,45.509160611189145,0.3091975825133095,-0.6961148224626188,1.428472097791216,0.11050197688024477,0.008930565268499863
30.6,200.23215149136098,84.2042025959907,9.310949159108496,0.013067577897693144,-0.5951223325513092,0.0391171587438512,45.62667769242599,0.318300401459616,-0.6975664104376383,1.4258757821726797,0.11164265292240205,0.008763646046300002
30.717384403196416,200.0788157254722,84.4205717643242,9.331947807937638,0.004460370848093831,-0.5791063635079754,0.04077816581767017,45.88185567961659,0.16476676131517354,-0.7500631128865027,1.4479348307760895,0.06422171784479958,0.0038595129442460987
30.8,200.08279226765876,84.38957263089924,9.537328521371743,0.005350376303271906,-0.5777984420170869,0.059404757710660644,45.93856261200369,0.11979158806593426,-0.692191770231564,1.4198821482275954,0.045193039363140924,0.008935704413335079
31.0,200.19073207313647,84.16960924779958,9.557688437090775,0.01269262599525028,-0.5836551661371375,0.05998468746495542,46.460373044341765,-0.21997496676285405,-0.6120484570316734,1.4619042137575513,-0.035329100500844715,0.01691216516607883
31.316764480288196,200.1626236199641,84.03659264635482,9.5744381036483,0.010888624409176446,-0.5807718253541373,0.06020118565273198,46.938456734971375,-0.2570737096050436,-0.7189054592425064,1.4573927619733924,-0.04602141705137527,0.006911065863766623
31.400000000000002,200.19837553807687,84.0377064070358,9.625381657113138,0.015027683873159024,-0.5767694493392892,0.06465218296123235,46.892162101257995,-0.3889643515775596,-0.7102014536702779,1.383587928126304,-0.1001187226038949,0.007685911630193314
31.6,200.20026517168537,83.921746405842,9.691057696589443,0.014960964357508821,-0.5768052975594729,0.06957111176813591,47.16856357079035,-0.409060080347964,-0.6935760274293552,1.374770128166881,-0.10401258019932098,0.00956579571066681
31.71635127330752,200.32372413554043,83.63934923308575,9.669028154225906,0.02173269990156412,-0.588768390276214,0.06638446914127732,47.25340318188994,-0.2916746189635312,-0.5730518728329147,1.3476057873962417,-0.06783577116759418,0.021651321042612193
31.916144692544645,200.3226294697566,83.52251044187292,9.682162319188834,0.020836890393739125,-0.5891352128154188,0.06631005481683927,47.5798596053463,-0.2593418009206804,-0.56785434434076,1.362757082165242,-0.05129677554567383,0.02272986272491441
32.0,200.5182319053336,83.41223169189036,9.673977088096937,0.03506762405907764,-0.5911608411728102,0.06551133941307954,48.01138508474164,-0.519565698693625,-0.7065613870012938,1.4139517411883409,-0.11819838924429417,0.009355972124438982
32.2,200.52595843514658,83.29439164238585,9.653895191890875,0.035111764765780096,-0.5911368829437395,0.06218757430704383,48.29299346820017,-0.5437789767797383,-0.7137541623033851,1.4057190054892525,-0.122168131112914,0.009405755339224721
32.4,200.53373316276208,83.17657744955046,9.631467317305066,0.03515730691538504,-0.591112178086151,0.058862842152698706,48.5729246808391,-0.5688046568560701,-0.721464865153069,1.397225623607941,-0.1258998856991928,0.009249093589939548
32.515525042141235,200.4694858033259,83.24019977330894,9.621887882328064,0.03137029886297954,-0.583762930204596,0.05706107812817998,48.77348956067165,-0.658512143143921,-0.6522030177475446,1.4041599566458547,-0.15060752301865438,0.016133299230391855
32.71531852290946,200.15746995704274,83.6965547246502,9.66717509582075,0.013665618595752143,-0.5518625345873523,0.06079408409047192,49.258982269864916,-1.0552597993836494,-0.7918730201365249,1.455387160890862,-0.2633644834945781,0.003258975906296124
32.91511201926766,200.478165476159,83.00877371108645,9.661994893874809,0.0313572376112964,-0.5841013240968513,0.058878221410995364,49.31915933150025,-0.6936852848318519,-0.7172255240501776,1.3815211251799133,-0.15097828996476845,0.011094213334672549
33.0,200.5040828675382,83.59656394198858,9.66188870644942,0.03867700684063154,-0.5450411272004203,0.05878251664218444,49.242397666242,0.4527955561426529,-0.7729342473081068,1.3085405075383352,0.09039487462128484,0.006153255424335692
33.51449260272552,200.3567590336775,83.6148362399471,9.715357112818229,0.02928466567943799,-0.5282297458649285,0.06135694562826596,50.01310301003568,0.31165238200238343,-0.8489968048762402,1.3095484594342954,0.037866995564392124,-0.00048299163997913685
34.0,200.6941166937292,83.21283282059555,9.764033128295962,0.051861905325444616,-0.5338019195502269,0.06289187367157797,51.19748531691301,-0.13501303067042514,-0.7346691102340083,1.3865379839710203,-0.0739221778680781,0.01110892230062168
34.2,200.70159974774867,83.1044581886508,9.922534978088407,0.05168473252926579,-0.5338988201716158,0.07720165703390468,51.47528578846379,-0.14929033121341242,-0.6860465163617014,1.377572233551207,-0.07634658432769958,0.015196526517520612
34.313666937430455,200.6447525284131,83.14859345031168,9.961902408998704,0.048114214127048874,-0.5279592217308502,0.08060888464566394,51.66976916062527,-0.2219210121942889,-0.7784221420237467,1.384048911474784,-0.09753837526149813,0.006416104405424779
34.513460561585205,200.72264521622793,82.92126070041712,9.969266750040424,0.051987345702109604,-0.5349028938941662,0.07963490119283033,51.89956474789651,-0.15826393191355487,-0.7500975418042327,1.3609465165306096,-0.07528759731057809,0.009423523740741986
34.800000000000004,200.70504533506423,82.75496511286067,10.085231165858833,0.048922671262656765,-0.5365141738498241,0.0886574892899444,52.409407874907494,-0.09168995637754646,-0.7085771283431516,1.3927747889516466,-0.04516060693302993,0.013084887489526761
34.9130478590897,200.6480169157506,82.67675124813105,10.093035923040881,0.04242625470338738,-0.5396937979690419,0.08817353973398025,52.87031411199335,0.12955215219778,-0.6993935715562326,1.5050310914518823,0.04030705451526163,0.013992734939528281
35.0,200.77677046924978,82.31242797624583,10.108282714736088,0.04857658048191643,-0.5572375615153833,0.08865787486998408,53.33892220767233,-0.5868816685164117,-0.6463264430002572,1.581187417446411,-0.11611557654829097,0.018924176111883163
35.2,200.79035498949673,82.20314650681438,9.932858084013017,0.04882084328715144,-0.5571029976585811,0.06969583702765858,53.652599172768795,-0.6116949344399041,-0.7063094687336446,1.578194515502794,-0.11908239356825412,0.014354994873576958
35.512428929688205,201.2057835530144,81.3075629869985,9.958892913685586,0.07181298491510825,-0.5986625937101607,0.0701997261947483,53.85641121416936,-0.1291150276812466,-0.7130250165173392,1.4866658119129696,0.034509752758147064,0.014585003426374367
35.6,201.16884117558743,81.25427399355944,9.835352402441746,0.06757189979713644,-0.5999815107240076,0.05731233536274297,54.14593732297781,-0.022269830196783035,-0.7562235911194083,1.5480409571992018,0.07785535574143618,0.011355233715769731
35.91201639405045,201.20945683917063,81.06444720496454,9.853242991837993,0.06975652262584128,-0.5993581491758952,0.057418226324746545,54.52063220786972,-0.06969109852079969,-0.7528754865564807,1.5000859906286643,0.05449946578348573,0.012028603209864729
36.0,201.0044188708789,81.11329080359002,9.842478267692073,0.055104220116080876,-0.5957142697905627,0.056225289884842766,54.28052046767453,0.31831535436330927,-0.851807413918135,1.4296792031995227,0.1472622374840093,0.0033775954080128966
36.2,201.0152999655849,80.99406939118158,9.860419796093797,0.05509533455901781,-0.5957191822968758,0.0568852487115048,54.56581501795884,0.3482564515210739,-0.8489732204429463,1.4225504278593155,0.15181727754516522,0.004165910309897257
36.51139771840427,201.02059265347523,80.83666548525579,9.8559505692085,0.05442381124659589,-0.594087083724031,0.054350187812141695,55.01580762214304,0.3761257472362645,-0.7803622761053085,1.413854411403885,0.1527210915840473,0.011234091300829967
36.6,201.02862893609066,80.78582978382671,9.69188843010254,0.05462638184793851,-0.5939755256657612,0.037717361461785996,55.13867504211792,0.38846003088180736,-0.8370871537080372,1.4099787301662428,0.15444607280965,0.006852647019257222
36.91098535428876,201.07174075296325,80.5955696878522,9.703313739063764,0.05807651908128236,-0.5929900402886165,0.03788868318470037,55.38776377801844,0.3170248285579179,-0.834268932903773,1.3226102051427322,0.11265151541425882,0.008083355496125174
37.0,201.36517484202218,80.38503343987352,9.648773593369544,0.07818925412703485,-0.5988647753382325,0.03435910854581436,56.093735790133515,-0.29404665248633727,-1.289095686795627,1.4279778655875626,-0.032554278492246166,-0.03314994908892658
37.110779198414754,201.54071793132783,80.02712855284658,9.732091798671009,0.08781154963595895,-0.6157049563680749,0.041350536556339,56.15150624403962,-0.1186257156215931,-1.1150386241379822,1.3921860337574719,0.02255356964539821,-0.017336385419748315
37.51036693952337,201.56964778048857,79.77988037404522,9.74841023898419,0.08702714721254085,-0.6160403754495405,0.041285305522686284,56.73743990061109,-0.0881714474977628,-1.1211055402840704,1.3864567213109331,0.03287560318021736,-0.016303934889546453
38.0,201.58534118269333,79.72860850575896,9.843923279646637,0.08720485722292376,-0.6017981155083402,0.046203726013072606,57.11000848780231,0.64368588211144,-0.5814756293941346,1.2905518668840443,0.1879674497207774,0.03370518762688026
38.10974868481689,201.5628808749781,79.65788337977322,9.849709330177127,0.08355033249519123,-0.6031053658934624,0.04612101267086738,57.36741463264977,0.7302470228969173,-0.5793827293609467,1.3353339822463124,0.22076839257917072,0.033875377610130576
38.309542635951814,201.54321777848412,79.53277328233206,9.859833157181441,0.07902664658121394,-0.6047342117888088,0.04599478935645088,57.8024704955456,0.8712813316031404,-0.5744700152086633,1.398171216902094,0.2698788625326184,0.03439198518200788
38.400000000000006,201.5554807825259,79.4809542351558,9.632467972099318,0.07934984624432555,-0.6045549478493015,0.023200453085911975,57.92552146827088,0.8940759493000329,-0.6345658013977278,1.3940130244209787,0.2732406751929926,0.03008147184767637
38.6,201.57441253722524,79.36176921672954,9.49667680663575,0.07954210776126983,-0.6044483258104937,0.009394477233673953,58.20145723121558,0.948360243199556,-0.6663494559271474,1.3855017560972192,0.28071962957503865,0.027923693045341123
38.70913059288964,201.41212104134405,79.62267918520317,9.433545469651069,0.06977570349213921,-0.5855653697655613,0.0020600112715423976,58.486334637001086,0.7168949721912634,-0.4707133952278527,1.4194469832544898,0.20989139288541026,0.045420068922085687
39.0,201.0877958266732,79.2717532528119,9.448681449088918,0.04135894209226981,-0.6006807268482864,0.0025165765135262332,58.600467397627895,0.6750089910488613,-0.32564780567700746,1.3967932998926766,0.22513681905763533,0.058333628485545366
39.400000000000006,201.10287435623013,79.03066308702051,9.51469312267605,0.04126718304383995,-0.6007312513742188,0.008877223855121096,59.15714634126192,0.7679460279927415,-0.2846180801119346,1.3819963844789682,0.23718665603595054,0.061585099218481744
39.508306728348835,201.1206571381229,78.98089551462276,9.51378434879933,0.04427978448283383,-0.5987526144370829,0.008869240837210926,59.14974832232898,0.6984119517880655,-0.27326551455588666,1.310089806082212,0.19960920256310452,0.06266295183567475
39.70810080899257,201.12597615007613,78.85583607703475,9.5163434427655,0.043112867079504874,-0.5995262162381682,0.008870099186309582,59.483172043212996,0.7825776956314657,-0.26249105616196194,1.3299140351132173,0.22232215549781162,0.06369604843665787
40.0,200.6590118310019,78.25199018736676,9.486616656628744,0.0033859191212929907,-0.6304641532776987,0.006339421751137105,59.62970691727865,-0.1056973284138687,-0.4678831480517754,1.3219080509307746,0.05516826615225928,0.04583151591182251
40.2,200.65899632189513,78.1255133998083,9.516185129321547,0.0033430130387384458,-0.6304876935776345,0.00909289215936233,59.893451110391126,-0.0943305259460292,-0.4523949749775538,1.3120943143329744,0.056609596317615016,0.046786128359628996
40.30748316491397,200.56728154790798,78.22502225863468,9.51206396781974,-0.0018620659056033553,-0.6209885370862944,0.008528532930138184,60.09095659273279,-0.1938638230969531,-0.4345225939207107,1.3231573585013763,0.026606868936385624,0.048408143584242114
40.400000000000006,200.56798489354193,78.16805591188442,9.473957634301112,-0.0018080346678254263,-0.6209588807562932,0.004757620220297057,60.212693423751965,-0.1916425417559917,-0.4403478232333516,1.3187295076565608,0.02700624240967079,0.04802676222570487
40.50727732191577,200.5683328213669,78.10522910237967,9.47450186110331,-0.0014925976222723164,-0.6206114140185243,0.004783284587634337,60.3352258657586,-0.20124668289029124,-0.4353540356196197,1.305445696917067,0.02214540799125233,0.04824576047054159
40.90686569412643,200.56840577943396,77.85114185055207,9.476333974098834,-0.002057840806518422,-0.6212325151342061,0.004727770819558481,60.899358170844906,-0.16163506268783168,-0.4152850734649347,1.3035713234462658,0.035556970267759114,0.050154937938759254
41.0,200.55898519910164,77.62980744005668,9.489258088163666,-0.004312522798092711,-0.631424834207947,0.005315986446357406,61.23397972913628,-0.7497226481472987,-0.28951291731866474,1.3535160606323275,-0.08490923643607691,0.06075675147091803
41.2,200.5500880037807,77.49905706113064,9.819226884337809,-0.004809071767269187,-0.6316983218664552,0.037131084449080226,61.50787970178964,-0.7647261338861578,-0.2042428216374101,1.345734372901241,-0.08636684774280573,0.06671216670802799
41.306454144696694,200.42772388332384,77.6874059501416,9.69765427904369,-0.011618019140643204,-0.6172908577546347,0.023374781334889107,61.72690427610125,-0.9279449491830893,0.12823765427801342,1.363306675033695,-0.13115428453861844,0.09530433869760423
41.6,200.42280158811954,77.50536147121991,9.772811409712052,-0.011710619405059132,-0.6173419206034919,0.029956623184296476,62.12607767692063,-0.966697082187531,0.17437223247503733,1.3504582422933968,-0.1358564785815073,0.09822107176351255
41.90583696947593,200.51886999726207,77.1510348510889,9.737908334187427,-0.006110400231594655,-0.6266281252588287,0.025095114872299276,62.45989726201541,-0.8771023925791661,0.3294839673503112,1.3152003443593954,-0.10522709198595742,0.11081197737015956
42.0,200.56945062671574,76.95495484416166,9.759617467384214,-0.00545543582449029,-0.6354898929594263,0.026190248607167683,62.92202017152435,-1.1112615167719013,0.4789774879046276,1.4144806749409247,-0.13308576230031882,0.12290506048604874
42.10563128457943,200.42067579580996,77.11778920046683,9.980937876025282,-0.013853891730348926,-0.6226006211442905,0.04840177436643102,63.15194189231452,-1.254270530809151,0.2700657634383464,1.4340486350512216,-0.172151282812481,0.10406131525420247
42.305425619967465,200.43161084676848,77.0262400123762,9.991684203421936,-0.010976975851616031,-0.6197036763694869,0.048646097107442894,63.31311049875142,-1.37433316605046,0.2876540067731362,1.3728370445326343,-0.21144077535418387,0.10516181467299639
42.50521997575896,200.59468867690438,76.61584870609575,9.972204300509006,-0.001619923578961912,-0.6358339327079393,0.04544532108657291,63.474334910226546,-1.2247967551265513,0.385086995228487,1.331619336707147,-0.16320595649874334,0.11278466282369948
42.70501435207379,200.5958298048856,76.49027090735619,9.981320167122517,-0.001492399678258879,-0.6357360420479389,0.04545091961510149,63.735442265754784,-1.2599507777788683,0.407688773250357,1.3200994935131942,-0.16738780335939715,0.11379877588799286
42.904808749032746,200.59664380155618,76.36425778720216,9.990477005315535,-0.001140090483404556,-0.6355240992133924,0.04547786164494138,63.97556003339804,-1.3077932502254503,0.4301883176612667,1.3008157022245947,-0.17707068596401293,0.11480890433228065
43.0,200.57616108568294,76.53630454545547,9.978403090526966,-0.0003262172710208765,-0.6213288623134527,0.044470434617232935,63.921366972660124,-0.7936864583618348,0.3359483521306559,1.2499012138960712,-0.07424675212780715,0.10685761838986535
43.104603166757556,200.5738803531598,76.47097007051212,9.982950965953778,-0.0006318526366995256,-0.6214470198252925,0.044448783549284776,64.06186479148111,-0.7959264529709306,0.3474300885396421,1.2483994997823735,-0.07280939093593009,0.10734527336374111
43.50419206499643,200.5631654659155,76.22511959390789,10.000118815962743,-0.0025325786163242527,-0.6220687131196128,0.04430196853517583,64.64334232701552,-0.775657066267607,0.3927351117695855,1.262727364366736,-0.053884536562991706,0.10982581077002647
43.70398654575872,200.5521838204174,76.10792141175423,10.008226777660814,-0.005039210621645104,-0.6228077939713579,0.044095145917751724,65.03283806951677,-0.7059476704708287,0.41754521353189455,1.3121306760046327,-0.019377872439350574,0.11081577915117036
43.800000000000004,200.55738859704425,76.05132972899162,9.736669617933876,-0.004689768420918381,-0.6226124959886,0.017873875717864387,65.15517023136765,-0.7097340669715441,0.3490275475961732,1.3075795659960157,-0.019431309331062036,0.1059737160237223
44.0,200.67206903649813,76.38994019104648,9.751574776852047,0.008387203439718438,-0.5929054585525626,0.01893799213202843,65.12863851729725,0.49984566200765146,0.4247486105316997,1.2085869253112966,0.22013746352886937,0.11161863206457112
44.10357557119686,200.3010612750347,76.96839381527239,9.828986996222177,-0.012864176203921867,-0.5565772798832311,0.02694144607774958,65.47023381577168,0.15268892701737657,0.28367222241755014,1.2665607458058372,0.1156852665449869,0.09902753178095762
44.2,200.28356590023287,76.90673827974743,9.950036250683866,-0.015542310653904857,-0.5580960319071507,0.03803181161917592,65.69275424464834,0.22866836097954021,0.32995048239447444,1.3088166418144696,0.14710661814902365,0.10208126535428194
44.30337011612683,200.14356977184204,77.07862648674353,10.012145746302606,-0.023459177072638816,-0.5450498940734558,0.0442793618950161,65.91563602877874,0.09752268239144901,0.20836218543863944,1.3299707475482614,0.10751198958930393,0.09139992026489815
44.70295927105132,200.13302547576936,76.85792362044884,10.028775636709135,-0.024632289708296395,-0.5459198388965162,0.044086743966241085,66.5211359088156,0.19571783931401443,0.24827603916414975,1.350077899588128,0.1365961999047334,0.09338629850606893
44.90275388130599,200.00870325207916,76.94983965979945,10.076950534274507,-0.03150253937186416,-0.5344049603372718,0.04830414268657678,66.89190676196134,0.051807763173924826,0.17969123754109362,1.3717644892807277,0.09399714787847058,0.08664409753365307
45.0,200.0455932418889,76.89836133710105,10.072655423966117,-0.028477296384877223,-0.5339457070633993,0.047713434522175094,67.0834399394263,0.03963227271635133,0.14188239012498818,1.3780588626849044,0.0891720086485175,0.08299060106264872
45.2,200.0409623616174,76.79218030007509,10.0314150680095,-0.028411488415910617,-0.533908429577685,0.04318677110420033,67.3579943145237,0.05741315477263391,0.14199459175942578,1.3726704485027603,0.09180557429440413,0.08314009129357273
45.400000000000006,200.03167287483782,76.6833344401358,10.217551774473185,-0.028637573017141368,-0.5340365976462892,0.059854596480964445,67.63408110146885,0.07721003896980337,0.21523525700023644,1.3678675930632533,0.09469282770051138,0.08772641494676296
45.502137844822286,200.03282599305197,76.63391705093302,10.22439699522242,-0.02758988945781441,-0.5332160493582817,0.059993048576687316,67.72058286388811,0.049368111435304014,0.22197662833145804,1.3411120713146132,0.08032439840040724,0.08784396603639395
45.701932544024196,200.01850175973388,76.53267786548176,10.27244480306813,-0.02810211149311219,-0.5329111003210493,0.06396746489345151,67.99389843584166,0.06061363234270229,0.14579046111429123,1.3360158466613308,0.08137807888495859,0.0811506431384022
45.800000000000004,200.01483546418373,76.47989367386464,10.328151152953758,-0.028159476658154103,-0.5329437461148228,0.06861382301491416,68.12538491455513,0.06901373989012663,0.17116281520275328,1.3328871499466042,0.08269376446902645,0.08300640735815774
46.0,200.21327920016546,76.69086450933139,10.305232044850312,-0.009635879673807912,-0.5112096801045714,0.06675553414151361,68.51495072954954,0.6525874780029068,-0.06651084023575479,1.3236239130862633,0.18667698877566197,0.06313065776110793
46.10152201028625,200.21192975000392,76.6387806988975,10.311973282205418,-0.00968741248259829,-0.5112397523680016,0.06674944698092866,68.65085168840173,0.6727721668800167,-0.05998929307405841,1.3208224568382299,0.1898363294773355,0.06344245470646526
46.400000000000006,200.21078363104948,76.48719514941669,10.248604396504112,-0.00957555470434933,-0.5111756725499298,0.058862115659294466,69.04229181624568,0.7299030053118283,-0.06634606893562969,1.3093097785144339,0.1972319729389356,0.06317884042299375
46.70090638139538,200.17541246378852,76.37859646003425,10.306130194074166,-0.011479345373046776,-0.5085473066440779,0.06331412068001825,69.46048117402626,0.7528467002087811,-0.15169441973147327,1.3051957927268392,0.19462802771361973,0.0558963094579681
46.90070121811593,200.1930360871931,76.2833909492561,10.320909062785288,-0.008270305644292028,-0.5068000791888418,0.0637279791732764,69.55135271505925,0.683358257986962,-0.14626830948259686,1.2297507888378318,0.15649205359610535,0.05601747245104361
47.0,200.64492346512742,76.14383717858681,10.324028695707886,0.02477301243236922,-0.5074587154352995,0.06393194625354129,70.4173659154562,0.15929103249216103,-0.18933640650451083,1.3482229344350447,0.028043551609744505,0.05178884539897491
47.50008586932535,200.65499610999822,75.88379480265516,10.395415336026577,0.024632690377619667,-0.5078280888172005,0.06825086172574685,71.08781635254982,0.17765792238525643,-0.24824676985211297,1.3288287453026104,0.03000035345086344,0.04632262929473922
47.69988080056052,200.65105072509775,75.77493560229763,10.4082033441077,0.023084096218677044,-0.5089541536653924,0.06804467759079877,71.4279128403285,0.235926140834717,-0.2371018209456824,1.3524049118377077,0.051764294520696114,0.04725563553359484
48.0,200.52632679204223,75.5641623609393,10.429182151955704,0.01265703623907068,-0.5139300879296732,0.0679110475142034,71.66913127323703,0.21809541491323847,-0.20728844849296435,1.3203364217705695,0.053567760720882325,0.04933337881413834
48.6,200.52789587185168,75.25227559419305,10.737882993464519,0.012269733845118693,-0.514154822130353,0.09301424813162928,72.4591014364279,0.25383636397658793,-0.10089182240443313,1.2994925360962077,0.057505129114216486,0.05599078093282899
48.69885581962712,200.45854721381104,75.32578133179281,10.737806292803054,0.008108909745579809,-0.506866653862518,0.09201266912309543,72.64645089866512,0.15757125092800722,-0.07680331245238622,1.312110127800007,0.029997893187590115,0.05783718953251735
48.89865089707431,200.44056208046953,75.21135583177183,10.755008079236573,0.005162561626660229,-0.5088445611657249,0.09166049705609648,73.05418129185465,0.2621415401997916,-0.0631342220254908,1.3630224686799743,0.06860156421587364,0.058317074431209065
49.0,200.33004488972819,74.95568638794175,10.718612803081054,-0.005019680974546485,-0.5225959884646628,0.08854910160046668,73.19111267941761,-0.12941927119632313,-0.2773849478755673,1.3773157382452477,-0.003372361232521562,0.04125232890803128
49.0984459994238,200.34115252108919,74.88255094916768,10.734486350077587,-0.004334999889008096,-0.5238667156783571,0.08930480921910323,73.3190637291335,-0.11622563685508676,-0.28552233234646984,1.3726041312940969,0.001057721880846131,0.0402755180836727
49.29824112683142,200.32352582406756,74.76515226972516,10.750924834798179,-0.006355351203481754,-0.5252900733152065,0.08904066412180242,73.65887165964726,-0.07138512577752791,-0.27527931231272856,1.3959543797162568,0.019842463529097392,0.04093248282516078
49.400000000000006,200.3212610485583,74.71074143393214,10.832744258534081,-0.006461403261383141,-0.5253522409662595,0.0957715742860655,73.80197446679038,-0.06865498769269944,-0.24752397281847208,1.3938848455643786,0.020424017649680177,0.04261774655196661
49.498036279454254,200.55765802407421,74.24878880228874,10.856460212445597,0.007610897034353082,-0.5495040635365988,0.09731357390289781,73.7538609925363,0.24396135945473937,-0.27041357064411825,1.3391366393386206,0.10765289282424507,0.04106033280598692
49.69783145745069,200.5033043770088,74.24640713465402,10.803110164867286,0.004024850663029558,-0.5433294217006513,0.08950293674453252,74.08678916784021,0.18831938004981802,-0.12303377091104656,1.3542384885826118,0.0908707940550633,0.052723728934356166
50.0,200.98450460916615,74.18213835831348,10.881887359853163,0.040746113632566916,-0.5322220472885008,0.09352817304209474,75.10220477093837,0.1507803093354514,0.06537862757618107,1.4313104245828778,0.059144027446532355,0.0661418852892087
50.09742189020452,200.9826025570893,74.12835798845832,10.891186120064289,0.039934135476976225,-0.5326425008798585,0.0934808611657561,75.26724870296185,0.17258926556545656,0.07147780141506731,1.4413350183980496,0.06710776843628478,0.06633726353936978
50.2,200.98749131930506,74.07419118842706,10.865221388753715,0.03998652309836156,-0.532611725908487,0.0902202183457238,75.41447856130443,0.17921327209035268,0.06582090994231238,1.4395362791269501,0.06795193275654599,0.06584741366541572
50.297217145285316,200.9925962533798,74.02274998332253,10.873934075392512,0.040175374366256865,-0.5325145708927564,0.09023169891203671,75.54735189591112,0.18146238969848483,0.07235759210872629,1.4344684433015054,0.0666771692343439,0.06617612509815532
50.69680773367319,200.76604851636398,74.21274024251547,10.955395724787605,0.025518398608843855,-0.5082941733554606,0.09505863273827606,76.33408022195029,-0.14695106958292464,0.015893921094818547,1.4870802197889597,-0.029209510878373326,0.06040287843905277
50.896603067311815,200.77164108563372,74.11209897633562,10.974414518119076,0.02560513917792914,-0.508203392794928,0.095069608962204,76.62635393792068,-0.15637046274504998,0.02799446324500983,1.4826712597473786,-0.03108156718685543,0.060995427482266835
51.0,200.61544103541627,73.89198764598655,10.95885539209252,0.012129091815252296,-0.5202789917648272,0.09314514094719432,76.65581358438939,-0.40343573872805993,-0.051254365554682185,1.4748225590125363,-0.07009077142322431,0.05479466204680384
51.09639842747022,200.56813606531156,73.9278069087295,10.952579797834973,0.009185463967242628,-0.5151056692877569,0.09154673713026512,76.8316597126016,-0.4680441705483553,-0.022587150953077534,1.4838680361851453,-0.08768872044087088,0.05676816649868746
51.2,200.57400117518822,73.8773770595425,10.738525395397303,0.009509658828527816,-0.5149143462930924,0.07125729908830666,76.9820995350999,-0.47907599486334923,-0.10021260689455416,1.4819235673291806,-0.08936104837671797,0.05150449248900133
51.6957846687638,200.57554448567384,73.60810499369992,10.774653293490802,0.007190063171228771,-0.517169891311011,0.0710047746865798,77.85421807124848,-0.4183284217199177,-0.07588088145717466,1.5370682737180816,-0.049899406157338795,0.052548721063069126
52.0,200.59362257092727,73.35537374222442,10.890495107681183,0.00710779487616188,-0.5231055965835517,0.07679514103786964,78.3944422962845,-0.6722704169870869,0.3254412539339635,1.555367407809226,-0.09708718008323913,0.08222942154092697
52.295171154914584,200.61549628760304,73.16142212510505,10.940077281965468,0.00832636864955716,-0.5255133085686107,0.07959311416794747,78.83757373619628,-0.6715859626549293,0.3106664905002049,1.55004864580736,-0.09050180256247614,0.08026036521077973
52.400000000000006,200.61898883605093,73.10790791418763,10.833274185603356,0.00849576678054123,-0.5254127847237441,0.06925312984269312,78.99835564962753,-0.6820953324733515,0.2778119471909406,1.5494559333237417,-0.09138138930991177,0.07784626482149373
52.49496670553117,200.62683024826413,73.06608982288624,10.83920562417649,0.009987704409866682,-0.5242247446518306,0.0693368903978151,79.07841689064543,-0.7394753112508846,0.2863693306322185,1.5196645649025147,-0.11257439298117579,0.0782906149360281
52.69476228406217,200.7301394382196,72.8237123912671,10.718298762043254,0.016204061383338096,-0.5326869941503861,0.05511224851795094,79.29132520702267,-0.6323880902675304,0.528599104823986,1.4925858121178979,-0.07823695824364438,0.09696960794343273
52.800000000000004,200.73257234953027,72.76809199845393,10.688884751307567,0.016250627879952125,-0.5326593443743698,0.05196698639134419,79.44781772135474,-0.6409544316747892,0.5251534409695583,1.4912405540282938,-0.07899267670867553,0.09655397588818106
52.894557890688645,200.72250062123572,72.71235185998661,10.696225094059937,0.013540742804663665,-0.5343164422289465,0.05194028040572282,79.73868659012416,-0.5463538953484431,0.5296655012959224,1.5517552788000466,-0.03802418609500477,0.09659222510610659
53.0,200.68387357802393,72.70634551699645,10.67023372593802,0.01115483272757602,-0.5315037004633918,0.05005334689469984,79.81991451573715,-0.41801732556875787,0.4125070076604611,1.5351944336884802,-0.01060404619302992,0.08737654261687533
53.2,200.68425721474443,72.59892938828284,10.758319889003582,0.011036799331236547,-0.531573994598071,0.057050757240385795,80.12794091130307,-0.41945320380842654,0.4572277130502992,1.5349210475800876,-0.009590732151229034,0.08985337585015551
53.400000000000006,200.68769764935928,72.49335950419734,10.71704417554749,0.011115093923609366,-0.5315273470888852,0.052322249953829794,80.43409695084001,-0.42169697265686845,0.4571287642067998,1.5337095707378625,-0.008609856912526855,0.08915001804895187
53.49394488097455,200.68358460276824,72.44092188971722,10.722103467813952,0.010316351409618488,-0.5319992073790535,0.05227854432297876,80.60975232583272,-0.4013797544037545,0.46522136790913493,1.5466563717766013,0.0007570531070441831,0.08933067367377136
53.89353635169847,200.66790439304833,72.29233880454767,10.630441673457023,0.009013520109278724,-0.5280858390953568,0.039900788451716934,81.25460446410669,-0.4609985295172477,0.7327846372313492,1.5530695119654963,-0.01284809280953974,0.10841082016097256
54.0,200.7466652915242,72.19804879318113,10.549544215217857,0.01479510106138592,-0.529509643028102,0.03519848624996824,81.5814524720334,-0.5886135137160926,0.36136785655244325,1.5808056336314584,-0.04130856916626499,0.08000976727830925
54.09333213078722,200.7513767321115,72.1505027252779,10.352287081363924,0.014897594556972397,-0.5294643903561338,0.01724437671001297,81.73269772525964,-0.5895974289741231,0.3007401933756207,1.5828649013069285,-0.03979512168220117,0.0760717369442808
54.29312793928288,200.87936975637646,71.83132221490203,10.3765277983831,0.022669640772572303,-0.5425864238825294,0.019539774508599103,81.94941415728314,-0.4340290642008412,0.2750547090716176,1.5532862331869117,0.007425610623853621,0.07376151250568085
54.400000000000006,200.8752599645565,71.76934398521874,10.675285031912702,0.022254092531431277,-0.5428364069274563,0.0463571829911062,82.11904507682618,-0.43108031483113135,0.392667379098995,1.5532963121916457,0.008356425028622924,0.08104869403159462
54.69271964527202,200.88313152419732,71.61084728641582,10.688918528617348,0.02245829407833418,-0.542731302521643,0.04637646278958925,82.56482455158685,-0.43397207104132685,0.416380235186756,1.5477222219141982,0.007584569814623361,0.08193742829310659
55.0,201.03845243381173,71.53975633648528,10.74395755371363,0.03425648008672105,-0.5352842464723329,0.04874053364370751,83.19362781549363,-0.3305600801180946,0.6299051677533856,1.5623618004005562,0.021850573867641172,0.09658566828951641
55.400000000000006,201.04447560635074,71.32095316409458,11.079246520287565,0.0337760609906169,-0.5355736907267766,0.0768574057995345,83.82200100220992,-0.319031906545548,0.7700194864259015,1.559990093336589,0.02459545509787386,0.10437000610576286
55.49190341877641,200.9538380233674,71.43235998496685,11.066740750406584,0.02793445827007899,-0.5256523483127358,0.07461179602142702,84.04663681325437,-0.4517309630835449,0.8238346279897034,1.582282189078915,-0.012607936186791534,0.10803710727246431
55.800000000000004,200.97294889686435,71.27746229719833,11.230922417092145,0.029608791578034987,-0.5245384667910877,0.0877455077859544,84.45719174681733,-0.5089944140256268,0.9046296514281377,1.5498037081712634,-0.03269742977836955,0.11280907544365441
56.0,201.60936583918226,71.4032801128232,11.184183396902842,0.07910019384452768,-0.5034781545189136,0.08571655544231295,85.63503146872132,-0.47398403422340424,0.5193626668282358,1.670922990323415,-0.056493155921851,0.08243325491427067
56.0912915716035,201.53816245812294,71.4653532761705,11.261253847633942,0.07425510791502307,-0.4967928428013247,0.09362890753513187,85.84118625182019,-0.5564913604745354,0.3800612431173761,1.6866162797433142,-0.07956060557401817,0.07119840137948961
56.2,201.55029672426917,71.41385772735319,11.092942765981997,0.07451716837276195,-0.4966333431306763,0.07704087524733903,86.02232169314651,-0.5664817117946965,0.3255721384052211,1.6862292674807828,-0.08047770780961193,0.06757537862684564
56.400000000000006,201.5665720163228,71.31537929798883,11.047251828602203,0.07460530968055587,-0.4965796779374342,0.071335089947199,86.35877200075899,-0.5832153813731065,0.31815618256088807,1.6860821199623397,-0.08225599925579459,0.06676882733805484
56.4908838302581,201.66898752585175,71.1098518720088,11.064664268648109,0.08057577059311741,-0.5065183293355567,0.07264064746974559,86.4293481444866,-0.45526738042712556,0.2967612115201058,1.6624778860863387,-0.044776868596236204,0.06468581015319663
56.6,201.6776074233101,71.05447559714068,11.08102811684121,0.08056464354226199,-0.5065251196234145,0.07343042810940503,86.61084290347725,-0.46010647807296673,0.3070286143397018,1.6621248300126257,-0.04503120287818737,0.06528151415404755
57.0,201.6763830747322,70.73002455226288,11.061852050447346,0.07731070030861587,-0.514478061399112,0.07102209290121901,87.30486141362981,-0.7161675762170187,0.06523575728551456,1.671523313473741,-0.09175299302560876,0.04676929275586558
57.09027245764335,201.67765476753942,70.67951862735971,11.161669208666783,0.07676425571697314,-0.514852849271903,0.07980798854619792,87.46770207662145,-0.7161902152842649,0.10140971157645706,1.6763445583521615,-0.08892411999467927,0.04901539863122583
57.29006873147939,201.46302006854236,70.9409437315708,11.206153119857069,0.06234716117078274,-0.4921731384500619,0.08326096587606849,87.98524590574918,-1.0195864657631106,0.03990106491546434,1.7291619037498407,-0.17247123328255484,0.043990085515861074
57.489865038036,201.50658023974717,70.87841718742614,11.225631237177376,0.06644581507343009,-0.4885279638797231,0.08377632202289698,88.1872791187103,-1.1666692106840741,0.04140139410300836,1.6713575732703032,-0.21977198232259676,0.043625939958588794
57.689661377536176,201.36102367782718,71.01061638348193,11.326578768447312,0.05646097369155608,-0.47411572086824744,0.09402947487382571,88.67118073712263,-1.4307232763720037,-0.15339738048418014,1.7121817151993741,-0.2857163692390388,0.028258217399257685
57.88945775020494,201.41638213003293,70.84541713430012,11.343287303490547,0.05925876368538231,-0.4785518770017278,0.09377892040621992,88.96591979509049,-1.4146967838605615,-0.14274712756543773,1.6986934660218802,-0.2724328853060016,0.028865838311585672
58.0,201.4663781123906,70.9414323068216,11.370223365803367,0.06373777117217455,-0.468525980648771,0.09493518978719782,89.15097302645283,-1.2024552627328677,-0.07551480687091723,1.6894501464393528,-0.23309407924203066,0.03365998433338112
58.089254156269284,201.4689438929519,70.89695420787052,11.447998572759486,0.06343253781299435,-0.468764142895503,0.10155859059963757,89.30835756380269,-1.2183822445470298,-0.04514987357330716,1.6914621033952215,-0.23362500131080396,0.035722530961920414
58.2,201.4785726448674,70.84672388289233,11.337835040756156,0.06361482747394406,-0.4686485291169565,0.0897832772919004,89.49366003157866,-1.245661698647389,-0.08787719470038746,1.6902533723039361,-0.2370938055226891,0.03308169489527839
58.28905059595828,201.4844929810547,70.80526259626316,11.345849127311151,0.06364875985369806,-0.468619271509372,0.08978735743918634,89.6430827611391,-1.2677437103488827,-0.0849733820380118,1.6891929661905916,-0.24006619557848352,0.0331778992568477
58.88844011909473,201.53977517723155,70.50790862350448,11.36465518752554,0.06472915896339597,-0.46968470186617756,0.08543890901565206,90.63717982464803,-1.3976233465882564,0.01634396014105499,1.6800242997716464,-0.25158623422993326,0.03972002944496431
59.0,201.55643453031604,70.68216524986535,11.381948455657854,0.06698395284021869,-0.4552178419030882,0.08600777820378952,90.76367647853804,-0.9726100212511414,0.04836431495329309,1.6637889676976731,-0.16508848299164197,0.04193748216291824
59.08823669561441,201.54898098969346,70.65662021361787,11.51657726555347,0.06610568977344021,-0.45429951072457564,0.09838016784466251,90.920846985714,-0.9983667283144867,0.09898497466885693,1.6657495444255952,-0.1703547627459032,0.04508282892980849
59.28803330693539,201.56224713137914,70.57800293304155,11.497108460096777,0.06608759066159296,-0.45353418032053217,0.09353535290037288,91.25497259800068,-1.0421828530547428,0.19334060008667564,1.6641036991224003,-0.17663849740832283,0.05208009883305738
59.48782995329943,201.64059880466638,70.42679610912406,11.48827742162316,0.07145650199050729,-0.4566047539028126,0.09027442235457261,91.46335460768711,-1.0688077071579163,0.26269899707390704,1.6156522852520885,-0.18530122632225007,0.056769767080398735
59.687626634950504,201.64331393720312,70.34403009490536,11.539543566756477,0.07072147238201708,-0.4560394495611782,0.09440383194973373,91.79645839726987,-1.1161701416018017,0.20430377360563878,1.6148170477421906,-0.19218977090467718,0.051710830329715185
59.88742335213482,201.6739681124506,70.25688254983912,11.559660101816098,0.07437838303985515,-0.4537816725480082,0.09494531117187992,91.93312566721872,-1.2969262535188064,0.21199352842443706,1.5344286754356662,-0.2537408615214397,0.051521782372891435
60.0,201.53468074173114,70.63141305726268,11.614743296871003,0.06692353345729593,-0.4274771325387111,0.09807592904089889,91.75365157627388,-0.5817456366886948,0.3605697044116153,1.453714837580616,-0.11576343015112059,0.062286799363149625
60.087220105100805,201.54545159541894,70.59613142541262,11.598797417474369,0.06757137607308272,-0.42710228542889067,0.09573313857224786,91.86195801641391,-0.6049105677689036,0.3552385867193208,1.4415090414307028,-0.12309674538345546,0.06169130523289479
60.2,201.54846865180028,70.54489965113038,11.841767093487578,0.06723350343867694,-0.42732078944335,0.11861303158456857,92.02819458474735,-0.6164902245237265,0.462076570605656,1.4378858303757969,-0.12462858767809008,0.0682748797342455
60.486813719383065,201.55303572725023,70.418823874649,11.875196549343855,0.0645944285708709,-0.42884509337648874,0.11828611389499427,92.5435925738017,-0.5754434986859455,0.48294258580631644,1.4708181263522369,-0.0961820257519066,0.06909143360206953
60.88640747983088,201.61274900722705,70.22556358732831,11.813729000540146,0.06678340402501184,-0.4303957361916687,0.10453617958028252,93.09308528069987,-0.5822866311735675,0.7326037137454263,1.4459436165310227,-0.09158354281457037,0.08666851489134551
61.0,201.39424381806833,70.19870088060307,11.765691040587434,0.05036185464330947,-0.43092676212375314,0.10050106593315603,92.9398302870199,-0.4389792499739816,0.5376348778290665,1.390840119259701,-0.05467037040969929,0.07207029374272572
61.6,201.42276095040822,69.9390095566396,11.907433582489713,0.050239964157042113,-0.4310058578884487,0.10854298132480529,93.76752540636988,-0.4720479995993135,0.6133739043611073,1.363103080317798,-0.058733616682218194,0.07602578761604768
62.0,201.34178613628856,69.70957723064735,11.956432648746345,0.0423053892370314,-0.4356100270359658,0.10869097699196988,94.17621148659153,-0.5523467407397024,0.6747136600494572,1.3243949310507406,-0.06870899739898922,0.07964650118995636
62.28498682270666,201.31053429353275,69.5617292112715,11.986777066684672,0.03666663045217045,-0.43925580309260887,0.10821997115869757,94.72932882908651,-0.44269767833008633,0.6975707289994695,1.3850402332659308,-0.016664649119736807,0.08014720072790744
62.400000000000006,201.32149052204161,69.51569446539386,11.721343987754379,0.037138587646081724,-0.4389494564353585,0.0808738284344155,94.8830472587035,-0.44789679480554073,0.6119867900305981,1.3797193100274545,-0.017170520482603695,0.0744818155452969
62.6,201.3312336824674,69.42944618400546,11.641019563732046,0.03729954482413923,-0.43884495689231584,0.07139064576990356,95.15630221058888,-0.45248793260090625,0.5945438648786222,1.3716570217034134,-0.01727344419623193,0.07311769715653002
63.0,201.22354738180368,69.43166239673933,11.68165171663852,0.02969698902629165,-0.42854840029512226,0.07192603094217735,95.241979860133,0.22576082997159846,0.6855083002778418,1.2608065653457707,0.12570796368074097,0.07870304747637433
63.08417586953372,201.32984033523786,69.22424911388403,11.729850549958096,0.036589520821890396,-0.4398154963532322,0.07700325972686665,95.26071354130666,0.3756008597539421,0.6209173791077789,1.2301942794191372,0.16855176803761862,0.07335784436204078
63.400000000000006,201.3348307046118,69.08095426630081,12.01757895277945,0.03613740839467332,-0.44011055846027924,0.1027218947096953,95.65135054088888,0.43299429525044075,0.731456750069099,1.2141331540532718,0.17648205068501324,0.0796211482730448
63.483770632313295,201.42183152896945,68.90975501651883,12.045041652862636,0.04169068322147861,-0.4489376386353054,0.10501662376078817,95.67018926707406,0.577356954344691,0.7032519748743075,1.1858191794801385,0.21522667199039378,0.07735506114141096
64.0,201.36984846790952,68.37709686030195,12.041758079506204,0.03432051050775808,-0.4693236703417045,0.10157324779150513,96.35733215622972,0.03469180890303514,0.5177673989417801,1.1838465930393525,0.10442928725365896,0.062173640890810525
64.0831630822514,201.49347952461073,68.17723881742684,11.969646715431354,0.042234598595747644,-0.4798605682337648,0.09209192475533351,96.3600057153693,0.17211267917744089,0.6481528167687212,1.1504350629651527,0.14318027489127597,0.07218346812576762
64.28296064829678,201.36369432656687,68.29025749531996,11.99678050451946,0.03315539759739623,-0.4661712592822139,0.09311164782712997,96.70972319800876,0.018634379361404413,0.6494468624081163,1.173121689091148,0.09391357793213981,0.07185384696419662
64.48275825621447,201.1620386393159,68.08382231021403,12.004645467272681,0.012167256231911214,-0.47882449109507463,0.09092295314294943,97.53936635432483,0.4386962676600916,0.6760703820621212,1.3853917564791944,0.24874926091562735,0.07292668645610469
64.68255590631243,201.10587733566732,68.08300917381672,12.002002666552897,0.008284007806582616,-0.47257940136515914,0.08849638284558885,97.87872406865084,0.38939543934789456,0.7215803174818974,1.3980675825376516,0.22793028768255016,0.07542740855117094
64.88235359890157,201.11209235303946,67.99154562599189,12.019990420729416,0.008786020444227598,-0.47224405400300423,0.08855866936946266,98.13941849738887,0.4227401642596203,0.7363576693523546,1.3869474284190988,0.22954876247681916,0.07594765639090907
65.0,200.9009140193782,67.90803388648766,12.102879233653237,-0.0076351566310448,-0.4760343178181146,0.09300870726661606,98.00843605953571,0.5020262380176581,0.9747383871134251,1.3417167359999997,0.2536583738443091,0.09295428118842254
65.08215133429584,200.81227452386477,68.02106001952964,12.036785238999872,-0.013505618004704786,-0.4660239720396698,0.08460873995378942,98.19315343149167,0.4004287210294603,1.0764050621442964,1.3618509025242072,0.22012961988255486,0.10024558547489092
65.4817469347706,200.81784005294895,67.84463903955832,12.070383768488785,-0.011855145395254158,-0.46477486160257214,0.08471406174361035,98.67609497457515,0.44820939932220377,1.1170111577059034,1.325429503500363,0.21462874830336515,0.10191137631393714
65.68154480049422,200.79905458356637,67.73566191037986,12.087896351195695,-0.01491925741285646,-0.4671131449411808,0.08449898581266978,99.07055299078928,0.5856104189217607,1.136915247667129,1.3730914867970168,0.25881183227678206,0.10254312400723667
66.0,200.84002411267227,67.89256042301561,12.116559477962191,-0.00914777255262109,-0.44611779136339264,0.08492975131593901,99.38453156663542,1.258743247790409,1.1626468583182628,1.3250816981621876,0.37677817041671724,0.10287479103525596
66.08114066454533,200.83569439630486,67.85469719627488,12.021486296141774,-0.009881688590362927,-0.4465439863706341,0.07541567490328553,99.51705134893872,1.3057125306622561,1.132916323732445,1.334766994557863,0.38843959770343267,0.10065588642517055
66.2,200.83286570861208,67.80052200327289,12.095397964834078,-0.009995907504960813,-0.44661863449452915,0.08146171578552049,99.67663272038041,1.3529304424206023,1.1688267385271143,1.3319050615797368,0.3944281291631513,0.10249979502527616
66.28093866353493,200.82382815545307,67.76005457986795,12.10203388505035,-0.011427671227383826,-0.447462278957629,0.08134518417883638,99.83391933917977,1.4169724933040635,1.1772252580391536,1.352332217527668,0.4131003178550072,0.10297364412755004
66.60000000000001,200.81693372360604,67.61512814255998,12.257787068358965,-0.011648323886558364,-0.44760650311627476,0.09338610757384452,100.26670956444562,1.553009018114727,1.2567096240521136,1.3458549620897298,0.4304851867993898,0.10667592437267803
66.68053479712184,200.82088031315942,67.58087733279464,12.265590141031478,-0.010024685655794386,-0.4466791326185098,0.09359993729578618,100.29516262941493,1.5365706141326665,1.264508872913837,1.3089016057254519,0.41176130443981135,0.1071244390897369
66.88033293240088,200.8192465365361,67.4915547576895,12.284329490884303,-0.009708465186294911,-0.44650369145649055,0.09364529486591003,100.53736672902978,1.607804271466229,1.2858408814142643,1.2947991659407048,0.4158646587502774,0.10777697458201425
67.0,200.67350658601956,67.23764073840448,12.304493137988658,-0.022125916384798675,-0.46127112715672,0.0936932590874646,100.640945968755,1.2837203688343282,1.3511650486378544,1.2997195464600386,0.3575539340359686,0.11196419168415783
67.2,200.67207259088343,67.14736420446201,12.219012334767903,-0.021925031253596045,-0.4611400433771558,0.0840281569144749,100.89837500180903,1.354903516011454,1.3406255841319448,1.2929923842281437,0.36566996130395474,0.11108015240586691
67.60000000000001,200.66955654512495,66.96704318163148,12.03089235569624,-0.0215118039227853,-0.46087035167235746,0.06349304318421019,101.40859680078293,1.5017172982938802,1.317255568808792,1.2788129403370438,0.3812549687107004,0.10809344916134019
67.67952593819948,200.5408936055363,67.13619198636971,11.989430578311204,-0.02986160692444174,-0.4474347768462864,0.058096945733698196,101.64239684120369,1.3235556552752223,1.406853939473607,1.3132664925341555,0.3267974355616964,0.11443370542765413
67.8,200.5384128128639,67.08303006758798,11.952472336517317,-0.0297872874533418,-0.44738604840721574,0.05404803247689811,101.79957051985075,1.3626269837255418,1.4051910433190342,1.3097064573783406,0.3303681584396144,0.11382684341689966
67.87932430759246,200.53573687952925,67.04931013279621,11.9565409965316,-0.029420666409054014,-0.4470321227194978,0.05407438223765127,101.87903431359342,1.3708329212322505,1.4145624336075877,1.2969372242741344,0.32544226027532625,0.1141366270043928
68.0,200.50616697679752,66.77190561973515,11.925824894240957,-0.032735020193673435,-0.46241167009169604,0.052211625520427137,102.20142141353124,0.8923088395356075,1.2652424733257488,1.3372190780666962,0.23158897259093653,0.1027220414538971
68.07912272488427,200.50251336550932,66.73014848513456,11.953175897214823,-0.03278364708891754,-0.4627343682370188,0.05489186637352141,102.30703268909934,0.9140134622204522,1.2339747975870594,1.334998633791815,0.2343413082544008,0.09965690067133372
68.4787197046361,200.48810270296985,66.53915509579315,11.974858140535693,-0.03402694704516259,-0.4638706260348246,0.05471530554414642,102.90073479522951,1.056067454039774,1.2746739692030098,1.352842270983564,0.2633829461871175,0.10064072505688672
68.60000000000001,200.48286196706414,66.48215527876776,12.024120313670542,-0.034100764561968,-0.463919190647604,0.05865578511829451,103.06538709545703,1.0886599181083978,1.3018518420001088,1.35020314783111,0.26642226519758444,0.10200958681333523
68.67851826784127,200.47974903221314,66.44441458472568,12.028645463294923,-0.03435227722726903,-0.46414591409601946,0.05861829819315292,103.18478760030636,1.1196645671274175,1.3100652049843713,1.354349010801323,0.27260230940445385,0.10229935643492304
69.0,200.8190875531705,66.37027867513984,12.055186212506134,-0.007452116799948186,-0.45637915403416246,0.059547938506771446,104.15013671307489,1.0596666412128342,1.352869795926787,1.42782754953679,0.2338200664833165,0.1035179885001144
69.078115542801,200.94716502716145,66.17100938229302,11.951981338677145,0.0008289870714871042,-0.4670350409777885,0.047223564589126084,104.16644453109099,1.205280873471835,1.5324065877033803,1.398534385108847,0.2728020007918269,0.11679116997169435
69.2779142553234,200.90164658964108,66.10132770766617,12.126533612096187,-0.0019955002747014785,-0.4654108873354279,0.06606727878510903,104.47681572981367,1.2353228265251086,1.297285598007291,1.403079659214919,0.27046262339889754,0.09824627044977506
70.0,200.55623035591185,65.38396876047481,12.161462729434248,-0.03021035946503432,-0.4939588733972334,0.0645857708738319,105.16896805659717,0.864653582554554,1.3532593129156938,1.357991411870406,0.19457672769853196,0.09912205969714277
70.07710961483703,200.55911169954555,65.3502372799127,12.166882722922967,-0.02945202488921639,-0.49339613289670625,0.06468135622604934,105.25121483519975,0.8635913062295535,1.360295672223493,1.3461297124627276,0.18837116038603774,0.09922025097454569
70.4767076058588,200.5787153141202,65.17856852631088,12.195547182373774,-0.024462727719313224,-0.48974677021212976,0.06533162531604805,105.60224966554149,0.8063003410114078,1.3960349953354965,1.2578119770114817,0.137215068962759,0.09964292914076892
70.60000000000001,200.57337560386512,65.11662098078642,12.289339852031542,-0.024615695396620726,-0.4898488489637237,0.0731950077847167,105.75856609779089,0.82424344521304,1.437434066614039,1.25311515026698,0.1375580563405435,0.10193506374586632
70.87630580876409,200.30566884844401,65.3433464948522,12.417049887083092,-0.04152417197981752,-0.4662855085552846,0.08520073363639391,106.38516211415616,0.46508480252803974,1.3082778069146914,1.3190688256305358,0.03010089773554228,0.09051142421606527
71.0,200.20398614133393,65.10845533832531,12.476270550081718,-0.050214786543210994,-0.47930650957946946,0.08767564875023597,106.49684815023792,0.1669264511358894,1.493650359304236,1.3188337397891041,-0.022124438781427194,0.10364561161419562
71.07610499072184,200.26381481336563,64.98464913409445,12.453584775388292,-0.04608458233041723,-0.4849806840040422,0.08445879747036499,106.5485396463305,0.23241567570496258,1.539215116623596,1.3018093767845178,-0.003744268737480797,0.10685183786238127
71.2,200.25450066675694,64.92211610383143,12.606088887958647,-0.04632612122237762,-0.48514275562733455,0.09733150124176393,106.71166258410801,0.2332393894377417,1.6082762436761824,1.298044273094248,-0.005359668759824251,0.11054673865975834
71.27590422691769,200.21615538755728,64.84279799397659,12.609244635689619,-0.05155422331928969,-0.4899647478807148,0.09651199463387952,106.98053431329396,0.3706311719125408,1.6232633612893712,1.3691087956803496,0.05073805722914216,0.11122454083227791
71.4,200.21680956168657,64.78681383434557,12.342785381209154,-0.05108024384892098,-0.4896445112616218,0.07126429206521098,107.14569174837615,0.37377834513644104,1.5290206709572145,1.3657167944302737,0.049407018355841624,0.10484225157363035
71.60000000000001,200.20582075320536,64.6883566625072,12.387878095975932,-0.05113185344655357,-0.48967939150784273,0.0740661307172083,107.41892991430615,0.3839275945728996,1.5618498167231942,1.3615473322614182,0.04851220020076971,0.10624102603235286
71.8753022652713,200.19019359758806,64.55169038518576,12.408152385907709,-0.05141806854335951,-0.4899341562493485,0.07402890433818904,107.80603653735542,0.40780009209737156,1.5915076636533252,1.3603870126886193,0.05116248034173097,0.10720709423440065
72.0,200.086451101363,64.36315039082812,12.387045880247044,-0.05955057255291572,-0.4993438213759962,0.07228761556519238,107.9150530545855,0.22233204214267985,1.4926716769193216,1.3572490978871223,0.01992995046006542,0.09953846431784377
72.07510172277962,200.20443805223562,64.17516557171429,12.289283858625055,-0.05159899694627261,-0.5092012015044333,0.06051700443641082,107.92325217810621,0.34317792789207197,1.6639892356879589,1.327656158177297,0.054519310881656936,0.11202390979499732
72.4747008075735,200.24655274549815,63.87354947541866,12.335663869808652,-0.04743993628618545,-0.5156126067847019,0.06305393136624284,108.39041058752146,0.45574965168316467,1.675090330120981,1.3001240722575926,0.07876046178336289,0.11055529591694921
72.67450043577269,200.1271547488752,63.906716995358,12.441544950666136,-0.05462778602339544,-0.5065968581817789,0.07368744925051618,108.76175050302021,0.32615304692166,1.5552480578147312,1.3263474808413982,0.03771350233215256,0.10047301845889368
72.8,200.1203968315419,63.84320687999903,12.446082814022597,-0.05462108169030901,-0.5065923132354355,0.07326061645826674,108.92795870239709,0.33077950711356147,1.5657398658502588,1.3235418168059132,0.03683065279017653,0.10076079956825444
72.87430012179044,199.98141031187856,64.00785144653629,12.434615146531742,-0.0636483087119108,-0.4931783414125266,0.07127386693841085,109.18769029320518,0.09916674082128221,1.60138541305744,1.366882301347204,-0.028496014422817503,0.10287790270795633
73.0,199.92912440596967,63.70929113498542,12.348203589675293,-0.06836268190072359,-0.5094649002112491,0.06513316470390397,109.37424292089759,-0.25542206456454924,1.3539428254286254,1.3768132239554625,-0.09151530308777069,0.08480079455817752
73.0740998660957,199.96153744239606,63.70304192429125,12.35608244400252,-0.06385777100116861,-0.5058564988638603,0.06574047137524604,109.35873980891229,-0.35563061393031303,1.3555889823837328,1.3244065759913428,-0.13296058428584462,0.0844323978699211
74.0,199.87868185772987,63.5630173889719,12.252347670798258,-0.06258340275923918,-0.4835890109933351,0.0562381340547643,110.40822057863801,0.14641717691892803,0.9584449366312762,1.253958546959685,-0.04158076215106185,0.052416767699850486
74.60000000000001,199.84587034649823,63.276202770416,12.094661198130694,-0.062265924423924854,-0.48336875410676805,0.03880380293687652,111.15117595500865,0.11621796523415875,0.9157911748345559,1.2325897069165241,-0.052266377489060066,0.04848342197247417
74.67249997681729,199.81814295635024,63.22436559775196,12.09592181079914,-0.06494838830223999,-0.48539709885184096,0.0384667651229334,111.33090543595144,0.18448700108713684,0.9214415272612642,1.2652020962437245,-0.026143525551587686,0.048622431525651676
74.87230026764789,199.733891815455,63.07658147465996,12.098729803901094,-0.07361148423519924,-0.49195613198570204,0.037333881986282985,111.91179082793971,0.44393955488657144,0.9378510560061251,1.3844064386499355,0.07031174545479486,0.04898535351572556
75.0,200.2935284423966,63.37919298032823,12.157145777489502,-0.028359860260238234,-0.4624027348948103,0.041503416772476334,112.75274328033218,0.7722987924864517,1.0681491398020089,1.4643193625394013,0.09855019167561796,0.05734633475593504
75.0721006217378,200.3121497370636,63.362452096286596,12.16105218533058,-0.026059306103708817,-0.4605602241130904,0.04174015516685475,112.8013583446991,0.7329858146078104,1.0712676632778355,1.4397197994845945,0.07941067312017142,0.05754353961396576
75.4,200.3040743713637,63.21176781763611,12.15857513781304,-0.026027837400868302,-0.4605381289495836,0.0402711266733653,113.27271300108984,0.7586755737742541,1.0846148873195889,1.4374423668764047,0.07862493289316279,0.05738923835937011
75.60000000000001,200.29483878793008,63.11679883329693,12.306566930866177,-0.026295841487607368,-0.46072638048579745,0.052980365314106784,113.56290465416566,0.776478205172621,1.1431676198429606,1.4360092575469507,0.07910535199412004,0.060174583534255074
75.8,200.29459858467618,63.02821935121973,12.141276864198797,-0.025964544868380852,-0.46049356773429806,0.03699436557693703,113.84610216237803,0.7895718776694116,1.0970147721503964,1.433610367979161,0.0783028407133192,0.056778379986406044
76.0,200.22376534219686,62.96360561156116,12.122921657250352,-0.03046633808975384,-0.45912605022220004,0.035998828149813124,113.96077202805428,0.9894893050177938,0.9929508232769807,1.3983981725334393,0.11783643356987503,0.0485216621700671
76.07110335972106,200.22243594100735,62.938205392113154,12.096946809058007,-0.030436346525882174,-0.4586605316651119,0.03271853586918024,114.06045402882135,0.9927697170996511,1.0405167299101994,1.3975822920664442,0.11640621346455275,0.05178356708278858
76.47070491661877,200.2647627907286,62.69083070266734,12.064723433460104,-0.0268500622990853,-0.46292057657457025,0.027538557701837732,114.56648516622727,1.1018232845688105,1.1296944732042422,1.3770147470142118,0.13540578243332166,0.05765831970159289
76.67050579624149,200.2147281477577,62.71067722728672,11.955528693069049,-0.029413732036192904,-0.4551053704398893,0.014514039219421003,114.86393377275043,0.9900327370092027,1.3113612297932764,1.3754766886074983,0.09447256686687672,0.07035129594006517
77.0,200.5744600576237,62.63744305889897,11.904795020894557,-0.0011712009216830709,-0.4469509296237443,0.011872744498400069,115.837629431204,0.988985178930984,1.1536911509111563,1.4485859875102316,0.07349367572824327,0.057724177715605944
77.07010776070811,200.50340748117785,62.67141688325401,12.034837705919092,-0.005815246060277491,-0.44254905630313957,0.02636717207633301,115.99390545860042,0.9381192191674834,0.9914427853369158,1.4640590745292452,0.05653240349884545,0.04501210503710066
77.2,200.50515388312027,62.61574642235666,11.93524555662299,-0.00564360054406754,-0.44242739125386255,0.01711723398350177,116.18246264997892,0.9443205301097198,0.9516818090929352,1.4628593564759413,0.055754078202884395,0.04253190082121069
77.26990884672051,200.5162692430316,62.59485540359532,11.937320417574528,-0.004138313057780617,-0.441162195465068,0.01734051408852622,116.23899203260602,0.9099877145715896,0.9535223244137738,1.4428011322384684,0.03971140904428759,0.04248995937356135
77.4697100027087,200.52890941504336,62.51867715706051,11.941886211642627,-0.002222772817324946,-0.43953610928371734,0.017638222962069187,116.46043712803159,0.8615616497182921,0.9606380968697933,1.4129991118970355,0.015477522382068249,0.04264946227580802
77.6695112292732,200.5224771027639,62.42531642304566,11.94486883389111,-0.003223645100430452,-0.44040012215665936,0.017472681322582312,116.78316648926948,0.8992782149225867,0.9698419662434786,1.426278851691488,0.027145150840286028,0.042739676020677096
77.80000000000001,200.52499903434637,62.36999188198875,11.824161360435035,-0.0030223734859220136,-0.44025650962319735,0.006382866209855178,116.96681341762245,0.9010524857581441,0.9228800800598935,1.4238712849482864,0.02585111665522209,0.039653909808374854
78.0,200.64367308050836,62.61202269944189,11.831843153043009,0.00839821794772604,-0.4167651042495387,0.007254365541346141,117.2477916858825,1.4439914202608597,0.9339915792516401,1.3994663540358931,0.11499605919177687,0.03962204942300336
78.2,200.65152903152637,62.5331878824194,11.611863553936939,0.008818683389687653,-0.4164628435801852,-0.012862828367653654,117.5233560824776,1.4641233166251024,0.8558077662421132,1.3951241937166228,0.11467470401182303,0.03426196676423661
78.26891533853039,200.65526407801832,62.50667920576514,11.610961424226304,0.009304782687142096,-0.4160903692534267,-0.01281791727537207,117.60354779673229,1.4591003265439448,0.8582324465752067,1.3869569322246216,0.10894253321187772,0.0343812789472534
78.46871685354017,200.58384417654187,62.54517487941685,11.536474606720274,0.004227514915957962,-0.4079417491478505,-0.021289721187294195,117.96060859223262,1.3614908872087226,0.9777913994041133,1.4069927867912915,0.07483118717952175,0.043054563260970485
78.60000000000001,200.57881126898073,62.48586224254251,11.548768422024814,0.0031656458003039927,-0.40889186229838614,-0.02003339991870045,118.188808414591,1.409153515208782,0.9893059419728794,1.4229802195559715,0.08950378621361806,0.04362176059104471
78.66851844223078,200.45232247346968,62.61913775287608,11.59275390438662,-0.00542102985732317,-0.39791507868865267,-0.014577135490378134,118.42763234448658,1.2335323493268917,0.9126771810876864,1.462238453312243,0.038022384844092705,0.03761122910928633
79.0,199.98977390818837,61.886375012061734,11.531497518954199,-0.04396167469078576,-0.44252516498786476,-0.018900694403289744,118.51635646953311,0.4550703427967894,0.7909619819851696,1.4300110889483681,-0.08396240131967037,0.028549537537256822
79.06812184322949,200.02731641060166,61.77986141237622,11.60258771164203,-0.04109843580144119,-0.4476578024057575,-0.010325245399881985,118.57430476073775,0.5127131310540348,0.6835453681108627,1.4169447708828153,-0.06638727250473575,0.020417444105214184
79.60000000000001,200.0020418269878,61.53922988529094,11.746736673189943,-0.04133543247105132,-0.4478289823180829,0.003323070423456316,119.32844706112108,0.4765779878796267,0.7626038114125636,1.409933973070131,-0.076093132699613,0.024327555131755583
79.6675275136195,200.002697968231,61.514709925889676,11.74788272554566,-0.04031447471974175,-0.4467860661890652,0.003560232257526958,119.37520532800312,0.42691080697382056,0.7627857963928159,1.3885929021727672,-0.09537772973237858,0.024159952800761643
80.0,200.03170425760575,61.29438359487654,11.69871486144259,-0.03757190347912793,-0.45120985981412887,0.0008383225125058623,119.94452610741251,0.24842111728982064,0.6196577706078041,1.4037465031765992,-0.13085993618527056,0.013067754958985454
80.06713168097536,200.00092175412578,61.22700268256147,11.694945543781344,-0.042391908317742304,-0.4561148558765167,-5.952807172239646e-05,120.18765519202236,0.3765713347916947,0.6255576422612781,1.469892950235432,-0.07298579473341547,0.013435829004339
80.26693388284274,200.2221682213242,60.775427182761696,11.88038334658924,-0.026103777494552543,-0.4808663480928599,0.022026626908568266,120.23512545236926,0.7099053423170871,0.36886687885605346,1.393741391455123,0.02724862687002194,-0.006454364158816266
80.46673616443731,200.06624522169653,60.89755952756154,11.828741571964038,-0.036757003070947585,-0.4657416195347146,0.015347905020413586,120.68756942505341,0.4789718156815203,0.444640592422968,1.4427877638511866,-0.04217501275928691,-0.000610275188118542
80.66653852646978,200.05855636133356,60.80434208877871,11.83145682082918,-0.037027747496922184,-0.46596739440179813,0.015260225963919554,120.98950219321976,0.4826898452020632,0.4450084893621519,1.447526033053408,-0.03882668374802172,-0.0006765938638643345
81.0,200.32236977718114,60.74012777804201,11.808949058847416,-0.015754032143071056,-0.45739874282471066,0.014107153950584147,121.83214213837381,0.49525590500669525,0.3622725748956875,1.4955394764555354,-0.0510997952704383,-0.006870252346580932
81.2,200.31700043840237,60.646961355140206,11.899089886584921,-0.015911520809754165,-0.45751589572228196,0.02198000982045525,122.1327873313142,0.48600355383733107,0.3997895856049231,1.4953385336883123,-0.05300289444689666,-0.004655069947348787
81.46574879348194,200.3073247116708,60.519825906204794,11.903848379082639,-0.017021057746291895,-0.4585323578692809,0.021718983258078455,122.57315519284211,0.5107584436361217,0.400118296687661,1.513167498877768,-0.03985189472748785,-0.004633242388278528
81.86535442870631,200.49282406744976,60.08714311821275,11.890039638857141,-0.003296010660831161,-0.47624727591197663,0.01900883417418325,122.90870758817324,0.8353152315717574,0.4309619568834717,1.4363310970819854,0.05235328131010445,-0.0029319213530263747
82.0,200.4971949868835,59.86583751814231,11.806474454756799,-0.003889311331973101,-0.4868316931446865,0.013924213309510849,123.19250203669137,0.5799952593875419,0.2073390780911537,1.4579357052867594,0.005957918904673586,-0.01906754762638513
82.06515737440597,200.50070187337047,59.8362563360321,11.80782506661795,-0.0033620076849804883,-0.4864556392112444,0.014025340389986147,123.27284756373422,0.5685007189489838,0.20555307304321785,1.4509638543290742,0.0005604064345131037,-0.019336897470888917
83.0,200.2827229653273,59.128208042613664,11.83287919791831,-0.021150344406189476,-0.5055022978902332,0.013992531873432112,124.42957348380925,0.19630209770183582,0.24421940748903762,1.4229900870289713,-0.061552352402170205,-0.015861444805175796
83.06417341523394,200.269421371371,59.085921561813336,11.832915795361197,-0.022758871197608648,-0.5068520721990795,0.013740543796954418,124.5646275794473,0.23049723610550538,0.2439744052970734,1.4414161049751946,-0.045514953488740344,-0.01583038401297346
83.26397689151685,200.25727853974846,58.97810814617188,11.835110975460873,-0.023845781918892205,-0.5077867391861413,0.013563518578162773,124.88591083777983,0.25093707131938925,0.24131939070649092,1.4537815190187537,-0.03422738366245805,-0.015819134520469017
83.46378045910072,200.30252832975304,58.80966080338667,11.844684652511402,-0.020343173723605827,-0.5124279162426756,0.014345340508656762,125.12040195493198,0.31592863629878737,0.23100853166066115,1.4356071783607585,-0.014570213853069811,-0.016125013966799884
83.66358411883172,200.35313574324968,58.64860319999415,11.897244696224146,-0.015554385205926564,-0.5156761448123728,0.020144550039996826,125.28711360233062,0.3340414445801249,0.17689528884846806,1.3915565606534632,-0.015519299556608565,-0.0203893487774664
83.80000000000001,200.34931836931082,58.576932154455044,11.971877990775484,-0.015674988629445136,-0.5157681133380209,0.026557818036576614,125.478303999998,0.33302064527811764,0.20802487022444488,1.3892910804563834,-0.016022096464290515,-0.018505201596846613
84.0,200.24836997535786,58.21520118511809,12.064768766629006,-0.025049646402975495,-0.5346888089774254,0.031239482137570725,125.72001172343879,-0.0693237756206273,0.42733535422253194,1.3947890085295136,-0.0806788835805394,-0.0027342370780156014
84.2,200.24655884055855,58.11076246812052,11.957120280662387,-0.024824723186940328,-0.5345166837245299,0.021046744766200172,125.99632854089508,-0.08739545059628231,0.3773618280510809,1.3907378129850843,-0.08329271935870085,-0.006092559768574532
84.60000000000001,200.22861834619022,57.890692825725374,12.255424342166792,-0.02537925636059924,-0.5349412361777247,0.04699449650384599,126.55748317555002,-0.11655795444042921,0.4973841554025909,1.3844531812866814,-0.08536920220326655,0.0005721183138153165
84.80000000000001,200.22460938857046,57.78453905941899,12.22586771985511,-0.02530594321894281,-0.5348850941652238,0.04350313084796251,126.83309729884895,-0.1344777371986177,0.48123896549088135,1.3804707623655108,-0.08725142195360246,-0.0007513279664392214
84.8624080609827,200.35961647817905,57.522841241387844,12.397632422974095,-0.015524926696684566,-0.5506750349077235,0.06406305328374412,126.72641432359086,0.14861217600197257,0.2101112374057374,1.3250525897855088,-0.007765206366555602,-0.02169895703403999
85.0,200.4753405602826,57.012493920630895,12.362432050280896,-0.009549420487342659,-0.5800041050524312,0.06150056070871907,127.28078235616893,-0.6560648501986863,0.09233305803773197,1.401614954856292,-0.1543469932463607,-0.029893718480861975
85.2,200.47172096757183,56.89514800135296,12.435263777449448,-0.009667656323608541,-0.5800951252225984,0.06693214125457192,127.56194186821132,-0.6864013050022112,0.1124510650282573,1.3988166884609141,-0.1571786801909179,-0.028760610811440587
85.46182134775961,200.38331949241106,56.67139838754898,12.442035875889788,-0.020679923160530397,-0.5893581161525455,0.06449190564415676,128.28014347291887,-0.4202971619850144,0.12037434471762001,1.538371505590293,-0.03698110422053594,-0.028079107846779423
85.6616259777936,200.40927883390518,56.54742080424973,12.350896391639418,-0.018698219605192627,-0.5898809541268459,0.051850602227384905,128.55825270715462,-0.41572008556517076,0.2746269646594609,1.5317927090963186,-0.03286038102499551,-0.01634720019149738
86.0,200.31941073958282,56.7263470249513,12.445812601644418,-0.02297198243774015,-0.5645238406203623,0.0561147468117312,128.82215447903204,0.30975701185587773,0.47486761211459416,1.4830812961691,0.10910478209467468,-0.002282666730949557
86.26103985508335,200.34401627491107,56.59890204527793,12.68778183452329,-0.018948568481733916,-0.5615395968178651,0.07673274421927573,129.08676051103186,0.24176495744945853,0.5675763155661139,1.4118151200570184,0.08882842804221464,0.0027699844326229814
86.4,200.34178249985183,56.52118720498097,12.68500423864941,-0.018920432379490107,-0.5615176867563025,0.07551040442077016,129.28170153156424,0.2547076391511135,0.5622915195762442,1.3981588370565305,0.10086221521202389,0.0024818662046922606
87.0,200.34477003734523,56.30348656766198,12.72817520719478,-0.01699688612806195,-0.5530725777869452,0.07562656501940797,130.0371342562047,0.571083544496477,0.5491832933891664,1.3190613680815173,0.19369097606036534,0.00199827082186803
87.06024007332876,200.2399209044458,56.41143434519782,12.704450891190088,-0.024216724767196468,-0.5433523254669835,0.07219909442374473,130.2115584488711,0.4578259479948676,0.5897973389043968,1.3416684381357125,0.1612599420656503,0.004987299111014941
87.2,200.2369345217112,56.33581356580194,12.701278214684285,-0.024188759118008742,-0.5433304077376716,0.07098680079475192,130.3977867009191,0.48093038652507103,0.5847580970212115,1.3273686347375777,0.17244819546697004,0.004519735848610479
87.6596230605198,200.16546089335196,56.13554070777412,12.814568709338689,-0.028302633620717298,-0.5398415361334382,0.0809284980458844,131.06404989703606,0.5075746876618054,0.46188023308077164,1.2989724251961265,0.1925081494367311,-0.006156820398566092
87.85941427982671,200.1529278434642,56.022035643206415,12.82978340463383,-0.029185790750165135,-0.5405958866564937,0.08069984821713293,131.35591407272648,0.5778528899118774,0.46189423791233436,1.2918584701322506,0.2192320208109769,-0.00635620675388769
88.0,199.9556345384379,55.80333379649395,12.784814915915357,-0.04442118325724424,-0.551934227950376,0.07709617472715567,131.32044249282242,0.4666714479195252,0.3232421764791631,1.2509196850505857,0.21420907145423423,-0.01566585169765606
88.05920399674736,199.74061513371464,56.04284289781165,12.774498031853744,-0.05923189266891699,-0.533099300773317,0.0752832069169336,131.59054610921467,0.23426048287954646,0.342300761011634,1.3049678937877551,0.14479170838995892,-0.01440020300661416
88.80000000000001,199.68417716172902,55.635563880073285,12.955224350923897,-0.06043766007089033,-0.5342453827607851,0.08658036614808794,132.56588397034292,0.39218045711913985,0.3912627912491769,1.2442191220676073,0.20311542886899595,-0.012290179428882452
88.85834849360018,199.68689097203466,55.610278813366584,12.961266242092924,-0.059605100705123475,-0.5334354829089578,0.08682678671352866,132.60401079582599,0.37145834721238863,0.38923462211932797,1.224055686285931,0.19363985638786982,-0.012360184544030076
89.0,199.53512155019476,55.481174400179285,13.037376043760872,-0.0708743302064565,-0.538436504281218,0.08990272814114594,132.5707427508059,0.3755604142793728,0.5714406373152603,1.1792991963568262,0.20494706223328157,0.0008885345426298055
89.05813119294776,199.53876766391562,55.428642326963356,13.078945423254268,-0.07028255648475974,-0.5398946418490757,0.09428294595161914,132.62982758931474,0.40600395155074875,0.5247400273451988,1.1700612026839967,0.2138922670999871,-0.0026423886036416686
89.2,199.52634061702136,55.35003157928239,13.179456033956672,-0.07045985351860018,-0.5400373173605464,0.10222146583135522,132.79663660778724,0.4384472501904347,0.5662222119327069,1.1550824716442427,0.22267239725266005,-1.0196383091493934e-05
89.25791259134799,199.51845196977627,55.31578952932853,13.184947698399387,-0.070892222434881,-0.5404145945905993,0.10211631875070809,132.87559190866028,0.46254488415339307,0.5667822406104751,1.154361269768194,0.2308171931628499,-7.108417272698881e-05
89.4,199.51148424463557,55.24155285107412,13.089420957649173,-0.07066830632330431,-0.5402341136903723,0.09206463276622033,133.0358873636473,0.4938442634256889,0.5145712787463614,1.138264478051312,0.23858703137419413,-0.003476618610656263
89.65747162763604,199.48887606587996,55.09953780077816,13.112695249414264,-0.07122072151730742,-0.5407032356123066,0.09192623933397427,133.34589013795974,0.5758795270005932,0.5142781187724824,1.1189367400059445,0.26112699898077085,-0.003523816327127134
89.8572493380666,199.3611376564185,55.17660509965362,12.99473351803539,-0.07964815094651162,-0.5276333068359135,0.07465433967984776,133.74384542155903,0.38186926012229394,0.7269779639009546,1.147770415358082,0.20278556981952361,0.012323560965296538
90.0,199.36008686455202,55.06898329782648,12.991366984494139,-0.07995268824238713,-0.5308919304319508,0.07345361162292642,134.04459671763107,0.4727779947039268,0.6951912222775576,1.1812764129871847,0.2411463982880539,0.009788328460261923
90.45657568551994,199.32484979666555,54.82766673452565,13.024966810906196,-0.07977916898997492,-0.530718314738718,0.07349222187816105,134.5674184171492,0.5816675168828215,0.6995889861249694,1.1333629032402373,0.26028718403079343,0.00972486261228066
90.60000000000001,199.31315144976054,54.751336744602376,13.044370463477065,-0.07979745687747822,-0.5307331779729049,0.07430901549473198,134.7291936759889,0.6196647911011164,0.7050881901413701,1.1193896583567384,0.26704441066991286,0.009781505120166904
90.65634900088126,199.30948301462973,54.72204634223111,13.048597824908372,-0.07967247492615767,-0.5306108075680316,0.0743391062935111,134.7867894381311,0.6294948259487362,0.7055844961411788,1.1114295843573905,0.2673216855778837,0.009770191915521365
90.85612131453743,199.2869851502521,54.6123694408838,13.063111636936291,-0.08083827713358001,-0.5317167740581158,0.07402752113285649,135.0653769353841,0.7416610788673713,0.7079718202066774,1.1177197610791825,0.30116000662926645,0.009486376531385947
91.0,199.60163297437754,54.605587994894,13.075142380808876,-0.056097678490043434,-0.5242700533667876,0.07489143531314667,135.7090439369912,0.6998380861449266,0.6880825692147498,1.178864712140067,0.2749095180589877,0.007165493613590085
91.65520136091182,199.5606883087234,54.25886729849553,13.123882655468176,-0.056839581358398214,-0.5250317476324429,0.07468437374494451,136.49626021976428,0.9235650523839645,0.6930518595948107,1.1356109951048945,0.31569114682768606,0.006361126189082667
91.85496927790179,199.67564375365484,53.989365811461894,13.179135259745047,-0.047732992178743695,-0.536662760405805,0.07956202535625868,136.540933952727,1.2074881985301213,0.6457177135607539,1.0660401505045598,0.3846286272846133,0.003004381762070776
92.0,199.60206094145053,54.073222182870836,13.252286758708722,-0.05174471448255561,-0.5257736324778004,0.08325763190523063,136.500016353975,1.5675832663338243,0.7923695492314315,1.0116825584009743,0.4474005681725677,0.013419844330790943
92.05473644216968,199.6012084279818,54.04394854592342,12.957655551821523,-0.05151097011097827,-0.5257583003846584,0.058069145781917485,136.55313354469183,1.5919138080117383,0.5382134460948926,1.00594024341857,0.45044503308938766,-0.0037703947769505692
92.65403385822711,199.48862569910813,53.82179011029817,13.009634315112292,-0.05737253591237114,-0.5190959808192738,0.060125470578975604,137.24313698075787,1.750704459050776,0.5141633518283557,0.9749551737620774,0.4443342180488803,-0.006090196076144734
93.0,199.7248038385172,54.129738693936126,13.068821969498211,-0.03533286407724696,-0.4829901728703174,0.06352378375584478,137.80687073881205,2.587734902597259,0.5668508881264251,0.9614078498277411,0.567502800867533,-0.0023822509072424633
93.25332708620742,199.61673519309505,54.09723340649092,13.177876285930262,-0.04240777322432526,-0.4764463625656613,0.07445015008320224,138.1540095843219,2.629963822227598,0.4686051870547904,0.9686533922343259,0.5479012305680787,-0.010481357336254604
93.4,199.60695562449501,54.024310350089124,13.331858524320225,-0.0426599276742752,-0.47665299461199545,0.08725203036686457,138.29732216077215,2.7127809887765655,0.5434242524911557,0.9548173643458963,0.5543594124979045,-0.005726032540043448
93.45309024123547,199.51487983508122,54.071612957656576,13.439941859573441,-0.0490916904044887,-0.47127832957305277,0.09977270151953505,138.45500060634575,2.646930157123412,0.41642275303667153,0.9819959470254562,0.5282522704269266,-0.0160651408422671
93.60000000000001,199.50727022567582,54.00203832788641,13.47343848995705,-0.04912019146213185,-0.4713013159608024,0.10144611472752371,138.59847946933058,2.7251397157510526,0.42483836709164746,0.9680408909509793,0.533320990433173,-0.015347687831112101
93.80000000000001,199.50025060614146,53.91017085163127,13.358939660321916,-0.04892005350474277,-0.47113993574901497,0.08943624776103883,138.788480464208,2.830832356435392,0.3454073683615052,0.9496281259659229,0.539577586615514,-0.020681507537959137
94.0,199.87030260492512,54.19432155962791,13.34509098003665,-0.018548613425213873,-0.4421432290902313,0.08843376621882716,139.51369918667768,3.4816468113556143,0.25558574915525123,1.015987731488516,0.6358579840215125,-0.027133320961159377
94.25213949405723,199.652086821718,53.93083367044543,13.340139796446417,-0.039474692554486324,-0.4591920845325623,0.08342546770318557,140.3029377408374,4.117524910727898,0.283004238061894,1.2137163004083602,0.8410305031308649,-0.025547115341852528
94.80000000000001,199.63267369355685,53.681123041458875,13.303059397643015,-0.039314585833564904,-0.45906073342143,0.07590894139920717,140.95877803012945,4.586714187448668,0.2265905226879801,1.187225492965138,0.8774899067404369,-0.029016967139434177
94.85142430285231,199.6065447118386,53.64144455629397,13.303798242493372,-0.04180474430984967,-0.46101109673615837,0.07527330002663457,141.10621492246932,4.706736810845388,0.2295519702714722,1.217051990358916,0.9089224202065476,-0.02876008516978182
95.0,199.68061321504672,53.19328491613312,13.263192541975291,-0.038669886748768346,-0.4871961735267001,0.07203310598073731,141.61541699125206,4.150310815555047,0.10838074617660297,1.28726107182417,0.7933118150381437,-0.03825441872582935
95.05118577568444,199.9256887960692,52.89305143053013,13.211838172094975,-0.0202545167985689,-0.5078038907528071,0.0650769934444997,141.4101295893399,4.498142295842304,0.18215994806789024,1.1998815503274627,0.8935949983200613,-0.03133606746357921
95.25094727223104,199.96118677407622,52.815912650518264,13.229506320380827,-0.016309040125955375,-0.5050123975171775,0.06599922255412559,141.55112177492734,4.600233267193045,0.17022267433667387,1.1508137766517765,0.8744490266407359,-0.03195443540834862
95.4,199.959547070333,52.74129822845633,13.211987311632377,-0.01625039430817308,-0.5049645876523617,0.06351587176797935,141.72136418751458,4.730604518973143,0.15121220852758077,1.1426124713652113,0.8829155500933512,-0.033231738050697464
95.45070884679447,199.9402598990624,52.704966864888824,13.213232309823663,-0.0181995615013827,-0.5062985465579587,0.06306479014700478,141.83408712825704,4.818319443890445,0.15226074930957412,1.1619277845231522,0.9032190313269337,-0.03303651653567155
95.60000000000001,199.93151031298967,52.62437231941127,13.430923325246063,-0.018645351148830695,-0.5066611569190068,0.0820309647647206,142.01268989795545,4.95883751532022,0.2542051320648166,1.1556694462651498,0.9129636005637495,-0.02667358585513399
95.80000000000001,199.92761382164483,52.522901165149555,13.453157038471742,-0.018657644405147472,-0.5066711541427257,0.08256393580578342,142.24297644487052,5.142745017644807,0.25178722114600155,1.1455275334953283,0.9243890642008034,-0.026733272016022512
95.85023245067981,199.96403147639973,52.45393588224367,13.45362590076589,-0.01579843942441697,-0.5100118170499713,0.08205876119453986,142.2388797872675,5.262108866524217,0.25787913686212477,1.125276438006641,0.9485372736109855,-0.026126561447792063
96.0,200.2243216588519,52.099926131387846,13.526857741330073,0.0015985381844443106,-0.5282724515454608,0.08528342295930307,142.8511695467326,4.890382577320883,0.3980839278989415,1.1990995541067913,0.8609812912555224,-0.016594463565685072
96.04999459211015,200.17150358177193,52.037954771048014,13.525136285414076,-0.004560942047668359,-0.5327484370874795,0.08372807340086658,143.06084454984594,5.052500147503423,0.4062822915733615,1.2627192590367269,0.9165831831374164,-0.015950392124714562
96.2,200.17601576435746,51.96233905012255,13.366996860556192,-0.004172013172755055,-0.5324330389007714,0.06804524477965412,143.24554589135195,5.186777647291131,0.3146700779965834,1.2568702500566151,0.9240019337151774,-0.02181811828049207
96.44951983949154,200.3513923371148,51.62742086183742,13.35763878522514,0.00921155498940857,-0.5478613748132639,0.06441575779791073,143.3179213340364,5.70057887750305,0.3574654437165239,1.1766215336979686,1.0231949004890566,-0.017845617557573266
96.64928306177148,200.345054135358,51.51531922398326,13.369364474779339,0.008022187588567955,-0.5484907103569668,0.064065503757737,143.59451468205287,5.935135062359738,0.3556605440787188,1.1857250021049064,1.048421104793311,-0.017879226655624914
96.84904676183484,200.36641512504286,51.41026600891183,13.385581403242904,0.011420347084657207,-0.5467735195964943,0.06516746403566245,143.69007395855803,6.051388458898552,0.3468209626461759,1.1213577620219466,1.0205899167338939,-0.018681697701592552
97.0,200.30701755208105,51.26502157524244,13.441027356145433,0.006316198644926657,-0.5517930957332967,0.06740535727430942,143.7896390477026,6.12610851000356,0.4566510486769042,1.106788654070951,1.0183724456948804,-0.010552766751335048
97.2,200.30973589784367,51.15585195562256,13.408892577128485,0.006425376116405214,-0.5517054825202121,0.06313864491382716,144.00876211230434,6.329798894877834,0.43107102043059425,1.0965273207006887,1.0289242696771634,-0.011968309586361494
97.4,200.31177621227192,51.046127409494865,13.397676816307898,0.006481649344584893,-0.5516603471311143,0.0608991555180929,144.22639774841886,6.536029781491101,0.4165336749756056,1.0862605819516011,1.0392031711099576,-0.012948433483816711
97.44834133140539,200.46465380444565,50.84235199915448,13.379427579103352,0.018118573286109257,-0.5653297596439137,0.05788787332996061,144.06843312422106,6.839629177399365,0.45618718942472003,1.0204490074841404,1.1194020687591795,-0.00914873579716651
97.64810754875916,200.4197334189524,50.765645756753436,13.445062670595895,0.014503942199594852,-0.5623988842773171,0.06557022486059377,144.340824243047,6.999192959455335,0.3605596012579741,1.0294672565700849,1.1114313665875608,-0.0168470893741682
97.84787455043683,200.4126942319379,50.65187792741603,13.455043932670158,0.012165854412029291,-0.5635285540829852,0.06464027907858028,144.6513671536924,7.2906117407331985,0.3619706013977027,1.0613471607884475,1.152128787999012,-0.0168079143348724
98.0,200.8535784944613,51.02053275659513,13.424828653199281,0.04785346371119527,-0.5278117538516005,0.06393892860997884,145.26061130041325,8.00515993781109,0.2382870238628713,1.1002663180815824,1.230229381885841,-0.026316082869795338
98.04764239980638,200.85905578524913,50.99661620854788,13.428449025549114,0.04834764298117143,-0.5275573664826597,0.06409556685801095,145.29927893959626,8.05514826472983,0.2362549364799904,1.0921400411498738,1.229022206216118,-0.026565222765903795
98.2,200.85973672007742,50.910994834215224,13.667059032814798,0.047826215826254896,-0.5279577787662123,0.0856210637730796,145.47120736013886,8.248411982469404,0.36012443204589206,1.0870530174995012,1.239883747867721,-0.01875002538352842
98.4,200.8699704009735,50.80592661130688,13.661129186933614,0.04787803880709699,-0.5279180271905695,0.08344211573361482,145.68707578196833,8.497107805303129,0.3436153662095083,1.0779644660228433,1.252492029085876,-0.020134748327256476
98.60000000000001,200.88236433229403,50.70254515096322,13.579813009162015,0.04809530376916625,-0.5277515622144937,0.07412677744140408,145.89888552582164,8.746305571451071,0.2863294076947279,1.068212908613028,1.2639903449992969,-0.023863872660921753
98.64695167778076,200.93483748828717,50.63458024982118,13.542142715235684,0.051920288342837115,-0.5313000658168828,0.0679207465244948,145.87286976843984,8.885822520249969,0.3654370099125398,1.0433596726944083,1.2910719667861188,-0.017220721734651775
98.80000000000001,200.95598870668775,50.55320570891833,13.700493088746544,0.056072112642299256,-0.5294696669710195,0.08312304472584271,145.83240988215647,8.965079444130817,0.4371344921718087,0.9550072385770494,1.2474227723465228,-0.0127793404937918
98.84672356491343,200.96065585478527,50.52806794297714,13.705425565450826,0.056931646868586344,-0.5291068221405946,0.08348876589520458,145.8338904182855,8.998640419641388,0.434549554815076,0.9347549302688958,1.238541061197823,-0.013112308137370769
99.0,200.74448485191184,50.505048428618274,13.756640846002355,0.04038412418350315,-0.5264404621326294,0.08508375596260892,145.65399148647026,9.338166808036076,0.5374849715510653,0.8739327380152483,1.2801664832622,-0.0048755878793312075
99.04649662647952,200.73963139586257,50.47891398239346,13.75970976375792,0.03921676986471173,-0.5269351296361223,0.08475924013985543,145.72845858297816,9.416353729515732,0.5386601219968085,0.8857417080049507,1.2919381856005505,-0.00466134515211396
99.24627092973249,200.74888168179532,50.37384579866537,13.776872520428462,0.039509804091392396,-0.5268199874114735,0.08484754167593603,145.89416860139585,9.670262046331338,0.5373736390901931,0.8678027965302687,1.2994608903278337,-0.004790367084024731
100.0,201.0827481141227,50.30586116721465,13.802009089883269,0.06429350687775948,-0.5011653240733402,0.08433612804829393,146.81747206567775,11.114350819952557,0.39667850017332495,0.8428072863457027,1.3996002239336784,-0.016040849771957272
100.2,201.09960720834837,50.208673317426275,13.712959188228107,0.06459598830299869,-0.5009368350329878,0.07388978694116474,146.98106287815924,11.392365279513486,0.3426702165210126,0.827773211785073,1.4086033101797248,-0.018930300655336525
100.24516346647299,201.11977256275642,50.18586162931015,13.71843630050607,0.06771584908185874,-0.5000433799960694,0.0747305666556251,146.91682650065823,11.411245635985681,0.33905504351771887,0.7810690532270114,1.3879474105074623,-0.019362300337675855
100.4,201.13176213707808,50.10957322721569,13.690157877518777,0.0678296016316762,-0.4999582926285596,0.07079206754882326,147.03538265550736,11.625461885243658,0.31727381433223706,0.768899448961046,1.3938553041642874,-0.020494482393986217
100.44494666474496,201.15203611123223,50.08443505159112,13.695229634099336,0.07116467664833952,-0.4991690590932744,0.07166770179705705,146.94831259640605,11.638115303208151,0.31382999497573194,0.715069529532808,1.3706095026202698,-0.020846721802223515
101.0,201.32163028266714,49.629851690540754,13.695948623113408,0.07988167070660111,-0.5108386460627836,0.07004622519338011,147.724181847807,11.896366982457867,0.1785536668357514,0.7458216404246063,1.2856777699623352,-0.0320379873329824
101.04430691613187,201.08811607599364,49.90745517804701,13.743319244267424,0.0623326020968701,-0.4879647501759927,0.07561646828847615,148.00909179230638,11.604551969249462,0.14155292824081198,0.8203608605362234,1.1752136253851229,-0.03595844810707934
101.4,201.09575448336784,49.718017895265156,13.740244632685723,0.059395998984359266,-0.4900572348016179,0.07194022672403515,148.4057252255967,12.092394758832715,0.12182973863373166,0.8424150171119454,1.2058424525043814,-0.037235145353389586
101.60000000000001,201.10713826106377,49.61964934229916,13.767830493828027,0.059358822932358134,-0.4900838772177461,0.07324619463220006,148.5735569952089,12.334084288009524,0.12068624208337339,0.8311615998260775,1.2072697472143679,-0.03733141873714545
101.80000000000001,201.12256723644373,49.524190538578,13.686953790781674,0.059623849517516356,-0.48989424262971565,0.0637562050964952,148.73486020536103,12.572575558975993,0.06797154450014986,0.8191274790692886,1.207114961281234,-0.040805236327262524
101.84348147980111,201.07919043504032,49.66891888260357,13.50404516478997,0.05575676406603551,-0.4776351439084426,0.035300466213477794,148.8591961143343,12.386203218213568,0.4446495026295803,0.8419273246225334,1.1381420891236012,-0.011025412418941359
102.0,201.3297507970761,49.80004598716668,13.450279294510356,0.07464501241412735,-0.46137750365645674,0.03292716079450539,149.31069491884594,12.859451520711279,0.2625486524641443,0.8831322184409715,1.1823386961996705,-0.025291173849721984
102.04328052915679,201.35643297494585,49.80060629221244,13.45726432236695,0.07858372772597723,-0.4587754605851416,0.03431304166526613,149.2336752787394,12.841741151119878,0.2571752700400541,0.8301377870169592,1.1503341943968928,-0.025697563150923662
102.44288563359409,201.6612730545557,49.265530906966944,13.437058516770858,0.09885853747850014,-0.48548435841937915,0.029148768532222237,149.21196116263866,13.785725179187134,0.3160269175326341,0.7034710936585592,1.2934869173696777,-0.019990482327581806
102.84250057243527,201.6942806882448,49.0705803544398,13.447333760133498,0.0975546459820056,-0.48593139239709565,0.028700341183388083,149.54522793148885,14.326674125010976,0.3101644508515825,0.6984788088528217,1.3057484589602306,-0.020191824542943812
103.0,201.57216421240935,48.78940356819591,13.545936981458805,0.08568519325691214,-0.5019396510621881,0.033338957200967176,149.51788069713635,14.23828508467791,0.5565604808280531,0.6779891826391957,1.2642296199872025,-0.0015194076256605411
103.2,201.58991609052742,48.689432059289395,13.536344772042852,0.08573234075259854,-0.5019075513900535,0.03170838135506106,149.65167042356148,14.490710551056411,0.5478824748777851,0.6654702476323007,1.2639882084967604,-0.0022989543945319798
103.24212593854267,201.6321641816137,48.66908067671203,13.442414455858552,0.08839452750488826,-0.5020327766130196,0.017513215172955496,149.64175037075682,14.555653042049963,0.7120875649900404,0.6514140083466969,1.267929833314837,0.01097974155965942
103.44194271694816,201.69171252596988,48.513452078491106,13.466852382611815,0.09216799142853284,-0.5060059788536777,0.020780433000950827,149.6844049224648,14.872985575762604,0.6801395879166052,0.6086573876493827,1.2851110249218685,0.008348231223684228
103.60000000000001,201.70251558028372,48.43122464280787,13.61697580504565,0.09185647889389238,-0.5061958999012843,0.03522255960208302,149.78383342010767,15.07955160095027,0.7723412872683845,0.59904930006156,1.285837801124107,0.01439707621788288
103.64176304797243,201.68045772749235,48.39925088646394,13.612689537474086,0.0869944593593849,-0.5083241312524983,0.03350802787122862,150.00297214479775,15.217277821579016,0.7829974194339797,0.6745967867378229,1.3234368680657926,0.015146259684779048
104.0,201.67902521973832,48.48133547826415,13.616973572962197,0.0859064870719521,-0.4890793525968328,0.03339639133428007,150.14091232893176,16.079930289288477,0.7657776059449477,0.6307123763462299,1.3891318237836787,0.01386488515987447
104.24123953517721,201.6330209662944,48.49192477403071,13.567475735839231,0.08054618153900016,-0.4789787049585873,0.02488209009604749,150.3870368186289,16.23920054106143,0.85482687610412,0.6477710168781804,1.3337569721625373,0.020721338549367092
104.4,201.6472588264615,48.41678432639422,13.468778293296554,0.0805751936521913,-0.4789392341121542,0.014694246416560863,150.4931311936842,16.451645934374163,0.7951596323066681,0.64202364073968,1.3344680143383507,0.01668477827690177
104.44107117567368,201.67279534943782,48.40921654794553,13.473778179856861,0.08455118716626506,-0.47704108046973764,0.015992618803004528,150.375418672189,16.445433591134893,0.7883935356394568,0.5794567419342952,1.306272224496844,0.016039598247870664
104.64090600903198,201.6917169213284,48.31495253279529,13.47744385251212,0.08498622384256628,-0.47684574113905465,0.016140301737506343,150.47172420639058,16.69921475536121,0.7907918670643318,0.5595643080504696,1.3010549038094388,0.015892805519644414
105.0,201.06461063720744,48.24549774561525,13.483050155050405,0.03559225499918379,-0.4728965861978842,0.014737884152735279,149.8195867258352,17.485702680069398,0.8269819994345329,0.4130228506053745,1.3773619532229988,0.019035205888240012
105.80000000000001,201.09521366745676,47.868466101311675,13.430444527450957,0.03575970723478869,-0.47279255255811264,0.008307687248259144,150.1248413630023,18.583983406957856,0.8072309302950327,0.35590845271388516,1.371663572835542,0.01655878104588108
105.83998601262307,201.0846613623911,47.850175134170584,13.429318554423913,0.0333752879893562,-0.47326731326028976,0.007695243626083681,150.2470150017765,18.663049581033523,0.8103392512765512,0.395735224277977,1.3837652809790961,0.01645667292396647
106.0,200.9454124986252,47.46766175085095,13.2172494453865,0.02147685461733534,-0.49571799124240273,-0.005574259211936104,150.2993182052432,18.401264244405542,0.3546804487059748,0.4024315725235863,1.2994549526945587,-0.01821089795375669
106.4,200.9647347937684,47.27594336347789,12.955608217254486,0.02228879859666793,-0.4952089464549575,-0.031122103884460565,150.44559661744762,18.912397864142584,0.2184802563510324,0.37708284569901873,1.2900032798121586,-0.027118753465894114
106.43957473258006,200.91933138030606,47.31680078276784,12.976417103549005,0.018728824197581945,-0.49032739160302224,-0.02782059902265994,150.52573118761362,18.863791966390778,0.1824681915123799,0.394997654771868,1.257653721260914,-0.030255177153872187
106.60000000000001,200.92107849065866,47.237432827381234,13.010570808276578,0.018630217274100337,-0.49038507540650533,-0.024014469628310477,150.58967351546823,19.0661729536317,0.199439194414524,0.3865373291658662,1.2538490547391175,-0.028905799499547084
106.83931978356331,200.95621263460683,47.05955015914475,13.024128652958606,0.021136069432811204,-0.4952348092409958,-0.021108044753565463,150.62199009668973,19.4793069947071,0.16168116414376085,0.3567798355931669,1.2816084163033699,-0.03152670786431771
107.0,200.93741923335978,46.68842737038694,13.038883234620187,0.018173745273800647,-0.5168150176957834,-0.020401601188349335,150.69859422012456,19.25565882206386,0.20018178003000245,0.3604429479574725,1.2096451376486053,-0.02821601821142794
107.23907923407648,200.97096608248717,46.471497307642856,12.961693781976003,0.020691386190751025,-0.5241263060748835,-0.022718574465874473,150.74056201513142,19.672070780458768,-0.03009990962213223,0.3538632480713827,1.261409070423678,-0.04554250993725456
107.43896167315111,200.88996824196158,46.46327451426544,13.022541464132107,0.014020171375265369,-0.5161324582264628,-0.012811461660080146,150.9382168417583,19.754498250173405,-0.14126502338473085,0.39919589501591757,1.2172612198596757,-0.05421464428802935
107.60000000000001,200.89257465434028,46.38030259011173,13.001778357414633,0.014048984874111473,-0.5161183332064543,-0.014619298896602712,151.00268783226292,19.950809599825657,-0.16253349177989226,0.4043178695946892,1.224011059714926,-0.055293686650031794
107.80000000000001,200.89332944852097,46.27623678994423,13.11148529831414,0.01387918822879839,-0.5162011732307322,-0.0036820868000923303,151.0856416823538,20.198112426174887,-0.09904244291593117,0.4112674076555761,1.233133118903062,-0.05044881235665126
108.0,200.7487348357478,46.38963063223151,13.10159917549198,0.0036755377178527473,-0.5008727861930312,-0.004208806323771784,150.9445134656889,20.76750992027575,-0.12699600119773735,0.377840918921975,1.2975762050186916,-0.05183170709260027
108.238506276295,200.76448486721105,46.210006873233446,13.14429073592546,0.005042303758223795,-0.5058494579902925,0.002610054922846098,151.00787440969947,21.17154283355645,-0.20635669301950238,0.37624563255081306,1.3404029566243072,-0.0578836330370529
108.4,200.76692833159882,46.12894780738258,13.026537193726503,0.005175020087316438,-0.5057828667268839,-0.008939994177895559,151.06883806015995,21.387809407370952,-0.293984592332119,0.3807728900056239,1.3491066406508445,-0.06350825792807932
108.80000000000001,200.7704815570771,45.92718379098891,12.908106492470377,0.005297157620368256,-0.5057221608315303,-0.020258808668383095,151.2234171039846,21.930649462102476,-0.39377300135670623,0.3924725631488303,1.369843425454911,-0.06974402514310046
109.0,200.23089731350836,46.02136835696517,12.920924656126354,-0.03432038967791285,-0.4935873622308553,-0.019454023685360686,150.39120955198155,22.50168375748289,-0.3799370066379942,0.23457635410718558,1.4359483666956416,-0.06725349904498332
109.03807526741345,200.47552210522377,46.110951547360706,12.951709558487337,-0.010520143656759805,-0.48336651328377517,-0.013543152338665335,149.88433088118666,22.349890220755263,-0.43121985343069497,0.03705210080028262,1.3519973512356112,-0.07127877226574064
109.63776851940648,200.54467671656607,45.67890130117943,12.932103480742553,-0.0040237457770634305,-0.495916457702644,-0.015387042621328386,149.75152380753028,23.481615720510817,-0.45591678495806853,-0.02330993913083399,1.477375043147723,-0.07067870446063548
109.80000000000001,200.53914953923697,45.596558393163555,13.161973133377092,-0.004470042567454387,-0.49612165181334955,0.007539683632859376,149.75411407526693,23.72630728175609,-0.3183462074228711,-0.026426687087394155,1.4873613720103784,-0.060981994020618886
109.837669483647,200.52554072738144,45.572231361547985,13.15999324833365,-0.005877627020270413,-0.49664541907461646,0.007093143741848942,149.7998356997473,23.796131231370435,-0.3170074279934499,-0.011050311677575558,1.4947761515393194,-0.06084059085225514
110.0,200.54935947496855,45.55541172798601,13.238523338985672,-0.0038987627331587794,-0.4920025694184897,0.012073275362739368,149.80189890488882,24.128607139804533,-0.18334061825669873,-0.01760114720236375,1.5187258007743718,-0.05007343586805743
110.2,200.5434683946325,45.454867219521304,13.401792644486974,-0.004343164748144711,-0.49220857443710947,0.028102024261826085,149.80390036639764,24.436703855230622,-0.09623041371413056,-0.021050630473736467,1.5309621084687737,-0.043958470019520655
110.60000000000001,200.54107951354774,45.25771307790216,13.433733646807704,-0.00439882614129996,-0.4922342765443465,0.030172906377122874,149.7942157132229,25.05422923569622,-0.10182820905823323,-0.031487365226552815,1.5542700962430152,-0.04387620618688517
110.83719897949251,200.53340713319488,45.19187809004175,13.396137833130217,-0.0051669375972745206,-0.4879148176385849,0.022945203544358212,149.81138817708006,25.316371512388567,-0.04296820652793057,-0.02999280334762254,1.5346476360412513,-0.038439461927932156
111.0,200.63436318568912,45.18480309752021,13.512988693356325,0.0025923753530901084,-0.48239865998612413,0.030244934218197662,149.90725994699687,25.657572679929437,0.1594933737406961,-0.02120108415627725,1.557071215533748,-0.02279210519672327
111.23702252578124,200.57513377438707,45.0523952886984,13.512808510069746,-0.0035872355246711783,-0.48404925725236875,0.02861505557879134,150.05772816218163,26.056440008942456,0.16402377891204653,0.03385716106374774,1.583552051560252,-0.021840754745594243
111.43693686536322,200.603313797132,44.88029294481065,13.526557650055045,-0.001154757453225067,-0.49044072867394334,0.029840957154379774,150.01318343671952,26.512267778182487,0.14984005801808686,0.014567682978019976,1.6394435697958512,-0.02245496066610054
111.63685293189074,200.57811245157248,44.77381473416063,13.52761192418471,-0.00405628313497749,-0.4912114445928945,0.028772389699417023,150.1128370627724,26.855197062015346,0.15173860451846097,0.047886226488024805,1.6592540389342014,-0.021708790302867167
111.80000000000001,200.57870821756367,44.69408515522485,13.485921158861808,-0.003943847272471535,-0.49116739274816823,0.024230044248942054,150.11854557271946,27.12587169899458,0.11864117753554893,0.04530464198669114,1.6698196690763127,-0.023718682640075782
111.83677073718968,200.59052464143062,44.68015268270089,13.489277532495242,-0.0023682387948392174,-0.4907879552210752,0.02483230378040268,150.05767205713855,27.181206082018402,0.11420883573991027,0.021168464738110283,1.6685578068004583,-0.02402440708607741
112.0,200.3150426397801,44.8687656857075,13.411371378311355,-0.022604086654398278,-0.4719190633779289,0.01931185719776883,149.70809304779348,27.93053161884673,-0.028508426891936875,-0.035688917624091265,1.7663214431058045,-0.03436511455514013
112.2,200.31157525046694,44.774748000943404,13.386769562691587,-0.022515035200083213,-0.4718838180663048,0.016508741872517156,149.69928901518227,28.284713775530705,-0.052455809601720985,-0.040381742370157805,1.780853380768732,-0.0354097720298386
112.43653470182893,200.27652857096726,44.66338429533434,13.474606923966459,-0.024694894304192555,-0.471683399064997,0.02999989369473412,149.72629588590218,28.693186275600073,-0.18779097476883982,-0.03355849270555751,1.7937824999817533,-0.04657887776069208
112.60000000000001,200.26948573412145,44.58538918955307,13.582343099495317,-0.024955310207673408,-0.4717794268264513,0.040048495606307445,149.72454289631963,28.989276204363158,-0.1293109779965787,-0.035606157893153134,1.8063070085776232,-0.04240462529231097
112.83638624895197,200.22552441223309,44.56112335129242,13.607117469781913,-0.028138102799120837,-0.4641468092615553,0.042580553223300566,149.79600335069742,29.212831904924435,-0.1650463329862079,-0.015248902556700854,1.7604611466755398,-0.045394629404809275
113.0,199.93522088317155,44.23570346472919,13.707822974694393,-0.05105949459314692,-0.4835292062472292,0.04782550690091412,149.4606708269802,29.16631197759695,0.004964834470819995,-0.06106692087471669,1.7219481494351294,-0.031732464871421194
113.43617714490851,199.90593498649315,44.10785379520806,13.662016414992522,-0.05180901883729535,-0.4764651768038266,0.03729939193949075,149.4533455950226,29.77409227540564,0.07989498990347371,-0.0631919867129325,1.6993171760427765,-0.02415613043539582
114.0,199.79987927840094,44.09033266972056,13.677678179524387,-0.057042952029073286,-0.45822915578560636,0.0370706960401095,149.28575192077105,31.122923442289633,0.05683511484689042,-0.09881564639797957,1.7938917574464777,-0.024784323248274034
114.03598458198559,199.8089765878635,44.08398176765029,13.64004144315977,-0.05617057016329512,-0.4574111594032052,0.031107117215714644,149.26818649306537,31.176111454963497,0.10011954239116541,-0.10467985746270737,1.7920448919776277,-0.02071721897557652
114.23592411678177,199.81274009936288,44.129049956154574,13.686996194539708,-0.05282907459253855,-0.4453014856968769,0.03806793968923792,149.11198506680242,31.29310707297521,0.05013549626374969,-0.16877212784166334,1.7169679203094128,-0.02547737819048544
114.43586552872702,199.8010445345675,44.005268242190745,13.746148472455406,-0.052691896608984046,-0.4483506442983834,0.045992821606315924,149.0661563605417,31.70353240544049,-0.009998626008576893,-0.1799257636217222,1.7478293788056196,-0.030818429870416466
115.0,199.6803087774071,43.65186718709743,13.716564318396918,-0.05990662820406419,-0.4559360223933189,0.04176258286537174,148.86341019458132,32.56450307029823,-0.10063912348775321,-0.21135901023689313,1.7550298090718137,-0.03679389945183918
115.0357011183928,199.65531835264127,43.635055798199936,13.797012355942323,-0.06169180712450557,-0.45585788219265194,0.05367300507427244,148.8837019479614,32.61826115438275,-0.1734204736118388,-0.20311535619580462,1.7533681963617582,-0.04363111059910295
115.4,199.6353731443461,43.469303177628305,13.687893062687671,-0.06145690672441958,-0.4557954625384742,0.04162058474998924,148.80441365397382,33.25854778082338,-0.28269835656514625,-0.21664572313985714,1.769026754569005,-0.05052221705427778
115.43560105966318,199.6601555729013,43.459261649916044,13.59223512392523,-0.05929931629548025,-0.4554081670757732,0.026400880809860028,148.7545514105078,33.32485479209005,-0.18554302010072077,-0.23208795008298744,1.771728190113315,-0.04106658377669049
115.60000000000001,199.65119822726248,43.384427052331546,13.545013313337396,-0.05922317823499856,-0.45539009782846324,0.02161985500043256,148.71502404821996,33.61615533123917,-0.23083272459819226,-0.2382113579532816,1.7786695197559586,-0.04371877315369263
116.0,199.74311276095608,43.32145683423554,13.567665361971308,-0.05010876790365454,-0.44639178047776723,0.022824326359373284,148.76095618867024,34.49555545013807,-0.2307456661754048,-0.23241311036392326,1.821745873828125,-0.04244588032410649
116.03546545543834,199.76138829237556,43.31003963552111,13.572580331010867,-0.04779966266221171,-0.44606292303628264,0.023647718710578542,148.6928205296217,34.55919286061265,-0.23650195751694295,-0.258338438483674,1.8216348999517804,-0.04287066703418786
116.23542414628155,199.72560210402608,43.215146271692454,13.571742121463679,-0.0509585548949299,-0.44644875785559607,0.022502327940167512,148.73318769286473,34.92319522400777,-0.2394185110761522,-0.22901267593790847,1.8316517833494268,-0.04275488492415424
117.0,199.68902806278658,42.52453838110095,13.70307964374031,-0.051690193602305874,-0.4716748411399747,0.02952124592686064,148.5777445071775,35.736461795381715,-0.10776984358172112,-0.24480167538305087,1.7562253034374986,-0.031709842236507996
117.23524709304453,199.67979896722315,42.573943231232356,13.589347672907612,-0.05171709455969015,-0.45696306545204207,0.011459485284891411,148.5302734013055,35.84070987919014,-0.020846305217886343,-0.24983203922336872,1.6578152870928111,-0.023037406215044156
117.83516466303584,199.61584804625878,42.25469952342377,13.516393086469497,-0.056447407385868,-0.46092263023957813,-0.0009220821311077213,148.57955554377918,36.93451120621898,0.027325053481250913,-0.19253187982427178,1.7009126360178581,-0.01649393026091434
118.0,199.78018278891764,42.59021294730058,13.464084549419718,-0.04214586651096549,-0.43016911127680296,-0.0036841814092021877,148.73073283794824,37.82391234061316,-0.05147934772710612,-0.1758911079197777,1.8026170132121302,-0.022138144143927514
118.43510024374226,199.7477798330287,42.43243588581313,13.502693893008981,-0.04328940040173404,-0.4274811003187603,0.002038473286053396,148.675100143159,38.54572151751517,-0.08795770884672689,-0.176688905645216,1.7941803569240196,-0.024662249330174725
118.60000000000001,199.7425633902324,42.362079794608235,13.422293612859692,-0.043130377893738935,-0.4274532694625161,-0.005114111207701465,148.64372945857355,38.84131396476336,-0.14982142696252793,-0.179831956012641,1.7984899489093433,-0.028668841231960653
119.0,199.89859489214214,42.35209196974086,13.337442061587995,-0.029382547359700927,-0.41524721123151476,-0.009902614844458119,148.79647811046434,39.80926046157415,-0.2777061107738774,-0.15312400035084975,1.848484970323388,-0.037312645519516116
119.23504253569769,199.8617525025156,42.5001274538442,13.329569938623482,-0.03185930670018626,-0.3935602757490668,-0.01062725026290215,148.80788070928094,39.801378108986775,-0.28580730192813497,-0.1431582865034249,1.7063200725195724,-0.037953916186296566
119.60000000000001,199.84368534184873,42.35608907456459,13.628278291285199,-0.03234776099425081,-0.3936511058541168,0.01580684611542734,148.7585494144676,40.42675142423106,-0.08656842440013121,-0.14719558888071763,1.7095480782553982,-0.024089655395297723
119.63502580702104,199.80728346145145,42.453523767086054,13.69607537698297,-0.03526512726856671,-0.3835976684908212,0.025847664718068465,148.81937005816545,40.229548183239466,-0.1473816683133246,-0.12749264840598137,1.6273162484817068,-0.03032850701272248
119.80000000000001,199.80357914481456,42.39021954854573,13.553649916752113,-0.035111572359909846,-0.3835702292123873,0.013225249306618036,148.79831979737736,40.496932434613264,-0.26004032126635146,-0.12846730510950916,1.6263041176756843,-0.03782758975380045
120.0,199.71693766224,41.76198614543406,13.590407162049383,-0.041854986603936155,-0.4248196682429583,0.014910346245930047,148.66674582356742,40.01977561674079,-0.22068606462427764,-0.14576333352068674,1.496442471168825,-0.034762228888679754
120.2,199.71025333057855,41.67714228592178,13.48150149250389,-0.04173858452711093,-0.42478916690677454,0.005208152314120656,148.63760898122797,40.318100961085044,-0.30618242457147443,-0.14781698522827147,1.4930158973560232,-0.04019449322490671
120.43501665828605,199.7085682365531,41.55583219769351,13.470402153849198,-0.041074939731051176,-0.42670457301349224,0.003182265755049713,148.58897306312878,40.71284430065703,-0.3004076684750371,-0.15517273734811904,1.5032861885088105,-0.03864509315805695
121.0,199.85406081136168,41.29603267546806,13.4995434837537,-0.028247121152534947,-0.4278584203840619,0.004546281722876944,148.82852626983313,41.52843508343779,-0.2735011067004218,-0.10274865252654596,1.488122223041586,-0.035774902275982706
121.03503107650691,199.81166962879706,41.28140394263222,13.493563760381722,-0.03199615702643008,-0.42777818406699786,0.003479478712188893,148.90033461355145,41.5764313076975,-0.26829324061742577,-0.0752239428418641,1.486705693187471,-0.03536207290572654
121.2,199.80538326392352,41.21082181132033,13.529035089390494,-0.03207987413199857,-0.42778427531456964,0.006560846936701761,148.8889143767049,41.82153496298354,-0.2502283937591556,-0.07581049943616269,1.4839034696916533,-0.034023225754505525
121.43505081201059,199.7856529329919,40.97884511774378,13.569930426799958,-0.03305460941738986,-0.4392880427868223,0.012976339694753435,148.8888033640754,42.421019734867336,-0.3027522331023524,-0.06943668822426116,1.562624216870675,-0.038167231881002225
121.63506371216734,199.78112158412398,40.91934291543063,13.566303738941034,-0.0328844687967376,-0.4367807365057755,0.011966144324222676,148.87142280463692,42.67277619292449,-0.303602368213702,-0.07130668329626552,1.54168118106905,-0.03773987511685729
122.0,199.5985602080453,40.551249871786986,13.46219296363728,-0.04632335682490363,-0.45252667297039395,0.005157888869809197,148.638222773916,42.93461789273034,-0.46662577763557866,-0.10067489534569507,1.4902680826969599,-0.04842304084747648
122.4,199.57572032489725,40.37041213855014,13.679792628560277,-0.04667845300157621,-0.45254525985712374,0.024092671958454794,148.60145996669095,43.529925832274515,-0.3351164410855999,-0.10191575633681127,1.4838317898251523,-0.039041364428097566
122.63515843752779,199.50111038784792,40.2080792400833,13.858741688057663,-0.05170200476191312,-0.45747288936250474,0.05231626478192207,148.67767044131023,43.98620384702052,-0.5380183519823891,-0.07018237122183793,1.5149930073732025,-0.057757961879242106
122.83518340473036,199.52519460769207,40.113655726381126,13.876940168748074,-0.048429135153391985,-0.4578174433980075,0.05367182202893885,148.56551342749233,44.302944673512606,-0.5584199361276073,-0.10427309446366938,1.5171561562918081,-0.059142160712318516
123.0,199.10098230348748,39.66226111291062,13.923081699962921,-0.08165313052720333,-0.48606350041695173,0.05439718893697355,148.07553076510285,43.974274113299685,-0.4974154291505478,-0.163690627083545,1.419767451056841,-0.05369356418977215
123.63530320819659,199.04001797888833,39.32538635328815,13.983507110095966,-0.08237838766899519,-0.4885240584593454,0.05838963568466657,147.9836328948292,44.9298857055044,-0.5556792541206023,-0.16619881911928056,1.423981709184387,-0.057374368296194495
123.8353381173837,199.00760073476778,39.16546149594001,14.03686787619353,-0.08367087173011313,-0.49403533721691006,0.0647956177997002,147.97864206344963,45.35951258012468,-0.6048004991954092,-0.1590455244435055,1.4657155353041702,-0.06105317270404551
124.0,198.88554512580305,39.068914556260836,13.98729659489708,-0.09207637114582887,-0.4952295415298906,0.060846578708361874,147.8271215126403,45.577309164382875,-0.6905879101708288,-0.17806706730645866,1.4596898639769202,-0.06677497441398117
124.03537499865611,198.8336114896659,39.06346853344949,13.977569193351039,-0.09777415551265439,-0.493912326771539,0.05840304271257163,147.962690648071,45.595584455029204,-0.6828834295249971,-0.11828362590532562,1.445587317445799,-0.06566462322173984
124.23541384585246,198.79129087858536,38.79653311372012,14.008243253532193,-0.09976102810663479,-0.5085215686736981,0.06123086732796607,147.9771719060595,46.17808944955936,-0.7102674610508601,-0.10390831476299266,1.5421172287367757,-0.06710077414074121
124.63549741187302,198.74480339585463,38.552660295647186,14.04040265172306,-0.10034266019302392,-0.5121472602991657,0.062371706051988954,147.9488161184816,46.88498635863385,-0.7429335849496085,-0.09963490721794722,1.5695291106712421,-0.06837663459570056
124.83554211689196,198.7376972221149,38.45130209770471,13.996344527670416,-0.0992818009443142,-0.5120413187957302,0.05394237573084431,147.90485546246913,47.198668936320836,-0.7130666783919156,-0.10754218607684549,1.5693559351429367,-0.06399807305632989
125.0,198.73525803540412,38.04113910332823,13.959973804281809,-0.09828040567230158,-0.5365116372516018,0.05097463327563858,147.90481560170096,47.028918529313614,-0.7792718915958294,-0.10492762408770769,1.5028661715605258,-0.06830394633297296
125.03558876023529,198.7062564853152,38.03019308998719,13.953410350343546,-0.10156612044888777,-0.5355984850105201,0.04931876992221669,147.9889144405009,47.05907765909306,-0.7757309751026731,-0.06717776952479254,1.4929371741556778,-0.06777301120875152
125.43568783117911,198.65109807193303,37.656194953512255,13.931573799424289,-0.10313614040579197,-0.550303814030518,0.04318619012763812,148.003930121047,48.00484004105245,-0.7742445161917936,-0.048528582159882025,1.6075242995774153,-0.06516672297573768
125.6357402427458,198.66011041806132,37.619985185323166,13.85912657428688,-0.1004895354912867,-0.5432961648879799,0.03129281289774942,147.93240998779956,48.142870220739674,-0.734321914833348,-0.06865822707463606,1.5471504099703903,-0.06000688770669492
125.83579456058166,198.63665301280417,37.53614462496214,13.900995759864823,-0.1006970205008883,-0.5408684215464161,0.03654684754066377,147.92114660185797,48.37810917458674,-0.7696651229295225,-0.06734326291292374,1.5218278499950308,-0.06259092509747673
126.0,198.84907855302166,37.212528603353014,13.88178260161991,-0.08022761886755225,-0.5591140629363716,0.03746940935417066,147.93823071326253,48.40180807004838,-0.8459141818315373,-0.11422638774951875,1.4987980965373542,-0.06818083820945271
126.03585077602206,198.81881731671336,37.20186691318184,13.872868925669605,-0.08403563339060917,-0.5579492072313653,0.03545580415081679,148.04047260159288,48.42387757640112,-0.8419439253829225,-0.06835351353923469,1.4852612707700168,-0.0674834761942374
126.43596886382723,198.7719463177376,36.90398610036966,13.878694412946885,-0.08543130053738784,-0.565244278645799,0.034210567971531464,148.04966402415013,49.20152614321688,-0.8640033688178026,-0.0533955090011893,1.545174249554607,-0.06750089731013693
126.63603071765188,198.78551063229645,36.85393741746444,13.796985962033625,-0.08258945931222754,-0.5588374176932998,0.02124378434440372,147.96972107960008,49.330585574129074,-0.8280742885131954,-0.0769452985484393,1.4837036764787324,-0.06267184790362156
126.80000000000001,198.7681710855486,36.76341679072453,14.038854027143616,-0.08291270077211622,-0.5587769925203326,0.04028350309000257,147.96192525097607,49.57327203975621,-0.6448681048575305,-0.07588754582226037,1.48174079047295,-0.049859021756889874
127.0,198.973027007445,36.622246142128674,14.285681254636577,-0.06577885874636606,-0.5609718517946747,0.0553784389147723,148.1969554903969,49.839662929259234,-0.37860709281631705,-0.04195348810272538,1.475137372338891,-0.030263923128564782
127.03615999707989,198.95545776763134,36.607961841746324,14.282959268832139,-0.06808160242709328,-0.5601362280936831,0.05429902256625116,148.2621889179045,49.86896049082358,-0.3761008448297202,-0.01278403614206022,1.4645651331451592,-0.029728371790083054
127.23622740280011,198.96435025465047,36.561118221326616,14.262486285515068,-0.06591309724094864,-0.5536707226691088,0.049501180800220805,148.21273922174086,50.01136754403482,-0.3616137115993009,-0.028606481082394254,1.4078803630737498,-0.027701710144232502
127.4,198.95295582771433,36.47061270992857,14.302062125578091,-0.06596349532354179,-0.5536607307382431,0.05202355186214354,148.2087858168976,50.24152195407729,-0.34099444027597453,-0.02765030160936221,1.4039537550157075,-0.02598759122413533
127.60000000000001,198.94445783213268,36.358531023042346,14.06512119932226,-0.0655712845507492,-0.5537392212751652,0.03212345633094513,148.19773389192108,50.52275982115524,-0.5425668932629703,-0.027497133521215866,1.3998610654449204,-0.0389025035605587
128.0,198.96552749526202,36.39838443082337,14.05717542948602,-0.06195749115210393,-0.5344373730581701,0.03103948938587299,148.26094016594658,51.46668116058328,-0.5844514319844504,-0.012254194855004352,1.4557061871465158,-0.04151219427558718
128.23659167548007,199.0134760289627,36.24224197754094,14.07935791447845,-0.05287486486889529,-0.5384361677767501,0.034615865947508526,147.97592996203673,51.93337078985627,-0.6044625638071704,-0.1276587275832475,1.500264084052543,-0.043284180407040115
128.43666990305323,199.0229516542144,36.199907613492734,14.078912272481903,-0.05088084221870211,-0.5320386814163628,0.0333545289379974,147.90042133495874,52.072552949331325,-0.6055940006877297,-0.14870755218164913,1.4432068124948811,-0.042210708285321245
129.0,199.35154903883833,35.708354391989346,14.08375716529353,-0.022778470353010328,-0.5464487575627581,0.03374766414148931,148.23526113521694,52.62246651407632,-0.6629396159495374,-0.10217635428956534,1.3913756453204744,-0.04496492494430271
129.03691512924385,199.28070230135577,35.723201234596395,13.965804113008803,-0.03193838353206454,-0.5421074821451504,0.02164284905890411,148.47614588211954,52.559631526829804,-0.733587104499697,0.0010244005084309449,1.344318692070548,-0.048913503268865885
129.23700034697632,199.28037846571914,35.573937279189394,13.910107065820212,-0.03164907713138988,-0.545829726353445,0.01117463867533585,148.4788414478278,52.908879187554,-0.6812355077321184,0.004243344573038,1.3659872465771632,-0.04318237300847087
129.4,199.31755920320495,35.46360912108915,14.154656554017132,-0.025654000616170614,-0.548708591951692,0.033125220045184214,148.2796025252748,53.22542959169973,-0.5237932548533236,-0.07501482586379983,1.3971355303399455,-0.03315297412537958
129.43708728278116,199.32037296289477,35.44119511750116,14.156577920877902,-0.025074308748851457,-0.5490042068003472,0.03335686911499699,148.25681101804793,53.287392917016156,-0.5259975460322942,-0.08336047375746797,1.4001990722937034,-0.03333886046181471
129.83726626027482,199.30913183914063,35.22254121394441,14.169641643441205,-0.02537560485943159,-0.5488134492378263,0.033223467492643974,148.2370920562504,53.837181789727964,-0.5389975390638669,-0.08115237240546609,1.3874683206592935,-0.03386388533548537
130.0,199.39847403445893,34.969332052292586,14.26653944856263,-0.01785925163616115,-0.5611133812875078,0.03821705881967726,148.2918793526152,53.817771146333186,-0.4207887680002579,-0.07965481295961095,1.3439415276812756,-0.024695726674181316
130.23745196389288,199.38668003504642,34.85397388823365,14.32138420719095,-0.018363647631208735,-0.5595687411919901,0.04600383784294286,148.27723083913668,54.104445586522885,-0.47269978542794344,-0.08059892380938766,1.3265902401317657,-0.02905317856738761
130.4,199.39191131026172,34.76017210331407,14.050988505145503,-0.017722088323162452,-0.5597554347376911,0.0224981206132069,148.25523521988978,54.322390617745185,-0.6790346922479185,-0.08376663380118386,1.3224713454342825,-0.04217208691110617
130.43754730695244,199.38319889936946,34.74571117612343,14.050391978484322,-0.01937082475692733,-0.5587026112608592,0.02180933844873668,148.31466135930665,54.33401148826374,-0.6783899195832196,-0.057067091601688685,1.3062231858849584,-0.041867405671909684
130.6,199.37729475399485,34.6559140585792,14.146788315304137,-0.01958580142232526,-0.558638963355294,0.02970731978439658,148.30857738283035,54.54475108465781,-0.6185816353047917,-0.056616952217974754,1.3004856356052348,-0.03765750056762962
130.83774291264086,199.3533464202122,34.38752117707997,14.064008201208962,-0.021805713423815487,-0.5706369091789921,0.0132550024980389,148.37461592416577,55.17373106120347,-0.510703349825209,-0.029337581437289033,1.392525092088001,-0.027272014202301187
131.0,199.40640254241865,34.56213069427205,14.122860540814536,-0.01761010215915871,-0.5504726554541216,0.016007844097567333,148.46302024302494,55.80369274077632,-0.4304843897376974,-0.012370329178764048,1.4539301124472577,-0.021427048136024737
131.03784314984117,199.36294921195474,34.4736589960752,14.178681888571957,-0.021210518889713054,-0.5563349476901093,0.02563986002126706,148.5234145147548,55.9645396389782,-0.4951861105210713,0.00935881610071614,1.489387353858103,-0.02732860125281649
131.20000000000002,199.35807143810922,34.383994398530305,14.233670923303206,-0.021319998492597504,-0.5563000241605278,0.02994003978958397,148.52635217545014,56.205489194524176,-0.4621159847350803,0.01123589344648954,1.4874282249189617,-0.024857073154467033
131.23794499286643,199.3521898754082,34.36404672424042,14.250107402854317,-0.02171374145869024,-0.5562113337698007,0.03272741227841856,148.53281636178883,56.26014478120969,-0.48303904227342437,0.01359904863585934,1.4861655427162412,-0.0266392818438853
131.43804842882182,199.33686230325407,34.2619387714819,14.253264843378636,-0.023812785555513746,-0.5548102241158781,0.03160539864321504,148.6147085324683,56.50770408830578,-0.4835355114591256,0.049752140831307606,1.464285261460047,-0.026129519210997727
131.8,199.3297773775519,34.06048972300384,14.20247170106269,-0.023694896631868537,-0.5548507278157735,0.026304132858820446,148.63206666304518,57.037285452766476,-0.5391671230154286,0.05560801273969729,1.4587671965992055,-0.029320091952729006
131.8382600276463,199.30094353546713,33.97479651648254,14.214590888829745,-0.02626698324775341,-0.5606014289264039,0.0283576912023129,148.70435109699542,57.246449182240234,-0.5560841082503082,0.07966583840337668,1.506439659950885,-0.03072346944600255
132.0,199.52441758861028,34.04411273245513,14.349710279797522,-0.00720650642029997,-0.5493666561423343,0.03663938671730905,148.8733664865491,57.80977199569393,-0.39009508904696427,0.07755076304373289,1.5701784843818187,-0.018620504175899624
132.20000000000002,199.5203548892487,33.9353655045025,14.451335595751441,-0.007408619771909749,-0.5492925340848961,0.04475861466084322,148.891648799431,58.122865215992014,-0.3246726839633526,0.08135518631399674,1.5695495328517146,-0.01397211130797298
132.23847784205185,199.48304564940457,33.89094930166493,14.52708114625237,-0.010407711617778231,-0.5514023790537789,0.058629506907119315,148.9457956247651,58.22637773588509,-0.42806560481102945,0.099281630886041,1.5841026572581594,-0.02331004488877008
132.63870176709423,199.48126095016704,33.66821004596344,14.551361785453643,-0.009956209786095068,-0.5517349041870089,0.05888034602382618,148.96824417005047,58.8734622585221,-0.4385831457443923,0.09851815491190953,1.588670151840993,-0.02339529470850939
132.8,199.4799234568651,33.57909176767421,14.549738660531023,-0.009935199291904213,-0.5517431484966412,0.05791431367189132,148.9840111363404,59.12980445539445,-0.4505309860359053,0.10091169978886876,1.5883835276818203,-0.023889450145434237
133.0,199.53297863881815,33.39699015333434,14.562736956921079,-0.005493953807490203,-0.5572225942922263,0.05822752427956079,149.0599512393139,59.35292592331785,-0.4563690809232244,0.10952188605581228,1.573884605995595,-0.024286832724813155
133.2390488813596,199.5411409517917,33.25532424016271,14.578269716824732,-0.004106655638658103,-0.5583420024837488,0.058769156447803436,149.0433479725701,59.762411253795804,-0.4644877847853393,0.09494201810946826,1.5863275071100438,-0.024505364617757704
133.4,199.5353138194667,33.16787316859398,14.751498566435378,-0.004505246323197235,-0.5581774118905465,0.07344378068937858,149.06431806666365,60.01529069250438,-0.35566601254770963,0.09883909634111461,1.5851212812125588,-0.01714414013815964
133.43916752700983,199.53169417565093,33.14941403429838,14.75377961000115,-0.00505931493307442,-0.5576991825510642,0.07321978789891036,149.08798514108113,60.06127032184548,-0.3553537883402517,0.10774891454159047,1.5788179987841144,-0.016951433530687936
134.0,199.70055577152883,32.46003221275555,14.802192401654112,0.009160122791199505,-0.5862570867194158,0.0747683407946402,149.26068404777115,60.364341357289845,-0.3717549569688677,0.11552656943422271,1.4826320314330568,-0.017550397758560387
134.03953210129282,199.74017540040933,32.48452725707203,14.761825244882159,0.012413089896467711,-0.5822178682999088,0.06723175514751606,149.21079706278255,60.35171585236716,-0.320430311288885,0.09679416798806653,1.4578639350770375,-0.01285438674821045
134.23965646105037,199.75419753815578,32.35842827038438,14.77698056718298,0.014103752874540017,-0.583600357464774,0.06786147072190472,149.1776715383224,60.686186771189014,-0.32539836067885525,0.07556441224867683,1.4721982471829562,-0.013013549262086505
135.0,199.27305629327907,32.32813147207957,14.846029060113073,-0.02533560898279048,-0.5518329371073826,0.06630066189853441,148.701788968791,62.350847430224555,-0.2671354885062231,0.018477802845930667,1.5427120274228185,-0.007100991235949357
135.04016772297678,199.34049600203463,32.33774090227637,14.7000805008867,-0.02002239559791489,-0.5491219151604114,0.042578866574797515,148.62424662505092,62.36516217899452,-0.12137642224297263,-0.007869321033725462,1.5264539802825847,0.006184963947514422
135.20000000000002,199.3544460538357,32.2407829389528,14.231523592877707,-0.01876008205451314,-0.5497268622622034,-0.0005404309949575137,148.60821560109125,62.61617006577621,-0.4302203668655493,-0.011830518257629114,1.5264700855691833,-0.013972731696310045
135.24029892841972,199.44324084586782,32.36607681359309,14.196739348733432,-0.011308504513102537,-0.5376567754076078,-0.0062198030644667985,148.46695455262034,62.45436033599956,-0.3913167011755112,-0.06026719592697133,1.4529329363248458,-0.010399722285010512
136.0,199.10891584427964,32.13310499960034,14.129776809781264,-0.03689950919403753,-0.5242732041050766,-0.010567059890232761,148.00306197632858,63.76797393197607,-0.48015053759941706,-0.1292332827196136,1.4678031033471306,-0.01581084335808179
136.2409746424225,199.1305346272624,32.04611422049419,14.102768598675453,-0.03442632627070792,-0.5210699089432378,-0.014304723229771004,147.9266687635408,64.06229094935561,-0.46113351194253344,-0.1490599410151938,1.443696379069548,-0.013861450557225138
136.8,199.11393587417498,31.753278031159603,14.003462277182217,-0.034244779824052766,-0.5211599368123407,-0.022477027636805848,147.83789025282604,64.86660751524583,-0.5278890702786643,-0.16197150221519674,1.4313245679276934,-0.017587030736531638
136.8413953552578,199.19365797623547,31.881741179581034,14.007328436687356,-0.02744422486285348,-0.5089050329278119,-0.021700046686333966,147.66088622250246,64.63105450175755,-0.533631594862756,-0.21682080264312348,1.3399933206218413,-0.018038531131524416
137.0,199.3191358736437,31.916569545704203,14.009105226982017,-0.019491161180491372,-0.49824877319208244,-0.023356507912211718,148.18759549654482,64.76088554626405,-0.4933224286218054,-0.07770323456919694,1.2841081304268647,-0.014151365812426648
137.04153806357505,199.32532020832892,31.839859158118855,13.894945151290939,-0.01931742257660357,-0.5025887857908212,-0.04053636784650334,148.19468478037427,64.88213925705483,-0.3867655841244995,-0.07322491223873909,1.3046694116726545,-0.004504209155351529
137.20000000000002,199.31854753381984,31.76254442100325,14.025877362616626,-0.019585989986782862,-0.5024426357388045,-0.028478780611024178,148.18572312847485,65.08697104352159,-0.2933871369870898,-0.07389395415832341,1.2980693851287592,0.0015463850773361444
137.24168198618898,199.43070729416996,31.663783192637705,14.042677952971033,-0.007944662073839266,-0.5110580199646702,-0.024541375273517924,147.89025309335156,65.36921061411607,-0.31550656984314746,-0.19099906367170963,1.383844525799336,-0.0005252468209590347
137.6,199.42458835041438,31.482739548236722,14.150320507445636,-0.008183787666103249,-0.5109238739473518,-0.014256101047687254,147.82299377902427,65.86176137189166,-0.23760870387888472,-0.20059346507310308,1.3745069730567863,0.004598512257029937
137.84212091481209,199.3899141764025,31.322684274489795,14.176397560736964,-0.010815780682094319,-0.5139755548207692,-0.009509144402122555,147.83451973398272,66.27009479757326,-0.2720671825600325,-0.18833870871973743,1.3920915524449404,0.0018199009377879998
138.0,199.81005098339304,31.18601328197943,14.106892291569052,0.022660802712351404,-0.5188777752761032,-0.012126267278702835,148.33599094680454,66.48141358384028,-0.3882171306241265,-0.12047404334671559,1.3955230832059047,-0.007026318557949496
138.20000000000002,199.81569849433734,31.08151208391313,14.06611766155075,0.02274180740556106,-0.5189242752458118,-0.01553247461051773,148.3106978115957,66.7605287252167,-0.41497627364723594,-0.12406849633271991,1.391173296624067,-0.008610094589508779
138.6427224009013,199.80611978403084,30.868274557527098,14.056324170259622,0.02053373520786037,-0.5169769223265941,-0.01623281189815718,148.32395262986807,67.30996883895097,-0.4142693824824113,-0.10508509048620636,1.357748604827064,-0.007817513294012183
139.0,199.84737592557113,30.568964743672574,13.976874421119703,0.023589570174520624,-0.5257463960717033,-0.019676855921861316,148.30489094659868,67.61502621844971,-0.5448692846736788,-0.11245119926240649,1.3193413343305451,-0.01757787226979747
139.20000000000002,199.84811415743326,30.466447310579674,14.082122159694512,0.023303318048586326,-0.5255734470343149,-0.009745766927116947,148.28525117323989,67.87633417521701,-0.4828793965855889,-0.11449753799036451,1.3128582824058277,-0.013021913559130693
139.44334174602005,199.9013631119602,30.412381939385305,14.085407612523088,0.027206081724927753,-0.519657774492872,-0.008856381902372281,148.1766838071653,68.0783706406146,-0.49260002612761394,-0.1443151021083544,1.2688095593414759,-0.013557197384705021
139.6,199.8955409149827,30.337908525206757,14.41925697242176,0.026485400916545773,-0.5192151040423608,0.021236268374014593,148.16248981471213,68.2714088223071,-0.28369564598710717,-0.14574879354229647,1.2623850400593775,0.0006103277073782644
139.84365787905278,199.86567442717114,30.179695303278237,14.463614796169825,0.02365093293636812,-0.5218327160112429,0.027445035513392037,148.18892935063107,68.64187337014967,-0.33399021005911866,-0.1310684120169739,1.2730911204316524,-0.003597553074442956
140.0,200.0585147920553,30.123091836280654,14.492569220769576,0.03832664235834661,-0.5201964043756167,0.02911587753316666,148.43019961637157,68.91393682670086,-0.2974991135025513,-0.09318456233625799,1.2830983012849517,-0.0010175974380022606
140.04381752011142,199.92241396611877,29.92346140848043,14.533637555156735,0.02730712247091168,-0.5343363238642684,0.03518811646478924,148.60697572457698,69.20217192731815,-0.3432673301522807,-0.0321116697838864,1.358874462955832,-0.005120361702004923
140.20000000000002,199.9243168874784,29.841713207691047,14.635386948485621,0.027140442108088258,-0.534233238790128,0.043746156359285,148.6034190178859,69.41336210088869,-0.2805612612875869,-0.03206444547823456,1.3557273360444029,-0.0007784809043584594
140.6,199.93008922641545,29.63171728999771,14.864653350111473,0.026784203384130158,-0.5340121750803806,0.0627540402397404,148.59391723670882,69.9521391786441,-0.1443534327730597,-0.03242231037405559,1.3472154230028446,0.008481223047699875
140.64430260506302,199.89323989442434,29.64212806777407,14.860808889832589,0.022717799095510242,-0.5302778236992863,0.06132242535375501,148.7168859463028,69.89405984822214,-0.13314878061461663,0.014493500939481853,1.3032226127042166,0.009601409394823757
140.8,199.88970468411975,29.564864027863003,15.133725488341646,0.02219483176378829,-0.5299271159647181,0.0850715574028473,148.72648579479718,70.09152787277286,0.03621515671732048,0.01682195977485941,1.297307751196038,0.020971255895827344
141.0,200.19613441148687,29.651117048324767,15.091293418228648,0.04548300654659678,-0.5162187214139634,0.0828949710181148,149.21451591915854,70.73196359563865,-0.07919900492577225,0.09762999429047775,1.3635909129937713,0.011563129327345475
141.64513095274165,200.18939710020132,29.35869460954595,15.139468916653058,0.04144161741996023,-0.5117783798808458,0.08162755864998651,149.40763146630053,71.46896906350557,-0.06321687269206464,0.15550072051425848,1.2994201927741624,0.012940596711690884
141.8,200.19400947098012,29.28081656040836,15.205921298274406,0.041310241850811176,-0.5116858317398327,0.08662889474359772,149.43384102100444,71.6684431298768,-0.03041561988270251,0.15924177020056612,1.2943553489664894,0.015147933835090378
141.84529950536933,200.21128204052667,29.239133298567495,15.21212835007007,0.04319372502570716,-0.5138556153758379,0.08724816073238248,149.37280006272178,71.80431505287449,-0.03383931378866999,0.13427171548675448,1.320770105782856,0.014729863843712013
142.0,200.2399142151114,29.32070152863712,15.207450433992479,0.04450520456093335,-0.5018357043158453,0.08622107407193302,149.51930386260008,72.30272436319623,-0.06407173575489672,0.1661703002970796,1.367990464736582,0.012172381996741791
142.20000000000002,200.26172767739527,29.210329019569105,14.914646792091775,0.04543931517579815,-0.5025149850265429,0.05698728761729073,149.54227752188535,72.58417786873686,-0.22627234342098368,0.1678578776937537,1.3660620004409847,0.0014767807361045961
142.2456394088997,200.2330027686733,29.179037223907333,14.973708663988068,0.043191050238149634,-0.50326810047352,0.06595689744266292,149.58328910005272,72.66227218276921,-0.3078518936053813,0.17919652392973323,1.370245112253244,-0.00530638850205478
142.44581073903996,200.26250011006292,29.051964685034598,14.990107312822504,0.04560724418277596,-0.506142825075693,0.06676569835735702,149.54851938999673,73.01755611125114,-0.3140334103188738,0.15568322999725123,1.3963042226069833,-0.005582873392143963
143.0,200.03471496795882,28.729424749773454,15.101674899146497,0.025836992381243692,-0.5085770089223912,0.06940298293982804,149.20297940301134,73.58850526321902,-0.1472377260520728,0.0939466266071435,1.34386814515097,0.007783392803872156
143.04633012046256,200.05345566862405,28.6738710660661,15.105249929106856,0.02897047144226128,-0.5130511423807341,0.0702064970354127,149.11450268998962,73.7720817791007,-0.14827850280125762,0.050711351726994223,1.3948132285091928,0.007380113894428393
143.20000000000002,200.05515815322198,28.597278276878207,15.18025831605666,0.028773255840574143,-0.5128997958314231,0.07627940213094757,149.12455577896182,73.98450010507865,-0.11377106025591482,0.05170588306722097,1.3928143934193458,0.009656589675139307
143.24650501115505,199.9695628035053,28.449908700881917,15.14626418102149,0.021871007584650215,-0.522240989955272,0.07051995411878519,149.25051836984517,74.20074425450048,-0.062428693140354104,0.09180642093024907,1.4389685421007834,0.013753422865863918
143.6,199.9733925178433,28.26860210331444,15.279262033253342,0.021590698454153734,-0.5220219410856902,0.08061355608239405,149.28711242544622,74.70625054062563,0.0028239134197115823,0.09555182820962549,1.4369077948149453,0.01844251875869478
144.0,199.85592996537406,28.65555432557961,15.322742542471204,0.010523842879790928,-0.47718057711895734,0.07955221512935942,149.3929020802554,76.23193528874702,0.07151145955727645,0.13323566524295344,1.5923107012949809,0.02382482165371693
144.0472131300466,199.85471901026793,28.631796156405834,15.386374022279135,0.010580986623393438,-0.4774973063326848,0.08526968393131734,149.39296643783211,76.31788883541357,0.10349023394268896,0.1304074421540952,1.5977611115246115,0.026002914728801476
144.24739225085898,199.89388413620333,28.628240086171868,15.499302927736164,0.013749254564842467,-0.4707651835333351,0.09982889396586059,149.3551256660036,76.53566315680384,-0.028382187591754274,0.11101471283234646,1.5693647825221826,0.015033392201233058
144.4,199.88876731472664,28.569580136587618,15.569014744546406,0.012385671391783195,-0.4688151575479562,0.10451535914768412,149.4208518473195,76.71134443693643,0.007389427610587914,0.13311967804993396,1.5452549767203492,0.017789235259517155
144.447572189277,199.87995217400106,28.499301796682104,15.5028507642189,0.011399556282428636,-0.47226177798541186,0.09344221256719401,149.45483199213743,76.83992401103629,0.12011778053782855,0.14268245356581197,1.5616433775396135,0.026875015731741024
144.6,199.87593276585233,28.432576602620653,15.70047126863038,0.010982181973799122,-0.4719164219623239,0.1104767611291077,149.4818138230481,77.07366692159331,0.23320276680529028,0.14511706367721777,1.5614898235761463,0.03429470854161562
144.64775293605817,199.88094230709476,28.397260224717588,15.708431896945294,0.013184682650503696,-0.4752011049787136,0.11166862778959155,149.38260004598703,77.29133128084271,0.229603000620368,0.09974904686337564,1.618318581619524,0.03387291335898147
145.0,199.75393555808762,28.289868650964298,15.75991771060005,0.0027970490938348403,-0.47031781235243336,0.11178563955308579,149.24468727366445,77.90398669530678,0.2768770114975712,0.07653128328531691,1.625454667013391,0.03740377015345359
145.0481168182308,199.86559128841336,28.381316445777355,15.744775014820815,0.011415857012218714,-0.46171206038561935,0.10869605370497588,149.11505462513438,77.85560319057822,0.3095176176650943,0.03260079241508666,1.5865628523036355,0.03987001167061155
145.6,199.87682747384298,28.121824444774465,15.651237141602786,0.011772403091730443,-0.4620176549412766,0.09418084289008899,149.1276171721059,78.73606672141135,0.24358170169667037,0.02784429704783702,1.591758393634536,0.03473876130521815
146.0,199.9691580428175,27.883757089325062,15.750153524451997,0.01840489532667975,-0.4660375486447993,0.09743652719380859,149.24494990788597,79.33280484662492,0.3871225812827549,0.041466491713206224,1.590346486913071,0.04537426658867615
146.20000000000002,199.96494125288638,27.798042496504493,15.977372961053332,0.017845244140781223,-0.4655511912892317,0.11739984503105241,149.25871007044455,79.64610153096339,0.5055626558369161,0.04130969326524085,1.5905832326244287,0.0533410439412508
146.4,199.97303084349315,27.700634323783163,15.880996858711681,0.018163434401784063,-0.46582807393885817,0.10584557681555105,149.26351670367742,79.96727297436063,0.45421315005565455,0.03954582410765702,1.592388798723401,0.049501842625933844
146.4494145567456,200.20729660202903,27.868807821936677,15.776608488840347,0.03601039341608693,-0.4511896829699382,0.08885452711247564,148.94367584969694,79.78283453521145,0.6376935105944196,-0.06130427797171822,1.5132800093101597,0.0644004784271731
146.849791956829,200.09406444071527,27.605399271076898,15.916922802739501,0.02632823007935799,-0.4576528335412296,0.10489250103394382,149.1210677447386,80.53053629925368,0.4982335608639338,-0.007042472857436116,1.5531117887365646,0.05215696997794899
147.0,200.20366164177815,27.30492096011444,15.919018970133374,0.03379010935010872,-0.4732633883351103,0.10381600686549468,149.38346703966798,80.26643210879874,0.484078799192003,0.05300535752225874,1.4460478150112173,0.050761223281883636
147.20000000000002,200.21040429791452,27.2102931851103,15.940605027876055,0.03378731323949547,-0.47326058728145004,0.10405441733307715,149.39413472088535,80.55529395619888,0.4943528077619406,0.05323283662076431,1.443265178840671,0.05118181751108262
147.25017217700218,200.2008430110985,27.19896650254137,15.94440879140806,0.03244101840489223,-0.4716254932763191,0.10364786791052592,149.43334504686018,80.58110235474861,0.4993564360307375,0.06809062068214544,1.4242807673490567,0.051590893259974416
147.4503633246812,200.23773285878565,27.12212768489289,15.938553896198204,0.03471636715684023,-0.4702159958255075,0.0995053042879179,149.40783076022174,80.83859396345443,0.5539178797661592,0.05631184065943287,1.4125449994970614,0.05555407298482277
147.8,200.2579401190464,26.949632184273373,15.927473454374338,0.035614742317427756,-0.471241159297778,0.09525836016173249,149.39865834316092,81.367407028056,0.5445968772062962,0.045596566254914324,1.419214547034737,0.05382136664967359
148.0,200.13402904489098,26.968376956604253,15.948868033151623,0.025155447218087417,-0.4622735902639344,0.09483061837113466,149.24841228946653,81.76504734287965,0.5703019566818628,0.02464379778768751,1.4281904559666252,0.05534692257088072
148.05094082456182,200.2209143854607,27.03858441747199,15.971066014053429,0.031941272210268115,-0.4551844267472894,0.09752839804084756,149.14030670199938,81.73310444578932,0.5461144357831413,-0.0117657649389807,1.3940977578509965,0.05321232567994467
148.85172000777325,200.18185735191642,26.62043870741581,16.071870130726452,0.026864109825790922,-0.45942598792699507,0.1009177473883732,149.2403684799897,82.93804247617226,0.5569362814447493,0.014088999983432184,1.4051156320381,0.05250993304898162
149.0,200.1871188181689,26.6224847572647,16.05163361292222,0.02681218604132447,-0.45431264825682827,0.0987451993195601,149.2655412846758,83.24323672040576,0.49626133329395866,0.01902469506001954,1.41809090798417,0.04768070354432473
149.05191639432235,200.21130288371708,26.57256570271985,16.060115688227476,0.029396304320806334,-0.4576457493688861,0.0995541251565492,149.205832856707,83.40132386827867,0.4938859044605476,-0.007465912827838518,1.4521362570006224,0.04745180528200413
149.45231102623262,200.24838801950915,26.358862893585947,16.103709290099548,0.03248924765625392,-0.4618643904917236,0.10054320097169032,149.1104248618688,84.116694577794,0.5071890564731112,-0.04930264885806129,1.5001637967614811,0.04738306809296022
150.0,200.6368701443578,25.95569613089982,16.189406611789618,0.0610076713339383,-0.47463141345837356,0.10352077749196319,149.63889600371326,84.90052483655916,0.5723252525172523,0.02880220083755724,1.5100895176797642,0.05064585857275004
150.05290751697976,200.70341814988475,26.000305733231656,16.224219494750578,0.06604262839106018,-0.46937146735827945,0.10755868344164295,149.55897883501365,84.90308409818238,0.5443929925937664,0.0018589233096829479,1.4853552009811093,0.048320158979385776
150.20000000000002,200.7174103404449,25.926484135267522,16.10043026117044,0.0663630267404083,-0.46969555310407735,0.09415817480442061,149.5558212499431,85.12492467580432,0.47610446009553165,-0.0005234033510674994,1.48531050074966,0.04328016757887472
150.2531075314716,200.77621406869596,25.93860141721531,16.069682361433422,0.07058961847389753,-0.4667699083623322,0.08914815676933505,149.48656717540223,85.15325043309852,0.5210068756488743,-0.023061915169159262,1.4690834669902555,0.047009652321517915
150.4,200.78442085624926,25.872506715188116,16.164684576331485,0.07042461624118816,-0.46660247648748054,0.0969282810189931,149.48482808833876,85.36711256344664,0.5748161443605894,-0.024876796879118555,1.4675662728300212,0.05050630839025278
150.65350929700926,200.71702637465512,25.651759181726202,16.12966222078125,0.06348857370496751,-0.474403957764014,0.0883716461926463,149.62842168458434,85.88978015252194,0.6657617461957702,0.01709588169757101,1.5102613729228755,0.05726858099508605
150.8537110350655,200.61587281799063,25.571871420966822,16.223319614762087,0.05283700013143879,-0.47026938193818907,0.09842031918484068,149.932332918949,85.98679345659056,0.5828359781187608,0.12182466268250605,1.4280258212633137,0.05017268011943424
151.0,200.3524452591734,25.352708179465395,16.22280353395996,0.03298439545629993,-0.4804650087487778,0.09724535630017181,149.54250941899738,85.93301553441918,0.5661211797886756,0.0547749764431707,1.377575861481983,0.04874203156091764
151.0539133347849,200.38155717421785,25.36396839976083,16.26147693023149,0.035246636913726606,-0.47767507390972447,0.10191288244942812,149.50655386235263,85.96665832986663,0.5305826493292355,0.042010661395866046,1.363475815162006,0.04571026292562848
151.65452354131725,200.41882492565438,25.058009546711055,16.32670548499092,0.03746282730880625,-0.4808047747849153,0.10286586182308861,149.45421021684322,86.9014313169846,0.5524964669703165,0.008756043788990898,1.3954322124181389,0.04700066240704475
152.0,200.2569350325437,25.20780702667693,16.255072581196014,0.023136166111216723,-0.4565872988401094,0.09512215829802592,149.30157235327246,87.74825698593274,0.40196536128842075,-0.005977377211866923,1.438502310014791,0.03538134398344409
152.0549330405442,200.35023768596156,25.290597766634644,16.348055029303644,0.030783986088264922,-0.44828305140538266,0.1069327479157357,149.16958918523613,87.70170981710244,0.3214560115854892,-0.05041026302163366,1.3974358261754887,0.02872885758921398
152.25513858063033,200.3134722109817,25.146292103207433,16.313586403405434,0.027156716298025373,-0.4524919927284355,0.09944826911222643,149.2290782509415,88.05076545030728,0.378820828651183,-0.030393636678598835,1.4156973979891694,0.03354270083549051
152.85575829280106,200.337960081053,24.86460904597594,16.375587075799753,0.02836419152017594,-0.45424159108783585,0.09998607608194648,149.16075797062857,88.97461572277113,0.3959227644545462,-0.05622647841100736,1.4352622877979013,0.033449759084224866
153.0,200.2154195563169,25.337892123660694,16.321962367369917,0.016475585712679163,-0.41345002576702294,0.09423208961494228,149.13563672273213,89.87802084618751,0.31669837911795135,-0.03865384504180355,1.5347550727951416,0.027936816851362962
153.0559658751416,200.12157473131356,25.2330057285326,16.318457215726,0.008753950408700322,-0.4199627914887758,0.09307909943265301,149.26157094334755,90.0674717181631,0.3251999801965128,0.003406615371481757,1.567953745799242,0.028460978121871865
153.20000000000002,200.13040020636683,25.163118142131193,16.0056210334746,0.009358737572133473,-0.4206299932289837,0.06340216617616072,149.2556159147217,90.30044735068225,0.13295807638274582,0.0011944060600152912,1.569833868516739,0.015511077248705651
153.45638252374857,200.12418127306347,25.06967339429558,16.020331593538348,0.008176548058047104,-0.4186463562252791,0.06297618371465437,149.29406241224984,90.6375969678553,0.13926597559559126,0.016061793025821204,1.544075108240041,0.015808643956844847
153.60000000000002,200.13281280637318,25.00024779716944,15.705638404719966,0.00876713469512398,-0.4193032821119418,0.03359690919382052,149.2892186259451,90.86747370831424,-0.049291787538727094,0.014403267377826863,1.5453822872610445,0.0032353328144855316
154.0,200.05415405978172,25.024576910237858,15.726781484102501,0.0017312296171392034,-0.40454560976650195,0.033445068759535804,149.23378474466202,91.73229274015337,-0.023583482195109067,0.011325823869160036,1.579362953077918,0.005246464037487526
154.05701112504096,199.9856850982405,24.94642439557058,15.730263131486156,-0.0037921619352736047,-0.4089210227308067,0.03364090907787153,149.32447644954112,91.8914416611009,-0.024726333650608733,0.04085437785748629,1.6015050964934368,0.004930006577144048
154.45743254971512,199.97162134198115,24.807177341295194,15.742242464551525,-0.005556646939913215,-0.40568271635565445,0.03308863856317739,149.39897935401817,92.42876476234763,-0.020138384627108763,0.06636222054393213,1.5613655017102182,0.004974749175251492
155.0,200.09813036652739,24.27861125063116,15.852455291120028,0.005320852468471365,-0.4292057357740589,0.03936900442735331,149.51379531955627,92.87995927378186,0.12285988606061246,0.0702141294898313,1.50201972639254,0.015033558133527056
155.05806811980457,199.97251261300087,24.124271811690022,15.747813798081514,-0.004860721658041585,-0.43905801704141767,0.025800165743906353,149.6863281831243,93.11230998507271,0.20938365385006613,0.12575182589023579,1.546900093094637,0.02245005864276718
155.25828087203206,199.95240295482387,24.01769182024539,15.73972698741193,-0.006402121916458127,-0.44048614574491723,0.024127318240359175,149.73935316559144,93.44505257625862,0.224361504855867,0.13660950305279096,1.5529422304177272,0.02333719546142652
155.60000000000002,199.9973072162157,23.77697620797465,15.800060089429792,-0.00042928384460691596,-0.45138251372953303,0.030058135197007556,149.58647048575028,94.3307762599241,0.24888933807837402,0.06085364746765547,1.6853660445751444,0.024196418946474087
155.65870769059083,199.93999401038718,23.711865416203327,15.821499678659091,-0.004958537839628452,-0.45445319469407824,0.03259778147007515,149.68266246699716,94.49227121142519,0.2316088923115,0.08878471021170063,1.704639069270778,0.022583851798312127
155.8,199.93965744531488,23.647170597384875,15.808526058473982,-0.004930507381172609,-0.454486427431263,0.031065666067415083,149.69493757010414,94.733697312707,0.2241954197786549,0.08914133325270521,1.7075964169966629,0.022018845006148927
156.0,199.94240787684376,23.399767133802587,15.693876358875652,-0.003763927026108018,-0.46651851003802347,0.02471501129513681,149.68202357085315,94.84734457485703,0.011045800979425424,0.07885200453743116,1.6773189914513167,0.005940460533873187
156.20000000000002,199.94016122015435,23.30844850809451,15.759569021438224,-0.003877602443550926,-0.4663816379942936,0.030277439302501867,149.69881366794488,95.18188152049012,0.04611877800157806,0.07883574585500551,1.6809840923456627,0.008141039723090292
156.45956645209537,199.92837118452937,23.17356988907123,15.751249953015549,-0.004766761706209476,-0.46741351829244776,0.028013159591266653,149.7373785535643,95.63623141921472,0.06956987085261991,0.08423507620381257,1.6905563147875506,0.010215122534656122
156.65978218322817,200.0245212538752,23.174890042951972,15.820638715910103,0.0030692424419864733,-0.46017756346582633,0.03692533825087986,149.58722583887067,95.83689347356531,-0.011118246304785154,0.03381271217998787,1.653581662775431,0.003361141890045765
156.8,200.03200184621647,23.09849661302456,15.916541446054469,0.00404156173543407,-0.46189008211134686,0.0451492324974477,149.5536373552633,96.1365503805945,0.040189384841993976,0.017744323892870992,1.6805827477707187,0.006554654848981995
156.85999832169543,199.98648932098783,23.035697702964036,15.915935067600936,0.00037819571338660544,-0.4646183609450746,0.04465776324530533,149.63806092936272,96.29572348069246,0.045484652980425866,0.04180014041176989,1.698326949766214,0.007059791037144449
157.0,199.994209493452,22.684904378156112,15.95695171839638,0.002548104162111031,-0.4871843099525296,0.04744013308214314,149.52656128670316,96.27259416819564,0.09562682651404111,0.0026280411090393793,1.6825944138593127,0.010439697808262573
157.8,199.99881024467035,22.29157103079564,15.874111709131846,0.0027431258980204873,-0.4874313109012639,0.03667252706927182,149.52244016688348,97.62748742138817,0.03512673274694772,-0.007919204675313901,1.6977520621251743,0.006380007543891733
158.0,200.19607940755785,21.7792270109818,15.90351308953712,0.01898124331752108,-0.5194153254122421,0.03896703474666863,149.7089930264739,97.45038966422067,0.06043781308039999,0.007043279695889578,1.6284755719582744,0.007607611284274219
158.2615223346917,200.16999652730686,21.700017856416927,16.001761082059815,0.015287724151239093,-0.5125145844305152,0.04601474233266842,149.8082680868387,97.68762306222607,0.11578139212019888,0.04525941315662142,1.5552347244909792,0.011170683351471459
158.66196119195894,200.1686949568761,21.50961940609666,16.01945928810166,0.014243576140404522,-0.5104155721021006,0.04570943084600397,149.86263195321666,98.23535761170277,0.12166135035020512,0.05837246877940814,1.5250035187190842,0.011686295070815544
158.86218117133157,200.16925162321274,21.412424663113725,16.028390299643913,0.01386371119141987,-0.5096123880250883,0.04559109779731245,149.88973413026872,98.50769769547452,0.12446817024364165,0.06398777572239765,1.51097447270705,0.011670596460889209
159.0,199.8259072551034,21.248627061939047,16.020667502883587,-0.011055666316710951,-0.5151577307973461,0.04454361849611172,149.06684094040426,98.30780641693636,0.10146977571243367,-0.09335175059382321,1.4235861831417893,0.00991127918880344
159.26262221220853,199.83370846664835,21.15931561619917,16.164836381558786,-0.010001950366647723,-0.5120382211113969,0.062388994036672904,149.01537102064304,98.64125911791876,-0.05020880093103944,-0.10693861725034187,1.406365799413056,-0.0029407713443374804
159.66306467069126,199.82045343870396,20.96474987620728,16.188291803888703,-0.011012504486654322,-0.5106006548289779,0.06205672610676622,149.0014066206826,99.15136032935166,-0.049494637591625874,-0.10392461963011135,1.3771464189419784,-0.0027624062509150338
160.0,199.86914407014012,21.192705898455785,16.2072277164255,-0.0088080441232232,-0.48028146161464197,0.06097395673572982,149.370121292002,100.2793300751377,-0.03235247375257796,-0.01776806883363702,1.4739854571850974,-0.0015264584914637942
160.0635085171507,199.86563017719632,21.17225555762939,16.210712426268547,-0.009423008241952259,-0.47876043908786625,0.06075701101604309,149.38748082283175,100.33037949635025,-0.03183148790305234,-0.009336417733548421,1.4539176212113614,-0.0015700632421996811
160.20000000000002,199.86283359849276,21.109116447414078,16.268696331911727,-0.009530443863621217,-0.4786123502400022,0.0652995265641463,149.38708313167632,100.5272098648993,-0.009790982661013841,-0.010352528120230691,1.4504730543968491,-0.00039929879902662825
160.8,199.8592439797945,20.818828134611355,16.236567231246813,-0.009382860746926423,-0.4788165131941276,0.05879881906270624,149.3777223858047,101.39593872533209,-0.04052604460106176,-0.016006135403045976,1.4383402174454412,-0.0024550090615046783
161.0,199.75515294218266,20.799980159049685,16.24094906063426,-0.017257233517138718,-0.4726468886179637,0.05809604777836135,149.14864825126028,101.69897436741097,-0.050344371805538794,-0.05699905613676008,1.4292070195770596,-0.003241228463739066
161.0646240178006,199.7708821820058,20.716797005642135,16.050587336139944,-0.014429223443706098,-0.4794730751120442,0.04103510898385694,149.0672003261071,101.9679857983208,-0.1262565260278346,-0.09462950471697021,1.5046742469097707,-0.008060807720433097
161.26484809894848,199.72373485670974,20.580670310131698,16.023650861929518,-0.01766236229138266,-0.482221511554929,0.03643187235367272,149.09799984197264,102.30567898831089,-0.081715211854719,-0.08345530669496384,1.5133651781292325,-0.004913998207967168
161.86552224408183,199.71237418973698,20.304986077784488,16.046132601566306,-0.01856055039937964,-0.4796291903091769,0.0361549943656947,149.09299896583812,103.09881455454341,-0.08499376466592541,-0.07302570161519358,1.4637897547972214,-0.005091014745640061
162.0,199.7377048139125,20.198543038821555,16.02921206785358,-0.016249404735990222,-0.4830520145908984,0.03549958101290587,149.12527941567998,103.24796489916142,-0.1514391948403746,-0.06934042989637625,1.4559760273528928,-0.010100778388456355
162.26597322651352,199.7306623162127,20.082351567285613,16.03870920114945,-0.01687616948893835,-0.481377877859278,0.03533029634906615,149.1278619186168,103.58470365526368,-0.15404089337387286,-0.06335459691114828,1.429651235271843,-0.010280669133028853
162.4,199.7339886901489,20.00931640654056,15.87796555327255,-0.016503687673846752,-0.4819186731964573,0.02025541988273978,149.11612271896607,103.78092010162055,-0.21722914324370998,-0.06564379968940755,1.4273800780903514,-0.013804395623539224
162.46619917392096,199.6852774773203,19.912620514354156,15.764898400959417,-0.019996196701290492,-0.48612355890836995,0.005871325190411914,149.1725278675955,103.92868862642308,-0.07179283296677672,-0.048871124212165204,1.440120187329663,-0.002334840875019511
162.6664254213195,199.6321656100647,19.776762245192316,15.705725300170457,-0.023874405529754443,-0.48791946037018863,-0.0018192747467293963,149.24412586833932,104.21203156315141,0.004097002833323968,-0.025173833182357514,1.4280093340288846,0.0035786684888411595
162.8,199.63525368659444,19.70166632406954,15.46888080708078,-0.023450506081585405,-0.4885503601710784,-0.022910716467937887,149.23672043711412,104.40878072820993,-0.10400135474862685,-0.026979525589852754,1.426041949612387,-0.003054063917576619
163.0,199.70526217554595,19.21249349885201,15.497219217371173,-0.01651696907860399,-0.5188489990200289,-0.02041948791932865,149.18288650842428,104.18997679895519,-0.03993076882514365,-0.05185891889118097,1.351972197930587,0.0013905140388271783
164.0,199.3723773793308,19.098051104643528,15.52085079065339,-0.041584187752881904,-0.4867404469766269,-0.020172447768325056,148.6006709055634,105.94828673774526,0.13037885391685033,-0.1434962196122303,1.3731838160421757,0.013971888180653796
164.2682458413294,199.27223570228244,18.95822169666528,15.680090095890098,-0.047551314734881715,-0.48754723722235527,-0.0008909660220995479,148.63646663679074,106.33284402720506,-0.04117104226320667,-0.12774843427685462,1.3709961993581272,0.0004894016154413684
164.46847465556263,199.45151687823545,18.96334005811176,15.775455941222347,-0.03364048455982005,-0.48246102127098234,0.01057534558244659,148.37080667240633,106.60201073813938,-0.1419008216467004,-0.20541519300680558,1.378615568400287,-0.007257322701887337
164.66870374086272,199.4336181875682,18.884165064524353,15.77574104219485,-0.035054458467209934,-0.47999702281301937,0.010126780230282665,148.37491595890015,106.78779634439674,-0.14084726226267635,-0.1924027496149021,1.3390361735316034,-0.006945078830969206
164.86893309452714,199.53394216733568,18.874428488908972,15.86059746584941,-0.027566030675743244,-0.47437011420349084,0.019702429008601557,148.19780396590966,106.96808511760554,-0.22720905057102114,-0.23553399472868808,1.3105807117333226,-0.013685592972473445
165.0,200.04036154485632,19.531605963622006,15.892510633767087,0.00641780752088978,-0.42122710398647856,0.02049667069608071,149.30649843241625,108.28308326631631,-0.14842050291861728,-0.016166450149459527,1.4918620520623438,-0.007994731687189113
165.26939259630203,200.0496424336529,19.400725897093107,15.899911816264664,0.0074142177009343686,-0.42336804716204074,0.020872090352163246,149.27436607328542,108.74454017378268,-0.15274078070174904,-0.029743008840912553,1.5138096291502967,-0.008123889843870222
165.4,200.04721126823145,19.351165401462325,16.031201896053343,0.007190198286237871,-0.4230097573365878,0.03210362197709928,149.27215412125062,108.93930343960939,-0.09687566091777315,-0.030328428623070957,1.5121984853640908,-0.004627594121199424
165.66985313991344,200.0475403663064,19.241067876098477,16.0394152591323,0.006936954634723447,-0.4224376473799059,0.03200221776495447,149.27273689483272,109.32644371561149,-0.09741502270565462,-0.028161333344175737,1.5012987410620615,-0.004431777593482916
166.0,200.2189592697845,19.20476781842603,16.067781301724636,0.018605496261000134,-0.4152639207823998,0.03291216363899118,149.68295997611858,110.07320832407889,-0.055687316513977465,0.05111134717558607,1.545291293018426,-0.001348575452639144
166.47077727124977,199.97815633668364,18.87321998036517,16.15816757311469,0.0014195067900855535,-0.4244710364800029,0.04006272706428117,149.9659041541919,110.93500617631793,-0.07109726344674727,0.12633736767787984,1.5799108556904757,-0.003255624232436356
166.67100892383448,199.9809177953273,18.763155397194673,16.168354593661714,0.0023713735499749917,-0.42789506945700584,0.04058662183623295,149.94913198726744,111.37220467168402,-0.07553172942743294,0.11000052293345555,1.6275575616406397,-0.004019610138263836
166.87124081948673,200.29148270854554,18.854957396579437,16.163561408594415,0.023806703642854494,-0.4159813412680018,0.03917390327605509,149.585291434024,111.49608303555303,-0.0621169498266074,0.00500163075816451,1.5754699611326806,-0.0027781387732536875
167.0,200.3218212503472,18.64316159407912,16.092969327210948,0.026764428756091172,-0.4284745655935123,0.03550393468151796,149.58624195998595,111.48910427520669,-0.24113968712125045,-0.0018019431409605144,1.5469230286979572,-0.015406788205272689
167.20000000000002,200.32419499482404,18.56271806757213,16.212982788700778,0.026571265184724604,-0.4281504127605944,0.045138303151872304,149.58713359641936,111.7961106584932,-0.19542291455307723,-0.002721202545814027,1.5464621374736907,-0.012045877840249783
167.27170533055843,200.32492523416386,18.534245785532903,16.21602978294327,0.026423983279372454,-0.4278467729385259,0.045092229074015576,149.5908960124087,111.89804747805213,-0.1959316441011645,-0.0013739522002407958,1.5424993044437185,-0.011953344244209367
167.67217078587373,200.33478841251835,18.364270476270935,16.233974270971576,0.026320784714246852,-0.42762378986066135,0.04505857916556033,149.5935007376054,112.50716909485584,-0.20045411844917216,-0.0020495002290400865,1.5387027798188417,-0.011819631334699635
167.87240386193338,200.04481784272267,18.112611785134817,16.250542523929358,0.005850110688833541,-0.43882291584818456,0.04589380189667806,149.96423119118813,113.00731864821866,-0.2127498783817344,0.09965441673541639,1.5895259653151543,-0.012718556294852214
168.0,200.3286348379517,17.641680553353392,16.198251640401075,0.028381536653489928,-0.47230029904873977,0.04444654124471437,150.3679335442431,112.7807693763021,-0.39373615742802015,0.15413643131347826,1.5438210950685503,-0.02595572090386339
168.0726371672806,200.39429705424934,17.63996135638266,16.18945267925325,0.032774220973386975,-0.47008640278242314,0.04308994504816952,150.3230410375012,112.86534901498682,-0.382101624690475,0.13832924505743593,1.5358859566228527,-0.02488579763873506
168.2728706997131,200.55020067673655,17.617054181717243,16.149233382246997,0.04309510579172856,-0.4651875319026205,0.03757076541024943,150.20717971083283,113.10445345683418,-0.33293635668407856,0.09866517725986673,1.5163108037379538,-0.020782677450753594
168.4731044570546,200.59199680983355,17.510611405740118,16.06409722981738,0.04549238027931459,-0.46642607579516426,0.027146189893621546,150.18782834736982,113.43761708105231,-0.2362470679338563,0.08656747076692772,1.527412069819279,-0.01325736715575799
168.6733384371545,200.60799820042547,17.403441645376635,16.070912510669597,0.04642790275251873,-0.46854902184661545,0.02748264167385108,150.17287745566506,113.8227002498818,-0.24123202555068812,0.07354308819814327,1.5584084246399852,-0.013645715352724132
168.87357263788752,200.61561007072225,17.312220506619695,16.076118896301253,0.046090256498610746,-0.4677453627108646,0.027353502278920708,150.2021109634247,114.09599739820732,-0.2431908415073602,0.08000775887322639,1.5433753441891997,-0.013958933407613111
169.0,200.73578980111375,16.74971369688493,16.177992516574225,0.05696142518902034,-0.506565909377395,0.03431121142572041,150.24346828937698,113.72475207277445,-0.06752603892793094,0.06557561574428351,1.4727250300254968,-0.0018858153198222285
169.07380705715335,200.71434326159545,16.69408833838765,16.16231810330104,0.05511970509801979,-0.5077870791687221,0.032281202074155815,150.27385575192463,113.84792433919029,-0.05052595429004786,0.07334463868905798,1.4765046226227165,-0.0006710870952437969
169.47427654300512,200.7489369560086,16.470900746597206,16.17548189849655,0.05729660442450923,-0.5129838937077971,0.03288674876376936,150.22739962136743,114.64262807659937,-0.05372408669583407,0.03713565251640285,1.5614187837349034,-0.0005990884263878705
169.60000000000002,200.7575354959869,16.403769940884636,16.11222028406949,0.05739016286569896,-0.5131500615380763,0.0271435493478685,150.23116720974886,114.84051999527382,-0.0868023729253859,0.03575433650015728,1.5632204649563513,-0.0031270540188009814
169.8,200.7636320202091,16.311325813973557,16.38031405382167,0.0570310543455331,-0.5125117293880426,0.04954772719565173,150.24148747287649,115.14726496689211,0.039738660718884516,0.03460795093246313,1.5639372842505608,0.004932535448751908
169.87474687839452,200.88113158976248,16.342986466135887,16.417838134643265,0.06532531866977652,-0.5076418418640879,0.05356123699351414,150.07801181978323,115.1762490679029,-0.003708121056157608,-0.012944664489274449,1.5408431477092506,0.001620486691976816
170.0,200.7968705391491,15.855510823598634,16.46835448568326,0.06101343307149,-0.5375558981821724,0.056439293196285344,149.82161134755847,114.7185921529343,0.08257936302463822,-0.06718272853529918,1.4223278421447536,0.007624800890760785
170.20000000000002,200.8158631277828,15.73500668832242,16.16616147093257,0.06147113290576799,-0.5383803415864723,0.029579052023160832,149.8042028302482,115.00949754626409,-0.06535666751088637,-0.07157982371633761,1.422399442639057,-0.0019037727836676175
170.47545393960203,200.8200562378924,15.59820931838429,16.174650504828403,0.05966520559469289,-0.534850621912649,0.029210341128224782,149.84210763835264,115.25783426644496,-0.06468342922962483,-0.050698308808249076,1.3589082430541428,-0.0019655692379698347
170.6756900344097,200.88597528431234,15.520437364920744,16.182799708346497,0.06360305691444146,-0.5327677857490525,0.029490548434027465,149.7599240886148,115.49357863225684,-0.0679782197138144,-0.07449542306226278,1.3451021626236086,-0.0018724697955145734
170.8,200.89167563010832,15.458492832370528,16.300605507963247,0.0634541721422588,-0.5324978536343498,0.039298309093702466,149.75193314266252,115.6580770766466,-0.012088944902554563,-0.07644552924334364,1.3421811491031617,0.001731732758317023
170.87592632991826,200.85879894401924,15.427266146105351,16.410948346312544,0.060889634875950414,-0.532159998203607,0.05250361178635493,149.78904253007153,115.76563856621156,-0.17047300448380318,-0.06577746569608474,1.3425946814949987,-0.010279379472110743
171.0,200.78885848752776,15.514427847464148,16.31383952253206,0.05485218603631436,-0.5204758167624335,0.046867319251319574,149.7009343795002,116.08341043389913,-0.41107689205454323,-0.07693542398928845,1.358758464152736,-0.027086900618736837
171.27639951558766,200.82085169698578,15.347599884718422,16.329763154847935,0.05706568413890381,-0.5250443617717917,0.04766346325518989,149.6155519740872,116.6123811026971,-0.4238317568114636,-0.11047414088625067,1.4204375287162976,-0.027485092905904916
171.6768734819231,200.8850523376842,15.16627264823521,16.378068455277884,0.060145524598071654,-0.5230365335444676,0.05117412685457508,149.51147551005764,117.14794930699969,-0.47144197702744167,-0.13602307081804513,1.4082919168479069,-0.030684401872268834
172.0,201.00789572341566,15.411083311659155,16.41081589498349,0.06448446317740728,-0.4924119661815307,0.051192589475030595,149.8181463380273,118.201826928829,-0.4281227604394592,-0.06509353891062197,1.499396004922786,-0.027224032663065365
172.20000000000002,201.02885173473288,15.296692275894703,16.041080963985767,0.0650281948395043,-0.49342013999752604,0.018463760604235865,149.80055777002127,118.50958955037436,-0.6079598338030056,-0.0690185257050887,1.5014790735541979,-0.038232207805434126
172.47782369951517,201.04537894537546,15.16284950291339,16.046071689590313,0.06482324344178626,-0.4929263953393365,0.018406240165541758,149.78731057292586,118.91018080300684,-0.6182677394234098,-0.07064196195988975,1.495208146333668,-0.038408481122385416
172.67806171980016,200.9681415629481,15.023407266290285,16.071692096996067,0.05827144162944257,-0.4959021582798414,0.0211116535346125,149.88991474941372,119.2632407854898,-0.65690874807654,-0.04037335965892292,1.5102848437283545,-0.04097701856151338
173.0,201.32300792396958,14.953153559206092,16.060874455019885,0.0804683357712006,-0.49143882159107677,0.020519300881080192,150.6307887823237,120.032488871792,-0.7206953351558507,0.09904878091448414,1.5691692301305529,-0.045258828045380305
173.07853830757878,201.3234606690246,14.935283172948491,16.061519425055394,0.07964174546665734,-0.48889805317273227,0.020234591676483966,150.66105750136978,120.09212016302969,-0.7227608473875073,0.1096316110841442,1.5428715234691206,-0.045218695055072866
173.27877687176198,201.34701717490108,14.808797055151173,16.066850087598485,0.08079985810202349,-0.49255345986025306,0.02064635496345158,150.64746713640073,120.50366326984383,-0.73391462263465,0.09461028511025499,1.5851270328712332,-0.045588392197343904
173.8,201.38430979470417,14.561790183441671,16.306169622755604,0.08047571155088921,-0.4919372286529279,0.04098913396073088,150.70015994681063,121.32484004837235,-0.6635811108409045,0.0961931743751812,1.5878409209558886,-0.04057380184352752
173.8794936260153,201.3891166389103,14.534170100301074,16.30889271024104,0.07998083666889691,-0.4900822049942964,0.04075388741053142,150.7315534469125,121.37645691783176,-0.6656086649992206,0.10661637788337042,1.559684535658775,-0.040771308484284376
174.0,201.33446784535738,13.994121476857307,16.343677641320205,0.07887620207967487,-0.5262727879120389,0.04323802682915258,150.20847346342364,120.82615564703235,-0.6120991732172747,-0.016152792082474624,1.4488675896486802,-0.03699212078479099
174.0797328926987,201.44870107586507,14.004077707279158,16.339608059247997,0.08651972877314479,-0.5226716675148707,0.042357915355283056,150.1055879766562,120.89583469962093,-0.6059098391635364,-0.047505270427879054,1.4347350912646708,-0.03625156897834174
174.27997233107516,201.2818901906033,13.835459279558934,16.462857369312193,0.07361331982503516,-0.527313827724479,0.055916927171077206,150.277890063723,121.25364936436276,-0.7496934816664345,0.0026916831891946394,1.4530694546449208,-0.046898342054991736
175.0,201.0255809671028,13.64018902901845,16.53890325960479,0.05142415033680339,-0.5112443071176852,0.056795971296110144,149.62310607759838,122.38128397574194,-0.6703218003101485,-0.11989154685122778,1.442378028374867,-0.039540938919936236
175.0809317710173,201.02128046090257,13.615353031496781,16.542519490049745,0.050455920010939195,-0.5091159435520631,0.05652175045010067,149.6359130471207,122.44347354530325,-0.672265133834299,-0.11171141993103516,1.4179431195527952,-0.039547415363329466
175.20000000000002,201.02560228933882,13.558229707293014,16.6236271059856,0.050342242349237044,-0.5088921636425653,0.06312450670369693,149.62339371398906,122.61037160798344,-0.6480192222311918,-0.11385903650543527,1.415774524416792,-0.03780335143814496
175.28117204513697,200.91606550587912,13.428707663491537,16.493665261715503,0.04225489629564671,-0.5146782065868951,0.047312252681467215,149.73357190949213,122.79523608713608,-0.4909010435674991,-0.08057187275709976,1.4346439863675124,-0.02591645474031186
175.6816530801041,200.85989548597524,13.175405210599706,16.46310776222709,0.03709779705938734,-0.5178165388340832,0.041561790648611666,149.78816714424693,123.41518951205863,-0.44408395958730384,-0.062477763480471196,1.4413365272563403,-0.021497003417459654
175.8818938380926,200.85289100319795,13.119396571483408,16.439711771821877,0.034664060734607226,-0.5107681965837809,0.03727137233533277,149.87522330924463,123.42479934362714,-0.4107951160949873,-0.024723750079170125,1.3320998268721334,-0.018535785153963844
176.0,201.11120570204073,12.914542524143059,16.5793854577569,0.05305937708483636,-0.5238792679497505,0.04544038681315066,150.2629405667193,123.6186828612773,-0.11640795541085708,0.033133671443884224,1.3661250918595167,0.002021296708802682
176.0821347545381,201.1275916190808,12.837929932776632,16.353665253502584,0.05442033791543147,-0.5275107444967488,0.025706572801818973,150.23609378696787,123.81159785160949,-0.21635546587491236,0.019911336110764535,1.3980628735118965,-0.0044189275810834466
176.20000000000002,201.1330895023875,12.777710039930586,16.402467667616428,0.05435758925654133,-0.5273843754190988,0.029721872299836125,150.23891737155105,123.97522408509298,-0.19710003020653177,0.019589438196104342,1.3955604072099463,-0.0034133395366290615
176.4,201.1484311809649,12.662683216414392,16.18293754921024,0.05466239289879569,-0.5279987053115451,0.009879654045081562,150.24019415922857,124.25919415608504,-0.29397830625504906,0.018574078039689173,1.3927102697902436,-0.009347053954407618
176.68285844079028,201.09820087100294,12.474496436008993,16.15774973958208,0.05004436107128519,-0.5305800180328364,0.006439580414782896,150.32359765665657,124.69084230235669,-0.2540801252928726,0.03887886365298473,1.3979851448328133,-0.005983610923645119
176.8,201.10451039911334,12.406105118977164,16.243707485440503,0.05043865281512459,-0.5319744939124372,0.014096590851431882,150.30772333812,124.9168893343481,-0.21636850442820094,0.02957570533711128,1.4215053431235065,-0.0035476509422942403
176.88309997731332,201.10879694407507,12.361236715719897,16.244845379094695,0.05048010107066505,-0.532112786860302,0.014107473964870844,150.3081803746178,125.04109379496457,-0.21665170114658813,0.028285854428053217,1.4227906817291043,-0.0034853234390416835
177.0,201.00856138530852,12.20826125603979,16.2360864669027,0.04379137913509824,-0.538538937128529,0.013781848815469507,150.04912002940804,125.03894770461729,-0.2520698774138781,-0.02336111917746062,1.3927895568615432,-0.006032446077935103
177.0833416654933,201.02202312939204,12.134465129233364,16.23687970602393,0.04537835615283497,-0.5428780881062941,0.01411054083960279,150.00424319559133,125.27495328560461,-0.25293443450980074,-0.044919419765921495,1.4464510385692968,-0.006178219949043122
177.28358350401467,201.03182765747283,12.023394820559078,16.239642530420333,0.045522715406666976,-0.5432891479015093,0.014141573253294838,149.99042333150584,125.57773206218224,-0.2541923242968404,-0.04971666529855681,1.451281760560284,-0.006366566337520958
177.48382549157614,201.02139197595505,11.90980208276202,16.26001097846962,0.04418669528564548,-0.5436530220623086,0.016282943824555775,149.9996798419804,125.8749134258481,-0.281055754862913,-0.047275668228201756,1.4524065581120849,-0.008355091045333923
178.0,200.62223747193795,12.014693629364826,16.23155795299133,0.013362849813728487,-0.5118081046674257,0.013165910244416792,149.19375033449637,126.89357066017365,-0.36121267609560126,-0.18593855996053363,1.464654840809193,-0.012433754046653814
178.08455233570103,200.43844341140877,11.853145719205818,16.095483819760215,0.00047478013529830485,-0.5195382858238478,-0.0031044869336575714,149.3469327368217,127.10348939622999,-0.19079130262021252,-0.1382012439274225,1.4890988500426023,0.0005956736867263855
178.28479490669196,200.28873445740646,11.684099425796768,16.11497264037449,-0.009850117459610869,-0.5239542216975974,-0.0007440231697287631,149.46171608062483,127.46124981413386,-0.21559704315640316,-0.10166402944184869,1.505838075405857,-0.00131238449945798
178.4,200.28355515493143,11.641113725231026,16.13958200740705,-0.010810519145836832,-0.5209669298279247,0.001204316353904348,149.48384672462828,127.5324735855399,-0.20391173701131157,-0.08806859412137709,1.4613345798216912,-0.00040649249356712494
178.48503762042614,200.28187346796122,11.600435196888608,16.13963831623321,-0.011051207633255213,-0.520215067284478,0.001128031687594708,149.48564040928386,127.628313866055,-0.20362135492807185,-0.0850027203334426,1.4484048775879845,-0.0003172779320752949
178.88552347126233,200.1772034858464,11.353951247005165,16.17562843335613,-0.017976452168308073,-0.5228674540829963,0.005398441150684179,149.57388030015636,128.25602582953817,-0.25230268302377645,-0.057175924985137655,1.4570113467551886,-0.0033851696775898154
179.0,200.33484475912414,11.299528877437726,16.156852489304494,-0.00707957217610237,-0.5234437578687351,0.004570290355300577,149.88909856494053,128.4890273285859,-0.3080066934274659,0.00021538957149989935,1.4722054547002628,-0.007404424949804661
179.28600987861614,200.38397628383308,11.170420766160607,16.14576102250996,-0.003551262923896396,-0.5220353393734245,0.003120711892049988,149.83995630558016,128.8903523956795,-0.2953088372657648,-0.015118434322261254,1.4643518582240909,-0.006175981729313318
179.4862532880453,200.38015151086935,11.07983618633391,16.14541044081313,-0.004315264965517137,-0.5195859027125828,0.002814282327924487,149.86541309949558,129.09499176610254,-0.29463764824619737,-0.0031887089408305317,1.4248122313793143,-0.006075570313975289
179.60000000000002,200.3749063930769,11.031564346210718,16.42573969948381,-0.00464517217180064,-0.5188818584610851,0.027892535267103995,149.86786783433755,129.25092114438363,-0.17413096091938213,-0.0030342129768417495,1.4218045313955945,0.0017012086647870996
179.68649683309894,200.37690841156586,10.97578212128495,16.429349015212726,-0.003972844488035585,-0.521028897213972,0.028213458575679428,149.8394272614367,129.46163972045298,-0.1763863638995442,-0.01566207818198923,1.4567511685865893,0.0014522175972603434
180.0,200.489062662655,10.419416528534441,16.442382255904338,0.0059699367236762035,-0.5519985669233453,0.029485196833709693,149.91365992801875,129.46908909539755,-0.18818959880948077,-0.016646031766951997,1.398622059035449,0.00014351288259502153
180.08698432552194,200.38391972489995,10.3570219869467,16.59521656090992,-0.0012109576725706775,-0.5532039999528652,0.047024658955277465,150.00019495697845,129.61357911259654,-0.365402571669024,0.00881722965365589,1.4043007028205166,-0.01309522984930874
180.28722827064294,200.37109860581796,10.221263638520972,16.514323077891376,-0.002157106840455039,-0.5547427475176383,0.036510194999413256,150.01832977176886,129.90960869685262,-0.2630105958950653,0.01323851862043798,1.4053128769231125,-0.004936361612134016
180.4,200.36973624705615,10.161303630975974,16.586317602474303,-0.002235486779472347,-0.5545722972299646,0.04257133031049947,150.020435099851,130.0666165202881,-0.2336926056837644,0.012872631105239701,1.4033094221047384,-0.0029727798373774318
180.4874723468912,200.37140163824623,10.106116978982094,16.590772817636523,-0.0018845795100567516,-0.5556621785982003,0.042736248767513446,150.0093375920767,130.22736353852983,-0.2352770130056054,0.007061776156374639,1.4179341903641862,-0.0031807656011457004
180.88796088840263,200.37245753257696,9.88359216059722,16.60423233019439,-0.001761770733069972,-0.555654584901712,0.042302342012306995,150.0097618761621,130.79378892020642,-0.2317076058345599,0.0048209002513592775,1.4128440103541051,-0.002545840591795476
181.0,199.93138837178105,9.736289498446235,16.612754651563176,-0.031110145175523105,-0.5596856412200734,0.04223754863466642,149.1007763059726,130.6800562796603,-0.21680717950958883,-0.1653250489562653,1.3543665528069262,-0.0011083375211667283
181.08820535151116,199.86818058221013,9.651961259581352,16.715742549064974,-0.03536586672192801,-0.561941529497575,0.04889522555176497,149.1426504065311,130.82552451362247,-0.05028146514251558,-0.15049110032161628,1.360561348451149,0.010409993365356422
181.4,199.85038054655155,9.492320989727551,16.937923779254287,-0.036012325574744514,-0.5603902868815824,0.06735501627195907,149.10803301285713,131.21290780135126,0.04480117394213189,-0.1518693273036742,1.3415584489616144,0.01656658658477774
181.48869465713227,199.56724423832293,9.341305544442564,17.03157047920208,-0.055455775162952387,-0.5674394405722423,0.07804979217499304,149.3945472720448,131.44292130129193,-0.08416662319558117,-0.06760087750030165,1.3711503585766889,0.006751081478296464
181.60000000000002,199.5651121786216,9.263129789441505,17.08022935293143,-0.0547237756805883,-0.5698300326229636,0.08185397341499415,149.36016693552688,131.682451638016,-0.06968676095021245,-0.08019735724213355,1.4047903100371189,0.007493028694485754
181.6889394975575,199.55761477871138,9.221644574129085,17.086428922281623,-0.05521866058284331,-0.5682374854862812,0.08159883604788255,149.3715065223296,131.74608148503867,-0.06665166783229276,-0.07331632379642536,1.3787971665152277,0.007828182492697594
181.8,199.54741383990148,9.168300668593401,17.370959708811732,-0.05551170740101421,-0.5675804058147669,0.10636457898456846,149.36618465807138,131.89253898717436,0.05833863883128036,-0.07383215225551282,1.3757598606702979,0.015655414878198617
181.88918446168583,199.5324154678666,9.116693043218863,17.39323582004045,-0.05620279703822593,-0.5676799818774033,0.10801334377845137,149.371747319895,132.0183514692067,0.03632249177103516,-0.07153504945289624,1.3750751313186274,0.013929257223605614
182.0,199.58905694843185,9.025422863057809,17.3978517818333,-0.051780133289009,-0.5702820200466034,0.1078078034535968,149.47495068443607,132.15588155507476,0.012667522980741398,-0.05336103519785834,1.3741927625183685,0.011756583615279901
182.08942954850076,199.67904451836608,9.027847304156833,17.539439783414135,-0.04513346700323845,-0.566715170022038,0.12082227522026967,149.38020137809778,132.23731258711652,0.005808340092793539,-0.08117182509422793,1.3606029650170026,0.010950341558463219
182.28967475699636,199.67031133318133,8.913634283345472,17.56371946301504,-0.045091726790871874,-0.5668298056357303,0.12084167179212621,149.3625744654,132.5129667840266,0.0077878224542676545,-0.08398858924118405,1.3588579743589084,0.0105643925412816
182.4,199.66481688770935,8.852366633468414,17.611944760166498,-0.04513006446665386,-0.5667424085883646,0.12403079096694238,149.35358771154367,132.66197098558322,0.024725118015435914,-0.08522522364957967,1.3567375171038385,0.011719707428508447
182.60000000000002,199.65633891790145,8.737678290059714,17.59945461010976,-0.045089668293243325,-0.5668345777220348,0.1205964104866354,149.33586770777268,132.9338518243636,0.010517310563042555,-0.08799594344475312,1.3532285019775405,0.01102753475904235
182.69016553505804,199.6586578785108,8.672844264148116,17.6118568932995,-0.04409336739031298,-0.5695786638314653,0.12104654814752985,149.2935380182899,133.16546415067938,0.0073940291685602325,-0.10397697214921457,1.3971613511883778,0.010891225572773793
182.8904111026641,199.64212328023513,8.546471297072063,17.603861930459665,-0.04468439177023491,-0.5703447740889447,0.11666908347879047,149.2856964146882,133.45510774495688,0.07546761620250522,-0.10348076380902813,1.3978368756352968,0.015662460483779728
183.0,199.98226445927685,8.853269770031403,17.606343636117938,-0.02365427896070076,-0.5438770925684584,0.1157406367175504,150.07817160103193,134.18264633975835,0.05367815863428867,0.054978676534921236,1.4892717123838988,0.01400956027911595
183.2909025902027,199.9636695927108,8.71076241150293,17.71714020371356,-0.024401638495414053,-0.5429498594561173,0.12590927373378055,150.10217031132532,134.60863029990284,-0.07868824067646406,0.05794002898636105,1.4872364103503737,0.004169507148772709
183.49114850823537,200.05891256832936,8.672615081814843,17.737777815670707,-0.0179819162064875,-0.5359145117386601,0.12501498838741495,150.03046359453072,134.72626309729247,-0.06904465323345454,0.04050313678359595,1.4186040860892268,0.005023481089062962
183.69139454119343,200.05873133688797,8.556920808066344,17.76366751491205,-0.017412971824876954,-0.537605141216755,0.12529154685403746,150.0184119195192,135.07794821735922,-0.06993694760555938,0.03176072125173703,1.4445230203555939,0.004852934463166275
184.0,199.97717969555808,8.339472950178823,17.76879248227644,-0.022117736314174272,-0.5413204233225425,0.1237047780170771,149.85631341793416,135.42175599058137,-0.17380316078643832,-0.0018748850659017838,1.4249952173230684,-0.002686831372718623
184.09188694819252,199.9463870393687,8.260844608372949,17.709159758882876,-0.024207686411087243,-0.5431942866651123,0.11463670051511626,149.8866070102843,135.5726089162981,-0.06926877375365482,0.006790909965996138,1.4300899397925821,0.0049819497115296835
184.29213332041067,199.92948486088804,8.183825806570887,17.730629001354647,-0.025835822229057646,-0.5383779533922619,0.11405186352958664,149.93300863084514,135.71166914520722,-0.0654254683464811,0.026843076854592994,1.3646584611139367,0.005243631170897908
184.4,199.92518555972885,8.129595650820622,17.84554090905734,-0.025950751781204123,-0.5381055374302322,0.12380991850134174,149.9370464955835,135.85604106257068,-0.021084410798424116,0.027267352395284793,1.3616777955575898,0.008104692121058151
184.49237980390808,199.63704147840934,7.928405443766617,17.715294682640607,-0.046382312033146425,-0.5483026529778544,0.10536253337399656,150.27582930496771,136.1271064076947,0.20753806218938647,0.12481455782814274,1.4007467401897205,0.025065271965943006
184.69262639779646,199.6267224238414,7.786529508148304,17.73505508695848,-0.04522153019938221,-0.5549092494739069,0.10589258017130325,150.24206211154248,136.672406828031,0.21310424676488807,0.09786874309480294,1.5086863266784591,0.024945143027341413
184.8,199.62296690563699,7.724127195894567,17.665214363668035,-0.04513733735796798,-0.5551092768148402,0.09816857378044087,150.25167287712588,136.8366915984236,0.18030124354920057,0.09830279147750029,1.5097099540663805,0.022956722939898776
185.0,199.35277594624964,7.869681108270385,17.67503031085408,-0.06396334600533979,-0.5337409275470147,0.09684160146632984,149.80465120965457,137.34142706205424,0.17538473592000303,0.020327046968239962,1.5237875453781213,0.022709829691649572
185.0931199132376,199.52172202243682,7.86722114715111,17.588271862795715,-0.05168272773517716,-0.5303238772874533,0.08450629463241686,149.64364528907439,137.4334100087122,0.3252065921925753,-0.028838512704631544,1.5096767780020022,0.03390333125045557
185.60000000000002,199.4974816563929,7.593348034291677,17.49704417504851,-0.05153505255528453,-0.530679572957308,0.07166117903566044,149.62644343718003,138.2029518827587,0.2876909937798829,-0.033396759738014224,1.5130377703619238,0.030901769539229938
185.6938609926363,199.4991820800038,7.5360652405982265,17.462237311371325,-0.05110860248952986,-0.53112045722405,0.06624362211257773,149.61760367092177,138.34889625120428,0.35907236454283886,-0.035523691775499466,1.5144998660271765,0.03609050066816058
185.8,199.49458827238266,7.477522859886562,17.407866567371165,-0.051045235632472145,-0.5312735992719375,0.060374422434243374,149.61310422970794,138.51137196105552,0.3367046517079737,-0.03625316410980418,1.5157086478985262,0.03432371955870686
185.89410823071333,199.48999863217713,7.427037752163703,17.41349981614056,-0.05100857250758811,-0.5313864782738159,0.06038075245192489,149.6081918279931,138.6591769723571,0.3400025930031005,-0.03753751976644653,1.5184315216874573,0.03445039457099525
186.0,199.38495065485262,7.267300627350768,17.424153160761687,-0.057079578596876575,-0.5388083530601822,0.060709413390130335,149.3401928977294,138.64766661488076,0.35488099593999445,-0.09115237440319698,1.4908688268397796,0.03522242434704002
186.49485056819347,199.26644028816256,6.976428353144197,17.502854146660685,-0.06338195830587261,-0.5405554809648349,0.06694388885015343,149.39134120761196,139.41567797700952,0.2971387805728511,-0.06939050498321338,1.5000019176858046,0.029617768238850165
186.6950982190671,199.34803694437832,6.919038744322825,17.575259842625563,-0.05670755739339985,-0.5371593860040554,0.07447800148973002,149.26018976605724,139.66483824060776,0.2137269877693847,-0.10413955385812074,1.4866189528112705,0.02320165409040015
186.8953459711329,199.42681657259,6.862582379025782,17.659302782463765,-0.05030411286513419,-0.5337509911722735,0.08325856834796856,149.11623812132592,139.90712077566684,0.1154804111627306,-0.1407752357616589,1.472115686107851,0.015363141374469712
187.0,199.2199711135514,6.897699523866994,17.553916084195077,-0.06405059999794872,-0.5262961408059907,0.07667315203548297,148.72568095598027,140.0885740396522,-0.20710298054224902,-0.21008700817113185,1.469370997455943,-0.007482982877309415
187.0955938236042,199.2925431616176,6.905763396864463,17.68297528320949,-0.058483966655356545,-0.5224432158796977,0.0917598641456442,148.62895183635587,140.18593936340076,-0.36798197666871413,-0.23533020743983094,1.4567045837228147,-0.019794735544055912
187.49608982665504,199.27868781328084,6.68397917354059,17.64467491830703,-0.05785423762929551,-0.5232214410080545,0.0825494959891851,148.5245943990507,140.776793680792,-0.28056141110068844,-0.24915315253655854,1.4575923637586157,-0.01290844411295283
187.8,199.2596252828268,6.528984434725356,17.790137236669175,-0.05796590098221197,-0.5229440742430542,0.09395493073570321,148.44851171586163,141.21696571003625,-0.2326457750903754,-0.25869134588925097,1.4558058373737044,-0.009777298140569332
188.0,199.503652439955,6.717407780661483,17.787238888039816,-0.042280951839115836,-0.5019964810375959,0.09244926038801225,149.04086815518716,142.01892756612247,-0.28921276176297334,-0.1381405140330573,1.543669580679362,-0.01367069434410439
188.29708300386054,199.4574836756559,6.654496771532341,17.80998001578788,-0.045602695035694536,-0.492713551023334,0.091415295694298,149.07756742915856,142.24029962913423,-0.28727118136921226,-0.11202498434730901,1.4529600422744824,-0.013045972513085492
188.4,199.45457900688535,6.598975921361591,17.696372932013745,-0.04546984318144467,-0.49304721865339174,0.07975138818295721,149.0647705587404,142.39278685743736,-0.33631880661839647,-0.11346164171954035,1.4524559905336205,-0.0161448138276857
188.49733153778553,199.4302762776136,6.602321323303375,17.701794359189986,-0.04747415667881945,-0.48739678968137834,0.07916657363558487,149.10602096276708,142.37397891159264,-0.33436019130841454,-0.09441247731308425,1.3907403156964044,-0.015870306327186775
188.69758016609563,199.5710446288848,6.563945418528473,17.7246309896755,-0.03696969433033566,-0.48336159704734016,0.08003367728233815,148.90828201961153,142.58685202200186,-0.3471306066407494,-0.1459700099634328,1.368664322234132,-0.017059239818424204
189.0,199.5662507563102,6.235501123346844,17.80448023180968,-0.03556209691810204,-0.4978422597538826,0.08345456507548937,148.75483961677426,142.86164100979576,-0.1965147068571136,-0.17942319608515298,1.3573259002540028,-0.006055305417805457
189.20000000000002,199.55915682017425,6.135882757135793,17.819993970626474,-0.03556074278094123,-0.49784570276158313,0.08334348574900333,148.71850884601022,143.13274228289356,-0.1981637622188604,-0.18354401629021075,1.3534213798244075,-0.006348026529937102
189.29832661017545,199.73290134226718,6.145786858001446,17.78833348675425,-0.023332774398344122,-0.4937993346075241,0.07851965164899118,148.52927920639752,143.2083147471282,-0.14416172589638543,-0.2347974435130279,1.3347969880826416,-0.0022607072211759324
189.4985756088996,199.7431165742879,6.020563660905408,17.804815226041285,-0.02192412090695243,-0.4968463381470212,0.07879211377647918,148.44790683558716,143.56380655260875,-0.14593508532427335,-0.25272219957689973,1.3648519071834202,-0.002517124581528824
190.0,199.82097232610926,5.479054940051508,17.80225051499732,-0.014412752171729996,-0.5203096935594806,0.0774952736222087,148.39724929797683,143.90758042012308,-0.3085165244960618,-0.2610123556925144,1.315503186489249,-0.014322568186271981
190.09932314747638,199.81574479066583,5.437929024006616,18.067588364670485,-0.014659199870415978,-0.5196722892417556,0.10147513807583136,148.37226228038074,144.03578667931038,-0.22198933776620677,-0.26383174225842,1.3138833277768933,-0.008880448677927118
190.20000000000002,199.8177916131307,5.376068476941378,17.865891157544247,-0.014406877134632883,-0.520319935461192,0.08159162932096858,148.34341274529592,144.17343594058497,-0.29437524528148756,-0.2672304791428001,1.3130494062049138,-0.013358493877362182
190.60000000000002,199.81334496536434,5.1643726775135015,17.81795190056317,-0.014313975593529532,-0.5205586397924736,0.074027327571561,148.23344169253124,144.69924064054362,-0.32587081464937007,-0.2784084884941282,1.304831358415532,-0.01464264487770741
190.70007148547572,199.81383482084684,5.107467178069427,17.82525587150335,-0.013963377868534738,-0.5214991044488966,0.07411012712384013,148.19275146063885,144.8674527352831,-0.3274895838078809,-0.2865686784142452,1.3185466136457156,-0.014565478869163623
191.0,199.8507631776752,4.66870437814676,17.837204850684884,-0.009827800364056576,-0.5437916524586331,0.07454879230439276,147.99396607993378,144.88801338213906,-0.40719493635607573,-0.3256694297072734,1.2628098687126157,-0.020046956882684885
191.8,199.83903836509714,4.24411244084039,18.110712820153147,-0.010083772619379469,-0.5431296084839974,0.09337187904846553,147.72606672926938,145.88494119005895,-0.3628320347839519,-0.34987265655637734,1.2436948014261018,-0.016807082610616694
191.90157048904445,199.28890907809355,3.974350602757457,18.087190596060882,-0.046124774164495674,-0.5569611911168318,0.08935645700033744,148.2769358782318,146.2281208586399,-0.3082185968082304,-0.19959814328446085,1.2981783176736685,-0.012985967184580265
192.0,199.1756754650653,4.363724209836703,18.099218590931734,-0.055297751355205,-0.5221474209828942,0.08827127904141188,148.24555380502358,146.93719334912646,-0.2438582093991278,-0.19141709790244907,1.3805681610466443,-0.007975022268607041
192.30207082798444,199.16272399401984,4.187466157357275,17.9338580443684,-0.05484871799834742,-0.5238628166397056,0.07072082846169281,148.176787984876,147.3898573592968,-0.29869359472088824,-0.19957219531819084,1.3928339664790679,-0.011077399885125315
192.4,199.15640669373659,4.138751574657533,17.99224812647951,-0.0549125448630865,-0.5236955403280044,0.07559642872436095,148.15772395848072,147.52484784804645,-0.28623131472773833,-0.2005735331689127,1.392172806185907,-0.010642635435154717
193.0,199.06564384657224,4.033048746660641,18.036399204250557,-0.05967930340442874,-0.507235895023905,0.07494434595949775,148.0192373412797,148.62690317313474,-0.27078280883741823,-0.2053708555947278,1.425555586609473,-0.008854859034869262
193.50357197834742,199.0399988341489,3.729652000673873,18.0745709437206,-0.05844999737408123,-0.5128458319234944,0.0753408147694596,147.87767977235325,149.51986959580344,-0.2763901056706591,-0.18514303956337985,1.52003150840603,-0.009807477037246956
193.60000000000002,199.03788138476634,3.6704933055702162,17.900079733444954,-0.058220152993245684,-0.5134566120204364,0.05803820509075559,147.85824297757262,149.6719218776243,-0.3160371688038185,-0.17803255803793042,1.527669132152816,-0.012431394719172786
193.8,199.02731104439897,3.564836928447573,17.855608840955934,-0.058150530376662055,-0.5136418427161014,0.052700412528429635,147.8236121184734,149.98042249435775,-0.3301677054663806,-0.1620410087003796,1.5410829496283214,-0.012889354698354545
193.90406757381675,199.0195468826662,3.5446816509151664,17.861726107002415,-0.059057788517649944,-0.5092263098464463,0.05246918158163619,147.85306005920177,149.97488609244547,-0.332274279254285,-0.13515078731235927,1.4856687624111695,-0.012909664973224717
194.0,199.11803257925004,3.2396541503376564,17.84549848846167,-0.05035977255484237,-0.5300310593603035,0.053308975255969955,148.1772697993066,149.89153094761068,-0.5622927259043593,-0.06850637959930231,1.4710904441654584,-0.029385994114579247
194.10431382038647,199.11307325624932,3.175442779788863,17.851238441898044,-0.05018564243569543,-0.531065201389278,0.05338714934461022,148.16433530757206,150.07027109809607,-0.5657097421823318,-0.061684936051110695,1.4866953756116075,-0.029639805427910188
194.5048030408173,199.09448550142156,2.998717238470515,17.872056295908052,-0.050978343978011854,-0.5256874088264074,0.05295991709314334,148.1886289731498,150.49625825560662,-0.5760540370264878,-0.004650639362981261,1.4375873029595516,-0.029983426838378728
195.0,198.94989906139378,3.1206988639263074,17.870927474012333,-0.06077358952394836,-0.49596828695658224,0.05140229793051527,148.01162190374941,151.59341823965354,-0.7540516741178727,0.017991363488223115,1.497137300888974,-0.041355536705936516
195.10552818911862,199.12166016621077,3.1604471178727005,17.97327653907236,-0.04981804512485106,-0.4905603020419732,0.06280202262514523,147.90304371424645,151.70546418435978,-0.9672111863465092,-0.0013642806419040358,1.4890890868704871,-0.056425086014765376
195.8,199.0862941820148,2.821976121225273,18.056317481636157,-0.04986628423251187,-0.49042644443941713,0.06651349620592038,147.92532406797505,152.74626613038043,-1.0000665015061156,0.06466039227900414,1.510586381218522,-0.05725039435886381
195.9064774822487,199.083438512635,2.766800578068043,18.064040230798057,-0.04951928946827854,-0.4916295258714906,0.06668314310645836,147.91678340897738,152.96469661764573,-1.0075397693483097,0.06733503990180786,1.5357919089397618,-0.05754207841464534
196.0,199.1213759663815,3.242279802547395,18.042397058744154,-0.04601370496429251,-0.4503786159848415,0.06479161738516012,149.5484694695935,154.2068852924101,-1.1744850899051646,0.4124118081355851,1.713811299817303,-0.06769756505879368
196.60000000000002,199.1005389474946,2.9523550828570677,17.751712243572346,-0.045592305563775165,-0.45156759651303696,0.033949745467002745,149.8162532721298,155.25300733585976,-1.2629733917242898,0.4912089544414642,1.742488327752426,-0.07129352128949816
196.70740402894745,199.12057159934847,2.928942583702749,17.754762937391995,-0.044642832294586744,-0.4471554266947,0.033620225003006494,149.8894481365684,155.27379755090047,-1.2691130254858338,0.5207184024914747,1.6821505193352586,-0.07150348692139036
196.90763222886827,199.7285453449848,3.0514629778570788,17.73824220866853,-0.008438702950333998,-0.4351668026607576,0.031160134297000014,149.54179629390288,155.47781302127302,-1.2452407384901436,0.43765778376047615,1.6581469449344364,-0.06927636996945839
197.0,199.89359727442243,2.721764378130902,17.791834481053368,0.004353808499860603,-0.45701036018626473,0.033450457444268195,150.10919882426074,155.45836774616043,-0.8819919283174167,0.5462707143332047,1.647018401588891,-0.043704456662721866
197.10785890976007,199.89997477736003,2.6420609897996643,17.794988644424354,0.005308701950358521,-0.4622364513910754,0.033700180311389986,150.13462899868082,155.79043397946532,-0.8863836273119797,0.5407791346766521,1.715405273561389,-0.04374499470157892
197.4,199.90225784046174,2.5048160686184886,17.768021938237037,0.0053543327334931575,-0.4623693147472363,0.03028677837335024,150.2979461244949,156.29403675700098,-0.9050370323467869,0.5794963200085904,1.725420740503995,-0.0443592377381121
197.50830760017928,199.902725461542,2.455801162870592,17.771356529392474,0.005318447469577541,-0.4621022381797646,0.030274955732220468,150.36369448171098,156.47060662159421,-0.909906002763403,0.5950237106490879,1.7246065899058232,-0.04471257672640439
197.70852955349412,200.04770428140077,2.4147833112179717,17.784876699792566,0.013687840182562257,-0.4592315946152003,0.031069627018840546,150.390316959016,156.78851162263334,-0.9309192782996107,0.5982385620053604,1.7240982627784827,-0.04630655937148999
198.0,200.12894105052774,2.354347157872748,17.785063114232205,0.018780760494820477,-0.45387341962518374,0.030626757086278742,150.94112880691364,157.45872289633527,-1.0055434444823457,0.7101476677020178,1.7600172844864104,-0.05103897110464989
198.20000000000002,200.13305192434916,2.262479108692908,17.773225556743373,0.018802486973124963,-0.453937905550204,0.02907326260712236,151.08580510441453,157.81168628611385,-1.0189235364641387,0.7381246006909851,1.7653882160080614,-0.05133169219709955
198.50940078233222,200.09940626299579,2.1153523263712297,17.809650633112906,0.01653033282877837,-0.45430977653293686,0.03196130635097056,151.3437463705032,158.3626381231077,-1.0824620474729643,0.7870305328621426,1.773206843725582,-0.0549215884789555
198.8,200.1046829149598,1.9818328162058856,17.791673275387126,0.016559661859868572,-0.4543983890805828,0.029449476375034485,151.5780874820836,158.87949262391484,-1.1039140157698362,0.8276391445961299,1.7790239697508077,-0.055835979157516265
198.90982607478955,200.1017445931329,1.9540561063397057,17.793614825644372,0.015589996062379442,-0.44590557022758853,0.028738650652049696,151.75474282265822,158.6308006897769,-1.1062254910247258,0.8876958975246831,1.6087383103408173,-0.05564321000353639
199.0,200.15031541346815,1.585061581060325,17.82642731551455,0.02031610553948877,-0.4709583211714388,0.030556056180287117,151.81449568939624,158.40811716270775,-0.8950493866684592,0.8893701312551147,1.5585545516921078,-0.04104342401131075
199.11003605032468,199.97293508584568,1.4624773054033133,17.78486478834196,0.009931881374264536,-0.4748512761642241,0.02584051978321696,152.00564725680147,158.60809473211077,-0.8239640190130472,0.9291639650857776,1.562803474645947,-0.035615964305115634
199.31024421203725,199.86622514619125,1.368654517305937,17.768980894511074,0.0031392887251146294,-0.4705054948434073,0.023311964327297364,152.28989864468832,158.7198216360183,-0.7958307325525467,0.9941001655048637,1.4734639492496366,-0.03307892319180716
199.4,199.8640378456746,1.334590706236114,17.92518220912658,0.0029819875661459016,-0.4700135192838115,0.03750207197858929,152.3810069576746,158.84831250323526,-0.7620181050585455,1.0077023380317547,1.468730697385102,-0.03057439020924923
199.5104505353785,199.88445560115147,1.322553655019988,18.061240631310906,0.004187429717137137,-0.4678642769387974,0.05147193604064949,152.47651830674766,158.99386446615222,-1.007848512915206,1.01923866117692,1.4600638756935953,-0.047291415382995416
199.60000000000002,199.88582584305175,1.2773040002247367,17.998457134138786,0.004251398242048372,-0.4680666771528141,0.04526581389646453,152.5678074589454,159.125980801189,-1.030054657020758,1.0322189714876515,1.456020515830062,-0.04863273264442402
199.71065499617762,199.88774241057402,1.2217163826861153,18.004132835584716,0.004409114031897975,-0.46927191850707817,0.04541240842407301,152.6735277507797,159.3441089625788,-1.036975804843916,1.0433219118283452,1.4737616290172817,-0.04867341124964316
200.0,199.75966469114422,0.9362360561441637,18.038976072272458,-0.002793831631928606,-0.47974799754282405,0.04669124013500937,152.62689644123148,159.5533886113576,-0.9180556813246529,1.0126867487577174,1.427738616524252,-0.04029353310377147
200.311256967293,200.2071461487452,0.9422461861940803,18.097751627190497,0.023295779308414786,-0.47119012073411465,0.051416424414218426,152.68742172269674,159.92403604195252,-1.0082985996714888,0.9861839182792295,1.395835264796342,-0.04675451668504911
200.4,200.2070271591085,0.9079938013641891,18.252242897533336,0.023153455417550744,-0.4707294532140725,0.0653484887189721,152.77669643497163,160.04425064507365,-0.9731903740008337,0.9978554837027062,1.3903924244494306,-0.04432455474246327
200.60000000000002,200.211605848762,0.8140282195020689,18.268936015594367,0.023150083653914733,-0.47071852194920705,0.06568610848735855,152.97883128573707,160.32110600250698,-0.9811362248416023,1.02308691221315,1.3790821992422773,-0.04423860803410066
201.0,199.9768514302723,0.6301753910891316,18.319616834339055,0.0082611144811494,-0.4684771276939826,0.06662741604772224,152.75804404004066,160.79168379824495,-0.8165973404942891,0.9480620875274827,1.3371227620188384,-0.03278878545713805
201.1120321198397,199.94577760877485,0.6230414716541021,18.286679244531747,0.005983480762496964,-0.4610632534240131,0.06247968884020078,152.90798611796257,160.71258893081406,-0.8242910671235585,0.9790157694327999,1.2341661347494643,-0.03298907358911733
201.4,199.95006939659618,0.48133930170043704,18.13587741316438,0.0061500298845293885,-0.4616076427289951,0.04651687418732963,153.19317780429134,161.06879481175037,-0.8713750657748489,1.0114137912340357,1.2111204603389951,-0.03535457821440803
201.5124075285113,199.98043768317254,0.3862751149519323,18.1424604349942,0.00823572499069221,-0.46946319844146195,0.047083154709900266,153.2546794094426,161.50319677363382,-0.8792620007691817,1.0032571376351338,1.3202859564671605,-0.0359828164682774
201.60000000000002,199.98229676053688,0.34119542067255487,18.07081236172054,0.00830923908418667,-0.4697040226452689,0.03988943091534622,153.34230358076977,161.6206184481781,-0.8990075162738668,1.0128193243026997,1.3150709118399224,-0.0368524708883616
201.9127746041511,199.46554369505773,0.025475228556832624,18.057592984623373,-0.022118470391647223,-0.4790906572242877,0.03697320484626598,154.06944039975482,162.13737077647747,-0.8488818363406606,1.1514152459874611,1.3191493025479777,-0.03138519627268967
202.0,199.24970031191444,-0.21929947529612331,18.05578540585979,-0.033220306708179256,-0.4932904136630086,0.037042990266069456,153.54005039488135,161.90487148652215,-0.911394734721448,1.0309128990478655,1.2578918336738594,-0.03647059352786315
202.31313318844667,199.2392972307269,-0.37665785437219795,18.09615503663881,-0.03319187161663821,-0.4938367752784772,0.03974922239287433,153.86573681875026,162.31446680739424,-0.916725067865568,1.0634389771613832,1.24303795148478,-0.03625308445854225
203.0,199.2319948589808,-0.8905385431455206,18.146622119697845,-0.031161911919004023,-0.5068830564773407,0.04107204908443776,154.59207318350255,162.9566236265704,-0.7609957122514752,1.12488712336483,1.1643287844330703,-0.024573737608119633
203.5141565023919,199.01685392122798,-1.2064142797188901,18.182681265450807,-0.042728437144030594,-0.5099223854077206,0.042692034848192215,155.31337403445895,163.57452472473489,-0.7988050841664737,1.2116657321161584,1.1278268664986082,-0.02593522691209917
203.60000000000002,199.01213391432276,-1.2214733717207749,18.32708712235369,-0.0429533595609496,-0.5066163810329107,0.056163840374340065,155.43200378270552,163.57089120706124,-0.7700404554801038,1.2263391939354937,1.08230410099226,-0.023680017370328602
203.91447966127586,198.99950861999383,-1.3744564308520446,18.344549872259698,-0.042946849604248126,-0.5056357125880759,0.0560817367949808,155.82812017509397,163.86646908946904,-0.7768555123527128,1.261483764995271,1.0367841876472204,-0.023544116212910044
204.0,198.9244020079666,-1.4356653546501432,18.35609966628047,-0.04689795238860188,-0.5063195393776043,0.05636750572763177,155.67960927884354,163.89355999324331,-0.7221817565863283,1.218098479403983,1.0163276672405326,-0.019894319160795253
204.11463780201342,199.19038261602614,-1.4194157315601186,18.348320053926162,-0.031192100056687138,-0.5023130348186974,0.054845311944811834,155.6708306031326,163.97721677687562,-0.7018491768452908,1.18847820788013,0.9975578233996665,-0.018742503617384373
204.31479362968471,198.88445944099692,-1.6102684255982356,18.33794964676397,-0.048555658256762745,-0.5071982889948888,0.05251328688260095,156.0919909562563,164.21726872743625,-0.6687057300370821,1.2560994545785151,0.986077008395551,-0.015665698451720934
204.7150982863692,199.0097666514732,-1.7557342794342876,18.434859843917657,-0.04011619489137649,-0.5040655987861321,0.060682959338110895,156.49383085506724,164.57193251165788,-0.7977493964904133,1.266292740846352,0.9364476236577773,-0.02446442899368708
204.91524708662547,199.00412338353135,-1.8733360153694516,18.448106604251095,-0.03984836673600797,-0.5067581204956687,0.060981290853898695,156.72779671253377,164.8682108593152,-0.805496063001887,1.276577748584808,0.9576415687627737,-0.025256027850942345
205.0,198.915790035636,-2.163873780536291,18.448566351546365,-0.04280826244231328,-0.5252942701054204,0.06114909985834865,156.57731435445513,164.62987605285707,-0.8599699846938885,1.225765703670048,0.9057354525907304,-0.029409456064998334
205.11539351630245,198.98054195910882,-2.2074991828944515,18.467716253063944,-0.03875894549430711,-0.5243635163539542,0.0620841836740664,156.6801255655808,164.72573064922983,-0.8295807105639704,1.2245594254126901,0.8914817321361924,-0.027087304675881337
205.7158184497711,198.95335023478472,-2.4966727971529696,18.50366688270608,-0.03918579763482034,-0.5206738745561516,0.06170662743189759,157.4597750018911,165.1074433044008,-0.8426086256256875,1.2846565088515325,0.771604195921599,-0.026935163368246327
205.8,198.94859106192564,-2.5343847498346506,18.639228201466608,-0.039286759843032974,-0.520292865510116,0.07405921094632778,157.5693758166622,165.1683772076682,-0.8116127445519874,1.291546924316035,0.7604569066581159,-0.024708346945458565
206.0,198.92533911837856,-2.2674909664919882,18.63123793428834,-0.04277773956558245,-0.49181846798189044,0.07198012949501026,157.87961595641727,165.73833987973015,-0.9085226254815932,1.3275156198887572,0.7885313174621784,-0.030508722643344758
206.3162215889393,199.09520691036062,-2.3764279183372716,18.55282189924746,-0.03200172247675495,-0.4893053196764442,0.0629933388496888,158.1830115163541,165.95771683299355,-0.9812171046789585,1.3197799618819552,0.7446333790922802,-0.035356257911853255
206.4,199.08649514030853,-2.3751009085110293,18.569924626712673,-0.03267880680357251,-0.4839896047225236,0.06377596830395242,158.3333892459699,165.86200245697842,-0.9753725039429825,1.3423317411473372,0.6680776316246665,-0.03429181133077516
206.51635107115078,199.08509426472344,-2.460275430806684,18.578755408560205,-0.032296703582051105,-0.48795479133334624,0.0641886164933204,158.45767699309306,166.0687006589815,-0.983603874546414,1.3381432450874007,0.7068811777316699,-0.03514156597312927
206.71647808651056,199.37673579172446,-2.48137130626488,18.58430515148641,-0.014725724467470617,-0.48370870888055606,0.06342323824315985,158.49295317983862,166.1587941081365,-0.9797673141501693,1.290323611334193,0.6701970726877097,-0.03467831384967668
206.8,199.37604196847118,-2.5241498187449287,18.53733218904221,-0.014687677516444855,-0.4838586760972755,0.05848522703947653,158.6004806876999,166.2157598409032,-0.996983818425374,1.2957349278924108,0.6593324869276892,-0.03557043095958216
206.91660262475114,199.37589836467984,-2.5846774435124957,18.544350711777042,-0.014543725024102746,-0.4846631833796289,0.05857753036434701,158.74114244040035,166.32778979054908,-1.002083506781274,1.298997927319506,0.658969786445239,-0.035780785117113814
207.0,199.48224329204348,-2.399782550787201,18.541150371956313,-0.01022182651399029,-0.46821185268604054,0.05774035754461533,159.17581120716181,166.67040344562838,-1.032864768033094,1.3761158783674219,0.6865441203339969,-0.037387007169423336
207.20000000000002,199.48238741813557,-2.5030448138824055,18.362637117274048,-0.010066732951395211,-0.4688229164549454,0.03971129153941001,159.4509812061193,166.81013201128357,-1.0867372870816772,1.3900779686897973,0.6624074642140709,-0.039977061206108236
207.4,199.48294340774942,-2.608138988426707,18.14386766282722,-0.009885313719444669,-0.46953913194024877,0.018161858071282917,159.72850535318574,166.94622021545732,-1.1493269206083736,1.4030388804800087,0.6382816278763516,-0.04368824865716458
207.91718759828674,199.29705243165992,-2.8970933406616517,18.151845084345926,-0.020581295571050935,-0.4721273305719933,0.01799209909783448,160.6221878684549,167.29149430629911,-1.1675613396014832,1.4800207488673742,0.5769815600727425,-0.04332479153463385
208.0,199.23987626957472,-2.6871895892810715,18.130320650506018,-0.02525962779735555,-0.45262143206093763,0.016253273534763833,160.65321291923263,167.58447072379465,-1.2969453666404642,1.4732233727358883,0.5927986074675403,-0.051809144212956904
208.11729709309918,199.23654523576755,-2.7420903504355087,18.132254790661975,-0.02526297420042154,-0.4528562190518837,0.016272220407615303,160.82476799271686,167.6595261801358,-1.303172521262464,1.4802595420575875,0.5806024844007651,-0.052098205611807794
208.31740405001491,199.00321714069602,-2.9071841479539113,18.058360417213805,-0.03869825201321392,-0.45696043990360696,0.007838464002465776,161.28085624172743,167.8097212482527,-1.1765874323651788,1.5382746289936642,0.5626479824551249,-0.04255873110651802
208.51750846193002,199.0053589713472,-3.054114805400961,17.980749352758945,-0.037649184758939705,-0.463522572468072,-0.0003588670916331218,161.52374108964554,168.12559414122046,-1.0509497463483248,1.5263642600921346,0.6240071143091637,-0.03435321436637833
208.60000000000002,199.00151489831984,-3.0888252478193543,18.05824502401729,-0.03770337706052424,-0.4632972168287264,0.007031237292405191,161.6505109909244,168.17460852895607,-1.0320048896833256,1.5318896832385531,0.6141002145897636,-0.03294465515971715
208.71761032213848,199.33057382426807,-3.0639083782771603,18.04947177079451,-0.01795414656983415,-0.4588549574158147,0.0059956429165370275,161.55677131902343,168.19477872380338,-1.0201560692341018,1.4652881530226147,0.589581640187961,-0.03239661927223573
208.8,199.32867440649545,-3.0996350188188946,18.098532066624553,-0.017985576638879883,-0.45872154414944033,0.010622595548474202,161.67810820294784,168.2416453143292,-1.0081264657291684,1.4698628570136276,0.5796100163466715,-0.03131912082708832
209.0,199.42134666878977,-3.479855195495621,18.154608849276475,-0.010943721631101692,-0.4811468910490991,0.014246873411230154,162.14565430590898,168.07784698711595,-0.724494828867031,1.509953172283301,0.523429391539464,-0.011545564541241393
209.51799212574005,199.44870550382856,-3.7179072782863174,18.176408143384425,-0.008974013876648208,-0.48051853207889256,0.01584066879861893,162.90880571122722,168.32619791091747,-0.7562206372777307,1.5315223818552124,0.4576534199546433,-0.013001504270491303
209.60000000000002,199.44797600854432,-3.7573456897185,18.17698416137071,-0.008973531289041393,-0.48052059559470406,0.015771448176723813,163.03457594253106,168.36332335191508,-0.7574926472149708,1.5357844461731298,0.4474515980004867,-0.013042553778122768
209.91816757227605,199.47242397005357,-3.8862283921525504,18.25537006060598,-0.007319533885047955,-0.4791661451269381,0.023976616068991367,163.49524352539078,168.48537892968503,-0.9026946616086475,1.5434554505313776,0.40419026968217847,-0.0218861058664629
210.0,199.7179043550377,-3.935817813003724,18.277187311222264,0.006198616925529251,-0.48169528525445926,0.025292739392205596,164.1930760746335,168.56850065894002,-0.8024102737336662,1.662481409747778,0.40402580673643035,-0.014155841896760193
210.11825141630075,199.67680290282033,-3.9894021884307955,18.335954211598057,0.0037018332285567185,-0.4814812251759876,0.03143924006496029,164.4161235778332,168.61445208231507,-0.8978064706462854,1.6768488131459927,0.3883856327854071,-0.02077798712301773
210.3183326693572,199.7538157507499,-4.061901829675938,18.36995182273383,0.008278127885490184,-0.4801238974079879,0.034497275380383115,164.6953951127325,168.67675399795772,-0.9483256866092085,1.6725516045522053,0.35955064660168834,-0.0238692036017921
210.8,199.75523431453993,-4.325405017405282,18.2791793544347,0.008384666454612954,-0.48356188044992177,0.02443636556627543,165.47575237657207,168.95232311029787,-0.9969504825454075,1.6876517754740477,0.340472733778187,-0.02684253342703729
210.91856085372063,199.75962031628825,-4.368946548149385,18.281601165118794,0.008450615758444871,-0.4817237246337616,0.024262328546568256,165.69562324925124,168.91486271663445,-0.9981819071270871,1.7004269543425181,0.29559488898507547,-0.02652045403558423
211.0,199.3378764221622,-4.284333838886895,18.359887560754643,-0.015509576999649027,-0.46775571940625277,0.028206204926394557,164.80957417116002,169.00247502592967,-0.5996645767717714,1.5022506915053433,0.2818015830492113,-0.0002417622536958
211.11863171592623,199.33668178568655,-4.347031035405642,18.363251827654185,-0.015411286473878573,-0.46857914740813855,0.02825158272310939,164.98159226982628,169.05668104163473,-0.6000274232740653,1.5032560813117528,0.275749734451598,-0.0005265898282332467
211.71882868401232,199.325814585227,-4.66154456571275,18.38023741397482,-0.01519426211196902,-0.4732467958875315,0.028568967865546836,165.84005801033058,169.3804690136819,-0.6031550873864607,1.500859640850491,0.27037385988914997,-0.0009271741074501777
211.8,199.32306819506945,-4.6918535911865415,18.56383524352281,-0.015308244502281862,-0.47272821554659694,0.045782746612501396,165.96325154701992,169.3970935674609,-0.5545890086041153,1.5027416099088153,0.25973263986276796,0.0020385773100808253
211.91888913162083,199.54849295222647,-4.6896222112297545,18.611573852763566,-0.001411282992915373,-0.4693306743241967,0.05045605623055532,165.91046936728765,169.38607894603226,-0.62735312794327,1.4432462673873971,0.23689814912847285,-0.003344454942852315
212.0,199.60484618649758,-4.7031750132310135,18.6216794778368,0.0015018909260809525,-0.4678180816858969,0.050775710983677405,166.18558661670954,169.45236692042226,-0.5951698831108795,1.4766103605092114,0.2339727382720297,-0.0009628307144023593
212.20000000000002,199.60173286708823,-4.778064432904786,19.02408952734103,0.0012427682869934945,-0.4666120870098609,0.08791794764478421,166.48348769636746,169.48723509946868,-0.49195154446676975,1.4792140566024097,0.2079991740932568,0.005500236559302022
212.31900221444292,199.6628489397072,-4.829776207207073,18.992860787653235,0.004934742480626569,-0.46639209135619114,0.08334196557225924,166.6147051323167,169.5074532342401,-0.4227076614559905,1.4678491613021862,0.1928465330458621,0.010198055056170769
212.51905485116268,199.6672326764565,-4.946469166803441,19.011041553706374,0.0053126108689939425,-0.46915877586330046,0.08365141478706613,166.8831283768206,169.63471350794777,-0.4244822290362178,1.4609961956071813,0.20504290858265078,0.010197863055739165
212.71910488644062,199.66801089647367,-5.0441732049999395,19.028075967972715,0.00533950359486658,-0.46982538561357845,0.08373627741048265,167.16802002235897,169.7019610895726,-0.42346679570382545,1.4595309139058235,0.19357770682415681,0.010006150639310867
212.91915232205295,199.524341928259,-5.180185108271352,18.987820741946617,-0.003495233807682451,-0.47225735015854003,0.07751484100728884,167.6073168826599,169.76580991576122,-0.33040947087260386,1.4992301621807682,0.17588780195121304,0.016751381345051115
213.0,199.69719672958593,-5.1303604470701565,18.940991667583646,0.005676704178462569,-0.46720094390703915,0.07435943837183207,168.2067252208706,169.9058588908964,-0.5742658464618906,1.5963170775016766,0.18522582635100351,0.000576733031316036
213.20000000000002,199.6978418160582,-5.22097459606057,19.015509893424117,0.005639039233246566,-0.46701745183836074,0.07996367456027358,168.52661791406166,169.9390795890895,-0.5580033518766908,1.599258794981131,0.16184603126780164,0.0016080408849045438
213.5192790548184,199.37470017938423,-5.4563806696140436,18.944009333261896,-0.01406252286168833,-0.4719686782316026,0.0694377440618426,169.30987077230526,170.03252489245446,-0.4064003941719288,1.677506766194349,0.1347949435078637,0.01246809888762869
213.60000000000002,199.3713473423321,-5.500399374334165,18.881855216643583,-0.014157786189464231,-0.47262074154591105,0.06313188031764211,169.4423038705241,170.06309458727983,-0.4253901320752042,1.677817366135177,0.13356433321901776,0.011370492630425005
213.8,199.37074298717747,-5.608279146347709,18.58935667042687,-0.013985871610117617,-0.4734790107335816,0.0345649266188327,169.7761693931572,170.09593384342634,-0.5095811045382121,1.6810487084623609,0.11233372009739696,0.006271903080174896
214.0,199.2354897729065,-5.829932029434543,18.574826495278725,-0.020591810622087,-0.482674469511638,0.033749157737203696,169.69719412871294,169.91760577223,-0.6473647720833534,1.5967508351431294,0.06702673312439177,-0.003512943360884033
214.11938254766528,199.30254149050003,-5.8614815014687,18.577459241774356,-0.016388053841504945,-0.48121315185444546,0.03484376452260171,169.83784885731887,169.9151061438153,-0.789224411703542,1.5795520427763392,0.06358934864391902,-0.01313033011167878
214.3194139007166,199.7054395421352,-5.872819947143579,18.606604426548564,0.008182582222033052,-0.4764183993763969,0.037328003774471125,169.84800656495202,169.88471460308824,-0.83417270963233,1.489320443354067,0.05334104257635549,-0.015947319086409957
214.51944561763085,199.61378309426527,-5.968725898078922,18.691171498854665,0.002520095353615248,-0.47643298818373214,0.045911045553479836,170.21898267489806,169.8978812323311,-0.9765394628164716,1.5010531689117292,0.051569891826873326,-0.025790470030052196
214.7194776981183,199.61425470860289,-6.064128891080714,18.70036273747593,0.0025192399619626093,-0.47644984577397204,0.045913178383839126,170.5182584640377,169.90875721229028,-0.9817332315411483,1.4928579938578463,0.049923531429821734,-0.025926968648135897
214.8,199.61407622617398,-6.099983216774317,18.76475338288646,0.002488595100954107,-0.4762864129669805,0.05162512455320193,170.6387214354887,169.91108232162549,-0.9649975442730585,1.489391505269252,0.048839020482204946,-0.024867523352067804
214.91951014188615,199.6548514161709,-6.14698033217227,18.779760334937272,0.004963843141592247,-0.47571710628051345,0.05262656383523673,170.7761153296006,169.91054937166825,-0.9855171987109783,1.474245135006557,0.04661614980415994,-0.02610397070328821
215.0,199.47359382672647,-6.2119155637439505,18.84435234695028,-0.005320004195746974,-0.4760623169764298,0.05586550587821251,170.46506487541336,169.87493309234074,-0.6848029626566942,1.3881502504658656,0.038772426012661745,-0.005574625763520278
215.31957611807698,199.47464682075977,-6.323508387237738,18.860769132987713,-0.005494775845044062,-0.4706746727252139,0.055367225337915806,170.94438742635936,169.7074866265223,-0.68139054921693,1.3823815125176697,-0.041589168116406366,-0.004511102088665225
215.51960964989945,199.5188488315668,-6.401295029588866,18.908686908668585,-0.002728136320827554,-0.4697405063358538,0.05946904667510594,171.1813009335265,169.6906062569333,-0.743991994838686,1.3616595366200301,-0.048104328209362404,-0.008748346589178124
215.60000000000002,199.51792861660527,-6.44834745242403,18.908141657816206,-0.0026868791077909967,-0.4710413498801918,0.05906237909419638,171.2799559264593,169.73757577603442,-0.7482151995353313,1.3549527293126389,-0.028744205617664536,-0.009364046251693648
215.7196435438014,199.51535975933734,-6.51756128248762,18.915930899684284,-0.0026813481084511136,-0.47314883386768264,0.05930834157396601,171.42260301603196,169.82761422008187,-0.7521263739189588,1.344623613320292,0.007931877045087483,-0.009811837638981582
215.9196777994751,199.51488495804492,-6.612040421134285,18.92778458077964,-0.0026801053023890555,-0.47311412891878823,0.05930402076029167,171.69086315811663,169.82713365822812,-0.7540400523696429,1.334242809617669,0.004785705330317609,-0.00960359758972926
216.0,199.51320358471577,-6.522104518159192,18.979810142973456,-0.0034352454046773393,-0.4624999565698726,0.06148185391698809,171.8065165497476,169.9866583840259,-0.49783498941368437,1.3345189211310877,0.021538325971970966,0.00811469574204585
216.4,199.5145503882334,-6.726047808869392,18.59493314748837,-0.003216813186672216,-0.46373871039677483,0.02263971830824766,172.3339115183753,170.00586793479073,-0.6060188916220342,1.3138754734773508,0.020136415336324456,0.0015001507265189852
216.5197827340069,199.51254082595668,-6.785969829450949,18.59728567668298,-0.0032575439954779404,-0.4645266542638179,0.02266795608319626,172.48520923072493,170.04169078022383,-0.6056451687531063,1.3064153667850513,0.03338739019529517,0.0011180371893931612
216.71981843363312,199.50989043213508,-6.882094363642339,18.601449669554498,-0.0033215388714116756,-0.46525311195480207,0.02269841917038975,172.73974325306025,170.0846675918944,-0.6052282910008037,1.2950865804206857,0.047884834657668934,0.0010765737546872454
216.8,199.50843656685464,-6.911079626946315,18.78813953768193,-0.00341614927662804,-0.4647162177053485,0.040346495545640564,172.84451027526603,170.08308154915179,-0.5566322958410709,1.29113206486674,0.04658689516938322,0.0040593665401922755
217.0,199.43570095141627,-7.677410163339404,18.829587771200174,-0.004647642052145096,-0.5171526640604458,0.04314159014694771,172.6979648351189,169.33580987031576,-0.4031032976425779,1.1885198690313397,-0.04386565584339622,0.014676555525575658
217.11989091313046,199.24085757671457,-7.77522907070375,18.822418638965658,-0.016430889448618636,-0.5191022250139563,0.04173151990711723,172.9697275489948,169.3470190853544,-0.3785060547950221,1.2174832987118607,-0.04157833109820008,0.016478463063662043
217.31992769234876,199.23593607292815,-7.883180407968737,18.830621331799435,-0.016471959191443317,-0.519839617020907,0.041779258972490435,173.20800219101343,169.36732070109565,-0.3752779529833627,1.2053220575579673,-0.03044038819730748,0.016716856712782367
217.51996483077343,199.23689207493882,-7.979925588185358,18.839324342049817,-0.016345357563496445,-0.5182791442789372,0.041668174043754835,173.45711315403668,169.2898309639211,-0.3716327441765548,1.1942036480300269,-0.0635495509828751,0.01710144432624542
218.0,199.39291336886475,-8.227568360294082,18.87702912110347,-0.006912640091605235,-0.518764697225344,0.042511022428193254,174.67685072928788,169.33814614680603,-0.2519248050938007,1.2964758583751679,-0.05530700055835036,0.02561316681240932
218.5201558992229,199.39047854738726,-8.496174198945145,18.899179042824006,-0.006861820667613599,-0.5185408115294421,0.04249587326512995,175.34535407251477,169.2977598390494,-0.23843719955633552,1.2715903198362053,-0.06683789473347625,0.026420631040425514
218.72019518578503,199.2834947671623,-8.626419547363955,18.855846356383797,-0.013149330180895157,-0.5199618762766243,0.03687230490686878,175.6839850219138,169.2977404741222,-0.1579687963271145,1.284825885091769,-0.06675517145132284,0.03208032086357808
219.0,199.43832435807363,-9.015848202019724,18.815360771309823,-0.0027369553960226844,-0.5404823770217088,0.035026346881141236,176.6560989477987,169.03570686789007,-0.4816789928168592,1.3906837347615466,-0.09586684210494212,0.008835268836802586
219.32031518493847,199.74144826293838,-9.15755181446789,18.74531440210186,0.015248674868851538,-0.5389977164628291,0.026492937044238392,176.90053929905397,168.98742495781266,-0.37784791147218894,1.3253043289045343,-0.10460463224500617,0.016285412617763468
219.60000000000002,199.725523048535,-9.342325369023609,18.928019661293934,0.01447880260310186,-0.5443768041457342,0.04322294714496133,177.26173727805931,169.19051628941764,-0.3363837733656527,1.3177777347782311,-0.01401709742357715,0.01855809105017739
219.92043838579866,199.7027156415769,-9.506668072434769,19.018114308017992,0.012859518200341154,-0.5437774590452725,0.05123499055888413,177.70359304759322,169.18254932510348,-0.4368596718190919,1.3107164007912044,-0.014201805767828767,0.011319492493760326
220.0,199.8747593714459,-9.40908874844812,18.995669214726792,0.02282860425020608,-0.5334856648580978,0.04957396535878819,178.39796374810595,169.38455207159393,-0.5616223610454925,1.4284730582417686,0.016589834166019925,0.002458045765645624
220.4,199.88498038416122,-9.63167478580986,18.833794535518102,0.022912786405641435,-0.5340569979802657,0.03289205658506546,178.96660168084057,169.39602555655856,-0.6009210006669043,1.4178844589686475,0.01898608526682967,0.00039331939346893196
220.52056477855047,199.97530589289903,-9.689113193097802,18.809829883496587,0.028041809116543682,-0.533764112424316,0.029994356865274813,179.07685669521464,169.39403263303677,-0.5616477131888991,1.3988857612112084,0.018601293267726454,0.0033595751853025243
220.92065080871478,200.0024583323804,-9.855858536211047,18.819264186217552,0.028610628015726364,-0.5274421354073505,0.029331570089401557,179.6341784935702,169.12554641873598,-0.5549938294583193,1.382971423338209,-0.08256881284530641,0.0033478094036270846
221.0,200.08471014507967,-9.49747338915555,18.850731623843384,0.0322255194169553,-0.49546238031873024,0.02994766774918598,180.06484044146922,169.61404171363588,-0.35014977400175273,1.4535281143239382,-0.021979130513513495,0.01763674680212462
221.1206943531661,199.95327700764992,-9.57500358052163,18.85557903587148,0.02431347356751988,-0.4962973320135394,0.03006201129825984,180.31916286163283,169.61861582844548,-0.34971669097216274,1.4737600242735536,-0.021033395532767778,0.017527586181531763
221.20000000000002,199.95847685525874,-9.604942851546872,18.817050453538197,0.024448129725865957,-0.49516120470276015,0.026290724599316768,180.4359323509261,169.58333266549707,-0.3575174481857769,1.471907143060702,-0.03555031928964501,0.017125327482518146
221.4,199.9622900195856,-9.693828309305509,19.02682374489578,0.02436314707130066,-0.4945302532518884,0.04479438529298853,180.73063494739873,169.57096114854747,-0.3051970404450172,1.4688516955329476,-0.038052885440066804,0.020325070647135908
221.52078249889865,199.73759884248227,-9.782636977023259,19.032848490229178,0.011084059948988605,-0.49587011316713586,0.04483850453139675,181.06500503365172,169.5802857090811,-0.3041531324034642,1.5099743651090178,-0.03608745820614244,0.020233125605428007
221.72082709940892,199.77745657817437,-9.791171052859701,19.03736144624516,0.01290243909806306,-0.48396344413397985,0.04365422551716116,181.3467701801025,169.12738182080733,-0.2900259026617136,1.496680625001868,-0.210417697591572,0.021262934527428282
221.8,199.7806445554954,-9.850795266127227,18.58191548025054,0.013076003907004996,-0.485282594899904,0.0022190166799609112,181.46384964394213,169.12286579732054,-0.4067941779687154,1.4957310572224405,-0.21132975468412235,0.014071155512185265
221.92087205116363,200.10349147964092,-9.859551434978053,18.629664707004935,0.031807260523769955,-0.4829348591628108,0.007252938154974861,181.38101504949665,169.07060876540552,-0.48708486887456903,1.4245992412560402,-0.22095956815172435,0.00855543694645821
222.0,199.99577780014084,-9.918955431946825,18.680343443742277,0.02511614707117588,-0.4837379343129878,0.009796241770840656,181.18808141809527,169.03360675524726,-0.21180632508777592,1.360967858409748,-0.22813391646591963,0.027491225744763273
222.12091735377112,200.0460722529852,-9.980996008555783,18.636573305728852,0.02788285159711417,-0.4840049065136639,0.005129112192936241,181.3249082569913,169.00659710160883,-0.1393892561772101,1.3499442177516825,-0.2321392858834352,0.03271165488571238
222.20000000000002,200.054557090639,-10.053805026418008,18.86135662966946,0.028335231161420105,-0.48885404784108544,0.02568612198035767,181.42519079103388,169.1338747367762,-0.07487157876768137,1.347043498416179,-0.17300176109987886,0.03640614716326922
222.4,200.0605420391852,-10.154980644886185,18.79325532171908,0.02836164836505431,-0.48906733615681247,0.019055764489251684,181.69386306528017,169.10052643299719,-0.08765751393783568,1.3416039003107982,-0.17790065338503538,0.03564876216026478
222.92110206480783,199.97708149037965,-10.430382990128132,18.760240177080945,0.022601171946558807,-0.4900873681031962,0.014436129973941218,182.47245297663997,169.01522632271394,0.009943636285829949,1.3498821350792338,-0.18961758328610345,0.04194525530982753
223.0,200.0676346665494,-10.796030889228808,18.785370600360444,0.028682221775143332,-0.5188034326995503,0.016643128832718533,182.78950520892394,168.91655532073517,0.11563962652940504,1.3865376356074433,-0.14006387574099327,0.04857859789602513
223.20000000000002,200.07223547415003,-10.886643796249945,19.061937374769276,0.028586639904936973,-0.5179814820088781,0.041350339391910906,183.06701441543873,168.88191427618057,0.19705908207160355,1.3824101255935404,-0.14415532950070464,0.052825728194258945
223.4,200.0786840045236,-10.99889672432432,18.88727399355016,0.02864893664158923,-0.5185227650811874,0.024507580502773303,183.3426208261798,168.857264652207,0.1607181380992857,1.3778826523918712,-0.14626240409476837,0.050512680330535006
223.52124426248068,200.08232534663404,-11.074415536569525,18.890300964452397,0.028627044084483022,-0.5204239184344018,0.024634033067528604,183.51113882734788,168.9035041181751,0.16633269116473226,1.3755116002408727,-0.12125813642008765,0.0504029927529071
223.721292357515,200.2368722770206,-11.144207084870617,18.972267745534598,0.03737381793123484,-0.5187077707137273,0.033211754253651485,183.66908352090354,168.86321439799187,0.012965993460995945,1.3392788827610276,-0.1265243408517324,0.03949155226259162
223.92134079976734,200.3711275435293,-11.26272733848325,18.954991560539767,0.044731807201209575,-0.5220713507349585,0.030799017813506066,183.83381910250586,168.98169570871465,0.07076144502942258,1.3056772652371007,-0.07031255727601102,0.04329910890853855
224.0,200.25742637708746,-11.342387821139981,18.939133003958872,0.037872973444647524,-0.5250132381710452,0.029973739247897993,183.63780914666424,168.90868466961228,-0.0379919230166524,1.2419368748509805,-0.07989003376780392,0.03574880856665807
224.4,200.27234533967427,-11.54930993915553,19.017980244500134,0.03785226110680383,-0.5248184802626213,0.036238724470469184,184.1316381187815,168.87521791395082,-0.005945515967603347,1.2265674730807161,-0.07978153364365893,0.037866724891254734
224.92158820466994,200.1946090911884,-11.833337070059518,19.032070454912706,0.0320979067822486,-0.5252889459241854,0.03569628932809466,184.85072497323537,168.84081636989947,0.022692685494874174,1.2295901206746405,-0.07815211066798924,0.03866192132357791
225.0,200.17892316806413,-12.096202519699453,19.114268268279996,0.03126709759737252,-0.5439096017582842,0.04028413042165883,184.86089461537176,168.79931826160922,0.47886577278670356,1.205696299568847,-0.04009350064199019,0.07003344408349069
225.12163872142088,200.18458806167033,-12.170076191948013,19.234184675807338,0.03132207156947988,-0.5453813775882638,0.0511183839128586,185.00734881631976,168.84005019320938,0.5160614774043057,1.2007492191660207,-0.01795352416397354,0.07218782400536522
225.3216895824322,200.18858766472556,-12.265831569478728,19.244340893887976,0.03124740648779442,-0.5433721662598052,0.05099149223406871,185.24633242729405,168.77611882055865,0.5309709225740354,1.193366542375004,-0.04132744599893287,0.07296540377627846
225.52174078727242,200.19631168704626,-12.382779625017656,19.25457302350714,0.031281264396684355,-0.5448063851941322,0.05108933599973986,185.48527716243004,168.81786449879314,0.5453253006617631,1.1855706883428339,-0.018335979686085517,0.07374858792653226
225.60000000000002,200.19886091624056,-12.426942024718608,19.225699045902584,0.031290629448835774,-0.5449026637034451,0.04796688141951807,185.57787644298952,168.81734574140546,0.5431807877223586,1.1825920043201628,-0.01706079241482091,0.0733055947203775
225.8,200.20479864801368,-12.531023564988278,19.34224590609715,0.031260916579410755,-0.544595060932051,0.05815011186095932,185.81381922167455,168.811225499313,0.5831597579750997,1.1748285880680889,-0.01510154861514622,0.0750132470848428
225.92184422670275,200.20698986095226,-12.589060271881438,19.349244274800423,0.03130120605383395,-0.5421194959121978,0.05793463117328584,185.95131092543753,168.69352695712945,0.5933379441067441,1.1696377492419354,-0.06106078623692082,0.07535567053720549
226.0,200.25593848036522,-12.682756102642522,19.323589270703767,0.03423410866973163,-0.546912636125682,0.05707550512379274,186.2306271173921,168.6225405210305,0.34101147106899843,1.2046904335099344,-0.06735416095860991,0.05759770812153428
226.32194903621658,200.74838142654284,-12.809153045847697,19.380053827162765,0.06250905846568318,-0.544600971331491,0.061366526148661546,186.3027586837344,168.5772581721682,0.28931061577590894,1.1054542944982186,-0.07131077472785025,0.053809442140319116
226.72205521228437,200.63837234603758,-13.0423227487501,19.38558657605937,0.054595105306274656,-0.5453298815145811,0.059240298275796015,186.8450560480997,168.5575368028858,0.3454621808146413,1.1147056475699721,-0.06906041742881353,0.05711084480723699
227.0,200.85678718779673,-12.913424489144532,19.38504456274908,0.06614241212326913,-0.5230700941104147,0.05773272080785599,187.84040476102538,168.80918897733116,0.2844836166137911,1.2460925804312213,-0.04973099875813215,0.052390372253240884
227.4,200.88382650941378,-13.133304172269996,19.189416455672472,0.06619875057081379,-0.5237428870034818,0.03697704229876514,188.33621823586085,168.7950881468615,0.2577797998837281,1.2346500037628212,-0.048110006387921615,0.0507944604947599
227.5222716497962,200.75784507637184,-13.210011697702141,19.184850020260686,0.058359464948844884,-0.5243417294363258,0.0359542904084567,188.58016041915124,168.79612482264466,0.2810265605314048,1.256152614048096,-0.046280043232982966,0.05234796948776155
227.722326607663,200.76535801005437,-13.31385217301181,19.19835356712399,0.058116197437691586,-0.5242795385649297,0.036658540531797,188.83408691849164,168.78653141786378,0.2795272465079904,1.2517123374972625,-0.04606446926303843,0.05205951019122013
227.8,200.76960995505797,-13.349522264143618,19.31878789086348,0.05808893195337544,-0.5239577466834255,0.04792762380538211,188.93140958340655,168.7798183347584,0.31447838958770896,1.2495573569047986,-0.04644721237419055,0.05416780171123173
228.0,200.82433272096023,-13.415400317205167,19.2873410616775,0.060609091753723233,-0.5216343536677648,0.04597029594317426,189.3151986958616,168.79654234853862,0.04173884769080233,1.2716296318919555,-0.04179816050080052,0.03484351619904587
228.4,200.848356497908,-13.619482137215881,19.40330091950955,0.06058625330964313,-0.5213440026168882,0.05537301177281703,189.82227871943087,168.77770218505495,0.07813806756070076,1.2627259361752452,-0.04055062746811457,0.03678288610541486
228.7226064650748,200.87485216628068,-13.748052658624362,19.419380435354334,0.061060978246748956,-0.5159955836218743,0.054884842036837724,190.22018653094847,168.57835206676725,0.0939899944526388,1.2545917742944377,-0.11166419143529874,0.03758472276637329
228.9226634469351,200.9087523113278,-13.859797374982115,19.384248767794602,0.06232680580791405,-0.5164820960110352,0.04972759963257986,190.4529485191222,168.5594772159898,0.18999051876144651,1.2453776252767614,-0.1123323585241978,0.04397701600900419
229.0,201.00035191840888,-13.926467295747509,19.416498635063206,0.06744708508108072,-0.5184600321206938,0.05116398771157725,190.8182968839279,168.54839244554577,0.38521386889265574,1.2973446655128988,-0.11245937888519726,0.05728047210856581
229.20000000000002,201.014553978077,-14.047838416235065,19.06300483484152,0.0675254569711656,-0.5195979720666719,0.0160690789978839,191.07687928658774,168.53508357575592,0.3164530011157834,1.2937726084650003,-0.11219519888275992,0.05284041630251013
229.32277841729896,200.89456792033096,-14.112897783385407,19.098761301157094,0.060041802452752355,-0.5195610852648481,0.019820226925629233,191.3160279601564,168.52177667448478,0.2598714308626028,1.3136427321008182,-0.11345327196693895,0.04862767864529433
229.60000000000002,200.91124654414557,-14.257805839876012,19.084897298529018,0.06004566583750319,-0.5196171548943951,0.017954061387839226,191.67960679861915,168.4905533764619,0.2687748658404519,1.309540770106059,-0.11530754947582879,0.04878146518513302
229.72289472671017,200.57987532507255,-14.350396665858279,19.060923103433538,0.04027624793027858,-0.520981520521029,0.01499885934638441,192.0913301240482,168.49103091618755,0.3257887455512481,1.373411527857534,-0.11367635014674268,0.05244563677205526
229.92295338237264,200.582227084153,-14.4759501166774,19.129284642811093,0.039898969440164085,-0.5243639288932154,0.022534855095659563,192.37235485737875,168.60713773565814,0.20737226312753268,1.372882078376431,-0.0637998795480696,0.04380924153633585
230.0,200.50866855226238,-14.558827060450072,19.085527641733872,0.03554401979593908,-0.5281115773714045,0.020112570199924344,192.29235967036783,168.52521150784057,-0.06690846141843193,1.3354453313931645,-0.07325773368652685,0.02482537402737835
230.72319133357274,200.41159290053346,-14.942048068366388,19.12935834212841,0.02833747659168575,-0.5280904037385961,0.02331999105508503,193.3470083120289,168.4726240876787,-0.09761338279786147,1.350023030783823,-0.0727007189045337,0.022198141910667275
230.92325165110046,200.7215932870836,-15.03763171499106,19.09643795497005,0.04623455106672389,-0.5277445025977507,0.019222704502273903,193.3670623143622,168.45409447673555,-0.03065745962590652,1.2831498153333518,-0.0718725068277781,0.02705780469568989
231.0,200.92592087820685,-14.831173152532456,19.068339843994867,0.05744987233500731,-0.5091282832904783,0.016990884775013895,193.95052371926818,168.75373963178103,-0.15531921318690994,1.3784217059038948,-0.03005165185600893,0.018592262154494367
231.12331229954924,200.93180557512815,-14.917070417433182,19.071427402846872,0.0573406737311708,-0.5115423102199722,0.01719604865362644,194.1220118552704,168.8040045734088,-0.154421879847126,1.3774855533733692,-0.007271473267983917,0.01866494657682055
231.60000000000002,200.95914860904946,-15.161325324435568,19.070310911726885,0.05734207511586139,-0.511568816059423,0.016311945058555367,194.77768652659253,168.8019378263167,-0.14796726852963704,1.3733280490626119,-0.002112753260635869,0.01846794357956711
231.923558192769,200.97586644092016,-15.363265735604474,19.076835291081835,0.05705480958750183,-0.515894301235043,0.01667414418625226,195.22961297404294,168.95116121163232,-0.14432004550333935,1.372117777322364,0.05699065834383028,0.01844768990148383
232.0,201.22806831903137,-15.442436555644306,19.114109981719505,0.07121831382641561,-0.5193762425097578,0.018765899173187633,196.12961159076258,168.94646811279205,0.053353335289740594,1.529444441922444,0.057814522695007114,0.031657902213511654
232.20000000000002,201.24243121545223,-15.552766651642271,18.985089140021902,0.0712372080481522,-0.5197936184860952,0.006236658270764011,196.43557406918947,168.96189123031385,0.029905798072443115,1.531448019345117,0.06268391937735367,0.03046247197225327
232.3236831121369,201.10182595907182,-15.639167430624294,18.907039330992028,0.06243451013926954,-0.5209149727117606,-0.002201648667463897,196.7201423986336,168.97678652883806,0.15462054700675684,1.5583456665290871,0.06669463622572416,0.03905548174545575
232.4,201.1063984518236,-15.667552712985442,19.154094260101953,0.06240127284445738,-0.5201791206303589,0.021048162866273912,196.83930489212295,168.97548888327645,0.2185987498841479,1.5590383529164193,0.06688767821632957,0.04279578853552867
232.5237460632747,201.11705617785933,-15.721484102673726,19.156657823675808,0.06262951614972435,-0.5189680216348184,0.020980236124007245,197.0285204358306,168.94914445534167,0.22408466002636518,1.5595505712336601,0.05537370915473669,0.04299410157307512
232.60000000000002,201.12179735488348,-15.758912829038632,19.20542223198971,0.06262338749705852,-0.5188299895611671,0.025416042399759933,197.1475136641008,168.9521350708717,0.23882136976034138,1.560487479316351,0.0563538328265365,0.04370605203838791
232.92387294596048,201.14298129904208,-15.924196090243363,19.21365354503381,0.06270470414659467,-0.5184479505824489,0.025391009093551686,197.65171029058882,168.95697012161145,0.25311221616575724,1.5639354508932115,0.05666166878872239,0.04427252338277967
233.0,201.0152183251295,-15.807925306488952,19.20402802793403,0.054976951503548754,-0.5058017960035436,0.024515104515642386,197.2805477140035,169.1156585525665,0.19715471633640155,1.467879980800022,0.0760700318400693,0.04060869380015288
233.12393687650476,201.02105984197647,-15.886233249279414,19.207220566434295,0.054808504267337264,-0.5077017397693786,0.024636506983314082,197.46610952730745,169.17199109180288,0.2017905440950487,1.4691949799206938,0.0990394478132878,0.04071354146224876
233.3240011325116,201.03318682570864,-15.971136782405894,19.212089151246257,0.0550529969805823,-0.5054167335904557,0.024485110227804696,197.75405275842738,169.12652096781252,0.21036933016005294,1.468075639901299,0.07506858643511911,0.04114766433516327
233.4,201.0374496354598,-16.017316770002935,19.05636529285587,0.055071055906809115,-0.5059125513976465,0.00963160670969638,197.86550380042164,169.13650883915827,0.18074557562012553,1.46826914393863,0.07717071628684682,0.039519696305782004
233.52406571347524,200.6932942121231,-16.074950128701857,19.143210148149144,0.034508537934529904,-0.5053416547412899,0.01890037828495541,198.28579559983652,169.13764688560534,0.029877558983458452,1.5315603239477622,0.07560025523214643,0.028921903056585437
233.60000000000002,200.6890879907147,-16.126062286241698,19.105385126179247,0.03393562776857044,-0.5072275320194884,0.015340363755190232,198.4128969074179,169.20674501736988,0.021903842907530488,1.5353994280071468,0.10354291181028838,0.028436721697743392
233.92419584824285,200.7034907419296,-16.288017859832596,19.110365742397633,0.03428557077116482,-0.5063183557267802,0.015248060155845287,198.90252449567876,169.1969182014096,0.03154299639475357,1.5361082142137752,0.0916267525507387,0.02897783262927847
234.0,200.682114918801,-16.342854485488626,19.10664662318831,0.032936113251109775,-0.5076529990928852,0.015084339047490389,198.9333915551916,169.18206932665188,-0.006512084508431555,1.5197168754320927,0.090684984143096,0.026228615846096443
234.5243934748429,200.72481840662948,-16.622716235584164,19.041495912668683,0.034414299208933165,-0.5084259720554639,0.007251124569959017,199.71437841575187,169.23817694180315,0.12975424926972606,1.5189863917242712,0.10187878334902663,0.03545606808934819
235.0,200.85646450953533,-17.148718058895216,19.084093251167797,0.04163130983776766,-0.5293956077499491,0.009607379112517552,200.92840429804613,168.89896719315757,0.37412162296264584,1.6174007992630979,0.03697075586672319,0.05098305171536069
235.20000000000002,200.86482061673036,-17.25024554948824,19.169941800062265,0.041625965616421616,-0.5291205059771168,0.017483433280139307,201.25224276960708,168.90436755950685,0.40049311422578077,1.620558998397169,0.03805030004642609,0.05204618460301885
235.60000000000002,200.88142398589713,-17.467671773608565,19.063015921489132,0.04163253766313295,-0.5294806810574051,0.006821209947402242,201.901634242935,168.92356981818008,0.40017845501676874,1.6267698620797022,0.043190756671008516,0.05108757007760586
235.7247974051306,200.66253610491063,-17.53066633678607,19.10295219410105,0.028742755064971648,-0.5291122382062399,0.01096793199469159,202.25899346626096,168.92122202420066,0.3364899720079322,1.6683141202694012,0.041422059155843384,0.04648194574581837
235.8,200.6647152361691,-17.56889954976443,19.136329201582633,0.02874109971538128,-0.5290151152298641,0.014008077451530168,202.3845289505641,168.92348760826235,0.34687849910876534,1.6699068008891575,0.04211855522093589,0.047053391918426016
236.0,200.69685558697688,-17.679238822698423,19.133229699783264,0.030279739958065023,-0.5295370158092895,0.013792469993029662,202.82549064953878,168.92208041930138,0.30490943370039303,1.6950084926934936,0.04245778149598752,0.0438559838177877
236.32500368077953,200.41577959452223,-17.847227705959,19.18107467650532,0.013620513126771743,-0.5290243589126863,0.01836318834495971,203.54471945653705,168.9267596171083,0.24468145619779455,1.746329396499494,0.0424136757059841,0.03931328141710456
236.4,200.41072972692024,-17.892698402974595,19.372482007868744,0.013039329057896704,-0.530550739501311,0.03626294762193305,203.68643687006505,168.99190095672324,0.28694518765513927,1.75137114903747,0.06996905461131749,0.04186933661297213
236.60000000000002,200.41334708282602,-17.99835423648119,19.38903420861399,0.01303911441814469,-0.5305224125367787,0.03713381352691004,204.03724242373784,169.00596362664479,0.2972883006703228,1.756660840505698,0.07296448746201048,0.04243472489615764
236.72514278475813,200.12964636354627,-18.0729735901567,19.374148738683523,-0.0032591320172792003,-0.5306611321218699,0.035000569512159546,204.44894501617887,169.00727735342642,0.3423885992454101,1.8089408311614859,0.07140140280130144,0.04545675106170135
236.9252128112282,200.14239105076936,-18.153658872346917,19.380210519984775,-0.0019428823395320337,-0.5265824564282583,0.034627696876815134,204.7799380861493,168.85090467625486,0.35369378445873867,1.8066009440200759,0.008636980085065027,0.04604039202242199
237.0,200.0578979594853,-18.253693716873727,19.36597673385209,-0.00675510864384873,-0.531603111772581,0.034013506184596046,204.6674901663938,168.77476728930466,0.21543838477102828,1.7606423792097134,0.0010375157960157552,0.03639378948806035
237.4,200.0554965923571,-18.45691620694794,19.56826632374125,-0.006752956571746102,-0.5310133009624235,0.05178647337692371,205.37373519563462,168.77073880097655,0.26788517360328706,1.7708403654871012,0.0013754013288967764,0.03903475909194392
237.9255676671458,200.00818919937484,-18.74332498239791,19.561643292287798,-0.009240224604317582,-0.531360456024595,0.048151326679920704,206.33927680517033,168.77311001304545,0.35259324374950646,1.791925314917575,0.003106041835771594,0.043840426248350245
238.0,200.0465313223978,-18.885567873481303,19.52777418540806,-0.006474911369220588,-0.5389427277937996,0.04642551708431968,206.61816588431253,168.48094597591228,0.057025153937037,1.82047319546156,-0.06384009022280106,0.02326133873729413
238.20000000000002,200.04538735671994,-18.989878609062167,19.60527655615697,-0.006471535537382665,-0.538723773386257,0.05286234074929946,206.98283716041325,168.46642213875998,0.07509743894871387,1.8263081314821101,-0.06510520814728742,0.024051962030852726
238.3257118038775,200.04751302911407,-19.04288684733206,19.611104366809172,-0.006093458776049193,-0.5369487654463664,0.05268570761710346,207.20390726729073,168.40935214640206,0.07965550736012442,1.827242270091659,-0.08618067426766844,0.024438839416901493
238.4,200.0475621994037,-19.07170011458839,19.83366963311229,-0.006080626890370085,-0.5362519171192125,0.07333658201379416,207.33961487720345,168.39718531757114,0.12374686962285711,1.8292792766576849,-0.08825396116428633,0.026998092180555416
238.72585718809077,200.65598870629788,-19.24429437057314,19.887535503454707,0.02845310421714513,-0.5369305516853443,0.07661426930696684,207.53884141248594,168.39903629384685,0.07396664834677907,1.7375363258057714,-0.08052016413442924,0.022902768391404996
238.8,200.65761733542297,-19.293713816688825,19.68929485201722,0.028440427703144675,-0.5375336505234146,0.05732223937778863,207.6678292967023,168.39865072740082,0.03184409556167827,1.7387780758652416,-0.08005818206241917,0.02022580824237223
238.92593034665424,200.65234076739307,-19.34552504212929,19.695464086281515,0.02835902265451435,-0.5351704021270804,0.05705469820694179,207.87490980969162,168.29518463023413,0.03686774839175844,1.7369070579763883,-0.11728154419928571,0.02065334938139623
239.0,200.56141408848657,-19.24313840838348,19.7111917883122,0.02298475490858946,-0.5234275196779689,0.057192875649040444,207.6313586223096,168.46147454476412,0.1664438203584942,1.6651576294329382,-0.09619949174547839,0.02958919433936301
239.1260038154675,200.4840716132966,-19.307339915489266,19.721193962181705,0.018446702644200015,-0.5232222858948475,0.05748849655942146,207.88212816675173,168.44528877014574,0.16474121015273135,1.6767433799607736,-0.09891359464345202,0.029502313523472212
239.4,200.4892955806814,-19.447754467384325,19.7969596918366,0.01845211448013995,-0.5230350601772916,0.06319645921873472,208.34181219645492,168.41618421319583,0.18554089982514915,1.6788551297522982,-0.10217738994397096,0.030244623083741474
239.60000000000002,200.49275592744112,-19.55628642398129,19.72857812949939,0.018444741069925812,-0.5232831767303723,0.05547229037029827,208.67778669017264,168.3977919259507,0.17469653997765355,1.680408980164312,-0.10331341367205292,0.02938793027991418
239.8,200.49657659452717,-19.658738372568983,19.78583447216718,0.018448981517007426,-0.5231444722832783,0.05988800903582027,209.01400097829875,168.3755476021344,0.19008946831264031,1.6818444182938095,-0.10630570051810688,0.030482728475003374
239.92630078235587,200.50980667427217,-19.751028095805925,19.79410653748243,0.018303117961031123,-0.5271121056519718,0.06023932716493594,209.2531894446638,168.52050500696762,0.19193197220028266,1.691505709784566,-0.045616864365549285,0.030241059645302226
240.0,200.6467606594417,-19.642034660273815,19.79052652199738,0.02593366513265387,-0.5155945421583233,0.059642207478874616,209.80987223816646,168.66138132324986,0.13380738313033738,1.7773559175834626,-0.03162359799012776,0.02619962665104867
240.12637579426243,200.7995144701105,-19.707455438966672,19.810878605787583,0.03437199191478769,-0.515808497255639,0.06106103579036787,209.95858967910777,168.66351680602395,0.11016031983063246,1.7595103544787793,-0.029411560394362886,0.024388428553006714
240.4,200.80910964563887,-19.84578897253711,19.884193987628624,0.03437882931543305,-0.515629813423533,0.06652790198268292,210.44057405652472,168.6539859591627,0.12835753493137103,1.7638293748197402,-0.029407999802137274,0.02552735261841425
240.52652673846936,201.00445475512288,-19.933021235702064,19.821903507632967,0.04515567453463163,-0.5170719118240193,0.05866764040336039,210.54963415837526,168.66811963328718,0.2915524110683499,1.7361717042414289,-0.024281314279123983,0.036697750944689356
241.0,200.69779539083248,-20.05455680280114,19.816586138761398,0.0268118034317562,-0.5076545303796124,0.05692165768220234,210.31715775593185,168.80399718818836,0.03263865542621769,1.5350479599138862,-0.00010417693928675004,0.018089974136485297
241.12675544752713,200.70513384441364,-20.14766962991959,19.726018635667888,0.026693307173454202,-0.5107283950010855,0.04767154023837103,210.52140170554043,168.8742706345991,0.014459331355823798,1.5378955980872193,0.029662648984633232,0.016602921094925158
241.32683229307625,200.70857582458044,-20.23879921034318,19.735331014279705,0.0267667838150535,-0.5093901835772398,0.04757245249146642,210.82329378544895,168.84322907885166,0.018221988737202603,1.5347727555826982,0.015682253403510753,0.016635367274225182
241.7269868946547,201.17835839945323,-20.45842128090403,19.74835429645453,0.05264219921716931,-0.5107987308686637,0.04692761323676297,211.13794768465817,168.8774505472784,0.03735689868787853,1.456109484155375,0.024916814171057643,0.01732465921731192
241.9270646495762,201.18578880061926,-20.557822050806703,19.757784891905455,0.052633884313026506,-0.5099925646234242,0.04685113199477695,211.42261291207828,168.8441503644585,0.04097122039325639,1.4509650045930347,0.009810299819291976,0.01753736984776199
242.0,201.21252430860284,-20.772107030359376,19.774290313386086,0.05382451757011095,-0.5239797293726924,0.04788133562225922,211.6595589284699,168.6586323677778,0.12501106984058674,1.4763140262490735,-0.011270462147328126,0.02280960487993703
242.1271427065127,201.1583155881409,-20.829026260068645,19.816393751062073,0.05038290077569355,-0.5233742316205269,0.05179879201722589,211.8781278611909,168.65164564907624,0.06522935157701208,1.4829406006737056,-0.012873398386022325,0.018660456474643095
242.20000000000002,201.1629543594444,-20.889179254980647,19.713382136030916,0.05015758454543592,-0.525970957377411,0.04153261787642225,211.99635593763884,168.71591162962076,0.042885651798656346,1.4859888861996036,0.015241951012803963,0.017206282576543348
242.4,201.17405235082006,-20.98128807939419,19.989433316290555,0.05020099602155173,-0.5251269275786964,0.06765193012776098,212.29306874186904,168.71160441806623,0.1025390109274556,1.4838443924896279,0.014816794605774907,0.020752862659327808
242.72737868384922,201.18869251472364,-21.163766329552995,20.012020178376375,0.04968829701430855,-0.527643905037041,0.06793381636171353,212.80018440821178,168.82413142781445,0.10790968216785948,1.4878577895984357,0.0626612961038673,0.02028600783033432
242.9274579432789,201.30981608574635,-21.26018602337478,20.086750742353413,0.05595065129168837,-0.5272863995445788,0.07469368446527413,213.0185716569627,168.8383649483119,-0.011603150949265659,1.4658925772185074,0.06681824623361583,0.011424682836436066
243.0,201.299652259494,-21.09180299787743,20.073264704243613,0.055302227948037054,-0.5111051960871603,0.07327029639315795,213.0304639425713,169.0600107848985,-0.12990454727963102,1.4459854130816132,0.09353120485417366,0.0034656547396292488
243.3276173592622,200.53201798382878,-21.200751239968103,20.217519057672785,0.011012210738912051,-0.5069917582475115,0.0863102161308364,213.94002990101396,169.0410093154293,-0.3389439018904367,1.5565351639992793,0.08604573183352879,-0.01088208276056139
243.4,200.53296253523482,-21.235760996244565,20.25913870585554,0.011018409325604245,-0.5068824106888611,0.08975333082508669,214.0526426418465,169.0463148222931,-0.3317452982420836,1.5561696249890837,0.08721799619222217,-0.010579161211939348
243.52769751469586,200.48747332318783,-21.290237311484802,20.308176918565874,0.008368294863612357,-0.5062673184149973,0.09387296932700938,214.2796859725635,169.05146418417326,-0.40532083077448045,1.5634251974335314,0.08784096902965986,-0.015835501894054763
244.0,200.49282279676376,-21.395902891165747,20.365295347952667,0.008567147220443857,-0.4955504907530408,0.0943534041073663,214.99081925059076,169.26314849744898,-0.30619578009776893,1.5567386911259637,0.11978512213533477,-0.008452242374053946
244.1279397640307,200.53554138846008,-21.39983907093938,20.30339374773424,0.01175652462900059,-0.486473730187117,0.08657875863010035,215.13258515002443,169.01681539407576,-0.3143883160248262,1.5361523122347398,0.006069363738086378,-0.008861627496296421
244.20000000000002,200.53632314434736,-21.43558845097644,20.2956541407634,0.011753584836614435,-0.4865189937671057,0.0852202521199384,215.24328811580378,169.0176307063532,-0.3180416008534568,1.5357672108885745,0.006102643553132775,-0.008903342661282449
244.32802110627924,200.7700499952227,-21.51055345499079,20.302104903844832,0.02491288282238615,-0.48750707229478196,0.08474031337937166,215.30778329583543,169.0329419440712,-0.3101877896560179,1.499657589172822,0.010395871528028941,-0.00857906880721362
244.528102743824,200.7644706915247,-21.63250465139063,20.320677453347606,0.023919065581837554,-0.4915598395769738,0.08521897238925638,215.6349195210311,169.1795288501208,-0.31537514402711525,1.506990180901313,0.07077366172643727,-0.008665345321092033
245.0,200.5884034245792,-21.47839504426262,20.363417122936138,0.014359157442063128,-0.460792008319896,0.08454458410414657,215.65886157888323,169.68807053633682,-0.24033948105697156,1.3660514233730945,0.1391936284100278,-0.003133360073155237
245.1283494225913,200.5980931265848,-21.49471481556731,20.373057042306225,0.015281666770505565,-0.4548542513874991,0.08402807451402394,215.8085017575867,169.54394592077773,-0.23856531556899563,1.35312185113533,0.07122527906624157,-0.0030994878093515694
245.20000000000002,200.5997030735752,-21.522180331512885,20.47935927476071,0.015305820251018716,-0.4545201634120806,0.09376283274643143,215.9052235140252,169.54620868583373,-0.21838009295211605,1.3514364583909508,0.0710505365207332,-0.0018801218863039471
245.4,200.6023219066614,-21.617459069690824,20.411454900288195,0.015285170613801906,-0.4548035440773862,0.08535364921777897,216.1751292688004,169.56308770121265,-0.23610440810368982,1.3461802520320536,0.07256903195678145,-0.0031457213112464225
245.5285153412252,200.59600406750516,-21.712388093958822,20.423160073095318,0.01426782207535779,-0.46071090319666935,0.08588668879368162,216.38320623983333,169.7783288886372,-0.23841170075870924,1.3559374646954063,0.15790280724168643,-0.0033882303347382244
245.60000000000002,200.59604506685432,-21.754930038543314,20.236609064250743,0.014222208750521702,-0.4613302769090976,0.06717377031607623,216.48044670196614,169.79563961376132,-0.2765377169682073,1.3543941102463533,0.16041537860136051,-0.005728207856583956
245.92868242746857,200.66284870525305,-21.92175939061817,20.20981783284204,0.01775530310764795,-0.462229317397841,0.061750497015026565,216.87909414424473,169.8600527543537,-0.17286542535603272,1.335284261037545,0.17035973735826362,0.0009640084672872936
246.0,200.76694690551616,-21.924085612185614,20.242912263816248,0.023381439154849974,-0.4591628445947551,0.06299277909187925,217.28676554600798,169.91557889986063,0.08770030259840397,1.3948161784708748,0.17469418522246866,0.018654633389378592
246.72902008460701,200.79142891064873,-22.240115071451196,20.289782606766064,0.024080161874556836,-0.45611261283938925,0.06285180463954809,218.27624536479883,169.93376474503455,0.09993057488785083,1.373136970191112,0.14558525467825809,0.018920648320510127
246.92910522154088,200.81104308520318,-22.298079877386623,20.304323654536855,0.02551976713771121,-0.4500387945402331,0.06254018141884535,218.49868070324052,169.70399682202574,0.10066254905841417,1.3511549891750227,0.04771146692722192,0.018744517092788574
247.0,200.9217076352837,-22.073057942881093,20.296951914825048,0.03181004472359058,-0.4295604413907508,0.06137404892616732,218.91624954617822,169.96076879134054,0.04697063854609204,1.411888699254613,0.07241535097654539,0.01515535337357126
247.3292763585969,200.93734282996417,-22.205200671426226,20.317281936290716,0.03221654930662677,-0.4281889612389927,0.061287874991854965,219.37135320963841,169.94301496995303,0.051884110163230225,1.4029987141545102,0.053976624364350884,0.015593219189521937
247.72944864276346,201.00109471517706,-22.37321309616502,20.379467303357945,0.03504821157590754,-0.4280703255936635,0.06523431688809657,219.8992321349608,169.96550223385978,0.0016862669550278056,1.3882510496465947,0.05256409866944496,0.011830707718024733
247.8,201.00234113660503,-22.414208854464988,20.170924615749215,0.03499001380133981,-0.4287459475192884,0.04490209028843254,219.99756638172218,169.97556876068762,-0.03647880487406421,1.3872457561568778,0.053509207097995004,0.009465051011739318
248.0,201.04690895976165,-22.398108195453705,20.131712619107805,0.03713296984923685,-0.4215600176416274,0.04237380528171817,220.38009870392813,170.05490688392345,-0.43819100006637735,1.4039757413161948,0.05971531304239482,-0.017913582307483918
248.12962206946662,201.025377156397,-22.44550189079409,20.21465923057379,0.03566504379263285,-0.42109816049258986,0.04971898891959258,220.57501290273248,170.05851046713076,-0.4380035918878419,1.4055257118702773,0.05839357400448058,-0.017958814840714724
248.60000000000002,201.04236345861577,-22.641806386417468,20.272209644927553,0.03567518714103401,-0.42098768764741784,0.05295242708695012,221.23451662179076,170.0846376301903,-0.44019954614240475,1.39927049101812,0.05683573805676358,-0.01764419971656986
248.72988434175775,201.09120237611572,-22.69148717931858,20.318195855690167,0.03812125626963103,-0.42076124654104885,0.057070806177149006,221.38863465639787,170.09162512154313,-0.5137973881776181,1.3906838051696844,0.05626486370724073,-0.02267214353676083
248.8,201.09381246140353,-22.7215083763811,20.31158526345087,0.038118245339794486,-0.42079365929805806,0.056068599612205956,221.48613587654143,170.09586064312842,-0.5175812427419016,1.3898417900058384,0.05601697030134159,-0.022948284715755503
249.0,201.0196068463634,-22.966172223539633,20.374226893949405,0.03346591116908419,-0.4324646733152731,0.058803790884736216,221.55549765754174,169.9652091249163,-0.08770890964545763,1.3466662942542635,0.03736721809611163,0.006059405598888224
249.53023799423565,200.76459959980707,-23.158280877259465,20.47102089154944,0.018378273089592438,-0.4301200548399731,0.06564705379973117,222.42257059599206,169.95661301704442,-0.19744603757063744,1.376083131488787,0.027596261560248306,-0.0015349571674551053
249.8,200.76911560554518,-23.277826471515734,20.416879744747447,0.018357099019124287,-0.4303366963446084,0.058881502209743745,222.7933694962046,169.96574410368171,-0.21221934402011108,1.3720922937249813,0.026366348365187222,-0.002272665207814172
249.93041650560525,200.63791113385415,-23.33546481788593,20.36843772763884,0.010971359678387149,-0.4303074213991555,0.05297799096868608,223.0620622445077,169.96517382268465,-0.1067608436291867,1.3924395713455249,0.024751541636783468,0.004585622733196147
250.0,200.53446094979992,-23.525441529418394,20.351357566493256,0.004981810039493955,-0.44320016292428194,0.052131955819371995,222.91242406827104,169.729735547406,-0.2860999114886099,1.3437469950009844,-0.011692570708670687,-0.007790591361941442
250.1305061805606,200.5678563039259,-23.583813557805467,20.3685641597476,0.006792039380293289,-0.44325470717890547,0.05321343872071573,223.07171809707424,169.7291146216574,-0.3043074881300084,1.3372800709545676,-0.01259513238660069,-0.009161922552395287
250.7307768756036,200.98018342367544,-23.867097061982516,20.4893392414938,0.02946348620012288,-0.4445245022234424,0.06239836517380015,223.61252971425057,169.7409475477347,-0.45021680292902855,1.2589704191853377,-0.013017061416899005,-0.01867333536508222
250.8,200.98869539391856,-23.862852861578766,20.47645155679093,0.0300704524480175,-0.44089857483807804,0.060619309320163864,223.6807417355368,169.6286757717896,-0.45251583678823154,1.2508819788737013,-0.052878659942663185,-0.018721575632889523
251.0,200.93145492738194,-24.274076947876576,20.468976771042833,0.025845858311714837,-0.4670832901714717,0.0601603768113668,223.86409533435057,169.22394173081128,-0.6328042561218453,1.234446744218369,-0.10426461333606302,-0.031329653644498856
251.33105006381868,200.92307012641388,-24.514118909461057,20.492609198824812,0.024315380323696976,-0.47565105560401466,0.06088914203690837,224.30749253257082,169.39450407728302,-0.6488563445085029,1.2375409514277604,-0.0325851342188023,-0.032715023744008524
251.53114167790636,200.9267993708136,-24.61474516853748,20.505018404148547,0.02420730345906008,-0.4762247051747469,0.06093831314272617,224.55751311060152,169.40342784079886,-0.6558162917694692,1.2329423628250384,-0.028014492128838445,-0.0332039905107992
251.73123356670797,200.9295399126725,-24.719730045547728,20.517597040976757,0.023984392444304448,-0.47734557882716905,0.0610382228427292,224.8108447820303,169.43298366464285,-0.6632064932672741,1.2296765205817097,-0.015650071621736174,-0.033942992804858754
251.93132572964674,200.51894643052444,-24.78566777480054,20.46303026069231,0.0008363955127258203,-0.47524308709249224,0.05421570420223393,225.3448453022555,169.39099314774813,-0.5716505920699572,1.2957070415965453,-0.026282703533352367,-0.027435096817451435
252.0,200.67924816485854,-24.683108795242106,20.461176445505437,0.009467249102115629,-0.4654193806632554,0.053716157610742866,225.91491001950428,169.63315433857343,-0.5834756862304769,1.3910482170831497,0.02491326225009853,-0.028196346865099385
252.53160385751846,200.75821269542328,-24.935017489282494,20.509290543898533,0.013581483173119002,-0.465749943724152,0.0556699345640781,226.60921218995338,169.6525535325106,-0.6233358367031591,1.3737273251070707,0.028895639052782047,-0.030469260098345954
252.73169711123782,200.68528045218522,-25.020602122597545,20.517435221504535,0.00936316051656305,-0.4652479952257071,0.05536943331601277,226.93256474867266,169.65102180135077,-0.6258254369650438,1.3836097841191006,0.028251204274029974,-0.030455196903122636
252.8,200.68774134914645,-25.039814737514124,20.786670905180152,0.009457042256333707,-0.4644588054498242,0.07946384991273614,227.02620808750834,169.64545614285845,-0.5621958785124643,1.382544818977193,0.027206916942342414,-0.026595460838792245
253.0,200.53515975120712,-24.63009947838672,20.814189547945176,0.0025424753922357246,-0.4248244522535466,0.07919880711921073,226.7234149383042,170.2769901676699,-0.4373703413239468,1.2637467996758334,0.11349186415588744,-0.018033931219756306
253.20000000000002,200.5344864050657,-24.723119756449325,20.67620276932263,0.002480605115859896,-0.42533062106438313,0.06528727640050871,226.97618644284753,170.30395174361826,-0.4749842883018939,1.2596246704373117,0.11730384674340226,-0.020612269046091078
253.33197849760364,200.52377284902676,-24.802300310336307,20.685015322233927,0.0013167595107983166,-0.4290597640849649,0.06559265450105102,227.17337808903648,170.4377436811416,-0.47879670878941355,1.2683768055281939,0.17044727706644375,-0.020677911979614393
253.8,200.52455964431567,-25.001958366820574,20.73840655250798,0.0013255227647354087,-0.42898892167171887,0.06763493522685152,227.76474997217176,170.51951118503456,-0.48372810993633025,1.2591818076409942,0.1815231952684812,-0.02074770725396421
253.93226230966215,200.5313007491564,-25.047981861935263,20.747424441055713,0.0021925068547011695,-0.42637008669490367,0.06739117600321688,227.8970503843768,170.4208264532597,-0.48570309045409016,1.2448976092611546,0.1357526767396865,-0.0206018747550832
254.0,200.58930007974323,-25.583249565026993,20.77814598002448,0.0037288546585757852,-0.466128513214792,0.06978460820454184,228.4590583168528,169.83137791387801,-0.38058044518863476,1.3427506518243773,0.05980460752335241,-0.013959859133134696
254.3324528576135,200.57912565027894,-25.75337217598137,20.801284471496757,0.002694923577270962,-0.4686606545086166,0.06997419385681529,228.92901595290903,169.93389319247345,-0.38563319350420155,1.347934023441201,0.09814322179807194,-0.013891142860777198
254.4,200.57795392322083,-25.793955288406263,20.643615049774464,0.002624548368994254,-0.4692082726911354,0.05539030366039096,229.02054683221496,169.9449104192734,-0.4166243283842507,1.3471973506803951,0.09993057373349257,-0.015735897626597557
254.73264447210903,200.58302077485973,-25.951105944324386,20.6592264342294,0.0028579729440909637,-0.46927138418273767,0.05510955583686418,229.46534411971743,169.9796587982009,-0.41746253442711606,1.3426189981648202,0.10501592822985785,-0.016066060508980073
254.93274067786845,200.09824793706704,-25.988673795339324,20.65745539939903,-0.02410727859110847,-0.4656353952069857,0.05380982439003674,230.06892948309095,169.94341777900215,-0.4015271585543292,1.424060112572209,0.09273369999813964,-0.015028330782010033
255.0,200.28945589475887,-26.350425374416194,20.60415047259175,-0.014183613307063048,-0.49003655372080407,0.051131650208255275,230.77209226305763,169.31245213608938,-0.8112383343922909,1.5392935670565508,-0.03501415003774436,-0.04310566599619636
255.3329338835267,199.9136018772024,-26.471531111833173,20.593392692382217,-0.0347570409244406,-0.4872723374929206,0.048379690174652386,231.48486936973362,169.26464371351676,-0.7883940075879814,1.5948007546769383,-0.04649618664973932,-0.04097636995945856
255.93322566871302,199.61438061627925,-26.719678744297347,20.67039011822759,-0.050246983303821796,-0.4845204567728184,0.0530407692277487,232.63834738252012,169.196156016171,-0.8767444675581731,1.6509625945989226,-0.05954898381309748,-0.04541863789434354
256.0,199.77889982145373,-26.910605448609253,20.774301267372575,-0.041537535666126134,-0.49554697055563096,0.05926904137907499,233.26419763136866,169.005421044324,-0.3839588390038547,1.7536127618769504,-0.08991364570040086,-0.012060713343270246
256.3334215032453,200.05617198325396,-27.096127397895465,20.90251955972266,-0.0253590538781868,-0.49698269004908985,0.06969926600630491,233.69220251859906,168.99713680882124,-0.5116040507352033,1.7210944602035474,-0.0861454351634071,-0.020506341893041
256.6,200.06043025706526,-27.242162603266188,20.241334164994978,-0.02426022755191966,-0.49615344747841583,0.010023840408380759,234.12166538301025,168.89078078426988,-0.6764168998207732,1.7169270620777144,-0.12380718226103826,-0.029703339277549812
257.0,200.02433382294095,-27.47872689459704,20.304701744103532,-0.02569708813197499,-0.49854085043213703,0.01340077703028787,234.74902281107754,168.8298928644885,-0.3734073974631648,1.7141660843561566,-0.129422313866861,-0.008792279276776716
257.1338162981534,200.02291647187764,-27.54035038563047,20.40560051067321,-0.02558768331000066,-0.4982328279157429,0.021940439034039326,234.97776353440176,168.81042615432608,-0.3517627798153237,1.7171186915810168,-0.13144438593099064,-0.007274163037379506
257.33391564474033,199.99774435063938,-27.68274589328796,20.410109217430126,-0.02739770829581684,-0.5031801761665091,0.022213837165691492,235.36147672120617,168.91930504402413,-0.35362459321913753,1.7349608947151283,-0.08095264069560551,-0.007285838179000226
257.40000000000003,199.99414479118545,-27.72601737850047,20.21774017279175,-0.02749063295220488,-0.5037848819796481,0.005331112939229568,235.47682356073753,168.91837978211663,-0.39850663116024365,1.7365666480844344,-0.08046137854438834,-0.009857603148590934
257.5340152493209,199.97884036674552,-27.822014579017075,20.217598867670706,-0.029001689423356708,-0.5078412679973998,0.005513610052998323,235.75478323197842,169.04155894963765,-0.3992662593135069,1.754769664001364,-0.026563490007389945,-0.00997637205322546
257.7341151113201,199.96970291165954,-27.932599938402706,20.21832660687086,-0.029568977346177763,-0.5093206581032396,0.005585107390601064,236.126656121582,169.0927948251571,-0.4011078221811924,1.7664382205473343,-0.0028011940895803673,-0.010202612488968135
257.9342152301635,199.9615815769926,-28.042531648711314,20.218947470976357,-0.030234155092607403,-0.5110190417655016,0.005678172004942371,236.50984282990444,169.1684387426437,-0.4030366839444864,1.781247493236713,0.02942517035178948,-0.010123546778730464
258.0,199.5497424384512,-28.12231096346693,20.166320465001988,-0.052458080165691395,-0.5166977536123113,0.0033498966948983357,235.306934250723,169.25207286489294,-0.7524715256207196,1.5247934578578601,0.06275522065926233,-0.033851065658432
258.33441623608564,199.2022904077433,-28.23325891979617,20.223001635294903,-0.07081671101360211,-0.5128139999854305,0.008684005663492296,235.9976148057726,169.22789308787725,-0.8371956403842875,1.5729057242555051,0.05645434540091816,-0.039560628586675965
259.0,199.18371683792537,-28.62495172111565,20.27545994637277,-0.06937473524658666,-0.516134539958673,0.011184595870064215,237.18453783705309,169.2168990112028,-0.6000972696258771,1.6046843637945452,0.05927347493744963,-0.02322213950186041
260.0,199.0149428033919,-29.317906515067794,20.38159989702092,-0.07524284492363184,-0.5298740357777751,0.018175251846976104,238.5110548423892,169.10411631264844,-0.44080366253238257,1.5596078217004608,0.05205072227407187,-0.01221205141244381
260.1353333250804,199.14049778075238,-29.43692458711993,20.25026169495446,-0.06778320186338749,-0.5326700752299969,0.005590000859012231,238.65650922888688,169.13670300597718,-0.28219783649072505,1.5426046629176744,0.0610128078432334,-0.0011373226792227974
260.335436481332,199.12626498995346,-29.480221369230442,20.250216640259666,-0.06592674847318457,-0.5247954911026131,0.00506597399705164,238.8904694546376,168.92374084431694,-0.2797117584406316,1.5158828368986723,-0.03096451681311896,-0.0010089667388792523
260.6,199.1147786260874,-29.59025271490201,20.784059395345682,-0.06562307639244894,-0.5231230156307939,0.05071949817375114,239.28932174666434,168.90361471112968,-0.1844586036509,1.5143453831720912,-0.03360264520142269,0.004465689576165733
260.7356435414639,199.1561160253852,-29.66951870064339,20.793470893297275,-0.06287417151190716,-0.5236406300322172,0.05096494555138767,239.46421649490009,168.9063490368351,-0.18755043141325356,1.5061953920111595,-0.031591836471782854,0.00424626411288156
261.0,199.03608225796089,-29.498194859065283,20.817411602716284,-0.06738115909096022,-0.4991794351099568,0.05076477671797212,239.2236213185214,169.36110155190298,-0.07267435243091211,1.375326299008388,0.036365216895133626,0.012316456738354884
261.40000000000003,199.00641675184067,-29.710540450980936,20.606647665205895,-0.06751922947685261,-0.4999107470424464,0.03131002107049295,239.77323499835234,169.38093617127956,-0.10879338715240075,1.368815258687852,0.0400429087826124,0.010156991394589678
261.7361655263695,199.8126316847345,-30.020696400074364,20.66027507115164,-0.022454509706973436,-0.5086068180269426,0.03554046977288323,239.7403271836827,169.51186503332158,-0.1759808935718961,1.2398020233559195,0.07234471860247867,0.005419518266297891
261.8,199.8095316742143,-30.0607553833037,20.513946000500724,-0.022538768952013365,-0.5090452678121049,0.022714972861860874,239.81997321625687,169.51972614062345,-0.20481849437955904,1.2378731320281613,0.07357716560197926,0.003873386666126752
261.9362706618694,199.79020288419588,-30.095959821312217,20.515803975055924,-0.02242813129254692,-0.5047996827747467,0.022374005736361925,239.9473165991129,169.3725959776465,-0.2013023504923439,1.2185472391675274,0.016124202596700707,0.004006360921838121
262.0,199.87265210456735,-30.232706725508947,20.52756006242542,-0.018162146499484777,-0.5126774719787489,0.02295300063559632,240.42011817160775,169.20425971056403,-0.1231336579951228,1.2953087879372822,-0.01073891830512081,0.009441385975901072
262.1363760422168,200.2276688315031,-30.36101415920254,20.56930617952394,0.001248932519583447,-0.5162607046706854,0.02673401229406845,240.43095624627335,169.24057089500928,-0.1847179812108844,1.248024468009223,-0.0008029528803998442,0.005346518597796153
262.33648166684463,200.23269722707226,-30.490231392375698,20.57563011244894,0.0010564493774590628,-0.5188542530827132,0.02692516161380638,240.69556589472785,169.30458518997435,-0.1853124999343731,1.247428786182461,0.02393502218036134,0.005166024027805149
262.40000000000003,200.23396462866594,-30.517706732816237,20.68135678119834,0.0011194083606085867,-0.518530660766778,0.035986168530710266,240.7743112299312,169.30381485774478,-0.1648155487686096,1.2454107731479838,0.023854505669812925,0.006385552828257623
262.53658753518624,200.23463537730444,-30.592108646829836,20.68644079548809,0.0010532940852864714,-0.5189945601681777,0.03602768415121273,240.94816222259135,169.32163722971208,-0.1643112449896892,1.2426498253190237,0.03034310343779166,0.006365076062380314
262.6,200.23425202426012,-30.627072271169872,20.64932729844628,0.001029723029466413,-0.5191154095725874,0.032581672663436416,241.0270664019199,169.3244852732358,-0.17142545029684017,1.240479535322478,0.030720991131579636,0.0059975060328477745
262.7366936466752,200.6573897544918,-30.771230968580788,20.679211617192095,0.023975296956937873,-0.5235192406096831,0.035155626423663405,240.94648176128896,169.38527579885783,-0.22124418082031044,1.1738338533473824,0.045584784904804054,0.002532983721403926
263.0,200.62995962866557,-30.847695856551347,20.690601846815063,0.022396861662631756,-0.5187024788547443,0.03510891281113246,241.11247841650655,169.48737652399345,-0.19451166512772813,1.1355515208731122,0.0599556030179149,0.004402248256897855
263.1369065968326,201.05034115793669,-30.994169488544927,20.71424023360389,0.04504662982341616,-0.523226112437358,0.0370045309292872,241.0739968654887,169.5403514167499,-0.22628277967690336,1.0791310009870678,0.07297130762708987,0.0023279917661152556
263.53712051279626,201.06310140429827,-31.194948663692546,20.72863226097914,0.045012405479078574,-0.5218023292474802,0.03686911379483273,241.4919662749805,169.52126260586004,-0.22444719124467644,1.055520009004858,0.055445457514175206,0.002299330713091005
263.6,201.06496644718337,-31.232089405778463,20.645030374405454,0.04496099098423626,-0.5220610076750888,0.029219762803502712,241.55862828968426,169.5268261614128,-0.24184485695388236,1.0524137699881535,0.05621456136254795,0.0013018868791055188
263.8,201.07768778773703,-31.319818720497317,20.986376558980208,0.04515878780043827,-0.5210682711426876,0.05920123080169566,241.7665469603609,169.52977071749163,-0.1741317177092869,1.0424024768772686,0.05587491211422753,0.005531928340993311
264.0,201.37969628948633,-31.220716610596423,21.01770714582085,0.06230091564538136,-0.5035796858737487,0.05927434930203957,242.8524182096564,169.67128025524462,0.05268310755481734,1.2016081265526863,0.058173415157288716,0.021029301044174564
264.2,201.39378254844817,-31.31420455970617,21.164241114781284,0.06238893763862989,-0.5031443036315504,0.0714322230927895,243.0915105527133,169.67988170524887,0.08062509232575227,1.1949380831944776,0.05853150012208614,0.022484368101266222
264.3375512240976,200.76665669350496,-31.25753518240875,21.18485181601195,0.027872120055853974,-0.49578283349581204,0.07252888896788039,243.57743308318365,169.6145060886586,0.06128139288022003,1.2739667794114384,0.04066479187718172,0.02106420080095754
265.0,200.8320629306195,-31.85158136830811,21.193132390438123,0.028932379225891196,-0.5172164575962321,0.07165460236959417,244.75253297157693,169.2267155871709,-0.3463007417866434,1.3284165815101967,-0.01900471390201916,-0.007438900224192281
265.1379857445721,200.8946169496304,-31.928943055904337,21.228691313365104,0.03210514302365726,-0.5175796384535157,0.07428586343848499,244.90855124729129,169.2279646290117,-0.3910075838089883,1.318838327631594,-0.0180148907277378,-0.010443578871457606
265.2,200.8950748763886,-31.967773334933696,21.102675993759128,0.03202129976329159,-0.5179880232099437,0.062309137943105546,244.99085679967112,169.22974081427984,-0.4165718728237911,1.3177724898259924,-0.017710954698062876,-0.011858108949388635
265.3380949656672,200.86021048806873,-32.07639779014747,21.11356649757484,0.02922969523679901,-0.5237233538141893,0.06289378378359353,245.22901325738354,169.4065764980151,-0.4228168212732528,1.3372902320635236,0.05727544295612687,-0.012224445914469305
265.5382044220339,200.8388409933341,-32.19142701205017,21.05529206013834,0.027766653119399236,-0.5242510263222591,0.0555380599133019,245.51062817383198,169.42117812417965,-0.29337100283040896,1.3378415346666914,0.060647054550181496,-0.0031307507421652614
265.6,200.88436011899162,-32.1781712541029,21.197919263573585,0.03086837233939854,-0.5175256808912346,0.06793376246964346,245.52229134449684,169.19544864357485,-0.26064550008076426,1.3103524474467925,-0.030130914755046933,-0.0009361855845039903
265.7383141131135,200.86439646255562,-32.2697131182639,21.208603505933436,0.029091776138946784,-0.521275066321638,0.0683355807669172,245.74973357716138,169.3401939751338,-0.26378827332117777,1.3250088685980936,0.02892037931532215,-0.001214031002576181
266.0,200.9103089518861,-32.295084139734044,21.198463842108882,0.03165461699815469,-0.5128703684380205,0.06690510653553045,246.14681675588275,169.4437131468957,-0.4993315624981822,1.3292191836025478,0.04118653939306856,-0.016883706877166463
266.2,200.91626522841955,-32.39921054726134,21.182222466911703,0.0316336410252722,-0.5129665991203496,0.06415065352291802,246.4125211115595,169.4528464174431,-0.508056010681185,1.3262482910867852,0.042867578990245785,-0.01736730951574548
267.0,201.010558066301,-33.26546048722601,21.258664024004954,0.03299211034950815,-0.5479303017175183,0.06615174735084134,248.17316126012702,168.8380361955369,-0.35406702031303905,1.4590268380558937,-0.048808037212243964,-0.006983462981325227
267.13908847583787,200.86609404988977,-33.29314160391795,21.349643752316897,0.02494202802539114,-0.5451339069829396,0.07461655664166404,248.44461161008778,168.80668468828037,-0.489554429406055,1.4765270344138302,-0.056033811388466206,-0.016319779199901158
267.40000000000003,200.8721912843817,-33.43703323366314,21.33709461150053,0.024919102447810492,-0.5452362948928835,0.07162069955552781,248.83000657411122,168.7928411277263,-0.4992888701913201,1.4763424664115101,-0.05627010780855595,-0.01689378115373592
267.6,200.87768736563157,-33.54401476527935,21.391800604047447,0.024947555267499196,-0.5451095170573336,0.07540222460993411,249.12502090681735,168.78041899220472,-0.4958651724805173,1.4760791712593773,-0.057469226808346076,-0.01619241835288058
267.9395360468881,201.10996600912082,-33.78226240346563,21.391810633333524,0.03699484009760416,-0.5481707369866435,0.07271515991127038,249.4855774833383,168.79927155940524,-0.4506324955461849,1.4408516183490763,-0.049130271965404114,-0.012805919730171821
268.0,200.93589772327005,-33.98463003019332,21.377650154381175,0.02641260453776061,-0.5623800644231143,0.07236187189209092,249.09281839138666,168.60586266707384,-0.6665433603234491,1.348667165255415,-0.07242194567421123,-0.027384045937079
268.1396485111723,200.95760263125106,-34.071622319947515,21.313424838731198,0.02737910335299723,-0.562883307894588,0.06544090241796166,249.27276914145926,168.59985961773282,-0.6775796764853038,1.344059180866559,-0.07200523070014557,-0.028034412073556326
268.2,200.96000563957955,-34.10260092973528,21.377128588119177,0.027421282177345744,-0.5626977929735374,0.07106048545147617,249.3535737027465,168.59415675410517,-0.6679348558030013,1.3430325205420317,-0.07259065997960361,-0.027596166522271145
268.33976120296313,200.9852964850844,-34.14146038363969,21.385686352321052,0.029091398103852993,-0.5580972893169681,0.07067646489531586,249.5048226924557,168.46016988616338,-0.6691537299600532,1.3268465142966994,-0.12178256728463716,-0.027234524711543515
268.40000000000003,200.9854851107336,-34.18115486962172,21.269209736421907,0.02900252827951312,-0.5584790075176593,0.059276951247542724,249.58542290453352,168.4560142755942,-0.6933271219573232,1.325823759600696,-0.1220087664133387,-0.028602812477610724
268.73998726686574,200.46074915967293,-34.252875516611326,21.29561267681973,0.0002374741247618481,-0.551593783532205,0.059928022497908386,250.34475254133457,168.32943340962976,-0.7180165067191537,1.39732245347676,-0.14871992115470117,-0.030422254253397212
268.9401006378797,200.45884197661448,-34.3668247667587,21.307795374382284,0.0001825081569710623,-0.5517485662967679,0.05993212685287823,250.62293668271872,168.29995667008114,-0.7243750187390802,1.394540485958416,-0.15292965992776042,-0.030447063418236414
269.0,200.75665142776995,-34.22046937103983,21.337274352714154,0.017506249044543547,-0.5354677080922967,0.060474119408196046,251.45293125593,168.40752900360488,-0.42773274139261136,1.5349227847557827,-0.1563354202551299,-0.010332319463779667
269.1402142342048,200.72096515553633,-34.28914536575724,21.33645976558497,0.015454944106921144,-0.5350809517647162,0.0594786034175222,251.68541432438144,168.38120103825426,-0.41126446777392406,1.5400468099799016,-0.16035231878843384,-0.00932018049755961
269.5404421006003,200.70590913092383,-34.52555859273611,21.360087067546655,0.013703153006575307,-0.5382595415420458,0.059689170157934235,252.34330140149854,168.41835738900397,-0.41476374138350347,1.5566740873183222,-0.1258099764630196,-0.009234126665398447
269.94067086168315,200.9551930361144,-34.79040823991601,21.412399506788645,0.02687774293276793,-0.5411978657807335,0.06272768027432586,252.8116017205004,168.40948676124916,-0.46993057075212,1.5213411415276508,-0.11873579246668858,-0.012845456589691747
270.0,200.94607356111817,-34.67548806392105,21.446137507049947,0.027305751951269403,-0.5291452757481924,0.06404702054700448,252.79039800104158,168.6134509210548,-0.21265195761306682,1.4965943740514158,-0.09103606113947925,0.004543965898079653
270.40000000000003,200.95640219232422,-34.889294904783505,21.428801347081738,0.027271638717545066,-0.5292824521559308,0.05994891751919856,253.3892691540711,168.57778195802723,-0.2187899404356569,1.4966334012485358,-0.09291300307443236,0.0043918504888932584
270.6,200.96273693117135,-34.991974718097346,21.505130183328966,0.027321911849065184,-0.529080756075024,0.06608378365780061,253.68814483916674,168.55730354171442,-0.20599421585302466,1.4962554387814935,-0.09408648877271517,0.005213327503752521
270.8,200.9668302571512,-35.102721009438426,21.4170945354263,0.027244083902035306,-0.5293922408430823,0.05642235496198483,253.98803054874577,168.54129939928984,-0.22334569653709113,1.495754594473995,-0.09510528443633727,0.00425131747046633
271.0,200.80717383525004,-35.12618845629388,21.47347043493179,0.01925759042187746,-0.5226945873886331,0.05802292209496379,253.6352273837633,168.78793444204018,0.2815452304152216,1.3647423751937,-0.04824712161001206,0.03844800533913227
271.34147850832517,200.55403061526624,-35.25571980339629,21.437374703234994,0.005246208572907892,-0.5198109760513371,0.052078564712880054,254.22964657822894,168.7391707980111,0.3974497070695413,1.3929004169962056,-0.057010042978290085,0.045834297427320855
271.54159476590644,200.61544178164115,-35.36171009564048,21.50236346613824,0.008506610341504241,-0.5199492269610475,0.057861037274667695,254.47565867465997,168.73106759583803,0.30758758710207784,1.3822804573900154,-0.05659243237440046,0.03935570996240297
271.6,200.61783072312392,-35.38547621216459,21.644254328950304,0.008613807843049963,-0.519529686805826,0.0710938757778736,254.55553449542353,168.72413067730162,0.33757752057864704,1.3814846923504123,-0.05740110599909449,0.04115694896473402
271.7417112417412,200.31321056870954,-35.38379554797773,21.662928535327694,-0.007910082456046094,-0.5151506881183735,0.07200120756373143,254.93183194618632,168.66205517250597,0.32568523393628246,1.4253761382239731,-0.07178021796633291,0.040122558437332194
272.0,200.46577017516634,-35.10366400905402,21.677951036173077,0.002544873016208673,-0.48268415330790176,0.07101275735791593,255.50346356915915,169.22035630343316,0.3724997948794633,1.4590655007840763,0.017144582559164054,0.043338741509498
272.1419448460213,200.49881593520882,-35.18343142857929,21.612676965002596,0.004310978432934282,-0.4833606268431458,0.06394244017749438,255.69524523038345,169.22886351825113,0.35667412064758813,1.4548850519468317,0.019568159041814977,0.041962250567516034
272.3420619733935,200.4812241540591,-35.34345037616055,21.62639888600831,0.001934029849470067,-0.49030897648149974,0.06440696751730265,256.05185856887397,169.41534968123597,0.3634895816040765,1.4781153283322088,0.09381694691323202,0.04220495980050958
272.54217931687305,200.47879736240745,-35.451545345948176,21.639417901517657,0.0015285820385185535,-0.49146518324568317,0.06448599417868339,256.3604326419135,169.4688514016242,0.3716244783629518,1.4826149809169589,0.11117786190065332,0.04209902336098179
272.8,200.48186155147334,-35.569198182267534,21.85397319923462,0.0016799166372727357,-0.49088807795648026,0.08345793237555423,256.74141620570873,169.49298183398216,0.4231428002015315,1.482188642796751,0.11564115268098299,0.04517797010647379
273.0,200.57243591817308,-35.62464438438641,21.901760537814503,0.0069177106077753315,-0.4863875999824064,0.0848094328358675,257.27555604261386,169.55292091070106,0.7244783914032287,1.527371780276277,0.11938259469769943,0.06509087634941502
273.5427692571954,200.5705420825125,-35.90505961151559,21.846843110751312,0.006167690472778462,-0.4882872078800093,0.07569598535569719,258.12756291103057,169.67523289892867,0.7417168708792216,1.538123466275062,0.15297232811019731,0.06524186393567431
274.0,200.5498072576818,-36.582427313440625,21.910446583567918,0.001998516034146398,-0.5232814885567139,0.07795617023711551,259.24197935252477,169.14074027565619,0.9829537137253873,1.6314568794650544,0.07858436188257181,0.07964519431389369
274.1431257805817,200.23933236396297,-36.5907000612812,21.852152179580557,-0.014794088354670746,-0.5193389778139109,0.07063170786981393,259.61934410755737,169.11063329034596,1.1071029685373657,1.671712640913064,0.06953221094177628,0.08737645227179092
274.5433645203423,200.26533493594224,-36.80370458216604,21.896536729531768,-0.013070308689817964,-0.5196487817190765,0.07231642022877507,260.2725898645792,169.14412532699416,1.1168792824344325,1.6741342405941582,0.07759262373980808,0.08690160866709508
274.94360410118486,200.29431378053363,-36.96441923065826,21.92556736814066,-0.009477062445183771,-0.5132369349920569,0.07195555393339158,260.8313353090516,168.92598350192677,1.1527103498464581,1.6439732282459607,-0.008821450718044594,0.08799595928059069
275.0,200.32792976803103,-37.28466744742174,21.899585668223903,-0.009807684407541031,-0.5364188300523492,0.07090057133164258,261.30487050978144,168.48619108598575,0.875201906313432,1.7262167459965578,-0.0708750077393947,0.0687454585623353
275.14372420569805,200.3388972561483,-37.34625445183669,21.97438061849954,-0.008623639887072383,-0.5344295611004526,0.07683504974696129,261.5285346946678,168.42483473022196,0.8974281324454395,1.7197934348932002,-0.09387845624517313,0.06964538932587473
275.2,200.34180042707746,-37.36549353407293,22.1936842792976,-0.008431140545203034,-0.5337443930199912,0.09717506324368877,261.62407490263985,168.4146483232901,0.9367356460652864,1.7205422553906708,-0.09515774991603841,0.07193692049839369
275.3438445189068,199.78864304166157,-37.28628635849231,22.240486066699955,-0.03814068571825276,-0.5246563447453432,0.10056083401890856,262.1461008699117,168.30463163528574,0.8895582098146865,1.794483586781609,-0.1221173596927333,0.06834066778147206
275.40000000000003,199.7845531627375,-37.321934136851944,22.11745989484633,-0.03825118371464251,-0.5250481026257962,0.08840880705874629,262.24768649839274,168.30073125153177,0.8696633594497067,1.795999241340025,-0.12224270536829182,0.06705498892441485
275.5439650402879,199.79651255846167,-37.39080924300327,22.129249545221224,-0.036681839515613074,-0.5234252348409981,0.08819097879988705,262.4692271409516,168.2192032349149,0.8817923392941864,1.7866277883426323,-0.15102849436233592,0.06758059239526798
275.7440857693189,200.1334354911587,-37.575668255244274,22.209174077327013,-0.018164203701732787,-0.5281806262883383,0.09474419000877168,262.62738642105387,168.2534640408472,0.7783639884988317,1.7410187639968304,-0.13647961624343163,0.05973001725831924
275.8,200.13439829917303,-37.59902582848146,22.35121032287042,-0.018052176407321242,-0.527789342945159,0.10765490350363953,262.72384394018263,168.24242708225762,0.8092345487289936,1.7416612631936534,-0.1377551640780759,0.06158056248844564
276.0,199.762803424092,-37.663495947480456,22.366592689846026,-0.03764471849585699,-0.5268712071957473,0.10747583109530963,261.95878798329676,168.4642185263485,0.7567685995723328,1.5291524384093624,-0.08314723811351604,0.057767471615840754
276.2,199.75372789746385,-37.773631582382556,22.2909608901398,-0.03773308426488893,-0.5271741280056329,0.0982759059014687,262.2651312349369,168.44971915592376,0.7511824724459871,1.528442053093659,-0.08325467732796814,0.05727290925912798
276.34444919710063,199.7482822869048,-37.85113045368737,22.305268643531452,-0.037806657911259346,-0.5273926606241669,0.09830113746454056,262.4888705575251,168.4446914638961,0.7591614346354657,1.52904371243421,-0.0804716154892238,0.057219337205111916
276.74469251099976,199.37932085779298,-37.9714212085172,22.307861392534747,-0.056826841734124625,-0.5220821283580941,0.09440497299405319,263.30613166975456,168.34362780488712,0.8529188432981423,1.57912717808314,-0.0988971840056242,0.062240364910167066
276.9448144750084,199.57489210978332,-38.14125887643097,22.292439035396765,-0.0456877045752377,-0.5258389603316882,0.09079919896274928,263.49093076093516,168.37245323745907,0.9313394336047274,1.5470249589938372,-0.08712019792991708,0.06698809007186862
277.0,199.7691847771749,-38.49931504823795,22.264122860878977,-0.03740724023950106,-0.5508685136425439,0.08952026073452882,264.3232828415482,167.80969838418991,0.6227111445101379,1.6980687190439157,-0.176025637492402,0.045813221901606055
277.34505901456214,199.9640589451276,-38.73932629482913,22.34123955930076,-0.02623020795832446,-0.55379486467363,0.09433394537882767,264.8069627527846,167.7811717349477,0.5624346482318087,1.675847233651257,-0.17066583102447228,0.04108387880792816
277.5451815890773,199.94969100833637,-38.877860875936,22.362512133587582,-0.028040033101105748,-0.5579110580378134,0.0948162747124089,265.20611924459644,167.88826449323236,0.5658818170789537,1.7015355390513767,-0.11416258929789273,0.040768100012406557
277.9454273450154,199.84189331261186,-39.07962788346801,22.367362415574227,-0.03325142151650526,-0.556631880707871,0.09140008787580385,265.9499561164635,167.8233175497423,0.6345156799600655,1.723062947135919,-0.11881984190794538,0.04438700654626812
278.0,199.80346575030603,-39.26088016698971,22.36390032697737,-0.03659314358301688,-0.5691676501132739,0.09124960493096426,266.06283027378373,167.66290723037616,0.5571858760414503,1.7334839359322156,-0.13009949772606533,0.03887707015161384
278.5457974885135,199.8947891068059,-39.592070348756394,22.48315138825463,-0.030582121846162495,-0.5704036623385406,0.09826834783678978,266.9510224835017,167.60906540560833,0.4845913170317734,1.7277132929879957,-0.12532036774148975,0.03278649001659143
278.7459212701956,200.24875666441162,-39.81040955044338,22.515725452843938,-0.011086720873643732,-0.576476274418366,0.09958276794544646,267.0814874213184,167.66126915293881,0.4743103435286364,1.6762974131884556,-0.10469831561241855,0.03162421311866194
278.9460452512879,200.2388619058928,-39.92879416435814,22.43340932128193,-0.010716567874458878,-0.5751838974227886,0.0891843805008018,267.38010237782987,167.55573596485056,0.6160147282708389,1.6644013057904614,-0.13860817481464144,0.04104867456317321
279.0,200.45502838055867,-39.84438390696561,22.43388500192902,0.0018875038947157117,-0.5648495247099878,0.0885742000335079,267.9024818488622,167.61333852349816,0.6172010608106385,1.7443824727977382,-0.14101897552106302,0.04121488241272055
279.14616943128283,200.4533075364487,-39.93451905244743,22.447009887506912,0.0014491939870453752,-0.5659220884703556,0.08866157325156386,268.17101290410267,167.62213039706364,0.6228382704256962,1.7520170375830242,-0.12881486157294628,0.04114844606208692
279.34629380967397,200.64996177874522,-40.103604322200624,22.486394232860405,0.012131483758613355,-0.5692001471566219,0.09080335757161964,268.4201665127264,167.63261826341997,0.6065978336187715,1.7285227241436514,-0.11942772200978102,0.039687697800432305
279.54641838595575,200.8701379955398,-40.263551120963314,22.516971621839378,0.024829713164623683,-0.5703921262136744,0.09185632837704294,268.60572494781513,167.56803246522207,0.6012574231442908,1.6851841851241425,-0.14317566064832477,0.03916138570377884
279.9466681301732,200.88320685363132,-40.498419210626295,22.55387685189114,0.024433577075454568,-0.5718063531484265,0.09200280110948247,269.30932663923755,167.57397772467468,0.6164311125420714,1.6993254044298864,-0.12049060068532136,0.03988496325883203
280.0,201.17907038378397,-40.11188670547217,22.592521114947328,0.04373403066406749,-0.536970748994437,0.09332255673127937,269.8644545388247,167.98294234901869,0.8196972460120494,1.7776471585464044,-0.08314480101637572,0.05394474960635171
280.14679329710225,201.14651323237794,-40.18681969696347,22.55207300400717,0.04159557188680653,-0.5367194823747923,0.08811753644140943,270.1446050815002,167.96667694846798,0.8798233456320725,1.7855144083515615,-0.0841366334141975,0.057715165709138753
280.6,201.172966947296,-40.40848000497403,23.07793536887158,0.042032474724159954,-0.5353546038214734,0.13098130471942854,270.952106210886,167.9169361799773,1.0236516374694606,1.7929769082747558,-0.08703251171146494,0.06533052374726657
280.74716997115087,201.23351963466547,-40.49800270464626,23.13545776294261,0.045044760236608326,-0.5360095808101754,0.13465384412352566,271.1809725569046,167.91419816583672,0.9894802468095565,1.7864859806607143,-0.08448091487712514,0.06267730521392172
280.8,201.23646981826994,-40.52470723802096,23.180435675879785,0.04507740434769714,-0.5359077761746279,0.13797711726210007,271.27509929639837,167.90883911972378,1.0025683053119152,1.7871978709173553,-0.08453749207810694,0.06341737013528898
281.0,201.03714976980302,-40.43828701087079,23.167651902709018,0.035264681574046775,-0.5227109001675959,0.1353349965659878,271.00272403842996,168.22539162285622,0.8290312837243701,1.6643798524467555,-0.026233177083078082,0.05098964766220585
281.1474220599028,200.80758750052718,-40.44440538814254,23.170028257720645,0.02223667818118362,-0.5185175921878368,0.133640326973553,271.3683092323312,168.17859293949164,0.8572975783473037,1.6979608275356626,-0.037538386715190525,0.05281375036325654
281.34754839460004,200.70893443147807,-40.48164012386084,23.24143833705384,0.017364782536296017,-0.5128802018931895,0.13770510807684952,271.72924841587053,168.0528799868728,0.81573385029516,1.6998584052400443,-0.08263216355115396,0.04929884026828154
281.54767492218286,200.5330236462132,-40.52249539357023,23.29875095663634,0.007337272614098221,-0.509234318003093,0.14054223995396206,272.1804000529887,167.9932570750358,0.7909263864138438,1.7305224115687974,-0.09500580023216065,0.04705976012147682
281.7478016421557,200.55601291138288,-40.58285459783386,23.323302845096407,0.010664866988635136,-0.5026198601518698,0.13966797274718667,272.4038361120205,167.72218664012718,0.8057917931970102,1.687573549280919,-0.19800809100265448,0.04776039195479384
282.0,200.44064940782087,-40.80474199139692,23.336904823046797,0.003419934034023307,-0.5110309614226086,0.13857316870957234,272.6025862176915,167.59439584974388,0.7168653230320199,1.647204646844256,-0.20706469347367742,0.040817584836794804
282.148055657295,200.41349798474704,-40.94070129031633,23.044420151647596,1.8045440585214966e-05,-0.5183968125338564,0.11235527074861815,272.9330951769673,167.74602878042245,0.6430261588646168,1.6817497293007673,-0.13000822552414745,0.03578982889855579
282.34818295147545,200.4692122268005,-41.06150860039982,23.07296706683763,0.0031520023974481123,-0.519422130634615,0.11293567505643198,273.2375188894909,167.7317728738064,0.6430193238285781,1.674169961473187,-0.12833579092677397,0.03536817073551735
282.5483104360741,200.45839607450824,-41.1660646409777,23.069590276022627,0.002510294246906392,-0.5194393787079413,0.11046281671212596,273.57963292617035,167.7050593428332,0.6806090979903039,1.6765206155662733,-0.13013576215972245,0.03737561996306888
282.948565974564,200.461102818628,-41.371541467362455,23.114222327452097,0.003206393574351361,-0.5181379935282867,0.11033029263893113,274.2155808462902,167.58584995537797,0.6958395735757166,1.6643656588797433,-0.16182821506110504,0.03812176825460483
283.0,200.20576645988962,-41.22583531814115,23.112448342107964,-0.00918803229682354,-0.506637676857731,0.10970511023805328,273.5549883984041,167.9243264929939,0.6764711144911033,1.5159650552237547,-0.09981910443531634,0.03682781278893216
283.34882226885156,200.12485349358582,-41.39234853204955,23.050270904241962,-0.013579342509894532,-0.5059608992278156,0.10031877757267701,274.12806180730587,167.877746132067,0.7899553765397538,1.5223972166678468,-0.1051252620178834,0.043729208634223346
283.5489506982007,200.36409267091162,-41.58709951404089,22.984883465942293,0.00019777989702501018,-0.5115259463825996,0.09237023776393632,274.2746982636965,167.92252904162603,0.8836677556932095,1.4773850307848602,-0.0886200287459944,0.04952976058251286
283.6,200.36565511663002,-41.62596785594729,23.020221109611406,-0.00045968231360918007,-0.5137868617729998,0.09515734011786889,274.3862912580961,168.00135080371552,0.8954116999564614,1.491184376382299,-0.05311418893696294,0.05006031358327189
283.7490793150386,200.36685800109402,-41.71271457101459,23.033601664614103,-0.0010695484301705119,-0.5157700694117012,0.09527585648234944,274.6438678594827,168.07308621218806,0.9033054446005135,1.5029983700800582,-0.019148050428850545,0.05008190371685902
283.8,200.36382957197682,-41.74706120647668,22.850889495970787,-0.001237950268943923,-0.5162672481900821,0.07945611519850745,274.7217214443313,168.07627712245105,0.8548331777701272,1.5026954882847467,-0.017995775857019926,0.047050904917636326
284.0,200.44051196628664,-41.70363651613976,22.895376716374862,0.0043332292758835895,-0.5040532701840819,0.08060653436694305,275.12655508907443,168.23578795075886,1.0196394447057826,1.5152119070731023,0.0007555119512341647,0.057808780264918765
284.1493371092425,200.35798499232737,-41.78412810271195,22.55392417481189,-0.0003775313358382257,-0.504292662936285,0.04975330578703476,275.39663505357834,168.2314770495954,1.11523732015916,1.5251504489337318,0.0001730112400932164,0.06481841704856264
284.2,200.36080187521537,-41.802007252885524,22.723271856439723,-0.0002147631924116305,-0.5038172123718793,0.06387193260083086,275.47280546140263,168.22817384146728,1.161882240729276,1.5243686535261212,0.00026153335953810913,0.06728281823891641
284.54959564759616,200.36084195494826,-41.97784060649515,22.745637427260977,-0.00019043498020184532,-0.503761284778376,0.06387046088402434,276.0039937333916,168.22704469402896,1.1854104533975682,1.5194208561631473,0.003803147434069353,0.06762276600769965
284.8,200.36525753291133,-42.09195370412137,23.03269223315019,6.0274503344234266e-05,-0.5030306474433158,0.08704126448380287,276.38209290555943,168.22257504821184,1.2701083826132726,1.5153258324068162,0.006063710057913761,0.07177128272176812
285.0,200.51398887841341,-42.313209678814204,23.022905503950522,0.00699977206287169,-0.5116152963843781,0.08610267045215733,277.2420194643161,167.93408268484595,1.0988143241975026,1.6242622652616514,-0.04325111224356733,0.05948136424916864
285.2,200.51295292701334,-42.422072596515136,22.904415601568548,0.0068613009646926815,-0.512014679161667,0.07439600984384089,277.56771420492333,167.9282898806645,1.0807465487153352,1.6239173046347886,-0.041277856563184195,0.05851494705938648
285.3501149413621,200.61474354717467,-42.527196854678294,22.944763131435725,0.012595988308782733,-0.513733505948028,0.07734028979357678,277.7516938019458,167.94298324158314,1.0379550991383493,1.6076373834495998,-0.034261004555052266,0.05486473181379576
286.0,200.2574711207916,-42.975516294192246,22.95523582460213,-0.008735983974848779,-0.5255164089629327,0.07626354732022451,277.6103052438214,168.01773777069025,0.7714212992532394,1.374974774612024,0.009594730045180837,0.0344670932056749
286.2,200.2496486856293,-43.09675149246138,22.639437573735417,-0.009080351856228361,-0.5264941418246616,0.047241346085673167,277.88687043457406,168.02633632635212,0.7114427454418117,1.3693779365520427,0.01358394122443313,0.030701353492474385
286.55089936735425,200.3996128128921,-43.3459001488121,22.604931670368504,-0.00040563282302955896,-0.5302715665704094,0.04207491826574634,278.2689430533104,168.074743783579,0.8077854376067459,1.3342063581607533,0.030254255457519252,0.03701444412308572
286.751030738889,200.5031165542498,-43.4881359436645,22.613628069807035,0.005453449596035629,-0.5323991853427242,0.04210592115534,278.4648965607057,168.1082580236476,0.8147837346117053,1.3095870622485049,0.04088291251922629,0.0371471262840795
286.95116229027235,200.58289596536795,-43.639310539288005,22.60675173921022,0.009579741242122273,-0.5357985097317868,0.0406433765581531,278.68836872889585,168.1973752239645,0.8472298325893346,1.2960342886640015,0.07125674545244004,0.03889568935383957
287.0,200.5808958606019,-43.217328364523325,22.60933809155882,0.013106670935495713,-0.5011244610213151,0.03976529866286204,278.41755162040175,168.8397392365124,0.8971158975203807,1.21807856412621,0.16385227888600037,0.04251807843527624
287.3514259307091,200.59574529909517,-43.36103827513054,22.62262744609327,0.014381651587823787,-0.4974907666318104,0.03952709111777959,278.80486295510445,168.8032787608563,0.9132068144539548,1.187779707434272,0.13682173993666202,0.04311555896831055
287.55155801882734,200.61055149139762,-43.425405563127704,22.62972035936782,0.015883151496932126,-0.4933206799997114,0.039240645567458286,278.9918903455005,168.70751191333517,0.9232800314506739,1.1594103476218045,0.0936912035455663,0.04355430763293815
287.8,200.6151884623518,-43.54616155222334,22.67944764587191,0.015922126110187666,-0.4932122989320979,0.04276522906370463,279.2781669079923,168.73041050687527,0.9426479138427245,1.147234261635797,0.0973191672370132,0.04441649305709244
288.0,200.6416787944176,-43.58950469389519,22.654311008064663,0.017542137434217717,-0.4892273685486101,0.041288766401805455,279.5272472225561,168.7921664256277,0.7204488020049539,1.1403818916330701,0.1046582388183684,0.028802545429879
288.1519553491901,200.6375641356058,-43.678212439822275,22.661238582314333,0.016816608449988453,-0.49100571580503466,0.04143864668421114,279.7181438538261,168.85271856603796,0.7237371024065009,1.1407080251297694,0.12550394202523715,0.02872324556975109
288.3520881464332,200.6047698795253,-43.7629610804733,22.67255579275181,0.014789722238160706,-0.49021940643983125,0.04173716405378399,279.9656561406261,168.8700271387946,0.7252395248151152,1.1363166869963413,0.12690545486321947,0.028087570531567678
288.7523542688283,200.62170976952964,-43.9435288296927,22.688294176588066,0.016005467695548736,-0.48754017276773837,0.041481028182157174,280.3740567103002,168.82255338821128,0.7385101548592048,1.1003717951044394,0.09426452992735673,0.028464613098998313
288.952487593059,200.59604502526042,-44.0268227857906,22.71914331291897,0.014387839355329949,-0.48672850788409283,0.04369476751813197,280.61388985567294,168.83201941221634,0.71391891267034,1.0954273522172695,0.09381182426857204,0.026367701264748654
289.0,200.75262550052025,-43.788857191944516,22.734227963813847,0.02530546741670464,-0.466482131558739,0.043792717632226114,280.9890399492697,169.183386239963,0.8243885395448319,1.154233387176751,0.1520850955950685,0.03402645108870827
289.2,200.75226412844276,-43.896121378500645,22.454116050909075,0.024993982043551143,-0.4673275387364257,0.01848302160204906,281.22109080741564,169.21989961658156,0.775679848065183,1.1459240948524,0.1564760756938258,0.03125990665744971
290.0,200.84501576627707,-44.17015054121375,22.43038318543386,0.029873535321178684,-0.45970510034897777,0.01659992502876135,282.3080995144163,169.4030528085475,0.5464847378440134,1.1447899427062969,0.17304765341924486,0.013841511824617514
290.1532911920437,200.82053800015015,-44.270140511825126,22.43346615371035,0.027230769649074803,-0.4645854872087921,0.016930574954705402,282.5441028920068,169.56937262886862,0.5469438982530511,1.1659731901658035,0.2367939862578988,0.013615956025091384
290.5535604392907,200.44660154914345,-44.3022497032379,22.5177494409675,0.006069575619729976,-0.4558392228224192,0.024272983657087223,283.225179069643,169.57423777812699,0.4630007647467078,1.2068786119112418,0.2247272523858614,0.00698360635112533
290.6,200.44545501013343,-44.327060891038904,22.443051836447907,0.005989003981214038,-0.456054585169366,0.017717881684166756,283.2817802266299,169.586294016451,0.4498835764092423,1.2056847992654443,0.22621402449731615,0.006137311400810528
291.0,200.19673507288263,-44.52341863249808,22.49071332571953,-0.009083376804551964,-0.4580630077384505,0.019564199959629488,282.5912488732345,170.02206346339543,0.7425246584876579,0.9655470609047477,0.31121467337578,0.026126556999983872
291.1539655923328,200.1754405803354,-44.62350319446513,22.493854194247866,-0.011038207621061197,-0.4623280524670166,0.019802647583954405,282.78733723212093,170.1872541580915,0.7456945245011419,0.9789386829816813,0.36629661073612496,0.02621687405693277
291.35410098346193,200.30179777428393,-44.75239230277481,22.56652271345662,-0.004036193374457212,-0.4644080912454803,0.026263743803388424,282.918414159188,170.28362256835428,0.671005615797783,0.9528380165142324,0.3807129990740162,0.02120130476067751
291.40000000000003,200.2969822212408,-44.785428538950754,22.328634880629057,-0.004297341246619482,-0.46509826478170796,0.005746800251983691,282.9638511728546,170.30585914463555,0.6310062656862391,0.9509051227429787,0.3835985932175501,0.018788353463998354
291.6,200.30214162668352,-44.86322936311004,22.643510124355025,-0.003959950922806319,-0.4642075577522455,0.03265896190395111,283.1506238351559,170.37703324023536,0.6877332242295814,0.9402138164552117,0.39121902392089664,0.02186837191737491
291.7543722732091,199.92996678719612,-44.79852284534123,22.639983302436953,-0.024134638458039745,-0.45653472739474144,0.0318240255188269,283.5117318943141,170.3506603240168,0.7040303237840427,0.985952411877386,0.3766656835979594,0.022926268499285248
291.8,199.93045032930024,-44.815354146883664,22.727418981273676,-0.024046021058276884,-0.45630114046644665,0.03919999856043187,283.55600923983803,170.36611830931838,0.7211408057624875,0.9838422630580271,0.3782657936827979,0.024006711348549443
291.95450817093604,199.9304615529242,-44.88227055274088,22.733306014437982,-0.023670203547307585,-0.4555768009405647,0.03913568986325722,283.69363359410283,170.39345629634866,0.7253389211246846,0.9713266893890807,0.37264628312833226,0.02403612409001066
292.0,199.94668479738405,-45.202168934205766,22.714066722625073,-0.02503958178528106,-0.4790023018047549,0.03908399188577724,284.1456295244167,169.91121593684764,0.49573198020544684,1.057828933655428,0.29979983054324666,0.007893724563324725
292.2,199.93513676224077,-45.31434514894469,22.393561048382136,-0.025411078787425316,-0.47997112455094465,0.010724855600130201,284.35882282963985,169.9781540963447,0.44354095203367155,1.050788040820117,0.30744096058070036,0.004859705149796431
292.40000000000003,199.93168563510406,-45.40626184260984,22.478418558738678,-0.025318871631930234,-0.47973099486823667,0.017897794366049335,284.5676172216681,170.03867349960368,0.4577638114127783,1.0430865983274489,0.31386401002475556,0.00522325648163331
292.5549168702053,200.05076618730098,-45.541976890733636,22.41386282292039,-0.018663909111811906,-0.48313841730136853,0.011217823730129965,284.6626090668824,170.12065327244554,0.5895090850131758,1.0206723989442748,0.32737991271489664,0.014186020861540194
292.75505343718453,199.56615414191754,-45.44201728035047,22.487963796012576,-0.04461617693642027,-0.4721848090685103,0.018353108078645878,285.1416442938285,170.06697511606146,0.45340482849339186,1.0806008832336307,0.30443690960646647,0.004367217696234375
292.9551901703744,199.48018087729042,-45.52007924472193,22.434139734516553,-0.0487611098547428,-0.4712432945564333,0.012619151405135358,285.40363021555885,170.11488607124664,0.5634335613559791,1.0853379844538078,0.3074376460941733,0.011769547638485816
293.0,199.52878065698405,-45.5812134547845,22.427394003409557,-0.04621522877313186,-0.4744093183548066,0.012396910184441218,285.64019212977337,170.0632108189425,0.5010627972599617,1.1231327797030273,0.3020772247913201,0.007406636746738336
293.155327069336,199.27231363898437,-45.563730977094394,22.411766093089664,-0.05967496262360846,-0.4692770725928952,0.010656219288203393,285.9256722611598,170.0641510464293,0.5311093764501074,1.1477558753774526,0.2943962923860754,0.009552263164884544
293.3554641336314,199.31670403624295,-45.61008293000687,22.412253634509643,-0.05490692424120072,-0.462030121376938,0.010085967105377663,286.0478234282733,169.9016448378033,0.536598849138826,1.1000089585098067,0.20992699830658423,0.00994819606073645
293.55560136282367,199.19418373123796,-45.65538763934428,22.43729526198546,-0.06093634688623286,-0.45938701694862966,0.012358358717507489,286.3268406808492,169.91670787167672,0.5008288952760975,1.1084277571306838,0.20585738919580213,0.007459986044803114
294.0,199.53347429313993,-46.28584434557165,22.46452329034611,-0.042952240280707044,-0.48902808409204307,0.013992232979681713,288.11820133905627,169.18555991359787,0.6175532288618781,1.3570980477524088,0.06876605112978035,0.013992933356690988
294.3561519198586,199.27780643624345,-46.33982882010235,22.919887105297043,-0.055959235632633136,-0.4822024045252334,0.05291125752652011,288.72159934346485,169.14693490529655,0.6721556999105174,1.3867569120409333,0.05298466157955957,0.016316481243851672
294.6,199.26518286803037,-46.46171139119193,22.77782810564878,-0.05580599918644466,-0.482211700121643,0.039117281264604675,289.05353079826926,169.14901789515233,0.6447996594015154,1.3839316571401004,0.04790222316089527,0.01422650348426596
295.0,199.62169964403577,-46.590677632791895,22.790508571219316,-0.03339447662872694,-0.47441897817936646,0.038566729768119395,290.6760910958251,168.98201739995275,0.6524563917218276,1.5883434434716985,-0.00699733658008686,0.01418298960969433
295.1567050805545,199.60681106557684,-46.66071512859389,22.799123071840107,-0.033917886931084794,-0.47417559672930776,0.03882143165441352,290.9296541041145,168.9786290470019,0.6507155634619042,1.592311139102047,-0.008816686975806436,0.013738237132916043
295.5569826286793,199.62138052884637,-46.84906261289073,22.8806985483245,-0.03239192322172477,-0.4741106747070622,0.04536307977432885,291.55416399788186,168.97547739772298,0.5577069245642816,1.5960158214521232,-0.011876487968034572,0.006881096236183067
295.6,199.60742749358425,-46.886009010944576,22.690487581534743,-0.033462229800657,-0.4758301502014583,0.028290409506119454,291.6472188600374,169.02019001463046,0.5169767412257824,1.6054148349293913,0.0049254278557622645,0.004443880117819322
295.7571216431913,199.6117345345767,-46.951796335787904,22.694680398870037,-0.03245817203416436,-0.4744044096651113,0.028172601696239256,291.8697586227532,168.96756361034915,0.5182892609150483,1.5973317207332893,-0.016978468864674048,0.004471134911355735
295.8,199.61014790399642,-46.97259118207043,22.685339400885592,-0.03246944762171639,-0.47443179446701167,0.027229609673264682,291.9383625501182,168.96705833098923,0.5163108747751284,1.5980589669167227,-0.017276018029587385,0.00436234640563132
295.95726081743646,199.59580433134792,-47.05659737145906,22.689810661347302,-0.03362800340081607,-0.4761196598521542,0.02737178226384755,292.231073614472,169.03600678205927,0.5163273866150911,1.615565941389572,0.009537839084525341,0.004491110229717811
296.0,199.68332048901337,-46.86083505651071,22.705296844458807,-0.026457770840181357,-0.4585146274076368,0.027434714938857834,292.3448144610295,169.3013856339024,0.6718218835359092,1.616587795803571,0.04063849238158673,0.015361635962405907
296.5576792943387,199.6682427847119,-47.11719346559151,22.720583718911683,-0.026517899228925695,-0.45861681026728757,0.027440774477842465,293.251508000577,169.32753557321323,0.6803273666172613,1.6281259930673297,0.04209144039693843,0.01549956091161849
296.6,199.66865320935648,-47.133109736955404,22.798804123729447,-0.026429212121431563,-0.4584054731083337,0.03438789512991602,293.31972309581863,169.3276271236228,0.6944854580714828,1.6288217773111267,0.04175340442988401,0.016148615949243154
296.95795906986484,199.65915506206173,-47.297424944898985,22.811108287174605,-0.026455613703746685,-0.45845152445351545,0.03439144527832954,293.9052617055116,169.34471802245508,0.7003530123789949,1.6361308896786726,0.043008768544071894,0.016419647312632946
297.0,199.6378886430323,-47.152210604267296,22.81719183919476,-0.026056015229925483,-0.44592309580134076,0.034207719805346606,293.6508342698313,169.6588514392439,0.7739307971564141,1.5673491326223747,0.09336502807091429,0.02147521847175257
297.3582394742163,199.51221571285996,-47.2409586514901,22.94899472750799,-0.03231814788979587,-0.441961098563384,0.046154843061391934,294.27132633622625,169.6563819209388,0.5953347774686293,1.5865249183740027,0.0861407120962611,0.008077892777814883
297.40000000000003,199.51604116646232,-47.24789014430434,23.20026790402571,-0.03201819711685157,-0.4412602945451667,0.06871856808356933,294.335368595646,169.65470654053354,0.6374505804573797,1.5866282185361742,0.08532850471376117,0.010557589043555062
297.5583799111582,199.51042581233997,-47.30144947316498,23.21012080605841,-0.03078269069739942,-0.43868952856832283,0.06841320005768771,294.53258020881293,169.5779044942434,0.6414279684032766,1.5677414080834153,0.04653883191575414,0.010550373637010198
297.75852050405626,199.5042904417504,-47.3893627435338,23.223820375421138,-0.03079224268891283,-0.4387096249136084,0.06841567023411713,294.8470317286334,169.58798722186333,0.6435063868669774,1.5698772426283831,0.04665593195386719,0.010497295786074057
298.0,199.5858966354914,-47.413695604668796,23.211093288104955,-0.025193525080978045,-0.4322631452035762,0.06709340489309278,295.4473598586553,169.60681383843192,0.3713436087366533,1.6120123131859734,0.03920533995207697,-0.008009210670553293
298.15880215606376,199.58189520170995,-47.48234291940398,23.221748105049414,-0.025193773102230085,-0.432263588161355,0.06709346201686288,295.7035026372467,169.61300637031852,0.37007909446134574,1.6137636903023285,0.038511034068409354,-0.007759681623870672
298.35894321434705,199.5755812806322,-47.580115312072884,23.23604031324447,-0.026235361544245467,-0.4341076467304063,0.06733254739884595,296.06575687835715,169.68132906902105,0.36687946326579657,1.631100516807066,0.06632454473179762,-0.007879807592012343
298.5590844269344,199.84757710816774,-47.788567211144304,23.220677078197273,-0.011473194486946722,-0.44089521958128436,0.06449553167262516,296.2513198490268,169.7661703854658,0.40809449923282104,1.5981873029070848,0.08511476043484957,-0.005308701843794234
298.7592257934151,199.95177273522094,-47.915895376451004,23.18022712845096,-0.004157387042974872,-0.4410833937678665,0.05898394125515277,296.43516712821514,169.6981831406104,0.4851408055626155,1.5566541968426877,0.042866533530268494,6.740750634052703e-05
299.0,199.7642792886926,-47.95168713488268,23.180496238011276,-0.012758592611791695,-0.43587338652530433,0.05808395457105467,296.1213374289272,169.82374792404744,0.3720912012116488,1.410050143008649,0.040001622056591565,-0.007913564225571533
299.35965081212737,199.76484349662277,-48.11461070145333,23.201420023230042,-0.012923509653058277,-0.4367504902630194,0.058160252798672506,296.6425517060081,169.86506655780457,0.3690058462708553,1.4114078795550247,0.04969067711996744,-0.008179061605891094
