time_s,rov_pos_n,rov_pos_e,rov_pos_d,rov_vel_n,rov_vel_e,rov_vel_d,asv_pos_n,asv_pos_e,asv_pos_d,asv_vel_n,asv_vel_e,asv_vel_d
0.0,37.563966467500585,10.302818881547859,12.075461461675047,0.0,0.0,0.0,32.7919574074986,0.7608607555697338,-1.6140638674344414,0.0,0.0,0.0
1.0,37.563966467500585,10.302818881547859,12.075461461675047,0.0,0.0,0.0,33.017780991834776,0.7275072579929376,-1.7109119955539813,0.09915943148604711,-0.010528787934839821,-0.0015125871874925938
1.2092080231095461,36.86832792251679,10.163802102712502,12.431952865335893,-0.008340135017893928,-0.0016666970420199834,0.004274039241628346,33.169311095210155,0.7510265314489308,-1.7713821124849747,0.19003682462578456,0.0012492808146618538,-0.002479645734124492
2.0,37.04882038854981,10.324237610629947,12.244825334306958,-0.0061181724727811145,0.00025438120181207153,0.0020114632057978755,34.55097421408564,2.6246989581148568,-1.20730979700207,1.3495731389194343,1.641214501490841,0.01972358151242097
2.2084472683567733,36.864675003951206,9.937365127705446,11.83551560077786,-0.02681619552098515,-0.03062638950369157,0.016579867466043677,35.44316516559527,3.8527962279940047,-1.1519308591297706,2.1363559234108935,2.7433762638467116,0.041701277107086696
2.408322249077179,36.98109014675491,10.3016698649607,12.3839636547754,-0.03395400585412254,-0.024076261309894306,0.041161132139224364,35.73483807473581,4.331807359395898,-1.2218849039999715,2.1833509452071476,2.932991816237171,0.056780959430505255
2.8081024742370024,36.58994960613486,9.763384064841624,12.173626297530983,-0.06887505337980274,-0.03339230869043059,0.09343609373394973,35.96516189693248,4.623679968423896,-1.1818701003379315,1.9210101758024487,2.5765048946151836,0.04237593965190346
3.0,35.853265434052204,9.861533603839852,12.105682458877116,-0.14983861432244577,0.013199065455693354,0.07457409677368347,35.581484196449814,5.461264365785914,-0.8111036222708172,1.7926852128915876,2.794486942537126,0.06762817528456547
4.0,35.53875412178697,9.408021244162414,11.844651827167873,-0.1556245177353095,-0.021667395992314077,0.07982594882044741,37.309077058365745,8.03835785869297,-0.7210399737630546,2.165679929821536,3.356426037894786,0.097497992575237
5.0,34.53167980063163,8.24857160223189,10.77538968189134,-0.24539334029732224,-0.0680645252042531,0.0725293203807335,37.26850056024094,9.42758638682871,-0.4400958424049922,1.6125576081361392,3.087115203107369,0.05159644055726356
6.0,34.278089237637495,7.971609321681469,10.552526877974513,-0.24063026382203265,-0.09180927957766734,0.07550476942250024,38.73532518126042,11.892633613479713,-0.6652296945049236,1.7673635081450598,3.319073612529812,0.023916990543477082
7.0,33.93324908597439,7.619456193475746,10.29766194442262,-0.25362334478583065,-0.10845072286072477,0.07501424665487375,39.431928871906074,13.95914763384616,-0.6579341778572485,1.6022652481380621,3.3223996677010668,0.000870047314278033
8.0,33.83755328104371,7.356282357518063,10.551861390015844,-0.22160407036603208,-0.13446397751436392,0.08751405575778315,41.4994072274732,16.252860218781393,-0.2551803189234231,1.8769216997047646,3.376426552998675,0.03744873053840553
8.409265016875857,31.95258634016162,10.522239753126588,15.26842727613943,-0.45947661268031104,0.10000567411236214,0.4965676454121816,44.71974283769169,14.87042158936934,-0.8657688201459167,2.820966876541073,2.529557439279949,-0.07745625683711399
9.0,31.317032485603207,10.645054798298855,15.08287372601235,-0.5102258259964064,0.11144574623772457,0.4471912644167322,45.3615399863143,15.663367916827484,-0.742134242852285,2.720213658960965,2.4337805788778164,-0.0635367612388693
10.0,30.669424282427194,10.773393680421064,15.20643683721067,-0.5324187339575381,0.11307922681692223,0.4164157993376063,47.21580332949668,17.20525499520244,-0.471645470903566,2.7049812741248926,2.335340198833249,-0.032852735005785456
11.0,29.348624404328536,11.452760191297893,15.727558652748995,-0.6336290741229701,0.1668946323516307,0.40392680286411314,48.1623354587774,19.878791352126136,0.07556651973590511,2.41126365770372,2.527276476562864,0.03323957260961292
12.0,28.71142634802124,11.650428038074,15.044904976574292,-0.6457735602132076,0.16104669857573717,0.32149605843203427,48.971879357135315,20.486347536242096,-0.3326310222667777,2.0640843332217225,2.1258670598034715,-0.021266722532907602
13.0,28.10126155761118,11.89562980439253,15.026469824386467,-0.649558618630875,0.16201400847173208,0.2951047488918607,49.97036769216564,21.45967611353015,-0.3615918179753765,1.7694146443112855,1.8474706656720747,-0.025476757862402197
13.412898344837147,28.63376302179695,12.071215661349354,16.67469665520644,-0.565430241960373,0.19608736137778687,0.4829426311972129,49.28382176779644,21.81066859912053,-0.9824846997107848,1.0455960017879344,1.6755416590017744,-0.16011364164309813
13.813161734626442,28.4103790917593,12.334467864725625,16.887246005694518,-0.5652959684467764,0.2147321600589949,0.4884485368451883,49.764370181956416,22.161692443590372,-1.0764530381237105,0.9831195792204919,1.5249681402835509,-0.16825802002253334
14.0,28.306730190900065,12.792315127850774,16.813588922539925,-0.5687769957308235,0.25232754725157386,0.47638572593454587,49.47727506293847,22.69385017964563,-0.9858760108801965,0.8346367312131062,1.5683934890106572,-0.15286043690175838
14.213417595631297,28.44377223884989,13.09612433441202,16.9166051297356,-0.5455895033716575,0.277427739540484,0.4835459964046824,49.42856832146151,22.814510752688193,-1.0676595221522402,0.6733148379478807,1.457599642106042,-0.1651692786633158
15.0,27.20664660465465,11.178863802554675,17.774185478177046,-0.6109935723220882,0.07916814720771245,0.47884760630719636,49.616500097796425,21.63070511280201,-1.1850161394458618,0.2873223421630015,0.816501038824157,-0.15826620880565365
16.0,26.439052358026796,10.89475898211757,18.562789755041496,-0.6228961841923899,0.04721523979437168,0.49298596515880105,49.56557251904408,21.826392588455573,-1.0522897389610386,-0.15875487842518166,0.5037368809206143,-0.12210505069662139
17.0,25.169180367045815,9.818608530334927,19.908637741114372,-0.6627274666287741,-0.03761536782245269,0.5382570027892528,50.44068838170956,20.873222762996956,-1.1494692182750164,-0.30661354474271485,-0.07694067872156146,-0.12012771278757828
17.014993568454045,22.97211406067729,9.53216376129055,20.609314005516055,-0.8367223966013153,-0.047919492365868246,0.5511180011728255,51.7257817816793,19.725241855849028,-1.0556248012980647,0.2679842498226059,-0.7008470342728284,-0.09941883556025101
18.0,22.643710096265846,9.936231829515522,21.854417364144226,-0.7958991811993288,-0.005656737817037856,0.6225742130759432,53.68778550488611,20.03654430141722,-0.8155611443914416,0.40629470670798723,-0.7965887184096039,-0.08121675644409532
19.0,22.016655192498792,10.202625503465441,22.53415105487375,-0.7856376158382103,0.015227040667229654,0.6321790235161097,54.08879891139141,19.552720881349483,-0.7368163448243104,0.13481689386417955,-1.0268771502542307,-0.06135875547980503
20.0,21.160130433299,10.185664479246302,22.989549705705198,-0.7884492853218619,0.015270504239520408,0.6274884455610771,55.43426577197864,18.9587624477546,-1.4250383786814615,0.15569723717868003,-1.202785826926227,-0.13203566972189343
21.0,20.36777211743199,10.209749823067677,23.548257460514627,-0.7888372391764485,0.016008013522279086,0.6235493276861093,55.46168079113887,17.697272629549662,-1.6594387936705455,-0.15953053114256088,-1.4641094464331907,-0.13918788843227095
21.21683584640417,19.929367419517142,11.33889998447845,22.431435540867074,-0.8299588072523035,0.08836709633899477,0.5322579702556797,56.5803291377807,16.403850764040545,-1.3089637207835705,0.23984932632552936,-1.9277938321284371,-0.06934706354001066
22.0,19.622794301888366,11.655537049789555,23.328722982031667,-0.8070649826071871,0.10689696043852548,0.5730225130446724,57.79587143862396,15.299196957756006,-0.9118646054853919,0.27815280127386693,-2.0926614091702693,-0.03394783256496102
23.0,18.748686747383438,11.656215178529266,24.109579267315034,-0.8084625003331919,0.10037323479442434,0.587529888722378,58.63942425110501,13.003264697415222,-0.9345341245731812,0.1640113054097058,-2.410772769212124,-0.03136564543837311
24.0,18.678725312550174,12.369439105503842,24.392960970745527,-0.7746156622414438,0.13960091554600668,0.5772048834854184,57.93945674272548,11.625238672522807,-0.564458551694114,-0.2654616757411433,-2.430760100356426,0.018321389577891322
24.41822226404722,19.464430564012183,13.509136724600888,22.782189515031323,-0.7358276238283123,0.19582280770394117,0.4713980970325972,58.38632796415295,10.065055691145037,-0.15515173556255696,-0.1624020742318372,-2.733135625507154,0.0905713464692739
25.0,19.731721625378164,14.222517681892374,22.23812876508563,-0.704213239230034,0.23236786208238894,0.4344913826046098,58.79257406047184,9.323018665127043,-0.745786294390145,-0.18148479295019526,-2.7094450998856776,0.03156232473439641
25.21861637759723,20.34518277339807,14.658485654544762,21.308168196774126,-0.6739084662619053,0.2487688661914187,0.3773325373208646,58.94035217924953,8.655231780182751,-0.5331486627029112,-0.15064983409117755,-2.798086814569544,0.06830717777579279
25.418719166977077,20.32632333138251,14.70344044301578,20.987538599934926,-0.6734555263992308,0.245122443571538,0.35278956792642246,59.12020657767725,8.202492411560529,-0.41730929079627244,-0.12043985658662291,-2.8084104003445853,0.08678006877841757
25.81893023197463,19.926587259600762,14.700057581996166,21.003737182462547,-0.6845035095434694,0.23711469200142002,0.3430337133377458,59.32699047895004,7.259731869524302,-0.33527965163003604,-0.1280688039232635,-2.8230032934567157,0.0983678548892343
26.0,21.626749520642015,15.882154389293735,19.942743108955682,-0.6015878750090653,0.3033640108512433,0.2982084050136871,58.921132978825575,8.480243776536556,-0.2308115596728418,-0.22326992810694807,-2.4990876568656315,0.10922093733957702
26.419261178014306,21.529057722167774,16.049321370273237,19.896467291229094,-0.5952077808271429,0.30484464204392203,0.28836826798649673,58.83239113444421,7.404465446276287,-0.142828276422345,-0.3119648070801466,-2.566868764632616,0.12173655549235399
27.0,22.06083808230425,16.658441191811363,19.816142905152436,-0.5555140158142948,0.32960088218755684,0.282585319210036,58.146471818320826,6.764562646780259,0.38539412807272805,-0.5457702974557516,-2.4428635304649866,0.1733699296068344
28.0,21.79652297807739,17.196365628552034,19.591339748537262,-0.5427973354623026,0.3402138729979346,0.26142727264840526,58.68659988144026,4.484751292325411,-0.2532748307136853,-0.5325853028676444,-2.4845362582070996,0.10552801790883438
28.620630881477524,21.99123677939732,17.540923867889674,19.5044937564422,-0.5125952091717945,0.35067686019910355,0.25077936284475943,57.9670209823774,2.5164079001563544,-0.12859757507058045,-0.7882849368018343,-2.6755536307120718,0.12452354456689349
29.0,22.49247072716641,17.94338105392431,18.784333480270906,-0.484525562652858,0.36476036729796296,0.21270328708464542,57.61790311569964,2.234698527038625,-0.5629635416519879,-0.8787933306103398,-2.5392693360753635,0.08775749416224096
30.0,23.506730868021883,18.720315097461146,18.851966366085342,-0.4164221099035569,0.3881766677714516,0.2211737075606099,57.45863113317497,1.1202004844596694,0.0661677938282445,-0.9265785337637922,-2.2435801775280706,0.13687780907024533
30.82223468190168,23.44233336739897,19.092683212084467,18.656502333446777,-0.40806885820158345,0.3924780651185896,0.19555760754250553,56.800317625262515,-0.9077464872840055,0.3272732424585653,-1.0505532732386451,-2.270434768233652,0.16877937219362
31.0,24.43865086576171,19.39497151733104,18.500477809451336,-0.3561047578227646,0.40581180492056085,0.2004484537433026,58.036422588686435,-0.9384655904690783,0.28828835652694834,-0.7875462341359414,-2.224476226739942,0.15303240673134347
32.0,24.805053154272244,19.917128301970425,17.901674009332588,-0.3268014047517465,0.41200220113990743,0.16645255648308827,57.77119469131522,-2.5752240118443437,-0.2211311567529966,-0.8329902307325004,-2.036903971238259,0.10657528487541847
33.0,25.64859494972178,20.40337095133776,17.545053987363325,-0.27694517291036796,0.4176255008415201,0.1516021719370648,57.97366049163049,-3.531236328575069,-0.22595196287082245,-0.7402138869362989,-1.702638649960924,0.10238197302817623
33.42433599562589,25.48707762723563,20.5629826342336,17.47780544818095,-0.2822868623005076,0.41689400003309024,0.14053505406595695,57.809899170926506,-4.221690075506845,-0.12244005310152838,-0.7422677339835825,-1.620870561383637,0.11503234111808561
34.0,26.16063253348963,20.827535725945314,17.350956132881073,-0.2446729064810323,0.42048627973725905,0.13852760278620888,57.93670321857405,-4.568338390253098,0.04013268001137433,-0.6859721160834567,-1.407805209412851,0.126231074002542
35.0,26.449984672145046,21.261600627980027,17.65920449287935,-0.21895851899705762,0.4223795613843503,0.1553413413044331,58.318283820742174,-5.902545421637551,0.4423821105714322,-0.5438251646275171,-1.1990099790120121,0.15317766231817895
36.0,26.151786740389422,21.686273326846994,18.35327894023828,-0.21948086571873618,0.42253531848825954,0.18160899505686035,57.722080468735605,-7.101571340218665,1.2443141179294979,-0.6117925388111763,-0.9524858431850725,0.21745153657463262
37.0,25.62715638019147,22.178351295070147,18.62931012385087,-0.23233828358515943,0.42402599776467703,0.1843415831106702,56.93257798057852,-8.447231572466773,1.3854163771988357,-0.7091205567048682,-0.7644838410107313,0.22583993287695708
38.0,25.14817053092222,22.765182171269,18.854920423986968,-0.24445838129078878,0.42775470065169624,0.18995108064010546,57.74584438838478,-10.884848010577045,1.3267443278574167,-0.43978414888865064,-0.8615765797998306,0.20806329146829017
39.0,24.861650368017923,23.22582562926319,19.097986709427353,-0.24636616630518293,0.4286005545723482,0.1928675435641604,57.476875724457315,-11.932709618307099,1.5746460503435276,-0.4167417150129625,-0.6333788625832304,0.22398622206628627
40.0,24.65836572118511,23.640098470957472,18.926125818784428,-0.24712696894616903,0.42773497290647794,0.17765406796369054,57.788004508717655,-12.654642653200325,1.2741544313526887,-0.26273058591598175,-0.3702812162292605,0.19605827032170403
40.62965154858374,26.963117598755442,24.306537606633455,18.64170354759398,-0.13040630418659555,0.4618166074244277,0.1779730206213556,56.35737378592489,-13.92240478576726,1.3248404811724903,-0.601503232966488,-0.4865449289713133,0.1909923542074091
41.0,26.59652828234655,24.54377997999301,18.65949705195491,-0.1471847694434253,0.4603601388698552,0.17717503149879008,56.559708030288824,-15.075296194689274,1.0075487275723416,-0.5211746508038159,-0.5836013105514719,0.16032327342360028
42.0,26.222640096296395,25.042092590749817,18.875268626678274,-0.1586799914274151,0.4590832725700199,0.17925767181652644,56.14360687974966,-16.123651543902604,1.0414789169419136,-0.5063717474423446,-0.40648174259363706,0.15725474628832223
43.0,25.989675875212413,25.520712540246095,18.949817464085683,-0.16437297420243238,0.4581560662265364,0.17620879221602945,56.05622519277537,-17.109670367356877,0.9191125655014004,-0.41949773311753047,-0.25006568274543006,0.14329046731751535
43.430800332454154,27.596855600510242,25.40530523779458,18.12140654779474,-0.09452475634514353,0.4551043665475842,0.13711510199683502,55.31277953423563,-17.719122923717734,1.0814572259186377,-0.5801252983185424,-0.29461971773142914,0.1578585286775345
44.0,26.832200290537703,25.790196168596392,18.385118756727152,-0.12707199847288805,0.4546095573315027,0.1414963817412996,54.392519877432285,-18.45564551494172,1.1288123035955278,-0.7057858081686301,-0.23821722292680422,0.15889240416675693
45.0,26.890384338723628,26.20699381866514,18.308523433297253,-0.12026790843077301,0.45445184264463756,0.13296916289865288,54.03456188614991,-18.584110560542836,1.0444984175233882,-0.6385932701237909,0.050933638996424696,0.15047562487934169
45.83113776890465,27.488409887364373,26.34453040191329,18.35090359805775,-0.08787200414209465,0.4472499856841662,0.13708168581068414,53.04425487555397,-18.621012048031123,1.1329308737216048,-0.7610789974623874,0.2545658744933445,0.15323263280640706
46.0,27.648643174096318,26.374259079841735,18.50288474225538,-0.07894392600699844,0.4463484608673176,0.1444225651330086,53.04551381702934,-18.415471720904495,1.3772167089664942,-0.7329782173506855,0.3392531441534595,0.1709756972866082
46.231130497401004,28.38913182328913,26.149006833164176,18.298637601542797,-0.04549218191560638,0.43634199512853816,0.13841127357666141,52.538936896451546,-18.48967403385858,1.414996014955151,-0.8384064670780489,0.35427297995355456,0.17257311578020054
47.0,27.997490573623434,26.577458639816246,18.465311489487664,-0.062268171756550944,0.4373655731428144,0.14015987876673933,51.76039721112859,-18.689515905541842,1.4270324659216067,-0.8681773595009082,0.49078148505400987,0.16889823095781423
47.231030488749006,28.167506912382617,26.60319314290667,18.276652940373555,-0.0545324865036271,0.4369422831629349,0.12677044200853285,51.491520946645224,-18.66344240204454,1.506440166929985,-0.8917334897981531,0.5304230542764699,0.1757899400536417
48.0,28.018427506708242,26.960078363728126,17.75088150919387,-0.06435563111489884,0.4379501159540985,0.09839538808528271,51.046431252520065,-18.890573147838893,0.7545040985392328,-0.8443285808149739,0.6199715193498221,0.11814316830439306
48.430755214181865,28.286626986354005,26.999008013106156,17.731285593092913,-0.04829088814026514,0.4340292920567974,0.0980599342159701,50.41070659237215,-18.698082213007353,0.797168037258068,-0.9262125975963615,0.7157978538907869,0.11970116888516966
49.0,27.01649034502198,27.722329682455474,17.77194623655224,-0.10481344768699023,0.4453880478845989,0.09007660931739993,48.830673266825976,-19.2122921115441,0.40703809341702457,-1.132160573221048,0.7136251123306314,0.08880891948901765
50.0,26.947441146622403,28.146665727561885,17.778023034935053,-0.10401064068045533,0.44491685193457753,0.08679584477024117,47.8073234164969,-18.479405660207533,0.3868288851814451,-1.1116787756792859,0.9734739204108269,0.08632389099636625
50.03012697290962,27.02313617506688,28.028058063374836,17.954698214587374,-0.10053732589013388,0.4366901071123367,0.10395708010071802,47.705530501580725,-18.363178616796286,0.3334250366492895,-1.1338569069327777,1.0102455555169405,0.07995361140947886
51.0,26.523579370453632,28.630487666879162,18.288870432841993,-0.11798752465940004,0.44047212882380116,0.11267017283475007,46.17191942900413,-17.547687967692234,0.5391865303550656,-1.2076352879755183,1.2372113403098137,0.09318157044344554
52.0,26.38375807708324,29.06236237146964,18.33228002060856,-0.1201032676732207,0.4401328844685847,0.11030799736047671,45.07201961825179,-16.531479037212176,0.49738496900178897,-1.173704758820323,1.4397945851661997,0.08802829888604272
53.0,26.152236027437336,29.54646479313496,18.442669794824507,-0.12587044529307048,0.44109721189059564,0.11041810391826143,43.78982524870525,-15.364232672136863,0.5140736794973747,-1.1717948203004336,1.621786937532861,0.08733992143670825
53.028190578630735,26.561916451400133,29.064669658104158,18.586850063138314,-0.10810553831153526,0.41948030291167415,0.13324936196088402,43.5159325458225,-15.224647772210579,0.4395260325645922,-1.2491633932798318,1.6560211341014668,0.0783537281331673
54.0,26.289484453542933,29.501865822577184,18.70913739483992,-0.11833405616988409,0.4189845726705658,0.1346022916533494,42.28228867425738,-14.20750065021747,0.3615405740633982,-1.229784510685485,1.753645851065674,0.0701111608071632
55.0,26.210863618467606,29.841678668674874,18.868829861821034,-0.11782433410662009,0.4160923007781027,0.13769917600649137,41.27930992541158,-12.858583786055025,0.4213858120759692,-1.1563522319964605,1.86490800659437,0.0715231942825051
56.0,26.003359911298844,30.24608942324733,19.316177087221988,-0.12310784325531296,0.41397649361196004,0.15221340298421135,39.96940664986003,-11.392989434851597,0.8218884006471255,-1.1485249945661868,1.9586690610352488,0.09547420375941293
56.82457820090507,27.40722706662378,28.593898676106846,19.50197309731871,-0.06409129752098128,0.338973814223969,0.1952543953735621,38.08339749784664,-9.440002519975575,0.7366570089015452,-1.382698561941488,2.168866191727526,0.08007141150169735
57.0,26.409257504760372,29.265031817381832,19.79028657606912,-0.11577573619650444,0.35265775553293865,0.20135601051768862,36.662035700947975,-9.143154945423452,0.7309981830033282,-1.5882908556691866,2.2068032736958085,0.079549304123238
58.0,26.5857076887053,29.453574409569296,19.945266361089164,-0.09978682246670706,0.34932752920969984,0.20013392963045917,35.472908958643096,-6.696270269878234,0.8733052984733256,-1.5138495345837195,2.3997616930973287,0.08751764770646589
59.0,26.53667616609962,29.576518803992244,20.07849457423171,-0.10171299174125069,0.34102626891133525,0.20237839150556114,34.23670972915503,-5.383924137597934,0.782470824759999,-1.4556062591556627,2.3014850479536717,0.07533493382681905
60.0,26.501432367817788,29.78619381467951,20.098877468388505,-0.10078240196108541,0.3371608054427161,0.19756695425404058,33.10917900684135,-3.935397233205495,0.5751841692209485,-1.3779795361498663,2.209401122926647,0.0569559364471655
61.0,26.606276572887158,29.809768896866466,20.353852985197015,-0.09287202095795888,0.3274232107126239,0.204004055253608,32.51190089746961,-2.858654937579508,0.7596694573108627,-1.1971899400081223,2.0166807289743742,0.06401070314799294
61.8189248056357,27.711602976719853,27.636959612786256,20.065468522033434,-0.058695392387780154,0.2448904504996236,0.20956048578793363,31.06363211662723,-0.9291001571601314,0.7683551141466352,-1.30041827272488,2.094109084739009,0.06106379402521909
62.0,27.918561717408117,26.994706113659834,19.92975329928747,-0.0567307672226609,0.22070429495814067,0.2117092690966183,31.09713066514051,-1.5459334849435105,0.5676909501256755,-1.2477101761929583,1.8854185508767298,0.044052854483510206
62.61805428215129,28.04647289982953,27.1259096537774,19.89763044645373,-0.046573544041959354,0.2240827471348322,0.20045592286726613,30.157688269299086,-0.5079020257191742,0.6222595353368798,-1.2802888678193776,1.836142636917119,0.04775391055949986
63.0,27.76800100297231,27.922774672939244,20.14831523981533,-0.05148855714051358,0.24787558673189994,0.2000693657177579,29.380396181860263,0.945978546776792,0.7474477229836242,-1.3208969248550175,1.9838949359974876,0.05758349746405955
64.0,27.75268344082855,27.627184234524673,20.30921458115038,-0.05775629661259471,0.22830434969089994,0.2058726333774352,28.13254139156798,1.949581124058938,0.7126294156505941,-1.282475056859913,1.7458073063818371,0.05144278464059816
65.0,27.75724047992748,27.942639900940232,20.6960657522108,-0.05206752258167231,0.23181874579838885,0.21069899155635766,26.932156817763975,4.326756699878214,1.1418673838694549,-1.2326787973339306,1.8095970419975167,0.0790646748159265
66.0,27.513111896114033,28.56308672265034,20.8057648298922,-0.05883715241883523,0.24339602835043345,0.20454092466341078,25.35007089520594,6.178418442359122,0.8479010138247136,-1.2692133750210208,1.7477225107394805,0.057705406204918125
67.0,27.587307769635522,28.658110320787213,20.959161372258844,-0.05262714753794094,0.2397119776602504,0.20261895119103002,24.489711322817726,8.03546586166669,0.99200202490579,-1.1486827760501606,1.680308742366806,0.06522737349200201
68.0,27.24362343709935,29.302565943182344,21.2869703344548,-0.06588415583393264,0.25026856695761646,0.20689129077208568,22.032833557496115,9.257770704868664,0.8305618805334314,-1.3830954575679293,1.4826085735892554,0.051271980465869116
68.01377551125726,28.669757259215825,23.685415815095627,18.481580224898885,-0.02824483447684456,0.06684186239084922,0.11714882005715743,21.077301836920068,9.982931642364575,0.9705861478265104,-1.7303614544828838,1.684111526386157,0.06356353815051605
68.21369338856223,28.422847049123668,26.381313623066962,20.875172376423595,-0.005854170060565954,0.1272535830690163,0.23355706815077945,20.582356565494642,10.641864807884783,0.7370401495219474,-1.745725450388972,1.7713516497571833,0.03590000097924993
68.81348524475256,28.369351709782507,26.396905905762083,21.093749332982014,-0.01258901958801751,0.12356003986449365,0.24323290958327548,19.760523688335535,11.775632043308615,0.7326500756263452,-1.6816053287822992,1.7352171533876872,0.03347901731100155
69.0,28.36433155765813,26.76400242510286,20.996400348451562,-0.009298042302877518,0.1365307872070526,0.23318701518791107,19.38167949609157,12.363471662682132,0.45340131041226117,-1.6975269982324641,1.7670650330742725,0.01601023521860325
70.0,28.521284193531553,26.588138291357218,20.983854934973944,-0.0009878287732263645,0.12771886389685086,0.22383874122711803,18.017832711644346,13.885826028378114,0.4323305672625863,-1.6441738082254944,1.613616504744317,0.014025413169494504
71.0,28.673058884617895,25.680662341379367,20.31596775319221,-0.00016281293100694387,0.09376202875244,0.19617020353494272,16.845007681198997,14.098590373686221,-0.16209102545673887,-1.5575240285473708,1.2046645907369735,-0.02374135675649816
72.0,28.715492735691328,25.334197489372567,20.37970529111044,-0.00038637974869087905,0.07917590960565563,0.19452090783251447,15.587649307955434,14.60432740504278,-0.09512711570116507,-1.485248494863012,0.897687992150234,-0.019026186336593483
73.0,28.782747898323016,25.809474587368076,20.61492529511546,0.006815420923451596,0.09367887169739395,0.19084825625121185,14.17749363963657,16.43062167421425,-0.1698741130830091,-1.4399583713946993,0.9108332045277633,-0.023542303657109624
74.0,28.797932572146003,25.836226293318628,20.713596292481693,0.007079758251755029,0.09158091684867858,0.1877151302677737,12.854708727354664,17.047551767997778,-0.2612803429271437,-1.3793790849798033,0.6786635450911953,-0.028585696954138342
74.81404321247086,28.780179031147178,25.049113137537862,20.350797330635384,0.010934089558253366,0.039489579118811395,0.1611529462463704,11.34665349414985,18.493978881814535,-0.2372307583377779,-1.4729989875744283,0.7885675942145483,-0.026533883425245153
75.0,28.930920929044156,24.992263623925947,20.0748595644928,0.024161169256536275,0.04102036376374181,0.1419393787250726,11.63256887204631,18.76698095353603,-0.24021838307026705,-1.36831424652748,0.7746059134086929,-0.024714035689962107
75.01411688167147,28.844593094423047,24.83485758238495,19.890327078123114,0.018389200228425266,0.0358834475542687,0.132552301943141,11.63424858556684,18.82135676070442,-0.22209114609800712,-1.3667758633582285,0.7878468671702805,-0.022765157132821928
76.0,28.79588076180431,24.573313931099896,19.85964393648807,0.014701069245357468,0.0199349251932401,0.12785444253380518,10.365857640605773,19.214321606072396,-0.264367080932053,-1.3080265610134814,0.5713308260047829,-0.02404104530001002
76.61475701235129,28.776342716083956,24.58491474021069,20.004454658782013,0.011868819566245201,0.018084452742675956,0.13343205228077198,9.668939049251012,19.603067360876402,-0.2939053152054152,-1.235623697719337,0.4874248182221511,-0.02641847057519449
76.81484155827712,28.744700252879962,24.60856010682747,20.126671807788576,0.008488409948230826,0.018556069074500504,0.14320078357427943,9.572383820667945,19.642342997324203,-0.32377708669968763,-1.1666073530016794,0.42844924016762465,-0.029245622766556317
77.0,28.6851717777752,24.716497903871396,20.420319709155095,0.001305834108168741,0.02155021994558691,0.1584835689374426,8.993417466462715,19.75182747226984,-0.3132829596036385,-1.2138749409704326,0.4046629937046283,-0.03013411286616913
77.81527265898005,28.709692723758092,24.726637553353996,20.472225604455755,0.004495980729789918,0.02401269118509115,0.15146970268350693,7.872342530178415,19.892883412655262,-0.31904080843067134,-1.2029853791220588,0.21736953132250417,-0.02844113972275103
78.0,28.80143687697103,24.706787686064267,20.12502605254761,0.013292431227674753,0.02483069125050656,0.13128581746906356,7.966679304784451,19.953562050765854,-0.5464692730893117,-1.1330754637596674,0.18668902742242732,-0.04102095237118601
79.0,28.939212346518264,24.76777352049901,19.890182718731655,0.027111461938379246,0.03135036377168639,0.1075154396732917,7.638373882691912,20.23811413717147,-0.5679998584720314,-0.8920771734116548,0.039718229446084,-0.038317178747007095
80.0,28.88782484310356,24.761473300272606,20.307452616918066,0.02120269123878045,0.028538105269013264,0.12252523269225518,6.655691264150228,20.123000455760327,-0.27956296327576746,-0.7968124856124367,-0.13936182805394595,-0.01990642836995208
81.0,28.96706706941419,24.930067743035877,20.50243598501219,0.023127644627485903,0.036970245254366985,0.1253427549920723,5.8022501065369285,20.149596469179237,-0.3493776255136751,-0.6876893694688457,-0.2438605571093838,-0.024106334958153237
82.0,28.918721835186577,24.75672234747247,20.33633627470803,0.022627566251141398,0.02400625805655668,0.11242850593862846,5.600817575840126,19.367809611694863,-0.4586374671760973,-0.46247293900384884,-0.4726772592623355,-0.02827497142994438
83.0,28.90534728052954,24.815805704840468,20.787994476472864,0.019033949649979277,0.02645796404938188,0.12742614899314292,4.921810677668189,18.930783242389296,-0.12268074643951338,-0.36815398102767705,-0.5788646445537348,-0.006657732405881137
83.21768103277371,28.917209381136797,25.128714385524372,20.071457987779542,0.03148403329130875,0.060343666036786724,0.07534959565834737,4.264968652712368,18.17101258274726,0.0004511988245883142,-0.5346121983189174,-0.8068114205289165,0.008942716155436209
84.0,28.903272108475896,25.216814688585657,20.100854872146776,0.03257495468453252,0.06513173027141764,0.07027083387680368,4.278451732929969,17.66696666824953,0.2110111641135998,-0.35354973018667435,-0.8789825346062743,0.023394303679434608
85.0,28.93724277230869,25.430454767193034,19.837215327910577,0.033704592291359796,0.07849929128875506,0.05517094604726702,4.1187755787549145,17.01001625251952,-0.10610759844496173,-0.17875074735415977,-0.9373029662924288,0.0037936289900557703
86.0,29.01485961972695,25.4092443765611,20.138262103461,0.03334349508385364,0.0685972107358909,0.06778863279377337,3.618037391483174,15.688523436872437,0.02034221062367579,-0.09717128470805494,-1.0911558562457975,0.012293474515465188
86.21916605817455,28.15121904025651,25.73934167431786,19.470257468074514,-0.01208878583178382,0.10525681717100277,0.039395235806402425,3.852948398436647,14.85150449426883,0.08438831870599359,0.00666108223144779,-1.309915888332734,0.02088365551984388
87.0,28.329817041268093,25.707823508431613,19.783814510980466,-0.00740202133133391,0.0918243335804236,0.05537906854681728,3.380094951791252,13.349506106785356,-0.004943232288365712,0.04199292911516708,-1.476600248778387,0.013746011237631698
87.82007178420301,28.140061730971176,25.786824512162084,19.37241142861901,-0.010451990178011204,0.09709592946211164,0.02749079822695927,3.214063089533988,11.962472490860428,0.07163617329367732,0.09549583392375253,-1.6006039435591233,0.02169000137383751
88.0,27.845505049392152,25.920615999591863,19.38168158064529,-0.027834407740370465,0.10963569363649864,0.033960718892978775,2.8883281474901645,11.824021197626706,0.11429447542024945,0.060108862948657346,-1.5940131164221372,0.02301951562464458
89.0,27.653687580387945,26.09790358708256,19.398836826124175,-0.038905310855322416,0.11628897804433729,0.03915279929894083,2.538014738742223,10.160601231087425,0.012399034129302017,0.12493752067355654,-1.681296557902973,0.015214377682100542
90.0,27.460362195740096,26.252378301888143,19.445047208746374,-0.04740998499051571,0.12078992081929206,0.04300310775500154,2.4453830609907565,8.50446525750347,0.04397725505774468,0.22102588378012739,-1.726590903345847,0.016144447737915044
90.02148847773033,27.12814103352172,26.228607275436396,18.89130773184445,-0.05702506107208856,0.12570531627839132,0.009795703915087627,2.3026783502439994,8.319127830985973,0.11373892050426576,0.16662013150622784,-1.7902094982223948,0.024358256611478207
91.0,27.01869993814922,26.361878375497895,18.729477931613662,-0.05791553535794772,0.12787519008733364,0.0017281639866364301,2.6792423047508738,6.707953837663768,0.0605202329734634,0.3386427429347276,-1.79308378164767,0.022976505468889824
92.0,26.824828093769995,26.52463637286574,18.46562289092274,-0.06408740181600414,0.13238067397085704,-0.006711103028080648,2.865080928426456,4.979874687500422,-0.19307094789627796,0.4502135316035678,-1.7921189894905467,0.007342911601353332
92.02295136339359,26.615621948135807,26.500645505933747,18.211842275372504,-0.0720271400700278,0.1342147549631126,-0.02139457524373268,2.8615157002260285,4.855018320474057,-0.1621862074222119,0.44647646353511766,-1.8277713582434407,0.010948717005561269
92.22310585095778,26.77019377024212,26.537309003541655,18.220514609323764,-0.0608061495099654,0.13320445018124366,-0.02400680735133658,2.7870866556646914,4.528510451230776,-0.15384285566539874,0.4225232601352181,-1.81193060307942,0.011314845044761398
93.0,26.199868869919467,26.642224679975662,17.93545674354364,-0.08509940956483883,0.13993437685666482,-0.028195809551488305,2.825639805295003,3.4328900114310037,-0.20528166494013472,0.47663168267567213,-1.7489983109149514,0.007382245513729942
94.0,26.27140824217892,26.85028003351479,18.22218153262484,-0.08390758193203005,0.13988406081087867,-0.010491177025451739,2.6569252827476335,0.9380652651803763,-0.29766933269272,0.49067211799072563,-1.870069635939673,-0.0012076595888016097
95.0,26.382237170676408,27.088576627189777,18.21211625409382,-0.07882812942746881,0.14216382746565287,-0.00791923222156548,2.5680264028043838,-1.662292188363947,-0.6903985651940618,0.5073448321937599,-1.981131608960212,-0.027142629100204027
95.42571271262543,26.461966013634896,27.13908932891525,18.04797433766998,-0.06723413842834063,0.14181623003548216,-0.02358104319118089,2.5012876917599436,-2.5212153154107892,-0.6663882455567803,0.46884553319758915,-1.9685089011046801,-0.024251730406887023
96.0,25.062346345736085,27.018462990942055,17.941172244334194,-0.13363884611886762,0.14376078657316227,-0.006443352849587341,1.2561974169629284,-3.3306848747831403,-0.3941834949923615,0.24961539452193593,-1.9105052921214336,-0.011898565090786793
97.0,24.866909390978766,27.11358931910529,17.629486249508773,-0.1332557541419027,0.14337495739590908,-0.02153552392809103,1.9425389624611664,-4.7204526753532114,-0.5580478322730817,0.41749650809221295,-1.7383876960474935,-0.01885400791375294
98.0,24.53352003795715,27.229554457383607,17.654718048652857,-0.14366687191746,0.14320535294657763,-0.015142953575056128,1.7716165891753173,-6.639646150461348,-0.5352091584831401,0.39069922208773156,-1.6871156790881678,-0.017859266538428332
99.0,24.30786207197721,27.33566817218582,17.916489987727203,-0.1483393848077176,0.14135845472529898,-0.002688068277353033,1.9869335380436501,-8.315695264838114,-0.1919844008132004,0.43410419646494314,-1.5793540098893823,0.005095036317078076
100.0,24.46647299992155,27.668975297095486,18.345285806914106,-0.13741904535203028,0.14588175613284463,0.013724920406297457,2.409195982288682,-10.860096914588132,0.06558621532390749,0.5132385278994442,-1.6465229186102524,0.02136259684439014
101.0,24.055473580017544,27.616849022580695,18.19487230738663,-0.1486726294001528,0.13998987410849154,0.009611696798060775,2.1698973804426025,-11.882125559398915,0.09554252447375576,0.4321637190829262,-1.404926857746419,0.022802515066590687
101.03011538681329,23.184150510166507,27.51907944313033,17.996049732178797,-0.19411163704165488,0.1431757069019936,0.009027024564410601,2.653132757894017,-12.116405121125101,0.09195127999989114,0.5769284553570677,-1.469393570939692,0.022741698398714413
102.0,22.780241333177894,27.668176794243024,18.128502271432627,-0.20710299150821182,0.14409389927035537,0.022041941090718102,2.381926010135764,-14.251685392726236,0.12111592755553749,0.49495590056191874,-1.4871651256741407,0.020811236498547707
102.03075530510668,22.2818830226257,27.577946188116275,18.614864476220873,-0.23941900721706955,0.13844830291813956,0.06642459947429348,2.872551080269169,-14.210341284598233,0.021007780630366762,0.6436268189502385,-1.4589792957821408,0.009631395171495874
103.0,21.88735092880911,27.614130898588517,18.89640402583274,-0.24791135554397403,0.1351514157470204,0.07566223076477982,3.5180697734041333,-15.23339459835957,0.40990613794583125,0.7209403857607063,-1.2488932309148553,0.034090859919151104
103.63162475485291,21.9347605287266,27.83959608616771,18.802766320549647,-0.2361913151741179,0.14264002872877385,0.06016839599078352,3.7729557792801005,-16.072392586421202,0.4706703627649527,0.7076887178917973,-1.1623503577938747,0.03925070400710158
104.0,21.606238149616107,27.784333977199513,18.413545971762726,-0.2463966096424998,0.14110337191842168,0.04410054387143078,3.8407756008193092,-16.304322022142575,0.13805696248998778,0.697368557396344,-1.0685100034959267,0.018569274862229812
104.83213289942509,21.17728121925997,27.782608071029195,18.44092646802872,-0.2589989825753107,0.13671421177288595,0.047710172492006084,4.703193326181845,-17.144223596410253,0.14361599027077238,0.8306953480262422,-0.927098934429343,0.018759800181551635
105.0,21.18976663193351,27.844569470765396,18.328601203259264,-0.25580877195126733,0.13818271340480376,0.04282031118156905,4.840755160888503,-17.443628572650116,-0.042473071134118995,0.8427093492219104,-0.9255021453919572,0.006765041401841643
106.0,20.991718117136347,28.029767681544048,18.186998777214924,-0.2522115322156882,0.14004918081313236,0.03582693859211088,5.6822666475958865,-18.538853329467806,-0.32368208277120913,0.9079270349559083,-0.7932052118123124,-0.012032214696772466
107.0,20.440892290851256,28.014732825636745,18.308466275920093,-0.2664536669995873,0.1349322530964406,0.04436464735342478,5.938038478879826,-19.621689337391683,-0.23019682567622587,0.8348859301688939,-0.6924179871084069,-0.007572646882964225
107.63276523513517,20.371562905887224,28.142032724914433,18.481217947386675,-0.2613781654215925,0.13453942429581378,0.05467399443402521,6.400095197040718,-19.942132657891264,-0.2588369897295637,0.8397460953564821,-0.5533561333468532,-0.010800995425740093
108.0,20.05736596300839,28.061568434283515,18.095838944790575,-0.27130681135094675,0.13223935559926708,0.036932473683957336,6.554176471522325,-19.699111459166364,-0.565001082042178,0.824999126958323,-0.4036179338448658,-0.028335548077399735
108.43279251814364,20.080557497448172,28.145763704896893,18.322956689818465,-0.2633083475543687,0.12985766044362804,0.052836749214281616,6.797127483980404,-19.72847948107574,-0.6135474616410734,0.8020637204292459,-0.27960992955715575,-0.03313435194550569
109.0,19.608991572653284,28.013057112032037,18.25054161580754,-0.28036365553949183,0.12447421023487444,0.04647397774443106,7.0780094586778315,-19.037434124846573,-0.47057213166127404,0.7817581497783941,-0.009758568730974304,-0.021097032076873103
110.0,19.625188863857765,28.347783170674727,18.502690533111206,-0.266540251908074,0.13055747503105114,0.05188664312085929,8.374423272317738,-18.797966249189315,-0.3236706165413669,0.8909748912274544,0.23506371538475013,-0.010168526022516739
111.0,19.445604821940435,28.525766934144713,18.959621398247315,-0.26306255747794555,0.13059738346713112,0.06872654142270206,9.42253616149953,-18.612633205674026,0.09556980170957746,0.9330878607896836,0.4133620167876109,0.01656562234656682
111.23233121516779,18.982460004657472,28.471276931556616,18.601221558235185,-0.2882166985277501,0.1343727071296695,0.04149357049785223,10.002532459781326,-18.73860247480116,0.1590608440982098,1.0518278459084829,0.38634911773283115,0.023741464548587454
112.0,19.018591457837935,28.749256817058313,18.798929342982564,-0.27434670921423043,0.1389759659970421,0.04875950543183365,11.12980437978711,-18.762117257314053,0.21349914345901608,1.1282752061208532,0.45862356718756114,0.025052456944463123
112.43187360761222,19.3685842030567,29.29091627633873,19.089339212974227,-0.2499623497906283,0.1544300221067692,0.05998157435034517,11.229124520424936,-18.48285334693703,0.2046504112891506,1.0149836873807585,0.559795493530104,0.023102044546414156
112.83168815566916,19.04459790864523,29.111779147776645,19.12782686163872,-0.262524419047143,0.14471553283704142,0.0668492346827364,11.91659657998091,-18.196202760104743,0.1943396337824809,1.1024003548246446,0.6400291344325156,0.02098672390128738
113.0,18.991959945374404,29.124719060887077,18.93958301730565,-0.2620058303845609,0.1449136697997749,0.05965334294035077,12.05592842822088,-18.30647217555527,-0.0715214227288685,1.0976712376281426,0.6233506195937378,0.0033746805394199476
114.0,18.528465098912335,29.13979240229845,18.723991407967432,-0.2730467856361624,0.14216663942300942,0.04695063562351305,12.920311577745371,-17.257326062438143,-0.2413205445230332,1.0616591528795634,0.8483543271216503,-0.006388200564447487
114.23091756905171,18.552176254388474,29.27700870766315,18.778161064111696,-0.26815269941321007,0.14575153430283297,0.04834578214677673,13.079364405557486,-17.05361242862211,-0.2447781605396619,1.0317501462778653,0.887447817327312,-0.006308794867416496
114.63066482193825,18.217189469393876,29.25352729066986,18.566636940271458,-0.2845201542861303,0.14661896941231953,0.03003959056052128,13.83945574602783,-16.84438587944641,-0.2043984080302525,1.1425755059915212,0.899871568144588,-0.0019495251526259723
115.0,18.133288967746687,29.35550384928199,18.48086625863618,-0.28360140082898216,0.14875962469250625,0.024982250099629233,14.290662006564194,-16.435434030648917,-0.3114503150749743,1.1496071486014183,0.9659137352555901,-0.008363100386409963
116.0,17.409439033091324,28.833030107729083,18.50396387756109,-0.3025803918584918,0.1255908389318156,0.03566198377389382,14.69657798146358,-16.60818450174546,-0.3121444589276707,1.0138482331430128,0.8428168616107236,-0.013374548076563632
117.0,17.59206188159299,29.54942286739708,18.744728414668504,-0.27859505513712574,0.14414330089811617,0.0394325557819443,16.637995318570148,-15.360675004440758,-0.2862937603006894,1.1744841840324658,1.013706288589716,-0.011071460709230638
118.0,17.226305583373197,29.666487714787696,18.509287646593407,-0.28383822640488804,0.1443790095993486,0.02705258890764069,17.588696154450602,-13.990252640944217,-0.5579798996684882,1.116480932566275,1.1531843655412164,-0.027412410381374944
118.42770754494079,16.564039779019993,28.679567565641474,18.139165619791903,-0.31152840777043467,0.10829845509119065,0.015706115377572542,18.621026548457824,-13.442250089251587,-0.5550256463572671,1.2874388410701936,1.1909491460008423,-0.026526245841448217
119.0,16.595316263468074,28.983255935724692,18.3239820245105,-0.2994729256517424,0.11541472146372789,0.024163990652311805,19.707045590971745,-13.100655456148504,-0.5571565899386217,1.350326589226528,1.16006951419728,-0.026984084926243244
119.02717900018366,16.715935432862604,29.181370704297755,18.5244571314186,-0.2923663885547868,0.11991835551796694,0.03758701449295071,19.63808961967382,-13.009183725486615,-0.5856609564668065,1.3132314433546455,1.1823199302647247,-0.030107674337434946
120.0,16.398524924837737,29.044979259389216,18.31424081829819,-0.29066011952684817,0.11125060811465215,0.0347403118017509,20.90021523684864,-12.903743182396989,-1.036651890987307,1.3095215199440267,1.0078549554343497,-0.061452679172078535
121.0,15.978489705255019,29.13676946093973,18.387600282274963,-0.30098127624108467,0.11139623863819706,0.02937631942681835,21.864836800724216,-10.485400160803573,-0.7604666768224191,1.2189636887985302,1.2885923991098576,-0.03872952367358924
121.22521970600657,15.501741198629626,27.342507498390198,17.98242169816024,-0.3155646900764568,0.04372968148217088,0.0306469623683755,22.577959852415326,-9.857026240750617,-0.7908322324702356,1.3705956139111937,1.388527874712965,-0.04220361877895293
122.0,15.431443715120269,27.777591441131385,18.02538436475015,-0.30640953581300445,0.05670334905586189,0.031093232596542807,24.00391596980218,-8.969985679068765,-1.042753891830022,1.4272328691402034,1.3655501340849254,-0.05863330235415689
122.82387177923626,15.071300656828004,25.453265633953375,17.546011477468454,-0.2973325675053411,-0.03138392400533382,0.03686120793802206,25.39607947036177,-7.187293772690024,-1.1311373125229007,1.5054304835716426,1.538703657518182,-0.06539123767426482
123.0,14.926837106345971,25.231831092360054,17.661951261417848,-0.3027452392200029,-0.038294824381938,0.04008132873100802,25.410584314565344,-6.62082512394706,-0.8224213861687187,1.4546201066257143,1.5947072080387774,-0.044848094664016985
123.0237135055783,14.987828368957857,23.841064265661853,17.3747432297993,-0.28691675589794974,-0.0888388008338157,0.04479683278565265,25.364564809791954,-6.320141913086308,-0.8480531974914494,1.4429780655388484,1.6717526394662636,-0.048269254755708105
123.42340591442645,14.914167917556318,23.114732566338176,17.17904964460008,-0.2791354836975283,-0.11315087229216812,0.04124585281750246,25.9075036656407,-5.520920517706297,-0.8659812586199379,1.4348474791897705,1.7124169969534562,-0.048350875503355886
123.82311155867052,14.759788291835061,23.82158019911364,17.517108098488716,-0.2859257354150271,-0.08704518482720167,0.05338821208970902,26.438249368309712,-4.985336694131894,-0.9081446062154613,1.3979670918091507,1.6726396485208515,-0.050762453971537405
124.0,14.910401150320055,23.87161278811264,17.902546257825232,-0.2717113104450348,-0.08802663640438377,0.07595458312421646,27.104442361130666,-5.129198476752924,-0.7596018865365518,1.47128903028729,1.5920493660400252,-0.04329063345378638
125.0,14.777057963136649,25.116355423841497,18.473312015974983,-0.2707453684064517,-0.04504678115807032,0.0847852980448932,29.013489866185644,-2.42269524369134,-0.6094058034106533,1.5184780882437137,1.7906843305885911,-0.030374648111512997
126.0,14.41658980037185,25.198572085460864,18.576672106806974,-0.27854425914755626,-0.039849203519687244,0.07966984153200193,30.165187891137794,0.1089601221502936,-0.4434189978076857,1.4118700434286835,1.9077141425743014,-0.01746152242929464
127.0,14.235744474834485,26.081648452614267,19.067741651095506,-0.27529749892041827,-0.012135095458452629,0.09168556196653638,32.29436817969385,2.6697472348689777,-0.4082490794462363,1.5021860553635757,2.009665192762872,-0.01503246978287234
127.22134485871746,14.078557335604339,26.08776282144806,18.95467398605122,-0.28481503509624756,-0.010392062986691153,0.07636822509024994,32.83191352334324,3.030989301184094,-0.37471038035102033,1.5640027801583776,1.9743169080347098,-0.010407211104979563
128.0,13.91289774731056,25.24943279149412,18.791389031513436,-0.279923982460438,-0.037934814319451796,0.07235918034811659,33.71574964607938,3.958248257220941,-0.2797944279567,1.4820446940315533,1.8154798963542031,-0.004031352492438783
129.0,13.581336629950416,25.847350319619682,19.2390904378492,-0.2834078640806461,-0.01745690755057967,0.08409203206727775,35.4506904265449,6.320665817268854,-0.13432241674661843,1.473558773914881,1.8438534605282257,0.005661442271434138
130.0,13.295199528883499,25.731630279630288,19.51031529890799,-0.28491680597222574,-0.020036326030536122,0.0896288844629146,36.42925198841855,8.508017781383812,0.27566137007752456,1.3179231183332696,1.8183218240277053,0.03335975822059632
131.0,13.019691642639765,25.55120332411279,19.360748647727632,-0.2852113629492918,-0.024680320466494328,0.0799127820230055,37.43549984620149,10.174735579364793,0.13996554906644026,1.1862355615727298,1.6846151515789978,0.025267718067542404
132.0,12.643972420622084,25.86344052761977,19.593574777836494,-0.28925274477338836,-0.013871101710968742,0.08390749121123048,38.801681440316344,12.455022077155808,0.14710575409306986,1.1333267326004686,1.6817676023278034,0.02453386195391307
133.0,12.304857112886822,26.01439442411826,19.868292537704107,-0.2912312074211292,-0.008555779590285514,0.09023209129855207,39.973666503273954,14.69276284567869,0.3024829568569627,1.0493190521426425,1.665358923047453,0.03386509091230044
134.0,12.052906635536303,25.938843046237814,20.130903493823094,-0.28920457403506705,-0.01092341559827438,0.09768165186297868,41.04908381768959,16.02592381713598,0.6287793075683336,0.9583799724832576,1.4639226902935398,0.05383747726025381
135.0,11.699522898330004,25.97856298144342,20.209377825094787,-0.29120369601310603,-0.009426022804860943,0.09762337676774606,42.668058430677206,16.628609166298926,0.6510177951309805,0.9922276198402114,1.1334702084261707,0.05484920028974316
135.4237751779866,11.731568344364055,24.828658357930813,19.23935477091035,-0.2916380570531963,-0.04765024010927125,0.04427762594579139,43.443876611464546,17.28953637297241,0.7824704463362792,1.0650482861366475,1.1025580115056977,0.06753637249034548
136.0,11.712141186052811,24.453464553846853,18.928332775104657,-0.28733702222137175,-0.060349979166179145,0.029577898176549215,43.61154764333835,17.633766289174268,0.7451438840293148,0.932766291248591,0.9373130103502901,0.06686566985041267
136.0242137814561,11.845312385805949,24.076195175170657,18.38378569118429,-0.2836055248083698,-0.06926397653807688,-0.0022386482383975094,43.740830694986144,17.6665591117967,0.8122183807149312,0.9712377417136745,0.9404670512125746,0.07424912053216945
137.0,11.902332727542648,23.316026941224614,18.01393356087332,-0.26750272476588544,-0.09753992442452107,-0.008453302071873014,44.94704056213342,17.596969559432864,0.6069300385875402,0.9468546132756193,0.5575026614845259,0.06066665910958237
137.8255983670599,11.723658711922086,23.09713711400392,18.23234677682037,-0.2619551185760747,-0.11627528000494732,0.007613859475118907,45.52011052360201,18.52848508270111,0.611657706089139,0.8163332276753309,0.5155568464130764,0.05642519821595287
138.0,11.619973771482602,23.116352389216182,18.47780875463202,-0.25984959059971713,-0.1173752215128918,0.02516416978973424,46.69837689322766,18.446783975508634,0.4435831583802655,1.0047354225355245,0.44491209664429937,0.042622398960093635
139.0,11.254427157746004,23.173317239872226,18.899340948994517,-0.26118754028017355,-0.11143802348993796,0.04476125732329001,48.3878696254706,18.867267488520774,0.6106422766182641,1.0614908541572028,0.212445443045173,0.050153598694008504
139.2267035819901,11.179295664364197,23.17480081316644,19.04886044272257,-0.26005466333573707,-0.1112575396995676,0.055885955344425815,48.55206821716405,18.91920483842254,0.5969467027773783,1.0169238069013118,0.1554875926499673,0.04772260247936784
140.0,11.119262728447422,22.900135174300853,19.148989710608397,-0.25417589227452814,-0.12015000798325463,0.05958642397122871,49.17747667285676,18.724035225185133,0.8210895809655017,0.927931347883941,-0.09309562493589885,0.06298831591598737
140.42764356105465,10.92951866202861,22.66743684936256,19.059676982680216,-0.2603029567832467,-0.14236745212415391,0.04544658765830841,49.69179955766318,19.15014836448682,0.8727283174253735,0.9338562876520613,-0.05172662734931524,0.06482949906081971
140.627798416211,10.850202767217533,22.688244107740367,19.16001568463537,-0.2604259229719914,-0.13809776165748283,0.053359675627973516,49.82282606875535,19.031976650332986,0.8689024547610672,0.8967399738646178,-0.13655816308599444,0.06396867547063256
141.0,10.586133753158787,22.967273026544852,19.014883735743744,-0.26924509994618634,-0.1187037156651094,0.04102724310782404,49.741520981307985,19.42445962837464,0.7658424696490935,0.7774272682879932,-0.15942937081367936,0.05877815424850972
142.0,10.273487570759794,22.902927691491747,19.044410425636908,-0.27084266733498713,-0.1157269231835208,0.0405911703353214,50.5686201624973,19.203731560314022,0.7615757542438851,0.6900896860095105,-0.4072678112772563,0.0575743570884747
143.0,9.956193391490121,22.860789827540582,18.928028522206002,-0.2734727297639224,-0.11112505692014278,0.03257374415546696,50.98306238893708,18.825375411908613,0.669814424887673,0.5307034321443194,-0.6421528506344983,0.0517514804356947
144.0,9.623985719018215,22.75533381940691,19.03550394811214,-0.27467529877185526,-0.11092939523070687,0.03797353271391547,52.27312581932611,17.969133534786373,0.6323440931821721,0.569952746139151,-0.9233279619024758,0.04822108504937304
144.23044053919511,9.086889815674837,22.331475474485135,19.421182992031746,-0.29227342958105945,-0.15539846078992609,0.05951489645379512,52.3518901073343,18.49599529092756,0.5773753143117676,0.5198134920185863,-0.7524851653954994,0.03724647771845918
144.43057807269057,9.00949889124444,22.261515607734864,19.09886815761504,-0.30026989097332657,-0.15796671770602072,0.027904070913288892,52.738648303842325,18.321109573030952,0.6611462991342485,0.5878507810149053,-0.8051236964717743,0.0466202401996101
145.0,8.822495929210866,22.26945257974382,19.10929561050405,-0.30041460941122033,-0.1504687044196352,0.02864978166255308,53.22219029057855,17.95076920103631,0.6278322601681694,0.5556342628200908,-0.9202831284494645,0.04350647637560534
146.0,8.502729781630771,22.213912699792644,19.325310226002713,-0.2990504517275283,-0.1428184862943788,0.041523472508528905,54.59336017752848,16.99241811476727,0.6811502303903499,0.6133905390273222,-1.1409791761866963,0.04406527903520832
147.0,8.278597750857964,22.286973096548202,19.583952283025305,-0.2947803813009492,-0.12491052122811329,0.054411949073347954,55.7428036928768,16.186005692580537,0.891840551976657,0.6249971813798502,-1.2798423279368771,0.053314835905875275
147.43252878898357,7.827707290692679,21.919443311947532,19.60779786611409,-0.311385427677325,-0.15314732274764192,0.046930735118075446,56.158923595323316,16.063511531869928,0.9216115600107984,0.6287527642504785,-1.2280005786609578,0.05275998134444865
148.0,7.782568439918388,21.998008156341143,19.752117439409094,-0.30556048163787886,-0.13869560451823476,0.054352130889147914,56.68079661880555,15.635073424561964,1.0964295088719553,0.611221810982504,-1.2792327031307873,0.06130332753014105
148.0328970006604,7.722308973597205,21.95063870338913,19.811426761020652,-0.30700790039739795,-0.14262434265797816,0.05829076623279636,56.68717779824056,15.65202430760846,1.0879754280301837,0.6033538573588862,-1.2655293444530678,0.05984522746525182
148.6332594410744,7.533939841408036,21.85130574591955,19.828211559089933,-0.30759971334961494,-0.1437041360226759,0.05659359211365135,57.049788545844045,14.87992442647404,1.1278250670783145,0.5536843064902782,-1.361433267755624,0.061205693214202536
149.0,7.31273404356609,21.76560710349217,19.443298127331442,-0.3127284223244961,-0.1461300688971862,0.03920668598422239,57.47373969146954,14.274810548007553,0.6109508913349345,0.5648581299541291,-1.4364715908345667,0.02771576889842621
149.4337349583941,7.34966406970782,21.762639378285233,19.249411706811788,-0.3082219512206302,-0.13959298867101252,0.024028398507145218,57.779944476821186,13.500916117109275,0.6627599701067609,0.5506077092906696,-1.5504756123025096,0.03413311201666112
149.83396986844144,7.477530497728419,21.758222172469257,19.025698648085122,-0.30043219715863106,-0.13299916018887098,0.008317035297928304,58.058235582720826,12.702639754095644,0.7193173435131285,0.53792974632844,-1.6668255244479215,0.039611167904151284
150.0,7.623488210676427,21.95627592739654,18.963934951410227,-0.29146043454097365,-0.1130541907064687,0.013995013539399359,59.03242720445805,12.628842942933963,0.508709706914957,0.6967334018683611,-1.661627257359665,0.023156791322248994
151.0,7.752222569830064,22.112321857997706,19.015830018074055,-0.27602267272087705,-0.08877407647468467,0.019465772672429528,59.70418085497379,11.428345929168222,0.7243391106394785,0.6288498836090535,-1.708950507861604,0.034966404260763466
152.0,7.555506762944446,22.08464844116231,18.88583091851293,-0.27356300426400193,-0.08308863255952668,0.014720440815182218,60.498512067081066,9.776023833060274,0.5840278196326707,0.5956576983534891,-1.8069152993498716,0.024076200327317915
152.83569044669616,7.528582645030464,22.199137143018618,19.38890145023872,-0.25468753982009007,-0.06761998489016978,0.06370817609230363,60.465823925288895,7.958078172206947,0.4853690885950241,0.386018401975151,-1.9768032163064364,0.010841006011810188
153.0,7.432251492889899,22.166112024581317,19.454236769068217,-0.2563631389340315,-0.06980222613511348,0.06596144817089734,60.579445780979725,7.563653681177545,0.5197894438940529,0.3810615523664126,-2.007072000046314,0.012606847791844848
153.43602845328968,7.564816633710871,22.180858478093832,19.417669891557992,-0.24666093125196967,-0.06443625847669454,0.06528211060546822,60.689545173149554,6.587099696726961,0.5272449794513012,0.328941287611667,-2.0802341172445753,0.01308057954168462
154.0,8.459525898708264,22.466176966842337,19.00271883290211,-0.21173370747974823,-0.031612407248968175,0.05411598134105527,60.98463787983364,6.305723814264119,0.3763142473378933,0.30232955461081745,-1.9614218045077472,0.00047834285358469564
154.23647650380727,9.057549480974611,22.571625835339436,18.711796698403962,-0.18849302835316004,-0.017857140000735,0.04026715966654041,61.01234826579117,5.602269605084856,0.4095571733556138,0.27291682624803526,-2.0604254116009844,0.005088547031641589
154.6366993033656,8.660759476591247,22.52856749104002,18.637821887217747,-0.20397920185969853,-0.023015654541604962,0.025233466047079364,61.3050760088387,4.852600866872324,0.4499705190930513,0.29160480901761054,-2.061293177828473,0.009137749033141938
155.0,8.385624321710992,22.460055141078183,19.181310824100894,-0.2089465997918525,-0.029751255864995926,0.04760289624738331,61.39180057320164,3.9323343656481766,0.9704655516800134,0.2577233411529614,-2.1142184475280574,0.04116340631535259
156.0,8.919498705696585,22.562522024057568,18.618233159749245,-0.18671194362636823,-0.013459102644272084,0.023535992353787526,61.08245490038317,2.5712398558599165,0.6829801237176422,0.06955961756549621,-2.0061872327818717,0.021572052089704755
157.0,8.229883400167083,22.481802637363504,18.554512405596338,-0.20393636398393292,-0.021818503336846158,0.01513972055331523,60.8273133948394,0.17415584247487842,0.4618343613775683,-0.08340976194540223,-2.0860693184075423,0.007839401370788302
158.0,8.907969124635065,22.52781261808113,18.52982646588122,-0.17553246970927824,-0.009944125704367094,0.019905152633344615,60.86670995465271,-0.9769918108380972,0.7274723741128772,-0.14461540739027645,-1.8919243542037234,0.022224424000030107
158.03853706024546,8.412984993258668,22.47258348329833,18.722740999173308,-0.19274083997388586,-0.017913003569238167,0.027619621343827783,60.91517717837573,-0.9073446671035017,0.7123396577628702,-0.13352568615471033,-1.8393324719628514,0.02016081508613191
158.63884404764852,8.477413736151865,22.487272455115253,18.759513882646655,-0.18501317009278878,-0.014708376117214653,0.032652594448054954,60.732560891271184,-2.0676186129893295,0.7116489270437174,-0.214283626782371,-1.8284437452912001,0.01930309230290095
159.0,7.724147612020394,22.425693251813332,18.93543109262401,-0.20806629443794863,-0.02393390602413145,0.032801904646669225,60.14900959325855,-3.0415995895824333,0.7520793043611457,-0.3498739536803877,-1.8568936877398894,0.023281791131342575
159.43924043692232,7.260595171645534,22.39602491761914,18.892855897315034,-0.22392633111361246,-0.028243135892613586,0.021091647463319443,60.15367850461519,-3.759447739183219,0.7927662629807949,-0.3471795691475192,-1.7952159774067404,0.027258666762137035
160.0,6.304687205753732,22.353210721677073,18.819257173374368,-0.2522809114003912,-0.036621703066414046,0.01037493984801792,59.62834188916522,-5.236933916986166,0.48010679869417056,-0.468121872030601,-1.8338222938847977,0.008055909417244295
161.0,5.419476262115079,22.342946338698628,18.94986188067916,-0.27193906513167104,-0.04117566437850021,0.013553429070889585,59.56928328182933,-7.761339581778046,0.3329235870862314,-0.4834925209182581,-1.8868566748266467,-0.002412876695928356
162.0,4.646139048055289,22.3413015437956,19.130262338903954,-0.28708016609167036,-0.04390822799380967,0.018881507812951115,59.413105052137375,-10.274430814556803,0.3005456890879207,-0.507743185510415,-1.9231071786127465,-0.006020325721349987
162.44053550486942,4.600163682755978,22.34133131343742,18.841267252243128,-0.28718027662694345,-0.041102591445183176,-0.005073732119114081,59.28381866718436,-11.195105537426741,0.3552576308527063,-0.5177919352970007,-1.907157242718411,0.00045036774474635933
163.0,4.737946234514158,22.299381992245753,18.59321939901911,-0.27844270165964935,-0.03908963184898107,-0.01426853149891312,58.926896237717266,-11.939820572559281,0.18573117027262878,-0.5805457624947062,-1.791700645300229,-0.009580163328345397
164.0,4.696027796298816,22.21577643494633,18.380394276995666,-0.27193217091512395,-0.03856043837801481,-0.02291475807847774,57.78903122904788,-13.164169179563606,0.0840446796544479,-0.7789235956459258,-1.5670358447263375,-0.013225539182797974
165.0,4.12388355761087,22.260553373537103,18.16582475262067,-0.2819312479539072,-0.03758909473904867,-0.03069874361890663,57.782799332733184,-15.44171628849714,-0.34763110310552225,-0.7124911195097886,-1.5738175323679968,-0.042323308095579125
166.0,3.7635394436765264,22.2495771071242,18.262223086525502,-0.28388610883884113,-0.03743124503679759,-0.02536623814875473,57.34944979189407,-17.234793631702374,-0.2768527480961641,-0.731441271314412,-1.477815917724416,-0.03759891704662195
166.2414788642351,3.2740828920989915,22.24140247132972,18.497594263517446,-0.29736276506310416,-0.04197154580193426,-0.012551013870070573,57.22432271456181,-17.455266880336502,-0.31185699553162344,-0.7351372843581376,-1.3968449697021104,-0.04081978532876358
167.0,3.8743194894503183,22.098836812315437,18.632020676269725,-0.2683644021542074,-0.03991661873907632,-0.0013177981413258367,57.18111985931539,-17.812576509856562,0.07524574896571701,-0.684147406230989,-1.1482725317594789,-0.016256517463126657
168.0,3.291812457947324,22.10768436520452,18.428274158535977,-0.2800339782651847,-0.04020610658989347,-0.011808787081261346,56.10487580145418,-19.11363642614448,-0.28245398317993603,-0.8223775206872251,-0.9945890783745082,-0.036961915744350746
168.84146813973192,2.9100209506421635,22.03583687692321,18.692850455043754,-0.2837167624071164,-0.04483011167897619,0.0065959599528181805,55.37064515523114,-19.75882474496098,-0.35730755984558915,-0.8869934866372207,-0.7841283153045728,-0.042529097722373906
169.0,3.45649898969505,21.93931250909086,18.480846506649588,-0.2636882924834631,-0.04225952836997099,-0.0012380678741414197,55.04178504062607,-19.05823110688366,-0.3623982753168948,-0.9386133225977652,-0.5933683924268118,-0.04025355875701104
169.44137478381523,3.562964212908987,22.02366295399042,18.101896851818985,-0.2568954192101427,-0.03244387579976807,-0.02654163238692138,54.60613318747678,-19.481730854267383,-0.3235715956622126,-0.9763305312932322,-0.539603838972161,-0.033994016224516976
170.0,3.7628962834569664,21.98660884575201,18.3156225674498,-0.24354297782793524,-0.03103064166078402,-0.011994870498267047,54.903421172125,-20.001008554813772,-0.11452553791183404,-0.8444147618691791,-0.46044010981411376,-0.022411988726502477
170.44113777605162,3.738527693497113,21.919141087854676,18.654612041911264,-0.23834732343148868,-0.034618091106489425,0.01431647414545945,54.4173767762244,-20.12697689860598,-0.18595358823282895,-0.8981918211128571,-0.3369087826062715,-0.02899564055214405
171.0,3.1754285936402478,21.937840081354647,18.636102749478137,-0.2541419085958428,-0.037269071175775326,0.010938124397589009,53.67424880251147,-20.604509813723155,-0.34688444521182504,-0.9748757692674174,-0.2546798387622175,-0.03812931860772653
172.0,3.3802102853590372,21.8687750051624,18.4828077096196,-0.23780838105516075,-0.03361111746216107,0.005683971302732698,52.90155539910966,-20.201567003532887,-0.4359489227370645,-0.9838195638720221,0.10217176180821709,-0.04026910417033869
172.04053917238923,3.3536342841034616,21.909571127981394,18.39343877860645,-0.23841618320487462,-0.030863636358796,-0.0014364741825883213,52.87206741852115,-20.230083788389287,-0.4218298960947816,-0.9830032906709666,0.10357174638173525,-0.03855545124129337
173.0,2.9698530264904535,21.869687623504483,18.749752066255105,-0.24339331532113576,-0.0341701256966534,0.014805484766000495,52.21575932924912,-20.53905608290133,-0.1668563714582988,-0.9639879571991348,0.2597946469698627,-0.02237040911720749
173.23990850164273,2.7732133340901814,21.98824877207756,18.50162340298009,-0.24875719646017436,-0.02721704332514542,-0.006672180877487966,52.05765741418351,-20.53994256373374,-0.12262922244287162,-0.950608313738706,0.30416664817389083,-0.017211100930852735
174.0,2.911485811498993,21.989626078438167,18.26887823391038,-0.23624763631938273,-0.021782390085162445,-0.015697239096510378,51.48076568326742,-19.79394923664978,-0.29447702756459826,-0.9427923623221249,0.5878711088096604,-0.024670053780502292
174.23926318153187,2.9104518536941977,22.06458490191119,18.176958089499326,-0.23256563980189185,-0.015463536153916758,-0.022557511163351647,51.203556491749566,-19.74780739704358,-0.2861251770537238,-0.9641251263702013,0.6220379289029297,-0.02298610265289229
175.0,2.585172663811859,22.002587195126058,18.54643985746024,-0.2379914450747252,-0.020478749538787224,-0.006190861253350222,50.29702615434719,-19.3832634076902,0.10862539367306462,-1.012566973661552,0.7940873048394606,0.0020253274475110737
176.0,2.4430608707790444,22.03111767497756,18.39206798966574,-0.23343577121426037,-0.01632651106401503,-0.013588618942604337,48.93121053949191,-17.84252697775052,0.040112277234165425,-1.0991893253892522,1.1850565313333636,0.001625734686556325
176.43746792360864,2.642883622879957,21.649630501919944,18.739283078561154,-0.2254997601689428,-0.03592500336073842,0.020984530576380084,48.3663694710091,-17.087947972924276,-0.041148913496793296,-1.130723735609383,1.3649989643494362,-0.006415622965025785
176.6372799534444,2.67995195512087,21.817355805005022,18.776881903220083,-0.21689807576387918,-0.024093503614117447,0.022882463767114038,47.95723655888643,-17.008487463171015,-0.050231232628384574,-1.1884235498742215,1.3645987365212096,-0.00786724349499461
177.0,1.9423121078805343,21.44028052047798,18.667477907448347,-0.2539702544130895,-0.05226463163524786,0.017308169704355725,46.865006540009084,-17.43677125819477,-0.2925876298012606,-1.317747856499406,1.295767678942405,-0.025008776974942335
178.0,1.5184899075497755,21.319466162452823,18.573560943181484,-0.2632995295242207,-0.057650944804731576,0.011324447086748648,45.016021146308745,-16.002569667185057,-0.4119893124223476,-1.4536047860292807,1.557000369878466,-0.029253859284238112
179.0,1.2187287378609668,21.01432356553246,18.65679958386512,-0.2705600024426735,-0.07067076861207025,0.017253526603705,43.94653465092117,-15.39343038757224,-0.4489584495755014,-1.4118399336727794,1.5893818324527245,-0.03469010778870926
180.0,0.9659046310096739,20.801475833859495,18.868686733818546,-0.2726899951949644,-0.07759378142042292,0.026278109549853268,42.43121281246619,-14.073513112115968,-0.23739067802650538,-1.4577339924881136,1.728900512453835,-0.021456179536170315
181.0,0.7038308603132328,20.826610673611135,18.969382993210427,-0.26894033870207684,-0.07270267796619773,0.02890238442320204,41.41565185637055,-12.011321853469187,-0.19213401486582474,-1.3900459633582372,1.974129563629263,-0.017022278091413337
181.23196887771428,-0.07890617346517725,22.528969381424314,19.08811889710819,-0.2612678468606679,0.008093951564655519,0.013503904608279495,40.72722263210075,-12.24040891346137,-0.16142203787194118,-1.5018736804867558,1.825273131975134,-0.014929167866748121
182.0,-0.24896156921309753,21.99829584016806,19.051067272276082,-0.274864649343643,-0.01796255482682977,0.012273554951647024,38.669733498031945,-11.111676181476728,-0.02754870565613013,-1.6926149039083807,1.8978184316530096,-0.005933888263743083
182.23061029204612,-0.35939513476000584,21.49385100470461,19.20934716443027,-0.28726959408670105,-0.04721229689164335,0.028675363686430574,38.461544193703105,-10.31346675542664,-0.06103953885034699,-1.646464277193298,2.038697765254974,-0.008511603120829155
183.0,-0.27286922998363816,20.813824786297708,19.43347277087291,-0.2890261235052119,-0.07470250092293274,0.043297974165201786,37.340280516042256,-9.4864900486739,0.2662062910450669,-1.6345514008825242,2.0074617117518363,0.009983682312484761
183.82833982191158,-0.42157829839008687,20.815425962088174,19.52861689662706,-0.2824492512698975,-0.0699616579938172,0.048339756619871374,35.85154026591661,-7.878567135901139,0.25938285922918725,-1.6909627318211256,2.087688749501408,0.008494286319182335
184.0,-0.2214570399326874,20.623952204571403,19.581487488629946,-0.27486429786962063,-0.07522890180686659,0.054638073870378494,36.06628934192782,-7.891458058932569,0.27183886698228604,-1.5960815611916879,2.030866841535652,0.007369513769662085
185.0,-0.4472649333072978,20.087799485719014,19.372956943752243,-0.28579286910846696,-0.09582859575207256,0.045218841964250855,34.081315733581796,-6.2551752560107365,0.11042841070049134,-1.6828739405376,2.048624436002295,-0.002511884695635255
185.02658761505438,-1.8260637258305819,21.511599408818398,19.656217148203,-0.31475007136459504,-0.04425519383861749,0.03603778928049273,34.07925906529436,-6.467667021309318,0.1434913787264764,-1.6769049943471068,1.9668762621179297,0.0013030025862340805
186.0,-2.016254152057502,21.497578881263166,19.864551724215275,-0.3078498394534361,-0.041497547198202867,0.044495479607369624,32.68080323822928,-4.511472538383368,0.32387116383151193,-1.6458359186057636,2.0310389682340784,0.012102044264725418
186.82394229061293,-0.9801430763020798,20.19021964363633,19.579947334446153,-0.2786161700854803,-0.08678450743820747,0.05065951407302331,31.2329866541988,-2.4403252844575682,0.30624023182344184,-1.6700151257261133,2.1873900393719263,0.009367948123795612
187.0,-0.6938025690669882,19.996595926091484,19.70378028138957,-0.26664043809691645,-0.09050819999669625,0.06033186084788811,31.46693002359605,-2.3391587076479303,0.4302037245892062,-1.5672400469241214,2.1364457236816956,0.015098219149224781
188.0,-1.0675241412261363,20.24178218202916,19.853104627769024,-0.26219527436911005,-0.07693958369571932,0.063487067531509,30.262159104738558,-0.009977982385808742,0.3723629823988604,-1.4922941147845608,2.20725639185945,0.011281810119936724
189.0,-1.1109206003067411,19.33204111950991,19.33463890731839,-0.2760302648090821,-0.11024738611818125,0.04173677117145792,27.87558991134609,1.4107725291518123,0.0743843989236993,-1.6562771643533278,2.079782901770382,-0.007570291997556012
190.0,-1.6950084820014033,19.415096312418584,19.186987051415528,-0.28554985334889316,-0.10593179151885378,0.031013511654630586,25.6670227634531,3.7789061846462175,-0.24680131633181238,-1.7718625369569003,2.1332585629773977,-0.0276525405421126
190.2192078200331,-0.17317747720739995,18.107400834394262,18.627314768701876,-0.24446494809005936,-0.14175253775185578,0.02428063843766672,25.097023750183997,4.354288609356866,-0.2583574093746865,-1.8227974750209106,2.167624282029646,-0.029229982422582776
191.0,0.2330242583516186,18.06634737529977,18.71838273077125,-0.21135643515305066,-0.1304073673650776,0.03867634358237726,25.28713860795822,5.734021983834659,-0.45223797065043914,-1.514080105667353,2.0752976716341736,-0.04358908234318211
191.41772392493047,3.2072735292964145,15.50696099090526,17.176727588766,-0.13935887014485054,-0.19934800155375032,-0.007396053185900739,24.49022398805522,6.928772024157077,-0.40327008505369816,-1.5360973002712446,2.1805334391036237,-0.03789930175737562
191.81726042551603,0.9035390220187574,17.011567688956255,18.439808979377958,-0.19595622096734697,-0.16556765979557686,0.0379072923575068,24.117743094829503,7.8294448490142035,-0.49823148847138893,-1.4681606373662797,2.163865371373505,-0.0466254161280259
192.0,1.4871817914916683,16.24335759579737,18.019071860462134,-0.1892760633752959,-0.18897197933561105,0.024428403779023375,23.954574137079934,7.6512586551949795,-0.5438120424663854,-1.4319972906179943,2.049672852821872,-0.04872666885415173
192.01703510215432,1.5936367395100417,16.254908308012688,18.094163770950935,-0.18042973959841485,-0.18649107047684305,0.03288839279163701,23.779495272025276,7.618445948256322,-0.5659223745175088,-1.4835908654083845,2.0249991557863782,-0.05157909725124792
193.0,0.994240135966781,16.53495882836195,18.336090774115945,-0.18605538361407065,-0.17247330750725873,0.03876605761679039,22.268928093540584,9.976563633688812,-0.6996716734907845,-1.4734482001525673,2.043599787797336,-0.058263519259488396
193.4155885755744,1.244043689486592,16.26482247788351,18.111679540621683,-0.17591455592306643,-0.18041205266743782,0.02706993649214004,21.62557251238883,10.975509076983746,-0.7002515814625903,-1.46515368983109,2.0778627059288532,-0.0562859222213229
194.0,1.6568290921917068,16.001556967947206,17.8131382213138,-0.15487355569248049,-0.18035940399952624,0.02154478712288471,21.532506890542614,11.937330937365704,-1.0860348566718487,-1.2976807544092783,1.9914469655860485,-0.08058222678860308
195.0,2.7737664954553414,14.389865862755268,16.879507755291034,-0.1420060532183189,-0.22455470054848525,-0.012361458134610804,20.199235407211322,12.344472098441914,-0.9964219453982637,-1.2404079270401511,1.6184788564331443,-0.06986149880292444
195.8137022010408,4.291368953336638,13.459293087301923,15.788982811956583,-0.0740184607434976,-0.24714928104834882,-0.05338288249317537,18.298512385456018,14.019222477246442,-0.9815656847407322,-1.4564618603376462,1.672858620939863,-0.0650914936311205
196.0,4.3957635025564645,13.0961971286258,15.597172479775839,-0.08101287043571745,-0.25966196608428005,-0.06380864602807379,17.73087292654032,14.001547003424616,-0.8479869636453923,-1.497859540957766,1.5976584192388885,-0.05462271026994137
196.21346394596787,2.8821136947739703,13.513417635398945,16.596223145316642,-0.1357736707395813,-0.26817625058181693,-0.02626923423546449,17.98201613594657,14.691329560895394,-0.9221990573418961,-1.305896697476402,1.6652037539696296,-0.06034659748208317
197.0,3.0659681546049002,13.709668091413484,17.013514742807473,-0.10380841510984756,-0.2446449036936678,0.001189855662920649,17.70802980030965,16.456525075872474,-0.8374148574985831,-1.144831737796041,1.656297306256928,-0.05711248671866173
198.0,2.8000308800519185,13.484125440067467,17.2432086636076,-0.11159788861549212,-0.24582161909314282,0.008249996583392028,16.333972502125107,18.088827888400672,-0.6437612811030438,-1.123495365121798,1.552806017271324,-0.04380359511163484
199.0,3.3291498081895963,12.746625621795705,16.694663038963174,-0.10030046395556004,-0.26155604515356173,-0.013128846221372534,15.416585306599863,18.659656557571367,-0.5831372931038823,-1.0087597101531698,1.2625153268217932,-0.03550795408901572
200.0,3.1859993117175596,12.319154853822019,16.2692571698138,-0.10918547624614978,-0.27068845692749555,-0.032834765395081,14.05276064598914,19.50412300105022,-0.9168330257064583,-1.0064484012323973,1.0562683321787325,-0.05403063589285483
200.812005572388,3.5835733483487484,12.157370494505125,16.223818442490387,-0.07177148738480613,-0.26433672093507843,-0.024253335904114142,12.422092130482556,20.099829545592424,-0.992090318467473,-1.1954281420989488,0.8685474660897684,-0.0598891836063265
201.0,3.3983276884246667,12.049530638418442,16.112848462145934,-0.08464063093711777,-0.2689707865876994,-0.03193289234199393,11.968832076949322,20.164276131919564,-1.0893579646626437,-1.2203032986222275,0.8217667188507836,-0.06493349596478402
201.0119792020863,3.5924174581765693,12.100010483488736,15.968401309172396,-0.07673761413919525,-0.26094634356874585,-0.037227989382892755,11.862716602693597,20.06255437907317,-1.080872160240704,-1.2511901773567737,0.7880789541489353,-0.06388844185645798
201.81188751403357,3.6147198731937698,11.918667376181554,15.819587370266085,-0.07257361383173216,-0.25770758872141847,-0.04617272536833745,10.743256698605999,20.615805627979558,-1.1109716682824355,-1.266220483220182,0.6539080974618943,-0.06281379698839827
202.0,4.852444389115423,11.54320526565695,14.970186619881982,-0.017909635458606785,-0.2687231505410531,-0.07971894024582751,11.336923552099908,19.816467652810562,-1.0073640689904202,-1.11766439426544,0.4766665456879232,-0.05207566883788292
202.6118096171028,5.107454564986709,11.55151313129781,14.5840884244168,-0.005386982914815852,-0.24990947420508072,-0.09658608129609016,10.296538373177428,19.749266023176755,-1.000670073099518,-1.2253034539336243,0.2743379679540606,-0.048241440157374735
203.0,4.956752852733979,11.666557965512157,14.852541125022762,-0.005473145283857977,-0.23597235357330257,-0.07918371132863683,9.842075570500782,20.333331784635156,-1.088401553120134,-1.2182772795217724,0.2770547712200733,-0.05582698256030327
204.0,5.114188339420171,11.278058038399086,14.249363034557248,-0.0010873109524033283,-0.24628551721838757,-0.1039823800227867,8.729689752202182,20.149369496140768,-1.4541079314455296,-1.1618388165695384,0.031728775626118005,-0.0749124187106421
205.0,5.316020159223858,11.258729243677013,14.550989085830542,0.014881206146229127,-0.22849100950497342,-0.08082888121855292,7.971845619071376,20.535872776892,-1.223415043038081,-1.0501723479710598,-0.07735851487309058,-0.05941268510360219
205.01156696156025,5.1807074099881785,11.171205105703548,14.713363377359446,0.0042213241234307745,-0.23519593737371328,-0.06882755697065608,8.21964049817448,20.58964623195671,-1.2504170196172646,-0.9442176505904659,-0.0733905933283543,-0.062304612499883255
205.41151623274285,5.283276265130318,11.231049132349911,14.497251801433201,0.0025388512142706303,-0.22077639652836056,-0.07236804441962894,7.959543818779031,20.3233401620116,-1.2686336366653919,-0.8748134089417255,-0.21919105166217923,-0.06133462628875195
205.8114610567975,5.432594449942349,11.347486541733703,14.180274320365575,0.004507374024498873,-0.20208526156925352,-0.08167942176816935,7.624275490819214,19.856987271174578,-1.2706456721591608,-0.8439626195058207,-0.41070590937811824,-0.058694129164561674
206.0,5.500040509932369,11.40688389323223,14.181883102404397,0.009173859208221984,-0.1938784099687215,-0.07870847655908017,7.5438029033673395,19.908253894748665,-1.2988272511434298,-0.8209701822810034,-0.4295455303714723,-0.060497442433025156
207.0,5.668320277379422,11.005372382435427,13.751236879358315,0.018638188916251748,-0.21243691226077394,-0.09984532247572335,6.899457007461103,18.935201271159777,-1.459957835017152,-0.7136459242453367,-0.690252193400768,-0.06510272679081715
208.0,5.149736957380484,10.822794481262846,14.177739819256681,-0.014728210836361548,-0.20547529483400173,-0.07267877142191076,5.623261289569568,18.597564844178276,-1.484149038238263,-0.7253613981173186,-0.8173263174505097,-0.06605980148033375
209.0,4.900258393709565,10.423034392577915,14.250526961710126,-0.028188539788771144,-0.2199213123781458,-0.07010151825824469,4.577928727724146,17.42500967993139,-1.473053357414316,-0.7062833507443217,-1.0487008099757023,-0.06114658949928458
209.6107072084318,4.904877627055224,9.88354583849308,14.632077101044567,-0.012579308182536211,-0.24825891338242959,-0.05677302337602584,3.7308340734737584,17.081567895785057,-1.5399704095034334,-0.8148769395545226,-1.054380715501705,-0.06567610046428848
210.0,4.955374540533991,9.443927328461315,14.616372993669895,-0.0033292105885595405,-0.2765592359761801,-0.06297345232915909,3.479310502649362,16.256279098131316,-1.5497350226792588,-0.7825585363701381,-1.1725899819937096,-0.06357879954491825
210.21056157013808,4.906182114385795,9.133731115573173,14.955423643736372,-0.0015590692016915599,-0.29435023533909954,-0.043543599882711184,3.3493070735075996,16.165027650735734,-1.6083086832586946,-0.7413758095972225,-1.1551253738497973,-0.06957283824943405
211.0,5.081896437708272,9.075064902997351,14.65756704597917,0.008829287554761357,-0.2821182203089512,-0.053261424982751084,2.9816255774336904,15.355619482536392,-1.8238017781038378,-0.6719310196827608,-1.2365478853222878,-0.08141743384516952
211.41027293606194,5.078958477497402,8.987970512179894,14.623805480513614,0.00873131788993438,-0.2793512257823206,-0.05443075687908956,2.726633980302975,14.75103750997059,-1.8522824871350854,-0.6380671714161469,-1.3224188398223509,-0.08137910950573359
212.0,5.274897594831225,8.977637257321094,14.299453836603096,0.020850529613313393,-0.26921593293351703,-0.06645566368231863,2.5850814810133955,14.063223760570503,-2.061656908977833,-0.5760949977884539,-1.3736895738023738,-0.0920674587763809
213.0,5.330730243850438,8.920677855704337,14.230249226471466,0.020386853345213275,-0.25493215189715346,-0.06432401590838224,2.1135912586897696,12.827590116930645,-1.9872321173455447,-0.5022700338137158,-1.4486896292384892,-0.08397408645361149
213.20990922033982,5.312759725150312,9.006066336700787,14.003545057118128,0.019112846450897055,-0.24365514262827892,-0.08031534975744822,1.9855781682528622,12.298002007583282,-1.9616961057685773,-0.5087461468988351,-1.5589914639086873,-0.07826641715808445
214.0,5.607299490671396,9.018301009834962,13.67430331870922,0.03842150769957263,-0.23256971551091443,-0.09346321383367823,2.002897118688861,11.151904579034714,-1.9345503242776894,-0.40728730123526835,-1.6115492467369075,-0.07334932052667327
215.0,5.182184754898444,9.149401699558819,13.816607767917866,-0.002848260346135334,-0.20543570645664144,-0.07361227380503979,1.0426276922188353,9.994497113518289,-1.7490069089621867,-0.4325891084499762,-1.6127324373325493,-0.061060355920895246
216.0,5.196158882422811,9.175343299118204,13.73373238753364,-0.0037304812907909732,-0.19210089191313098,-0.07280772923855879,0.7698150537406723,8.596812449455404,-1.480738310847138,-0.35730286660100513,-1.6167263868091388,-0.04144565646550699
216.80989046036794,5.078194928080227,9.203762612835536,13.284195098967906,-0.013932962058265788,-0.18056202219723352,-0.09593544685405248,0.6434859037390397,7.077275059899579,-1.4558751034958735,-0.2740860759932051,-1.7144559129369927,-0.035335282834776854
217.0,5.116453839890488,9.29453533974534,13.513895649062697,-0.011105469118307596,-0.17493221320491809,-0.08533224713603352,0.75465752195069,6.9257998688102935,-0.8647925023103363,-0.23786591661784293,-1.677853753031837,0.0019266604934885176
218.0,5.128747724571427,8.841136574211486,13.921286907133018,-0.007342216247915165,-0.191223780106063,-0.06593559072796099,0.43015807488619373,4.85419100599246,-0.7071380777557127,-0.18678420944882076,-1.7620874425139401,0.012949256359577725
218.41033487583456,5.167628346455937,8.770381013579499,13.937465694437561,-0.002940549464808211,-0.19054847205304615,-0.063729918036992,0.24969979902159156,4.110982688752151,-0.7066514764684778,-0.20311209647346018,-1.7683400146151826,0.012610650143234549
219.0,5.382850204137129,8.498611536249186,13.850774973908294,0.015000185484253404,-0.19975143929745923,-0.06892716753422747,0.2873980714827823,2.8167157450044806,-0.9761673294117359,-0.15121910120344867,-1.8098721793469907,-0.0033803648937201173
219.0105762400491,5.361109153919146,8.50527671474016,13.595510854963328,0.011692129769876932,-0.19726121027125504,-0.09161535775068841,0.35862368681427004,2.71063429624191,-0.9223719518074961,-0.11809223834980778,-1.8619386812413257,0.00371384343116312
219.41075798766337,5.343390127471122,8.41130970647099,13.47346576735796,0.008236198266250131,-0.19765750568772175,-0.09862201158128474,0.42712104642084797,1.958012255344749,-0.903148993479454,-0.04418450841846797,-1.8711654872024817,0.006822723653193238
220.0,5.527895930557605,8.314915548141732,13.375911733067865,0.023416762885327146,-0.19750319975120423,-0.10203837530269665,0.6738933672946323,0.9747999325330036,-0.7642499832983504,0.03136122947430657,-1.8357269875263744,0.016533174814080943
221.0,5.575398511369143,8.02430363373951,13.627289703762607,0.025166549191522093,-0.20268905901439155,-0.08741204266790002,0.6972724053628588,-1.0716314037182226,-0.5506991896909428,0.10476419755871458,-1.8471639544868559,0.030188566735129124
221.6120029520611,5.636936078248591,7.918260890974434,13.738315435650543,0.03138999565364917,-0.20303247760945686,-0.07241836942383773,0.561461324223216,-2.147767899257545,-0.5712753197579437,0.06611311727480415,-1.7923670841693293,0.025548466724569008
222.0,5.785535815761659,7.593825847928774,14.6276505526457,0.039691667199118603,-0.21655414955790017,-0.033569232052770105,0.46182983734619515,-3.678215135331821,-0.2902470356760751,0.07887834662467566,-1.9212638795610968,0.04099808606101514
222.8128040966043,5.824808020197965,7.466908478251456,14.533905171542344,0.03837439717058675,-0.209341227699803,-0.05013304417089953,0.6669549394349393,-5.44866728925658,-0.20714157635558417,0.1746296100749848,-1.9591415611550396,0.04957985289600011
223.0,5.631408949752394,7.518647749849036,14.376531241971772,0.025140002027276405,-0.2044129778897074,-0.05585741428178365,0.6871181390489178,-5.2336036712458265,0.14269919706480969,0.1839630933606419,-1.8409905875224215,0.0721269602880879
224.0,5.8229871213638775,7.294130455961544,14.286788138155378,0.03618771498116967,-0.20557194810048493,-0.05790710239408915,0.9575556053499658,-7.423345816536776,-0.13756727815221448,0.25556106849890187,-1.8379309496046377,0.05282408058025646
224.01364389691997,5.755173881114938,7.2570653015077715,14.417428595553115,0.02697430197604776,-0.20971113625140325,-0.04116188676253784,1.199004382706142,-7.329185427522409,-0.17484403653342223,0.35900128880550586,-1.7864922443846958,0.048407410018996025
225.0,5.316201008428459,7.03377080358731,14.745845352169809,-0.008260926944070008,-0.21093355754483983,-0.02102469290872394,1.1350614429651873,-8.810674859417231,0.4659855818582527,0.3797481691121693,-1.6536172660576496,0.08750532566677591
226.0,5.766211802506279,6.821553409996625,15.016178001243293,0.025470277430118305,-0.21159632186584526,-0.012199016396350536,2.0446616536765316,-10.767509421858335,0.6190875839297143,0.5312870422112943,-1.5962734250596695,0.0956452961320114
227.0,6.196240561944353,6.711886195748616,14.974603853693619,0.052571013317265804,-0.20772691696524176,-0.014699722865474997,2.9898482990980693,-13.023920042791204,0.18736378230638406,0.6794233037503186,-1.606250811957726,0.06563338588580625
228.0,6.1942324594065745,6.499106593222476,14.971005582772506,0.048480384425107936,-0.2080522435149568,-0.013584575859334347,3.605288193300506,-14.569220629682997,0.2726260877623807,0.744792191557611,-1.4809554271160557,0.06951977508084191
229.0,6.146558799324239,6.263388661205881,14.761687401212022,0.04192047229188909,-0.20884200741931225,-0.021116826654049087,4.200292538001359,-15.80622080710648,0.2075487684513715,0.7871461311518068,-1.3088134651044656,0.06354070662639048
229.6171312275841,6.216047704457989,6.212844081248598,14.56431384237531,0.04613154782675679,-0.20142892189125486,-0.039556895841309336,4.60061542084106,-16.77195748011352,0.2917708510571563,0.8006860089267327,-1.2758150475295342,0.0701146032046467
229.8172226794681,6.427424058357751,6.231775290552493,14.624829283019775,0.06164948710089131,-0.19778231360321735,-0.03605685324753826,4.417795914412696,-17.050990940013108,0.29565517923798756,0.7062902764520684,-1.2451284561823825,0.06867608505731114
230.0,5.825288328949325,5.894620307343897,14.234006612408036,0.01919619594618196,-0.2098252860693477,-0.05454135294821065,3.937476540820641,-16.415826452642133,0.5349907028993349,0.6223995695639281,-1.0688931702107725,0.08593475394174112
231.0,5.852675858386456,5.730179869411031,14.717471552666208,0.017920657146598434,-0.2114378961654042,-0.026127901516770594,4.556226224799425,-17.92007304183479,0.9309285123597195,0.6629156688601768,-0.9918820473458267,0.1057994443792265
231.61789595619553,5.848296229944525,5.580356315260617,14.926833224115185,0.015018851851231564,-0.21618062675462862,-0.004647477207198457,5.067949494017902,-18.30940415936798,0.9470830088483915,0.717276839915459,-0.8199283075833136,0.10275958350988787
232.0,5.693798851956373,5.432837347150899,14.715174360291185,0.003559023335220922,-0.2190523089599653,-0.012920903148770955,5.154677471576601,-18.545817137521148,0.8326096814096219,0.702910886071077,-0.7441064271705362,0.09436360201520234
233.0,5.71989400839836,5.293929466636683,14.738942396507797,0.004371168146120503,-0.2174994289975988,-0.007566559004550855,5.887691431011609,-19.654665357658892,0.7481553662287225,0.7403641205332858,-0.65050087421102,0.08393317205757213
233.01821874789073,5.772685971608007,5.214254499435017,14.870029767458774,0.009184364577455695,-0.22465702225156814,0.008694800966358536,5.802958503233009,-19.534778116256877,0.7115578758449099,0.7025027075417315,-0.5976507029193528,0.07937614598683622
234.0,5.848943060515068,4.939452025636097,14.852377916435172,0.014830873073934287,-0.22343091580933042,0.0003342317805737939,6.5970735729429055,-19.34765982032461,1.0534680974673547,0.733251413801339,-0.28571644735719237,0.10084865256779105
235.0,6.0649220771295465,4.845696681473016,15.238738975883361,0.028622343958113826,-0.21894659697189053,0.017222359497758844,7.6696594969103975,-19.764190790076615,1.4269081393734346,0.8118831191682051,-0.12999332447768533,0.12003481118671848
236.0,6.176517439810345,4.8189240187868805,15.66616873428842,0.03405491907136523,-0.21669753681484605,0.0455946013621142,8.67711402737088,-21.359387606014838,1.4659738593622402,0.877497897146365,-0.24738170841164214,0.11123938859323725
236.01828894008275,6.098233499281941,4.560916688482424,15.803243312265964,0.02753918750228885,-0.23597034910711506,0.06690922271337169,8.813881567223559,-21.09371406312735,1.4196528667748651,0.9219187631616659,-0.15433988138840882,0.1059576725227191
236.2182642675452,5.955136310407793,4.278190939435291,15.71375475892903,0.015193915753545189,-0.2494976854685912,0.06336276289550657,9.24923926065452,-21.01460640791935,1.4491355573024864,1.0184080465701435,-0.09459361729189317,0.1075961163286994
237.0,5.464139384427389,3.6924276274834487,15.06447485831817,-0.021045373432408913,-0.2609746130401306,0.023194131455033434,9.272587732537957,-20.012648603962152,1.3947621141711861,0.9194366310532827,0.21850519713920868,0.10587415024587125
238.0,5.434214643991898,3.4190425615864584,15.098611043806116,-0.021362415402045823,-0.2636494409817843,0.028684230291364222,10.240946633895662,-20.170953629760753,1.3632560239017162,0.9562353927870735,0.30708450759136424,0.09668251964240884
238.8176544914508,5.32418896256396,2.7125689510005606,14.943131036308902,-0.029302432689937874,-0.29040675794494497,0.025049345641721933,11.289312179512272,-19.601848155879633,1.4508097877181132,1.0680473250831355,0.5083123407213227,0.10000355484829636
239.0,5.266764366249511,2.808358906360377,14.552365474522693,-0.03398428623135308,-0.277251190026199,-0.005191871566729095,11.27872016086728,-18.6438919235894,1.3187295843065021,1.028311295213057,0.6969647629558595,0.09566356032234911
239.0175883884661,5.270688767878533,2.096512407840465,14.409623431131527,-0.032414292103473796,-0.317017957023814,0.002571738728639191,11.305748292955272,-18.30857095605309,1.2964377857876916,1.040930431208798,0.7951777661050001,0.09317556364918458
240.0,5.307860966705705,1.59144238234313,14.661479178272327,-0.026076579737695983,-0.33136674813295575,0.027091861062946063,12.602633645772878,-18.34234615984781,1.3836893941301804,1.1305889916040839,0.8094371341375534,0.08972829787412064
241.0,5.007976787932436,0.777068291118248,14.41417060540185,-0.045720214855121295,-0.3518584207550039,0.016296679119733613,13.151652629916356,-17.405209792230654,1.4755272351334954,1.0629733278827924,0.9665382823652341,0.09173425482039062
241.61658185808886,4.923440668236871,1.1336017901082251,14.639069774783446,-0.04930915065068857,-0.32219552527445244,0.020471129377721983,13.789384056771432,-17.05407365154852,1.5258044174828749,1.059667699716121,0.9801210520949654,0.09122193941132009
242.0,5.1894878731216565,1.47091685776567,14.78024428660893,-0.02750727021968894,-0.3046502890930539,0.03148893293474869,14.938442523472439,-17.000194756752173,1.2469602213974487,1.2000532585768777,0.9793878169553764,0.06992973547505654
242.41625194277512,5.155264479463974,1.2972371974168517,14.728064132598258,-0.030280634382021922,-0.306438397300298,0.025013014400781016,15.526112526292978,-16.58917185546515,1.2922167401842322,1.246695208516058,1.0256190073014317,0.07174901985995832
243.0,5.300169746431094,1.958788399689921,15.102876363426722,-0.017957342616955543,-0.2697468327216943,0.034517263624209656,16.777862082792726,-15.562513765580276,1.3563250415167383,1.3491484889824834,1.1769497176997201,0.07446702808127717
244.0,5.390001513314474,2.384045150236528,15.583621329092944,-0.009203945042454474,-0.24097103334163192,0.04906494215734471,18.625070307595628,-13.937449191047783,1.5993528784907889,1.470232980374121,1.3669574504394137,0.08666576257111504
245.0,5.475080747149624,2.4040693208208177,15.651951074555605,-0.0005357200457064299,-0.23148650673141657,0.054160815656350746,20.736985818420223,-12.884549190418948,1.3756227080544796,1.638165039488443,1.3986821613087919,0.0669988022042009
246.0,5.404125069602287,2.2749211195261267,15.682219579407514,-0.006546509668394795,-0.2264361433433348,0.046940346747496045,22.01332497433922,-10.788795759114896,1.547112436147535,1.614822625899715,1.6007981554343051,0.075919063777814
247.0,5.362076373889988,1.8333992639099446,15.34942608004555,-0.01102028522869064,-0.23361630149732113,0.029769909377629574,23.09705064936184,-9.041172416113604,1.3887195669113608,1.5497531400022486,1.684034116426957,0.06320156614127112
248.0,5.3354131122586725,1.5698050838059845,15.04796511197109,-0.012292636901289587,-0.2339466785193406,0.016534718510530677,24.58546742393033,-7.494032409753434,1.0629734382181504,1.563252371285502,1.6968638177858453,0.039001247660844396
249.0,5.239197456234235,1.6447873260877153,15.152699007764467,-0.014469725143111527,-0.22275710105883922,0.018665909295412616,26.77686726988546,-5.407743319429011,0.9782592324026055,1.7079852520393222,1.7959953433123437,0.03149354158126006
250.0,5.110367869425972,1.6531238951770524,15.03552347166272,-0.0197123498749851,-0.2145029467420524,0.010078613715104887,28.580376396418764,-2.482948961808087,0.6585887241185564,1.7519342819306092,2.0288210546319876,0.01041685805954718
250.6161825126459,5.072351968233858,1.7258675682961435,15.248857713910397,-0.01931525605840613,-0.20735311701989745,0.0224430121862731,29.582432748247548,-1.2426227335932354,0.6367113446459385,1.7443625278816253,2.030828265420398,0.006761686116222257
251.0,4.848794089353918,1.957493452732371,14.839203603463053,-0.033470184777194316,-0.19206126344833094,-0.0036138012676485386,29.974800840400317,-0.09703926730392748,0.1491834094895228,1.701411333586681,2.0935425328987844,-0.022619915268965438
252.0,5.156413523395336,1.1453302830570764,14.437674428096335,-0.01979735701890608,-0.21590577992634333,-0.018420794319203418,31.04200742414549,1.2805748553747618,0.1666470752489397,1.6018234019897004,1.9417288728720823,-0.02175836372877763
252.21734216436798,5.264747653387682,0.9754769415739961,14.401822826918103,-0.01266165455434529,-0.2234546997250578,-0.019245149316054685,31.318175691830245,1.8228080032732654,0.16311089286088956,1.584055735163578,1.9738963133888052,-0.022182172000363272
253.0,5.308066292269509,0.6997871252481653,14.081428525605943,-0.014062841102246901,-0.22567614076160786,-0.037103406884467185,31.89288970755235,3.2367295833708187,0.10475247305236693,1.458125731687892,1.9070525490273087,-0.025185312133445964
254.0,5.039627469538701,0.8295469109045195,13.953913512929683,-0.028667685619832326,-0.2099201516011952,-0.048558010456880685,32.91189436414548,5.673637417084597,-0.03339680359380669,1.3521846146384344,1.9407995153583553,-0.03213269774789022
254.81985795829644,5.126006050427071,0.5926407640286624,13.793162301561946,-0.02261745749629107,-0.21507592573328235,-0.058442841558520336,33.966773411295144,7.384882383391282,-0.03559605543038157,1.322282135434088,1.9228935832665168,-0.030902672614816024
255.0,5.618652429516162,-0.023106486868484155,13.445280159735956,0.006549402070274941,-0.24297893878068563,-0.06291340941857798,34.934935157488034,6.98206351123894,-0.39640154604354466,1.4629293018917398,1.7936142052875004,-0.05502868346841912
255.02007340150274,5.678038462139559,-0.07843596600225936,13.253763101701928,0.008000884087090373,-0.24582319557318505,-0.07954470202862693,35.01730849228407,7.062830387950943,-0.35943913830643764,1.4871203870631193,1.8099573448680495,-0.05031611503942629
256.0,5.946890929481392,-0.5616013163279034,13.188094991387503,0.02219644647067169,-0.25779779481907567,-0.07540752753022249,36.64182610393221,8.420258361614826,-0.32506501232539164,1.511529167245417,1.6459803526156735,-0.047115306082520014
256.2214034135306,5.937025088786871,-0.6094172689387268,13.143079330071142,0.02043775474181428,-0.2564374527689549,-0.07840559926791171,37.02160978907412,8.745004406461812,-0.32821801513996146,1.5249419105800246,1.6063332537684645,-0.04671374835076435
256.4216295312188,6.040737974291534,-0.7145139096955685,13.136290113197717,0.029025263525994174,-0.264076481369166,-0.07659428603880354,37.14692179544352,9.286697006336917,-0.34297714024536846,1.467227902254471,1.6565125103153107,-0.04838221084768577
257.0,6.105714454630483,-0.9147152935066879,12.981569659120984,0.03131720313853473,-0.2663565910171388,-0.08119184221505973,38.000062199492056,10.14817811191617,-0.46799086630072306,1.4598184169910124,1.5715662099311873,-0.05498247802225703
258.0,6.2437153399498,-1.2453821307849275,12.842327492149552,0.035710008914059836,-0.2696626879120338,-0.0841868522629587,39.24136026830691,11.447132808154112,-0.481891845452124,1.400704286624029,1.3899482830047176,-0.05411324153683143
259.0,5.8832191602354955,-1.2873541195497384,12.672239078327177,0.01673716217417721,-0.25673720198895766,-0.08959129647808743,40.70607750741619,13.426853904262606,-0.8346302988636766,1.38475033792104,1.347690697555722,-0.07462344045422893
260.0,5.993290573572995,-1.5660420208460573,12.431562800242625,0.019701464195025407,-0.2584461639851855,-0.09780190818946081,41.501355147672285,14.41325895138867,-0.9355422099603841,1.2421114495506835,1.120367236152962,-0.07814025947990272
260.8265261096612,6.304899620769729,-2.0180366734510002,12.261898543219171,0.03999103505784814,-0.2797282278217692,-0.10370867357321385,42.131482364738524,15.847011111529293,-0.9923663161849798,1.101692013216678,1.133731934000334,-0.07920872147403073
261.0,6.055775900921642,-1.9275080374134386,12.363659484166478,0.027083539316246456,-0.2698730756416229,-0.09902362186705092,42.31584107617469,16.431145204118422,-0.9807835545747154,1.091099907281916,1.1671920557515054,-0.078462788422557
262.0,6.363956911238001,-2.339082673100276,12.182104918810044,0.04138064467120958,-0.28052411151120643,-0.1016211456642461,43.519273470059005,17.054280442656317,-1.0527539292235537,1.0621786973401859,0.9058789468187672,-0.07926689174289966
263.0,6.7430316878825165,-2.8401173503200887,12.329284818730864,0.06098733366543814,-0.29566417988659216,-0.08455731713461019,46.15566590308429,17.576602359658025,-0.8930467600303973,1.329521334205014,0.6576540871963231,-0.06828316853104402
264.0,6.663368672658566,-3.07050093209838,12.418915505253784,0.05408607696827789,-0.2902186045809451,-0.07780493096028142,47.205592091052544,18.458825400548047,-0.8020932760373045,1.249697274960764,0.49897535442993235,-0.060081455646834286
265.0,6.650185031884417,-3.35880326084365,12.559414735117674,0.05132788835868038,-0.28826725915885365,-0.0668808605703066,49.025482176072416,19.242808118353434,-0.6660515842662447,1.3345537018613653,0.35145835825194405,-0.051046837945687595
265.2304273571339,6.766386593955541,-3.5818785774319983,12.692526118614813,0.06022872566932042,-0.2986712157771921,-0.0535873426860726,49.166531061405024,19.478621576141492,-0.7123356006375138,1.2807894638196948,0.34625720533926174,-0.05581166538007934
265.8308379752389,6.821846464383971,-3.6894248800674605,12.243431032747516,0.05522411411630191,-0.2958028129806467,-0.08870598379816937,50.18366078633231,19.59494145026942,-0.6560242281890397,1.3358222701978377,0.20107122957342224,-0.046519282290400754
266.0,6.903709929580744,-3.770627055569937,12.142060246063975,0.05873439475057238,-0.29915909214804365,-0.09367865516940027,50.25342108713918,19.440550066285144,-0.7053222439026074,1.3013927920527664,0.1288566791663309,-0.048340713655711236
267.0,6.8703025532241035,-3.999170820609008,12.14394257386835,0.05371594853104593,-0.2936719065389618,-0.090342207134265,51.33853256737467,19.558644914767882,-0.6483407190833065,1.2322939387710101,-0.08890297943052602,-0.042580572129335206
268.0,7.036001399690623,-4.360921509575949,11.95933785896795,0.0596448324538726,-0.2999240172506264,-0.09500345962629517,52.50385308249313,19.039029913563844,-0.7497462521496681,1.1861155234621517,-0.3872584797862315,-0.04545819113984482
269.0,6.811037466189504,-4.490716800258672,11.824938085070064,0.04368654373216743,-0.2836192813556759,-0.09486805246583499,53.86461525322026,19.60113671264338,-0.9881544580008654,1.177604385369587,-0.42255583750225606,-0.061289722061082755
270.0,6.771744323847365,-4.701913393868933,11.87702488229747,0.039597011766290956,-0.2785371404445375,-0.09060662532234072,54.20392360589892,19.119878995038363,-0.8480888230039669,0.9667432492575763,-0.6388736158542165,-0.049259965858538556
270.03280660283747,6.708114566983033,-4.627670602882314,12.164151467144245,0.03817346566319839,-0.27120812747826245,-0.0675850248469437,54.20512532735292,18.99870150106842,-0.8999569326730249,0.954296972736423,-0.6783062296317844,-0.0549236276631891
271.0,6.726161707509109,-4.847530465771485,12.236070635096736,0.037265978347781184,-0.2685973154272787,-0.06275978224144997,54.73629908544802,18.164030001390117,-0.7565920131945693,0.8139615158562312,-0.9125082484857523,-0.0428882391612304
271.2330870859007,6.701013003532625,-5.201428141489712,11.683263503792396,0.034582203028251025,-0.29036721826032513,-0.10777172871208024,54.98604406370936,18.21386945803149,-0.6659831523963776,0.8130682217678865,-0.8829551134425001,-0.031926188808928335
271.4331226046398,6.676638367296951,-4.823195320094181,11.660953734183932,0.027504124535136378,-0.26055841926963813,-0.1054897645693498,55.33595743834642,17.610873598547446,-0.6693044212143524,0.8537057076283333,-1.049098333474719,-0.030181962940069643
272.0,6.7504935436450015,-5.254999099706645,11.811685803218962,0.035062564399966495,-0.28038102630469164,-0.09839030008268718,55.59574553892649,16.400943653086447,-0.4014361522411503,0.7639648546856739,-1.2860841976570405,-0.01039683406551796
273.0,6.744957334988453,-5.13156768959728,11.718768918845004,0.02737853455312455,-0.2541521498315493,-0.09710125296004554,55.982590905086546,15.61947069500617,-0.3790522127406129,0.6128282295122457,-1.3958278115582907,-0.009979396930533551
274.0,6.784349853428162,-5.369679733932053,11.659159240571654,0.027510977091790255,-0.25304686461375947,-0.09426701885063762,56.89710354334401,14.313934632019368,-0.3829019135556608,0.5824674206679646,-1.562643744864145,-0.010073715410878651
274.2333193565481,7.253882009818355,-4.81640923660163,11.321294541329491,0.0372496320818938,-0.2167017519078142,-0.11166043436429766,57.19562938975669,13.571898127948362,-0.3398025611998426,0.6169714661718321,-1.7206789197885528,-0.00314447733571783
275.0,7.56111140127609,-4.34273084997072,11.504500236918204,0.03963515463806041,-0.17888110955676187,-0.09283470523514903,58.41313463236766,13.493531772778022,-0.07140418455467912,0.7064416160404352,-1.6246150576488327,0.008557000690599283
275.0332858072451,7.580605719493411,-4.326285077975558,11.517214000874961,0.040247840580111285,-0.1774512193925763,-0.0911624809490622,58.434673980754546,13.425007815168117,-0.07479192825183176,0.7033541095813339,-1.635044055794369,0.00817000054315873
276.0,7.615820525344537,-4.514921945510381,11.290029908760797,0.039894421286821934,-0.17850143077449457,-0.0969392855092349,59.25330857258542,11.807210463144143,-0.2445937440830576,0.6584536583059936,-1.7870378410532357,-0.002137723705160858
276.4331517273287,7.198328511467269,-5.003973031458677,11.199142544002507,0.026309293433550318,-0.20264055350047344,-0.10860077778162927,59.53437638017369,11.287661370757752,-0.2197560427236377,0.6185277566679922,-1.7724639996951341,0.0006501134026220834
276.63312582340404,7.401293859957228,-4.831027395497048,11.197844448629965,0.03209859168967331,-0.18960368615636208,-0.10330879383192908,59.66866281384444,10.75464504470792,-0.23026841960235137,0.6073880068309282,-1.853918110361937,9.832469260453167e-05
277.0,7.78670643686673,-4.398987684523695,10.933671406444287,0.03937237374682717,-0.16275723033170567,-0.11113032412351082,59.47454781187514,10.47145170952508,-0.3381800386703696,0.49879577916710627,-1.8302460311260476,-0.006779023065307811
277.0330696290429,7.69432464242408,-4.490015228057414,11.066353677166157,0.03753149452963569,-0.16716908960807125,-0.10055207115339908,59.452431722821494,10.448084866418624,-0.3631855027080452,0.4816394295133093,-1.822290343116453,-0.00990838422777486
277.83294155345305,8.241431879020615,-4.216783552731513,10.914549004745526,0.0537822879464331,-0.14301342260393549,-0.09862764143854047,59.81962744839003,8.577900747146122,-0.370580548798988,0.4142822195337488,-2.035138900835123,-0.007869822556623555
278.0,8.264107283195088,-4.220126708765161,11.060047877036984,0.0545035852867496,-0.14179451787168512,-0.09166261162604462,59.71360399022787,8.20702964532856,-0.170578100796663,0.36224966500963335,-2.0625936160165934,0.005055542097798377
279.0,9.006659884561635,-3.658900844473767,10.841045559706195,0.07078002805386095,-0.10707089075407297,-0.0926371086555462,59.65359155673327,6.806301318771273,-0.11793489117351613,0.18797761253305595,-2.04011409978255,0.007040683027975341
280.0,9.761484507239896,-3.1360114300913193,10.472459305831249,0.08688223376060482,-0.07754132548769918,-0.0996545640395134,59.73902455714056,5.613556900924381,-0.27514421542818246,0.06653541435662216,-1.9466596538085132,-0.003505432002520341
280.0325108159997,10.095625859007287,-2.9121487593380704,10.380030202186278,0.09698116372417614,-0.0654123758172991,-0.10299784955949554,59.7485799501941,5.425715776205152,-0.26694307192251254,0.06929841448331599,-1.9915322046141857,-0.0021985032563790804
281.0,10.971581109922331,-2.356930467053911,10.74703046374027,0.11883044294235742,-0.03629820209082222,-0.07760935258532492,59.54539380637675,4.215416223895954,0.43602728533094776,-0.08421972284634918,-1.9006929301435396,0.0407092891673623
281.0322918298786,10.776947208383904,-2.466302169498804,10.66870647300504,0.11156670457016543,-0.04191051540114194,-0.08831552550101351,59.58697034277157,4.210601014461917,0.46294334575038937,-0.07571969016710242,-1.881965650292113,0.043810051198361316
282.0,10.570733841108632,-2.72922692313852,10.81504143586931,0.10398811650880399,-0.05193738550704512,-0.0785487537208573,60.00458626784194,2.1937827243464136,0.6427270834397609,-0.0904865483593665,-1.9328896158745132,0.05333839169010282
283.0,11.05542903029038,-2.5351693863268085,10.330257682377264,0.11305151934091737,-0.041376239288834465,-0.09465720956591872,59.56082608151922,0.5963155334507264,0.33703938445304915,-0.2666944731921615,-1.8632051821992301,0.03357236852503123
284.0,11.02173006944252,-2.6602556968406326,10.01456552306814,0.1085091828140378,-0.0450950790062094,-0.10480117544555644,59.28574326561917,-1.404480287894356,0.07766426265580395,-0.3856927340418466,-1.8592885024760575,0.016555066449182556
285.0,10.588286718538448,-2.9672327410112826,9.940180648939299,0.09416093739083622,-0.05605856519467706,-0.10530318770643732,59.605549127736694,-3.835476018023628,-0.01902166895027066,-0.3606567386810281,-1.9268207975255272,0.009788693993303852
285.2313337795096,9.466497518502045,-3.679906155090488,10.64928221953507,0.06314722139727394,-0.08921347648257852,-0.05300036608224187,59.410236290584415,-3.910534082597837,-0.13966980723896197,-0.4307781363204442,-1.7948540842475513,-0.005009470094205149
286.0,9.451335691255492,-3.782553299167164,10.69237179703192,0.06151148904565845,-0.09062579065004145,-0.04976524821216448,58.975856315536,-5.323808835224577,-0.05412620205485097,-0.5389648304834481,-1.7450005745298567,0.0012847068109687314
287.0,9.54625292962179,-3.8458386449813338,10.386181621353241,0.06189911889991742,-0.08965527557429358,-0.06022890552396599,58.63493273558969,-6.9696436507285044,-0.3670552139440717,-0.6096842575141411,-1.6411340742561722,-0.01877175518527131
288.0,9.139878907779599,-4.108346043575227,10.327920849159423,0.04876221504095984,-0.0969847921103993,-0.06161271446772393,58.27301773037216,-9.048587923934104,-0.5003395226283616,-0.6709858967313791,-1.6205486605267612,-0.026360346780159888
289.0,9.595486049849942,-4.060244092997924,10.094527626985652,0.05988291451055176,-0.0909867184480342,-0.06708848095221762,57.689262491534585,-10.029135105857689,-0.6572076461801686,-0.7552880880172496,-1.3813391581873464,-0.034215983543579895
290.0,9.1935200930153,-4.230787577573429,10.430145396933954,0.04810302003773345,-0.09475935502245467,-0.05106067330289537,58.214155203062354,-12.02922639566014,-0.3040952456402426,-0.5954292338869716,-1.3637006816986612,-0.013590120021002856
291.0,9.099225596704676,-4.340612048273955,10.431949336310643,0.04418577937764215,-0.095664959263347,-0.049187672894210485,57.87549035913478,-13.62694478648236,-0.2843369138016871,-0.6211091098224141,-1.2665547333802991,-0.012241650826546909
292.0,8.980145704326304,-4.420020216457806,10.166903258720183,0.03899373954397882,-0.09579162079845827,-0.05790893783458774,57.98882642291661,-15.250211174853186,-0.6466206668290639,-0.5434950272840873,-1.1884979468801216,-0.03600530767829279
292.42933995725593,10.736734025991282,-3.799775553445528,10.558259554416152,0.09427926904486464,-0.06771429726331091,-0.013870374035187386,57.50456615175445,-16.1299756983868,-0.7781300275666145,-0.630507426354062,-1.2269924019772291,-0.050196765934079804
293.0,10.85501345843796,-3.8525923175711254,10.706348863218498,0.09641680127217019,-0.06773632527835165,-0.008274687092047029,56.48588064711998,-16.64765183853338,-0.5341680226765266,-0.8049579789867402,-1.0984687584934971,-0.03246346183981291
293.82875614881294,11.473054504329395,-3.662870768317896,10.34829444618056,0.11166898022403082,-0.055519150888389504,-0.02923839793476335,55.764324514695446,-17.721502186711337,-0.5145771330056425,-0.8831367317853472,-1.0157431592001427,-0.02882604615214321
294.0,11.236136770505881,-3.7648765324747235,10.446568871635694,0.10415572653628022,-0.059824174665104174,-0.02580231544511578,55.438177538274736,-18.055665048661115,-0.4358507981362793,-0.9347823685495131,-1.0130946096255058,-0.0233980046552154
294.42847240595137,11.459548454014223,-3.700013939862073,10.148859089812253,0.10853692553288452,-0.0547360566623433,-0.04534399158437953,55.0466256537461,-18.562154115978686,-0.40181731270623944,-0.9694833563248413,-0.9653035158067772,-0.018665992623600674
295.0,11.832583154011848,-3.645532663045736,10.147973216893803,0.11796941378866208,-0.05037021665828147,-0.04375725646368193,54.30057878417479,-18.78738400044402,-0.2844087946954067,-1.057660548787506,-0.8051252975101751,-0.010199849472271467
296.0,11.97118050470994,-3.6798639321479505,10.122767653356155,0.11864448627305285,-0.05038813825871284,-0.041585461055121224,53.82886576440767,-19.660751146144687,-0.3581421373428146,-1.0246283075834686,-0.6460093291927631,-0.016305810949132436
296.22748192747537,11.880706802356782,-3.75341474689185,10.41491435318774,0.11598732612546932,-0.05547728020505808,-0.0183462381857917,53.565654428257645,-19.69575434279555,-0.413559554258506,-1.0519304828138927,-0.565690093551761,-0.021976955957580466
297.0,12.02168304335146,-3.780498567228377,10.344688655341857,0.11742686181577491,-0.0545038534183102,-0.021026661306066896,52.59261064456745,-19.970384116016938,-0.4593384610259473,-1.1433386313449918,-0.38601258695210416,-0.023257023113955087
297.62655149785274,12.310614933059881,-3.6588271633838767,10.059092604010807,0.12717310836088436,-0.03901486188301191,-0.0431538341624739,51.76964790952206,-20.569173064185296,-0.42620449870158633,-1.2215568768059026,-0.37538096323479575,-0.018916666435150477
298.0,12.293620162939517,-3.6760078088717663,9.90503651112401,0.12482293666913932,-0.03925137528888511,-0.049330781025128737,51.39419085228635,-20.76919802766443,-0.6125637821734807,-1.2363419304721348,-0.3143580788789647,-0.03047891578203967
298.4259520985325,11.988706524420746,-3.726091083101566,10.02750044227473,0.11086072615069475,-0.04536764671976063,-0.04002200176211021,50.9687115660664,-20.652820645013286,-0.6423394424416642,-1.239787579879183,-0.14962352890382052,-0.031272920707926165
299.0,12.333463057863225,-3.67463968697243,9.815500500983019,0.11976131736533246,-0.04023125430179615,-0.048730696410937704,49.98831524946121,-20.31348215204686,-0.750930146972231,-1.3345559201681507,0.04651393606548148,-0.035452629567685905
