time_s,rov_pos_n,rov_pos_e,rov_pos_d,rov_vel_n,rov_vel_e,rov_vel_d,asv_pos_n,asv_pos_e,asv_pos_d,asv_vel_n,asv_vel_e,asv_vel_d
0.0,201.15611189340197,100.2102190541937,5.412976468185581,0.0,0.0,0.0,0.3296483565896222,0.9809269144225958,-0.969577494084033,0.0,0.0,0.0
0.14913921907577607,201.21998355416335,100.11948030902856,4.683689624678449,9.530752004221292e-05,-0.0001353978379510059,-0.001088221593512975,-0.0968316962659179,0.17741945284333216,-0.8178946476372198,0.0006821293122333447,0.0003588641433630136,0.00033272424177489433
0.2,200.6214039597965,99.82221527304453,5.106869622195105,-0.0007978157941600031,-0.0005789245405568381,-0.0001795497249937795,0.006570534781921665,0.22875922501940443,-0.7936111308891751,-0.0012740778519539963,-0.0006607344992176412,0.00041648505547800795
0.3489318622302212,200.86320670980982,99.29532862784917,5.77986045406815,0.00015487815336999726,-0.002758867468047127,0.004495552062134643,-0.03547451176718537,0.3198012235294774,-1.1674940088482506,-0.0017716479708021677,-0.0008405622583388902,-0.0013802728458106352
0.5487236186049793,200.9523046958591,98.54581163555022,5.927570075677268,-0.019789320185205923,-0.01854248074592708,0.006283242695180461,-0.03672591580332435,0.4592246173232065,-1.24957213194627,0.05115423712505407,0.03596008608385845,-0.0018082657648870633
0.6000000000000001,200.7302133300987,98.49115832875763,5.936043981948919,-0.0692217871483822,-0.042605760644324614,0.005272131873270878,0.069276591146308,0.5023634296031019,-1.2342974241976412,0.2734950606968123,0.14597549558431888,-0.0001784969367394102
0.7485153822475187,200.47568766488493,98.99248713343474,5.8170379078984835,-0.07146946503855782,-0.03673418059599932,0.0022097814216075705,0.16043964310291353,0.4284077064332833,-1.1250479809490352,0.34629269654451694,0.15185148586561625,0.0028309763158365026
0.9483071531884532,200.38558861175127,98.94247008460431,5.8160157205408085,-0.10528449385613141,-0.05342233938620555,0.0012572977335956214,0.442803983630195,0.5641536738516385,-1.1218947068983343,0.8375798185266016,0.38895633892022663,0.015679708366631004
1.0,200.3690329624081,98.93577049162272,5.8171989159502635,-0.10559505088195352,-0.0535680344097328,0.001257277152345424,0.47360661409057536,0.5819690151695089,-1.1146232029905607,0.8774581900088673,0.40920031830849546,0.01803403110222852
1.1480989314585677,200.56613582426746,98.47396995914985,6.449769641908654,-0.10182563123114052,-0.06251985484047892,0.022112733682259085,0.5645484770011916,0.7498667057221099,-0.92581197472492,0.9603652033383909,0.5589686206181169,0.02675467887840856
1.34789071708882,200.23665670907212,98.6955396657895,6.480494239376141,-0.14434547580966436,-0.07411182966390395,0.022892575881955514,1.404331699930866,1.0447565331247595,-0.9320640038723985,2.1262965466659094,1.0010137109748047,0.08743069458025636
1.4000000000000001,200.20488831423535,98.67344610084584,6.708707004357427,-0.14812374605544334,-0.07601997504058461,0.036659224312637094,1.7081229387890684,1.1921055932694926,-0.8757389052315762,2.509702003863263,1.1869582998505146,0.11612344898253328
1.5476825101103395,200.12960681972024,98.75083429642257,6.887413170112411,-0.14991488162917638,-0.07355533400858386,0.05238768909363532,2.1260544321081856,1.3271302659577713,-1.0800651982685419,2.7995821881832716,1.2559936447710565,0.13952204763756576
2.0,199.98425328816697,98.63099883326021,6.895847147510112,-0.16204484753813483,-0.08037829318666267,0.051893836934796926,3.5183183963070004,1.6761217176942136,-1.0803287160894437,3.602542159462645,1.375691248334002,0.21442949187079216
2.1470579338364417,200.07264880182544,98.70538223013612,6.839047837562735,-0.20422314834826905,-0.10061551466459312,0.04513676817607324,2.793016259444908,1.2485023491599774,-1.155627272118596,2.387785028678082,0.7400501675723946,0.05884766200819691
2.3468497567378526,200.09385812554314,98.58891361419992,6.651033460236387,-0.19947098947259442,-0.10414880858364574,0.014441120090811325,3.2298819061166553,1.5331700308237266,-0.9071359806059357,2.546336489016381,0.9301663441878281,0.0819056959340987
2.4000000000000004,200.08006346031462,98.58174048795838,6.903027724360349,-0.19774052677564716,-0.10329593936965424,0.04725381843083624,3.4044450761401768,1.6003100031142048,-0.8507612405282493,2.639886837808524,0.967411129436526,0.09062262445749684
2.54664158718883,199.97042881984038,98.5273767013791,6.9054968437147775,-0.257098610036457,-0.1325420717447463,0.04590781142640163,3.1442306585179924,1.4166236103265215,-0.8945467058571183,2.186484952292384,0.7183515967111056,0.023540109750560714
3.0,200.20348779970257,98.4218918440096,6.972872273847203,-0.20979316706455192,-0.11858366719014231,0.0467275087403234,5.6095052626751425,-0.22546153724379492,-0.5409372907692849,3.4219138355898195,-0.593403958656248,0.08113233637187814
3.146017124162046,199.885217169127,98.9971163261822,7.082793493256267,-0.22543199147776574,-0.08270360299457122,0.05967145577203026,6.4614988858142475,-0.9888946255823012,-0.3999492232448568,3.846645637083195,-1.142891018096206,0.10258066957879977
3.2,199.69784641981656,99.05658383716262,7.237069905043047,-0.31955833599787126,-0.11985566541311676,0.08415971885094979,5.933178276558895,-1.6047668935584667,-0.4491833969112725,3.304496624619178,-1.6056075765450486,0.028037252145950625
3.3458089851350907,199.66325880494713,98.99961999366042,7.312632026251668,-0.32010353617440285,-0.12294650253118568,0.09776303153617387,6.3928418431025955,-1.7892004186878157,-0.5351448812762245,3.4250401341774146,-1.642284867378665,0.030713830247160918
3.545600853820523,199.86466712472622,98.31762826355478,7.333860601911919,-0.3242892925001314,-0.17715562398370344,0.09805876520353812,6.2351535742777875,-0.9727700034622326,-0.5719245468651861,3.0405469925884554,-0.9817443654445006,0.006250880990167504
3.745392730251464,199.699078845547,98.51726966076019,7.2567047743668,-0.32838744802195713,-0.15901780212655978,0.07646199282414823,7.192999677298425,-1.7927446903948052,-0.43787380550740646,3.4121433925250666,-1.4246983975078376,0.03362573278422262
4.0,199.35463949082086,99.06629969827443,7.319662656393742,-0.3435013926363279,-0.11668306120334779,0.07845862819476164,6.920920205930258,0.22340732232317162,-0.1911796157903009,3.010958984501143,-0.2497546352472504,0.029447320594663373
4.144976506483302,199.40988364639526,98.78181414589152,7.684180366402614,-0.3397927517662585,-0.139462236770171,0.15330731696657987,7.1884050900445455,0.4840519405508251,-0.4449162750147696,3.0054865063368266,-0.07967749140733615,0.0063438035678005725
4.2,199.39053116785703,98.77382092444572,7.749813740727998,-0.33984967671519806,-0.13949277021051995,0.16433671593576296,7.355789978097289,0.47991564591501806,-0.43396062721541595,3.0439863535433735,-0.0811646493957431,0.008182615447535853
4.34476840635139,199.07864855207453,98.52348006835334,7.764853048448054,-0.479991363560641,-0.21087088773696155,0.16114832236212542,6.5208195716833615,-0.22266661767483076,-0.5818553156558597,2.352226382638308,-0.5150795893579693,-0.0754622007118765
4.544560314099371,198.93225690441272,98.60246464832956,7.714882793629235,-0.4828789589275487,-0.20003909192228628,0.14218598391779874,7.121734140511972,-0.5496244297784854,-0.488593006303223,2.514780692489691,-0.6617606370893648,-0.060475891946354665
4.6000000000000005,198.9047054220708,98.59093219859152,7.805640086463795,-0.4829560420124281,-0.20008521425513615,0.15844242197444156,7.263519432999316,-0.5862281947652792,-0.47648605926702436,2.5435367572443983,-0.6706311279906799,-0.058917933077534484
4.744352229761325,198.67641593638186,98.89653469684522,7.776184907862106,-0.49545793943074573,-0.16988182128995344,0.14612721745190085,8.043900155208355,-1.4562286610506523,-0.3934935416599633,2.8240893173404578,-1.0883358818092712,-0.03740137295910879
4.800000000000001,198.37266748582402,98.73717130731916,7.404738180213862,-0.5943040441835884,-0.21553829030662983,0.07042429263106623,7.311973585670301,-2.1411671931042053,-0.5689539504738151,2.373916414471438,-1.4326570013262079,-0.09057676402954587
4.944144153371522,198.39609461165205,98.48507899266895,7.399267685588279,-0.5848751285098375,-0.23644390377519237,0.06674761311445969,7.316235894330466,-1.7070134059237518,-0.5737768049737921,2.2697756026669866,-1.1662744488627168,-0.0966500188116437
5.0,198.4185875247246,99.00139634458198,7.363691120993631,-0.5954362068844519,-0.1972437256481897,0.06467400993604937,6.837731029445142,-0.6160648721370494,-0.8734536304344298,1.8975900677750457,-0.7459491241586088,-0.14793010107634635
5.143936084964435,198.23954105476673,99.14640979912404,7.428405071041128,-0.6044763265266008,-0.18134222702286112,0.07747848513146847,7.210458541754523,-0.9077126532360419,-0.9611669296967884,1.9899652573649993,-0.8630119339312393,-0.15018838146301047
5.543519972237281,198.12030510412913,98.81000276366854,7.4626243559242855,-0.5949190323383394,-0.2083663484229946,0.07820849567849278,7.780912863108095,-0.8770662658317996,-1.0397380170437733,1.9985196725849992,-0.7580067125366816,-0.15601361642356437
5.743311927987152,198.05670982749083,98.48458062016736,7.434162671041626,-0.603577356744252,-0.24297820350598312,0.06845078810947747,7.74360249889763,-0.7064877728241765,-1.0600926522539664,1.8526785104305685,-0.6488608893460949,-0.16544571533614658
5.800000000000001,197.9505720158403,98.410721129013,7.405714695348891,-0.6254646724285421,-0.2549771090632709,0.06208062931873369,7.641600739210778,-0.8582857064201702,-1.0978164197510056,1.7664623212132076,-0.7097879608934896,-0.1744537701913234
6.0,198.02214972286217,98.74319460700835,7.460091951905834,-0.5924803590151664,-0.2122326098902909,0.06624946744546469,8.021824398769066,-0.19814187985275378,-0.9111846624770404,1.7722607598378342,-0.46293607810912685,-0.1540623389053324
6.142895863890151,197.88559438417695,98.78752953912313,7.973190116824263,-0.5984935644720408,-0.20480967978379608,0.16151986113127864,8.320856896807424,-0.33584299490099256,-0.9345226180087881,1.821753961777477,-0.5067933319395206,-0.15575000731008795
6.342687844114436,197.77956511955082,98.76420220115097,7.848939500036219,-0.5950078991713745,-0.20217257920699597,0.12825813564041932,8.720753924259606,-0.45222878554534135,-0.771851529535807,1.8792885047947876,-0.5317041675826061,-0.13336918115510138
6.4,197.7464128433786,98.75331965627267,7.741612552309082,-0.5948889973711668,-0.20208545187580032,0.10701572655304245,8.826440660244202,-0.48318967075745406,-0.8041698051482459,1.8906303838972982,-0.5372556126800413,-0.13491291627762422
6.542479832568362,197.6655779554549,98.69806579450764,7.837240779177692,-0.5950841344910338,-0.20514691008713323,0.12409092039239564,9.073676740700993,-0.521389495785598,-0.9363057952278562,1.9112469755206982,-0.5347842077748883,-0.1472933748454197
6.742271829288024,197.49552875102975,98.48454533507403,7.8000913150508575,-0.6169226758905842,-0.23030075935914257,0.11113505985982519,9.065817002188883,-0.6734450335907901,-0.9230438079403244,1.7794149217114805,-0.5779878418972039,-0.15002994201447628
6.800000000000001,197.4602945867287,98.47172618230437,7.730765566679591,-0.6168775438833153,-0.23024560876509975,0.09748121657310074,9.166950086504343,-0.7070431235565376,-0.9500929132981846,1.7886179218851626,-0.5837582882483646,-0.15160344603431938
6.94206383430973,197.42560244291303,98.32192057390998,7.793468481374432,-0.6113939189357612,-0.24349375195263612,0.10764737603373419,9.301405682924374,-0.5671626557365933,-1.0527608980767051,1.7677397059525166,-0.5138361223872685,-0.16218062095845015
7.0,198.09843959117484,98.13923757712207,7.834141908597586,-0.5334719631813286,-0.25394158317180465,0.11219887956451637,10.320024826184804,-1.3648076191975367,-0.8977120601781726,1.967058325200937,-0.8222143366315504,-0.1376158588096365
7.341647869405558,197.80514367424954,98.00411488828202,7.867678523314346,-0.5622651893742512,-0.26582057733937053,0.11123383263534765,10.640977722610945,-1.9033109754127133,-0.9763001540951021,1.8529612754168936,-0.9828004816497239,-0.14719568995166632
7.4,197.77111784084067,97.98775669269523,7.997630238005604,-0.5624297326798988,-0.265930817081068,0.13263130502669834,10.75167939017229,-1.960653642511977,-0.958142329257135,1.861681896490456,-0.9923031810981668,-0.14463217690773078
7.541439899553359,197.67254119516588,97.94260860843251,8.015940467729983,-0.566883135410852,-0.2677041815865302,0.13254275505972682,10.959064826211279,-2.14461521797903,-0.983670795328613,1.8532424660345062,-1.0338390487772549,-0.1456227196517683
7.6000000000000005,197.6374188070894,97.92559150072917,8.22096692458016,-0.56714622297497,-0.267878420498118,0.16626254239277166,11.071674124017184,-2.2050300157126568,-0.9509505159508803,1.862060221017912,-1.0436354876319265,-0.14176635556447714
7.741231938150562,197.69651195930624,97.61758208679856,8.225695608614606,-0.5517426572495104,-0.2980546042160044,0.1626081961377356,11.14679871004394,-2.0082239164043347,-0.9521147354909146,1.8121391512339409,-0.941806687376708,-0.1419631448393654
7.800000000000001,197.64501269639578,97.5882731234725,8.292284621009877,-0.5559245229781862,-0.300199620015,0.17221116200481468,11.193587404220615,-2.104814949524881,-0.9528304582027058,1.791468819529289,-0.9682937729787511,-0.14203039534931222
7.941023985234545,197.59304718657873,97.56082464355448,8.316752882416797,-0.5505249594571405,-0.2975343964539033,0.1722392232264992,11.526988371243018,-2.184426539210547,-0.9659135849262445,1.8430313221796593,-0.96464315103269,-0.14004279811050085
8.0,197.42374531659746,98.07470229598977,8.274542273659634,-0.563241395663034,-0.24322935001805657,0.16855361507146974,11.0869982014087,-0.885032099844544,-1.389596964927057,1.6662652804368288,-0.5735741764786235,-0.19556606472789378
8.140816040842909,197.4098664477656,97.91705648219244,8.602463182775661,-0.5558951093893167,-0.2567554354607822,0.2163567099456966,11.281999347420088,-0.8806784675046673,-1.2346690307740358,1.6628428800322042,-0.5541432885506541,-0.1762823845717331
8.200000000000001,197.37782691052374,97.90241005563989,8.540914950619028,-0.5557834579429433,-0.25668450763624207,0.20410961711497533,11.379246348911888,-0.9138436849832061,-1.2610150381548588,1.6669656419156593,-0.5592300399177076,-0.1778143706112736
8.340608105013475,197.32768847728272,97.82563767929167,8.518169830041659,-0.5524729556746695,-0.2610841469923199,0.19433858145231533,11.598292591946143,-0.9630427297158125,-1.186188244029882,1.6720603922680688,-0.5606442049170702,-0.16574559219007434
8.540400177784282,197.1960494179411,97.74886701329498,8.557869365138533,-0.5578944841535355,-0.2651184088370106,0.1945373044135724,11.78242684186543,-1.1717086335629214,-1.2318590425040623,1.6106604520735814,-0.6245818093657619,-0.16834437655669512
8.6,197.16436936947767,97.73420937213646,8.407367924155714,-0.5576956850979888,-0.26497524618923285,0.16844894733499732,11.875191224466821,-1.209511010150155,-1.2783153964778258,1.6125465341721172,-0.6302168751878571,-0.17191231692867465
8.740192259193597,197.2891893363414,97.31514652529707,8.383398621018888,-0.5353458885495186,-0.3067907639543789,0.15961519308963734,11.882708549096222,-0.8999400249891747,-1.2149702186949165,1.5449697061845968,-0.505153015178368,-0.16357892571543636
8.8,197.2438581835888,97.27149424646937,8.45038631429922,-0.5386585001491571,-0.3103938379716504,0.16877076880876607,11.856085394581525,-0.9991224809321803,-1.2179940086341243,1.4888374794219004,-0.544252818310144,-0.16396181087487557
8.939984349279916,197.23837959309918,97.06788419045077,8.551367711303936,-0.5313818870460074,-0.3280368632992112,0.18308500728581134,11.954870171795818,-0.8756579620378612,-1.4284129850953926,1.455758576561741,-0.4873482736978212,-0.1880269966903865
9.0,197.59047157659026,97.78524003856622,8.65554783744907,-0.4809672507876318,-0.24559043427899074,0.19133388345954003,12.317898773150116,0.35759254341274205,-0.7676798158087609,1.482827441219084,-0.1614421759429029,-0.10871388540340082
9.139776448081955,197.61512340814016,97.57881434675389,8.663860130638454,-0.47097522146414583,-0.2641524677322652,0.18804091904585626,12.464701234381717,0.44549354757134146,-0.7500092666568307,1.4627045624172728,-0.12391536651477515,-0.10451490176164023
9.200000000000001,197.61172858916714,97.53025336590832,8.72808256310524,-0.46973821514812125,-0.26850455409853935,0.19630195083301824,12.375878115602514,0.3449249705767995,-0.7464397616946215,1.362029880854393,-0.18282144042546744,-0.10478448632591866
9.339568555638666,197.41331738794705,97.76330211353442,8.705241342654896,-0.4838587609232062,-0.23934927378106957,0.1873743803496178,12.675020197940093,0.11639837756104096,-0.6445336031035566,1.3962337408228627,-0.2624953409939209,-0.08859557474836471
9.539360671989225,197.32022800012587,97.71182296808496,8.742106639378733,-0.48374662318184775,-0.2399030884963494,0.18729600557917153,12.910077545538476,0.03634361684976155,-0.6626274016262964,1.3682913666896555,-0.2871817341483289,-0.08772975859714079
9.739152797173048,197.42311807208745,97.2805156517808,8.773108070578898,-0.4622848942449175,-0.2809427936427107,0.18619180085442985,12.988336870833637,0.3410896112342195,-0.6781812795512059,1.2959202083323782,-0.17086471550630972,-0.08831903832599731
9.8,197.41180174184188,97.24469092888543,8.936692666382282,-0.46006237252189,-0.28334923962955366,0.2090383286275493,12.925693661611916,0.23957410913470378,-0.6400699713575837,1.2091900993046005,-0.22935361387325434,-0.08403373021143921
10.0,197.57512661977415,97.05543409154609,9.014069474194974,-0.4324582148276748,-0.29552499576629937,0.21251578184349662,13.555176724308376,-0.19912275166280133,-0.4107675115558289,1.276326938687373,-0.3566965002421799,-0.050971622482357655
10.138737074199296,197.70931090909093,96.6553817150502,8.987887902372119,-0.41176070647612373,-0.3333088850614005,0.2033166411463482,13.615826439821776,-0.03295964328472814,-0.3136762128435553,1.224308942000194,-0.28367753967120446,-0.03771774676216334
10.200000000000001,197.68396422703813,96.63487677300486,9.011291073182967,-0.4117743737859682,-0.33331901806274683,0.2049158500183355,13.69085907874786,-0.05042249539602944,-0.3130260735377088,1.2191923819908077,-0.2871779468489845,-0.0369820003807843
10.338529226121725,197.76174148876973,96.31914448020618,9.073701530097553,-0.39768211658749764,-0.36154867171716576,0.2105072067410371,13.759988720313334,0.0970426259335505,-0.39955081284033434,1.1728100013060403,-0.22389363204092289,-0.04705588020515685
10.538321387037424,197.78486088304314,95.98312627831373,9.16608415148793,-0.3878520928596925,-0.388971055651797,0.21859327620542587,13.956392515113313,0.3085703455179279,-0.5266741157865261,1.163894669311949,-0.12180298652980916,-0.06154512653465978
10.600000000000001,197.77095070189844,95.95765872359436,9.379321887963508,-0.38639318924821897,-0.3891634156741065,0.24703762639485138,14.001536852238724,0.2814249190945407,-0.46867879134943513,1.1386998619293935,-0.13718087544998098,-0.05426871556628089
10.738113556986992,197.724273375117,95.90484097415246,9.413671154042156,-0.385402320610026,-0.3890792334853646,0.24708748640965073,14.140216225575426,0.24952288129667483,-0.47610754572384606,1.1123745557528888,-0.14940072804302623,-0.05329122403193796
10.937905736011272,197.69973841389648,95.75290273084677,9.374162722591477,-0.3797226496277476,-0.3967031871815903,0.2329779887100314,14.32317038569331,0.2884081246481472,-0.27241454296479894,1.077010126433216,-0.1302464448925551,-0.02514915364143095
11.0,198.1330300518506,96.223951680701,9.342316303181727,-0.32905602247734367,-0.3434535430997913,0.22893555143409777,14.707775200747927,0.9864201549729712,-0.5841571190346405,1.0529163065271614,0.00855011159465241,-0.06444553555857592
11.137697924151352,197.88518002046933,96.5620912221316,9.396635577067306,-0.3498976936306081,-0.30418568344153296,0.23244519853663012,14.970062365153778,0.7589070926174066,-0.6333021422000928,1.078220861234659,-0.08475355355627857,-0.06808987865572988
11.200000000000001,197.82655480804542,96.51896575008475,8.993811115600344,-0.3553262333464071,-0.3066210776418006,0.17511374350509723,15.095691150555945,0.8086650833472461,-0.7666782124593807,1.1229122800218811,-0.04318037488393289,-0.0823873508731685
11.33749012144857,197.85887653825887,96.34243494853038,8.941259980201172,-0.3468707474003811,-0.32020816969445287,0.1633663655940669,15.202213779122838,0.8907286790602085,-0.6035575753514002,1.0887880530811576,-0.010346149869703364,-0.05946047535951429
11.4,197.82332278310594,96.31441309926804,9.011947343469078,-0.3488415027560304,-0.3210218777395596,0.17154133076789305,15.2921237099275,0.9080555185316586,-0.5892595436721341,1.0983969485634195,0.0028989653650177256,-0.057296887517189914
11.537282327944505,197.74333453953213,96.320558314831,9.072698091430468,-0.3521850674935309,-0.31597574167179565,0.1772367154442792,15.46165082735426,0.8711478553960358,-0.692125018151063,1.0894491143067198,-0.011792103376663884,-0.06853901706732562
11.600000000000001,197.71819198426067,96.29793158574981,9.459948606337129,-0.35249654270909403,-0.31628660627663846,0.227614552665424,15.536328606907665,0.8706464309554456,-0.5654491490079998,1.083106846473081,-0.012617037921043829,-0.0536676663277714
11.737074543680993,197.6484140008919,96.23947882811909,9.490357332573343,-0.3557165537793327,-0.3177866283016511,0.2274632427434325,15.719284163152954,0.9048462343441837,-0.574045851125945,1.0961055330174487,0.012324336941366915,-0.053089186529445505
11.8,197.6282382060118,96.22152518342364,9.231338916941418,-0.35548971689826053,-0.3175632975329781,0.19119235253678646,15.783047120291977,0.90541041269829,-0.671399663756132,1.0876077982460792,0.01247068637363116,-0.06307927414072809
11.936866768700117,197.62778850685513,96.0938868242536,9.234454320558527,-0.35056742119457684,-0.32593041708407533,0.1876612272618794,15.886982849426452,0.9917532714909216,-0.6089629551946628,1.05592590485282,0.044153114291646506,-0.05320961673391823
12.0,198.27932534635477,96.17729886761241,9.31121199555468,-0.2805867165742102,-0.31265604226549343,0.19431526618849787,16.653733726105212,0.8476432438892031,-0.21195119357975312,1.1211337720278136,-0.055214780930690634,-0.0025085962798108707
12.136659003044219,198.2253092140909,96.12084838746084,9.102041521428772,-0.2828885449910241,-0.3140025278947085,0.16381057954204764,16.822731250497892,0.8602453750853442,-0.2922538719880722,1.1222368194513448,-0.040282145229055155,-0.010186273478998004
12.536243499877996,198.05955019408566,96.11544561594393,9.110292384501282,-0.2879979487800319,-0.30239666563660617,0.15542506395911795,17.308115442736746,0.7463733362015699,-0.1283624954269725,1.0861595060818106,-0.08431197006582414,0.014411274479614388
12.736035762453639,198.0928879574235,95.87637085076493,9.154806520071313,-0.27913300169737043,-0.31952562272594603,0.1573749992531482,17.441145001853904,0.8907079756801264,-0.16707673610980425,1.0285950518245415,-0.024652997098820364,0.01076133886285793
12.935828034526196,198.07829489547987,95.71777280927736,9.23569495503402,-0.27518101365204417,-0.328538798484126,0.16444900630764733,17.595646977379975,0.9853916512038887,-0.30830042371578714,0.9817678623145412,0.011991054081493424,-0.005771089140648741
13.0,198.38902483249515,95.07696578390886,9.281707828195197,-0.2451027850681648,-0.3871257356153419,0.16798831445419685,18.32048356327197,-0.31229043791733435,-0.10578553325738188,1.147322170316405,-0.34720469252141173,0.020654892150670588
13.135620316139306,198.36358051484495,95.03065797158786,9.070990893011018,-0.24419815623496605,-0.38651967466278725,0.1391526648442843,18.46667965468514,-0.3656497066643756,-0.1813700497681468,1.1240327968208634,-0.35926138395648477,0.013747242109824368
13.200000000000001,198.3490214196859,95.00652657235614,8.9842881818133,-0.2440852388239136,-0.38644173052963543,0.12724556512109467,18.537578204549863,-0.3890870313338642,-0.2126723852406353,1.1152451499076415,-0.3633175686009262,0.010752541896221563
13.335412607336877,198.28952684981667,94.93052625088636,9.001559078130155,-0.2474293015314376,-0.3886797403549601,0.1272286573804456,18.719149028891977,-0.40631989142622627,-0.21509769250208205,1.1240649617093343,-0.34883543211071055,0.011154118780318816
13.4,198.27440519695924,94.90598048682617,8.938093945940285,-0.2473465557992057,-0.38862263764554617,0.11837943573966588,18.790566186259266,-0.42911036793656204,-0.2382482998695946,1.115395265476151,-0.3528172530214901,0.009265930690751382
14.0,198.45897476313908,95.0211233220807,9.061058656339826,-0.21501104327096354,-0.3548177631511291,0.12305942584775274,19.63500934743792,-0.003714560279384771,0.15422702461396381,1.0174942116865038,-0.23510739000309394,0.06136586105719782
14.13458186885925,198.3546146358138,94.9113959617465,9.07802953182846,-0.2237404073713813,-0.3605990325839727,0.12306773162388072,19.854371122224283,0.03927783348249607,0.15232833136641996,1.0653490496123417,-0.1870544701912668,0.06097929101676619
14.334374208647128,198.2242873217289,94.99930825567795,9.110288742838012,-0.2314866086032185,-0.34637611943994273,0.12407929186687412,20.121753709878632,-0.10837417604421574,0.14492270637950233,1.0611293284597694,-0.23886057544041286,0.06086741811181505
14.4,198.2075449016824,94.97565444649565,9.23092321900861,-0.2316289659839641,-0.3464651911084369,0.13738674366661108,20.192270215234107,-0.1238793877551865,0.1835179196217625,1.0521995091357224,-0.24114496438779706,0.06510289955396853
14.534166558288586,198.24669209489255,94.76949266103925,9.338814392157339,-0.22536115874693546,-0.36049351430105436,0.14920555069247016,20.271910963312305,-0.032179792634583745,-0.0810936524280367,1.0090195136925357,-0.1954611156036547,0.032094226430521317
14.600000000000001,198.18163103291974,94.71036364219148,9.371221878310218,-0.23100802582374433,-0.3637498237954415,0.15181108806698232,20.40896426878336,0.01467486385612456,-0.07380670881182413,1.049312095332124,-0.15984539108384102,0.03279223127635083
14.8,198.13481296938986,94.63722457418605,9.45020365723687,-0.23106379300651064,-0.363786613744189,0.15746726272788875,20.616606032492154,-0.01754861842548927,-0.0509740803093324,1.0217522688030156,-0.1633812093498416,0.036258929962625946
14.933751287315816,198.26534963397728,94.29267744384794,9.450744902555646,-0.2168664432551808,-0.3892679122247977,0.15474505628142718,20.598631709877733,0.25277746716785854,0.029524919712741855,0.9439490169731563,-0.05255092304396615,0.04707834217805658
15.0,198.7194725583916,93.91063650602953,9.441981779851675,-0.1750035634088406,-0.42051003846083485,0.15328974970475207,21.558087824412404,-0.8755645048089937,-0.12567549291770966,1.142910269353604,-0.38802958104715335,0.027548640777502395
15.333336056310925,198.75423520096354,93.5939614898956,9.455449994317322,-0.16699331689011343,-0.43548295179501273,0.1492239678446326,21.86914346786444,-0.8877120716194619,-0.15376721238896315,1.0738367888455314,-0.35471420571776735,0.02609765983991346
15.533128455913301,198.82924539563768,93.29397405846011,9.511279038290988,-0.15775726902586,-0.45336804440871303,0.1525692126208974,21.997042704354794,-0.7951979224059565,-0.23796739727965743,1.0119581058411729,-0.2967727291049293,0.01671086015672977
15.600000000000001,198.6393695689557,93.16671081643292,9.527128857981571,-0.17626319754796585,-0.4623082025175226,0.15308489803428155,22.32891182486747,-0.6278708559518216,-0.23681080442988062,1.1707850174729428,-0.18632788864493652,0.015607647008207572
16.0,199.14622101920213,93.13828464293137,9.652758151125115,-0.1247814335545275,-0.44706555351309296,0.1587649873728634,23.510859628702132,-0.7510815307491243,0.24597327954346046,1.2377711687523452,-0.24579750396456757,0.07481137405844841
16.13250571570769,199.25861339002296,92.84476636850226,9.764704116549659,-0.11408372926640782,-0.466337631629984,0.16815911450777823,23.59783999498958,-0.6425362050600814,0.44658666551955095,1.1907965890716414,-0.1873676607033974,0.09900809281866255
16.53209060687253,199.27370783255654,92.53726948932041,9.853266124815228,-0.1091358703028883,-0.4760998577023817,0.17082246054789488,24.01712110639711,-0.6238104288502628,0.41356593401442654,1.1260314505854332,-0.15189079469880484,0.09453164766467988
16.731883067990854,199.25411471210572,92.28336486847613,9.868480245787584,-0.1099368463431312,-0.4891374698759081,0.16846179939418743,24.293595959805145,-0.47028625263297325,0.490484608972588,1.1412773577853716,-0.06884935967144257,0.10386268509813698
16.8,199.2460831165408,92.24970695187992,9.922094524365333,-0.10998262949810253,-0.4891667860902474,0.17307663622865305,24.371416219106717,-0.4748105517003626,0.5139642509237179,1.1332517304910559,-0.0676254263291121,0.10613725366324991
16.931675539531746,199.39127490104602,91.88762134580777,9.940462147336941,-0.09718664754536618,-0.5127356092642765,0.17252747827575624,24.362703205652302,-0.18490479058425308,0.5450472094453656,1.0585209502917448,0.04773911445499525,0.10982956693804091
17.0,199.5309488601994,91.74170404265931,9.90969089746322,-0.08577390092290954,-0.5218522902063046,0.16882779089113029,25.12433993269384,-0.3234281027711265,0.27440555296069774,1.2716103929186744,0.034082625351113394,0.07550364939763524
17.2,199.51283952437998,91.63676830446397,10.0073468262269,-0.08585294669120577,-0.521900178403678,0.17575575806204063,25.377380634050976,-0.3156765289664666,0.31288964831191984,1.254017610252451,0.041465684178368004,0.08004653227329972
17.33126051407898,199.49411215175272,91.58291453851183,10.028537581683583,-0.08644306364336175,-0.5207502170425318,0.17552592226635186,25.54646450893473,-0.3202340418794033,0.33000684485241005,1.2440885828116215,0.0422774057845145,0.08208574247952155
17.400000000000002,199.47159944191048,91.53915977671382,10.103210787691596,-0.08799374938838249,-0.5214876116642425,0.18226602836135675,25.657013572126825,-0.3018501270049541,0.3598998899368205,1.2522466317738816,0.05371926930363509,0.08501593280501724
17.53105301718497,199.46763835851755,91.44731322518399,10.15601712559101,-0.0873866038185438,-0.5233124236395117,0.18583167993005348,25.81312025565234,-0.2759458052547858,0.2594858518634225,1.2376287549780987,0.06626672490326135,0.07248616975350675
17.6,199.47798926996367,91.41890751479228,10.130054943216683,-0.085834535798682,-0.5225883140380877,0.18168370741151726,25.868892305034404,-0.289390634545208,0.24805526620976498,1.2148556955057157,0.059045134282600005,0.07151812496290165
17.73084553091282,199.51211627670665,91.25253656627689,10.191677421511399,-0.08228186591628257,-0.5301562443494732,0.1863993508414286,25.983997470561935,-0.191791572617449,0.09677786465299576,1.1858866954945178,0.0985922043432698,0.05335121179480651
18.0,199.35816106451648,91.39828915337498,10.23859492434609,-0.09260808990260903,-0.5069075136647923,0.18613534249351876,25.96915682276882,0.507931050624912,0.08979715926569118,1.0674455849035551,0.2904372903388315,0.05300896840077726
18.130430590436887,199.44436223383326,91.36579898146766,10.266078690626884,-0.08326068060424822,-0.5034108725547416,0.1866004507331858,25.951557457466773,0.46214431153044677,0.09469594335322379,0.9564618945227344,0.24566185878484537,0.054547212356852115
18.330223136335285,199.45833333961943,91.21522972025356,10.276917476480053,-0.08093357450375893,-0.5072260402446843,0.1834044317708538,26.118086219014028,0.5497997464534587,0.19754215264498615,0.9187636824915622,0.273204831621001,0.06737108299956855
18.400000000000002,199.35259897753556,91.149018022116,10.09896023897521,-0.09055110168427231,-0.5105886630506208,0.1630497901816908,26.379607692784962,0.6758988197687196,0.12541193029667602,1.0229191773372095,0.34318248427639947,0.05958159508108596
18.729808260662693,199.31560770809995,90.97828510585529,10.152609794201204,-0.09127533441016529,-0.5108583477807112,0.1630240733434005,26.72986997966747,0.8046425429988248,0.14503513897358863,0.9924030873115219,0.3765984556445407,0.06266197058461884
18.8,199.30881068978522,90.94220023514055,10.190836520044213,-0.0913059923723177,-0.5108764080546417,0.16584451526774885,26.799462471521537,0.8314040301319358,0.160074081505284,0.9836322941820275,0.3825460639983849,0.06429739260832461
18.929600839195835,199.33187254770928,90.81770712654951,10.189138758926903,-0.08871435892483345,-0.5152296173272426,0.16299030395535144,26.890371098070887,0.9453963787332365,0.2676563067480304,0.9543479616010095,0.4169658953216875,0.07784532166718935
19.0,199.47282307481618,90.27947425851532,10.178454966097314,-0.07794825620311327,-0.5546562635812285,0.16116524036993013,27.48453543877447,-0.2569834329186821,0.12429246163942242,1.0982492250290368,0.10109744122522674,0.05999513189921459
19.129393428711914,199.39455549666002,90.34253918638623,10.181612626951948,-0.08303256169187663,-0.5446061026480067,0.1590465414881955,27.67013752611373,-0.33293498834121793,0.19302811495789088,1.1016269059510413,0.06973696821437708,0.06813284467787932
19.200000000000003,199.38729321794588,90.30328985835443,10.281785384332494,-0.08314117779533231,-0.5446687945599289,0.16835795369045867,27.748354376530536,-0.32758044737631814,0.23297786621309424,1.0943332129064753,0.0723061600441926,0.07185303235247868
19.329186029263838,199.34639400730237,90.20535954690557,10.30303985777234,-0.0863704888861855,-0.5472159424551788,0.16823137520971626,27.976250708763676,-0.2567195596235593,0.23995943588491517,1.1314236862409661,0.1115815011501733,0.07267378823931551
19.400000000000002,199.34137110593286,90.16723293608852,10.244969396918192,-0.08628636698398416,-0.547167311727671,0.16091966775705244,28.05554207731742,-0.24899521628557442,0.21767549959299437,1.1243280121219184,0.1147810838331654,0.0706729029549352
19.728771263688472,199.29948473941332,89.97409343790892,10.297714945054022,-0.0878517109931815,-0.5484224104689054,0.16085749562177995,28.479239410235284,-0.16708631948387578,0.23938552270846325,1.1233869256697322,0.15090914774453,0.07316547566372004
19.8,199.2948739753636,89.93597177454166,10.201453800210054,-0.08772734889198755,-0.54835048758684,0.14963739301083945,28.558036114318558,-0.15673080069246473,0.20297912123704293,1.1164443613603556,0.15424553937414004,0.07000276289913748
20.0,199.56025626810484,89.92210749635866,10.227460547123533,-0.06438545470495764,-0.539850322475757,0.1495180338386179,29.133956657719487,-0.11692414233883275,0.1656165841302188,1.1481297517055955,0.14392042841278985,0.06509583318901047
20.12835654289974,199.5294073338831,89.90327012555956,10.105901936171453,-0.06601145726069642,-0.5361966205623009,0.13495280031124554,29.295620871529636,-0.13108383575146892,0.14725246838360098,1.1422067573439085,0.13646887297281798,0.06417342778096065
20.200000000000003,199.50055127320005,89.84118377132484,9.936722571438807,-0.06867742973981472,-0.538376989472624,0.11625898607281931,29.457395976724126,-0.06704508406158922,0.08411638860219461,1.1810961692713768,0.17042775123497753,0.058035955910148665
20.32814919943625,199.5378217308569,89.68180167697912,9.960666830211066,-0.0653732026609841,-0.5448665887087742,0.11737134905367312,29.574338113852814,0.02208965292534367,0.05176397900636639,1.1568847043135777,0.20255666746617285,0.054497715746137175
20.527941867333176,199.49998706901968,89.55473528608215,9.984157089895952,-0.06811932577911958,-0.5466644517229492,0.1172957918929196,29.902880264900148,0.12640128276389812,0.05904225990157834,1.1910203125358911,0.24742574748039775,0.05534960130188057
20.727734546645834,199.43080659235434,89.54433470675336,10.025648660939043,-0.07202960293102288,-0.5396578809631901,0.1195167431799651,30.18991374252352,0.08394272613056662,-0.010544204120410017,1.1926454900058943,0.22633702344095805,0.04744676492957861
20.8,199.42468458489418,89.50482094251737,10.095385939452756,-0.0720968172073567,-0.5396959254290171,0.12586544175004494,30.276404438947516,0.10074436637306945,0.01793673049430092,1.186820097382544,0.23061857191944554,0.05037154118027476
20.927527237429903,199.23866976333858,89.77467910916201,10.095553811932279,-0.08451223402347488,-0.5158322785925875,0.12388261010375079,30.609679381184964,-0.22528643320887973,0.09960023975473514,1.2398800491236885,0.11383729551724604,0.05927919841672815
21.0,199.31954822691574,89.87254594914323,10.08114882969199,-0.07778858177531396,-0.505571562827751,0.12208531500031995,30.847262095348867,0.15932406852126343,-0.07525631453621849,1.2763753456092535,0.21997646770711765,0.039453189070300654
21.12731993974142,199.0962846059172,90.21048892800404,10.119714844827646,-0.09276176504758747,-0.47722881276133433,0.12444493582131234,31.14953448682898,-0.07928980520352241,-0.06265500095763588,1.3222685278430741,0.12333198144419766,0.04060102342530678
21.327112653636785,199.256999241197,89.79815637162743,10.081483781801962,-0.08029342152950888,-0.4994564866197299,0.11669098745561111,31.279556532001504,0.18596095867952822,0.21627650077663324,1.2610222648991292,0.2217298716337336,0.07367497035840376
21.400000000000002,199.2737358237523,89.78720348746816,9.915686889222876,-0.07759619640921035,-0.49708662556006067,0.09866478370839869,31.26713204972465,0.13018104207252182,0.14984319498861465,1.201424392109169,0.18761142661588648,0.06771614555756167
21.526905379172753,199.27232885699792,89.71411067512251,9.911434266434904,-0.07702197202163244,-0.49778783516652797,0.09657094033743145,31.412021629621744,0.1635008158923007,0.23636850198922393,1.1887983845859784,0.19720365870598952,0.07774755193015744
21.6,199.27433115456242,89.68660006379717,9.970863027231628,-0.0759548131672181,-0.49688461392443806,0.10206125141373024,31.444746698963606,0.14123385640609137,0.2681008708226452,1.1551741637683042,0.18164937994412203,0.08088064115752161
21.726698116406457,199.25041668086496,89.60724785526506,9.984093884702581,-0.07815936327350932,-0.4986807927980505,0.10199012154453466,31.715865817345378,0.2505545623445822,0.27360592124949124,1.2069479202423272,0.23145777373008303,0.08132578469804516
21.8,199.24412344311975,89.57038118787312,10.031436741012717,-0.07819984654311292,-0.4987032734434218,0.1061444114588547,31.804438028797442,0.2678420028364454,0.2973791197068759,1.2014352020770425,0.2353699560228042,0.08363261338352704
21.926490865395404,199.2467676270639,89.49378945633526,10.01817132982563,-0.07736173483328794,-0.4996463310828949,0.10269555013787521,31.943037534345155,0.3145699039121881,0.4526513786496946,1.187150110530432,0.2481435906382318,0.10119964796429926
22.0,199.0677721373227,89.46171646637981,9.975735053626183,-0.09089140987690689,-0.5000949067671513,0.09883162296105219,31.81188328571605,0.43499580684668293,0.10875832031624555,1.1465084682878475,0.2863150192274502,0.06249866103882154
22.126283626197466,199.02812583458078,89.45478705309222,9.82039932593818,-0.0928198712247148,-0.49619407245224967,0.0817423520019067,31.97616543151641,0.4325559558531233,-0.003982623187527672,1.1437997512722047,0.2789746409247892,0.05106630185958849
22.326076398870903,199.06134350105944,89.22282054293608,9.794712853158437,-0.09023695417927408,-0.5059004407392065,0.07630813542636926,32.23582721336397,0.6416238666161174,0.2030110181351681,1.1518196302194497,0.35679914224198245,0.07544276461687133
22.400000000000002,199.06172188773587,89.18786472763315,9.861255362510205,-0.0893528039147261,-0.5055041647942811,0.08273332864081427,32.282277324103184,0.645438937441701,0.2376195120297252,1.1263609868073348,0.34932687938012835,0.07901264256898866
22.52586918347434,199.04674233457328,89.12320206731486,9.871696770014472,-0.08984317048320509,-0.5057103837204636,0.08271690183945643,32.446796028173274,0.7038239572558057,0.24703246804430587,1.1276458178201096,0.3653297610728899,0.07991903975002652
22.725661980066803,198.93105523321682,89.21767800965951,9.853041051506763,-0.09653426412595544,-0.49227242659656817,0.07812823585387414,32.77000034652052,0.5800388768611584,0.43982421812135203,1.1462135171895083,0.3102186261755135,0.10161574285228564
23.0,199.33460216220942,89.35158019240998,9.878506140702811,-0.061692420581877024,-0.47075867314323994,0.07872231135562736,33.522157179656624,0.9899265734300869,0.4736692753198732,1.1683287630707535,0.3734290174854372,0.1042539461269326
23.200000000000003,199.32093511262372,89.25669402947995,9.979955697834798,-0.06178518807851215,-0.47081011996967165,0.08778222299554655,33.75488631382066,1.0662923777156275,0.5301333573538961,1.1524695020990348,0.3867802479418259,0.10978483918741153
23.32504044237431,199.35111514911276,89.12176047016173,10.005832250726586,-0.059214021059458964,-0.47599996928279487,0.08969751693625204,33.86737480021818,1.177652422073453,0.4783994143630496,1.130569595182032,0.41789173886753145,0.10354424915498434
23.400000000000002,199.34587519080904,89.08581146639703,9.92742245389086,-0.05937788672126815,-0.47608307384429416,0.0806922585494759,33.96223289196212,1.215585906847881,0.449070824228989,1.1293437357184115,0.42665233541096514,0.10090804300489686
23.524833287520806,199.3293169097451,89.02268095590301,9.937572284293518,-0.06057308506881226,-0.476675418014332,0.08065664407777533,34.16176843781956,1.305860600761475,0.460602466024482,1.1475657544458904,0.4549858240623067,0.10180378812591599
23.724626144957277,199.32992920263885,88.93123958835682,9.953579516529555,-0.058747303245283204,-0.4758437644329346,0.08071970354992136,34.2816351132143,1.3321633517071731,0.4828814890219434,1.080477889060961,0.43701171360108426,0.10386278439373232
23.8,199.3270880445483,88.89624938969196,9.847816545785555,-0.05863853485591129,-0.4757837630718823,0.06887670204339591,34.36190095488631,1.3647863825076718,0.44312093407405057,1.0733339930315555,0.44232118984370306,0.10009227557274498
24.0,199.3900190896226,88.58065797785785,9.833251440060971,-0.05378252220071084,-0.49075259895580153,0.0668826636427341,34.869458686249445,0.8322285300977957,0.23493957306213528,1.130819430422074,0.30508117589357225,0.07627718028669994
24.12421189694606,199.35800831193166,88.56464902786661,9.716189614728561,-0.05545541438147661,-0.4877238557333788,0.05434902448949691,35.02810834066396,0.8368350411651262,0.07765753199139733,1.126767089018673,0.29918026475995785,0.05953843809996946
24.32400479162237,199.35406815984248,88.47339135566568,9.727204625179139,-0.054773346707194526,-0.48719385160907835,0.05438111925028714,35.22865169897766,0.8821905847320437,0.08933619610565745,1.0994062586354676,0.30213088116932185,0.06085044211074327
24.6,199.33955479628787,88.33926116434523,9.70264726564527,-0.0547325826247322,-0.48717134896876174,0.05017216129367114,35.52835095953692,0.9672671101086595,0.09112888842354681,1.0746279441818942,0.31587073925861714,0.061540268318263605
24.923383551131536,199.31828259116435,88.17929002635303,9.718806340399826,-0.055427456515761635,-0.4876014657731055,0.05012767243350303,35.925112039488,1.1076709472963662,0.11153295245021724,1.0685726119420593,0.34877342488407054,0.06406155995298894
25.0,199.49962489424976,88.02833938546378,9.652104305768152,-0.04128234095816,-0.49426342158965686,0.04555241499428515,36.47203069433092,0.5645029007186316,-0.5198385998764766,1.1594840147697165,0.20307913128670627,-0.005719624616184832
25.123176496339497,199.59119344851305,87.7856946570372,9.661085827044007,-0.03496946017894958,-0.5062397927166836,0.045982054956843155,36.545742670769116,0.720595504040499,-0.5328435964039973,1.1250170979536347,0.2539956584660948,-0.006135854079763638
25.200000000000003,199.58747131437482,87.74623546571661,9.72722690536123,-0.035038977459709165,-0.5062780110970685,0.05264051185865378,36.63247646858706,0.7405085783634809,-0.510864202328628,1.1186221826398866,0.2571367582012088,-0.004008359846827012
25.322969454340054,199.66047307778032,87.5673191929378,9.647339900255453,-0.030046758603011658,-0.5139266626019676,0.04160098428344955,36.7090427563067,0.8686129914947537,-0.14677831917337236,1.087530344078502,0.2959427202717933,0.03705880504435688
25.400000000000002,199.6396168444277,87.51912243118511,9.70756523406011,-0.032213274136403396,-0.5150423289054229,0.04757459950848329,36.88743152630898,0.9493069620845438,-0.11942898075466149,1.1258610925732317,0.32853353934214885,0.03957497099218482
25.52276242519792,199.68977614775966,87.36091264654739,9.695483119941683,-0.028721877160844924,-0.521248503812664,0.04525657067222036,36.97814544892932,1.0750985796968062,-0.03252331776286882,1.100170844547974,0.3634539450201192,0.04925255258118804
25.6,199.68411719171266,87.32128379797804,9.450059979554794,-0.029339969252467284,-0.5214358567612035,0.018807335744879222,37.104432956307114,1.1273799753197213,-0.12958451254081532,1.1133483629286556,0.37999697725483256,0.040729745046553655
25.722555408978263,199.7051891349356,87.22149715935333,9.42314784029899,-0.02776442374907719,-0.5237744651298861,0.014973406494305027,37.21685784289864,1.2115377659073823,0.01850631358496456,1.0959860653557778,0.39948289649292557,0.05726810122565205
25.92234840574668,199.57817494621534,87.33738138787507,9.442396080776671,-0.03555636292166424,-0.5094254258138837,0.01710518146877556,37.5646217964946,1.047490098001894,-0.05059378111063012,1.1213127271611163,0.33261155383223334,0.0493277955547489
26.0,199.92077894941772,87.2617897090727,9.464157344460919,-0.010168580092453298,-0.5103021391904831,0.018746918845237874,38.28460814862665,0.8985751250703374,0.07544998152825759,1.256104076752014,0.2987767587976758,0.06195985967210481
26.200000000000003,199.92137969041747,87.16116102844973,9.29754932979695,-0.009993334516877134,-0.5102071864350002,0.000983015530020306,38.53324971823185,0.9584811732790027,0.019258189768807006,1.2440342958700386,0.307935424164163,0.05692451382724695
26.3219344385123,199.90606876772398,87.08740393568432,9.298110612082326,-0.011827590971720698,-0.5114696674427923,0.0009703889543960704,38.7689141128429,1.0519420108135973,0.024406213438237158,1.277944998128201,0.34166039810781373,0.05719602631519251
26.52172747464292,199.89881689482502,86.98138244357347,9.298483093969965,-0.012525566504422667,-0.5119292410998102,0.0009634593468058805,39.06132774517195,1.1463341651679757,0.03526080886945694,1.2858102437910115,0.36470144943632304,0.058253106708617906
26.6,199.896193823142,86.94042077411493,9.409350559917007,-0.012633820073116656,-0.5119877597053063,0.012787785510264353,39.16285637508581,1.1756199302350587,0.08325936848839943,1.2826106825807908,0.3692140279367694,0.0627302892406379
26.72152052402843,199.7735624493412,87.11434984503367,9.378851263984899,-0.02036248854363377,-0.4967598427390345,0.008536181588543957,39.43703933045911,0.9866658415438945,0.24640367112329706,1.3157124250976093,0.2999546811590664,0.0802250733227042
27.0,199.78109626352685,86.71625741419713,9.388538740268363,-0.020734463970470327,-0.5142751364477929,0.008965517284075535,40.002238376772155,0.40863419216339236,0.33131531091631866,1.3612194526304018,0.16304677164063197,0.08818122650101638
27.121106662835935,199.77398002159504,86.64419885331077,9.389886225914841,-0.021475439409482495,-0.5151459092656936,0.00896641975967712,40.2012234595522,0.45520631460586436,0.3412057741660999,1.3743338574418091,0.179410094358031,0.0888422649836947
27.200000000000003,199.7729722733261,86.60392752164661,9.34786640111595,-0.021430312411181596,-0.5151216062523455,0.004395421499986673,40.30916520134512,0.4692438289756966,0.332823216884642,1.3718343752442577,0.1815237957585214,0.08816582175933096
27.52069285548303,199.80777774046157,86.36121637637181,9.3497486699109,-0.01879942543672186,-0.5200620187515526,0.0044585571336754806,40.71105789161838,0.5978869112228332,0.3598641685542152,1.3491951889041587,0.21393444821941207,0.09013433390522017
27.8,199.8022317577069,86.21375524134135,9.21998639006505,-0.019063591477828032,-0.5203345313052213,-0.009531693005217105,41.11240083513577,0.6777318870225195,0.335233743132119,1.3504211272565863,0.2316001090191367,0.08772809277631333
27.920279102525402,199.81885232929437,86.12215527461636,9.1999335156194,-0.017883562845094104,-0.522172736079066,-0.011996931447151173,41.25494879241579,0.7385808000310563,0.43238563126881735,1.3395714473257994,0.24637156362290388,0.09810234595518144
28.0,199.72429630115693,85.88697820086601,9.167564266151164,-0.026060589676438446,-0.5358306171965642,-0.014361699500329932,41.379258536382004,0.3608219644255019,0.20666673885347966,1.3597967714803525,0.16820944978353572,0.0741233066074824
28.6,199.71036292227842,85.56639703408993,9.048639208331451,-0.02595167502315094,-0.5357721361619182,-0.0260613140127241,42.18745370383693,0.4659058096681016,0.2140320512654044,1.3367902695778513,0.18401339392288835,0.07507112145209059
29.0,199.67551841745947,85.27473624479849,9.044765353633107,-0.028243148256500743,-0.5411586945115123,-0.02567501940763924,42.76939664140449,0.2994819767309087,0.3048188047285909,1.3382140250031969,0.14158810278672038,0.08338374248903746
29.11903817569582,199.70682121353116,85.2412144614866,9.04139010853789,-0.024113764328304428,-0.5381492839355311,-0.02559624823623683,42.77266268569622,0.20836116338783714,0.31462766729743336,1.259108517176215,0.09136481729504062,0.08421993314582679
29.318831403739058,199.72963754591032,85.07623879118457,9.060780369411924,-0.022411895169620367,-0.5417132555051172,-0.022614277887333896,43.0021035156216,0.2699599008754753,0.2518293298936347,1.240888598175435,0.10735433950894616,0.0775111809423069
29.400000000000002,199.70965227595198,85.01900759378263,8.92802744938514,-0.024684787741617014,-0.5431670468175948,-0.03642044443302844,43.20718718335495,0.34955880166576375,0.216633818455089,1.283736179589404,0.14131069739864985,0.07474282071830675
29.518624646030116,199.68175852722712,85.00266987749578,8.916329580383357,-0.026216571338216806,-0.5401972447959345,-0.037326617356974456,43.379852399826504,0.3264451603639831,0.25173177487461373,1.2846807648386749,0.13069522648951334,0.07809206351052733
29.6,199.67539810874308,84.95591471823353,8.985048544705023,-0.026685511076502477,-0.5404845375060707,-0.029840827610075935,43.50544441421645,0.3516318650783744,0.28378016850565524,1.2899315003632261,0.13874093515250696,0.08073524777993561
29.718417902643623,199.63332337693342,84.9553086502561,9.010778634428117,-0.029063176748250628,-0.5365849538706522,-0.02621766247275814,43.692579895064775,0.30831031990004154,0.17879330668623666,1.2951396418312233,0.12235788769540404,0.06957034783663744
30.0,199.71413002625522,84.91469349948487,8.950584060434142,-0.02141716866361285,-0.5284958944136149,-0.02994290846155152,44.119012892085344,0.5572894939260133,-0.19145745890393598,1.2820262938867375,0.16635438615150688,0.031923099713820444
30.1180044591391,199.73858171438377,84.8214779893897,9.000805006284173,-0.01976112158488754,-0.530381133645095,-0.026066199139529046,44.252004635449744,0.6005057893189893,0.16825765953337385,1.2709465892992553,0.17672231536360325,0.06819982339909297
30.400000000000002,199.7313863853239,84.67103086778206,9.166504494032178,-0.019817373792471126,-0.530410394124253,-0.008104286413603265,44.60556709753591,0.6490513594993389,0.2502782390038601,1.2554378034201394,0.18115809996359014,0.07502876962633268
30.517591073832953,199.65430799951727,84.75081221618433,9.149200130732078,-0.02437131067307536,-0.5216944873114822,-0.010118912981069138,44.81481629112876,0.5514033621949539,0.3204068977874244,1.2688048877423965,0.14640698400978608,0.0817746996675886
30.6,199.640291086241,84.69984208335093,9.13522928770599,-0.02598630774774657,-0.5226773574176944,-0.011537425734573758,45.003190837963054,0.6227479093781959,0.3245060500818144,1.3016362748592754,0.1742265720424122,0.08181585440043324
30.717384403196416,199.74093939821418,84.43633715863733,9.173727379735615,-0.01967499535361735,-0.535061946097691,-0.0065677428196303485,45.05984621262001,0.8299039266678571,0.17173359987820053,1.2671817556429832,0.23352934378037732,0.06629433194799059
31.0,199.94777150243002,84.08509484609873,9.167425432533939,-0.004740117263372319,-0.5467395364290387,-0.00684682424081787,45.847322361145224,0.30890964721158065,0.15392344092060334,1.338536819242108,0.10663255136763405,0.06388373941600348
31.116971106345417,199.84921676172127,84.2019343267971,9.164360064005027,-0.010726827405274784,-0.5356453851485252,-0.0071267165229884815,46.07129609823349,0.19420204940153604,0.16842841584174661,1.3562050470654552,0.06657133454178935,0.06511151424317843
31.200000000000003,199.8523345178713,84.16006132721755,9.052529357467346,-0.010336698604779452,-0.5354048367275743,-0.018617983850533457,46.171881429832034,0.1914920876147619,0.12977449755154716,1.3476431415654393,0.06313225560675367,0.06165027408268589
31.316764480288196,199.84097576915354,84.09034569173281,9.050064229288642,-0.01165372319897666,-0.5362416582243388,-0.018693694310767436,46.38548742426459,0.2391139887584715,0.1387067984881419,1.369011679630516,0.0819578115597939,0.06230226658963591
31.400000000000002,199.83984974176855,84.04562713497296,9.059416513160125,-0.011663650699370077,-0.5362469761955652,-0.017566041961329333,46.499414688567825,0.24600873018834896,0.1481400469378858,1.3661264084899605,0.08239274679716722,0.06304026515484752
31.516557869248892,199.83976312342386,83.98397604653235,9.057403710239257,-0.011477902967876924,-0.5361329258474401,-0.017555082174570396,46.64893711630124,0.24883327137864306,0.15526021966590417,1.357967295752414,0.08032334226672845,0.06338433027833013
31.71635127330752,199.8940787369775,83.76415841612462,9.08658461584042,-0.008027865926298988,-0.5430429159086251,-0.013483004694336902,46.86535599793616,0.3715561130529318,0.040520471327931656,1.3342316259141724,0.1142686985248412,0.051888376275745794
31.916144692544645,199.91205065327182,83.61020535044722,9.122335666682874,-0.006794281861528649,-0.5458100758767983,-0.008693735367204459,47.10564750584955,0.43807588105539386,-0.09833566491153314,1.3182652409973132,0.12904043882788088,0.03809091970283773
32.0,200.1589899929878,83.41084336151737,9.094276441881247,0.010771077863485896,-0.5541219163813493,-0.010706031403933522,47.68508553420768,0.011974889826603219,-0.26420883442688775,1.4087165420270633,0.03159837268199203,0.02145924921431064
32.1159381270414,200.17114018387508,83.35466978944578,9.219869947665673,0.012532337624266532,-0.5529950562924357,0.0023443525330466186,47.77280865848913,-0.038795652772047606,-0.21921969343419964,1.3680346100980172,0.005032124737368915,0.025303737846005786
32.2,200.1687775687576,83.30633340622471,9.452480246585688,0.012311371957363976,-0.5531140107785728,0.026356546830960958,47.88986748727335,-0.03707421748474844,-0.12725198040377694,1.365318121833995,0.004981760932861975,0.033184677738807664
32.31573157687951,200.38500858751635,82.85215938323333,9.449326618928973,0.025462755233621313,-0.5770744784708465,0.025596795892066385,47.87803222507382,0.2771346083724081,-0.09841632606444656,1.3073325067436765,0.10395549569358392,0.03630677782833337
32.71531852290946,200.33412458017014,82.75128863658979,9.44505982500321,0.022346922024771676,-0.568713706182236,0.023824999168437846,48.4034387835458,0.15153530029776074,-0.030657963425726034,1.281730814782102,0.05146601651345032,0.043543532416802415
32.91511201926766,200.33623447394845,82.64393425386909,9.449107381915871,0.021009444234113987,-0.5690225168804022,0.023624897715132445,48.772220107293165,0.23938775665111775,-0.01772802574675788,1.3213567280661849,0.0865050045969499,0.04467149607412623
33.0,200.4852713424479,83.01377288155406,9.432170887806242,0.03533176639261403,-0.5405921408223725,0.02248205848173854,48.8435005534566,1.0690232544780935,-0.14353136821886286,1.2764712644309697,0.24953582054763096,0.03257249467803232
33.11490553129986,200.32145323857424,83.24238857240529,9.49575835046632,0.024999643171439826,-0.522673978779289,0.02986401093233037,49.11197163543822,0.8789854628716702,-0.32497695798409953,1.3093832653523971,0.18203499819585756,0.014496172058457268
33.2,200.31545164663333,83.19520377277144,9.48535923987348,0.023690203796949333,-0.5233030896398363,0.028444910603007936,49.2807274637237,0.9333992103933588,-0.32463701545151924,1.3331595964226648,0.2027404505600019,0.014615150003046062
33.4,200.32318192624646,83.09214970347175,9.280111979494924,0.02388547794711616,-0.5231987987280291,0.006684206965585852,49.54419765745062,0.9730093043514038,-0.406472462616597,1.323912211039687,0.2069198479450617,0.007743437207316011
33.51449260272552,200.32796164295655,83.03247401966709,9.281048915519552,0.024387800229466176,-0.5229714744845728,0.00674183995476673,49.665479580288824,0.9762765808359719,-0.4065781514586501,1.3048652821374938,0.20005161489676707,0.00788186595215709
33.6,200.3278073889157,82.98655474785093,9.441957734035356,0.02424207642501006,-0.5230492389334623,0.02330660003583221,49.77872745294649,0.9945774647820407,-0.3421769903055528,1.3010865531743911,0.20220587156617795,0.013407980477244744
33.714286162290094,200.1886916468304,83.18084295187296,9.456265727583563,0.015508877317689771,-0.507328498722067,0.024795234925563524,50.067597105982344,0.7575331478532045,-0.3907300433096375,1.3379551779011454,0.12632578746187761,0.008605806241223032
33.91407973787094,200.19170387911828,83.07960687591613,9.461242325796508,0.015546909810619515,-0.5072963355807127,0.02480283374859396,50.330211593262675,0.7799220425661141,-0.38908970138707505,1.3277836395520632,0.12662888244236947,0.00923270251364028
34.0,200.52652820078106,82.87354223254576,9.47310052736587,0.03965923220610325,-0.5150398454945081,0.02561197852213012,51.0243990992501,0.19691535766094215,-0.3368583154729153,1.4282176660428618,-0.013530781201297665,0.013780671064878739
34.11387332955515,200.57599740398945,82.73250348097669,9.47792559933439,0.04243143050929614,-0.5201369258168406,0.02585310141755375,51.15328570688817,0.2582002133060544,-0.34162489125989237,1.4138745167870037,0.005720990686542606,0.01335318602416598
34.313666937430455,200.55865873108783,82.67007850986471,9.47639014068773,0.04053255278768056,-0.517733633253326,0.024984919845051707,51.4767956512141,0.23802949434414444,-0.3159922213390514,1.4238162287945013,0.0005141667996124196,0.015806116334233063
34.513460561585205,200.56515371038049,82.56210936005773,9.481314255052983,0.03983790404413326,-0.5183451390971207,0.02491141200187818,51.80566771269931,0.2725231328498659,-0.31217256993431386,1.438379428406549,0.014908672324852415,0.016268987145268452
34.6,200.56745372128015,82.51663535210916,9.567355424299246,0.03976253495198833,-0.5183854531900276,0.03358580161690604,51.93103092446372,0.27441887803567255,-0.2757893425196728,1.4360073086579501,0.014880108212504241,0.019260131887011825
34.9130478590897,200.58752641695995,82.35001385531376,9.54433014308182,0.04024332626847812,-0.5186525747536403,0.02933259658641868,52.37139524184435,0.28540266603243813,-0.147598093146915,1.4251270700902507,0.016488010882852587,0.031855188161139615
35.0,200.7617585266074,81.99640006970343,9.545028419730013,0.05025430129189219,-0.5374426130274875,0.029119134503877396,52.959829577372126,-0.4269787908403972,-0.15770894382370984,1.532464308070679,-0.12987778431846336,0.03069510582983832
35.31263522278832,200.77805307458655,81.83337332438848,9.674280059551618,0.05079024802306933,-0.5368529603647113,0.041210957847992946,53.40508042654242,-0.4950799932781326,-0.10104152726437106,1.5118075369779886,-0.14818136325007017,0.03541115326838936
35.512428929688205,200.79347593083008,81.74441122455288,9.682248035942749,0.05290117056462306,-0.5347124354093995,0.04138793993074939,53.57492879949243,-0.6301587384894166,-0.09385553991687784,1.446867753873046,-0.19774577507920765,0.03609589251495524
35.71222265341127,200.80365484243316,81.63128625461539,9.690718704829083,0.05215282658861099,-0.5355163818412287,0.04132285384748968,53.920523284640744,-0.623751779638944,-0.08683111860427088,1.4655386167158078,-0.18445103927909703,0.03682324314963478
35.91201639405045,200.7574027513585,81.64045073323868,9.645143059969472,0.04862813791859297,-0.5282826627704661,0.034641502609582084,54.27897718487645,-0.7916069186530226,0.09161270732563088,1.4786052356562553,-0.22730708272922726,0.05371948946268343
36.0,200.6026219759713,81.77189643944119,9.61512535178253,0.03802716908480189,-0.5181179084909113,0.032263967607849296,54.05150669294905,-0.26483058569910645,-0.08722401758862917,1.4044165478670418,-0.10992898464544572,0.037186162347601415
36.11181015169935,200.60138948878063,81.74053007341848,9.552503401902811,0.03770576201685351,-0.5164598762651139,0.02427399186265944,54.21322956851349,-0.29661758366027124,0.09291933013130514,1.401650547966551,-0.11811010976425927,0.05467758524244694
36.3116039264523,200.7602031607833,81.35313113907347,9.604502807849656,0.04709370712394086,-0.5341194110848126,0.029955148164063326,54.364105288972354,-0.07880974963246051,-0.019519279585122715,1.354704706561696,-0.047976730273634124,0.04386865338391795
36.4,200.7710678911369,81.30633428969857,9.6152934178202,0.0481497809423193,-0.5337198266132355,0.030856802162849795,54.435865999730076,-0.11315628845890029,-0.011888414648864599,1.3289253653458057,-0.06270855799205832,0.0444707323976405
36.51139771840427,200.76142629579192,81.27600714471569,9.610347111547448,0.047215344539985285,-0.531906812832934,0.029833798448160885,54.59792610167844,-0.14745484149405136,0.017377166759987652,1.3274806719035193,-0.07233760638269919,0.04708416059005566
36.71119152765096,200.752801065102,81.20533986522118,9.603616816988737,0.04608740873937776,-0.5296825648266689,0.02828710860083663,54.881362683203534,-0.1990808583473223,0.0633035937039131,1.3228230038903088,-0.08575502028172179,0.051387354153409025
36.91098535428876,200.77278563006465,81.07626005083159,9.625293887558911,0.046763351175680125,-0.5311425386597408,0.030237658720294245,55.131550801721836,-0.1899146781171088,0.028024877740542298,1.3086887246991397,-0.08116850647298654,0.04798388726808566
37.0,201.1189318239615,80.88547398816215,9.517997102590819,0.0707094025243809,-0.5380679997308669,0.021736971648204824,55.89330605074866,-0.5541395020811445,-0.433304336906084,1.4381677274667273,-0.15428253145976106,0.005473349245922292
37.110779198414754,201.22355455814704,80.6401786485917,9.571997468086842,0.07678411250238934,-0.5497146548138125,0.02787048800940825,55.974450002916875,-0.4237900810049693,-0.5553541487149474,1.409664543952609,-0.11053433043865998,-0.0060750318284016214
37.51036693952337,201.22751688099913,80.45891472426162,9.624632458393142,0.0750881321125201,-0.5472833529998051,0.03278343512977049,56.55986595119827,-0.5084953887339725,-0.6549232194801241,1.40101392035519,-0.12821856389473912,-0.014376509218159394
37.6,201.2322502328722,80.4087676710262,9.782105734495806,0.0749583990357841,-0.5473540234366405,0.04816156565621185,56.686909665397515,-0.5190735410994735,-0.5835616145312997,1.3979128016230833,-0.1293723895510023,-0.008504611176279483
37.7101608367038,201.30758951437065,80.24536871469033,9.718391337849114,0.07923230750043306,-0.5539263687506193,0.03985712742951054,56.76909054393839,-0.41628016986981076,-0.4030374028808549,1.3729573165731754,-0.0965931683020372,0.008981500075403258
37.800000000000004,201.3129266455907,80.19463619112196,9.869332078099852,0.07911723977356253,-0.5539886932804139,0.054460881300555805,56.893791115974125,-0.4240705270764517,-0.3302042272197682,1.3694693410982657,-0.0974064237652309,0.01513921222617913
37.90995475176806,201.30307602597273,80.13461417706782,9.873319799238516,0.07543558786630976,-0.5554632294397484,0.0539198445388585,57.273382798158224,-0.28412419240713577,-0.3213610490889181,1.4606594428955033,-0.0358086042494801,0.01592940256909307
38.0,201.2364147047732,80.4306037942987,9.968366093616774,0.0725623313158166,-0.5338832387742068,0.06065446645363946,57.1370547896134,0.39974639011024055,0.04509223720310368,1.394987978878874,0.103228794619804,0.04921827646649732
38.10974868481689,201.2902817412031,80.29847662679407,9.855382830342245,0.07550192145207729,-0.5385785977038338,0.04847807774047691,57.252138526482064,0.47393918830962894,0.05608250840999506,1.3794969766062313,0.12505976994404702,0.050859477118209095
38.50933660527506,201.33081647528468,80.05235422768138,9.923374606652686,0.07616836952971523,-0.5405720046551794,0.05439891238251228,57.788229158092385,0.5569144661266967,-0.052520795298151235,1.360730324052184,0.14318986131208308,0.04031725591456613
38.6,201.35004556331592,80.00605414214276,9.773778912915084,0.07762203809371188,-0.540000019689879,0.039222559539740576,57.852389366394256,0.5345036426723269,-0.12334145040003491,1.3324713894180722,0.13020791911212476,0.03476684906814057
38.70913059288964,201.3078198539588,80.0434158951153,9.755661957850041,0.0743360650374379,-0.533746181468969,0.0364394944115831,58.05678198444537,0.4363993453138393,-0.054151797117626105,1.3449752582653887,0.09891520066982182,0.04107745151946807
38.800000000000004,201.3132232189164,79.9941773784793,9.870547330410957,0.07424762223590327,-0.5337943455067392,0.04743292516568815,58.180042400421115,0.44618238902469914,0.004626908221550756,1.341286264553144,0.1002904725753415,0.045510824944191855
38.90892459889937,201.21103433264295,80.12213861256629,9.910955705285605,0.06706139082646426,-0.5215974170482732,0.05189212621584635,58.465447634045304,0.21046770215283594,-0.10394501610486093,1.3767550339283237,0.030100406808991356,0.03516436727217113
39.0,200.93932159122576,79.99767427565786,9.930169732465508,0.04533773332203985,-0.5289832820055933,0.05271309767279156,58.24563205808394,0.18219134784394148,-0.030781953227030756,1.3256547674789019,0.036632691833196215,0.04199772887797675
39.10871862340877,200.89079550799443,80.04742855692199,9.892619987307619,0.041870587522056184,-0.5220084216129657,0.04737102079790062,58.43708918434004,0.0916916009787091,0.09010129296127231,1.3359140316271467,0.00740232345340321,0.053459583683804324
39.2,200.89718603125493,80.00119743672498,9.704100329735892,0.04204148883462375,-0.5219142218457671,0.02834178609291066,58.55694459964744,0.09125540933987152,0.001439689845020825,1.3314337862928687,0.007173389760943091,0.046595998479187745
39.308512666523214,200.87230851074744,80.00069781645595,9.694492429148745,0.040118769552624146,-0.5182391273096754,0.026742789147179827,58.73023189616977,0.03644572794901602,0.0436630419709336,1.3357473125038961,-0.010025877394897596,0.050431629539550764
39.400000000000006,200.86754399865228,79.94794930329124,9.378660354901022,0.03886762245348271,-0.5189954068632436,-0.004737254310318045,58.90587028190625,0.07102523156192253,-0.11068483696782368,1.3550101891991393,0.00502073842685515,0.03813475616278374
39.508306728348835,200.82974114718962,79.97970530009452,9.333082785948083,0.03608941947975195,-0.513199801802606,-0.010543755386707435,59.10074443864278,-0.024755486984639336,0.03689747279142071,1.3656044022772882,-0.023814977066172825,0.05185706407477489
39.6,200.82996581237109,79.9305793376863,9.309292912514113,0.03566985786304602,-0.5134619933154938,-0.012818389907079149,59.24442885311689,-0.014430409519860769,0.029670244430735356,1.3698687847654307,-0.018963027247404684,0.05156581034414691
39.90789490856216,200.83245705690464,79.79004996315514,9.296740983267362,0.03509592722227546,-0.5122843898098052,-0.013958255530257964,59.67678460145127,-0.044550244679345534,0.07487188767055743,1.3615257936123244,-0.026683798354514492,0.05541535767316738
40.0,200.42428254733002,79.2845467487595,9.245325830220056,-0.0009832164662227985,-0.546152799270983,-0.017964138726142602,59.58780175605281,-0.6036498870687882,-0.10828493970382445,1.3870276071150018,-0.09848227054111125,0.03924855135650236
40.10768902716616,200.39596578439722,79.20358307362828,9.103262593512714,-0.004689134383326016,-0.5486744006277355,-0.031931917922770274,59.86078223144451,-0.5303272347421246,-0.17193823705775044,1.4404916602546154,-0.06162075032440484,0.03424158611150795
40.30748316491397,200.39623491501303,79.08535150621854,9.119378151994962,-0.00459861409620987,-0.5492426704791964,-0.02897882912592399,60.14565386305677,-0.5345883411687385,-0.23422270416797986,1.4353603588239874,-0.05950737173448503,0.02840445760145206
40.400000000000006,200.3955986380279,79.03442050865428,9.133755219138017,-0.004612701892829903,-0.5492504709964293,-0.027273453237474973,60.27852751129041,-0.5399976334894934,-0.22315944893491033,1.4335732950717188,-0.05933330328973416,0.029316470197049815
40.50727732191577,200.39051282257748,78.98559722191395,9.124161278082937,-0.0049253032552110335,-0.5485728931835583,-0.02816836174267106,60.43797325627638,-0.5578437448483721,-0.19795071249342802,1.4331580258304633,-0.06278149437362013,0.03144170652335766
40.6,200.388943268846,78.93411685706437,9.217950732026985,-0.004999686529803473,-0.5486140324807552,-0.018514692141556748,60.571715986216844,-0.5631002407927244,-0.1460325620768056,1.431141423615093,-0.06243805169386498,0.035415804288296326
40.70707149828263,200.38039635323554,78.86935012876322,9.215824804175277,-0.006464585742928353,-0.5495578873951126,-0.018621804977430125,60.80163345526861,-0.5183599180135773,-0.14127224631198915,1.461886438401402,-0.04087401276782848,0.035939311266771745
40.800000000000004,200.37746863448618,78.81699392777668,9.419266953833038,-0.0066199889215870006,-0.5496438435927453,0.00201028072869772,60.93956244667156,-0.5208909920321756,-0.034893386044879515,1.4606676142298312,-0.0402207703205216,0.044110655343705514
40.90686569412643,200.3697884506801,78.7527646684409,9.419122266822813,-0.008311685734274866,-0.5507295190480436,0.0018449031266903344,61.201703041747535,-0.45389741416257146,-0.028139020635468807,1.50352632268073,-0.010404499127568315,0.04478905064259802
41.0,200.36545895056707,78.48018686579165,9.429572413008254,-0.010486862919102575,-0.5650836610404943,0.0023672210746167933,61.44717819556432,-0.8876575355033494,0.02927668920421324,1.5348630016562992,-0.09297401267378741,0.049828263500983606
41.10665990955991,200.27224208705056,78.5710544250632,9.466190093543776,-0.01668425960458578,-0.5548871646831235,0.007289204522440392,61.697464990712035,-1.045109684065066,-0.08154217339649922,1.5620315498074766,-0.13958984168779942,0.03945284515431458
41.2,200.27324998623473,78.52399333954473,9.680486873488253,-0.016035947885454697,-0.5542956444202094,0.02903541257980818,61.81354448908978,-1.0801595440145326,0.021949517279609518,1.5477387718172937,-0.15008979528437613,0.0472136069811783
41.306454144696694,200.26386139354233,78.47126534313685,9.706765160174584,-0.016543615398061675,-0.5538610990080935,0.032241696095144726,61.984976434611724,-1.1039901253631317,-0.05191242134365016,1.5491125728023563,-0.15354364747346524,0.04028543755924936
41.6,200.2585837334551,78.3084453999506,9.751096439781707,-0.016572326115627305,-0.5538772003869578,0.03580416664584031,62.439875566221936,-1.149277119955469,-0.023239957338545978,1.5474377588851358,-0.15637008445445338,0.04241205024545647
41.7060426745389,200.25761116501144,78.2511834654281,9.75504478096207,-0.01629419760324081,-0.5536438276027776,0.03584524358401774,62.58685931654194,-1.1783086058444696,-0.019385541734830012,1.5390398778409808,-0.16266052156182945,0.042558340578232455
41.90583696947593,200.21288126876706,78.21145380890795,9.767510386563547,-0.019146857626509493,-0.5487615337494004,0.03659098255260309,62.954028254111755,-1.314811545668637,-0.02959676836122991,1.5543865821841154,-0.19464281604268144,0.041609535110752674
42.0,200.22886318603685,78.08465954793246,9.799983442467205,-0.018854769385695927,-0.5537873309269792,0.038324221652315166,63.190484510871016,-1.4645425391434226,0.11171731091724338,1.5813380033412163,-0.2172078679584735,0.05398121496899106
42.305425619967465,200.21957079844313,77.91029457571422,9.811510175525274,-0.019663752038673158,-0.5544823043705691,0.03825119798153704,63.71016494229087,-1.5046132095049565,0.1291290140630989,1.5971729525287122,-0.21078491559580567,0.055261233201496604
42.400000000000006,200.21534806738563,77.856505500582,9.988073814829129,-0.0198274904109812,-0.5545756291694428,0.05612260905643278,63.86328932420333,-1.523424035724784,0.21044664509200134,1.5972818041171268,-0.21207483456323484,0.061120642190961416
42.70501435207379,200.23261385342028,77.65452197922306,9.977686030599363,-0.01824940583774686,-0.5568242261296887,0.05232610593091423,64.3220601479861,-1.5453813888057168,0.3142863514821288,1.587382985086633,-0.20412511767856759,0.069678263599358
43.0,200.10787018060734,77.72191595307358,9.97709582767891,-0.02627078673467325,-0.543163843946647,0.05127950993004145,64.53545181421624,-0.9322268529325238,0.26059402380753915,1.5478741143429104,-0.059481199046585664,0.0644171019079898
43.104603166757556,200.12528578645777,77.67554089097916,9.98298732694244,-0.02299613708703763,-0.5412896163968064,0.05151644184232519,64.57868359219363,-1.0140001338778375,0.26539283826427296,1.4907759528772024,-0.09509274337999842,0.06455900915856037
43.2,200.12261681217606,77.62362974924845,10.018942126706742,-0.023029163877294843,-0.5413085818887083,0.05473341505393321,64.72119038765058,-1.0228623532226948,0.2841065140048516,1.488725864898772,-0.0954167983840096,0.06594651815486015
43.400000000000006,200.1178753066468,77.51528978171937,10.038864094707922,-0.02303853549132612,-0.5413139665833104,0.05566367320386744,65.01863071709815,-1.0419441964781402,0.30090510406962984,1.4844198355841345,-0.096161484985463,0.0667909169185655
43.50419206499643,200.11878365697513,77.45928677702344,10.02310347660902,-0.02282499587582761,-0.5412940988298552,0.05271389896292981,65.17069721091441,-1.051650024179733,0.37268713874477494,1.4814159211240596,-0.09654742218405944,0.07318272036575678
43.6,200.1168425765634,77.40756867937503,10.01062948294213,-0.02280802661934184,-0.5412843155840744,0.05090055699540089,65.31229459563531,-1.0610691257445142,0.3723822417463752,1.4792157526200604,-0.09719471805750265,0.07302687134703524
43.70398654575872,200.11192862808667,77.34966181812176,10.036316258686268,-0.02296921596027328,-0.5413862055653904,0.05373384136995204,65.46775427121547,-1.0700789771631183,0.3143129258293348,1.477284578558246,-0.09738875832490086,0.06743920140185389
43.90378104778335,200.14707321591249,77.2037867323274,9.99476193499937,-0.018943778681311134,-0.543090824005305,0.046620348361118884,65.60713150682233,-1.1078495758722529,0.4930949574995756,1.4136418676554892,-0.11310621853669321,0.0833330866476316
44.0,200.16646230834087,77.74813823396123,10.00818703358947,-0.013005556263103308,-0.5030823263089462,0.04747845757391638,65.43703885591967,0.09872104566728712,0.5300554523691946,1.323294321629174,0.11706650417083214,0.08601805226063809
44.2,200.16435128421895,77.64780756725234,9.984943361592663,-0.012971324613527464,-0.5030624489419233,0.04408422791063065,65.7003793055766,0.12228302660323717,0.5337177629840268,1.3139757692981446,0.12088157331602786,0.08590365428698507
44.503164682701794,200.14601235146387,77.49412654642235,9.9985270132605,-0.015140539971491694,-0.503894893141019,0.044001067479808476,66.18816801559765,0.21190308488702037,0.5596164536862098,1.339155982890565,0.14926855538285794,0.08713174982395727
44.70295927105132,199.96126689605416,77.68573169998518,10.08387463818696,-0.027280351870303338,-0.48430911377941793,0.05431474115217565,66.66701038959964,-0.11054333349820059,0.36219075782958043,1.3922139107978382,0.05210156209074658,0.06892226293579752
44.800000000000004,199.95247864745676,77.63482017438854,10.085757166287769,-0.028511121066523135,-0.48508515022386867,0.05387598342900089,66.86900777480524,-0.060659687901078514,0.3687437351282771,1.4167483140329908,0.07118493506718053,0.06909885334917651
44.90275388130599,199.94393982005502,77.58146872643236,10.090962328710933,-0.0300040679183625,-0.48602192794044835,0.053720550635700894,67.10585714646041,0.007973834736959742,0.3772379550177243,1.4516984810021871,0.09729394671250377,0.06941741855843868
45.0,199.94921141651028,77.53751373939498,10.08541260557193,-0.029320765131762412,-0.48571865598302705,0.053111075366119614,67.25914969024213,0.020100727753935815,0.3278117035440538,1.4512392748963678,0.09881167455489474,0.06472730249318738
45.10254851359742,199.88469190035275,77.58868063176466,10.108604290049657,-0.033417394106471335,-0.47900335849922,0.05545753006573015,67.4621282378158,-0.06013674839879783,0.2886831952166519,1.4658753118339174,0.07282412757348466,0.06104973187294985
45.2,199.8840217952819,77.54352185292126,9.946155039388163,-0.03323670392064095,-0.47889768468879046,0.03807472214969764,67.60275925788375,-0.054175302102332824,0.22656224673020292,1.4634030843125903,0.0739504458361208,0.056887505059449436
45.400000000000006,199.87923970348078,77.4488397857029,9.831132143241907,-0.03310717686256538,-0.4788219144626389,0.025366723914845575,67.89346969527249,-0.04004334554600681,0.1889806350914084,1.4593195694385697,0.0762816595515895,0.0536684953660524
45.502137844822286,199.79492973054258,77.53525742878345,9.84593627516662,-0.038491946618934174,-0.4698281246111592,0.02702582970678271,68.12795619374775,-0.17675400815018627,0.15796500893156146,1.4822213489046645,0.03574746113720548,0.05052925407725727
45.701932544024196,199.7844129026333,77.4378189937181,9.851231110274862,-0.039163221521358184,-0.47036435092455947,0.026963874039389997,68.45964603895322,-0.14373234836759524,0.16859623325326384,1.4939742498034891,0.04822556364689798,0.051325757166044164
45.800000000000004,199.77882070755,77.39065618491244,9.980040488766853,-0.03928459198996432,-0.47043564885428985,0.04003103460301503,68.60785766693554,-0.1379373095506065,0.2259656829606344,1.4929678523912044,0.04963698955517053,0.05559171625991813
45.90172726579988,199.77585398687174,77.34433111207912,9.984190574253859,-0.03895150587169136,-0.4701696655116421,0.04006860347541755,68.73887145951663,-0.14769362924997378,0.2313036371791623,1.4828127284282298,0.04474314578110598,0.0558827020784399
46.0,199.92873253339465,77.61399574233485,9.950980050100515,-0.02463088547432217,-0.4474770837692221,0.03835901015351843,68.89635345738958,0.47985942190254066,0.015941767404200752,1.4572359537729924,0.15730571867178775,0.037545783144422806
46.30131677762135,199.89472646711815,77.46414226089996,10.18813352769019,-0.028432855056265246,-0.4497271260300762,0.060859877390152924,69.47065741559153,0.6151045974979586,0.11693074266044372,1.5106446683478107,0.2030858042455953,0.04494976003401394
46.400000000000006,199.88972741523858,77.41846388981311,10.325751630815576,-0.028585287225302687,-0.44981671789124505,0.07459242286116632,69.62159807460802,0.6363981684780435,0.16899621531589035,1.5100826655914723,0.20660065113904622,0.04866512297139924
46.6,199.88272438544982,77.32773890952316,10.418863080490164,-0.028674121543900997,-0.44986895412295624,0.08276449118202622,69.92460362674225,0.6790397026357032,0.206544156227374,1.5083210965981995,0.21327699644071374,0.05121551875141796
46.70090638139538,199.94777570044982,77.16253470886096,10.440000961747895,-0.02418391522968918,-0.45773612519316625,0.08453961220894596,69.99942777789902,0.8341701214858193,0.1701468908630136,1.4849188128864292,0.2543885874673502,0.0482170740488818
46.90070121811593,200.0501967616941,76.9648001106262,10.40476950729768,-0.013466011800734584,-0.4624354380182437,0.07772689693195778,69.90035383573928,0.8399180821811725,0.3460215596292465,1.3328730690286998,0.22412989823135698,0.06280598773401819
47.0,200.44146056793264,76.81246259333489,10.400905226883422,0.016056805953430987,-0.4670891607772829,0.07737605718496424,70.69178615709691,0.3548450298586717,0.27010986019011196,1.4384599451135118,0.11134737148739786,0.055943802263900166
47.2,200.446617879631,76.72020215452716,10.303049533939634,0.016193749820881592,-0.4670082940239696,0.06545838737666321,70.97723755439591,0.3764605426029397,0.23985347723401412,1.4318309470064878,0.11397869775557837,0.05375662490553242
47.30029096193667,200.44735316704157,76.672922427256,10.309593754027922,0.016055925608617534,-0.46708627325596186,0.06544726980853108,71.1258055223127,0.39116410312849303,0.24532584191547885,1.43112027493533,0.11691648847770897,0.05394822350955338
47.50008586932535,200.49741649114085,76.48558254357219,10.368654353334923,0.019148082009802964,-0.47321414632773146,0.07175243588157387,71.36164240221274,0.5075448076488478,0.11385789123960358,1.4102882723792456,0.14660237480791374,0.04243085579054426
47.6,200.49696937963316,76.43689160622208,10.526646270902424,0.018982299679489396,-0.47331240980781186,0.08760326509296044,71.50469387471806,0.5236171333124984,0.1762246179705542,1.407590659728278,0.14893483041155614,0.04697670970960679
47.69988080056052,200.48758956139557,76.411693464945,10.526331326799973,0.018239307367728993,-0.4718737120562239,0.08634355469261006,71.65799988233415,0.5147700365522856,0.2106857915254886,1.4077481993313483,0.14418982916068152,0.049872345582395144
47.800000000000004,200.49133163776776,76.36559914914328,10.401697249602178,0.018374420210257557,-0.47179336364773183,0.0723346622029913,71.79673630609349,0.5281181806144996,0.1612278684096437,1.4039581583143306,0.14572763500975344,0.046147939999909765
47.89967575578936,200.5510233452184,76.22932599793799,10.382241564240392,0.02215289336466147,-0.47763646481469124,0.0685796395918215,71.86891540010059,0.650807344672298,0.25853845859229163,1.3816264987514206,0.17740888642192343,0.0541798485768802
48.0,200.38883731535972,76.07063769631152,10.382390473414938,0.008918804264384045,-0.4863067299571131,0.06800717756711452,71.82893773409772,0.5353619149687587,0.2364121251408109,1.356734492357391,0.16121111536004185,0.052267182564038006
48.09947073516023,200.4529028519347,75.91341565583686,10.315559585165683,0.013080286421513078,-0.49342214892623387,0.060832896247116325,71.910122557141,0.6425129354915924,0.15953794227191337,1.336697041059109,0.19058332777177972,0.04630138581618417
48.2,200.46418060682495,75.86657581919326,10.40737863833032,0.014456581624554881,-0.4927985931051214,0.06997814005653295,71.99811524561508,0.635330383392144,0.1988811853783803,1.311906073283149,0.1806300048422005,0.04904103917509854
48.29926573882275,200.50528494885833,75.73490486179287,10.458851018688735,0.017085288881699554,-0.49821126695859314,0.0762587422054137,72.08930701192538,0.7286402987042631,0.05403394463977326,1.2960516130403215,0.2049247841935628,0.036601868044981445
48.4990607669277,200.49272696440363,75.68434390836751,10.444424228330679,0.0164645396654842,-0.494725007301873,0.07212023723447505,72.33867363711582,0.7037404383242726,0.15910788384763294,1.2801850924573928,0.18713312550999706,0.04509541795991317
48.6,200.49274271775565,75.63341797262262,10.575214590397705,0.016343688445590466,-0.494796918318644,0.08522855698898968,72.46947632333571,0.7237875980054443,0.21977198272043766,1.2758811163823134,0.18959563899686607,0.04943610173734575
48.800000000000004,200.49379843567482,75.53312902957535,10.761290115880099,0.016181739692229843,-0.4948932581096454,0.1032425537156419,72.72627592951025,0.7635975479694216,0.3053196802387885,1.26639675756594,0.1937893479576013,0.05550856812788213
48.89865089707431,200.49075684237206,75.48385408927818,10.771037574311269,0.015013787910552866,-0.49543446027246285,0.10307631358804681,72.91744548448003,0.8216589401515105,0.3124702677686333,1.289303347092797,0.21240791630012257,0.05579065184649107
49.0,200.40413946417996,75.14131083917901,10.743975276876892,0.006476393977732796,-0.5160414088531515,0.10068526553332799,73.08170031918205,0.3319450105865843,0.11971185702609269,1.3092107093435255,0.12282554475138786,0.03978565363479458
49.2,200.40099355545058,75.03545487946907,11.034426132220146,0.006154754104276065,-0.5162317047694304,0.12915718673155818,73.3467384983116,0.35912969804461364,0.23698749061736066,1.3018495038923188,0.12638078806718786,0.0479239875924133
49.29824112683142,200.3795949046793,74.97101851183493,11.045335401331904,0.0024682173685779425,-0.5184408895557853,0.12864609575925529,73.61351722665437,0.4575630880446019,0.24780697326930456,1.3608704633120736,0.16678245329438013,0.048592743559887304
49.400000000000006,200.37979985934052,74.91823498400481,11.061285924007104,0.002464832838101848,-0.5184428917463001,0.12895600899460483,73.75187909586454,0.47467226937861967,0.2538715788645031,1.3575770373896119,0.16887949681864053,0.048752837450249956
49.498036279454254,200.40934219980224,74.81452145262746,11.082711283674936,0.004418098296682854,-0.5219556596212357,0.13025121218399868,73.8536422606478,0.5469565704633153,0.22673253179318625,1.3452728072397595,0.18699033641787632,0.04657061689968026
49.6,200.41082524542315,74.76191868792367,11.02649017610217,0.0044942745939957635,-0.5219105065994487,0.12269944005577824,73.98946150419654,0.565478032298398,0.2027211411760237,1.341443569901501,0.18912859490754966,0.044697121453058826
49.89762666098044,200.28243509815513,74.82761158560515,11.058065251739954,-0.004162080867199604,-0.5071498910090607,0.12195777626972365,74.55143545727637,0.3395636113075134,0.2341556437002888,1.3778823343462068,0.11591094918861715,0.04645604293813625
50.0,200.74837856628267,74.87745024674159,11.09487416299969,0.03347537937277288,-0.4962100897734362,0.12405359751170915,75.16513977093543,0.21760785414692113,0.3491699267113436,1.4102202501171206,0.054242805422097376,0.05524045986626368
50.09742189020452,200.79668082478784,74.74436138021046,11.140681209341116,0.03648914703463409,-0.5018496602756071,0.12852734504869848,75.26192354569113,0.2972336442729001,0.2868594731859211,1.3947063854239716,0.0767403082100488,0.04985951627695623
50.2,200.80198109815097,74.69381625123427,11.056178665548373,0.03660597183159293,-0.5017802523416904,0.11778796113394194,75.40326932042483,0.30424039481526705,0.2514263041884172,1.3911147849345638,0.07697650057933038,0.04718627030389742
50.297217145285316,200.83825389714124,74.59845586740418,11.04494898949343,0.038778600615975226,-0.5049004805928741,0.11442200061773561,75.50780743886631,0.35807972316657066,0.3362875234673282,1.3786313423494658,0.09115108795133466,0.05402769029091058
50.49701242638651,200.8244233212789,74.48792616640556,11.068836882543415,0.03558504068907338,-0.506533224136868,0.11437108268761105,75.90795751744976,0.4482018044107035,0.3430884307601643,1.4253756076849518,0.12334308532848079,0.05417593679437897
50.6,200.83338865849825,74.43964921280357,10.953489006997113,0.03639088869986248,-0.5060187896506627,0.10039799294078193,76.02197778233158,0.4405431378696742,0.29078001287211713,1.4092735651274855,0.11623360941680969,0.0500604013361457
50.800000000000004,200.84243712242963,74.33951381437278,10.840745296231141,0.03652651508563996,-0.5059379419890355,0.08567881354136984,76.30091488307458,0.46260909315978727,0.24197998629468379,1.4030919112324416,0.11787037934124475,0.046216201759757124
50.896603067311815,200.79904048017136,74.35936205436597,10.876129436230805,0.033372738674555966,-0.5012597576397144,0.0898110532276312,76.49605832965243,0.3803492818679999,0.1449970839834478,1.417369772484553,0.09259145290396312,0.038094351240569035
51.0,200.663578808106,74.06683578230549,10.86955734123886,0.021337383705855736,-0.5186040914195784,0.08860253729127737,76.54922809338314,0.013524759224485483,0.07576273613473519,1.4124960476595239,0.028476128145901787,0.03245207742522859
51.09639842747022,200.6654210599447,74.01685726515919,10.91634980144889,0.02135773587356656,-0.5185833810276742,0.09282175781471097,76.68362659552314,0.015153481687998138,0.09519998460758353,1.4093250623290563,0.02811806287585942,0.033681810392885085
51.2,200.66872930981233,73.96379191655393,10.856907084121412,0.02144183183096838,-0.5185331988818204,0.08509911679504914,76.82833954771318,0.017392238814615754,0.06959691177132829,1.4063822726359572,0.027783361853612694,0.031846778795522675
51.29619381431767,200.60691556844625,74.00526603302136,10.906287199116754,0.017140002479244805,-0.5123130474855567,0.09135728442256195,77.02579649854913,-0.07500376443340145,-0.07364969585326518,1.4226269078492766,-0.0009938756781706568,0.019790954535599967
51.400000000000006,200.61039598217843,73.95311350539954,10.799416825722167,0.017271877013988426,-0.512234253291505,0.07831653031452215,77.1713824560721,-0.07627925626964685,-0.12261944888788046,1.4198599419035807,-0.0015944380254961114,0.016305557308550673
51.495989228024825,200.61353930305606,73.90613888407879,10.807050986987683,0.017669025695038587,-0.5119172656906527,0.07837311473219878,77.2889762556782,-0.08924405016682116,-0.1214106582338375,1.409317241638779,-0.007490593599299022,0.016280217558427474
51.6,200.6168136522204,73.85376474169396,10.715325086451827,0.01778035047523425,-0.5118506497563365,0.06712717137797096,77.43359891759324,-0.09109633649364032,-0.1626965787500488,1.4059272553119158,-0.008068149016430748,0.013362310624429559
51.800000000000004,200.62021875768536,73.75130304795579,10.739440308673915,0.017768689284037683,-0.5118576286073806,0.06833634365069219,77.71438727039403,-0.09269607170801211,-0.15549369748416114,1.3999333138306898,-0.009158840615218334,0.013821413595303787
51.895580136708155,200.62013258645945,73.69550618070673,10.74567474190649,0.016034215544528076,-0.5132498604766861,0.06806887637842883,77.9604628838858,-0.01593699764110236,-0.153359500181278,1.4453529395869436,0.022716067515711813,0.013841950079844838
52.0,200.66143445146398,73.49097440095063,10.799559870478545,0.017750541716298147,-0.5233691035404926,0.07041614017085071,78.23800195788117,-0.3514165595836245,0.1546196607223018,1.4739142768010423,-0.04278296136024774,0.03803103568433806
52.09537563203291,200.65928007345406,73.43611433274184,10.806360441766804,0.016997063790761602,-0.5239888012867897,0.07036603272053656,78.40505531648458,-0.3366867112749461,0.15783298546433316,1.4851385440063152,-0.034691143785154484,0.03837967043455105
52.2,200.6631221218949,73.38253961671097,10.697639566302545,0.017153922280985355,-0.5238949760896658,0.057100751953790274,78.55824318667858,-0.3415659417249268,0.1182037770777997,1.4830449423487608,-0.03541496377656468,0.03551654559199326
52.295171154914584,200.66496376819597,73.33298006874543,10.703063125949317,0.017204394587936527,-0.5238534936394419,0.05710387901047524,78.69723415559511,-0.34642171077283274,0.12163266116787355,1.4805956651678047,-0.03641191738732233,0.035510622528951895
52.49496670553117,200.62313465114158,73.309419398978,10.700034602503013,0.014085901439018033,-0.5183312863079246,0.054892454693091244,79.04523384099308,-0.4442353896450984,0.17793695011795344,1.493446985398134,-0.0638984025537042,0.039779697728962435
52.69476228406217,200.62618423760406,73.20675687306588,10.710954029806869,0.014244735933043033,-0.5181858596735393,0.054904753976427884,79.33424049524301,-0.4639067688538555,0.18612215725663206,1.4867690031739809,-0.06821322716079767,0.04018826705899661
52.894557890688645,200.6287519674017,73.10379367454757,10.72186361012144,0.014400404930735917,-0.5180415686087837,0.054920239066384186,79.61968395478793,-0.4861833162601387,0.19442297162975822,1.4789396435616464,-0.0735572054157547,0.04068568914510341
53.0,200.6108987790429,73.08970738181031,10.715029192193235,0.013280426796119136,-0.5153849993361077,0.0542369510797405,79.7207495917604,-0.3852984404104146,0.11840528104565726,1.4654660546685454,-0.05253531853087068,0.03456205423978269
53.09435352559317,200.79361187594003,72.74205858060863,10.7118949368093,0.025651258972673566,-0.5356655479366436,0.05304446487437144,79.69096964335709,-0.1160593561146962,0.14527477720635332,1.4119809847750977,0.030451409365857975,0.036806809150910204
53.2,200.79601497769,72.6847534934319,10.78851182633019,0.025722072427516215,-0.5356574255355285,0.06118346431618043,79.83537908497438,-0.1154180516341969,0.175556135203625,1.4069775879506443,0.029276854311401666,0.03885191016870941
53.400000000000006,200.7983853928636,72.57593280480555,10.955774970288795,0.025514083849128226,-0.5357825704789271,0.07891170486065015,80.11912869935269,-0.10781583926457773,0.23972943034665448,1.4023293211709364,0.030441785932343705,0.04301107421236529
53.49394488097455,200.64553852080545,72.77818712320716,10.978008861212418,0.014947404075328264,-0.5186262481907694,0.08109926307901222,80.42167587678148,-0.38323799046437346,0.19768154132987834,1.450266544192425,-0.05059056536611669,0.03923272220070433
53.6,200.6448582287904,72.72100295472018,11.064518853364584,0.014331768192541918,-0.5190596538018618,0.08991795928541146,80.60454837924696,-0.36829294831884163,0.23260047662407302,1.460921567568912,-0.04260989481824219,0.041543479622329536
53.69374060182443,200.5838898065235,72.78181366426165,11.05603105039306,0.010052112871969068,-0.5116280863183595,0.08738221042996507,80.81883675610852,-0.50322931619868,0.2906342723054145,1.4816931653310317,-0.08043832664071951,0.045856769496823276
53.800000000000004,200.58468867050692,72.72728270784819,11.083352698469765,0.010031419118934187,-0.5116406034196841,0.08943480913520596,80.97652116200298,-0.5116378700117171,0.302890561514504,1.4799164242412726,-0.08143711360561294,0.046398049719204575
53.89353635169847,200.46162473405036,72.87515589098216,11.11832359694577,0.001572388847938578,-0.4982600117661539,0.09344299689638501,81.2782562184675,-0.7812217790100973,0.2176892307563712,1.5248308019797248,-0.15592684192291723,0.03932043413861152
54.0,200.55063882659542,72.82789370155461,11.08071474662349,0.008956622875089734,-0.4968980193242406,0.09052976870408658,81.55266553215367,-0.8444038750496332,-0.04038800940288084,1.5338493519495495,-0.17527306416697802,0.018983026637467343
54.09333213078722,200.62237345710588,72.65852476687898,11.105585889240368,0.013821856329532511,-0.5052402178075222,0.09294413414137978,81.62895889102401,-0.7491477220216508,-0.08596308880741393,1.5119200808446367,-0.14362785014475013,0.015495937044426474
54.400000000000006,200.6335562794127,72.51119489560541,10.97739162801384,0.015108419688202375,-0.5042137629543506,0.07526264853320305,82.04161739327623,-0.8310693369840669,-0.14853033315143593,1.4848939347316525,-0.16530183081147662,0.01096484295250036
54.4929237773793,200.59767643449732,72.52669478936393,10.981793989978144,0.01253753561438819,-0.49994960355808943,0.07487740607679415,82.22205957443512,-0.9160387589240443,-0.13996049449837264,1.4955742296756784,-0.18780345025449965,0.011756366090313962
54.69271964527202,200.67618674367563,72.28355340117011,11.034141447561801,0.017220097616073304,-0.5101822179709192,0.08029168836223086,82.46021141105001,-0.7517606288985997,-0.24492100476162684,1.4799731103680733,-0.13077384218414656,0.003273516296005998
54.800000000000004,200.6792201532989,72.22961174796271,10.927622836058667,0.01713734632323666,-0.5102388511624929,0.06725624957755454,82.62885234948435,-0.758626203438097,-0.2958431534810515,1.4825083090193796,-0.12921397965087686,-0.00044344809365755517
54.892515543158275,200.68087800556242,72.18216504523514,10.934138079017915,0.01763712089324541,-0.5099231029668712,0.06736780479440009,82.73310129184195,-0.7941059566987128,-0.2968805283540922,1.4663023239550883,-0.14068741523620884,-0.0006755130185787159
55.0,200.85764251688352,72.27652595837235,10.985031470524286,0.031862570088894905,-0.49853217738194644,0.07061287238113337,83.04864308017827,-0.6304281995266909,-0.10165814247335708,1.4769742007034492,-0.1178531218757291,0.014398183802227156
55.09231147123701,200.7757676811208,72.37566980979017,10.943492386239216,0.025972217794822842,-0.4885546840783713,0.06473748147868802,83.26737169574567,-0.7777845997882826,-0.0749761553868181,1.5005913692406005,-0.16121927455714047,0.01665848881511518
55.292107429708906,200.72911105523633,72.37555131135935,10.919029740507659,0.02231719432527627,-0.48184043489174677,0.059280821057554126,83.62460185486366,-0.9109627763388808,0.03048789926595022,1.5143986163816636,-0.19584112519259858,0.024775914320415544
55.800000000000004,200.74053245921942,72.13088305953761,10.943127528654733,0.02232409927374537,-0.4818361704366441,0.058606120448626314,84.39132438990485,-1.013556974989968,0.04066823079293943,1.50514050679946,-0.20790969349976726,0.02578009806398649
56.0,201.41484694621604,72.31362639458811,10.907959813007821,0.07516910052983479,-0.4579909849195497,0.056218373337733774,85.53382098634206,-0.8557934840343071,-0.2113157312073253,1.6163855410974053,-0.20446665427821578,0.005348588127300397
56.0912915716035,201.5586500416711,72.0722062945277,10.608593930390562,0.08475351352883459,-0.4718820725603167,0.02123431134786035,85.5483525159793,-0.6795665768914599,-0.22967014689408793,1.5744655181357756,-0.14632474938429918,0.00470765343991738
56.2,201.56774460796066,72.0208333165604,10.61790870943045,0.08474419675979883,-0.47188784644353976,0.02201880351938655,85.71955372157402,-0.6954917735934221,-0.2262203523900901,1.5729871815904235,-0.1479576114425108,0.005056898627482301
56.400000000000006,201.58260008458697,71.92512642159078,10.74752443326671,0.08458131347868614,-0.4719888209954597,0.03603310725242872,86.03616706021374,-0.7240414937545568,-0.17359171212953478,1.570682234668448,-0.1511200082872396,0.00885555059575976
56.6,201.60194769635214,71.83227378023177,10.607067699660064,0.08476913813036509,-0.471872348547765,0.01950516813730913,86.34718657031418,-0.756321162204754,-0.23156942229764305,1.5670454438053363,-0.1548623876663509,0.004672855649730069
56.69068000725082,201.60778259154904,71.79661928212289,10.59762131096662,0.08462354049414883,-0.4713788079234027,0.017843052294868406,86.49254580534581,-0.7791869000894807,-0.19787632706400493,1.5666652906958254,-0.1591432109429589,0.007381574141228522
56.800000000000004,201.5964942723675,71.73098659868506,10.489949705968765,0.0810775082561364,-0.4738361257057723,0.0053042221085284474,86.83019793189874,-0.6749822266424194,-0.2429449498008319,1.6330257185399235,-0.11244083829893299,0.004208712492004733
57.0,201.60110777446633,71.54162119611249,10.457086849539554,0.0797104491254595,-0.48027539623494675,0.0032330007055278035,87.19909974805313,-0.8734027850259379,-0.41782840994873227,1.6446473563126425,-0.14700554149353745,-0.008968816869015987
57.09027245764335,201.53399261480482,71.61487931753052,10.590881411246137,0.07447251395629037,-0.47216424150175174,0.017769321414462337,87.42102746103835,-0.9994102585707282,-0.3422768392608534,1.6675595291157257,-0.1825992628833869,-0.0033984216655336286
57.2,201.54097993517183,71.56231223839069,10.661374202854931,0.07438063701030019,-0.4722215173902786,0.02544438372574797,87.60519500662576,-1.0188324902247539,-0.314528541021426,1.6681486372832195,-0.18416478095574132,-0.0013893005895424708
57.29006873147939,201.51945619608148,71.55924770025923,10.67892487116407,0.07242004278687557,-0.46945207078992357,0.02771745457296009,87.78487561557138,-1.0782130233362108,-0.3605086787981691,1.6770728671824922,-0.19837199642426073,-0.004877632174657733
57.489865038036,201.53952834188436,71.46987645528444,10.684671439851085,0.0731630429345354,-0.46889733909999853,0.0277936404887103,88.0935549960312,-1.1380645745922704,-0.3620492205124702,1.6666157687386105,-0.20983345824717875,-0.0050177808292373605
57.689661377536176,201.5386927376943,71.40988666320764,10.664816627861587,0.07202276284114907,-0.4665500323479762,0.024034013419423652,88.44962490518115,-1.2224978594215459,-0.2907180130714035,1.673542933263438,-0.22582101932781423,0.0005309648766608187
57.800000000000004,201.53892627976657,71.3523455713116,10.675749134301443,0.07096872662674272,-0.4673383257697987,0.024882290613957407,88.67806375548379,-1.2143929264847728,-0.2861688558291682,1.6910193952977677,-0.21547595867092809,0.0009836514338081425
57.88945775020494,201.66959454500991,71.12812139334811,10.634097868661332,0.07975039232060159,-0.4802968071367704,0.018333253890876682,88.65235035801054,-0.9692663705096877,-0.15524349594616083,1.6405280918591802,-0.1424009258131219,0.011194133422153267
58.0,201.76529053460558,71.16130769343162,10.649210607436352,0.08691444290927922,-0.47377035142324253,0.019337227730194313,88.91443354299884,-0.8746242179006287,-0.10105122412550938,1.6471527457848552,-0.12760636134346534,0.015284447973016606
58.48884706950304,201.78940018897484,70.91958091094803,10.64209704177818,0.08460371917816241,-0.4752236589706977,0.01743553147230754,89.79760701944375,-0.882709695123665,-0.09980180566903746,1.6776338879872368,-0.10961346828497306,0.015390113944201894
58.6,201.80028782037223,70.86772515597083,10.553452711130035,0.0847197261620563,-0.4751502666496316,0.00729481347931304,89.98236699514473,-0.8959919673425916,-0.13509331948946338,1.6776816946461832,-0.11034777326073336,0.012925404261439693
58.688643577136745,201.69632795495602,70.98717506533787,10.596176452153086,0.07686191505361895,-0.46367188744546844,0.013499140761944422,90.27509331487356,-1.1198776003114204,-0.25043798361694614,1.7198049644976694,-0.17298099501565767,0.0037484443152145663
58.800000000000004,201.70402658588733,70.93497776220073,10.6555170068471,0.07679357538101644,-0.46371522781878094,0.019954661792737343,90.46776795173234,-1.13853715019815,-0.2251706023085588,1.7207832625094532,-0.1742114656871957,0.005509345524353096
59.0,201.7414839947185,71.03355377801658,10.668848851574621,0.07973539801111157,-0.4504589310454759,0.020657972513458755,90.74242894860802,-0.81662633429548,-0.1842717307514815,1.6992388886040104,-0.11160168713741762,0.008668977461510515
59.08823669561441,201.78243869313943,70.93672573429645,10.60561358280952,0.08217320306396463,-0.45444372474274314,0.014171030779330317,90.85727050462529,-0.7712948398515918,-0.2710221087400875,1.6883856304892004,-0.09549951720024535,0.002172694616452927
59.28803330693539,201.7952972912363,70.84357055304193,10.608342300194563,0.08174057131030486,-0.4547428956858498,0.014132135347591728,91.20764024459976,-0.7808480321517015,-0.27031137552902024,1.6941173498501798,-0.09221410545857193,0.002464597730142923
59.400000000000006,201.80642487368672,70.79395155278954,10.494365530861813,0.08189533453986922,-0.454644254669606,0.001218139842539127,91.39517547532571,-0.7925354071060299,-0.317151423867883,1.6936729152026906,-0.09329743415562242,-0.0009584686253070324
59.48782995329943,201.80008700142773,70.74498116165077,10.494174477836713,0.08014246797351371,-0.45587118165811674,0.001066758011201736,91.60409664851848,-0.7557703039619458,-0.31637980211712174,1.7189173095909656,-0.074983281301613,-0.0008301669542910478
59.6,201.80710025840008,70.69254734616227,10.611222210210459,0.07998842032019855,-0.45596945811104256,0.014139441974304168,91.79925538391674,-0.7627560585221419,-0.2697118253668693,1.7202619660340972,-0.07466119504504139,0.002295445342927235
59.687626634950504,201.7627233424136,70.75295030798434,10.555981423605798,0.07622519387118157,-0.44894422812785517,0.005703750004898728,92.02427267343974,-0.8957147945222947,-0.10627666503129612,1.7427103290924166,-0.11102940866058567,0.015101817778250379
59.88742335213482,201.7969983787075,70.67965231167153,10.557289706155322,0.07954059929573501,-0.4463036239822684,0.006004854773790019,92.21712646153397,-1.04317841233982,-0.10415076470067522,1.681298767804747,-0.16121434140310226,0.014875167647167179
60.0,201.6573704982501,70.94545445472747,10.589043565294837,0.0702238890196191,-0.425659885774354,0.007918751437408757,92.0032107554638,-0.36241728920622274,0.04875355132426695,1.5975757147887208,-0.02663885092607679,0.02665005712266351
60.087220105100805,201.65652047612463,70.90434186721491,10.589783959791436,0.06934443957807068,-0.42622552718356965,0.007874814226626607,92.16690334011855,-0.3473062007894842,0.050987891854824115,1.6073200029638226,-0.01864171239418598,0.026660803172366496
60.28701689409922,201.80300247708897,70.62448202145755,10.556182453491123,0.07863855611388328,-0.43990127041886556,0.002841973628567934,92.34752915051786,-0.14298496008018619,0.1406192445721379,1.5630496172334032,0.0442215710836021,0.03340361033836855
60.6,201.79167069588755,70.4770245474648,10.603534320282504,0.07415342095603328,-0.44205986214792703,0.007750781184522743,92.99412467571094,-0.02686795643489123,0.16820697752847086,1.6225261178804553,0.09053842213680968,0.034862814241174746
60.68661058120771,201.75474057885077,70.50795134186139,10.597570938469303,0.07108146134151425,-0.4371994355590477,0.006794367415317176,93.19122946024383,-0.10684905922777675,0.18769705751596374,1.6385168215904038,0.06683921282631451,0.0360644742304013
60.800000000000004,201.77334164669526,70.46136881514914,10.579401306443447,0.07307848529473097,-0.4360524739929018,0.004869075733448483,93.28452236564472,-0.16471797848508501,0.18375366419108857,1.5993317990322962,0.04129253971271164,0.03568072309875136
60.88640747983088,201.8645157724137,70.29337282088504,10.577052780372926,0.07907953110412212,-0.44525177945429933,0.004473262767373515,93.30283149864376,0.021883667010317936,0.19396436255581395,1.564011263006989,0.09346561035352605,0.036392149538493394
61.0,201.61376774816011,70.17424460445937,10.541932113077078,0.05900243610273666,-0.45166328674364736,0.0018422378973051092,93.16021620953474,0.03840326146594156,0.05768754826948491,1.5184215546681974,0.1073341157429594,0.026016048029495226
61.08620441551266,201.6046089593336,70.13178424629963,10.541843178808636,0.05691083255534837,-0.4527061243480359,0.0016675606763113563,93.35377029171563,0.08845886838728534,0.06080754469714713,1.5458691935149889,0.12852889316858662,0.026139699675742166
61.2,201.61118814773377,70.08033687260011,10.536330094210193,0.05691883591123083,-0.4527009541901936,0.0010386740448976308,93.52948780611447,0.10317522348315701,0.0614890130020739,1.544257075932963,0.13113487327076087,0.02642234359823454
61.286001388515565,201.66455645017857,69.97135122907208,10.521417606577431,0.06030271981124473,-0.4576284742291669,-0.001100695959939089,93.61167932792212,0.189585222024289,0.09990448712441602,1.5275168639113177,0.15569244554080935,0.029316157493740627
61.400000000000006,201.6736106380603,69.9206425586597,10.38950938766668,0.06047432707692662,-0.457517337877457,-0.01558207344178612,93.78335079426114,0.20605350982963258,0.046795362803385795,1.5248392435754639,0.15806690387697162,0.0255221352961798
61.68559544754695,201.69759607838316,69.78946379958683,10.385067515199262,0.06199427727580169,-0.4567937205462745,-0.015446201899176962,94.14726814787097,0.20546928496835146,0.05371654170086751,1.488965136603092,0.14397817521422981,0.02601702749151249
61.88539253411275,201.71067315682686,69.69795562110377,10.381978343558865,0.06221274534169859,-0.4566881630762406,-0.015424842844186855,94.43229377823107,0.2266422477838358,0.05889476251013074,1.478836769042273,0.1444315917847334,0.026464385206914565
62.0,201.56090319040686,69.49153848213443,10.392601456247098,0.04919598970768986,-0.4684898536112698,-0.014918864909802175,94.46111519848058,0.030418245660819576,0.12885167603848102,1.4650451864799028,0.11530051162809837,0.03195277929637148
62.085189659074324,201.58389961610908,69.39921169744491,10.580002986919597,0.050585471535848366,-0.4721137835510587,0.007455143410479183,94.56353987411723,0.08842827466345232,0.051406569053835616,1.4554282101771772,0.1311867394728387,0.025119439481298696
62.2,201.57452071591976,69.33847222447055,10.738675866888737,0.0484071123006447,-0.473354105865759,0.024581729309446437,94.79811676775284,0.14853848937965836,0.1201970891923449,1.4825134349571796,0.15368767935337446,0.029862935852153133
62.28498682270666,201.4808532734016,69.43716119332208,10.776757329409477,0.04160749900833572,-0.46356995732500866,0.02970910950622535,95.02455585419634,0.012421348338550797,0.035592642452734816,1.510690350706951,0.11090012449913639,0.023048564162979332
62.400000000000006,201.48246913633173,69.3817229082794,10.968347671677602,0.04135950186279642,-0.46373071872955346,0.050246885282192615,95.2015145349568,0.02732060174264899,0.11838179333111437,1.5095579960032708,0.11335219167393512,0.028543640350114613
62.48478402528729,201.34328315313854,69.55817729596623,10.983090802528856,0.03134303978589704,-0.4485308024841211,0.05175262553516213,95.49462080129919,-0.21630820826382272,0.09430481160320789,1.556981591655711,0.04028765642315453,0.026494760240138568
62.68458126709636,201.46207053060252,69.30810896141669,10.954759420916528,0.03922615956881975,-0.4599256410608829,0.04619997470783534,95.66434648303635,0.0022337013751561607,0.19560650269971136,1.5134051736022947,0.10240255180695496,0.03444553803043479
63.0,201.21354969562452,69.37758285761556,10.987718854719677,0.020676255821509074,-0.44671747822350316,0.04733559901548965,95.69166260772752,0.5111406393007536,0.2813421970470837,1.4277185754216974,0.20284765842907942,0.04068546416105444
63.08417586953372,201.18851937970223,69.40055642469514,11.008461459315773,0.01867529161701094,-0.442506069132286,0.046686827450380976,95.84242406216306,0.47067391443880324,0.4890558050038818,1.4348775433402716,0.18704788786575152,0.05620845606311074
63.2,201.20852491787164,69.3622989082283,11.034204383641093,0.021610163021561674,-0.44045423366977704,0.049119509158005586,95.90919309939609,0.42215000867807445,0.5012127015348622,1.3867062167835857,0.1585613277955859,0.05678309567599557
63.283973230735626,201.19242915610727,69.3118709723811,11.037169651432215,0.018340282417098758,-0.44275577769855023,0.04872451460631455,96.14451771037288,0.520077013753969,0.5094295685147957,1.437508604945435,0.19758873876581973,0.057546942529198966
63.483770632313295,201.1977366865729,69.22612343610825,11.029983078389684,0.018428610218109442,-0.4425807890543074,0.04630039401811573,96.43075151179889,0.5576910412629121,0.5609365612707256,1.4323302213239002,0.2019040728880848,0.06105636992784947
63.68356807456037,201.28599218885583,69.02242712906094,10.982414509685073,0.02421672190002466,-0.4510318983653856,0.03817378854645669,96.61898909294987,0.7649394612617452,0.7038834378873196,1.3998857962029276,0.2563192119055641,0.0718821602290342
63.800000000000004,201.29179244953528,68.97077047228632,11.040195013897627,0.025016366195867463,-0.45057710415533164,0.044006132167822065,96.74038399069616,0.7676851407427383,0.7373527854624097,1.3788920426445108,0.24817534571308836,0.07375214680883498
63.88336555777332,201.25546473825372,68.99163801295757,11.044231531602575,0.02224283881813406,-0.4463472488281449,0.04405704579729192,96.91263922962085,0.7003694254663728,0.7427098478573225,1.3928904804317253,0.22531072998624938,0.07392630161950947
64.0,201.09567719091524,68.55927369974238,10.996575567562052,0.00764066979583774,-0.47391760339188116,0.03998764201658546,97.00139343702243,0.18284845812367134,0.5822100266334893,1.3990359534971624,0.14057924726500654,0.06146854588629318
64.0831630822514,201.0253834166097,68.61715538882694,11.036750042768173,0.0026119423353343227,-0.4669017564904362,0.045193360879492175,97.18815202496896,0.09230565199135031,0.5088447758421548,1.418564851619496,0.10967950491766157,0.055710117236980015
64.28296064829678,201.00570001724364,68.55114228548044,11.058044485768924,0.001171790583431112,-0.4649176007766013,0.04692227329004428,97.49329941597026,0.08232696804396952,0.4945713221425218,1.4194916180306787,0.10236848290728412,0.05438243546483266
64.60000000000001,201.00474967398426,68.40284756230791,11.17135642699989,0.001061454763077767,-0.4649898230263497,0.05747343752938889,97.94346029740888,0.11637077769974291,0.5605394350070445,1.4098047027598506,0.10631637201619147,0.05817462481763008
64.68255590631243,200.98408011845368,68.34134070127855,11.173097886682756,-0.0043996901661515694,-0.4692541151011346,0.056576967448756274,98.32026754112692,0.3160398104850058,0.5734092523091928,1.518486894871599,0.18683654879379102,0.05886275910703144
65.0,200.6974001704728,68.1736944061113,11.247430907681908,-0.026324297459899407,-0.4726141417436909,0.060178520341132836,98.4086737010139,0.45774669313616423,0.7855790810808796,1.4564327097720944,0.22259640079422705,0.07430701591465007
65.08215133429584,200.6306137022494,68.23378747549415,11.207988716555006,-0.03103464594754764,-0.4653816000457165,0.05556417762694613,98.5982215773076,0.368515228424826,0.7638957452168661,1.477445275110932,0.1911803636565586,0.07242135853101145
65.2,200.66754409776343,68.21473664149654,11.240883765362996,-0.024798005840448528,-0.4606509295443964,0.05882999121118034,98.57111899434739,0.24554683390118012,0.7791440018524245,1.3859097472269146,0.1303374410333913,0.07311244436741307
65.4,200.66332786490645,68.12310773372546,11.204989303814838,-0.024737606902451064,-0.46061135042026513,0.05373545410672442,98.84678874088334,0.2713633765749906,0.7717525847051132,1.3789458376998502,0.13280491097537128,0.07256604836632585
65.4817469347706,200.66649416802028,68.09028289412221,11.209602095702925,-0.023771480180805306,-0.4598749720504913,0.05383962229640829,98.92141469794952,0.2545639628112736,0.7770090126578086,1.3596158570681625,0.12214908371417385,0.07267528446167737
65.68154480049422,200.65625245896624,67.99305515482517,11.220111920288481,-0.02497392173757176,-0.4607922681348022,0.053702646088934713,99.24645143243697,0.3188221282819486,0.7924049512283837,1.3748134057579637,0.1409101780773867,0.07337300398643398
65.8,200.65512214877452,67.93970660318391,11.106614627446254,-0.0248269665540815,-0.4606958067407909,0.04088402460425961,99.40671686772514,0.3341706166525631,0.7474264482524523,1.3702682316931176,0.1423520773340373,0.07011444568554942
66.0,200.67456844320293,68.19231477019662,11.122348680400695,-0.020655048527173453,-0.4366373537847486,0.041586380449911295,99.51485900125112,1.0198391293383129,0.7817984680702394,1.3134699556154164,0.26532580429382613,0.0719967522803246
66.08114066454533,200.66983196445258,68.15518141955718,11.084403500703253,-0.021153326821579922,-0.4369439487273061,0.03715256807098561,99.63685817378352,1.0518181046902626,0.7706783473999049,1.31754161617387,0.27246463212159333,0.0709829356412572
66.2,200.66670196956142,68.10283488655064,11.121157859772568,-0.021201223620818502,-0.4369753146370342,0.04062724604853576,99.79378202070815,1.0847923635033019,0.7922899539484649,1.3131652586502045,0.27607566502248837,0.07213734710732464
66.28093866353493,200.54093852696096,68.26402575949227,11.093250988115285,-0.03031663611656419,-0.42267549059772064,0.036052224466219446,100.04922746506895,0.8772780814077008,0.8720118075481911,1.3565641018700032,0.20810163755535754,0.07825430894518907
66.48073670761403,200.53940043469814,68.184343458895,11.100424193655376,-0.029397494922820143,-0.4219341405424064,0.0361273891238863,100.282994701018,0.8914954986970559,0.8876031523870749,1.333984717505242,0.2006204494576247,0.07859412157597885
66.88033293240088,200.5743747864988,67.9223806498435,11.19707887880798,-0.025823880083329254,-0.428670899606684,0.047948319944381784,100.73181411111746,1.1108216210284008,0.7385907097803,1.2954792704280338,0.24682764635858076,0.06579394339073558
67.0,200.43821341735523,67.72217874029816,11.22094854781418,-0.03615936018544401,-0.4394949009815428,0.048935328071149566,100.70512587905374,0.8841561837892823,0.8213269939011804,1.2572136222696517,0.20008994519420154,0.07174530028633976
67.08013111379711,200.41163614379482,67.72489557861466,11.216180374658096,-0.03788287743127859,-0.4367674613738769,0.047718306102760205,100.83102982907376,0.8611216397510179,0.8439080000646186,1.261568049942875,0.1894960289339836,0.07322845745393873
67.2,200.40429455823667,67.67064813471461,11.37816086889886,-0.0381032622862966,-0.43691322183986336,0.06437073228848231,100.98465622797151,0.8856806888865566,0.9207324066092077,1.256701131177623,0.1918538732635042,0.07842836462014745
67.27992934165984,200.4359162769488,67.56870478904027,11.43542827829575,-0.03551352739685796,-0.44170437947478824,0.07175428084243818,101.04136994054012,0.9751940054359216,0.8193356635336478,1.2393478585462825,0.21549596287028913,0.07016979931206072
67.67952593819948,200.33927538082588,67.51829561150444,11.453399962631448,-0.04153074556520531,-0.43253590790193763,0.07024772621871848,101.64835835194499,0.8880609029541369,0.8685187587499615,1.2541738405094445,0.17199981646966256,0.07252874616382947
67.87932430759246,200.28375860700024,67.48202326392477,11.460029936340458,-0.04621651870183166,-0.42970611646802787,0.06904445355348494,102.04831872041265,0.9014250076276946,0.8974134160310007,1.2998934610220947,0.17586461121505784,0.07399437224565317
68.0,200.27398381256438,67.21796705651647,11.436100189424863,-0.047697182801783165,-0.4446721966983041,0.06667622555231292,102.28156265990059,0.5774353185376779,0.8145081418809419,1.317986267794182,0.11691201519756661,0.06746921783068434
68.27892119044192,200.26187535004678,67.09499635134412,11.454794571113787,-0.0475113741505371,-0.4445269581638645,0.06670309099204298,102.64174814081434,0.6056488446157436,0.8331463334601547,1.3059573058376754,0.11673375143723218,0.06761298826041108
68.4,200.25775885372408,67.04229062811915,11.367234532949768,-0.047381874750124904,-0.4444404794224734,0.05667886942676425,102.79788316516458,0.6187164899769064,0.7983397562345099,1.3013431610108253,0.11719614256452525,0.0648745899787962
68.4787197046361,200.23961992579532,66.99449023015687,11.370725773373263,-0.04982039426609856,-0.44634115074529407,0.05634798790517813,102.99175076810573,0.6978020911030763,0.8053371652004512,1.338561001717996,0.14748246775630397,0.06526200942113893
68.60000000000001,200.23449340405736,66.94098376196325,11.32361432434134,-0.04974832661043632,-0.44629296252847805,0.0507047374145666,103.15285010536286,0.7150986022214144,0.7893980934921737,1.3349014837879072,0.14864673151427715,0.06406053261596237
68.67851826784127,200.22552758759696,66.89357800968489,11.401540269852244,-0.04999696255426413,-0.44711994012138195,0.06099529581858982,103.25821225199876,0.7394847470526423,0.651317619119312,1.3328418255296461,0.1531598324783902,0.052962187763234664
69.0,200.55696668715402,66.82764491775863,11.440594850889921,-0.02403805358320338,-0.44010005920418904,0.06243420815767001,104.23049326442495,0.822908432759959,0.7215731868794404,1.4208406383198937,0.15919301761873944,0.057166206649573253
69.2,200.55328044859982,66.74039196558817,11.39512523543826,-0.023951289681002148,-0.4400417965783923,0.05643281847679792,104.51320962623964,0.8543407720302701,0.7083444338459975,1.4166494909447411,0.16184007749969181,0.05612144868724908
69.2779142553234,200.4274338783653,66.86155595840229,11.495251120583832,-0.03281183592962411,-0.42870222251895235,0.06976811429343946,104.76054130143484,0.6844373892882007,0.5234922803669342,1.4572497338001538,0.10758709491141481,0.04127506046862526
69.67751183240202,200.45072012250947,66.66714652749727,11.57776473585976,-0.028533712949687227,-0.42924444444339643,0.07753145831055791,105.19631447198257,0.689635035266715,0.43716228367358834,1.3947292303397247,0.08838461848257245,0.03399544430290655
69.8,200.43796280810787,66.60527689116024,11.60801279910535,-0.030494214025808576,-0.4308548641527087,0.07940811763419285,105.45812357754802,0.7733381331531272,0.45546024134307617,1.430293163308033,0.11803473701118133,0.034821622084875166
69.8773106977496,200.43691730234767,66.56013094274093,11.65002825533081,-0.030337558001890752,-0.4316823178324251,0.08443722164599968,105.56322021184837,0.7979972643597042,0.3853633729604754,1.4272740233912333,0.12293613777951758,0.028995199684834348
70.0,200.09218629178386,66.21081356120442,11.672595294634744,-0.0565107413281165,-0.4536419882432985,0.08510624411308444,105.25575459753827,0.353806332236827,0.43297752289818847,1.3374119060288163,0.0371968476613131,0.03256532587801776
70.07710961483703,200.1690589880244,66.04468074230414,11.723615357906922,-0.05054657010003193,-0.4630842569670345,0.09119562844139063,105.27041282595943,0.49139568825203894,0.3560967923590699,1.3071739062690655,0.07845976643878408,0.026378435016361834
70.2,200.15768785357355,65.98416849215465,12.031705238376539,-0.05096344125040091,-0.46336844185590187,0.12172605771363913,105.43613734751906,0.5046447080430106,0.5018621980133566,1.304211807390684,0.07925037489156246,0.035649109125951255
70.2769085840701,200.18963918008595,65.88673632736443,12.073726430169497,-0.04829800188630819,-0.4678286532828849,0.12627126984687675,105.49227922107275,0.5805785348033432,0.44189010390107597,1.2879669969399248,0.10061171688349875,0.030770187866543584
70.4767076058588,200.24163397596823,65.68280005862614,12.172778296424015,-0.043663857825068986,-0.47584516309284774,0.13652376311156508,105.66359303374485,0.7390574799562737,0.309612734516061,1.25477945292979,0.1422475156747261,0.0199221364839017
70.60000000000001,200.23530929859,65.62347124846634,12.254099479032034,-0.04374187268425662,-0.4758982154849389,0.14311745176116253,105.81915310425327,0.7574516395431976,0.34534457213140324,1.2501764931195334,0.1434241013631023,0.02237759604692005
70.67650668061732,200.1731170577358,65.67846428554168,12.245260929178839,-0.048130727921109166,-0.4691680368381358,0.14031362646637346,106.00178843569037,0.6380422438454925,0.3866660080861921,1.2730715054686401,0.10574722747342874,0.025395782635550843
71.0,200.0903196687337,65.30524876771398,12.354606478404136,-0.05463401323823419,-0.4853601228664812,0.14436769131077098,106.37756725850245,0.3403912216839973,0.5776841615918615,1.2657325990150634,0.051872559951281594,0.039743503305884595
71.07610499072184,199.96683436556563,65.43999468134804,12.408512086918373,-0.06347534945518643,-0.4726874754958324,0.1487303744947575,106.60655830489391,0.1545827707892212,0.6013275007236368,1.3050812668399951,-0.008260273235087226,0.04110840094414309
71.27590422691769,199.93441600844758,65.35016938374426,12.405320961406467,-0.0659207478677771,-0.4730693081816168,0.14395040041905335,106.93840151829916,0.18416364376584093,0.670353563189984,1.3291095025158777,0.005306687346503074,0.046002863269177456
71.67550286375418,199.8907485476421,65.18562853074828,12.464681879579343,-0.067235862319384,-0.4712084968238502,0.1442063868413259,107.49429925591524,0.14760670994850267,0.6854934615181402,1.3263970629758082,-0.009076593339468223,0.04636347368132238
71.8753022652713,199.84435281232496,65.08009225505874,12.588591829547529,-0.07090431103421314,-0.47298151506786557,0.1572776414771079,107.89020137485419,0.22565310951534054,0.5305925727149515,1.371233762148218,0.020940765261432005,0.03347291518447143
72.0,199.73852200451913,64.91203015352455,12.5974629695829,-0.07889541738016735,-0.48131006926557857,0.1563500194152461,107.96537648057425,0.09265782768493458,0.5143047011018054,1.3600209732527322,0.0012070584550237622,0.03206494112591497
72.4,199.70945621496273,64.72127132275028,12.506516974555971,-0.07869247968161176,-0.48117039646658427,0.14128739527441983,108.50515210725369,0.09071135322954872,0.44722756673807496,1.3519808918190737,-0.0018598318341017336,0.026948370858241425
72.4747008075735,199.68946536774084,64.7009885872362,12.532814729177533,-0.07975301110267269,-0.47995377682368456,0.14352159977559467,108.6256827629505,0.06683745426022368,0.4210972906696103,1.3566027236576572,-0.009562775526810011,0.02466844730810084
72.87430012179044,199.67089530733296,64.5189166226866,12.591617757793909,-0.07838143431864711,-0.4789457295743146,0.14376789516775382,109.11797615142079,0.02594509754426865,0.4288502232504292,1.332134681223533,-0.02593792350619153,0.024921484111049236
73.0,199.61848476272291,64.2484734904774,12.54995948514882,-0.08278671161257034,-0.4940347503846049,0.1396949509758027,109.32037725911381,-0.3047603972670105,0.2849067217519341,1.3472608911576958,-0.08280584883644788,0.014066651226482764
73.0740998660957,199.70092331110007,64.09592729250984,12.505367876366863,-0.07605299517265054,-0.5028982278817858,0.13295452657940202,109.31477369756257,-0.17064834633283904,0.3247780931222285,1.311762555772781,-0.039088533162354874,0.01731867214715255
73.2,199.69249921418626,64.03343409968583,12.457694865982644,-0.07595815921190686,-0.5028322547664952,0.12642146072371935,109.47846549971241,-0.1765664311836719,0.2942326674160553,1.308276171824457,-0.04098445983052108,0.015328399275701189
73.27389966916229,199.74618112534662,63.911939729682715,12.46785222539426,-0.07139856850004073,-0.5092953151811104,0.12654443044668817,109.4955544998572,-0.06763306966528636,0.2941688783618192,1.281238316944613,-0.006602320204924031,0.015529924097122366
73.4,199.72860093336757,63.8428046700683,12.31427395989332,-0.07262663340245747,-0.5101193669587933,0.10923630812935423,109.69969740489489,-0.036487042053681966,0.20889562481595464,1.296079450127666,0.006791783048619816,0.009792167918990874
73.47369953146907,199.72438037360024,63.80588360137201,12.322397186024338,-0.07246462151780719,-0.5100094628536552,0.10926310330282057,109.78959268062364,-0.04018406409953239,0.20951124194546142,1.2919012340799478,0.004918777895318714,0.009777187815582003
73.67349945349997,199.61018868923352,63.848541356958116,12.331910429432863,-0.0802556747114628,-0.49877973729795266,0.10745891358265094,110.21298684050721,-0.27557400587020486,0.23416773128140825,1.3374064055134762,-0.0666393066283244,0.011641023549563334
73.8,199.59709538311097,63.78245625562619,12.193476070733025,-0.08098658875013147,-0.4994076127013102,0.09194869773357205,110.41884384640798,-0.2527972954876208,0.15545188486986516,1.3509236590192815,-0.055485766546116436,0.006313482961752112
73.87329943574406,199.5561268021202,63.78019118956652,12.250873769191616,-0.08362683719539589,-0.4966371196791568,0.09947117210375808,110.57592446997805,-0.3245687497030302,0.053412175295504336,1.3670983010394346,-0.07631891211188702,-0.002066848548332159
74.0,199.48219365582176,64.04440535497422,12.160796487157944,-0.08684070668164023,-0.47391799637471554,0.09315967532382687,110.61817476025833,0.23867625332908876,-0.22072283921361266,1.3404279692565761,0.029303382631257355,-0.02289811455742675
74.07309947869561,199.5036728012909,63.965062941388275,12.185810101000268,-0.08466441404025993,-0.477329984245133,0.09579772081710623,110.68063959076912,0.29425398528645463,-0.2547560108457615,1.3276578658277345,0.04639842282333639,-0.02555499215555593
74.27289958285418,199.48517151864937,63.86859985841331,12.204725240653286,-0.08493452759965718,-0.47752769591951405,0.09573153453831201,110.95455971708746,0.31067053226549557,-0.2595601684100665,1.3283811625632551,0.050048766909852264,-0.0258583566349994
74.47269974872464,199.40828162705458,63.856590765947495,12.22608240693718,-0.08961398485973894,-0.47101894946622913,0.09604582035565898,111.31068786212319,0.19441995672793289,-0.2687939684738067,1.3531612973619294,0.011475032694313561,-0.026324626833061936
74.60000000000001,199.39750312805106,63.797081832379895,12.198242766133381,-0.08956044387179625,-0.47098170180659826,0.09199834251998826,111.48199921950668,0.1952352429687297,-0.2940543026647719,1.351411875334348,0.01085546795246138,-0.02795090279227841
74.67249997681729,199.39044711806943,63.76224435727308,12.204691330487295,-0.08983699790068093,-0.47121556326896896,0.09191097234468854,111.59355572646037,0.20769280804092685,-0.2957626381377869,1.3566092393239741,0.015510500167460962,-0.02804296650217057
74.8,199.37834792531834,63.70170101550587,12.257845020649142,-0.08989162023685063,-0.47125360217108253,0.09610389534255172,111.76737127370956,0.21033112812178587,-0.2770519347608297,1.3553362751032538,0.01533148954592988,-0.02694698063555583
74.87230026764789,199.43185680972852,63.59818678736685,12.216085386828581,-0.0852240514894916,-0.4768492123510609,0.08880535495981434,111.75797293985462,0.3468475564124036,-0.1829847950213308,1.3225749823776896,0.05511126729108065,-0.019082378422810256
75.0,200.0366190649801,63.90566991473214,12.296988523050452,-0.03610458103555465,-0.4466839266255103,0.09422795826351767,112.58250017043312,0.6860942407084671,-0.03812091011238808,1.3913685209961681,0.08165294121102479,-0.008607706938432998
75.27190103961397,199.93633952257576,63.92029536756749,12.288733598850786,-0.04323289788816409,-0.436108849547698,0.08928992804769614,113.08857581546022,0.5223745499060767,0.016565371331937445,1.4282294711262564,0.023085674432385822,-0.004169073349868175
75.4,199.92883581553903,63.863009657894864,12.413319332724637,-0.04339659962535481,-0.4362237349719952,0.10075345746324291,113.27383934920249,0.5269726449361668,0.07682122428471454,1.4280716735910122,0.02241720508547077,-0.0002170408650448291
75.47170152180901,199.9280647331125,63.822422572705435,12.440536528333332,-0.04317393624127659,-0.4369302842753223,0.10372049289099071,113.37076941564332,0.5414734284579844,0.04035477524434912,1.4253908123635428,0.02597446432414644,-0.003206277757018583
75.60000000000001,199.92352776040886,63.76737815433488,12.423350303446238,-0.042929565376669955,-0.43672545508202804,0.10068070803837546,113.54331847299393,0.5360660938690868,0.022922735322989683,1.419582670861408,0.02150757935546824,-0.00457180600527055
75.67150206886139,199.8928404716364,63.76888154552874,12.44877099303412,-0.045083929881372706,-0.43410275193297676,0.10343819453567545,113.69037182889491,0.4799228638878707,-0.01309287859820511,1.4327521458813788,0.0035753988631141327,-0.007502166377730943
75.87130268131533,199.88436467631263,63.67889989834402,12.467823775949102,-0.04749538381147181,-0.4362512414529431,0.10262703871442055,114.12207209752107,0.6077559168059293,-0.01256088787157617,1.4946762492035468,0.0553052141119596,-0.007536951479032352
76.0,199.7624215252432,63.72004841907849,12.473826466691557,-0.055759625382679576,-0.42991839758979217,0.10213013267253644,114.1303197584022,0.804259020949308,-0.029773443838434947,1.4627406487457628,0.0920735438438224,-0.009127865133405683
76.07110335972106,199.7565617459888,63.68741647044763,12.432205502604734,-0.05633183566347975,-0.430404055200793,0.09708102427338793,114.25489125435723,0.8281700729319693,-0.055966947573559814,1.4729069979899958,0.10063082271123724,-0.010916680249061408
76.2,199.7506861494169,63.63294916511358,12.372275741323334,-0.05621767627585084,-0.4303229925787613,0.08968976236068535,114.44322650619048,0.8400865053686688,-0.09539045271479998,1.4726045783631554,0.10123524629397519,-0.013416088047320907
76.2709041046348,199.74613000521688,63.60183913669278,12.378577897528277,-0.056388585785355834,-0.43046655724044214,0.08965164373007259,114.55423571994731,0.8528696847846913,-0.09627831127716377,1.4756492503889393,0.104316195569795,-0.013421447112177229
76.4,199.739928528116,63.54705443397678,12.333328938287377,-0.056300311214248,-0.43040382198073,0.08383291463736908,114.74346942348328,0.8654652075063126,-0.12731706709461296,1.4753126915394592,0.10485746607990368,-0.015190125188967491
76.47070491661877,199.73745550998947,63.518539317586075,12.339441704638485,-0.05556256834682038,-0.42977590351080097,0.08400605803658562,114.81441589312686,0.844339278964497,-0.1285432829858668,1.460227446950155,0.0927249319792251,-0.015174159931638998
76.8703067440776,199.74892574901708,63.301616869124615,12.369616495072814,-0.052887919747138724,-0.433367048753316,0.08348836419190139,115.33468714479996,0.966239949949405,-0.12790459260468975,1.4404505940429064,0.11991371287210009,-0.015436560775762624
77.0,200.0972429749608,63.33405829647558,12.367258314861491,-0.02482258914667405,-0.42451705045403043,0.08347330410586426,115.95353204702634,0.946831833336256,-0.18475403740668073,1.4921708141228633,0.0919582405525596,-0.019651661175531465
77.07010776070811,200.22551721889369,63.12936446387846,12.3634350863248,-0.014739873265120877,-0.43805387438915466,0.08204467776606987,115.89673703366952,1.1686846197056793,-0.16880749457157596,1.4395521140678949,0.16090292375047993,-0.01838001439706235
77.2,200.22831568333305,63.07521089870287,12.270606946891036,-0.014043464930222092,-0.4375887432198672,0.07148128659330426,116.06350062679029,1.1745704368764947,-0.2245569906580199,1.429762597223247,0.1557977759457184,-0.021668152720838132
77.26990884672051,200.2783801284888,62.9792931699636,12.261870237634175,-0.010097081627727458,-0.4426767637500363,0.06939757286235629,116.09466743517027,1.274985173759703,-0.20017054945087323,1.4071958472735198,0.18473371468386768,-0.01957827703531553
77.4,200.27718774369526,62.92251154699801,12.1864151040897,-0.01029903510423817,-0.44278104677309915,0.060670271064168946,116.28856737100165,1.3071388836717703,-0.24726322691612473,1.4108749041328912,0.19081112100459366,-0.022382867234672473
77.4697100027087,200.2790812591828,62.891870553913506,12.190829645705978,-0.00948482930487734,-0.4422902186820564,0.06084027087155047,116.35254758559894,1.2949665556854717,-0.24902622379641942,1.3945968805271745,0.18001084869746048,-0.02252462539922752
77.6695112292732,200.24895028334245,62.83683638536181,12.21915515764468,-0.011664400762055037,-0.4396489423374951,0.06333076145339722,116.67600628951045,1.2743525400332796,-0.2850799157561172,1.405141049233881,0.16573543143161598,-0.025357827496767398
77.80000000000001,200.24820212961285,62.78003726368688,12.18151679608264,-0.011600375842274791,-0.4396032570505691,0.058614955172119204,116.85818156634734,1.2953094773675045,-0.313085586186915,1.4030362231936262,0.16728407910106693,-0.027012768803505803
78.0,200.37118935791395,62.97637272499426,12.222510204912991,-0.0006230535415576027,-0.4183685239522641,0.06069010236072392,117.1952330806377,1.7324874833623618,-0.2484046542864189,1.393549671091632,0.2327170832529411,-0.022209391501859195
78.06911389656665,200.31135994843882,63.04443321526059,12.180532900498319,-0.0053375922336476875,-0.41093294723924056,0.05364970396526256,117.3688672216823,1.6324805587070077,-0.1655952456893797,1.4177408761786692,0.19676071802014725,-0.015546297112332321
78.26891533853039,200.32285707360643,62.971521721852376,12.191960939908512,-0.0029981278455405817,-0.40917067449419564,0.05406158793741137,117.5710650852191,1.6075945807824426,-0.1694269464965744,1.3790241473420766,0.17046493332369272,-0.015715725555392124
78.46871685354017,200.3263330272974,62.8871381681026,12.193421800420337,-0.0027000082316198147,-0.4093890336018538,0.05265422790171182,117.84109983973681,1.6464931665775961,-0.15631591858093344,1.3739191280897527,0.17357654703448017,-0.014348983855722301
78.60000000000001,200.32301420525096,62.831245982371904,12.153126777531368,-0.0037398318165847077,-0.4101815142434514,0.04759018342610552,118.06956873756891,1.7084458171240204,-0.18256371485222714,1.3925463707675052,0.1917216467314575,-0.01585042941480697
78.66851844223078,200.31993960237605,62.801036997382575,12.156013459615242,-0.005017173210151313,-0.4111620782919986,0.04729515064947773,118.22679380070797,1.7720836319721522,-0.18301715601769802,1.4186922343434851,0.21448128140581654,-0.01583839996452514
78.80000000000001,200.321129768176,62.748346957965055,12.05872655474058,-0.004866851707589947,-0.4110540057804266,0.036611820055161115,118.41081267748778,1.7986229504212854,-0.2393305787393529,1.4168835256543189,0.21599216847462416,-0.01959201182702413
78.86832010524417,200.2725757491994,62.77702044527547,12.087331407787644,-0.008600779292863282,-0.4065354269499137,0.04068243424437378,118.59207066838377,1.7067368826531173,-0.29268100170585865,1.4409157561384822,0.18556906538514076,-0.023984453920041594
79.0,199.82334409429126,62.060987162492,12.067840812156792,-0.04674177380759902,-0.4576094926857423,0.03781822894079224,118.45043092188415,0.8994947787299863,-0.32862856012348657,1.4346855717323663,0.07540747939117205,-0.026119642943485302
79.06812184322949,199.78873059191213,62.081638007543766,12.04206836223568,-0.04923284370806623,-0.453648268902331,0.033515967610246916,118.58938198216653,0.8431321475592694,-0.280524590646059,1.447789859199441,0.05583291469988883,-0.02196171233434573
79.26792365684328,199.82483113414963,61.94802539352083,11.989158696172721,-0.04578329260780734,-0.45706944803542027,0.02452431242035618,118.82156676532473,0.9169230748670982,-0.18255662415848825,1.4289569723886681,0.07550862451450724,-0.013708312501147422
79.4,199.82446947071776,61.89420073894187,11.93362631278807,-0.04450856382403164,-0.45592518120961395,0.01868383152585692,118.96221602540791,0.8851034655447704,-0.21757627963945014,1.4065950723088154,0.0571024278161948,-0.01611732182870428
79.46772554674946,199.8247559439959,61.868118109166815,11.935128169647996,-0.04334994229263878,-0.4548561311545839,0.01891963303193008,119.00807172380875,0.8453895412319785,-0.21923047585249755,1.3830901470155907,0.037609277876613334,-0.016135332961268557
79.6675275136195,199.8594415560962,61.70427444428841,11.986210008110401,-0.039815658822748394,-0.4605212595916896,0.026169214152473967,119.20438489151626,0.970316621953768,-0.307003941948765,1.3551348798177292,0.07137679264083849,-0.023398622571074598
79.80000000000001,199.8539632030045,61.64311584315752,12.002411135126419,-0.03983270627175224,-0.46053356247302824,0.027476423770466295,119.38401555742675,0.9799762736606197,-0.30300830225430136,1.3526853820410325,0.07141205760191541,-0.02323322512225631
79.86732955813252,199.88416100779946,61.584138937096945,11.953713638654358,-0.03734394883012091,-0.4628494798837382,0.01958991726141003,119.4209326607955,1.0431678588490454,-0.2079080270756447,1.3352183697781375,0.08872917584637836,-0.01550293378549405
80.0,199.96279122011595,61.35227407300276,11.931750229356323,-0.031701019546987404,-0.4748843669642109,0.0179956975022843,119.75673374585277,0.7853180517261238,-0.26776748964068947,1.3626340852040217,0.04182838567752556,-0.019868696700110787
80.06713168097536,199.94997938585445,61.31092318335942,11.845738735635804,-0.03385833230644018,-0.47664681775587103,0.008752069029552145,119.91663258554767,0.8449933629495308,-0.31490929023141667,1.3942716076817716,0.06890603066889245,-0.02285357072611396
80.4,199.93558571777453,61.14992173238462,12.014747719782795,-0.03411282056709546,-0.4768322684051364,0.02594558382569375,120.383548883706,0.8706052525401536,-0.23400572309358253,1.3906495839351665,0.0695812339798242,-0.01721300316553677
80.46673616443731,199.99640899183882,61.023250783148775,12.047886733941064,-0.0290517420977841,-0.4842626635154255,0.030897669347875065,120.3741558359362,1.019148633207493,-0.2953405666122687,1.3576050279269083,0.1140715807816888,-0.022071954807490468
80.66653852646978,199.99473984726367,60.92919258077121,12.054722749626155,-0.028047983103227734,-0.4835225147657822,0.031145808372488648,120.60142068513649,1.0071295369706887,-0.30122464223346723,1.335380222094501,0.10035956848531405,-0.022265911022035404
80.80000000000001,199.98894003866923,60.86311693465491,12.180222088600287,-0.028217848800562256,-0.4836461933069815,0.043706864053798734,120.78223026924054,1.0226213490088225,-0.2385360419170558,1.3330975499518625,0.10128216271956543,-0.017785596760653246
81.0,200.3137328089617,60.78331751101774,12.184010891433148,-0.0028489045763117546,-0.48066584828537456,0.04391959296375989,121.50205560074508,0.9400382829256307,-0.26771914152593546,1.3959764524834704,0.06973430855759741,-0.020137731345429784
81.26594610242527,200.25954105877474,60.75123495812921,11.998052022933601,-0.007143684067791586,-0.47325534931112395,0.02096044539168138,121.95376898750952,0.8306331449231553,-0.2485708440877559,1.4181428981302546,0.02946384791226271,-0.017092330310957853
81.60000000000001,200.24665387312496,60.582803681748636,11.945735995612925,-0.008900024176099357,-0.4747869864029092,0.014519758332228893,122.49533749095453,0.8990574822074928,-0.2820614624846041,1.4430467737172097,0.051665201016843736,-0.01875665039602444
81.6655515686551,200.22950111044904,60.53452622047739,11.945214007126445,-0.012216611807827758,-0.4777109689377285,0.013852904039108254,122.72769774707562,1.0230126045434678,-0.27968292564011554,1.5015058437520217,0.10202730715266878,-0.01864092566258667
81.86535442870631,200.28148518340475,60.38990835254597,11.878403105006367,-0.008087130895033405,-0.4817143288064038,0.0029394680348813883,122.93762247952905,1.142223460538613,-0.15180266181451912,1.4758525813306707,0.13287856394922634,-0.008176674112406601
82.0,200.27946189155833,60.128071815936124,11.825466291404224,-0.008964098356182322,-0.49608765329944204,-0.00029846905078015915,123.2207358144062,0.8497015868285401,-0.2913956675267527,1.499003571046673,0.08199942757064177,-0.018916405106974264
82.2,200.2801431411132,60.03073196936995,11.713061821450422,-0.008768317966850953,-0.49594229048389854,-0.01205941593796951,123.51811682712432,0.8644068362956465,-0.3505162801425165,1.4990717591566234,0.08316202201415106,-0.02269222941156985
82.26496040653355,200.2951945402682,60.012764960796936,11.712945510756155,-0.00645349699350152,-0.49397254476040875,-0.011714235187900586,123.54370696506858,0.808250683941056,-0.35362411193973114,1.4672211570163565,0.05632999230286062,-0.022882203705350636
82.60000000000001,200.29219542482565,59.84662827162007,11.74760175863831,-0.006518940322326729,-0.4940212279215351,-0.007648037158257299,124.0359290391169,0.8278524751615812,-0.34299852241812856,1.4655678175414555,0.05667180849660051,-0.02157655976124262
82.80000000000001,200.29012768818814,59.74724290008441,11.781641415543918,-0.006578208094709571,-0.4940653368422591,-0.003890771071452973,124.32986475302404,0.8398586668734944,-0.3307933314002579,1.4646680956215015,0.056551810225004814,-0.02048506506571561
82.86437002941578,200.22777102987808,59.77909783823238,11.829497421307758,-0.011255810810622368,-0.4890616970103569,0.003836809995774593,124.52564335910238,0.7269690082004685,-0.4347865216521471,1.4939410009001632,0.02242695881693077,-0.028959050971047777
83.0,199.96545863274386,59.39905275772121,11.846222628686197,-0.03433571925940286,-0.5147584688376458,0.00334070149355435,124.6268078256266,0.451006926457652,-0.3577167973318015,1.5260833420277637,0.010677309959472032,-0.022652365936180474
83.06417341523394,199.9945301742527,59.39961632581236,11.848433231895235,-0.029991880450208112,-0.5106466836951197,0.004079400380828572,124.60603058144486,0.3432063994282968,-0.3634197083940828,1.471793511440567,-0.037803124946504174,-0.0230230201873119
83.2,199.98995116831546,59.329868755121716,11.869793517185588,-0.03003124975379273,-0.510676360119961,0.006282516797276677,124.80640897534063,0.33834206747192175,-0.3569665093825161,1.4713528681618062,-0.0391519090631817,-0.02217928415805269
83.26397689151685,200.0302461075683,59.24579007006446,11.860909819737232,-0.02683403995113829,-0.5145897033666292,0.004824952040665159,124.84680158214826,0.40217966244299413,-0.33973129254701495,1.4540826275328833,-0.019190548835286297,-0.02076454852722707
83.60000000000001,200.00617513263145,59.05894197278005,11.920580766420999,-0.028854945577997566,-0.5163437054134571,0.010718441680947585,125.40449537244368,0.4559410308081764,-0.3162380415501582,1.4798782133672304,0.002242777236007481,-0.018508360414393625
83.66358411883172,199.9989795514454,59.020502691183395,11.920722560823853,-0.029890779747328837,-0.5172813994011731,0.010488302613081917,125.54058736596505,0.4941506501068338,-0.31602714219019423,1.4977249557441694,0.01821742191177169,-0.01832522833659077
83.80000000000001,199.99319938806647,58.948619472786994,12.001436028829067,-0.030023909682816964,-0.5173822161395827,0.018888681314142064,125.74703033832535,0.4982282628311716,-0.2814490658772345,1.498124459653527,0.018241999465647533,-0.015967950702026237
84.0,199.83828761982565,58.57381605787603,12.057315502651036,-0.04295121653006806,-0.5383090070304007,0.02051155013423737,125.96072438801066,0.08698795236741008,-0.08203744229326601,1.5018774643690658,-0.04570212774554002,-0.0002733262795320615
84.06319171817044,199.82412703614125,58.52510698350979,11.982693870916023,-0.044917750082026094,-0.5403193873801937,0.01218620625207218,126.114503179311,0.14071633725590924,-0.11365862804275502,1.530365980830724,-0.020076338006755914,-0.0022784632332205875
84.2,199.81967916753302,58.452504602080445,11.920634599981055,-0.04478786557940256,-0.5402202552506242,0.005361652762324994,126.32228089009874,0.13669419859077667,-0.14113810310446298,1.5307389897554957,-0.020845952751055143,-0.00424691988905413
84.4,199.81139906143554,58.344987034485044,11.896046857421675,-0.04473643839614887,-0.5401809748780517,0.0026036331382708914,126.6278598642579,0.1320245485802149,-0.15267268073210338,1.5316287578394763,-0.02087952847084243,-0.004927929030128744
84.46279969650674,199.80753687570297,58.30952170580207,11.896185524628127,-0.044957853830465744,-0.5404144121730262,0.0025660652599610993,126.7324746721065,0.13898892659878984,-0.15288183550679882,1.535693788665531,-0.017421376064494946,-0.005011595865023544
84.60000000000001,199.803774922465,58.23724913903768,11.804572002571383,-0.04477650191794132,-0.5402757279987757,-0.007357486155240442,126.94062209488655,0.1346246151334127,-0.19099303157497227,1.5357893170648438,-0.017658280570643045,-0.007779598763557298
84.66260383002417,199.80029881236555,58.20221222133252,11.804113043763858,-0.04496359791102475,-0.5404803723781249,-0.0073897635511437545,127.04506916603106,0.1418238917684256,-0.19143705215889914,1.5397915537081546,-0.014140107156311064,-0.007739129218590451
84.8624080609827,199.78918388753107,58.08787017005038,11.80265916255305,-0.04606354576699153,-0.5417439054216144,-0.007612191433406194,127.41061595043905,0.198121108589582,-0.19274387898933323,1.5664104301204897,0.010122013966652278,-0.008075097413299674
85.0,199.73361205298505,57.64060886257174,11.781588172769101,-0.05147114094444828,-0.5695704920274847,-0.00881083492928101,127.90236462271788,-0.5973992382210198,-0.2656446159287993,1.6438174671305157,-0.13179698662293776,-0.013399214262384244
85.06221239030221,199.73176565991275,57.61314519893882,11.781186882758576,-0.05095640829277833,-0.5686370242302317,-0.008691195235318893,127.98635980800911,-0.6291799507579328,-0.26685607511931436,1.635912262619913,-0.14297779114006764,-0.013470774172290135
85.2,199.72677024700425,57.536381220338306,11.715385939678765,-0.050806798206489,-0.5685214567200038,-0.015749002495680193,128.21015401363698,-0.6503861790557183,-0.2917445865816216,1.6383417080319511,-0.14490398682072275,-0.015097541574113046
85.4,199.71554483834703,57.42184220362269,11.74646968309088,-0.05088470085465915,-0.56858170041579,-0.012001577528268437,128.5392108088607,-0.6788226966092288,-0.2828914299196654,1.6424907625271836,-0.1469189322963852,-0.01445876578091355
85.46182134775961,199.7102042936955,57.412427507299114,11.746016265089978,-0.04928234479329513,-0.5652113874726739,-0.011534585549900476,128.55775765131972,-0.7978539790664844,-0.2848474887668894,1.603293314758372,-0.19412959413598838,-0.014672572062601042
85.60000000000001,199.69919242646165,57.33102405251293,11.880905549790567,-0.04958753115122102,-0.5654478601234102,0.003440572901501274,128.78362403219558,-0.8216706249188207,-0.24079337819189714,1.6059088570363083,-0.1967679101207406,-0.011812868933678167
85.6616259777936,199.6910639019517,57.31323752836885,11.881613469953317,-0.04865462320063521,-0.5630998479901794,0.003833425502600823,128.82053652138254,-0.9198014594239722,-0.24303951941985172,1.576508822391315,-0.23332787137132777,-0.01213778647937665
85.86143070998118,199.68504185318784,57.194057557721564,11.882217057566514,-0.0489672027411829,-0.5640801557808246,0.0036664620688580435,129.16347841128004,-0.9266653956044013,-0.24493353935572995,1.590486807960306,-0.22335091303027016,-0.012153124985943037
86.0,199.7049460181775,57.42770083980317,11.923368692015316,-0.04601217032654713,-0.5406323645561281,0.0047592952918327994,128.92062269882206,-0.059144584751633866,-0.02640365970835029,1.4794317977634432,-0.058022074174371996,0.004505926137683138
86.06123554529955,199.97557075639918,57.0598275914504,12.039389380481865,-0.026508241527426153,-0.5643777883794057,0.015286998782102313,128.74266605766826,0.25764644831701666,0.13535459958139878,1.3935217933122332,0.03894734646562454,0.016563921512581403
86.46084245193501,199.9531072320492,56.83943870396277,12.04556239320405,-0.028266162298389536,-0.564840231024657,0.015073400636482576,129.34938127105247,0.3165745923113379,0.14192419633688957,1.3761033689029878,0.0882017472827453,0.016901881772438183
86.80000000000001,199.9445182405338,56.648675793046905,12.01827903526416,-0.02819496925280942,-0.5647835873249965,0.011515542790997304,129.80910351855658,0.3500596023121256,0.13718206826402532,1.340461041227137,0.11379509681767634,0.01713499949793586
86.86044253204561,200.06275630589482,56.44341753013913,12.07276270760852,-0.01968941048911239,-0.5766108610141772,0.019641594956126343,129.72522148411642,0.5720559471748754,0.018335160979275622,1.2878819227325837,0.17718369441132417,0.007864653090358064
87.0,200.12145792374523,56.458460002069636,12.083096407955852,-0.013437727332262644,-0.5680737438722978,0.020606995493474986,129.820015525267,0.6987249933757209,0.03819840813000336,1.2297954951657142,0.18648211918218566,0.009388952662949448
87.06024007332876,200.1316868846121,56.42318279112929,12.084832442289393,-0.01203406183463192,-0.5675663242843988,0.020829667790385482,129.8577863559109,0.686138932017971,0.03779517682387737,1.2057586415978632,0.17891805762078547,0.009329674091947928
87.26003598825993,200.06445744647561,56.41053044235819,12.036896333716387,-0.01664091270142834,-0.5606100376958147,0.013273661782443522,130.16516079841696,0.6263301850397491,0.14067780373435532,1.2012806229608455,0.16605681853459342,0.017381195541635676
87.4,200.07441369474367,56.33449089333307,11.980866555738896,-0.014970799119373808,-0.559678479505308,0.00722088903579517,130.27980684063385,0.609577445306965,0.11861544658019668,1.1610378234152945,0.1577308892280053,0.015281850641993229
87.4598303070778,199.96643214919186,56.42742163842013,12.000430632474554,-0.022407347265602062,-0.5508525750921719,0.01001820635744433,130.46452622779617,0.4807121542161876,0.08010227878778081,1.1866679732431882,0.12222230084091268,0.012054718546272854
87.6596230605198,199.9595016376281,56.291988889820914,12.078451882888313,-0.022448374214228784,-0.5525301200098018,0.0210891090184162,130.6947014946181,0.5311736667425272,-0.07009498048355327,1.16009124419855,0.1416459951279109,-2.5285798374361304e-05
88.0,199.80175613502874,55.95723278941554,12.053149424574276,-0.03552501459870856,-0.5650113322816506,0.018190233649515067,131.02404867603806,0.4910043942722049,-0.14951807750840437,1.1364482984420081,0.1710238004737224,-0.005481979617830044
88.05920399674736,199.82561400615234,55.89656519336299,12.088003957494188,-0.033728281704382974,-0.566964208598387,0.02100026302418211,131.06752758333494,0.528241986807673,-0.08499080823142255,1.1218434516623166,0.1829994646873534,-0.0004887918671839333
88.2,199.8189585214485,55.81516970269195,12.172502341592857,-0.03387699212510207,-0.5670829923646151,0.029698508798196334,131.22610138002295,0.5561376466880338,-0.045235377720793044,1.1045312679219503,0.19246880774216907,0.002163795908651321
88.45877905299486,199.71183095108768,55.793359264440745,12.173775998391339,-0.040939380028639914,-0.5581445848283266,0.02876031301925529,131.62568047052963,0.46000099330972755,-0.03225739083912997,1.1070973298366853,0.16502584189801198,0.0029894202773282437
88.65856445840365,199.56365585124402,55.822494750775355,12.174961000282448,-0.05261012661121818,-0.5495204347833638,0.027702034266997983,132.1210476797366,0.39275945471148843,-0.023076276612718355,1.1809247838405663,0.16049083666836322,0.003117450299803623
88.80000000000001,199.55662174811863,55.745111051717544,12.155750857144236,-0.05257657816744449,-0.5494936796591382,0.025255576590313397,132.28645427633137,0.41557541995784764,-0.03518959923729467,1.165707163085303,0.16819955415020904,0.00199397995341699
89.0,199.4328002637612,55.58282200587928,12.218161672245351,-0.061685222081790295,-0.5540652024895275,0.02902949509183954,132.37079273533192,0.396785502311346,0.1275258901859891,1.124005854375677,0.17440063496000788,0.01453620429653332
89.05813119294776,199.4741732851257,55.507453097061685,12.187031590331726,-0.05843926617718105,-0.5572760326139343,0.02428641382678698,132.39002707526993,0.4552677058412232,0.18738816374994333,1.102796168197865,0.1927478497450495,0.01944183135885989
89.2,199.46638638288218,55.428810835604104,12.164885161777457,-0.058398079383151856,-0.557243172390735,0.021578699407984205,132.5447961501246,0.482751151965887,0.17636529194511616,1.0863367434832423,0.20046775053918153,0.018702951786297613
89.25791259134799,199.42311289268596,55.425970777041634,12.216826552066639,-0.0612592654119125,-0.5549799925702726,0.029038538098846385,132.65140129189072,0.45475279112598227,0.08062797763061137,1.0934566790676508,0.19105973209470453,0.010950967513655045
89.45769272424604,199.41975665456263,55.274859451537104,12.266310962811986,-0.06078507044348121,-0.5582686034158149,0.03539184578459411,132.8670411847744,0.5623208915985873,0.0018932863616909074,1.0740486556002422,0.22529363339761233,0.004668279893361647
89.60000000000001,199.41061731672147,55.19500509841538,12.303345104711326,-0.06082811973000028,-0.558302867485147,0.0387540843510023,133.0194157259314,0.5954915841839735,0.02129394496476346,1.057923066676872,0.23324423255072113,0.00602836759498354
89.65747162763604,199.44777652022086,55.11506244195815,12.299401940314292,-0.05769638609119376,-0.5620055580366318,0.03782983904976964,133.0152570881286,0.6862147181543586,0.03398036381305619,1.0313184273895002,0.25954015232250105,0.0072611923777988596
89.80000000000001,199.43246284052472,55.030821636536594,12.177353081281325,-0.058689988594260736,-0.5628321894878593,0.024269400151551976,133.20421392214317,0.762604030594711,-0.03822387005695036,1.033347339455924,0.2840519678724868,0.001993975670525965
90.0,199.53636253483145,54.851280973471596,12.18814990965555,-0.05031572605728075,-0.5670875745318139,0.02477072812340742,133.5677524761558,0.7059000298744809,-0.025579134499194814,1.0364100230393214,0.2722941648017041,0.0027955571465306884
90.0570258926462,199.5041327846412,54.79764602130565,12.186784009590404,-0.05364475343724859,-0.5699010079847684,0.02403691897469372,133.71101346886337,0.7974167225633626,-0.020212684956364302,1.0708915561708505,0.31136077361609227,0.003226454431021781
90.2,199.49983002313738,54.718957232828515,12.0058503023334,-0.053351436566782075,-0.5696659196721616,0.0045406715346090025,133.8589136380254,0.8391989384959015,-0.12422576245743153,1.0548604685775487,0.31870097460258023,-0.004029677616725515
90.25680132904893,199.47095243383203,54.668615178207894,12.003996633424538,-0.05636341018609461,-0.5721902955432915,0.0039030236786310986,134.00492029201865,0.9349139115854649,-0.12016948115140658,1.0892891682041332,0.35775044002010226,-0.0038821672438699344
90.80000000000001,199.44092670367726,54.35829110253114,11.972823752065956,-0.056312755245404175,-0.5721496658091499,0.00036751837869448793,134.58097999057378,1.1377793064989101,-0.14031675100448862,1.0347186949026053,0.3914378804800772,-0.005332024339684145
90.85612131453743,199.2992119047791,54.47527288467023,12.029729841103217,-0.06767667687692441,-0.5595822208116995,0.009186619833143046,134.91838102339526,0.8382463764597912,-0.2532133888588344,1.1139738089999691,0.296988581868403,-0.015266296696585708
91.0,199.66125961306304,54.41721331768267,12.050888376864554,-0.03956187470595788,-0.5557380965100006,0.01105577892420291,135.56723927522103,0.8069414792401882,-0.22016907880343423,1.1751421693323376,0.2758523043755157,-0.013352582938625556
91.2,199.65109158249433,54.30419682884029,12.164357749490039,-0.03975280143870234,-0.555891691822019,0.022912669859996636,135.80321223304645,0.8650637156123655,-0.16306756027186983,1.1591892776804338,0.2848028443186634,-0.009123197869622212
91.2556630972995,199.64118821797615,54.297650828005594,12.129857996576733,-0.04051274314597938,-0.5539981382791335,0.01728909023111138,135.88451313566298,0.848714784869316,-0.09249281283463419,1.1598958904271508,0.2766087491637864,-0.0034923891980505528
91.4,199.63209743457162,54.214997865435,12.316965007026967,-0.04079560102258844,-0.5542242452944285,0.03685019876425229,136.05520663282786,0.8924031350649521,0.010888260550262097,1.1488901426011142,0.2825925408526114,0.0033391022602022886
91.60000000000001,199.62339986675136,54.103706465361945,12.355416956831618,-0.040842299044862855,-0.5542615723218323,0.04015509887510644,136.2840179899225,0.950217508309251,0.028755348817619,1.1320872591144024,0.289705941725533,0.004264293725895623
91.65520136091182,199.56912462313286,54.14415981217436,12.341015744349512,-0.045295174403026,-0.5483660148188026,0.03744209290388127,136.45084936980695,0.8325113792793541,0.06467238981885852,1.1598277125649143,0.2498936454250814,0.00676665173242578
91.80000000000001,199.56069972690574,54.06321232958369,12.473182958256608,-0.04546364637842398,-0.5484991267769772,0.05088908580278786,136.62071636016677,0.8713272390911346,0.13891374303119347,1.148327762855225,0.254501966823709,0.011873438025554912
91.85496927790179,199.59511363301877,53.9756925631358,12.50331647870367,-0.04216150788489779,-0.5533038879004953,0.05543002428143008,136.5958218719617,1.0048620158164294,0.07759260701101463,1.117199683739821,0.2923698834640096,0.007243731005252442
92.0,199.48646665884257,54.11204070089635,12.561975541424156,-0.04879414883896931,-0.5382889181892838,0.05883433498892848,136.57133608575836,1.372572945022818,0.2043995997906744,1.0689194989945823,0.35526502803301774,0.016864131498002304
92.2,199.47868228126916,54.00602506585658,12.453193170783885,-0.04861955119921199,-0.5381502640419233,0.045951773521712036,136.78109104225868,1.4425401077847213,0.1392915237890825,1.0503007878639201,0.3623168947402861,0.012327890767932871
92.25450289735927,199.43780345904852,54.020660966226565,12.46182691556799,-0.051803197098664086,-0.5344665353029356,0.04695536278873353,136.8989755692507,1.3913166792479785,0.12642248070631307,1.0649280651032031,0.34108618580085037,0.011311701500367689
92.4,199.29582161314954,53.83248707858653,12.29471538274733,-0.06548246587461633,-0.5467240844769561,0.026577519469148176,137.4428898313675,1.805151385197044,0.05866770882418554,1.2200804104865417,0.49904109235551297,0.006394932414819536
92.45426868774288,199.33412344076825,53.836313823217196,12.299946053554912,-0.061085480238582804,-0.5428358934621311,0.0275980707579291,137.37854046357594,1.7111066447347638,0.050991250242478664,1.1604763622838747,0.450987639713899,0.005758592252029108
92.65403385822711,199.31005387684263,53.72909063898137,12.337160437144641,-0.06196031976991984,-0.5426168224645493,0.03290119754242273,137.62659887666865,1.7927419349642637,-0.015968411378074213,1.152511322243118,0.4574817722934969,8.048888814137217e-05
92.80000000000001,199.2997194253774,53.648829978878275,12.437544385643394,-0.06208676551810776,-0.5427163160945617,0.04312328616997464,137.79635857603944,1.8620038070431533,0.04152318371474262,1.1426235534478166,0.46428222995939633,0.004031932787209921
92.85379845435837,199.28572086066382,53.61177300488899,12.438543458099089,-0.06331856419593715,-0.5437719936433343,0.04276129622583673,137.9043537246012,1.9302358405081999,0.04462877290491548,1.1582343395108614,0.4839514861343057,0.004358732205076112
93.0,199.4642273543622,54.01618419255412,12.475630705310477,-0.04621265936360452,-0.5074098473457376,0.04560976228941315,138.18184039273805,2.6288736599555564,0.10451360653266575,1.1414971812352774,0.583899095222944,0.009046740567078085
93.0535634971355,199.43846477376536,53.97154135439086,12.555520872791233,-0.0486456855088667,-0.5094072701398478,0.05360602218874494,138.29923631010652,2.7102106670116224,0.15359911720314767,1.1633167388325172,0.6092954281548982,0.012431763316332731
93.25332708620742,199.4345467378312,53.857440019227454,12.578935272847684,-0.048090768715347905,-0.5104142723681449,0.05574504662512208,138.51849281290362,2.8512078336705002,0.13004351488365373,1.1464982597098166,0.6262865126288744,0.010530014419708704
93.45309024123547,199.40965513105985,53.74544402968825,12.58834476264833,-0.04992368111208546,-0.5118407754181792,0.05523531850557848,138.80321866225063,3.027390374141452,0.13541125654541325,1.1584402939960077,0.6595537788416371,0.010889940749202704
93.60000000000001,199.40049196145043,53.66873844079469,12.706125162825892,-0.050095831500033154,-0.5119787525644299,0.06711413188032102,138.97565359893832,3.127531871806533,0.20000347219246345,1.1498117005626867,0.6687148102574978,0.015480811509960208
93.65285301037609,199.3400026979181,53.70549185863353,12.724319983857516,-0.05512217499475116,-0.5063484791336336,0.06959912265445423,139.15537846619785,3.0270414307534623,0.16883413536134545,1.1835687570050342,0.6294355857235263,0.012338795326005656
93.85261544245179,199.3348061436359,53.58524368376343,12.769798733498922,-0.05444168435245431,-0.5079371014329367,0.07494997514524981,139.3694477464214,3.1911486913753744,0.1077115262496358,1.1660236116696514,0.6505399401798271,0.007228658534696447
94.0,199.63153767840427,53.840624316754344,12.760449066491509,-0.030617447255661838,-0.483085085452844,0.07361769871508211,139.98268348205693,3.773896797821774,0.06114358927521073,1.236941824003548,0.746344344277307,0.003710104763726127
94.4,199.62026752426473,53.64820040130106,12.734368709908578,-0.030525707496228835,-0.48301146970298503,0.06760467137794711,140.47232325629665,4.076072710210087,0.03042762086126643,1.217912644113205,0.7701841181327161,0.0009625174518369277
94.45190121460425,199.60556076515357,53.61470416015181,12.735769544257375,-0.032455343471548,-0.4845065168078307,0.06695202394721056,140.6007062797193,4.173836629274127,0.03400045195970579,1.2448574339745704,0.798907252695032,0.0012649365492458185
94.65166280012927,199.55643794612118,53.55151014354182,12.797742456103688,-0.03603065654266005,-0.4814025551996828,0.07498237678266868,140.9305577733124,4.255029596969593,-0.05312278725643468,1.2621631438603014,0.7861718112384657,-0.006248052743881271
95.0,199.66583483488253,53.03515811094931,12.791845684138526,-0.02781195144626606,-0.5052554397783442,0.07310145393981307,141.54685776045943,3.9039525926230505,-0.13233595072074963,1.2694796347653756,0.6802883126927146,-0.012790902016835096
95.05118577568444,199.67857080665357,53.016587093107766,12.729197307719845,-0.026817909534010358,-0.5047810176858093,0.06251209842038465,141.59719427624435,3.9353965497600187,-0.03125543947714736,1.2625573124694576,0.6811059925539737,-0.0040807548831695035
95.45070884679447,199.67367463702107,52.82096845995568,12.754518810977132,-0.02698190009159559,-0.5048095952762444,0.06233583573426126,142.11605295554946,4.225687391105416,-0.033382400041398454,1.2563270854891428,0.7039784744729186,-0.004171677786263478
95.80000000000001,199.66785060542685,52.64761490833134,12.58183057343876,-0.0266506935458292,-0.5045446870995824,0.041597023280961605,142.54654287165474,4.468187682922374,-0.1441292027485395,1.2409082809023635,0.713942157091862,-0.011777304662343883
95.85023245067981,199.73436642930014,52.53761756073447,12.594287403928861,-0.020603615892790163,-0.5119729239219356,0.04324820078308859,142.45134715240516,4.694034623429584,-0.1582330108884905,1.1914497628121583,0.7731633851652275,-0.012615111868692746
96.0,199.9554481266857,52.26241210321684,12.669266069124891,-0.005330082096370099,-0.5258583109499545,0.047844115582773884,143.01196218316088,4.47538088208461,-0.021758913211748443,1.257746498669728,0.7233444337148718,-0.002441943948593584
96.24975703577648,200.01694616914065,52.06502170797267,12.510849874163998,-2.7754835354000876e-06,-0.5314495925387085,0.02996961467718416,143.22503275457728,4.764369186357862,-0.10677142152599987,1.2165703879139693,0.7658737547643131,-0.007742544378637282
96.4,200.01817481148072,51.986185067017324,12.451086713372911,0.00011025975907482787,-0.5313602641010412,0.023218596010325398,143.40569678685506,4.878295510966645,-0.14577990146827813,1.2100327708823866,0.7707627085129412,-0.010762391553790815
96.64928306177148,200.1316209229807,51.74186789767445,12.38793203403754,0.009683954192100303,-0.5411326386316099,0.012306637932221276,143.48789057728948,5.303276762086877,-0.04030282782094535,1.1323344265228676,0.8506448267939362,-0.0010152299416449385
96.80000000000001,200.13091414563482,51.66057982723917,12.249880360587865,0.009022507550822628,-0.5415089034913565,-0.0024702354495162605,143.69204446564555,5.457697214577215,-0.12383869105296755,1.138897419382014,0.8679961585353791,-0.006802676168461407
96.84904676183484,200.12706244261867,51.633018103583986,12.248954301803039,0.007978348874793694,-0.5421385779648783,-0.002819089760653311,143.79573252604618,5.537067036854354,-0.12312558630543737,1.1561922279219206,0.8857409606494154,-0.006745312885545713
97.0,200.0542131899618,51.562515899382355,12.300455666638266,0.0022747965324215417,-0.541754483193373,0.0004919675915520524,143.8612767838783,5.704033041450826,-0.013303370449803328,1.133292647576957,0.9005118953735265,0.0019552483639906637
97.04881099960085,200.04064623087967,51.564938580210715,12.369626323603391,0.0009759111250428423,-0.5394353027082962,0.005176926639293623,143.93985178972088,5.7112557311299375,0.12313774426062271,1.1386262450141307,0.8905005556269058,0.012436882233016677
97.44834133140539,200.02987313508507,51.343681524247344,12.370263904105084,-0.0011558810771024012,-0.540830178092058,0.00457242923796911,144.46782480943367,6.128972050043124,0.1299745788300941,1.1535733495615248,0.9335276479529322,0.013007368749310388
97.60000000000001,200.0303865162413,51.26221446770495,12.335716463137084,-0.001093309999418873,-0.5407817862729546,0.0009026793123513141,144.64137002862526,6.2701614883044385,0.11135693384408903,1.1473829746775552,0.9400584538633439,0.011776465531670985
97.64810754875916,200.08622189620823,51.15138792712316,12.382910039974378,0.003863027003319716,-0.5479596069640541,0.008547653200171982,144.57899194062995,6.476083094914548,0.03688501807395936,1.109002848992265,0.9919410977830758,0.005639555335623032
97.80000000000001,200.09210115804962,51.068757917916045,12.47072109040771,0.0052763619315296766,-0.5471798312922882,0.017880910762639812,144.6808456955088,6.580648383056086,0.08710022771640444,1.0753629915562872,0.9790430339959454,0.008681777403017926
97.84787455043683,200.1340190131871,50.9819152264489,12.499077278721057,0.008995443711787112,-0.5523943627360053,0.02242768622445463,144.63532819058966,6.757518174318632,0.0411482732007967,1.043420760899257,1.020835053791726,0.005042913279164039
98.0,200.57846790603955,51.43647417442086,12.475480043558287,0.045348071504068235,-0.5100897624824176,0.02198526581761272,145.2296347589875,7.541557594516128,-0.03761367559766806,1.0756127788031935,1.1070440095746055,-0.0015451727994232655
98.2,200.58676335850572,51.33384395746749,12.518124308225122,0.045277069792429174,-0.5101435957056476,0.02592382670313055,145.44471860703652,7.764907572151706,-0.014712364724364577,1.0661151683111336,1.1179472702084088,-0.00027246145839671457
98.2474111609082,200.60343660989176,51.313793826637564,12.522163950236907,0.04810498931177291,-0.5086550677582371,0.02687571779247009,145.4027041112188,7.757846947479276,-0.01956252220120839,1.0226007518883677,1.0917571381362186,-0.0007841843609306407
98.44718089844666,200.60453190653914,51.21087287812261,12.52556685072942,0.046109858033222234,-0.5096541657603995,0.026173032463808883,145.6808979381502,8.024362352328877,-0.016434974868106716,1.0434406804425675,1.1235433084855986,-0.0007368292637287195
98.64695167778076,200.70165206625524,51.00656233881375,12.51682308216184,0.05356679844292209,-0.51854883150697,0.02383599717132757,145.71668369325198,8.460867910113379,0.009639239004347336,0.9795462068731503,1.1998605914994074,0.0018968542054293783
98.80000000000001,200.70641702014038,50.92873715804891,12.47268973731826,0.052461246459433626,-0.5189785732191453,0.0185758584662899,145.91867115784376,8.67536738643607,-0.016381870008491544,0.9921157395191981,1.2224381610889685,0.00021127632389750803
98.84672356491343,200.67469261566347,50.94169084331656,12.485973627442265,0.04955977692592066,-0.5156812752418148,0.02068839099283058,146.03805079006528,8.644599367642314,-0.03980576731187148,1.0119496691310697,1.1978844590250568,-0.0021106160171625184
99.0,200.43555760687835,50.97932884073699,12.541050740621955,0.0320811078331561,-0.5074068883191235,0.024315746349671735,145.78781318181422,8.996140049158294,0.062479949813495875,0.9261964645194465,1.2291110227674222,0.006363734780850198
99.04649662647952,200.43816686283242,50.9560388261495,12.54236989851806,0.03230054932540083,-0.5072981125106578,0.024383897627827642,145.82424305892545,9.049461021507172,0.06248231654630544,0.9200981224245428,1.2297046924281472,0.006443973814120583
99.24627092973249,200.38361203656967,50.91442100752781,12.589063979891737,0.027303575088890787,-0.5021035882700365,0.03125136200377169,146.1003096620054,9.189951123784738,-0.0027062653585742114,0.9380418707304742,1.204724882423007,0.0004257917138048928
99.60000000000001,200.39398289736877,50.737333119141645,12.56123408219911,0.02737095928311634,-0.5020562497256791,0.02724252209647699,146.42733353182933,9.618084194814822,-0.026988957826241104,0.9167499925946789,1.220755478919429,-0.0016011461096403106
99.64582353331511,200.43509907464704,50.68923671609062,12.497501233348437,0.030602122577358132,-0.5044140387018656,0.01640643530549734,146.3971734608616,9.739792649482624,0.07916895495769875,0.8914288421487343,1.243949443295307,0.007995946398749659
99.80000000000001,200.44056575251494,50.611988029174746,12.453213203982498,0.03067530616752226,-0.5043650441117212,0.01161088416398961,146.53269454318712,9.931010915072491,0.05000857856055682,0.881466952897735,1.2507489510000196,0.005766349563433025
99.84560197110345,200.3980844098091,50.643542986054214,12.454456066167191,0.0268213167868635,-0.49950073160137365,0.01174363397677876,146.6746636312159,9.856633416723774,0.04751723080373214,0.9101858259507577,1.2117514704122214,0.0052138692476500145
100.0,200.65371596466954,51.00791933579447,12.42411001065812,0.047750117789803495,-0.465341294691303,0.01040923390558526,147.05506078368467,10.587876940649846,-0.025100178384497268,0.9223098441948971,1.2929379661168872,-0.000596157121799383
100.24516346647299,200.6658014889657,50.89380002925405,12.524996793515676,0.04804031942155948,-0.4651821919921376,0.020351698731432836,147.26583086716414,10.898478428376134,0.037165402412636175,0.9013848181355576,1.2998050935528491,0.004032794813713778
100.4,200.671418182323,50.82046814753718,12.6241556558658,0.04786886855059621,-0.46530088363797495,0.03026279976296362,147.40712331086652,11.102421715613552,0.09848542370054937,0.8930194727976108,1.3066421717265648,0.00842831641307976
100.44494666474496,200.67093015443842,50.79711912080064,12.639110267001039,0.047684866088750416,-0.4654800060621572,0.032616653375550836,147.45034719738373,11.16342383697641,0.0753433890686486,0.8914772702990444,1.30919571855802,0.006300179346158358
100.64473159135314,200.67077016035296,50.69791289472031,12.642440408887577,0.045330887086854954,-0.46693014282363127,0.031656562849830094,147.7282350404959,11.488154117110769,0.0819876466558514,0.9217090879105617,1.344657994384849,0.006512487242418889
101.0,200.7776596603007,50.33782693836282,12.613489269288237,0.05156630410379194,-0.4810639994864389,0.028946735124384428,148.22190369529955,11.675622954860271,0.008539557357468988,0.9370207076200754,1.3101398364829742,2.3042933943243082e-05
101.04430691613187,200.78632315934738,50.27059712943043,12.70533363919853,0.052363225811003715,-0.4848513919643389,0.044009011358968245,148.2442011371262,11.795365468777566,-0.12218838946675153,0.9281847941773052,1.333028357090746,-0.01160550227641452
101.24409745861006,200.79357867080807,50.17198342467008,12.71302630102781,0.05151717169278686,-0.4853206654042001,0.04364653389229224,148.4593569805206,12.078584602336129,-0.12287967178947527,0.9329576198953522,1.3485796019141967,-0.011611284956023185
101.4438900179755,200.86319757678524,50.00507613139946,12.70160292761409,0.056620788695752274,-0.4915583072637024,0.04031670751323303,148.53215049667574,12.49498297092034,-0.09604804762160006,0.8875830250551151,1.4051204856760584,-0.009154169587631456
101.64368466726454,200.8707736490125,49.90764581045787,12.714327637125557,0.056151940137078284,-0.49156158020744134,0.04103613330651148,148.72429290548365,12.77822720829714,-0.10413941288933601,0.8841579671694754,1.4152351120647364,-0.010070061077719827
101.80000000000001,200.87688299915195,49.82917273540696,12.896164882121534,0.055878106723850164,-0.49172706189076676,0.05879190118663022,148.866682192028,13.004199616099484,0.01320801623083133,0.8785003883268593,1.4230148179260769,-0.001989613242783385
101.84348147980111,200.88458213337725,49.81131025964035,12.903292005424777,0.05828156597579771,-0.4903820347974949,0.06014072484355598,148.77978529000006,13.002586115106908,0.006056932742221575,0.8250574660742225,1.3959291194764956,-0.002619757455760518
102.0,201.16039852923677,49.86541209408191,12.846455846076832,0.07948791048878509,-0.4794000433381725,0.05625203143119217,149.21162806583843,13.350084299215098,-0.11849878055030712,0.8528452674006878,1.4112946817518786,-0.01306668519164415
102.04328052915679,201.1835224299602,49.85484712260383,12.771506518249929,0.08279907194125798,-0.4776399432853716,0.049177031211387105,149.15248482006692,13.362525880561298,-0.1775551612599576,0.8068993370119819,1.388356596346454,-0.017216240987850434
102.2,201.19548806391708,49.7793132268476,12.826785572498212,0.08270336383483125,-0.4777028029508999,0.05403602925159469,149.27955366242077,13.581588124545714,-0.14973792633441652,0.7977310406146161,1.3930532231999488,-0.015480732356994265
102.4,201.2128940814075,49.684351462635675,12.796702152246725,0.08278450515882169,-0.47764960021544944,0.049848116978425734,149.43668451875308,13.859708803104127,-0.17871758363070026,0.7855072615116311,1.3980683979812367,-0.017293111947209963
102.44288563359409,201.24105215956826,49.67321767542241,12.804541645023631,0.08840134638019792,-0.47501595405907016,0.05200226228185062,149.25079365243283,13.822640133854845,-0.1894050158396129,0.6874454332902481,1.3513838171466743,-0.01837248782680075
102.60000000000001,201.25748934919193,49.60028051289254,12.692334525687272,0.08863946833302987,-0.47486057335125437,0.03963384144759117,149.35387139616577,14.031866367372986,-0.26729182092717163,0.674038630841853,1.352598230023292,-0.023588700220896146
102.84250057243527,201.35054932691497,49.41086538907303,12.648992390510074,0.09482340857794318,-0.48172910871046853,0.03025833257640015,149.34990180706933,14.565699069833988,-0.18138550863952843,0.6033016708587532,1.421154457488566,-0.015139631001704264
103.0,201.24624506557404,49.08359837709583,12.760640692555553,0.08393118499947808,-0.5015182891098265,0.035935705917433544,149.37952883434593,14.463243241334254,0.03461245815659417,0.5999528130242785,1.38184187927,0.0021114314307768695
103.04231191503318,201.22440212401807,49.10343316236051,12.749503400072234,0.08174047916554746,-0.4979927454963097,0.033781875432131195,149.44542294500974,14.45651358538342,0.05309754313737776,0.610397803973632,1.359880809733572,0.0037257575207482905
103.2,201.2387645250866,49.02584144108089,12.68668494843849,0.08187721748023934,-0.4979069092675373,0.02683066561964695,149.53882034271916,14.669544452528342,0.009407707084227945,0.5977554591108593,1.361352176911439,0.00045736959776021546
103.24212593854267,201.24380672219087,48.98031445602882,12.73467478646793,0.0821536477072302,-0.49994595837390887,0.03501284533902483,149.5553139172778,14.76371680732466,-0.06555051995524364,0.5914375869013277,1.3741728753506637,-0.006280525450562784
103.4,201.25766317059765,48.90191714518757,12.693065087648455,0.08223813264803938,-0.49989555807093045,0.030232198082069825,149.6464832097098,14.97977084138545,-0.09822139149964813,0.5786744959441256,1.3760713362071033,-0.008597649804839961
103.44194271694816,201.24439500788702,48.89736404203212,12.70841392519143,0.08082434136769547,-0.49840811419725617,0.032754909395843364,149.70160490705547,15.000576215021505,-0.12298556981020044,0.5856224258417664,1.3642811455831536,-0.010852099928171082
103.64176304797243,201.25487465431672,48.794115806231346,12.712978551275679,0.07932263013126799,-0.4992238385935867,0.03205665257223882,149.88463383054093,15.303926157664542,-0.12186612224236947,0.5991228770872896,1.3805914180117147,-0.010714712105177144
103.84158554408084,201.2308584788552,48.74022095476183,12.743394168197296,0.07580371143416384,-0.494907053159162,0.036347893495712665,150.09942134044962,15.448330036066675,-0.16374131017500534,0.6155982912243325,1.3402144162166842,-0.014533887107556638
104.0,201.21643671837745,48.937123727659376,12.765199545389812,0.0746288367178863,-0.4740831028171282,0.037750962567316824,150.1215725457331,16.021479779078962,-0.14323611098960687,0.5863515725362102,1.3955806494425507,-0.012622163176241218
104.04141101549394,201.22633150462806,48.912207026706156,12.738939615010827,0.07520232544685632,-0.4745656424820171,0.03438195639895051,150.13567673359825,16.089607181712385,-0.14632573351968392,0.5799423676206374,1.3994868438108126,-0.01253277546509981
104.2,201.2394896449375,48.83762223030762,12.673385267836387,0.07532353585031568,-0.47449794401582723,0.027205347226283184,150.22513283044688,16.310215437931042,-0.19807342578470113,0.5683713203547377,1.4000770766078785,-0.016045740452811305
104.24123953517721,201.25757638794073,48.82751853620859,12.677899894558307,0.078047985680002,-0.4729888850935878,0.028321212218545652,150.15589389922383,16.325258278061725,-0.20434068848157463,0.5243043653678107,1.3795224942001576,-0.016546740239567502
104.4,201.27070441495144,48.752829092991995,12.640351241108995,0.07812104224501326,-0.47294821761157685,0.024049477139585804,150.23707103552871,16.543381697106994,-0.23604813605591243,0.5120356254260591,1.3796184496077708,-0.01850359550305817
104.44107117567368,201.2684804310889,48.761969210652616,12.601062055523387,0.077464176655773,-0.4704431664847988,0.016541924748410226,150.27739857997116,16.545188456239345,-0.16708202224380345,0.5153900332832547,1.3612083316724573,-0.012435074101299706
104.64090600903198,201.26855246917768,48.69137333502934,12.602666210275766,0.07602013648004619,-0.4682430570717595,0.016235612135653846,150.41753611260236,16.75649116750009,-0.16733793722662585,0.5128439366938062,1.3402021373040747,-0.012569718209475198
104.80000000000001,201.28830939140175,48.62399332890581,12.645969970850798,0.07794553087042923,-0.4670470737325205,0.02102751726507116,150.4042569643661,16.92550938891478,-0.1476481587215891,0.4626278301117474,1.3198127598242708,-0.011188520665894102
104.84074410673244,201.29324542693985,48.60684340949173,12.647725785042187,0.07853098956728626,-0.4666897512245381,0.021336991772127323,150.39283202387458,16.965739452352473,-0.1497193218737315,0.44704348782767356,1.3133198446046392,-0.01144673350766336
105.0,200.6712131719782,48.64990803749238,12.67683754730194,0.02953964272304939,-0.45984701886193885,0.022055648663327206,149.70414774051952,17.41431218319887,-0.0920498846842623,0.33182098069513244,1.3660495761585676,-0.006125434098952278
105.24043037778006,200.7238102602612,48.49085816729933,12.640912374376033,0.033573486741964434,-0.4644655982542873,0.014438309060454235,149.69598467269714,17.853991677684206,-0.029540550121199285,0.2809752555549271,1.4034139473296094,-0.0003547831208791071
105.4,200.7328474665751,48.41879243518856,12.75941584901336,0.03432440820368249,-0.4641034587983794,0.02654950603229963,149.70870207951674,18.066642856157603,0.04985518826368498,0.25232537715782,1.3966977273361942,0.005175533456482521
105.44027869055006,200.73048388035224,48.39811565149789,12.759682047738,0.03357750501764358,-0.4644557839267623,0.026259270337469328,149.7475026507333,18.133609688312745,0.051356676535302855,0.26080395517688404,1.4016640244922705,0.005318232755074821
105.64013054634567,200.73964190117832,48.28948971271245,12.790098943368887,0.03393496061068951,-0.4659019612293699,0.030970048086775556,149.78494333518432,18.45026606308614,0.013500789277288802,0.2378322574141935,1.4128734043419742,0.001748203238641537
105.83998601262307,200.7569251299041,48.202945930655396,12.800329910795696,0.036546319894929,-0.4646278757417345,0.032243541068606524,149.702812591961,18.68529867639346,0.007824658685576327,0.16725779599023236,1.3896988103305545,0.0012325252225492559
106.0,200.74167516960313,47.793150677668265,12.619425875992805,0.03412153183684116,-0.4899834699083408,0.01930004732202359,149.7821908956994,18.47060463503089,-0.2878103283912849,0.1706474994385374,1.3203929360647761,-0.022336714709385096
106.03984515578453,200.7473778947032,47.7687579734686,12.646758617642885,0.03448809130208821,-0.4904551872190515,0.021449173934559012,149.7817695436796,18.53379269340099,-0.2555236549791209,0.16417981829431894,1.3233649403925394,-0.019795167602789925
106.23970804109213,200.7272948441728,47.67248257226089,12.707175796635633,0.031718944524331244,-0.4903373260613381,0.03165385273497472,149.8811070472172,18.788853006143242,-0.340083564806381,0.1715119383830146,1.3173975026480549,-0.02777890266080319
106.4,200.72992409966525,47.59279149139097,12.864979828410648,0.03146208720911437,-0.4904618891352504,0.04720564555838401,149.91155430403342,19.002940433787213,-0.23492245949639007,0.1575899422348134,1.314719941105165,-0.02023212665205688
106.63944529296624,200.7352936066202,47.459365986421595,12.917102423371471,0.031441776184604586,-0.4919056932263518,0.0548749707528533,149.94270359527476,19.351603878763633,-0.29942999038047535,0.1339888894458105,1.3206649495086404,-0.02591206302729664
107.0,200.831153263856,46.96397367898007,12.970162227908094,0.037325243616110296,-0.5157414850727114,0.057076088822715636,150.10453876938794,19.3793388640229,-0.25745511566862456,0.12150663677174582,1.240730284164068,-0.022011726177027853
107.0391982532228,200.84720214019458,46.94984589447019,12.987143354960972,0.03996125381228883,-0.5146654818589497,0.059331503058247206,150.02813702620506,19.40202080477782,-0.25487119928276875,0.0829188709350958,1.228435075499563,-0.021720362142111975
107.2,200.85720864049276,46.86880481369477,12.819801394107216,0.040314561803982504,-0.5144859295170334,0.04113067461593938,150.03586909327726,19.596221788373413,-0.38018872460133657,0.07908510039850986,1.2337457134043108,-0.030531093950897308
107.4,200.8625049904644,46.76458745265073,12.965013635730697,0.040044240980156465,-0.514622991327144,0.05528037743493941,150.05586861614867,19.846868092289235,-0.2933251607288193,0.07754630759331572,1.2422728311207472,-0.023786944359013473
107.43896167315111,200.85708527154392,46.74228463908537,12.965554867498323,0.03849333890365253,-0.5151769361816928,0.05464913767617238,150.12028736206514,19.912063479396657,-0.2918230565488514,0.10395600630568862,1.2525414170563332,-0.02370222845210652
107.60000000000001,200.86011145364185,46.6578196235723,13.130638987429837,0.038183287947690034,-0.5153329600501688,0.07085938692369331,150.1425102711421,20.118136777145875,-0.1912141714941158,0.10379314551772466,1.2599608636992812,-0.016488954642885537
107.63884558368605,200.92547514835755,46.57984723864245,13.037251123623765,0.04387133680426311,-0.5212018113660296,0.05181718364916662,150.00262949353717,20.351234796049717,-0.029594043076019344,0.0566408752327901,1.324288218123154,-0.001052755656681342
108.0,200.9669260227636,46.541843575340856,13.0469460214699,0.04631859727202515,-0.5097368208705734,0.05153485037561641,150.02544301813862,21.044979740380803,-0.04931875565558513,0.04649317210912214,1.376004391374793,-0.002236675967280978
108.2,200.97608587248652,46.43984564969042,13.061520192803279,0.04630903434589652,-0.5097417247308182,0.051980386212474715,150.03458131507372,21.321327183181282,-0.04698310548707694,0.04352182852801987,1.3866728649747049,-0.0020134918359762744
108.238506276295,200.9769812540419,46.4200813518402,13.063423438485607,0.04616827570331704,-0.5097776826723498,0.05193852323589688,150.0407973054329,21.375761044291124,-0.04693455044145886,0.044837295361509474,1.3893475953722827,-0.002040584742508396
108.4383962048263,201.01258852819396,46.28354638867486,13.051079818426057,0.048482516726679546,-0.513017620010493,0.047617129628812434,149.9972516709837,21.737483288262297,-0.012796496378634496,0.02424607640113352,1.428461640135126,0.0012899905850366415
108.60000000000001,201.0080268217076,46.198136330507964,13.04423594374514,0.046360864558297896,-0.5136293421329878,0.045552780851828685,150.08521997098035,21.98916138244172,-0.01802273555755169,0.05607534167172275,1.4476153575335653,0.0008045008850354103
109.0,200.60489025189378,46.08321607909971,13.062707051762946,0.013619284093564984,-0.507870411039909,0.04469363165268273,149.57221541403217,22.798661155656987,-0.00031816562110905874,-0.023564773114645693,1.520961808919716,0.0027827805389364526
109.23797142416798,200.6194764080115,45.96149995340798,13.185115035910409,0.015373066424216607,-0.5076726093657599,0.05655287844820993,149.50794429875992,23.155662239316452,0.0677772860996141,-0.05425252501555286,1.5312559632586753,0.007428662983903022
109.4,200.6216733888914,45.879105962254634,13.204293871873185,0.015347342069012518,-0.5076851531835456,0.05760931632995122,149.49922779718423,23.404869965945498,0.07506387972329838,-0.05829724351175049,1.5418330104011884,0.007804179144697176
110.0,200.70215860706494,45.597487739303695,13.294129325421595,0.020828365757123685,-0.5058299868955063,0.060638917471449214,149.5328762769773,24.355701980957697,0.1892172928673469,-0.06460086626369164,1.580122270844054,0.017136786134442163
110.03757207602398,200.67293023517544,45.598520437130674,13.256946681039427,0.01849328577070424,-0.5040350112828629,0.061481408718326455,149.56952083145657,24.376206841891705,0.03100714181983158,-0.0520133490517312,1.5690620665177133,0.003920898411269082
110.2,200.67790844288072,45.517523131377885,13.204444410842195,0.018657942064356878,-0.5039582723472854,0.05493134092331818,149.5585691523867,24.63054414989445,-0.0059944896215988475,-0.05625005629128724,1.5785383743556747,0.0011141064719591802
110.43738219588424,200.70424137678015,45.34674187391398,13.227579495582827,0.020479085524045485,-0.5082882902210372,0.05672952682225047,149.5068002271372,25.101582468793183,-0.020354339957249324,-0.07374680085236437,1.624106535647803,-0.00029395995197742874
110.60000000000001,200.6932625525593,45.26177161849536,13.165782832075552,0.018585477179281815,-0.5087134083166187,0.048892586306105226,149.56337122950367,25.378964112661027,-0.06009207940545676,-0.050331906839589914,1.6412171097395252,-0.0029830287850502743
110.63728974849718,200.66964170754167,45.238728191397776,13.163661887240774,0.015288911071333632,-0.5094463928836319,0.047664249286780654,149.68210752205775,25.460248939694107,-0.05469284546114517,-0.002789814367497971,1.6542923796616888,-0.002612021713595862
110.80000000000001,200.67540702626712,45.15706696603659,13.052438800057283,0.015571451904860626,-0.5093323867382804,0.03530669155070805,149.67648208787682,25.727682115526914,-0.1290694901301838,-0.006094307615064204,1.664951146888147,-0.007874093674208247
110.83719897949251,200.6632843200279,45.16126455922551,13.059038145866696,0.014564874047051512,-0.5073276158232415,0.036314048998097474,149.6996538017568,25.735158195872717,-0.138753470036126,0.0003285241059733856,1.650272094184992,-0.008797196311775956
111.0,200.78278522960878,45.09105778980479,13.160353380898961,0.023595554169779556,-0.5062403569503475,0.04221741568075227,149.8170736651982,26.00209530920203,0.03369076248562872,0.012561560032688232,1.6589747618464945,0.004997894024263977
111.2,200.78470020315987,44.98876269289514,13.261486884176506,0.023361828476377234,-0.5063337942274116,0.05129566547656779,149.82244360601513,26.33684167958186,0.0942928550647551,0.011036363995157747,1.6724914467402505,0.009462776553308072
111.23702252578124,200.7495571783334,45.03606565911978,13.279427229503908,0.02052197036045082,-0.5007156894569849,0.05435065250147542,149.87352403563156,26.284072206421392,0.06576637242766743,0.026998848517529407,1.6362906460935858,0.006654710510856887
111.4,200.75375702038005,44.95473562089285,13.254178976138343,0.020596141699247377,-0.5006887658389356,0.05083768553583725,149.8767399151965,26.55097501272267,0.04431738061735968,0.02521407754853538,1.6461983629594479,0.005200756177775292
111.43693686536322,200.80728823235899,44.86820871914007,13.200598485361079,0.024714364158055484,-0.5066143636434404,0.04018246812873972,149.79761081566286,26.751977661107542,0.14735430107571662,-0.0006333601484437637,1.6949329014552093,0.014888040137435683
111.63685293189074,200.81743930980582,44.82529782747171,13.20219906798869,0.02621811161016658,-0.501337806720271,0.03938214794836741,149.72387578021784,26.964762023033334,0.1616663201712605,-0.035313837877795046,1.6641368062992596,0.016189069341517173
111.83677073718968,200.83008272337074,44.72877868074595,13.212161697458976,0.02739912427026067,-0.5009300713833446,0.039978643075785816,149.6648825644372,27.29029809312107,0.16151110683371248,-0.059952941724544115,1.67216959000838,0.016149090961143232
112.0,200.6217387866664,44.9200287541094,13.152892460807182,0.011166786445676806,-0.48040351348396854,0.03554094967516618,149.40012109462694,27.946613626140465,0.05507426704020528,-0.10023231803821181,1.743136547876797,0.007804520113195939
112.03669029294575,200.6340751461732,44.87725210399465,13.149246832135054,0.012120181982090642,-0.4826046882460647,0.0346152923107579,149.38022764798953,28.053174727979087,0.06325376992840413,-0.10689404744157123,1.7606445218281075,0.008763597321836805
112.23661161069748,200.6476442740629,44.784677830457404,13.158379365870163,0.013598399534505215,-0.48220660157435585,0.035215450466914704,149.3133270223989,28.401299359964003,0.061826008858069756,-0.13180586879029105,1.7711428448439006,0.008766761837641754
112.4,200.65112975621767,44.706195453463394,13.107022369497221,0.013716826243927296,-0.4821708376837534,0.029343648170979373,149.28950938752013,28.690692737172338,0.023498257785973427,-0.13734339464778433,1.782422664887847,0.006068977655960125
112.43653470182893,200.63749063153782,44.72249887230364,13.11092298464788,0.012551757555190387,-0.47909181511563614,0.029896344701052718,149.30987040039057,28.68137303895901,0.01873113655073764,-0.13004725668318656,1.7594735120081304,0.00552384161839474
112.60000000000001,200.63721371912615,44.64375456708191,13.24086519723212,0.012325330122625393,-0.4791527189786914,0.04267861294591292,149.29205663768914,28.97184952899607,0.1092570875240026,-0.1337529613688102,1.770539055025267,0.012002505666871824
112.63645957756255,200.65631856337822,44.55949174145188,13.263409791111375,0.013986230187491289,-0.4853121074506641,0.04666364165828272,149.24243202389664,29.199874855591087,0.07608955016290181,-0.14980601433678875,1.827642207836,0.009122011543360408
112.80000000000001,200.63458331127802,44.46625439463519,13.145018335532157,0.00992941538249535,-0.4865866690148404,0.03243171167058545,149.40130171158592,29.514984548802776,0.005122749471106733,-0.07984586913110607,1.8490110691651995,0.004078066249025036
113.0,200.40854027400883,44.0556557066769,13.226529697254854,-0.008802063349376306,-0.5109645616586246,0.03667712544879506,149.1461994908719,29.4870719336783,0.138345127189492,-0.10674481861112103,1.807162988764966,0.014773477759531946
113.03631472687483,200.37575193727187,44.0261693001416,13.22238143179843,-0.013280878701757726,-0.5119401016146133,0.03504506803099381,149.26971561280322,29.55745690535888,0.14755605473326228,-0.04849394077056582,1.8147050279032921,0.015583008378611023
113.43617714490851,200.34488397155823,43.87054755680022,13.264271622253771,-0.015413813041400558,-0.5071837790270087,0.0403160541810991,149.2982623803491,30.162462527473625,0.11242518937108134,-0.03513616443158009,1.7984369104433928,0.012047323068270296
113.60000000000001,200.34349833291654,43.78763797153331,13.211821709816263,-0.015302994686225818,-0.5071561694286676,0.034230415547979946,149.29051237640823,30.457020381230073,0.07233360925767943,-0.03654723756391316,1.8086407372673137,0.008919940895078233
113.63611110583004,200.32441848002716,43.793464572520456,13.245792062975495,-0.016837877807608183,-0.5046910599448721,0.040534946707968735,149.32696299575915,30.445224407976305,0.021626018001332792,-0.02402224947163429,1.7843760455354394,0.004182799114897862
114.0,200.25291888234895,43.81543843223542,13.256980458074759,-0.021638807664660094,-0.48926105517917073,0.040354011954952376,149.22570404137645,31.379750980456222,0.017956090116103246,-0.041640480295351376,1.851239183213375,0.0042725552400186525
114.03598458198559,200.23295393026433,43.81645040450673,13.153448303690404,-0.02317696788079628,-0.4873535265359807,0.033605784090115554,149.25354897226967,31.399065283787742,-0.15651227881877078,-0.030607692214016095,1.8362472403507946,-0.009854736663742468
114.2,200.25291993414606,43.74545229694728,13.168893126222676,-0.01992068267770156,-0.4866424770876862,0.03545582765458763,149.14667199870823,31.698681434047682,-0.16230845276025577,-0.0757487530539699,1.8434481904342206,-0.010471738579064022
114.23592411678177,200.25968546998484,43.73093800622431,13.171785019230889,-0.01879821978002218,-0.48641669340766974,0.035925531823307724,149.10673285999061,31.765166291878874,-0.16529854594810162,-0.09276519806546814,1.844850817376322,-0.010689266359307028
114.4,200.25608343707958,43.65105349774196,13.203080610088097,-0.018849549503861394,-0.48642857466579137,0.038547282866515604,149.09219129404644,32.06905260226374,-0.14889854763991142,-0.09506477641711354,1.8551062534113003,-0.00960610992657149
114.43586552872702,200.25414443144396,43.63305948570637,13.204171606325476,-0.019063233397392784,-0.48646649424628846,0.038455839333518746,149.09697474774399,32.135282537764795,-0.1487424950420187,-0.09195292132240883,1.8572714699523927,-0.009593217764595716
114.60000000000001,200.25109521434283,43.55322524095622,13.206612235083096,-0.019055307339126797,-0.48646468266563064,0.03805418255694629,149.0815279163177,32.44089144595372,-0.15303910017546035,-0.09440904557417476,1.8673451905781622,-0.009740951086631536
114.63580882703515,200.23950073930902,43.53022754473343,13.205100136046768,-0.021312509797474233,-0.4867952943861487,0.037051621910723184,149.17976528237153,32.49921963426521,-0.14815108282531067,-0.05173082197700674,1.8685509399901052,-0.009246530862790616
114.80000000000001,200.23626223360688,43.45033813937386,13.198549910373428,-0.021286572118596043,-0.486789438484167,0.035733579727786347,149.1706220225967,32.8066481907404,-0.15847014904564333,-0.05310789142219431,1.878591158297607,-0.00999588242016258
114.8357540206808,200.23829622950953,43.43493754663573,13.200821181989602,-0.020453997127268423,-0.48669747794150725,0.03612821212114401,149.12410525790713,32.879686913581864,-0.16073428373456655,-0.07198779156663698,1.8818473495418837,-0.01014414260459807
115.0,200.11757031823635,43.18900818650639,13.177052786066959,-0.02998639847262787,-0.499333964529625,0.03391817133066045,149.00701519066064,32.9526429547577,-0.20934046055173725,-0.08212719807072914,1.853763076336102,-0.014104083689125697
115.0357011183928,200.09273389681647,43.10845893800331,13.292753702525737,-0.03166013501528052,-0.5050133762302533,0.05666429031708122,149.023887168906,33.122858601682275,-0.3909415112384967,-0.07577163665165672,1.893297304588453,-0.03089280661985666
115.43560105966318,200.06386573497173,42.88169101877441,13.38689540204992,-0.0328665631733212,-0.5072506668536324,0.07056751371442772,149.01299200499085,33.93103658599349,-0.5090406650078289,-0.07287718551146889,1.932998009382676,-0.04118160937231111
115.635553919392,200.0629958341747,42.78249546343578,13.404074444140608,-0.03128897796042334,-0.5072121516855762,0.07153213100025033,148.92245253669375,34.33092522580177,-0.5218075372968739,-0.10699154660530877,1.9479631967239182,-0.04167224518708805
115.8355087155156,200.05569864845165,42.68055742132921,13.417580471126982,-0.0317002550238665,-0.5072055296623629,0.07127059292492573,148.9237047215643,34.7172455793941,-0.5290089827800037,-0.10037204642805256,1.9592874024678395,-0.04148490966874168
116.0,200.12985226321643,42.61442888489848,13.4466493874551,-0.025399086829711162,-0.5057760318137688,0.07264176455052046,148.98996992441622,35.06048377404746,-0.5114962952568286,-0.09342495330877294,1.971556249972592,-0.039756472806915966
116.03546545543834,200.11566869240954,42.58512352166146,13.472315006360532,-0.026405163935058894,-0.5067445623126982,0.07937761259015019,149.0019135395677,35.144371102599514,-0.601086755523304,-0.08825302553983623,1.978513537310983,-0.047716547417026356
116.4,200.11524730109502,42.4010551837328,13.487823472732444,-0.024965494043217833,-0.5067736277922508,0.07839720364942783,148.91680647210276,35.876955349796475,-0.6326916040170972,-0.11500131041817467,2.002071839349174,-0.04983181440319159
116.43538479487786,200.08503731755226,42.49790692178492,13.509570108154621,-0.027343915202825073,-0.4957173895654187,0.08213900009847455,148.9672253437878,35.66531287217991,-0.6639832111447572,-0.09868476483476586,1.9070452084258318,-0.05313903769808981
116.60000000000001,200.0808222966285,42.41632172900601,13.510211978674368,-0.027316512559058623,-0.4957133273453775,0.08080861920102254,148.95026481615457,35.97970688672631,-0.6818800116621863,-0.10093109262609973,1.9146172675065185,-0.0540155447880066
116.63534740776586,200.0533054884499,42.54868245963582,13.501605910446665,-0.029565546257571823,-0.4810607888012495,0.07870323037949678,149.0092606796988,35.63706119298675,-0.6704020261230301,-0.08295550917033974,1.7785700225928798,-0.053385496538800495
116.80000000000001,200.04882237151273,42.46947355735326,13.493909628862264,-0.0295276411610082,-0.48105643709945123,0.07658506331600123,148.99466562849014,35.929994891729,-0.6942635625463831,-0.08531888565793432,1.7825738306019845,-0.0548030877799498
116.83531199118471,200.0431347864969,42.49173065077738,13.486630478483383,-0.029955181644573038,-0.47712330139634007,0.07462564364824835,149.00682407884696,35.87112223976779,-0.6815101706850165,-0.08139034248921621,1.7434950912831628,-0.05366839418370758
117.0,199.95241845761566,42.044316108878995,13.573571628482252,-0.03909933511721241,-0.5051205170437045,0.07801060468783975,149.0403212740079,35.67993475175181,-0.5556891776080022,-0.03756887561787733,1.6761070129922933,-0.0433786169295244
117.2,199.94703203546004,41.94339713826453,13.483826896345528,-0.038867805476379524,-0.5050898604850349,0.06715485976348246,149.0290275819429,36.01430612874554,-0.6403875575522424,-0.03938296740346441,1.678416286631175,-0.04951054752305429
117.23524709304453,199.93311135315852,42.00059931059207,13.484389198604292,-0.03992813825684289,-0.4978579996685269,0.06685077973219708,149.05147339954797,35.90661376199574,-0.6410236219346813,-0.03218977194741473,1.6196892773236289,-0.04973609208341746
117.4,199.92585675262873,41.91858360959903,13.530224017847823,-0.03999409682063279,-0.4978648926051816,0.07041951104635827,149.04722519718104,36.17386936927061,-0.6235438594504273,-0.03241016283086466,1.6203104266144026,-0.04791836804565037
117.43521762242244,199.91968860834126,41.89908407299842,13.531142692689231,-0.04093927670568992,-0.4979555182656435,0.06990792561445518,149.08333161104397,36.227941406693915,-0.6227615845411199,-0.016023153625882483,1.6200292704585537,-0.047626838185033764
117.63519014419599,199.91194937341075,41.801333164086095,13.542792182993404,-0.040905894875987274,-0.4977755548523317,0.06944073207682525,149.0796240312519,36.54717739514092,-0.628810987886151,-0.0158591831222487,1.6189197660690762,-0.04769412351031863
117.83516466303584,199.90694434807136,41.698117037465344,13.576572367140692,-0.03963716995802582,-0.49834311300920253,0.07372804707282875,149.00606851464454,36.89752704839185,-0.6673066202613841,-0.04432208403258564,1.6274936549533894,-0.05058499067178969
118.0,200.01012487966935,42.059039707725475,13.576965506472382,-0.030276219007250926,-0.4645907199193258,0.07351425035797342,149.0924495952557,37.73350771993052,-0.6985264023789169,-0.041173036769190284,1.7121477023563079,-0.052536987019910976
118.03514118328626,200.01029739815397,42.04288434104036,13.579862963870761,-0.03007773834139985,-0.4645904074381293,0.07361020659101977,149.0851415230901,37.79434975603148,-0.700785983583058,-0.044061059934025266,1.7126422628376718,-0.05263578393690446
118.2,200.0057718463316,41.966292305765535,13.572364810128269,-0.030034267238073703,-0.46458651210984325,0.07159205226237059,149.07704599616088,38.07670207783504,-0.7239230381520794,-0.04510393895024366,1.7147948849333405,-0.05382175006684622
118.23511970896149,200.0094375850354,41.95299770661544,13.559026186919748,-0.029667640255669602,-0.46431108645875085,0.06844174307887463,149.06944314157303,38.13234063476041,-0.7037888459922421,-0.04742436187881885,1.7136408361351267,-0.05157726765480336
118.60000000000001,199.9951508426621,41.782597084800805,13.498559831293733,-0.03038243736578604,-0.4643028903935878,0.059376412861358585,149.0834361907706,38.753639700945286,-0.7825934271366848,-0.03574192777695203,1.716542565415372,-0.05651837009043444
119.0,200.09121400700138,41.783014137823464,13.491113417930979,-0.02155068996525173,-0.4501938924762173,0.05769928685586588,149.18590604949264,39.702324837652895,-0.8571464879434924,-0.023515627459448046,1.7617486418608426,-0.06106622915271412
119.2,200.08381725696728,41.69290154203769,13.614846087455742,-0.021838056496712967,-0.4502211701960598,0.0693846318021043,149.18585248855223,40.05589989617102,-0.7912515727011423,-0.02295382670178389,1.7645550123832572,-0.056087308869769745
119.23504253569769,200.0717195785143,41.8221389203338,13.609994636971688,-0.02281449116324497,-0.43592616283436975,0.06804321855131056,149.2088486361196,39.784895590604705,-0.7865858762631035,-0.01733568898190696,1.6463228544890625,-0.0556299350278622
119.43503315934335,200.0670971889101,41.7349291359312,13.623602676463921,-0.022804857372873733,-0.4359317188720301,0.06805011858739787,149.2048454868764,40.114291104232585,-0.7977647709044792,-0.01761865432885022,1.6454242261707714,-0.05616782193644096
119.60000000000001,200.06152794263497,41.66305088228781,13.710725087173207,-0.02297958303411229,-0.43594204537352,0.07588929167524314,149.2054474366728,40.38628306246554,-0.7532972191732693,-0.016737402774895136,1.6449556839012016,-0.052347371127309604
120.0,199.89888793916495,40.92365057580136,13.771667390146085,-0.03565797613576202,-0.47831839857676245,0.07708112074539236,149.0400279061344,40.17436895095789,-0.7180679528965077,-0.03462550469214712,1.4972566847926791,-0.048859497646424895
120.03501717922117,199.8968382873991,40.96826297656645,13.764833264619147,-0.035703466531190206,-0.47252746458597794,0.07531801272285991,149.04029545507262,40.10970026711692,-0.7093723259831184,-0.035397614675650176,1.454265409654566,-0.04804967905236812
120.2,199.89204388907007,40.889705651531074,14.005827649076357,-0.03516998676704647,-0.4726885727165062,0.09919877930056523,149.01013277105275,40.35589299814375,-0.5605539410043118,-0.048448565788280606,1.451921493867648,-0.03699152333112504
120.23501590524093,199.86009865689397,40.87745072768698,14.003241076014483,-0.040221501903915616,-0.47193779876458275,0.09700264003128128,149.16836182401028,40.37811104149688,-0.5539711997631355,0.022962518423930316,1.4405400287117156,-0.03604764358077742
120.4,199.85069713526755,40.79962564627655,14.114589774248719,-0.04047511871675926,-0.47194965262352545,0.10685146692521116,149.17678479657474,40.6159669939982,-0.4943211842171482,0.025160935999750136,1.4357728481229535,-0.03146248907366067
120.43501665828605,199.85437608430993,40.85419836088482,14.092026654065947,-0.04002817956721029,-0.46515752562082036,0.10174638749984274,149.1698781261595,40.50133842869247,-0.4605329606397767,0.021229936402727745,1.3782803315889927,-0.028024824018511845
120.60000000000001,199.8612272473779,40.776967205168624,14.107198754636435,-0.03757762238410603,-0.4653907638861743,0.10246917265810963,149.0781354888406,40.74159372451453,-0.4743115167130557,-0.018328929897951925,1.3768501529189574,-0.029284028125802313
120.63501943822575,199.8696582364558,40.706269098641876,14.08733173231796,-0.03688178218717731,-0.47069135080793056,0.09771489918733914,149.0646957030572,40.936643637562305,-0.43988154903787013,-0.021085923215517784,1.4246717086223686,-0.025696407701149025
120.83502424457741,199.87271270441107,40.639687481604994,14.068902648614088,-0.03605204609267356,-0.46798467326053744,0.09020200910570389,149.04338002201206,41.14343464701813,-0.3918866359110218,-0.02795786897822921,1.3935712318756066,-0.020628917902578404
121.0,200.01612451763302,40.568887388428124,14.111294494612405,-0.02341206792153153,-0.46750268061522865,0.09296794765636276,149.1409718289591,41.38952080153601,-0.36566287642876416,-0.032758506304689516,1.3917595353677774,-0.0186383343289057
121.03503107650691,200.01500140233256,40.516638280753625,14.117990195046362,-0.023469851450367504,-0.47086272417780417,0.09360508917661198,149.1410061414912,41.50552516827074,-0.37020177301034835,-0.031943848145475275,1.4150155650720073,-0.01915268909601976
121.2,200.0149326629445,40.438570456598704,13.959654739461097,-0.02310252989504689,-0.4708681957000243,0.07612932779075858,149.12952783698924,41.737713969976355,-0.5033167026528744,-0.03494942045172773,1.4100995948639263,-0.028907494407909157
121.43505081201059,200.01629508099583,40.27221575695779,13.958758555898523,-0.022616716895227765,-0.47630336393244915,0.07240763003023712,149.1126648793341,42.205676677601154,-0.4845264984490209,-0.03809117049679344,1.4506932415379068,-0.02638255793058943
121.60000000000001,200.003045920414,40.19544621236944,13.925876268197587,-0.024494297348799852,-0.4759839656660858,0.06715082992937788,149.1812851421836,42.431036234351474,-0.515181326251277,-0.006955343330363991,1.441683347832401,-0.02823103404171743
121.63506371216734,200.00512565650956,40.215247995475806,13.918508628701728,-0.024209485317522428,-0.47233812777424466,0.06523040996094882,149.17484281715076,42.380615447730676,-0.5032668201455839,-0.010048974417374738,1.40642913825562,-0.02707445151505504
121.80000000000001,199.9995832986786,40.13766597558327,14.028291436053602,-0.02437124211505005,-0.4723263170128419,0.07511574236642923,149.17665891491285,42.61268992171856,-0.43190568753661057,-0.009493040044624429,1.4017028923571653,-0.02126235433906991
121.8350786310701,199.98267285441705,40.05884213222712,14.08180377518189,-0.025738349265258597,-0.47875210585371614,0.08555064377802177,149.20623007004713,42.858377179550594,-0.5067199698005939,0.0019732464977913425,1.4660223053822241,-0.028344307305067228
122.0,199.74593980918945,39.77876901737407,14.027228394929441,-0.044195797449597826,-0.49422887915381636,0.08036787139475417,148.95382312457792,42.846601533122275,-0.603993695453863,-0.028598852967239644,1.4264136770145626,-0.03551902083082577
122.23511451447311,199.75508849357448,39.65139296733449,14.018420656308763,-0.04266178307059753,-0.49535665204553225,0.07132392833525833,148.92184071753698,43.21147122621157,-0.5059722994231305,-0.0374359666424977,1.4316274792586314,-0.026000294240914795
122.4351354727991,199.75540002942563,39.48787404954965,13.999724947716683,-0.04205507711320155,-0.5019320373954334,0.0645523303058608,148.90458517980454,43.67099537882501,-0.46565767619755033,-0.03986613198379446,1.4887099225994644,-0.021624717367595615
122.63515843752779,199.75021098505755,39.38670484898779,14.013865867255923,-0.04142376316338832,-0.5020610546673644,0.06492943675142514,148.87118907924346,43.97384248744227,-0.4717712785194105,-0.051341719887309824,1.48843684467871,-0.021993021486527563
123.0,199.27461431911436,38.807057922279704,14.061168294179993,-0.07830502703773906,-0.5322634157468007,0.06537701503544743,148.3345274009942,43.98337401232488,-0.4351597139345074,-0.11644052703130309,1.4019335186411417,-0.018386870899150035
123.03521037014701,199.24753118328792,38.79436477662649,14.231026256477824,-0.08157586499330664,-0.5315599291010475,0.0814850720863352,148.41429658793405,44.01534498932558,-0.30318730975041447,-0.0792691241761147,1.3930961296492055,-0.008285950967399813
123.23523932919062,199.2306091993529,38.60925389684142,14.231055257775894,-0.08183273043529876,-0.5394933254253041,0.07817140437686791,148.40704922592352,44.48174485670324,-0.2841813876626359,-0.07494013714908641,1.4565947800430574,-0.006291103267920586
123.4,199.21853463224346,38.520085931568595,14.170178445584451,-0.0816899644023582,-0.53950658076952,0.07073351468524994,148.39199601502312,44.72136834131414,-0.34044397118812114,-0.07630971292096947,1.4539233609317594,-0.010448591623735161
123.43527027695052,199.20819392235222,38.50345854200714,14.170900786202342,-0.08290066994399872,-0.5391760708173895,0.070161232018575,148.43114320690677,44.76142413572268,-0.33818921786803147,-0.058224136214470215,1.4488141995390522,-0.010246104890730112
123.63530320819659,199.194970549249,38.39436723328401,14.185833014136762,-0.08228629551474388,-0.5393607148451207,0.07046308125165518,148.3952279465011,45.05813801573267,-0.34162058466174805,-0.06873863052508561,1.4487353133167096,-0.01080539190963554
123.80000000000001,199.17961220706016,38.305916519331916,14.289333913201284,-0.08247091930692417,-0.5393407036196249,0.07979079314530406,148.38803550148165,45.29655666951717,-0.2762638867981628,-0.06849146410516892,1.4461811834086955,-0.005641143804495529
123.8353381173837,199.185056501034,38.310622042425585,14.271622156994434,-0.08171632640696626,-0.5368094506465382,0.07557816925399616,148.3671060314778,45.2672626777228,-0.2491921417860999,-0.07527793822167975,1.4185233646887245,-0.0028855185985542453
124.0,199.00424594813015,38.22000165925893,14.237354765877749,-0.09489421319202518,-0.5370432630175864,0.07220306497577483,148.16500768067868,45.49497899177815,-0.3130841876991246,-0.10059392152261301,1.4145682471272227,-0.007809406576007534
124.03537499865611,198.9904273670044,38.2044768977207,14.314111598367415,-0.09635432294161067,-0.5366216783002443,0.07932916339488782,148.1995366882186,45.53413362449205,-0.25589668425121687,-0.08363722395780102,1.4087893465447165,-0.003394715900757201
124.23541384585246,198.97800957880034,38.0899525662517,14.305762919788846,-0.09584217277819347,-0.5373204584674247,0.0743997080971381,148.17533002865576,45.83257524325932,-0.22519396710313447,-0.08676801030454336,1.4107582126997147,0.0001475607184602901
124.4,198.96429033088012,38.00106136853701,14.223133336414566,-0.09563810695752653,-0.5373464455755437,0.06482128505964764,148.157072011691,46.06454616430093,-0.29515612004582065,-0.08907065161343831,1.4074244360260073,-0.004965663788195531
124.63549741187302,198.9651751809435,37.85344349093555,14.151819495853905,-0.09384258015761589,-0.5394640150735694,0.047069464103547655,148.10361840923002,46.45935138888584,-0.18069527083434728,-0.10049725631592024,1.4242140468323479,0.006642828894193876
124.80000000000001,198.95453256556297,37.76252155680236,14.219193664036927,-0.09264054662454015,-0.5398874461420611,0.053570509136825505,148.03020365334223,46.713678402623124,-0.1394215273727919,-0.12595921277944316,1.429219429219042,0.010003786080973201
124.83554211689196,198.96086259633984,37.719894889606266,14.177632931412756,-0.09198667682775467,-0.5422955667892212,0.04444710520648031,148.01610583707838,46.842241938565344,-0.07706900904053005,-0.12864084021565347,1.4547238928089972,0.01613929309099395
125.0,198.94022871422035,37.36499130543358,14.144891949148006,-0.09245247288957283,-0.5625331804654798,0.04179699137873429,147.99267954419295,46.72934361644992,-0.13269325521525072,-0.13036319270361763,1.398774537344478,0.011640478193647077
125.03558876023529,198.94918453369442,37.419722894126615,14.142679158731815,-0.09123045333637321,-0.5553720862604623,0.04109787398726654,147.9633320296756,46.631690440265835,-0.1280158875849176,-0.14139309211077483,1.3436253008103918,0.012098180511546167
125.43568783117911,198.9007137028459,37.202230415192396,14.156199233926516,-0.09366953415478714,-0.5545323255741063,0.03993993098107553,147.99687367633987,47.133784796355194,-0.11855070859972502,-0.10648167909190828,1.3176172850369723,0.013436928214125931
125.60000000000001,198.88512603456584,37.11116823365783,14.172410929351376,-0.09368898782466502,-0.5545290597907591,0.04091189393143591,147.97969109283721,47.34981682288518,-0.10923119003667614,-0.10727792694284818,1.3120648093508964,0.01420001879061129
125.6357402427458,198.88378875977907,37.09042973079495,14.174425204747381,-0.09319511752792689,-0.5547122550191157,0.041153823960904806,147.95461595837023,47.404919139306244,-0.10966417544913616,-0.11679833021957381,1.3142900915570523,0.014031197089195334
125.80000000000001,198.87047858814873,36.99875385358545,14.083321646036326,-0.09299761684533013,-0.5547463571330136,0.03126290183782217,147.930958955335,47.62067040785547,-0.17845459039378614,-0.11919922532199737,1.3090639057650906,0.009199650986121398
125.83579456058166,198.87966290462143,37.02519311460811,14.06895852982334,-0.09177781309710593,-0.5500224208922212,0.02809012927136869,147.89284109114058,47.52105926141042,-0.1571959576441208,-0.13199050171354035,1.2589853339555999,0.011292310676000115
126.0,199.0326626991043,36.85689749809835,14.03729372616727,-0.0788940999330542,-0.5557671887943043,0.025858348069254727,148.10374259972272,47.61276587378847,-0.2107050527027342,-0.09419538194534623,1.2319110648697709,0.006881188911600739
126.23590888015492,199.0254384590282,36.720398033643065,14.04524071682972,-0.07675394123029798,-0.5566194627702381,0.026712811154953435,148.0101624798441,47.93124682840964,-0.21205653269032296,-0.12848989926358048,1.234777638577921,0.0066475293924357
126.43596886382723,199.00639026493906,36.55154148267004,14.025547161838535,-0.07729800545262465,-0.5621227116638142,0.02178122407407273,148.0023962279818,48.31398024920784,-0.1812229511987671,-0.12315203784745829,1.2744302737771878,0.009909725917107915
126.60000000000001,199.00007264994196,36.45582544039869,14.058759753970595,-0.07584088714360723,-0.5627424191892059,0.025299458335326777,147.92046798223072,48.5489643592775,-0.16205743781153187,-0.15199712047162722,1.279750092960758,0.010936466567140002
126.83609443201439,198.97867429581905,36.236632702702586,14.014197495740117,-0.07656378384159826,-0.5711907385787317,0.015273907424545957,147.91734576082106,49.10513191300806,-0.09712520218832968,-0.142191640229618,1.3567257516683646,0.017460834062234573
127.0,199.194484835234,36.18798117992201,14.127919083826944,-0.05851586658742957,-0.5677768365060641,0.023039848904238578,148.13707007451822,49.404188142025816,0.05823110949546188,-0.11559525903818921,1.3665121223103014,0.02982068842337747
127.03615999707989,199.18238340900652,36.08932736793877,14.04522272893258,-0.05956863300454294,-0.5749779382548401,0.013433834588746031,148.15685671355095,49.59637745623009,0.023681115158953082,-0.10561530983445551,1.4179055644284129,0.02771927658935759
127.2,199.17013549760122,35.99588229818178,14.155448522010765,-0.059798603433750895,-0.5749310558990991,0.024198304868002788,148.14309874462668,49.828174225022934,0.1076211053184928,-0.10616843131036582,1.4158957883427254,0.03371074563971353
127.23622740280011,199.1616982074669,35.970468291350414,14.172136928014762,-0.06031619326463054,-0.5753676095619039,0.027378489426352938,148.14824948289885,49.88888062565338,0.08799105412738362,-0.10327029213536225,1.418722172747133,0.03167729518959725
127.43629663892028,199.15297473013354,35.82970551607653,14.149974227406327,-0.060147721730978446,-0.5777907920624185,0.0218496353963863,148.12784173782606,50.23220513772795,0.1297355682667039,-0.10454372874300236,1.4372996689953499,0.03556258878635117
127.6363676949864,199.13536302230963,35.71687923661248,14.152784970746312,-0.06104706647843365,-0.577415306339357,0.02138567912343134,148.14175881640435,50.50509498350866,0.13907281113564282,-0.091788130090364,1.4298637645685905,0.03591494113544104
127.80000000000001,199.12489416449407,35.62258272271397,14.18421826372186,-0.061094746557056795,-0.5774034728371873,0.02414616541120588,148.1276686195227,50.73881370412608,0.16592302992560143,-0.09256913317268081,1.4284031506486297,0.03752896680429492
127.83644056035222,199.12344360975504,35.62770426328988,14.203812442318851,-0.06084650811727231,-0.5748349583740479,0.02797999347782581,148.11154797358134,50.713152360815286,0.1422566127030958,-0.0979692279602284,1.4020885777742158,0.03515284050311116
128.0,199.16415619914244,35.82569376917989,14.17497152980143,-0.05753594488291583,-0.5521777076249234,0.025333717187377945,148.22141370703477,51.29493147263303,0.10693116767687216,-0.06692077510906261,1.4465683961802656,0.032176243103844364
128.03651522418645,199.15763758123055,35.83608515479683,14.213953420419672,-0.057708353415709644,-0.5493574212920354,0.03286229228080446,148.21622634831613,51.29129357395616,0.062444354523861975,-0.0690788336411951,1.425482910969656,0.0277397217277562
128.20000000000002,199.14966624656807,35.74570921722331,14.141647699754364,-0.05756547287896172,-0.5493936136286834,0.02522005817220129,148.20249358898837,51.52449028753969,0.007982711409892707,-0.07063705320520254,1.42339416834287,0.02336637373222652
128.23659167548007,199.1506705443468,35.71478077645866,14.12429703183888,-0.05738333678755129,-0.5504070467699799,0.021514144249971143,148.19909639579,51.59922428894863,0.03240115896271094,-0.07067521953760321,1.431101497391183,0.025707748788415842
128.43666990305323,199.15480599054288,35.59793870548368,14.133245876404782,-0.05462353086457649,-0.5515910977350498,0.022966350758855062,148.08541296153825,51.93142782689735,0.03062462550365919,-0.11523160181972748,1.4479363210912595,0.025694011639882296
128.8,199.13400904682192,35.39794169977771,14.19933584531405,-0.05472023914032021,-0.5515640831665329,0.02866742303117073,148.04485971720763,52.456407784564426,0.08350638626453982,-0.1186810006295404,1.4436262983806007,0.029557297931078585
129.0,199.45194454459278,35.109859422078976,14.177774731259328,-0.02829255803401033,-0.5652755944819681,0.027881851449893753,148.3776352239945,52.53145183946405,0.03918228748191581,-0.08137854174288489,1.412077158323685,0.025709762018000848
129.03691512924385,199.43802805892417,35.09567700832976,14.267983805277373,-0.030196090912158455,-0.5643265910104197,0.03628009267178752,148.4259232839266,52.55632423086844,0.10905376072076524,-0.05813126969571607,1.3994523585283323,0.03076797164979477
129.23700034697632,199.42624978970144,34.96681879920906,14.27822017599586,-0.030749944257079127,-0.5658413964099682,0.03687091743191091,148.42641570882864,52.87001056690184,0.11149097576805324,-0.05419353130603684,1.4084617282984406,0.030551203395381293
129.4,199.4190494125659,34.87547217040179,14.389472225928515,-0.030958302714779652,-0.5657825390608087,0.04734431377858863,148.42121476988032,53.098611554643405,0.19365016599567209,-0.053968221565391473,1.405571656998435,0.03642137203103585
129.43708728278116,199.46873726334675,34.96776648013329,14.3401346236048,-0.02618037377639544,-0.554874965492957,0.03688455130333758,148.30834231888267,52.87937822447434,0.2639811686809764,-0.09505981378300796,1.3095714502556803,0.043358224480923545
129.83726626027482,199.4626457549745,34.76811280060613,14.375927526919941,-0.02538941658077278,-0.5527895459641801,0.041218959279176515,148.23440705618833,53.341569358811306,0.2544681278427937,-0.11335590239595242,1.2776478502038426,0.041075154788539014
130.0,199.54219387733067,34.576306819704335,14.423756034600398,-0.01871969491370319,-0.5606136807134378,0.04410045338599857,148.29993621022024,53.421681483144816,0.3166026358610067,-0.10688613925944578,1.253798538165972,0.046012526347365704
130.03735827750216,199.53041812555966,34.485091823550846,14.389062302186945,-0.019975977889773698,-0.567134224844732,0.036994508151907884,148.32648958331689,53.599367478645135,0.35983498046918067,-0.09466231647786846,1.3009432799116516,0.0502094776373828
130.20000000000002,199.5277252316961,34.3926035448182,14.365778404654051,-0.01992317887567281,-0.5671501945415931,0.0341048120013249,148.3101105597733,53.810757865461674,0.34617518549719295,-0.0968029964745932,1.2964197701363849,0.04902781570953569
130.23745196389288,199.5434564841555,34.449719079779726,14.395358869442171,-0.018162421972151035,-0.5597754480909293,0.039783497491524746,148.26242800393018,53.69458639338728,0.3130176965278222,-0.11447706085615374,1.2359443905539718,0.04568682109284615
130.6,199.5381617080591,34.24614264017044,14.329195080192925,-0.018037969450635415,-0.5598142748564704,0.03184886018723642,148.2179220690189,54.14060184653666,0.26943447784097846,-0.11933588689026609,1.2221726744761832,0.041959113737672894
130.6376442940932,199.52326133400507,34.23461959131947,14.385387110864396,-0.019164916157555452,-0.5589162401192144,0.04301756509479749,148.2345143889036,54.162133157767556,0.19985467744034088,-0.11291770747164971,1.212066197648318,0.03497015228810195
131.0,199.6039193137287,34.424621237896666,14.424765783115749,-0.012366275320633457,-0.5289877111825512,0.04463835921259735,148.30354795933695,55.13385962899912,0.24545191347390932,-0.10092759144308755,1.2803417053258945,0.03760273644033652
131.03784314984117,199.5760266087306,34.33423454210424,14.433063409095896,-0.014981281081027763,-0.5355772935244413,0.04590668890762101,148.35211287899983,55.3157220934473,0.23939348799405405,-0.08077052693323498,1.3285107344251785,0.03691053855576845
131.20000000000002,199.57559045296293,34.24641877575093,14.325208415436887,-0.014789684276366698,-0.535639337087407,0.0345719004693535,148.33600354969133,55.53147717130276,0.15931498251603954,-0.08209194554085089,1.3244004946164512,0.030910541587209867
131.23794499286643,199.5860088769174,34.238624184647456,14.30751857341332,-0.0138174183460188,-0.5344350458980394,0.030777808396473202,148.31381637973845,55.5543110516664,0.18376070727603955,-0.0892583048022959,1.3132943122175311,0.033340367079655
131.4,199.58385175809664,34.15197309313584,14.306833973460149,-0.013809318206199551,-0.5344377027371733,0.030223050458774756,148.29917416462436,55.76678337666325,0.18488469537496185,-0.08989902749355694,1.3087914146324717,0.03317342559219852
131.6,199.58017883970174,34.04556917043875,14.376572483768992,-0.013898898110937101,-0.5344081168684293,0.036484460594558586,148.28264822586738,56.02763156151224,0.23913520912689912,-0.09047599587520928,1.3029592571205533,0.03681309245759409
131.6381534447518,199.59046845572095,34.02044912092124,14.380214518761667,-0.012392418193115658,-0.5351670702250138,0.03714636406031821,148.2255314852557,56.10768693754747,0.23671723064355457,-0.11263151516947198,1.3136589904275964,0.03644680674735409
131.8382600276463,199.59422315632239,33.91061133233446,14.389027353144591,-0.011467955185007069,-0.5356483308695161,0.03755948593329859,148.1659119206372,56.39169170113242,0.24171174144637503,-0.1289276561754932,1.3164866785076932,0.03670060337361697
132.0,199.8720533659467,34.119108402405004,14.468878573699469,0.01042104604310195,-0.5133444219998498,0.042434002501035975,148.4913483449276,57.04890146227395,0.3533167951406436,-0.08234561409436317,1.3862149932885295,0.045161655527726
132.0383681644467,199.81415889187764,34.132848122783805,14.2982215797843,0.0032214973502916926,-0.5090282845927975,0.023693379403385242,148.67083636459554,56.98595192753785,0.24920114131900453,-0.0006489120180164926,1.3364556250544382,0.03799941664075359
132.4,199.81264663550226,33.95003778214076,14.42130478166577,0.002973093545913782,-0.5089376015396015,0.035251184695658154,148.67545577691405,57.4659545376895,0.3425124513065465,0.003467996645970437,1.325917448362408,0.044409443446211595
132.43858904732394,199.7950746131538,33.94194200517272,14.420559747624974,0.0004488671531145548,-0.5072664678931896,0.03442448845368809,148.75734972297627,57.459896792133094,0.3482906303964893,0.03872958817472672,1.3016729066383987,0.04497636054327985
132.63870176709423,199.7871524279461,33.8532330869818,14.471349768664934,-7.710127166828942e-05,-0.5061313428892542,0.04337478917493751,148.77073012332403,57.691485926654806,0.2972724921919496,0.042542497186118036,1.2855713327557456,0.03950569679152105
132.8,199.7942119327003,33.76714626531532,14.629089493758404,0.0012374307121144493,-0.5070322588028668,0.058999302007025245,148.7198381096387,57.939681870909176,0.4043447145885256,0.020169556891124388,1.2958328681910078,0.046989901995420566
132.83881598816868,199.8034360870523,33.77148314992958,14.635604009258346,0.0021551424232766733,-0.5047781510217818,0.05988453164376733,148.6927013470515,57.92461075923235,0.3999987227188293,0.010763432217068169,1.2730818486111621,0.04658590926033728
133.0,199.94372486672347,33.772016813597915,14.631605049963573,0.01559818425203624,-0.5001996627718167,0.06109642442455288,148.6613094092433,58.3934894790528,0.3625647810167621,-0.0415196114972773,1.337705270136911,0.042500082146691986
133.03893169733328,199.97276107497626,33.82283965207556,14.696228034955318,0.01823470781829553,-0.49391194863992616,0.06765578482320136,148.6070027156568,58.324553565947056,0.401533248950937,-0.06198648659734789,1.2930588676063874,0.04527775047323386
133.43916752700983,199.9274338648697,33.53015904407077,14.727743471241984,0.01307498459042939,-0.502367627804785,0.06839757409545358,148.7104468397544,59.03276787167468,0.41398703150540117,-0.016273546222604407,1.3450160416718742,0.04540104473847576
133.639287621042,199.93428153734743,33.4262304875099,14.742899434329482,0.014175289673928032,-0.5031711930695556,0.06899351784828524,148.66058132102862,59.336913468121516,0.4205948900356716,-0.03704062204839789,1.3551408984328863,0.0456535263388065
133.8,199.9354585952788,33.34597800118709,14.811310091828947,0.01406985440730782,-0.503127138082929,0.0747221562372874,148.6567778586958,59.55355701544839,0.4687632160404621,-0.03718352674792454,1.351667797152847,0.04869129947859005
133.83940915021492,199.93497714235107,33.327599852315466,14.813534270030148,0.013415773504853016,-0.502601080083654,0.07434217513402432,148.68908263369997,59.57944397598831,0.47214547787903144,-0.02240373824412043,1.3397588042291988,0.04890150404886663
134.0,200.15801083111052,33.001067438096754,14.809228542165888,0.03137604739876085,-0.5217222910074829,0.07427429356847529,148.90183406070346,59.48919334091052,0.44229007368645973,-0.003036473020334284,1.2941122525920143,0.046039923210055796
134.03953210129282,200.11622023297082,32.87359948106122,14.725146477858262,0.02736868126517389,-0.5311634416136197,0.06391066876606463,148.98227471762664,59.718963898169065,0.41678563212169395,0.027838050717206516,1.3571183252539387,0.0444855164326903
134.23965646105037,200.1368789587995,32.7741873214031,14.765765635163811,0.030305922169103026,-0.5315777473165754,0.0700896766983736,148.88961456241685,60.02566317467583,0.38703447170573374,-0.016764202941906156,1.3719308695144417,0.04109526759149794
134.4,200.14167358310328,32.68885580860039,14.795005178448468,0.03034948625369503,-0.5316254281161309,0.07191617877976032,148.88446870505416,60.24761695581264,0.40628436374979654,-0.018819206457069172,1.3707522836137047,0.04195778432795879
134.43978221627683,200.13683699431948,32.69841471117754,14.861809218170318,0.030108715261718138,-0.5289547383203282,0.08491254230426579,148.87844762022522,60.243284967231375,0.3153242458654409,-0.021656053150629993,1.3501601269467116,0.033285853252745946
134.6,200.14140419095727,32.614135542965855,14.839038785618849,0.029827110186862224,-0.528719709020619,0.08113474000841746,148.88917803033112,60.44784141059545,0.29555334574430375,-0.015610074697270413,1.3423342687043531,0.031828957358009745
134.63990935378075,200.12613979868576,32.58829479888445,14.885446608377524,0.028501136853109788,-0.5292188455632114,0.09008588268739448,148.91492282548398,60.516547556375635,0.2304733221960399,-0.007059171872937722,1.3466849504701115,0.02561991680199501
134.8,200.1323114702742,32.502502242665784,14.807722302765194,0.028765787608606735,-0.5293742249531485,0.08103448682420471,148.90445086465417,60.73806775612458,0.16583645166997973,-0.011002306720840162,1.3459604491846457,0.020808682279708435
134.8400378603942,200.1437370012446,32.47529329706738,14.770117923924339,0.029517708330283478,-0.529863190027008,0.07237424399152721,148.8912951311759,60.803257441682284,0.23290481296753965,-0.014891424389759553,1.3487779361939483,0.027037469363485528
135.0,199.69112868003216,32.94459703804067,14.781813582859252,-0.008612305580094463,-0.4858971627996163,0.07018039449258148,148.49125178691762,61.61774207799249,0.26237847213736937,-0.032644014552241196,1.4112202023655962,0.029759417843551236
135.04016772297678,199.66329428426798,32.860738276556525,14.769628935681252,-0.011244449260681529,-0.49164041854396573,0.06708238569146027,148.54397164666503,61.78406625534937,0.2853387419698304,-0.011754368392669478,1.450107031330865,0.031798785085885226
135.20000000000002,199.6678533730709,32.77713453306652,14.626619821361901,-0.010060107508573047,-0.49249389471073923,0.05219310871581782,148.50575354515885,62.04340547454462,0.17326222604289676,-0.028040364144987943,1.4605569690272475,0.02328381706061291
135.24029892841972,199.67367629579581,32.75610404720967,14.609460538281894,-0.009576549370208099,-0.492569211682516,0.048160082559113145,148.49720092208574,62.10289016682721,0.20377600429798454,-0.0306878796748528,1.4605266625712916,0.026109399943775723
135.4,199.6710790602909,32.678135025781074,14.682256815493892,-0.009683218886645282,-0.4925188844181103,0.05461758660341875,148.49423054435516,62.33514125075333,0.25688608740205976,-0.03049397768256204,1.4584326290265393,0.02969844870319343
135.44043146364973,199.66758698533954,32.67500782294686,14.7179707902257,-0.009788650870933387,-0.49101732274022547,0.06179809265875988,148.48928027278265,62.36004129331482,0.20406247695176066,-0.03244032601833324,1.4463557353616563,0.024629780369624262
135.6405653156328,199.6547067179104,32.55611490875433,14.730642187514164,-0.010867858780111215,-0.49298532927801925,0.06185423999709966,148.51219066130292,62.702216680168206,0.20846421254130768,-0.022388405728343386,1.4621778447920475,0.02421213367291845
135.84070047137766,199.64255764532905,32.46273637808926,14.784073591764178,-0.011646914480621034,-0.49253471246742375,0.07051159216390973,148.52275375944959,62.98368739604759,0.1517937145768265,-0.018109045098523048,1.4566743799711073,0.018663336326334438
136.0,199.27502695906503,32.61612183529165,14.737138259391193,-0.04141179415673268,-0.4739256027881719,0.06543994203040258,148.1618595942831,63.44179784558002,0.08444735814427792,-0.04827830781749187,1.475393768822264,0.013935318644452882
136.04083691793934,199.27116634610178,32.61330760435626,14.784822222606985,-0.04146433664259758,-0.472434245690582,0.07317856499950862,148.15651955480388,63.47352842460695,0.05387132221671365,-0.05014165633165391,1.464614349301712,0.010812450570902982
136.4,199.25650270014313,32.44346734768504,14.795462192702084,-0.04144099782646459,-0.47244566850654024,0.0716087362276718,148.13787595319937,63.99904595325718,0.04593079963854156,-0.05152878285888996,1.4605545091060865,0.009975181715502051
136.6,199.24606358456663,32.35048304093107,14.958293188333187,-0.0416595390530532,-0.47233817781827964,0.08660896142019106,148.1316482817069,64.28909409338432,0.15833417601714717,-0.05139214593782699,1.4582741856314811,0.017877304797738892
136.6412538738389,199.2550380921314,32.33747626648941,14.941684933934406,-0.040677920150689495,-0.47165356988212415,0.08221228513199579,148.10568504135594,64.32864010616811,0.19076276225035815,-0.059881967073806414,1.4507421801213252,0.020990390689381952
136.8413953552578,199.25143987110013,32.240839974894534,14.960670604697174,-0.03917836377242952,-0.4727925365058129,0.08315126094512813,148.0197220657348,64.68018525414321,0.19056948946332625,-0.09243672970447081,1.473239342145489,0.020424684386115666
137.0,199.44349309703608,32.20215826986471,14.970007714421401,-0.023495834529181647,-0.47030456190008557,0.0833149884601757,148.23960063350225,64.98591329701024,0.18371558150656153,-0.06382060883784113,1.4868646561947607,0.019880078133303277
137.20000000000002,199.43873181452287,32.10813891853845,14.989928316627266,-0.02350189050415027,-0.4703014093725042,0.0836493982364727,148.22678645334523,65.28312747080096,0.19002351669976475,-0.06526096939207,1.4858579091030424,0.019821855559751432
137.24168198618898,199.40551987124522,32.02172535378556,14.973402962332788,-0.02680901249921757,-0.47666091688604245,0.07938455148534518,148.30377425836733,65.48795954463579,0.21959442627053344,-0.035300906153924935,1.537134096166164,0.022592694299991944
137.44182711056473,199.36016586701717,31.893031029236553,15.047404335178099,-0.03049156572267406,-0.4800154900869033,0.0915076615340064,148.38022049867942,65.88397422396048,0.14343727302678302,-0.006292226270756318,1.5690106213757498,0.014669323872842845
137.6,199.35547813160144,31.81700744586682,15.052536660464234,-0.030477744989921018,-0.4800227453391393,0.09055612645165965,148.37898290574424,66.13239710225669,0.1388884135982097,-0.00608400255671202,1.570507465250463,0.01407061367710026
137.84212091481209,199.36719482204072,31.739827147644977,15.088241599097797,-0.02841983348075211,-0.47612184836627,0.09346403135010614,148.310292724612,66.39332186861992,0.1227810891268985,-0.029298165899386747,1.532777778427419,0.012430958718102797
138.0,199.73706698900972,31.582953340901973,15.047777025008516,0.002167098778528123,-0.483623876481797,0.09143395583755956,148.6822534286627,66.62794787058859,0.024942653773162626,0.0020358207370463136,1.5505996089465897,0.004000060417914347
138.04226956997036,199.72466827172917,31.57254063501908,15.04937465130242,0.0004728504768967117,-0.4821799282385891,0.09073050272431352,148.72683092749915,66.65356423129175,0.02835278308395686,0.022377897682310927,1.5335052919773096,0.004353135852128698
138.20000000000002,199.72364009317204,31.497263058913738,15.121184932489165,0.0003651443171614484,-0.4821193075865213,0.09665172257752652,148.73217803229662,66.89445267310754,0.06975046093275898,0.023381081187138723,1.533592404478313,0.0073114842786564166
138.24241937746834,199.67680167094576,31.39085550288803,15.10234343489428,-0.004315060995635843,-0.49016471430650543,0.09187821120312054,148.8434211285409,67.1371884887756,0.10121989944682952,0.06494887941851943,1.597062517093714,0.010256813974199697
138.4,199.6775618734702,31.312564350939933,15.031160280620208,-0.004171085879144826,-0.4902461961366049,0.08310090304541033,148.85118009358808,67.39048912061223,0.04141271191620445,0.06568062515289573,1.5995496389123303,0.006008761796200367
138.6427224009013,199.6838431947231,31.205828484814095,15.053308316194013,-0.0034378090129176557,-0.4890698163231138,0.08351536734992139,148.84673213560336,67.74722719218012,0.040101624031580844,0.060588283203449084,1.5915353256855096,0.005585911565644518
138.84287559274728,199.67765632635303,31.10981987527288,15.056345968529953,-0.004444103381657063,-0.48841956169130735,0.08053540475075824,148.9027401783037,68.03278469087978,0.059982646826535896,0.07954438708329664,1.58033118887824,0.007135765969950894
139.0,199.61770609466757,30.838732711742193,15.000707033714288,-0.008710024666908386,-0.503340448133428,0.07630669396260259,148.82588542720248,68.01877464959468,-0.0427809538570848,0.06472450215670005,1.5420580576247014,-0.00142193685647284
139.04302988875804,199.64245381130044,30.867430476043317,15.028780288179803,-0.006236307064827573,-0.4987510557636744,0.0812098739631847,148.7756868665597,67.99552458017773,-0.07288293539611776,0.04501498969483386,1.5096767440780647,-0.004284596218382732
139.20000000000002,199.62549935905267,30.80142516780067,15.06130133400926,-0.008263242519825343,-0.49701767909575884,0.08265420357772331,148.83754729645224,68.18187736295536,-0.052704635634901076,0.06981117062106526,1.4883971078061649,-0.002493831342855086
139.24318527709852,199.62377995238035,30.78101099520277,15.064600417236205,-0.008451589492661596,-0.496850757817445,0.08256834546746013,148.84596708108734,68.24094118346723,-0.052396995981583046,0.07272270626922135,1.4859775907032886,-0.0024681981525954246
139.4,199.622484248891,30.703074776628792,15.075835303003782,-0.008448629281635847,-0.49685257415564354,0.08239306002031402,148.85744992623012,68.4739498327571,-0.05400889730864374,0.07437355452033921,1.4853524357108614,-0.002622374579830147
139.64349928386196,199.61730220000345,30.584552600738174,15.095233853492902,-0.00897942894434942,-0.496341593490112,0.08213934054796616,148.895546310533,68.81478007332284,-0.05354554098303633,0.08523855438055612,1.4758414373707167,-0.002687061757927784
139.84365787905278,199.55862057766896,30.409542815679927,15.122106716104883,-0.014490880987500657,-0.5035739960448337,0.08417699292393514,149.0744248455903,69.32255189880836,-0.0674612438261931,0.1421940028201858,1.5437312197579949,-0.004074172083330206
140.0,199.62350888521425,30.259186511778843,15.14767266686865,-0.009065445701140774,-0.50919078593866,0.08519389825139585,149.1650470060862,69.48206180032359,-0.052303602155821395,0.15239582807157157,1.5340413519127691,-0.0030279109839596967
140.64430260506302,199.63366233869286,29.95504640899729,15.154158446904242,-0.0075566521553452285,-0.507014224167233,0.08149146833631658,149.22849209464582,70.41552872675668,-0.10651292064864498,0.15344950460313123,1.5170390089721877,-0.007353282430200232
140.8,199.6367062270693,29.871457742538567,15.268433618733312,-0.006707777710082623,-0.5080242445408394,0.0922788312784284,149.21487978679679,70.69650196370651,-0.04249760771867492,0.13997203960199145,1.534163075719925,-0.0028190260471066845
141.0,199.88352592496813,29.8827458470452,15.235580826313367,0.012729016061045147,-0.49979907103800186,0.08972313418847133,149.59552218702962,71.21864167415987,-0.13285012032207585,0.19646635569098408,1.5747699793001126,-0.010672288608107186
141.04463101804836,199.90994364059415,29.887573015814027,15.22461766976007,0.014983430797018525,-0.49741406224370477,0.08695885636424593,149.5632558234693,71.2441138607147,-0.11600101345052005,0.18262733851099067,1.5592483415005531,-0.00905002597320748
141.2447966984055,199.9188537216043,29.814991693665792,15.283056800851865,0.015630139526572637,-0.49510881252224964,0.09447336935329437,149.5823093852196,71.511136475535,-0.16423804963610955,0.17985553610525268,1.5445744189317183,-0.013666875899105514
141.4449633468781,199.97080225110284,29.78380661052336,15.334809296206144,0.02030227846811577,-0.4894539529360006,0.1005502340626358,149.5030852922396,71.70248083129478,-0.20348101440470334,0.14197220845922817,1.5071773689799188,-0.01714994009334727
142.0,200.0034888238483,29.619762409598067,15.377203953271355,0.021835980391714655,-0.4812119935985077,0.09959194556330833,149.63171696335633,72.6897615759535,-0.23159463602481692,0.1580943410758678,1.5277886749021716,-0.019524777702081386
142.04546899423218,200.0527115786091,29.54868337493505,15.390235624092044,0.027945983116930043,-0.48785708582886783,0.10210826833690236,149.48428015098574,72.93424969263637,-0.242266752616221,0.08749640130718951,1.6024212224777206,-0.020744199006417673
142.20000000000002,200.05748454261467,29.472920898754094,15.387680684245185,0.02798532326041111,-0.48788549889991156,0.10025444527617984,149.4972222933668,73.18242643542217,-0.2573678278081092,0.08727268310882384,1.6041294813035514,-0.021746335720405702
142.2456394088997,200.18077463981433,29.547346938607276,15.261510142398643,0.0383329457693567,-0.47940464578527653,0.07742870329751654,149.30439654584453,73.08151060779136,-0.12101499539569885,0.018811502242968445,1.545749493827103,-0.008745450957517987
142.4,200.18753179104183,29.47263748451656,15.234996350506163,0.03840633686704703,-0.47945804600878267,0.07358079194311433,149.30603470534876,73.32097775358223,-0.1479239119094766,0.01700689959839559,1.5460345385198162,-0.010560497984266963
142.44581073903996,200.249378320038,29.505421356784076,15.192425755454826,0.04356196511681091,-0.474676298284679,0.06539522164871388,149.19730501942493,73.2853125987434,-0.09529151587945056,-0.0205320291668852,1.5107607812790755,-0.005551374594201629
142.84615610490573,200.27983537087974,29.30506291448213,15.220917443963579,0.04514880557953023,-0.47616750573416494,0.0660408790762012,149.12999890077828,73.94857827445023,-0.10047793173287221,-0.04957924411805344,1.5314748277910966,-0.0057958689821814
143.0,200.07881321929193,29.099465560963207,15.305646335437707,0.028896789263000797,-0.48596468614380506,0.0703394690065008,148.8156236075168,73.95839431443724,0.017788026703096385,-0.10010395259973309,1.491896127558179,0.0037063340915997273
143.20000000000002,200.08952311854426,28.998091498147367,15.130536721659949,0.029310544282751365,-0.4862777656216074,0.05143222342304304,148.7893538141216,74.26115615531526,-0.10179628175820343,-0.10635532673755718,1.4925198405647737,-0.0050929676486813815
143.24650501115505,200.13897061285738,29.001291004057734,15.057077851499583,0.033242108807091456,-0.48397002150896545,0.03831318178535364,148.71424656278649,74.2818393479078,-0.017803997148655756,-0.13133619128374308,1.4756988250100929,0.0027309173270907167
143.4,200.14321573309653,28.92774842154561,15.100108430197759,0.03316963456519624,-0.48391470470854253,0.04198807588440685,148.69486348963773,74.50746819365402,0.006878747507841048,-0.13518027499431845,1.4748174465408714,0.004349585498845145
143.44668076714697,200.12105334321123,28.845630272892013,15.029824797167393,0.03090481675663501,-0.4888359319730496,0.029190245993674,148.74688731874195,74.6771202194478,0.09566725369791486,-0.11612939296013595,1.5075605334520883,0.012571973453573769
143.6,200.1236380240527,28.772599589104633,15.13995309357141,0.030721106931542057,-0.4886946224259948,0.03955818190257715,148.73171682758013,74.9060226219292,0.16832780969919448,-0.11942767698542012,1.5071356010693102,0.01819170961505239
143.8470348361809,200.14429887655592,28.64010371959914,15.151205116766283,0.032849558307086815,-0.4909658710138952,0.04032907744044821,148.61476174438351,75.37748347716787,0.16986938598654844,-0.16112008459456484,1.5454882222781208,0.018333716641724104
144.0,200.16395539102254,29.14555902943218,15.169979681926302,0.032853866156094355,-0.44610521556900823,0.040130366092659346,148.7472096842789,76.42046536029635,0.2088355283998442,-0.12352940780064522,1.6679322568302177,0.021426300771291987
144.0472131300466,200.2093176185974,29.134282281080903,15.007324824336138,0.0363320513059376,-0.4451183976114977,0.01763787387419503,148.68843133985615,76.47718333452296,0.2573757609846574,-0.1424919207660737,1.6609186429833769,0.027034807333173625
144.24739225085898,200.2062134552117,29.026002559537314,14.99488672197933,0.03539978507026023,-0.44668997873813415,0.014810102877182318,148.67939784417848,76.8392151655497,0.28326623007234175,-0.1418209042382617,1.6742798073763447,0.02903403632427842
144.4,200.18096423255238,28.989386751180483,15.049390600141566,0.03145468952475644,-0.44237676745728055,0.019008751001262106,148.775779635681,76.95928889410663,0.32965622387948923,-0.09618221891958197,1.6224594379619819,0.03259027144129296
144.447572189277,200.13997839479876,28.973063164106183,15.17201671937524,0.028236167756001643,-0.44226352293154586,0.04102669182562941,148.82396224983503,77.04314519151255,0.16261030945525773,-0.08074695934951076,1.6256090742966682,0.017211611379913054
144.64775293605817,200.14260373312595,28.887707874930708,15.179582136409664,0.02775197821593617,-0.44171585637268046,0.04080512199537038,148.82520522245701,77.34749886416638,0.16713295943588116,-0.07735311182391072,1.6189387126286339,0.01731225318190612
144.8,200.14969289289255,28.817767942306258,15.034215072566056,0.027995383656633135,-0.4419148367773413,0.02597571103084846,148.8090990547185,77.59739385835331,0.06830474617093557,-0.08089751535247872,1.6207205835302838,0.010114416217359784
144.84793448205826,200.14367748438858,28.804657731597533,15.033874838280207,0.026597950662390322,-0.44028124641859834,0.025339914456190868,148.86446534465554,77.602392079212,0.07186878760786407,-0.05722206286890654,1.5925814552749606,0.01054286044281682
145.0,200.09134505213828,28.789510585550207,15.055680464848527,0.022025254079559194,-0.436133530808583,0.026120497404876427,148.79239644030085,77.90111095582817,0.10757388661131013,-0.06615305878883496,1.5991853286080986,0.013411742868600942
145.0481168182308,200.07628737673593,28.788329718182812,15.055117392943124,0.019722753157935684,-0.4333305854964701,0.025367225356062294,148.84999992622102,77.90205970754928,0.11140045347220945,-0.038464580321692296,1.5658912465513999,0.013599452875935983
145.24829993562693,200.09950153652835,28.716175133094378,15.04389391476644,0.021309710455725335,-0.4320819246550034,0.022513444970551987,148.8128245224302,78.19053116537168,0.13500259103224366,-0.0503605709438281,1.556191228142322,0.015446237608851795
145.44848382539485,200.11067871314472,28.60012810011991,14.98529128822617,0.02207636537649839,-0.4348730017585426,0.01171299073854939,148.78439097847087,78.56926770352707,0.2170632513802439,-0.06086313801138949,1.5796930682255248,0.022873619326028834
145.64866847877954,200.20093163765858,28.58504238483378,14.973300867109572,0.03016600702177487,-0.42972928137885036,0.009594347686059799,148.56130321344318,78.79441572806756,0.2380857757967324,-0.13766114265955706,1.5559043066324425,0.024689886695279824
145.8,200.2048395918923,28.520660105443085,15.011707391080133,0.030109898156731527,-0.4296807663971793,0.013183606180552226,148.54115872782077,79.02900959238696,0.26691700250010647,-0.14100286677425056,1.5549822491713639,0.026611646496036832
145.84885388712232,200.20256829966385,28.50220047717965,15.011342319491396,0.028647857065540495,-0.4280702190033715,0.012544317601256396,148.60400893289773,79.01874327256802,0.27073322770769775,-0.11175017229811904,1.518571075829797,0.026924583293451588
146.0,200.37241151100156,28.40061092674879,15.077710540511866,0.041589199192282496,-0.43117506153685087,0.016700309126839428,148.78507522894063,79.24308138149239,0.376240804420111,-0.08782668056394452,1.520998050750269,0.03516853863811752
146.0490400418602,200.38819188043084,28.40353443143605,15.020482188936686,0.04286005205914378,-0.4292416343891444,0.013634063001525146,148.75529485051956,79.28544961613152,0.2744120026865582,-0.09768505731138702,1.5092265160860203,0.027080841927712797
146.20000000000002,200.39641495654362,28.337014958032224,14.939326999319483,0.043006038851982585,-0.4293698407967358,0.005509354677608125,148.7384074062305,79.51478474532544,0.22311290800846775,-0.10084678378554436,1.5075887078399506,0.023268086779161277
146.24922693452558,200.39924085726443,28.315083396485793,14.939685441632957,0.043159170481136294,-0.42954903647391945,0.005562467163456296,148.72838877451215,79.59530983759382,0.22404945376914828,-0.10413150990152485,1.5096746492462392,0.023221902785873317
146.4494145567456,200.32118591734766,28.13387832134758,14.933434028998338,0.03567813698528609,-0.43751048773642015,0.004214750844375969,148.87121523348608,80.06484155115075,0.23961609313240634,-0.05218597741669349,1.5622095463174712,0.02455618604223723
146.6496029002417,200.32080486295166,28.04549373576501,14.953086873327464,0.03509101340313469,-0.43762668160372786,0.007555677501508463,148.87202149496233,80.38182720340916,0.21864466156162496,-0.04981414434730032,1.562453575914682,0.022457555138992787
146.8,200.32629740454777,27.97945465735158,14.941452998338038,0.03510929952482359,-0.437643148591833,0.006314331158479216,148.86414272394745,80.61704140392094,0.2133332409891635,-0.05099286276183741,1.5620178148534614,0.02199067088850917
146.849791956829,200.37491371251045,28.013433012950184,14.957656861036666,0.039282730056697544,-0.43291087127769634,0.009222405730808582,148.74810997550549,80.57396671465838,0.19042939622496333,-0.08813983460460786,1.5235072273955592,0.01984369557191927
147.0,200.58877543592754,27.654615997525397,14.958771356670807,0.056054323358332575,-0.45592502948149727,0.009933979833276978,148.95298473441397,80.46241138919524,0.18351494568007534,-0.06658660614049537,1.4768901752970351,0.01888701907345263
147.04998171841558,200.56274771747582,27.59095905805772,14.933460011875509,0.05350808313997526,-0.4593008060341085,0.005374212466641057,148.9983754060099,80.59445048846499,0.21913411037974506,-0.04975303434394552,1.4962966250974912,0.02193159476173367
147.20000000000002,200.57039840169844,27.522444602697195,14.9552369741378,0.05347649359277583,-0.4592720710321707,0.007414316448506533,148.99124910774933,80.81841634827664,0.23682309856069628,-0.05057594962896073,1.494239872328809,0.023164983857743227
147.25017217700218,200.5706132432728,27.502517139656785,14.955109339344975,0.05300204204529885,-0.45869048561339765,0.007226717098694393,149.00397776311036,80.87368085371835,0.23891200533497067,-0.04404929620721189,1.4846749045561483,0.023356451696020446
147.4,200.57782446951813,27.43455031435933,14.996739339802078,0.05294034191402448,-0.4586337459340595,0.01119085036224356,148.99818864507552,81.09517801746522,0.2698829341720232,-0.04493250423823804,1.4821842676504524,0.02546013478841005
147.4503633246812,200.56254822671926,27.43504327910273,14.993467070001113,0.04907065224382509,-0.4537961550491614,0.00964093743081531,149.13698353836324,80.984786619554,0.2789778405401667,0.017714980751173996,1.4019638918817352,0.02622871007865734
147.65055515363636,200.56728501163497,27.351231275272742,14.994057708067952,0.047732497331208344,-0.45209092987395677,0.009077003718493333,149.1962843930539,81.19042978975214,0.2870000483780932,0.042945315677599405,1.3649863485524438,0.026443173400611843
147.8507476561419,200.54030039048337,27.20502581613948,14.94637057446587,0.04425318447142036,-0.4567451473382664,4.668901182330876e-05,149.3081363594893,81.57913131758463,0.36518386728902563,0.0784627953490355,1.394410225145856,0.032769210751053275
148.0,200.43408641371832,27.21304918694484,14.95620216266052,0.03592839635692373,-0.4514130284008156,0.0006110710985759655,149.14217758783016,81.9250195151655,0.38769502856564947,0.045679294250142354,1.4209434513860764,0.03435843467827434
148.05094082456182,200.42026225621282,27.176858477599033,14.962671909793341,0.03459505649384035,-0.4525416925529486,0.00173969268707732,149.16831579579585,82.01786738259352,0.38101682165994505,0.054536187291507714,1.4267522259836831,0.03356265077755063
148.25113465134942,200.4359037178906,27.117064259424904,15.023283323826252,0.035563488308049576,-0.45009731938695213,0.012270113392285927,149.15277157960134,82.25985068552086,0.3103406554774373,0.04620733124073377,1.4077691450521645,0.026775196723742425
148.4,200.44053741224204,27.050773134264205,15.063550612630918,0.03550696850812812,-0.45004304397818923,0.01603812365560159,149.160580332213,82.46835639599371,0.34034737300354123,0.047716470615435366,1.403263109184153,0.02888002408896
148.45132912904637,200.42957513930767,27.01190788274187,15.05623687353851,0.03435120409107739,-0.45137108127367626,0.014577652198908744,149.19002712234106,82.56850363996028,0.35322542588068884,0.05724294222873592,1.411104861495191,0.029868446022729565
148.6,200.43606270292602,26.942299389220207,15.218438877891783,0.03495853941856254,-0.4522256696932893,0.030476042623946417,149.17021953409758,82.81812500812795,0.46470089304320206,0.04556961292863008,1.4242544503177366,0.037920820107285265
148.65152425028216,200.4369596516565,26.934890577316562,15.264730058903824,0.03506214740241026,-0.45099678712163915,0.038687555025263005,149.16301217735167,82.86682384765663,0.3995024492082721,0.042448406865480064,1.415008443636767,0.031990819040602664
148.8,200.440445393347,26.869874073990797,15.394667529738483,0.034908147859860184,-0.4508453692422627,0.05079488186879003,149.17208331799955,83.07416765255351,0.4906721708669888,0.04402588812622473,1.4105618773515924,0.03864069668894166
148.85172000777325,200.4388664738691,26.85088884724568,15.395447199801884,0.03377633884399219,-0.4493871001935654,0.050161325157571005,149.22709326226922,83.07379661448917,0.49649528121698405,0.0668842419986258,1.3789565689226797,0.03893621509955488
149.0,200.44855172174317,26.834601508541276,15.373437472950526,0.03406016951138136,-0.44555391072151757,0.04840971411255088,149.2554471951187,83.33959714838466,0.4525832219892702,0.07276637785613509,1.3830013227769076,0.035211533764683396
149.05191639432235,200.42246231162287,26.7997759113094,15.414524588146627,0.03175722378570948,-0.4466730680295012,0.055418619109052665,149.29790585732948,83.43465010375868,0.3989799828556935,0.08688260092768414,1.3897060247482116,0.03044760852257319
149.20000000000002,200.42832733096157,26.73233806629318,15.35371935204642,0.03185855690661284,-0.4467737121325768,0.04862069896439625,149.30952114034645,83.6414397350923,0.3566813333764984,0.08855217118063398,1.3855546616612318,0.027057030150645315
149.2521134028178,200.45154485836696,26.740493665884056,15.383183077711388,0.03387223353579297,-0.44414062374151736,0.053640254222868465,149.26925011851648,83.66320857436953,0.3165476361868636,0.07326482176803154,1.3668738303646168,0.0235622934637338
149.4,200.4801949459597,26.645117324233592,15.16847696894898,0.037686309106107714,-0.4489592877182438,0.03282744493952093,149.15926608831876,84.02819239501686,0.15319350540859164,0.02248713930927086,1.4310006296935494,0.011056073838150146
149.45231102623262,200.4510605569426,26.588471628733554,15.161300011862444,0.0348538659134956,-0.45183052955644687,0.031122759912087336,149.2265563417894,84.16586848779832,0.1684652248569508,0.045106886701754806,1.4505293996386714,0.012456622903077346
149.6,200.4521568509247,26.52722020014644,15.102419114841403,0.03396369356455152,-0.45063128098896826,0.024558538508757874,149.26842366698156,84.32996326476881,0.13006486802811654,0.06129958979990807,1.4266645949079617,0.009501831108721208
149.65250925762393,200.46379727230553,26.490373051795327,15.106811269550855,0.03641541942666717,-0.45393785454707014,0.02573444186275282,149.17287699539057,84.54774096720176,0.12344133458459837,0.01819208491730729,1.4859941117954178,0.008768013261531033
149.8,200.46886928088514,26.423770670583014,15.132409303610016,0.03638778651881342,-0.4539095240096685,0.02789492328879911,149.17605905222473,84.76630631700914,0.13966450117402465,0.01826430284332686,1.4842703052562871,0.009759220286545552
149.85270809013204,200.44852027715785,26.3984373239738,15.183703832298447,0.03457496838197325,-0.4542568821397767,0.037819395078467,149.21823978525936,84.86156757562053,0.04925078139402307,0.031112066647477028,1.4892654139011021,0.0017954786070662268
150.0,200.84143488736845,26.187487748207158,15.220560680247633,0.06496714236310443,-0.46636984605270454,0.04042818468862182,149.69178968644366,84.97992043566326,0.09510328050578078,0.09353162893227307,1.4859112087711277,0.005137177356993008
150.05290751697976,200.80492330686076,26.140349176977097,15.258064491618827,0.061554743949753216,-0.46845072294091816,0.04720976953856451,149.75707595523596,85.1000087052444,0.03774875605728467,0.11533302364683841,1.4998413645009798,7.168928541497529e-05
150.45330812699294,200.8498274499116,25.920983635335652,15.28215761221969,0.06517726353562082,-0.47379900000033326,0.048868048889946045,149.67987037652614,85.88858321373628,0.02790009313552602,0.06365830870077505,1.5758630053756293,-0.001033334326342957
150.6,200.85890893333664,25.852046565193493,15.320607407147804,0.06513357364261649,-0.47375302690635185,0.05202558559858665,149.68992579722897,86.11904699134374,0.0484988337609869,0.06337797333117981,1.5765204416207688,0.0005978018900124504
150.65350929700926,200.8268900379845,25.81114045086886,15.36891346744028,0.06206786050897921,-0.47532656966905334,0.06078137608730404,149.76432583098,86.24814614993306,-0.02566911918539832,0.08638133822640545,1.5912484754321101,-0.006089519620102475
150.8537110350655,200.83902940904918,25.716578270927485,15.380904272115853,0.0619451385810584,-0.47512754008908914,0.06070893920966836,149.78747248426953,86.55710430327485,-0.02649252464658735,0.08918370199075079,1.5887353018032366,-0.0060421632218234335
151.0,200.60759792191155,25.412736321730232,15.394313386605079,0.04411623611193635,-0.4924708404463295,0.060956769613466334,149.41689970399312,86.42927745676224,-0.019822494006206084,0.022579198424936775,1.5294745184652716,-0.005486320862746734
151.0539133347849,200.61948800335088,25.409063799917202,15.45306502532113,0.04509126255873029,-0.4905999194341149,0.06970436941875256,149.3957924548319,86.48067520026616,-0.06268421106480541,0.014149849618997526,1.5189715633648577,-0.009505847558831049
151.20000000000002,200.624114096054,25.339732474400115,15.578413100330705,0.04491548093094509,-0.49041077883442163,0.08141152803770195,149.40034705078116,86.69989415428066,0.011172300124004358,0.013872000207376951,1.5179215109754487,-0.004133074783183393
151.25411618986865,200.63514088172997,25.300140509378743,15.584569191812227,0.04651150337041145,-0.49282459300319154,0.08211293695965553,149.35109373690491,86.86112544516952,0.0072076107161842835,-0.010014959830214158,1.5528268028897936,-0.004412038485042208
151.4,200.64502653230255,25.22453349717286,15.41424691921508,0.0467892539609113,-0.4931254158176062,0.06347680321096072,149.34511218052816,87.09232301896968,-0.11065074510625098,-0.013169204972488838,1.554613738461141,-0.01254122416251334
151.45431959409473,200.64041728933165,25.209316266977744,15.416422644843264,0.045248965054561364,-0.4907039172573612,0.06282803089806603,149.39950779209974,87.08666443104889,-0.1081619241201517,0.011474937850906315,1.515696916428646,-0.012016810350708165
151.65452354131725,200.6007022533194,25.05961196363434,15.40457571421472,0.04074415962239441,-0.49516200084367906,0.05809156710164823,149.51757888055704,87.4950749826794,-0.06936343083955529,0.04784639600863737,1.5480164888640735,-0.008455186873556418
151.8,200.6076192302941,24.986361942163917,15.347854791160437,0.040834371372818534,-0.4952611540247624,0.05140922362577832,149.5228520042447,87.72208523452495,-0.11250478616019231,0.04729330252042022,1.5488754730031833,-0.011462066397923507
151.85472802546576,200.5379308763422,24.90997527561005,15.38692602759131,0.03444204553175253,-0.49979534538086007,0.05850926524394251,149.6941755804957,87.93245307784619,-0.17727390122054387,0.10079102427600327,1.5878753826437568,-0.017125795887167377
152.0,200.34021299433732,25.037267633448508,15.346489926850643,0.01828584895011001,-0.48380944616420074,0.055189745264389904,149.4855890479752,88.35841520577013,-0.26359171966308614,0.07598431390457111,1.6078677235311931,-0.023864352677482922
152.0549330405442,200.3288095295,25.03583810403364,15.347497973746473,0.016007907982753172,-0.47973452543236184,0.0542350086848402,149.55468183079458,88.33159493400447,-0.2606355970415034,0.10853820326407161,1.5554568622630378,-0.023312393502031643
152.20000000000002,200.3313536576929,24.965972790370415,15.34347475676895,0.016027508905120693,-0.4797564603920154,0.05300392248425453,149.57026225474297,88.55751409556689,-0.27142386083182735,0.11012217731225088,1.5551174407540918,-0.023714559119598924
152.4,200.33347344207942,24.871353912154934,15.412558457922014,0.015932267001318074,-0.4796496220703779,0.05908938232320655,149.59392902214148,88.86685473639122,-0.24028951493983158,0.11229920934480453,1.5540592724063056,-0.02129485852146056
152.45534463987477,200.3590343482775,24.847215535696545,15.367708460393779,0.017922077958122826,-0.4792789302418482,0.04973167329107285,149.56239197808497,88.93979605674751,-0.1565241460986629,0.10070968198943617,1.5493274272952546,-0.013982321891475078
152.6,200.35647572584983,24.788334687102612,15.31648829743053,0.016623956614175667,-0.4769624693925916,0.043170886583981466,149.6299100183752,89.0701466741886,-0.19198984499360977,0.1261289275618194,1.508964363265708,-0.016622719240662002
152.6555512125003,200.27785599912977,24.70755905595074,15.352044909611537,0.009727950787763392,-0.4817725161989927,0.04969136910169883,149.79916514324663,89.27082470482432,-0.254193310195322,0.17946639277336454,1.5448374688619044,-0.022071978304660213
152.85575829280106,200.38116639098232,24.68065485657792,15.345782170674687,0.01932475852084042,-0.4767310450164079,0.046868555563305436,149.56487672740158,89.4818469842367,-0.23031282347990104,0.09277007377836044,1.5211568804013222,-0.019963779394547063
153.0,200.19181209219482,25.103847974335192,15.328414375156811,0.002036516941244522,-0.4362819639976089,0.04365963697421571,149.50565921056992,90.1436764633727,-0.25610190066189226,0.12017446487906099,1.5416723419149139,-0.02132125721759392
153.0559658751416,200.2203617359459,25.091626570826907,15.30093778949111,0.004386984283971758,-0.43516096604221793,0.03805249263951739,149.4729451882128,90.2078648327352,-0.2092793476892701,0.1075219967603821,1.5333999942218346,-0.017238412078503094
153.20000000000002,200.22235910852734,25.027178979547244,15.225429676409279,0.004510502616902306,-0.4353054047014484,0.02963771149101816,149.4867424599035,90.43063927020293,-0.26326384991729795,0.10869452227431534,1.532065471748749,-0.020863400670483995
153.25617395395636,200.2983335667788,25.079709387465968,15.26684608299351,0.011200104152437159,-0.4288981553555197,0.03724225276697667,149.35574189973184,90.39711733735766,-0.33176863298091763,0.06262120069208589,1.4924379690716265,-0.02687921281225387
153.45638252374857,200.3081771292449,24.985543455932607,15.275564699089063,0.01268953638802031,-0.431092021960055,0.03790549687553959,149.31593863356983,90.78096762130602,-0.33992476047271614,0.03937536984844631,1.5264556478085067,-0.027372117597424066
153.60000000000002,200.31110962717844,24.922161329424814,15.207966199990008,0.012791587930068325,-0.43121268145743386,0.030294174062433066,149.31986444286508,91.0020734798321,-0.3901957941245881,0.039184135023112604,1.525221107978084,-0.030716074342770957
153.65659157908976,200.31415312739784,24.89530786931397,15.210035509067643,0.013331598403932067,-0.4320358498259888,0.03053431896863844,149.300330857222,91.12486523455449,-0.39284845259239026,0.029228309374546686,1.540425056336096,-0.03080132058255939
153.8,200.31535901186913,24.834287452895946,15.261217706879668,0.013266915761896933,-0.43195910963538786,0.035434054971915055,149.3056861945643,91.34431400220001,-0.36807330846417424,0.029186799146618574,1.5388153236172133,-0.028963594324910337
153.85680111461875,200.3142741442817,24.811524819346253,15.262917043627414,0.012684925291321982,-0.43103386626565665,0.03516014231537155,149.33441829562463,91.38469844017433,-0.36875677534509776,0.04111035629902416,1.5185243194987366,-0.02886980913879881
154.0,200.22970626531026,24.926990224083223,15.278882728272857,0.005460587014470287,-0.417011783591211,0.03519191443198127,149.26435248472606,91.80584934657757,-0.34152297136970067,0.03683665435591676,1.5413902850405592,-0.026495995190776635
154.05701112504096,200.2320615176485,24.89976550519953,15.316196901154633,0.0058727620211187605,-0.4177395908952046,0.039048483580042044,149.25397698232655,91.91624615874017,-0.32267293105551564,0.030444713122668256,1.551496792134603,-0.025311833476901167
154.60000000000002,200.23128016165896,24.67811455951702,15.536495585082386,0.005534441030299609,-0.4173335911704474,0.0603751613581055,149.2758593525906,92.75109282719346,-0.2248486716186649,0.0318399928888847,1.5455339504242858,-0.01847058575624221
154.65764395370397,200.12688878796246,24.559999502751385,15.508324617433374,-0.003493576104581864,-0.4251293357332512,0.054389216158666244,149.4903006439064,93.01163727745788,-0.17054345560471987,0.09983980826208268,1.597672322360608,-0.013689314758852746
154.8,200.12886913068212,24.496179859753624,15.37744589534738,-0.0032791822823720297,-0.4253892685662336,0.03961797842188945,149.5008984519888,93.24344522909648,-0.2524718671304408,0.10020041668385479,1.598424033253616,-0.019600931119845687
154.85785581205815,200.1291170593026,24.468951108447573,15.379802599873011,-0.002917790876305902,-0.4262066972869496,0.039796029885223634,149.48801457562374,93.37481217723466,-0.2540036084871857,0.0921332402360889,1.6142628006619915,-0.01982082064948273
155.0,200.25230953534754,24.047958859325764,15.435879964856014,0.007556198378571869,-0.4543350828816366,0.04300091946797871,149.55791122043914,93.1704339684614,-0.15450514283859573,0.08724547111674881,1.5572197870428188,-0.011751444255036395
155.05806811980457,200.2537193927258,24.019164136913812,15.438393073719718,0.007740896714786644,-0.4547220621363149,0.043058081106284195,149.55758138414745,93.27170085591284,-0.15527866634569307,0.08496135197586281,1.561891930808669,-0.011755793355664521
155.25828087203206,200.25078573549587,23.941320754652903,15.447060028207208,0.006708028039165927,-0.45243179654787247,0.04272270374445741,149.6096974917799,93.51182527898229,-0.1572661607942877,0.10274719669113827,1.529019488681217,-0.011924346794240035
155.4,200.25114396404516,23.8779825356444,15.47891121373364,0.006659437403186536,-0.4523722640301903,0.045510560664040106,149.62503200121057,93.72756360520687,-0.1454085198477058,0.1041481386751601,1.5269970892675686,-0.010840750810364834
155.65870769059083,200.30365282960784,23.81450565450621,15.53311062069795,0.010955272814130213,-0.4481775593866302,0.053121477859084186,149.55272574815768,94.03790521717737,-0.2182847960480783,0.0746108488693813,1.4989672176599278,-0.017341193773950644
155.85892174740297,200.2954160505412,23.712589227575606,15.531019687359468,0.010064912939386415,-0.44912463900703276,0.05087458959945719,149.5905412533653,94.35813624778892,-0.20134453469740335,0.08200423707403666,1.502358832069098,-0.01574430879648586
156.0,200.3139905936787,23.560575819752163,15.477636947347827,0.011782284572859717,-0.4562098988785439,0.0479846601474182,149.6089068260349,94.44617458005142,-0.34541223575321794,0.08041771474495527,1.4836064904954835,-0.027228203526377427
156.05913622965642,200.34172094429718,23.481666471512042,15.483678356215835,0.016168032013958354,-0.4643930579710163,0.04964661615893108,149.4919197123001,94.76242568235757,-0.3531484763334242,0.020606272181088382,1.5866961984155956,-0.028098502310129368
156.20000000000002,200.34310657402668,23.417463935661424,15.528967439155364,0.01609568161727241,-0.4643013197007331,0.0537517428293799,149.49564581599006,94.98487424391439,-0.33703363205678816,0.019403807738539385,1.5878313929853325,-0.02687753331619162
156.4,200.34391099168894,23.327894349519678,15.644033459206721,0.01590161168081497,-0.4640547969902584,0.06494134563578563,149.5019450944041,95.29924613723367,-0.28872723066420475,0.01786560655581614,1.588094292672021,-0.023076135546024633
156.45956645209537,200.33405339530032,23.325920851768718,15.646615438807583,0.013684346916011836,-0.4595168754634894,0.0640379162352787,149.58323035891007,95.23473186740888,-0.2868374305852401,0.05441325483681213,1.5208831442925503,-0.0226579214440313
156.65978218322817,200.34126933359406,23.23048989466705,15.639354197412025,0.013993505961131148,-0.45973385003193346,0.06059598442287552,149.58965653116317,95.54155579411749,-0.2593158550659639,0.05269010832492004,1.5202071318699837,-0.020202061021867033
157.0,200.35397804460632,22.892846756370098,15.687800920504959,0.015036133466620166,-0.47373291787106686,0.06235785246412935,149.54375333286308,95.81308215185311,-0.20690926961331257,0.03382916863077888,1.4824302567013132,-0.015925618908124273
157.0602148631108,200.3581984553636,22.868970412414598,15.658637455331675,0.01532461691605704,-0.47339482216805134,0.05965267436766697,149.54064043122833,95.89751215801486,-0.2507810221375173,0.0318117549740418,1.4803054612041062,-0.019081919383196304
157.20000000000002,200.35650381958735,22.808189703793392,15.833321958762934,0.015019174623928693,-0.4729949571862551,0.07732910827466755,149.54875188816757,96.0995606613294,-0.16728056453103282,0.03174032060121221,1.4779586993285756,-0.012849379169618638
157.4,200.3564608243792,22.717879623434413,15.981867241376252,0.0147787683668203,-0.4726797097725626,0.09149293306128814,149.55804563789192,96.39087281841752,-0.10224161052857197,0.030849176028029085,1.4744894720372157,-0.00841789411713368
157.46064913751374,200.36999732528153,22.66553482541949,15.989064240075262,0.01675346113415676,-0.47634706281386774,0.09225376478251798,149.49455570635314,96.60348729251422,-0.10648262566694747,0.0014727926439245982,1.525125331780382,-0.008824025028747113
157.60000000000002,200.3697773606403,22.602764110047925,16.1137187642777,0.016552500092457713,-0.4760818197387475,0.10417653490016503,149.49744829396124,96.81230621818426,-0.05199927731938191,0.0004128073743536627,1.5238903762438778,-0.004755386532437832
157.66086686199964,200.23299780215672,22.458335022432415,16.079935697621153,0.005634259016712254,-0.48484589814815027,0.09719438509813762,149.7263747974348,97.0732517174564,0.021349343218821933,0.06962758596991732,1.5729340598817956,0.0013336677389456965
157.86108497242898,200.26988149391246,22.39338696125076,16.116410599968763,0.008483034818241022,-0.48242026903720087,0.10011322002815681,149.67453418938328,97.33816651901301,-0.008808838058167314,0.049294251569908465,1.5594159590864338,-0.0012524688980557563
158.0,200.443216380061,21.968799476361955,16.14596830496919,0.022597400373758764,-0.5105497492519512,0.10181616099526707,149.84726747992767,97.13324118196319,0.011533377337441355,0.0633850896393656,1.5053263028259622,-7.388466107846017e-05
158.06130346468234,200.4433511556915,21.940304257362683,16.123884595410193,0.02239763683988979,-0.5101396048126287,0.09876778283188128,149.85695704904617,97.21404620515602,-0.0025299164755704334,0.06605300501495624,1.499893514644819,-0.000994246573479143
158.2615223346917,200.39113832768334,21.770774234889235,16.070508006419537,0.01781103840716245,-0.5150936501371481,0.08651208157245088,149.95483924697115,97.58933395712702,0.12143270417657741,0.09222984916242097,1.5215258126683158,0.009199853323062675
158.4,200.39312473586568,21.70015439353498,16.105791735480178,0.01777251346764979,-0.515040947410092,0.08897735873379219,149.96808400762575,97.7993290671816,0.13504374599233016,0.09204005172423567,1.520960587412423,0.010181365277939839
158.66196119195894,200.35545422248228,21.548047871307308,16.164483801511874,0.014549829169993353,-0.5164401971725966,0.09490074356353775,150.05438411493512,98.2283599481021,0.07587816115557698,0.11051396572207542,1.529352693818914,0.005321869326880746
158.8,200.35732611062923,21.476964959701796,16.185091733131465,0.014538794532024724,-0.5164249573665828,0.09569321754693898,150.06979915988055,98.43924368704594,0.08066006507610826,0.11048600865250818,1.5291335302337705,0.005581397272784141
158.86218117133157,200.4525390484602,21.515258686088945,16.200986492293,0.021949252210625644,-0.511054760624826,0.09740254284385709,149.91000709630825,98.4205040562748,0.0625656341677155,0.06067334263356599,1.4961827614611638,0.003992915602871075
159.0,200.004557218369,21.31065588384747,16.20500780921274,-0.012387709671465293,-0.5197575012472571,0.09631818355288997,149.23994292369096,98.28242921649368,0.049916787205158505,-0.046222717143635184,1.4211466836533282,0.0029602380049364493
159.0624015126884,199.956961605821,21.24724891468875,16.1090148000224,-0.01598763870272246,-0.5221595147057548,0.08674209995612853,149.29291097509102,98.40753566550279,-0.04650273175353878,-0.028728140816851426,1.4313235350045193,-0.0044134088475221885
159.26262221220853,200.09552586673976,21.223801112464848,16.194329590356723,-0.004046686622555529,-0.5174842688614074,0.09843739312488729,149.05656595114505,98.66171274785188,-0.1669064146741172,-0.11170368379836222,1.4289958976951764,-0.014537926656180904
159.66306467069126,200.0961768735589,21.0200139819857,16.199954561870374,-0.004178428288610497,-0.5166560592084085,0.0927752489326303,149.02308502300062,99.19628699508515,-0.11650291335892504,-0.11660017936951433,1.4085952984972454,-0.01003444002107115
159.86328642224692,200.098142348708,20.91330183904081,16.21908633696351,-0.0037454167209033887,-0.5173344545973191,0.09296660037761016,148.9829625530443,99.50787061261337,-0.11977056085389147,-0.12840504688307217,1.417324327740634,-0.01033100212451122
160.0,200.23062533046357,21.27911828319658,16.23291951685413,0.004909601326311784,-0.4838116779994457,0.09238223566514403,149.27538562427287,100.28295947995248,-0.10561140821255285,-0.06689018267885664,1.499652057622155,-0.009192418362243356
160.0635085171507,200.1756925417729,21.218754302799155,16.262234268094762,0.0005963398334879917,-0.4861669510722967,0.09608794553644694,149.33869834721463,100.41650718184299,-0.14009886287105783,-0.04599119928208212,1.5115640843570004,-0.0121630287999631
160.26373095181302,200.18823053247738,21.099669983839437,16.283699819995334,0.002189171543978376,-0.489067172190528,0.09672129919179996,149.2861335750495,100.80250904818442,-0.14650936352790014,-0.06873319832489952,1.545936721055885,-0.012687778815081704
160.4,200.19087706592646,21.029313414853043,16.167789089087947,0.0023852639117076407,-0.48935240222704157,0.08318046901633395,149.27382727431802,101.0170759005353,-0.2192205823434884,-0.07255233310836373,1.547172667748381,-0.018060634520293616
160.46395372268876,200.21604778063258,21.03120512371291,16.22516121591077,0.00450695820213702,-0.4869143718053356,0.09149793652993922,149.22300888724317,101.07556348520045,-0.2994474955188408,-0.08901791462628046,1.5348578568661522,-0.02463720602477374
161.0,200.10311391943816,20.811096403690637,16.27357341981509,-0.004723706840168498,-0.48253177277373205,0.09092637680661879,149.04273093741213,101.83497604288604,-0.3044219582957813,-0.11413793545207201,1.503975036696283,-0.024706052648434815
161.0646240178006,200.05108873784656,20.75448257479923,16.375787232201105,-0.008807823576040642,-0.4845641996387907,0.10173662725475166,149.10008559008796,101.96624065929711,-0.28503981076702345,-0.09436830788545365,1.5150055864200154,-0.023599006415212287
161.26484809894848,199.92976201224977,20.613684864640202,16.38839602025419,-0.019478948431312926,-0.48578632591282334,0.09998566131572442,149.297657535529,102.22990715878095,-0.27719805622975563,-0.018823777715485074,1.484048648034115,-0.023205749554008517
161.46507249923135,199.92490769283773,20.51777199717168,16.40826030409853,-0.019437002822589686,-0.48592082260104563,0.10002572323545081,149.2905972975586,102.53560899136772,-0.2819330297391631,-0.022317582177814245,1.4861114908417763,-0.023488335137845203
161.66529721535906,200.03025565239318,20.48633092294677,16.40949741807827,-0.010654297264535824,-0.4806723430888927,0.09717846011002544,149.09765844798383,102.72137234214361,-0.2617069480238355,-0.08261579562737455,1.450092857757064,-0.021556713539223664
161.8,200.0278210401432,20.42323527700034,16.4862672159796,-0.010738959208172411,-0.48054499133309286,0.10371711874284022,149.08774046897605,102.91456608846585,-0.2285432260916618,-0.08450945860834058,1.447526954992752,-0.018963985858219304
161.86552224408183,199.96716851335805,20.361251024740014,16.5223572417392,-0.01554724149437261,-0.48306188071766054,0.10825969544911111,149.19349108501098,103.07091809777913,-0.27230955856745076,-0.051706864744701826,1.464677648512201,-0.02267525645146557
162.0,199.98932793158903,20.243812153318768,16.52145717311968,-0.012968787511188422,-0.48832748973776996,0.10774340669273329,149.17652853372383,103.28016585054482,-0.313501627795651,-0.06588484465704095,1.484697278779551,-0.025944987600098553
162.06574758219006,199.97972234670752,20.230135875236922,16.526961305959226,-0.014636610449655751,-0.48497409169550165,0.10702755687824514,149.21896321610805,103.2778142105092,-0.31171076586530944,-0.04370287758301161,1.4362569444486826,-0.025937833745793722
162.26597322651352,200.02457056145758,20.15092274274096,16.503768467564523,-0.010885078605835374,-0.48344448397071144,0.10033189322438024,149.145291395184,103.53432877161751,-0.2600935890516125,-0.06679537786566749,1.421878298481945,-0.021220809459736284
162.46619917392096,200.0609750303457,20.074670276552016,16.444855880798368,-0.0087640023905027,-0.47993154961959816,0.08813804560248259,149.11624455397538,103.69336911283526,-0.1647540898774215,-0.06749677667206051,1.3647752837585032,-0.012677328626753815
162.60000000000002,200.05946520426647,20.01102392501719,16.478402322884204,-0.008792719649127242,-0.4798875031834872,0.09033967400519687,149.10752647738644,103.87503219132233,-0.15384118102655692,-0.06919021720967572,1.3600608091911024,-0.011814230105849475
162.6664254213195,200.050045353353,19.965756691661515,16.45679832425549,-0.009579274180782185,-0.480873056395869,0.08613495757603354,149.1226908572755,103.98319995476726,-0.1169057568720116,-0.06392673959414387,1.3632525655617085,-0.00882522962847146
162.86665196565426,200.04778603760582,19.869787325937892,16.47401885524661,-0.009710047430870776,-0.48064061387828694,0.08607968559669392,149.11562293680396,104.24301130382666,-0.11841590950054483,-0.06376193195468151,1.3517254326323607,-0.008466432355229854
163.0,200.11245322423622,19.437548677730398,16.518757826153156,-0.0034572016875645175,-0.5093314057296517,0.08901447116130211,149.10957195443544,103.99078248488102,-0.06979124063007883,-0.07792371739267805,1.2915469404177893,-0.004977764717627911
163.06687880390766,200.16259498850118,19.431438265193194,16.511577905775173,0.0005925836204609177,-0.5070774615605994,0.08708446037806211,149.03762345373858,104.0395834953373,-0.05444144005686019,-0.10101253991681919,1.2769760676460216,-0.003636711407385154
163.2671059330992,200.15177373186216,19.309219083435046,16.532602506395147,0.000255806208134819,-0.5098353965705519,0.08788408843918122,149.01051053632796,104.37407438773157,-0.06014609628146151,-0.11106125835669999,1.3030588076222864,-0.004191062711643935
163.4,200.1501542027801,19.243973377882394,16.55390281974121,-3.308756750976015e-05,-0.5093285981188225,0.08876088637475718,149.00479784036722,104.52858993128076,-0.054522465567557535,-0.10943913619007642,1.290400083277356,-0.0037778910428447584
163.60000000000002,200.15406347085835,19.135402317136624,16.316364141017523,0.00029711567359295196,-0.5098428594585308,0.06326898374734022,148.97776423046344,104.79317151789223,-0.20375612741675928,-0.11396511581070165,1.284865880938945,-0.01456128311912832
163.66756105255573,200.12686349742353,19.088288880049355,16.335662374660803,-0.001918736918386509,-0.5109256434655769,0.06556673572783937,149.01806197278458,104.9052911283944,-0.2260201270647605,-0.10035913021188062,1.2904600299379114,-0.016312373467027998
163.86778903703964,200.12860289147036,18.983005445425857,16.34901538861038,-0.0011387441694777289,-0.5123769766503862,0.06589659089275479,148.96200232255603,105.23865850371318,-0.2306858979254709,-0.11896018800823888,1.3160455944850848,-0.01664290671342186
164.0,199.78274657397188,19.326279653919887,16.410571079235186,-0.02852519397486625,-0.47901239870404255,0.0679384140769745,148.5175214652477,105.83010333371234,-0.10677259230981007,-0.1768890239088112,1.3538600000655983,-0.0064999031616745
164.46847465556263,199.77509185715118,19.089070158983564,16.590158790966896,-0.027002672155347688,-0.48213354381230217,0.0825753601969246,148.3741308671621,106.58611204526537,-0.029431813323805133,-0.21525492709928162,1.397790013241303,-0.000959958361769486
164.60000000000002,199.77208308921468,19.024734589702337,16.570141129394102,-0.026959086579430407,-0.4822020044029607,0.07948353761265073,148.34496766897448,106.77074781343049,-0.046245724727170305,-0.21918557807236322,1.3961537992233835,-0.0020558195981596476
164.66870374086272,199.64228006672727,18.89682795870388,16.51783681102379,-0.0376258438387224,-0.4896654018846867,0.07060848157565142,148.57010580274698,107.0195909118809,0.037575694732896785,-0.14686982924488956,1.441110361241524,0.0048351499093813
165.0,200.09092471773113,19.399841571687123,16.55582524111523,-0.006408980555055753,-0.44017519949902467,0.07068496192620809,149.56298533864134,108.55806210358848,0.08546717294128502,0.05221810044356184,1.6124183766492914,0.00824418628415007
165.06916271388607,200.15385498112562,19.39868574652663,16.594672264287603,-0.001392635433096875,-0.4377447233031998,0.07196557349892325,149.48589237779458,108.62818256335684,0.18254067610521857,0.025637685036990137,1.599811107992817,0.01591962419042809
165.26939259630203,200.11068435648238,19.25994104735249,16.579896232784677,-0.0044908948151869,-0.44250984406532223,0.06776084338365658,149.53861747035293,109.05231215993892,0.2258386777510383,0.037057716917496486,1.64061619265346,0.019348967999057953
165.4,200.10682587741573,19.20781856862901,16.7819392616102,-0.004753642940408299,-0.44208937125719033,0.0869314387493663,149.54669946480058,109.26165468682048,0.335466583518013,0.037640687380965,1.641269213355289,0.026796016925686516
165.4696227391692,200.0260963476575,19.13507504927678,16.80846368520268,-0.011211207136492032,-0.445493948227223,0.0900660191263426,149.675079496408,109.44327844458307,0.30622752485425775,0.07693793063996801,1.6627636122716305,0.024317163643581427
165.60000000000002,200.0275139340823,19.071943752494416,16.63478736430574,-0.010977474926836225,-0.44586966800965966,0.07172917996343507,149.68206072642485,109.66501382847073,0.20425733714885624,0.07712251969055545,1.665675446729288,0.01705214366657862
165.66985313991344,200.02714546211845,19.038774545600923,16.639873228970714,-0.01085995444316604,-0.4461996280781943,0.07178086601809491,149.6825749816745,109.79387721158581,0.20520191413302874,0.07522448736904531,1.6715577152701702,0.017186885096458222
165.8,200.02486630099835,18.982225903430127,16.70551927236577,-0.01092995487664068,-0.4460866691479203,0.0773657529918087,149.69338181858436,110.01000762238833,0.2389084392689148,0.07587207594221791,1.6732809716387975,0.019459406515147895
165.87008379599126,200.08990132872506,18.98540480589596,16.696285949997932,-0.005584957954743889,-0.4432732449460015,0.07502981787415634,149.5737204284568,110.06109618517385,0.2661689917161731,0.038926045931175705,1.6553255569015797,0.021728414220774202
166.0,200.25550298332922,18.998178605531745,16.71088299641812,0.006260183295444695,-0.438081834236615,0.07525412760531529,149.87853552594106,110.38248966155186,0.28004806709886065,0.09411376140559624,1.6711829402398017,0.022745581889842256
166.27054586412717,200.22437744684447,18.85955278822634,16.728008395867512,0.00361802962826368,-0.4396498057273391,0.07474712768539837,149.95156858473112,110.8616847822647,0.29115351380960675,0.11087267634456795,1.682787549655658,0.023274207770045772
166.4,200.22973928977999,18.788911086862793,16.65020877863077,0.004342800806314634,-0.4414113475430169,0.06621775437871233,149.94466847277582,111.13098676622383,0.24416132676319818,0.1026724773798047,1.7059344196057813,0.019689035200608985
166.47077727124977,200.22565096873353,18.77396116540944,16.716012645221294,0.004146125538229082,-0.4403544532131865,0.07586263499917206,149.9506798399934,111.23938801553145,0.1440972383856165,0.10230083557647125,1.7038836429838953,0.011246197988458603
166.60000000000002,200.22614384167605,18.714898412059963,16.851415621581452,0.004339569685597529,-0.44096870322337356,0.0884635770419199,149.9533474179387,111.48732410581101,0.21527484562006624,0.09803381780000019,1.7181889665651715,0.015889870752271388
166.67100892383448,200.256960527522,18.684974307154334,16.80595997333664,0.006668341595233581,-0.44065402100370965,0.08013351974124362,149.9154193205335,111.59568257690451,0.308471105108853,0.08499660032585801,1.7152792128455974,0.023384111783002846
166.87124081948673,200.36306252111038,18.640667230132145,16.767481695928453,0.015073255397545681,-0.43694343904162775,0.07141882255814234,149.7404531225548,111.84795945708794,0.40794113524955494,0.02838839035240253,1.6929593570200718,0.03148899330269722
167.0,200.35859169568644,18.393930885339085,16.712520496287407,0.014807448483704598,-0.4503864368737075,0.0678079405403405,149.75007277808612,111.7033042875845,0.2685868988959045,0.03440581224024536,1.6180615916407006,0.02075953387111783
167.20000000000002,200.36280070368412,18.301574254159377,16.64751287513921,0.014909370282061976,-0.45055830184711926,0.05994601542752592,149.75573699227698,112.0290304184564,0.22908679934442877,0.03369544311071867,1.6199954939226602,0.018274364113996328
167.27170533055843,200.48817531828374,18.347317912418372,16.67664917728905,0.024961169455846418,-0.4445095866439974,0.06391395892662059,149.57711580732789,112.0442617645064,0.18921064802756693,-0.024298782862728845,1.5894039560132582,0.01506302402302629
167.4,200.4904720102662,18.291963302084135,16.746727757143002,0.02488621574418623,-0.4443826979657249,0.07009780315783606,149.5748537603431,112.24664339813378,0.22623877975709816,-0.02526482042762484,1.5894734871804763,0.017743803244908075
167.47193794133028,200.4705782192076,18.23976379289782,16.726511952151462,0.023069659737228954,-0.44589037908208995,0.06600011684195835,149.61063910068648,112.38633880787401,0.2724440361240504,-0.01418068827855633,1.5972791470830205,0.021468490967601533
167.67217078587373,200.50983691676416,18.169777324611353,16.711684870555217,0.02556192406687975,-0.44360763314285934,0.06136641266246594,149.5638226343854,112.63522905817854,0.32593678618615346,-0.02694515144156737,1.5720782311433672,0.02580343576331757
167.8,200.514752904447,18.10995362851173,16.586460481140584,0.025703328627239383,-0.4438488391308649,0.04808139546666039,149.5582712176638,112.83963711556592,0.25126571697242617,-0.028373115950317326,1.5726679327390858,0.020418891021014927
167.87240386193338,200.45582715278238,18.050843178176972,16.61357948360778,0.020778574895147044,-0.44611227986275304,0.05196504070826981,149.67015583238307,113.00872154789853,0.20887054851359274,0.004962733457729185,1.5888266905493609,0.016945569319518117
168.0,200.7882141340475,17.60354945770542,16.563936592837187,0.04615825443627955,-0.47636363535064224,0.04957443117044786,150.14294392189274,112.70172999559547,0.07268975958364793,0.08006423401657609,1.5070838122559365,0.006035621310555569
168.0726371672806,200.78624533340883,17.578585715270467,16.56683123030663,0.04542173632233996,-0.4748049530591515,0.049319161057545295,150.16746766684975,112.76788845666267,0.07480484414843291,0.08936147766274562,1.4866714105891266,0.006289134434940984
168.20000000000002,200.79294197286615,17.516396659859844,16.510803108778305,0.04549835552528535,-0.474937352486062,0.04303741088895002,150.1780061056447,112.95868441842954,0.040448368123775565,0.09017010661331673,1.4854344081102218,0.004090662304120478
168.2728706997131,200.84908196948837,17.49965814373462,16.47712188959435,0.04967657385502643,-0.47338540084034786,0.037042080166352805,150.11231370028247,113.03586415405127,0.1056918422659166,0.06778405171289523,1.4747247121973615,0.009378489502526455
168.4,200.8555918846185,17.439106744314955,16.467435149087912,0.04969317405611321,-0.473414167686616,0.03559094894796202,150.12074393122498,113.22358548440766,0.09862757373711264,0.06800797092998787,1.4728350728793793,0.008862919070173943
168.60000000000002,200.8661534823301,17.34323620622981,16.42790622077999,0.04974609298159799,-0.47350601149998095,0.03086412853678515,150.1336813304674,113.51906346259517,0.07409674500161784,0.06839406704743523,1.4698957728677176,0.007204011703385711
168.6733384371545,200.8742708611071,17.302042875162535,16.430567759275952,0.05051278213776724,-0.47512239751594876,0.03111709553526962,150.11069508003908,113.69339345114747,0.0730274043799941,0.05606331280661677,1.496808163381156,0.0068698706127117036
168.87357263788752,200.88311420079788,17.20861469681851,16.43668969015531,0.0502562051045692,-0.47456377270877376,0.031028822041712006,150.13267258947587,113.96665056576956,0.0748858600064915,0.06077289817801765,1.4839910164225518,0.006664586982644612
169.0,201.01963327331418,16.675582837228927,16.49020363548506,0.061645960930576976,-0.5116931064795917,0.034556743621054146,150.20172218289943,113.6199071795207,0.18311428477989417,0.05367705148638828,1.4177477150596123,0.014613434072416009
169.07380705715335,201.26430777985652,16.773100989040564,16.507885818864345,0.08093314541975855,-0.5011107194087752,0.03704723360712315,149.89117812971944,113.55965290615723,0.1585090946047256,-0.04913190228532732,1.3641225452506307,0.012514071296582049
169.20000000000002,201.27338663155166,16.712030311257074,16.58633776709471,0.08083900487666822,-0.5009448485323744,0.04462742212728977,149.8859463158088,113.72965428260648,0.19952275378234663,-0.050879451223507156,1.3603158882271704,0.015341206298905065
169.27404169287632,201.28332535854665,16.678424418202546,16.593940822054517,0.08116671433940935,-0.5006854999447583,0.04533827192167393,149.8760013027013,113.82630014358826,0.192815764177309,-0.053996776157876666,1.3571583172942054,0.014723243153922537
169.47427654300512,201.299987545579,16.577747152302805,16.603048702068858,0.08122360176219352,-0.5007844396305479,0.045354046543518656,149.8631052055093,114.10122473589955,0.19570120337819485,-0.05813815632754728,1.3535406079347831,0.015186630473099582
169.6745116055124,201.3698134970073,16.500774370927697,16.592025189407067,0.0855038069460446,-0.49886207732923193,0.042090901850271686,149.76178525290263,114.32947022090852,0.23361811507292343,-0.08873897751261123,1.335903594081679,0.017843636926329023
169.87474687839452,201.32592898777523,16.34982604578959,16.54479277738207,0.08054762839323448,-0.5030837942405586,0.033167095766603705,149.8596101475941,114.69573856750506,0.3308058838637622,-0.05896513923280992,1.3618457539203228,0.025521997851136097
170.0,201.288906687436,15.920847393963356,16.573383428139405,0.07865053428275402,-0.5317614554894059,0.035293771364902984,149.65360220293275,114.43871362210895,0.37812613081139385,-0.10991211771268997,1.3087580953383038,0.028921207984577958
170.0749823596712,201.28289535662802,15.869357667888709,16.49319471489826,0.07769069116573808,-0.5326404371758628,0.02634599364804644,149.66167216482023,114.54898930405585,0.3542090444433336,-0.1061340802754471,1.3106209999383642,0.027452632389982835
170.20000000000002,201.29251007829146,15.80295977011204,16.503378061560788,0.07768237813854247,-0.5326255359709572,0.027054148901040458,149.6483533636158,114.71246138389759,0.3613916491364328,-0.1086367928771359,1.3074897821380618,0.02765408723243146
170.47545393960203,201.32748111818358,15.648553036078724,16.458352659143557,0.07865726702407523,-0.5330558126557915,0.018568764710795466,149.60247887727985,115.07381631211642,0.4591568391619693,-0.11937121853674261,1.3009212649349533,0.03512959015896048
170.6756900344097,201.3449318672554,15.539365840460292,16.462145569736997,0.07886811355065351,-0.533453550059758,0.018614699525920615,149.5711215550695,115.3487847199181,0.466012461294576,-0.12693489251575554,1.3018611078586872,0.035668637316518446
170.8,201.35674456665166,15.46908211653699,16.30828314199229,0.07903894033658158,-0.5337609411168217,0.002512571503082959,149.55269906817776,115.51487910965852,0.3865747581798291,-0.13036620367490295,1.299795134349461,0.03010859055497249
170.87592632991826,201.35980469849846,15.432185966697826,16.308713779765014,0.07833331923665825,-0.53230181987741,0.0023555539055491632,149.57366679565098,115.5421318469604,0.38933209297847626,-0.11865249480667879,1.2682086416565195,0.03024910374181887
171.0,201.31578348667665,15.547258714912719,16.223644822878068,0.0738715312971861,-0.5182954494673476,-0.0023691022218460473,149.5375020899198,115.8897113325673,0.1808634935229469,-0.11834945406666098,1.2874450765862406,0.014251243153925425
171.4,201.34308074571823,15.34433596211368,16.364132929469765,0.07369058297271713,-0.5179672013461804,0.012145606628571316,149.4907097328166,116.39849932425061,0.25626787487789904,-0.1258766069129243,1.2752494500294482,0.019662924805512082
171.47663640207682,201.35580353717478,15.287642009838686,16.365312926001092,0.07526390655680018,-0.5216605288952756,0.01259188789273679,149.4239169437486,116.63307011860144,0.25564997950525103,-0.15360838210525884,1.3331942184080698,0.01917147109234545
171.60000000000002,201.36492123446897,15.22361510463024,16.3774914966407,0.07525047231046658,-0.5216361098836723,0.01370384253447466,149.40495049502647,116.79707452096109,0.263101518479062,-0.1567158712328784,1.3307479770029642,0.01976939043745997
171.6768734819231,201.5136454934312,15.23393345867575,16.293302542956308,0.08631387972539592,-0.5174158259777883,-0.0003166026453603459,149.1730275608292,116.80345782032231,0.42900647706646855,-0.22406120270882668,1.3005480508173244,0.03315981196967557
171.877110753343,201.53378899914026,15.126790835720778,16.292952755068885,0.08698653989167526,-0.5187096172476532,-0.00018901227198147823,149.0983422591463,117.12677593149446,0.43541773877036805,-0.24318030594302054,1.3233161582899449,0.033242493843677404
172.0,201.6610553740398,15.506083864034274,16.284498908262826,0.09372999175211445,-0.4846601381180449,-0.0013769436195439778,149.50431655357403,117.92381847556625,0.4316798492645476,-0.15285649118548986,1.4153444309904788,0.03283520841741
172.07734821457353,201.4680705505615,15.369236768381478,16.304414609652426,0.07829110301499817,-0.49230071342808024,0.0017591303112804238,149.72921982787582,118.15016448248683,0.4003929844117348,-0.0798568199391303,1.4516847659493706,0.03016677925551203
172.4,201.49174253954683,15.221657851620702,16.264518434325982,0.0777640004885689,-0.4905574122876847,-0.0026385476253135815,149.72364149183346,118.56102790324967,0.39208116785782604,-0.07501494964412433,1.4266527382019774,0.02953071249316463
172.47782369951517,201.49720023194442,15.193864746595015,16.264423257111975,0.07719965965579154,-0.48864732336566985,-0.002814638792621626,149.74212237093118,118.60419208535042,0.39498603400460036,-0.06442315668101044,1.3963001297116944,0.029530256055161797
172.60000000000002,201.5049163116985,15.13755042752357,16.370067235236288,0.07706445499952955,-0.4883981295816056,0.008306188847355862,149.73584294413277,118.7715783487703,0.4470709427053712,-0.0655351927265723,1.3939222997030423,0.033059002675611446
172.8782999230429,201.52678146545279,15.004064552768313,16.372416725748153,0.07689821080857244,-0.4877902093166059,0.008239453017265677,149.72699845782492,119.13117113499446,0.4565607714656856,-0.06425879350217793,1.378746491552991,0.03329925179128066
173.0,201.84344886119794,15.074004938690905,16.342614451565687,0.0988975588811618,-0.4790231272909497,0.007138492036282499,150.50516957190436,119.65751724764586,0.35623648439025396,0.08424514615756112,1.4465330354596677,0.025169555629082872
173.20000000000002,201.8623261520917,14.979983585302024,16.391435545786834,0.09882728849594595,-0.47889189769156293,0.012495877975667287,150.52288816966245,119.94519719493289,0.37976041707707947,0.08540525693433468,1.4442664543636397,0.026735287727508328
173.27877687176198,201.70238457425614,14.843312276879972,16.35036030219173,0.08613140647073154,-0.48609212293396553,0.0058417082268804035,150.73661889014022,120.16736945480581,0.46115048682957815,0.14888692461025405,1.4755691423856638,0.033054558878837424
173.4790156139653,201.71950280146984,14.745484468383289,16.351532125064587,0.08614075733476376,-0.48616877767517375,0.005848839828287627,150.76599679795427,120.46528083798584,0.46776155960521426,0.1509997665206753,1.4753968076784427,0.03326345992970716
173.60000000000002,201.72888482294002,14.688732471824688,16.41168761824412,0.08606143769664068,-0.48602017414258464,0.012125968231761073,150.7852992789125,120.64194095736133,0.49663257437828257,0.15274433514747401,1.4739568135477108,0.03502324869485107
173.67925453257993,201.88369548899405,14.716376092237681,16.379058927638066,0.09707273109413318,-0.48108394874029026,0.006836915502221128,150.5914331921467,120.66528300344312,0.5655271419479642,0.09413587129997783,1.4469599598203806,0.040442126393860627
173.8,201.89491380265136,14.669299120728905,16.449119214114074,0.09658003419905445,-0.4793147437434715,0.013956437051264998,150.626632988978,120.77172858431366,0.6014877074141806,0.105250598846076,1.4182575099991024,0.04277929927182407
173.8794936260153,201.70993049710907,14.543596296146942,16.487567586116114,0.08226143821097634,-0.48581179493128646,0.019902171038473145,150.9257196787015,121.01662778741333,0.5270656837844958,0.18826698337608744,1.453728284234656,0.03640284778590999
174.0,201.57356822258026,14.041583687295777,16.48881520086227,0.0730628671573866,-0.5200758788723038,0.020623064347910267,150.47975820395706,120.55839603126027,0.5097683041142429,0.09257475282001607,1.3603106250931039,0.03481079944541655
174.0797328926987,201.60418682278413,14.017900894986301,16.60092823022002,0.07489867073536746,-0.5187882236431919,0.03222710500414359,150.45993947565665,120.65016720420599,0.5577987150428455,0.0843342721430071,1.3538797764385806,0.03807352965467934
174.20000000000002,201.61232467883943,13.957280890277929,16.657434761488563,0.0748307971713495,-0.5186582465451348,0.03776870393510415,150.47083859756495,120.81148550387088,0.5859788860916998,0.08515478997683282,1.3512833895413445,0.03991263675686502
174.27997233107516,201.65179178094692,13.935503963252577,16.66924073297124,0.07732673601981192,-0.5172539289913651,0.03917608204228234,150.43794726964353,120.89915184259186,0.5707114392785418,0.07350720266906163,1.3435968987833047,0.03848505428883349
174.48021193960705,201.58727501680048,13.785163994820612,16.67651159862994,0.07159607577706853,-0.5210892961114468,0.03914649475606333,150.54517888792074,121.24521376369871,0.5792504018007207,0.09966880677284444,1.3652449162008067,0.03878105435333314
174.68045171677414,201.45201895543724,13.623955667593618,16.747533391551247,0.06058743880000404,-0.5253859619462906,0.04907454451313713,150.76738786064217,121.60219379813837,0.46035527128151554,0.15895710738182023,1.3854252819794544,0.029047861462778553
174.8,201.45912425218967,13.554637968417582,16.791410551713366,0.060941145500423816,-0.5266967708052577,0.053243004050007633,150.7673327547436,121.82360237748141,0.47965737010738424,0.1518993466600413,1.406396027986948,0.03026879672586312
174.88069166107306,201.4245118353236,13.508151920100229,16.849301465816875,0.05808900739140824,-0.5271423885160896,0.06179565878656311,150.83413011789114,121.95261685664663,0.3688594118353382,0.16803656427758673,1.409802974455506,0.021253605167951287
175.0,200.98689063181007,13.64372381411022,16.857656139383394,0.024746356842203276,-0.510091379142897,0.0610668470225082,150.16531283366626,122.23815156404974,0.39103022538735666,0.059320803868057714,1.4066640024879011,0.023096453117178273
175.20000000000002,200.9928844689688,13.539499559050386,16.798783128712937,0.024830724091491063,-0.5102575918637683,0.053550781845042764,150.17626958556517,122.52105855513213,0.36211686757252076,0.059248718492222616,1.4045163221782084,0.02096700020404919
175.28117204513697,201.01543441358214,13.512920992162805,16.818806159021786,0.02638508895335352,-0.5092171415232184,0.05601372986114708,150.15552948544175,122.62059853807968,0.3326840108182691,0.05156722229114878,1.3997293122314953,0.018407605481328807
175.4,201.02014001601557,13.449067691547084,16.709721929326662,0.026513535708110637,-0.5094707022827113,0.04378641076551481,150.16016100746197,122.7898139396627,0.27878909387545653,0.05138393168690924,1.3986508267720594,0.014518234787743833
175.60000000000002,201.02589164883722,13.346215909353734,16.684938015782233,0.02655006826027164,-0.5095429161327699,0.04022910539452683,150.1699718780449,123.07013305920351,0.26578698187534444,0.05102683123002563,1.3956723273869924,0.013716605600884401
175.6816530801041,201.0386626284219,13.271328235043075,16.690955896141787,0.02868551755050353,-0.5153539540426159,0.04117173891059265,150.09210712202108,123.40596754718015,0.2587929455041774,0.015271272179361348,1.4856598450028986,0.013117223715882845
175.8818938380926,201.00536653985034,13.161676855595871,16.74208250179135,0.025829040803026594,-0.5159500805614938,0.04802921470861095,150.1513443890151,123.72078723638704,0.16969194823346573,0.029612897642043515,1.4907791462847884,0.006029019627272438
176.0,201.21541826276263,12.964437759356938,16.807280047878756,0.040854232562167817,-0.5260271145671486,0.05112222945405054,150.50331788030536,123.72303844372198,0.36167394736363195,0.09191829540821093,1.4572021989773387,0.02048539843603192
176.0821347545381,201.16116015776166,12.901375400165179,16.83869840669565,0.0365949954106452,-0.5275388330291327,0.05533808053484316,150.5720690469021,123.8660221416257,0.31141510246838666,0.11105192483322004,1.4639369892939587,0.016223406625607964
176.28237582805033,201.21979082003648,12.812086317748813,16.820105356196446,0.040388677452306884,-0.5262749549560433,0.05077401639947061,150.5348967618917,124.13717090895744,0.3698044865879692,0.09368209289668458,1.456850728164058,0.020544792313149842
176.48261705725432,201.25035564377248,12.733387584068945,16.888592913502247,0.04216234397022471,-0.5244575192136213,0.05969233478381439,150.51924627870193,124.40351562995929,0.2684003105315612,0.08349396834037048,1.448997424702887,0.012285089277666158
176.88309997731332,201.15921316101975,12.462382858579744,16.876268031594996,0.03391753361764464,-0.5288929786193973,0.05422693726557434,150.72992094929154,125.07026423208873,0.3355441402922221,0.13439477024178378,1.471857919459927,0.017518598565033676
177.0,200.9837883992529,12.297139942435734,16.861969335264245,0.021443644269340915,-0.5365065716861012,0.053032972418668355,150.41137724383236,125.07506495261424,0.28035199593327037,0.07291643489789593,1.445160419940187,0.013159253035788136
177.0833416654933,201.13048504312516,12.330731644928296,16.961127911241444,0.03238296016664538,-0.5308117659497104,0.06426827051964884,150.2527397815289,125.11683394266682,0.265615690629874,0.020574328516098618,1.421115192791251,0.011631310567315986
177.28358350401467,201.20593190367944,12.227117727620621,17.007797109756456,0.03825609306053847,-0.5324783623741256,0.0695596657800388,150.14243329239272,125.48198439456797,0.21173526727729103,-0.021753157302615886,1.4577947075853952,0.006979304918192833
177.4,201.211512013735,12.164453040463668,17.265602206691206,0.03849219564902724,-0.5330349517698524,0.09598030780632792,150.12951884783,125.67919974779737,0.3356098234676629,-0.028592526235477995,1.4708710651262564,0.015517951517192615
177.48382549157614,201.2070275873505,12.116282702873557,17.27412985476327,0.03790699385116997,-0.5332949970321662,0.09605234682422173,150.1375871967938,125.8070506412969,0.33604849099547773,-0.026807381904459342,1.4723613834571985,0.015428740847975733
177.60000000000002,201.20917350655097,12.058026349709575,17.26745651111483,0.03761207233074407,-0.5326363396404605,0.09409685352044671,150.14375294545746,125.95357461723476,0.33009304608644385,-0.024287125258380712,1.462519634149026,0.015012936504570168
177.68406762689077,201.1668695662934,12.002245017353228,17.314018852836686,0.03419800663606196,-0.5335703421081729,0.10001812159610682,150.20694605717674,126.09886705214547,0.25906449024230427,-0.006144316715154398,1.4692001639218064,0.009555219479425194
177.8,201.1715435434191,11.938763839235646,17.257637917761446,0.03426108508300577,-0.5337017382427808,0.09288686009750458,150.20520777234051,126.27118269747508,0.2248295873118652,-0.007723370622686229,1.4696438979712596,0.007173140050607931
177.88430990868545,201.1745000535651,11.893672253103695,17.26548527965422,0.034272150463718704,-0.5337277226097146,0.09289240037490384,150.2040902267137,126.39628837119267,0.22540249440466484,-0.008970506692515066,1.4703632649931855,0.007349900077135123
178.0,200.66862124290012,12.200310719563857,17.23897148248752,-0.0038267632382518665,-0.5029766322399786,0.08963167700944137,149.44484692930808,126.85169631258292,0.14517017597303006,-0.13027461545157895,1.4842271205472737,0.0018598258106222176
178.08455233570103,200.65088951940035,12.147079637012494,17.236612826797533,-0.005169186218320422,-0.5037502604161964,0.08812547080866061,149.45469609126448,126.98778404030676,0.1628745949692797,-0.1257421509415304,1.4878636331576767,0.0034127458079318933
178.20000000000002,200.65047716856702,12.088501847642327,17.23192454535253,-0.00515327346113481,-0.5037838141668989,0.08655889459478218,149.43981138044398,127.15997508718702,0.15585281947350338,-0.1287628994603638,1.4882608858742719,0.0029276316835368864
178.4,200.6492922064651,11.988097783100113,17.261815214059965,-0.005166502867265287,-0.5037558890675631,0.08788776334408821,149.41369701161395,127.45729003850477,0.1625921049632272,-0.1339858884916676,1.488376826110259,0.0033083358421992118
178.6852804756848,200.55995879487995,11.794966669015917,17.253404563567777,-0.012011426480843732,-0.5074089611128196,0.08269727509784626,149.51476870379383,127.94977859333264,0.22816374562020397,-0.09919746335491003,1.5086607608721803,0.008613151457342883
178.8,200.56510501869099,11.726274538243327,17.318080011466535,-0.0109619595895164,-0.5100182727494248,0.0888787975622657,149.46363915865274,128.2383780000942,0.25325455975907096,-0.11895785776167814,1.5570137981614196,0.01029495815987037
178.88552347126233,200.6289448801715,11.700419361186079,17.282332261598246,-0.006005058727395976,-0.5085262690172131,0.08207359918749053,149.34689357229496,128.33363129783712,0.342745578459687,-0.152195113728452,1.5466721534170733,0.017499715381779503
179.0,200.82980372712302,11.637784154074984,17.26869502284872,0.008456456923416258,-0.5098131654194131,0.08099202025628094,149.681668334782,128.55840099283614,0.27143027051806595,-0.09331140863368173,1.5624047290463026,0.011863956969019611
179.08576660596606,200.872175116714,11.623035278294207,17.420828852061426,0.011660641996599021,-0.5076742836549338,0.0971983009436891,149.62290092504625,128.6632534399291,0.2964142272806197,-0.1113601520227426,1.5547342011805274,0.013107233457596248
179.60000000000002,200.8494921575047,11.418926754672032,17.456665220161913,0.008197436467287584,-0.4992409359553869,0.0948666777349526,149.6694327703779,129.16940944288353,0.30532546875013333,-0.0783372150236895,1.4413943141006602,0.01381261245453083
179.88674051263453,200.85097131910308,11.277346903861751,17.48379406760573,0.008050323442423549,-0.49886495438647943,0.09481081974762082,149.65221597236854,129.56517604048724,0.3094747162509654,-0.07992659686958878,1.4313156482714033,0.013363260440718418
180.0,200.9869844667813,10.854759799057065,17.48999956591498,0.019252813562083693,-0.5280057440988124,0.09544929308570252,149.77593965709997,129.3187028765449,0.27280136352267004,-0.0700480389846224,1.3817826238543474,0.010508016146033783
180.08698432552194,201.09459278508768,10.833288295958964,17.411644713365664,0.02720361334264102,-0.5259669044040549,0.0824722020820077,149.6523795898812,129.4020314829617,0.4229509778969915,-0.10805087418237244,1.3687048253103071,0.022479625381305005
180.20000000000002,201.09788497314761,10.773339486827291,17.405337662327135,0.02722154899455634,-0.5260058723567834,0.08080444320257002,149.6398512858745,129.5570389451586,0.4185173344303343,-0.11002683938793341,1.3665608555959083,0.022187421846180024
180.28722827064294,201.11521478722796,10.697983374147158,17.412729244155177,0.02914557851983493,-0.5306305897360251,0.08128045966621406,149.57785721747578,129.81870248976554,0.41923620863271477,-0.13524686708391756,1.4272649006063212,0.02221187603102333
180.4,201.1175625513891,10.64032778537518,17.489897583658635,0.029068802273833728,-0.5304635978987218,0.08854302822484605,149.5633993814231,129.977556417485,0.45157678743775687,-0.13784514732653994,1.4259181566640304,0.024400945643442484
180.4874723468912,201.11450160424607,10.605128522778395,17.49755830106714,0.02828676036870265,-0.5285387895741182,0.08833770797544273,149.57543880150973,130.03508863446447,0.4541743164036632,-0.1293742998859352,1.3966886571824109,0.024429524557574748
180.60000000000002,201.12061022970266,10.538842712364781,17.29346697886146,0.02852419080174085,-0.529055754663503,0.06544949975327716,149.5576377525054,130.19891498760956,0.3649093214305835,-0.13238343902320276,1.396676545140443,0.018479026535783313
180.88796088840263,201.13488263553288,10.374070621720383,17.31177019236184,0.029651247904280892,-0.5319748020435113,0.0657240184289257,149.47277637818704,130.73280079200507,0.3706452233309306,-0.15828955096579309,1.446975250025603,0.018527635192151413
181.0,200.81752591642032,10.258570122153694,17.311675364204376,0.007373629343650115,-0.5349461969665616,0.06521928833960833,148.65924785743474,130.6365388778801,0.35013694503707066,-0.31384639899387934,1.3911224452818582,0.01719215955869793
181.08820535151116,200.86206134565413,10.236447171702853,17.33866296710723,0.01068385688701451,-0.5331583262352427,0.06838555702255485,148.5816997805001,130.73530681563344,0.3136523109532545,-0.33304894975471394,1.3831158154781775,0.01418401674565891
181.20000000000002,200.86010635653014,10.181563557334181,17.374888674274317,0.010339631509244072,-0.532500144130483,0.07139262250588478,148.55205969041293,130.8717728834282,0.32696873153549855,-0.3347183575257605,1.37448649814227,0.015053759728609239
181.28844994143745,200.8988962497499,10.16274123531872,17.423578788579196,0.013225768956624794,-0.5305421139612048,0.07777537648864687,148.47404556020402,130.96675601566216,0.24764531744685814,-0.35340219766762143,1.3656162542137436,0.008867081223043692
181.4,200.89464185418876,10.111463725623427,17.485499238845314,0.0125633632988973,-0.5293016412276579,0.0833361257269583,148.45151445429235,131.07957794290985,0.2718013196023156,-0.3512735675496188,1.3473227658293656,0.010586805213616882
181.48869465713227,200.8971267814663,10.062937311479397,17.49295513500124,0.012751741370882544,-0.5296555780161796,0.08338896518982417,148.41452680588867,131.2123411228512,0.2725336758495916,-0.35773914728645767,1.3518663209613413,0.010563118552425982
181.60000000000002,200.89875272978892,10.00349848601687,17.48763805577706,0.012768161769253768,-0.5296918348294007,0.08182683475527465,148.37422348791927,131.3631886742611,0.26767681668186244,-0.3626732869387075,1.350374209648044,0.010090689338553763
181.8,200.90075864676703,9.898847365450557,17.54313621799372,0.012724951858589949,-0.5295963481536279,0.08602291440480467,148.30134753645498,131.63165076415999,0.28551694983696774,-0.3716974018066141,1.346925607445443,0.011250472505304466
181.88918446168583,200.7486438331293,9.770463157825983,17.50393452300547,0.0012576259983664382,-0.5353876543835986,0.07872345634888081,148.5056905734821,131.86101728967472,0.39138666532654337,-0.3088454267430029,1.3757389209149504,0.019293027381642673
182.0,200.91100603488312,9.669556180681468,17.503654310909646,0.013517814496051713,-0.5407686565786632,0.07883535972897592,148.772337711647,132.13248414978324,0.35003247945007965,-0.26719339047029667,1.4250060855401316,0.015488165967655083
182.08942954850076,200.91604348774064,9.605352079910052,17.399015676472263,0.014235956818388929,-0.5430118305342425,0.0671382635317291,148.72881724524476,132.31817377480604,0.3071210775832923,-0.2795375795930623,1.4511994621216173,0.01270678239068361
182.20000000000002,200.9166938202516,9.547481902496534,17.46492332036553,0.01416388023049013,-0.5428513182009522,0.07344296752831002,148.6984833947468,132.4769019167637,0.33127267664583326,-0.2833052772280306,1.4510131307559528,0.014034086023925278
182.28967475699636,200.91741878832295,9.504113998621582,17.47157050362318,0.013875541967979946,-0.5418480631309175,0.07334029281956192,148.6835760079299,132.57419259171576,0.3325737961697165,-0.28135842669839545,1.436161923845875,0.013875197331772053
182.48992008617714,200.81118530222264,9.330211423627649,17.426029576536333,0.005811524374839228,-0.546373215148241,0.06407335534698694,148.76526726360913,132.92911803532874,0.46763376354652936,-0.24817475485668664,1.4548609768640606,0.024277779186376892
182.60000000000002,200.81425381544454,9.270083991284361,17.315489422418754,0.005768600811213891,-0.5458209907940801,0.05128147233893317,148.74578455833267,133.05974176473381,0.4233426233554029,-0.2472372693920611,1.4410244627841713,0.021346847053538776
182.8,200.81633930073156,9.158714166618005,17.26081456971004,0.0058408427967260495,-0.5459825116774641,0.04424810479430604,148.6947899580735,133.3500052658172,0.4024865518815457,-0.2535763017308985,1.4407574841108444,0.019902865017671943
182.8904111026641,200.66062708987357,9.055975382466208,17.314062981342623,-0.005472621334522253,-0.5499670831973927,0.051959535892060524,148.89188483608643,133.563429447183,0.2852640741570429,-0.1950319110139252,1.463685239523578,0.010477775262929777
183.0,200.9981145947713,9.32522144573059,17.31014791595284,0.01703076407429048,-0.5247902516711791,0.05111839646439334,149.76352184697248,134.24211840064086,0.2528985853483784,-0.02030493010647419,1.5360815569298705,0.007813341972905126
183.0906567880306,201.08490520147106,9.301434143199321,17.223219831450493,0.02315825007699381,-0.5230081933562998,0.039686150479550875,149.67821495609982,134.353945683578,0.30938637695434806,-0.04538824064116698,1.5281576823444043,0.01245606799773645
183.20000000000002,201.08785029360763,9.256998804894339,17.35383634949523,0.022872074227699848,-0.5213718769035781,0.0532881988321862,149.68427643088123,134.47877664511645,0.3606651298211083,-0.04044291002402278,1.509958753393411,0.016004207788109005
183.2909025902027,201.04253138198922,9.185404182734574,17.347008904634645,0.019425177624546913,-0.5230499591701464,0.051460991267753664,149.73326675856893,134.63923783349125,0.3900589671121326,-0.025474404892640357,1.516565712427719,0.018186857201188136
183.4,201.04746691089954,9.137292598148905,17.369566436788155,0.019238489732752495,-0.5214977604775306,0.05314661058957747,149.74370447164893,134.7525060943921,0.3992096330622266,-0.01879209441665314,1.493232160726711,0.01872281723408419
183.8,201.05522190923327,8.92855019178041,17.386478005980898,0.01924313252733919,-0.5215083037680813,0.0526698908738729,149.73598655249523,135.34979331628014,0.4050284899203034,-0.0194384313286704,1.4923066641794271,0.01850510080097707
184.0,201.02631232254123,8.755636942760585,17.373723713373447,0.017293199140431127,-0.5269710834223247,0.05201425742304771,149.63076540390352,135.5331591922638,0.2877511032680111,-0.0406849156626777,1.4744161877231512,0.009677916702073911
184.09188694819252,201.0296567797418,8.733866997105645,17.37822732308965,0.016412478334934418,-0.5226202626296529,0.05157749428532763,149.66264348514855,135.54436459431676,0.28989369013884475,-0.02255545549164052,1.4149249414197522,0.009641541330289265
184.29213332041067,201.0312385597216,8.630497252666574,17.395354210013338,0.016299353798224087,-0.5225478408729074,0.05260966743589967,149.6595191093381,135.82693513513186,0.2768907853248742,-0.022181814969638294,1.4116129567648052,0.008394505537215846
184.49237980390808,201.0982939755963,8.547986525718352,17.43157341292097,0.02142002675210469,-0.5223700801762896,0.056683761528010586,149.55605459826927,136.15297490879777,0.22329351601050917,-0.05505906487076954,1.4328634530577224,0.004143132034466533
184.60000000000002,201.10068842149062,8.491550801465593,17.43126547240053,0.021426954182984875,-0.5223861166227639,0.05597827921103667,149.55001637007464,136.30730425385875,0.22126344970502748,-0.05559641614012392,1.431660049616299,0.003920387912317784
184.89287310119641,201.05380533528475,8.322244609388159,17.47006732883684,0.017658463958815013,-0.5235786537948733,0.05934582744744198,149.60399112597037,136.75017034371984,0.17311899137118117,-0.0380869113053528,1.4348713125057022,0.00033939592994301033
185.0,200.8703496063132,8.54528855126384,17.469413238342312,0.003432943773415192,-0.5011338928003544,0.05833355645029761,149.31682461280414,137.17969512210442,0.16509968277650816,-0.08146850613943352,1.4627804213106792,-0.00019810368363884747
185.29336683305846,200.9912490355956,8.45135995456626,17.4965914403079,0.011962267082883789,-0.4974695860027407,0.059802028194897425,149.1673068792582,137.5580040804865,0.1460163013755197,-0.12046630511400877,1.445971592315147,-0.0017546307961568113
185.4936138598061,200.99931561140718,8.335398064819756,17.509516342100575,0.012959522107484044,-0.5002154159199141,0.06017043997950182,149.10931824106996,137.94360345675915,0.14336748711455183,-0.13744995199793295,1.4854367228769676,-0.0022452369374637237
185.60000000000002,200.99870563936895,8.28712572560243,17.657915704588778,0.012806433752692024,-0.499854263968478,0.07571313173194065,149.0964630451365,138.09722282432892,0.1964125382062025,-0.13876834894881326,1.4843041073247627,0.0015752929395297477
185.6938609926363,200.99751309796616,8.235831002933178,17.652250984956176,0.012620787552386421,-0.5001271528383804,0.07386094237308044,149.08716850240043,138.2397983022042,0.22186186446396916,-0.13886873610397368,1.484904687361721,0.0034312047700673096
186.0,200.96666177049605,7.990461289166722,17.6803942886062,0.010530171254720836,-0.5071751108664515,0.07430682622954918,148.93116589684743,138.56451590613364,0.24035922796824785,-0.16633946959481127,1.4657944042573303,0.004304461549694383
186.09435557320984,200.82585520207448,7.870620818819421,17.635102314864724,0.0004463447477396649,-0.5120562118806908,0.06697449125510846,149.05155883477676,138.7618112681109,0.3306441819601864,-0.1271844612713735,1.4826833488070341,0.010829960332378694
186.20000000000002,200.81948100622444,7.835243915209958,17.81258174626123,-0.0003329155021589182,-0.5098530073579559,0.085329466499939,149.0564576989774,138.86439223635227,0.3976196951452431,-0.12052324821237416,1.4596856274922543,0.015422369306690293
186.29460301930683,200.76314451019348,7.752178309575756,17.775971519088948,-0.00436517783929205,-0.5121633119142779,0.07901243650610343,149.10524054043864,139.03112745090934,0.48130017592936336,-0.1037730212719554,1.4669980409302579,0.021800907782618215
186.60000000000002,200.76133648917127,7.596970430309282,17.83582059247391,-0.00440183718407768,-0.5120752777325184,0.08286395851420082,149.07372924995687,139.4777753828966,0.5017690646863945,-0.10543683575704958,1.4646254075478837,0.022670024932827233
186.6950982190671,200.71507136845526,7.525016303221812,17.8269478297701,-0.007668962402508037,-0.5136469954162696,0.08048863806348878,149.12086644232755,139.64143530419963,0.5360553104718428,-0.09010587444541837,1.470878533137273,0.0250961076974205
186.8953459711329,200.73116430289508,7.427462651699402,17.86494956655921,-0.006179846869398207,-0.5139714311258894,0.0836558053636142,149.06600190114204,139.96926769118596,0.4996346969701907,-0.10348175512259186,1.4845852356661928,0.021775881009770903
187.0,200.5310093622662,7.457228873632594,17.78539403697519,-0.020289776720476188,-0.5072065925772353,0.07804921194565098,148.70679325848042,140.13600724078506,0.193740867466218,-0.1649363936116282,1.4774158613663524,-0.00076351707047723
187.0955938236042,200.55336536550206,7.413444795767997,17.74100440416714,-0.018580810067214067,-0.5068594016769769,0.07208655900623673,148.66859413895918,140.27163139531888,0.2039267788495657,-0.1729476857110927,1.4753143605446144,-0.00010334996059929344
187.20000000000002,200.53334304277,7.404961031292751,17.67062120822251,-0.020889444845596378,-0.5005782924397766,0.06324390027256677,148.71039421588807,140.2483245178398,0.1791604756245273,-0.14774795171556723,1.397267005950161,-0.0017052143587107235
187.4,200.53028031767383,7.30196511759236,17.597270033913965,-0.020802232061444895,-0.500791072408933,0.054052208096968035,148.67963653215773,140.52985802112568,0.14419794643396633,-0.15016897429840603,1.3941994704658434,-0.004355586583768825
187.49608982665504,200.31610813128302,7.149744042211693,17.53699447251481,-0.035960938879383016,-0.5078544339240552,0.0446924087940158,148.91083498831108,140.76583193139615,0.2785734544929035,-0.0801611642581429,1.4211351446737135,0.005821403561524193
187.69633797569975,200.39796893070778,7.094425545730803,17.52579548044324,-0.029994918020222278,-0.5034232819365048,0.04167887891745942,148.80266855977726,140.9328073398763,0.32117652907119637,-0.10369968279472949,1.3756891160992144,0.008983575655760214
187.8,200.3965289460914,7.037867289412585,17.381323747847237,-0.029861174986449485,-0.5037510068945524,0.02584589830884916,148.79009909233213,141.07964932327013,0.25825112333494576,-0.10498354301942438,1.374014766006756,0.004513687719669539
187.89658622208006,200.27017805935256,6.946709647346379,17.411402707467314,-0.03866258902591471,-0.5067936333899227,0.02980310956657567,148.9476194478179,141.27113867950965,0.19947046715582484,-0.058784464860532716,1.3879901011642526,-3.166386830863108e-05
188.0,200.47789364444262,7.230445453540728,17.39194921212276,-0.02532041366919615,-0.4815729943193766,0.028056305521194296,149.42077200335368,141.87316291659707,0.1288502368298955,0.036583461064372526,1.453853301914649,-0.00518390161700424
188.09683456504737,200.3599977853853,7.143230645644962,17.415744396019598,-0.0335306335710072,-0.48444688495396404,0.031007176369478355,149.53557176561466,142.052711606474,0.08813274390569029,0.07129747479768493,1.4640239577366987,-0.008237391078252223
188.29708300386054,200.5954935348754,7.129709803676056,17.46994045116653,-0.01568745181789003,-0.4802025976217079,0.037927688841323526,149.26923614113596,142.33275807600816,-0.0028756507499789474,-0.013509059755505301,1.4694586232846811,-0.014987576961062291
188.4,200.60153985519477,7.060958235339457,17.416794366246936,-0.014715150547283489,-0.4830098512108934,0.03210494469065577,149.24098532695317,142.5696550945944,-0.0327096333894318,-0.02500144920687536,1.5044102156852037,-0.017118356136223
188.49733153778553,200.5954281455676,7.025019387201324,17.4194125249018,-0.01538007640609619,-0.48106022181408065,0.03187192520016229,149.25896392365624,142.64891985738686,-0.03261206914840684,-0.01589680182378023,1.4754808058335072,-0.01704608080056733
188.60000000000002,200.59328520565597,6.977131008555657,17.47315757964113,-0.015425745986376938,-0.4809464853179218,0.03722838930740851,149.2579214615158,142.79890716425416,-0.012446204796560563,-0.015575394291083133,1.474033597962611,-0.01600262490765924
188.89782888807122,200.50532136740742,6.796195286284756,17.46597324891723,-0.021506042994190254,-0.4835632593280035,0.0346146444109005,149.37439457286956,143.28458008913861,0.01998169450768439,0.019424785125672722,1.4841663304613868,-0.01312372866739695
189.0,200.42541693193368,6.525759683960065,17.502079859483345,-0.02593257059607837,-0.5002710294330902,0.03687050864632592,149.16266599432063,143.15733116142127,0.12580013752253016,-0.025147868998020927,1.4440072237929629,-0.0055390355839958424
189.09807770299972,200.51734524579433,6.503071124320104,17.46358188086746,-0.01917417712241621,-0.4983191820424429,0.031011323169386297,149.0675639948941,143.2700260985616,0.20190950096572985,-0.05355514083675822,1.4342896170703336,0.00031596675180045174
189.4985756088996,200.52962167414884,6.309609935026439,17.473906543920798,-0.01770812018915475,-0.49796112669187986,0.030734749890675678,149.0207911411349,143.8402034647282,0.20552056131168187,-0.062404582219930387,1.429213519199386,5.9192528336486714e-05
189.69882469848028,200.52861303037884,6.205593877617737,17.480109975625183,-0.017341487576902855,-0.49898240350071743,0.030839622460263418,148.99568012976104,144.16793813080253,0.20492925273292176,-0.06890939120352584,1.4443193040189504,-0.00012655742979372723
189.89907387823206,200.63039444870236,6.131931251956401,17.419082045688835,-0.00972354537039272,-0.4969351692668015,0.02170316498361434,148.83248709512395,144.41068780515104,0.3163734615549743,-0.11195208230212994,1.4295285442231511,0.008536167663091572
190.0,200.65256285112355,5.74699245487443,17.375323958643282,-0.006460052250537678,-0.523344334114467,0.019306811021942205,148.77382273071888,144.1441458709747,0.15717845872468317,-0.13142804427390842,1.3747775267163111,-0.003540005056165193
190.20000000000002,200.65057965540862,5.644196347031045,17.43499585081414,-0.00651418488584494,-0.5232063202041617,0.02509516816671519,148.74784565857337,144.41733909647238,0.17941973749307602,-0.13403007514974263,1.3713897143079292,-0.002024747843440862
190.29957250554114,200.64695562202925,5.596961530013973,17.43743596140462,-0.006880356916850811,-0.5222790112010114,0.025008902740955966,148.74416476538005,144.523681641635,0.17968030109551025,-0.13085512775612038,1.3564837554160376,-0.001805115659972877
190.4,200.6464950680818,5.5438851496302215,17.42106907709225,-0.0068623655337795965,-0.5223249414295918,0.023030532599650325,148.73076619268357,144.66033118445804,0.1719245395886697,-0.1319754197733127,1.3546532047019209,-0.002090047802534098
190.70007148547572,200.45234309321546,5.315969368821085,17.439010529852222,-0.020799453148316705,-0.5274329471491457,0.024540711251890404,148.943489930072,145.15676278503855,0.1506429844760112,-0.06342964821341751,1.3741939581224236,-0.0036162329817276467
190.9003211060334,200.51006006828464,5.223624043149967,17.445361518964223,-0.015885874966484977,-0.5280708214145303,0.024953791155126408,148.81839508477233,145.50274634903147,0.14632324798476634,-0.09958531036000076,1.4038058355150487,-0.0037612407718466195
191.0,200.4382132807147,4.812620030449856,17.42721822961983,-0.018638647848660234,-0.556882798325387,0.024469617919948772,148.52043022621146,145.24797476542105,0.05566377562279959,-0.1689670395962808,1.3669582761922048,-0.010655134064939283
191.10057081278714,200.41386808679263,4.728224370302984,17.11971018781108,-0.020279389110148403,-0.5588185708237972,-0.008768632180494944,148.5283217385928,145.4061205436463,0.012702972180579128,-0.1626434849875373,1.3714802125613696,-0.012983770701426608
191.30082060509645,200.41517956038388,4.605594283968028,17.11776783229074,-0.01951470182728998,-0.5609800362668745,-0.008607223070034824,148.47354626652174,145.7521017171678,0.009553900428495592,-0.17553540633426212,1.4015833414765446,-0.013041933196106387
191.4,200.4133951516059,4.549541085812687,17.104275145721182,-0.019502958749956813,-0.561010415767984,-0.009920789206043664,148.45592817927522,145.89141801166534,0.0031316144811578284,-0.17703914430826923,1.4011046263903673,-0.013684827785380556
191.50107048232698,200.35820604469555,4.476814673313336,17.12066905167098,-0.023324363536523073,-0.5621943720200292,-0.007536446588084188,148.50049105738793,146.05357859450535,-0.030656747215630546,-0.1606168913016784,1.4068998830059352,-0.016112567062916236
191.90157048904445,200.35100796715176,4.2473758334807,17.117503179457472,-0.02280867339432794,-0.5638294511310137,-0.0073791196837627825,148.41198706964587,146.69665742302425,-0.03788987766552413,-0.1769186798196212,1.4393505655489605,-0.016394193671087978
192.0,200.24978244529757,4.589994618638133,17.119216395801296,-0.031466576273728473,-0.5321930732426418,-0.008039736590512866,148.33245874323566,147.28458951132473,-0.005653252318294569,-0.17768786616990778,1.4923014848379983,-0.013613936392755613
192.10182061729265,200.24875696828633,4.529611896168113,16.98919920295047,-0.03126105333841092,-0.5327858978124365,-0.021290734374055497,148.31091640042393,147.44718499235,-0.05599945044238529,-0.180485373265606,1.4974067229936336,-0.016931192755696583
192.20000000000002,200.24617901280968,4.475950158626291,16.949537976842894,-0.031223893101152117,-0.5328828344710359,-0.025188350465665258,148.2927385097599,147.59521176286745,-0.07169353863177982,-0.18234605332794848,1.4986554177451465,-0.017822453099062215
192.30207082798444,200.12154899001797,4.379534869447876,16.961526183186592,-0.03990022605420997,-0.535877739997119,-0.023207910146077336,148.40334926347546,147.79275099204492,-0.10091249292870427,-0.1460126764614219,1.5128217467975529,-0.01993999149567626
192.502321120515,200.2458237982987,4.310565906434819,16.905823359708005,-0.030511279472685005,-0.5329719440262095,-0.030138607502219396,148.22363370314224,148.04317604396545,-0.011119882678894633,-0.19128518500340888,1.4993632047190073,-0.013112893845981442
192.70257149428528,200.24046426514911,4.202142213994573,16.89966141800708,-0.03034640534591277,-0.5334819996428675,-0.030104982472449547,148.17849456476085,148.36566803589218,-0.013799416004247816,-0.19742036941150454,1.510531444260312,-0.013268311217844235
192.90282194870173,200.23490924731692,4.094224797947818,16.893480640508415,-0.03018824927101849,-0.5339817801963381,-0.030070668795489263,148.13140956483147,148.6932350399329,-0.016506855951053962,-0.20404732756242333,1.5229962282286968,-0.01336155873049201
193.0,200.1813048531899,4.193672809682179,16.88728585388965,-0.034349348385842984,-0.5218816032715213,-0.030565143430209184,148.05925720904523,149.0015351514965,-0.020045531525835984,-0.2106665539767097,1.541317604120697,-0.013351018274706684
193.10307248317653,200.2390386066697,4.165595760924421,16.91637955290895,-0.029994633198041118,-0.5201093611941192,-0.026995757004553023,147.97865244985286,149.13848254334403,-0.02793942880341653,-0.22180887556170442,1.5415757734500652,-0.014130370892121122
193.20000000000002,200.2359926206376,4.115570019108293,16.92470920421605,-0.030005067580130267,-0.5200817800131476,-0.02586915574265633,147.957610534333,149.28798153751052,-0.025168806563693635,-0.2145524604420305,1.5486541642667675,-0.014014359092834628
193.30332269864604,200.44049699555387,4.126985429898992,16.87203312405334,-0.015339658519192188,-0.5154193619357332,-0.03260528818502353,147.72194390130358,149.37825367837934,0.06649184852041663,-0.26927926910261574,1.5359510635904243,-0.007034350656174166
193.50357197834742,200.41751120787873,4.015940939907441,16.863545554726315,-0.01675404804060826,-0.5159606885619487,-0.03286914276658184,147.6920851484103,149.69537504163446,0.06858932905211998,-0.2490819381896903,1.5518745588501723,-0.007191266310922042
193.70382028166193,200.3018059322629,3.8815316787995324,16.877700573670705,-0.024966280404479513,-0.517279334280855,-0.030213815498707462,147.7944116307849,150.00018045767345,0.03056560047259773,-0.19056425291184081,1.5561786434730396,-0.01017360105061969
193.8,200.2941228953205,3.8390775465490568,16.853150431592514,-0.025981977990221023,-0.5144416114111493,-0.03269987576445796,147.81715997346043,150.0176157441414,0.022140994421586443,-0.16515605224346594,1.5070003325550645,-0.010507091650030245
193.90406757381675,200.33024604218113,3.797443895192918,16.838874151770103,-0.023229522391821408,-0.5135788180789822,-0.03417161254742016,147.74859526346822,150.15766643603055,0.04198508051259921,-0.1710016878400478,1.507541238097258,-0.008953911955885609
194.0,200.52218516044283,3.4815559260584203,16.787103069591993,-0.00863262435789125,-0.5356163089071045,-0.03636453427432679,148.04150510719856,150.0380714763926,-0.1471775589660567,-0.11461599412639675,1.4876170920520364,-0.022989455952709473
194.10431382038647,200.61105533878927,3.449101208009216,16.715466248211378,-0.002319628881738674,-0.5339064876245125,-0.04441544933354562,147.94641274185992,150.16849795816253,-0.096396843096647,-0.13041688680426738,1.484992242570311,-0.01906180017453855
194.20000000000002,200.61270143642687,3.395411796691606,16.76429945540881,-0.00203247904547327,-0.5346885908719025,-0.03892496699757407,147.92578948935022,150.33832737063946,-0.07668758365161651,-0.12659433668268744,1.5019532621752034,-0.01768896511208329
194.30455898729502,200.53426813044197,3.313575108033431,16.77204596733458,-0.007561407440266366,-0.5365254794036779,-0.03731071937303752,147.9937542165786,150.5226924086992,-0.10218906657441491,-0.09478800067152093,1.5148145292163466,-0.019356977637029614
194.5048030408173,200.52783086855496,3.2137742081762233,16.764124122146214,-0.00844110957479293,-0.5337564459244898,-0.037597110626526514,148.00794107201978,150.71688912586848,-0.10408075701725575,-0.06183154272615475,1.4767692193848996,-0.01973800197140158
194.60000000000002,200.52448120762537,3.170245246766527,17.003568481946395,-0.008637730462249344,-0.5332286863118857,-0.012731766748049468,148.00471445532605,150.85177404482232,-0.0041418917684584305,-0.052558717992938174,1.47915034256642,-0.012687048289706886
194.70504594758117,200.5118318153164,3.1112416050895724,17.00774816612465,-0.009467878802448256,-0.5334531206623057,-0.01196770118497067,148.0140075521318,151.01171396698336,-0.017002639722591736,-0.03905568934322716,1.4838870468311098,-0.013676148930680322
194.90528767456883,200.51171412506412,3.0005542908519733,17.00572666358568,-0.009214526721547007,-0.5342086935365163,-0.011868360793704947,147.99796033006047,151.34239302392075,-0.020731902429864495,-0.025094766885888527,1.5028785734946208,-0.013963382474836559
195.0,200.39281399175982,3.2774021624268475,16.9596262041216,-0.01866270296791906,-0.5083248596623977,-0.014923471645022071,147.86746688230502,151.81701467767948,-0.17369306596432194,-0.031138643399837157,1.5412428399982383,-0.024812870621633516
195.10552818911862,200.42700139418758,3.244694024019814,16.99216054693977,-0.016064706341365937,-0.5069469119915182,-0.01032433478387447,147.82852419697946,151.96427447449412,-0.23809720564749656,-0.032769924469635184,1.540490453687174,-0.02963090819261087
195.20000000000002,200.41923465207873,3.209392626849336,17.21671420183886,-0.016775773392014377,-0.5048067721185246,0.012690406992525473,147.8429795781306,152.05025088691818,-0.1463633346133198,-0.015841325190342554,1.5185073937762052,-0.0237509968947868
195.3057674589264,200.4168023778719,3.156577945093458,17.217873430735803,-0.016877120184475437,-0.5044770409262649,0.012640352113175561,147.84517615023836,152.19854389879472,-0.14840396984263027,-0.004250480591144716,1.5162828566382889,-0.023795923207302738
195.50600545204696,200.5380569608898,3.106112478137076,17.242594749890277,-0.007988882362231773,-0.5010100149379625,0.01566645239098047,147.70216092743453,152.45107130209132,-0.19536163731573514,-0.027201759970202036,1.507272000691682,-0.027117343946320968
195.70624213689547,200.53309945781538,3.0028043136904383,17.24495715900954,-0.00847394043141617,-0.4996976096196203,0.015435510080809779,147.7187121650907,152.6837928274608,-0.19870001507338925,0.0009081961600673431,1.4822184684343065,-0.02728723312522571
195.8,200.53272966098308,2.9547336990621265,17.205083174115344,-0.00844120971198829,-0.49978661581330863,0.011193895733030576,147.7187867951993,152.82392759152913,-0.2180620575435754,0.009227971710241263,1.4839675295929806,-0.02836433826189728
195.9064774822487,200.43776491844827,2.8690093138148374,17.214633969803142,-0.015150904098743867,-0.5020800846115568,0.012339239102325063,147.8483565248901,153.02485097166138,-0.23768305550797575,0.05422481755656957,1.496938700748576,-0.029656189385248586
196.0,200.9799927936514,3.5027942664716436,17.165511102906684,0.018537984735279997,-0.4515765135675486,0.00879410776681304,149.22276144195828,154.15578058009865,-0.40399710744371453,0.3354629640478752,1.6475418166409468,-0.040485756207553486
196.1067114572463,200.96787286935898,3.4439506639608246,17.14122874024699,0.017517099612849307,-0.4522667913562471,0.005411123214342929,149.27378932667696,154.3392229255177,-0.3636413750283851,0.3531959571751184,1.6527032221841722,-0.0371119373903231
196.20000000000002,200.9691011253645,3.4029317581607184,17.17833558013549,0.017485776883951636,-0.45218102841006996,0.00916702037461702,149.3076041723382,154.4926577435617,-0.35226776556372225,0.3648736109250012,1.6550394391116254,-0.036110274227878186
196.306944031392,200.97169340489677,3.3600187770944925,17.178185176594102,0.017127227029324756,-0.44903000847500757,0.00879075472632917,149.37033738822697,154.54810875329,-0.35310087603359075,0.39433940393151146,1.6037898957992893,-0.03605574469159157
196.4,200.97339687000414,3.3179166469281633,17.16899052784796,0.017135650348010286,-0.4490531797593775,0.007762003874015038,149.40750847178944,154.69765864754942,-0.3604493476433623,0.4067194491142732,1.6050660788978035,-0.03633049620616336
196.60000000000002,200.97529842211688,3.232520217624404,17.311610448369205,0.01701924072601537,-0.4487326793722735,0.022284382798119905,149.49281638747257,155.01517972696593,-0.312551736454097,0.43302582510678334,1.6063420421554533,-0.03277185598070745
196.70740402894745,200.97673534882915,3.1846951939940293,17.31423215452382,0.01708744557675055,-0.4494625815250813,0.022376147026136873,149.53284232889607,155.22485314909358,-0.3168307889664893,0.4423491766882091,1.6233021880794842,-0.03306273656201064
196.8,200.97760078981142,3.1451523806134793,17.38351677338635,0.017033012308662294,-0.44931215255302315,0.029313232646599467,149.57503070536706,155.37336235808095,-0.29410143522543286,0.4543274491231185,1.6241428821028454,-0.031238428276072237
196.90763222886827,200.98069652407221,3.093649014460671,17.386234897416653,0.016918348544728002,-0.4477618754081113,0.02911114584812723,149.6424693159292,155.45736417746647,-0.295880586254664,0.479239962363984,1.5878751245803835,-0.031189097287352457
197.0,201.21092622171966,2.805522413537758,17.436054896552648,0.03335074605777963,-0.4676284507819116,0.03163438606394191,150.14254305267684,155.43097564823373,-0.0939920699167057,0.5723451797881365,1.5780957243148552,-0.016269467301147658
197.4,201.22439798133942,2.618089520386934,17.43804460845388,0.033360484857400736,-0.46765564404943183,0.030523480127887997,150.38271348277635,156.0624824728645,-0.10410764346488018,0.628883147173988,1.5777660333851085,-0.01651276925594843
197.60000000000002,201.23236549349878,2.5207965335936104,17.337750935914038,0.033455765361779896,-0.46792198552375003,0.019421005392325278,150.5102097343498,156.3810099695311,-0.14274455664627544,0.6567128407540869,1.5776616101920067,-0.019321666173129793
197.70852955349412,200.98276311883888,2.384346188022895,17.356815789857546,0.01579398125687638,-0.47377151587853694,0.021787692177660523,150.88098736803335,156.64581514106706,-0.18225383993080524,0.7554497303091088,1.601356750381418,-0.0220048803896733
197.90874987535645,200.9305207322686,2.275971908572318,17.3867170561434,0.011957692170027677,-0.4747344328659431,0.02534395598701087,151.10434486340793,156.9844973991233,-0.24285453443493993,0.8044417107611482,1.6049649143639546,-0.02652072266177133
198.0,200.9842142021489,2.3481907302439513,17.368959420633,0.015044597584692607,-0.4661883315388393,0.024328874934142576,151.3627124829433,157.29661956536864,-0.33656025288138147,0.855809081640349,1.6297694879549633,-0.03324568363293776
198.10896853858992,200.96276434196548,2.290523555118592,17.376610247505123,0.013450475710920857,-0.4666578127375315,0.025006335378387593,151.47739152603734,157.48005203753414,-0.34989834140234427,0.8790767136107351,1.6309218023018002,-0.033829797394019666
198.4,200.96623837007618,2.156029620259035,17.421457405834797,0.013417809738309975,-0.4665646915111307,0.02892551689244852,151.740325441063,157.95345119510844,-0.3468148482188996,0.9253104298456628,1.6286636646894783,-0.03310474991198024
198.50940078233222,200.86081518216446,2.077097553086407,17.463373364431654,0.006069941366855617,-0.4684884257426768,0.03420774369123486,151.95319346056255,158.16038551867047,-0.42942443816191045,0.9740860472976595,1.6348465926962927,-0.03901885515350509
198.70961431035784,200.76414526250292,1.954637305391526,17.525949286721698,-0.0005479201072129992,-0.47156439104815706,0.041846910071184205,152.250000200009,158.5799298326066,-0.5486567761146245,1.0308583971284038,1.6654073630280155,-0.04761732716476686
198.8,200.76355382598337,1.9275225527961266,17.373610260092565,-0.0008489732039131197,-0.4667643138239402,0.02525689992742545,152.38056411254834,158.4984275345159,-0.6058683967435139,1.065786747239013,1.5721860360858264,-0.050991408009990365
199.0,200.722477622316,1.5183670648967544,17.409940304899003,-0.0022269654678202014,-0.49104010994592434,0.027267557844012247,152.3860003127291,158.42383246871748,-0.4903410595915294,1.051454086409224,1.514920385609748,-0.0423414792003112
199.20000000000002,200.71943096984415,1.4282146658835604,17.63407665661919,-0.0024201694251092354,-0.49046622278710167,0.05009171197011095,152.60150880306938,158.7204301885333,-0.425506753048248,1.0841246699512255,1.5071423324320328,-0.03757534012149166
199.4,200.71878256362956,1.3306311023386088,17.658094380293377,-0.002432289871434874,-0.49043016255336225,0.05155426006373097,152.8216667279238,159.02078317084332,-0.4284317107231117,1.1161949658203945,1.4998126767738393,-0.03735654712981146
199.71065499617762,200.6501454068819,1.1610706914045312,17.696632368399598,-0.007054482391945513,-0.49159046323776545,0.05461227089216662,153.25029094526565,159.50279721973573,-0.48730447335792193,1.1855588518173592,1.49191979013322,-0.040757121397139384
199.91085757064212,200.69523776391296,1.0937263923228833,17.69247976337,-0.0039525675394913185,-0.4872531247833913,0.05238685484934246,153.45215894303496,159.62860852165016,-0.464544970635294,1.2115721298960924,1.4203458436165868,-0.03870968977538824
200.0,200.51624841059288,0.9210762276864422,17.712145191805245,-0.01551267964325741,-0.4965140075473847,0.0532191670620588,153.0742213627917,159.5297547186406,-0.40272764414129103,1.1302969678280106,1.379611194022346,-0.03456288902297374
200.11105823535857,200.71746075088097,0.9267909220189078,17.67362435828617,-0.0017110387192968823,-0.49253761526847534,0.04818963175450332,153.02758908008937,159.63714411134188,-0.38772292780111123,1.096116536271648,1.3615447828687013,-0.03373550660985068
200.311256967293,200.60572149060727,0.8071146586692499,17.69324720546342,-0.009308055821443617,-0.49303354686783873,0.049436783555104134,153.35683853227198,159.88354299902028,-0.41346680647623396,1.1562536997449846,1.3350560975385823,-0.035203134555004435
200.5114537437913,200.5955163418712,0.7189267128117791,17.702752075045233,-0.009859617011428987,-0.49050453360341895,0.049206594240965934,153.60640870782896,160.04815010351223,-0.41953232120266576,1.1921392771280213,1.2788208315552638,-0.03530669598109899
200.91184134176655,200.69203930873934,0.563713647713843,17.76647772627839,-0.002991518247675862,-0.4878852311644831,0.05498130797652325,153.97104755376398,160.51468667461987,-0.515715050059693,1.2152829039531996,1.238116104273029,-0.04160301345908082
201.0,200.36466039477054,0.5750064582566283,17.795162288133692,-0.025414581893746017,-0.48206462351244345,0.05595958110247077,153.3190969419387,160.57275711524107,-0.407918029223503,1.086227768181938,1.2123842083823866,-0.03449636536408667
201.1120321198397,200.43687890802724,0.5567159119342204,18.059555471985753,-0.020333312940898844,-0.4796968858808166,0.08270441555402945,153.37678053108937,160.68242688416325,-0.3454862632948094,1.0806123565235444,1.1966841206630197,-0.03071580253997774
201.3122208556703,200.43352958442165,0.4599977696594128,18.076162098567558,-0.02028554062220683,-0.4798419606416114,0.08272108548616044,153.59459504353003,160.9253680862825,-0.3517345824111221,1.1043194500726914,1.1813457072588862,-0.03059745470197205
201.5124075285113,200.28139402133175,0.32529804383489996,18.12661510199637,-0.03031854178653965,-0.4824056004319367,0.08707158630288866,153.96612225333266,161.19690182625396,-0.41524951894238427,1.1699924440343308,1.1729041370745863,-0.03462475604380009
201.60000000000002,200.27893582145813,0.2823658798446926,18.11431727605518,-0.030303764800889782,-0.48245389128508315,0.08502005602677584,154.06888442935298,161.2998569964679,-0.42538814969552036,1.1807576752157767,1.1652423584564824,-0.03485948277648846
201.71259211799858,200.31800609928035,0.2445557457308507,18.139862174976074,-0.027406409938268043,-0.4813961506267886,0.08710212793055135,154.15435400364908,161.4153210437093,-0.4596765467380664,1.1812674160755492,1.1513779921090666,-0.03698742256541985
201.9127746041511,200.2852970727314,0.12490018622006366,18.086991614631646,-0.029306479614698847,-0.48285577112222516,0.07799879384505477,154.43197118991085,161.66543309995726,-0.33757929903237105,1.2165730849751708,1.138686896840916,-0.02710721685504857
202.0,200.01052869330923,-0.08164705009915085,18.07569910493501,-0.04684776895760187,-0.4968135447318243,0.07734490469317593,153.87946149847468,161.63593840747996,-0.4231508141933668,1.0948570370388357,1.144558182989417,-0.034304690350215175
202.31313318844667,199.83866857889205,-0.28574741697703765,18.09181007086027,-0.057545389111820736,-0.49997957792219416,0.07631181085015515,154.37657692459908,162.030924788081,-0.41957409448325816,1.1718438328181917,1.1274812318506646,-0.03308525654044294
202.5133092485475,199.71677561253887,-0.444526035728191,18.023927033749708,-0.06511704006616305,-0.5048477259744308,0.06600751663991163,154.7284187724129,162.35934385529745,-0.29526185980753994,1.2257082807712445,1.146481398210593,-0.02347569281377602
202.91365481243582,199.69195637112037,-0.6506703109715418,18.05018509358386,-0.06504091677765772,-0.5064228289894842,0.06614844436614453,155.21855754620606,162.8902157826864,-0.30506556629538684,1.26676075736779,1.1440858885534027,-0.023634283759912462
203.0,199.6161969674724,-0.834039263634174,18.085195879833865,-0.06906078905109805,-0.5168514232304966,0.06816215353871877,155.1247327532083,162.81064514594854,-0.2119489126088052,1.2336167058287069,1.1124075156544848,-0.017299691017886216
203.11382428049157,199.60860313363023,-0.896663444584344,18.28381362326387,-0.069018378290505,-0.518249747100986,0.08737935885713854,155.25941845252532,162.98802251242557,-0.14883378580778103,1.2421239156929658,1.1269909072138629,-0.013120150863708463
203.31399151611043,199.59663728930295,-1.0138387547782592,18.30127897762134,-0.06883991172905293,-0.5208627661105784,0.0875901231859315,155.4979121502113,163.29934005937494,-0.15222871854250436,1.2572857178987882,1.149747433009271,-0.013491723984871131
203.5141565023919,199.58280404463045,-1.112288642591337,18.31891451485183,-0.06887433839015113,-0.5195104514482967,0.08747872047577616,155.7586974983438,163.47633612492103,-0.1545503499422401,1.2817706149499597,1.1121204933197941,-0.013324975708712987
203.60000000000002,199.57890299014468,-1.1640675331269135,18.13329945877658,-0.06872852906799413,-0.5200067850343947,0.06813211292419702,155.86733080568206,163.57695695661073,-0.21930164461148893,1.290240036983301,1.1063028899474,-0.017398214673237985
203.7143192228225,199.73690217553445,-1.187155258776591,18.08687961256086,-0.057448965424690114,-0.5175568696949505,0.061466992869085926,155.8303799473859,163.66088067149104,-0.13617493538236886,1.2504403181790418,1.0867689160040497,-0.011559755769714406
203.91447966127586,199.72845262009798,-1.2972665389876408,18.09811593639123,-0.05718548594198021,-0.5197026794768276,0.061563443992703484,156.062936652751,163.9814234468973,-0.13796412740619968,1.2612557918159375,1.1128457721013483,-0.011787024700941163
204.0,199.61477124464372,-1.3745901159294178,18.103248555757478,-0.06416546981166481,-0.5217412848974008,0.06155112924301129,155.8659035086958,163.99096985195496,-0.14119316402214427,1.2079043218059007,1.0906873261009622,-0.012246304898860165
204.31479362968471,199.59132394254982,-1.5245491253185461,18.319552807516484,-0.06447592920402104,-0.5196911479696126,0.08044503007380355,156.263183610606,164.27260100183076,-0.0830085768291607,1.2408323138685544,1.039375741453236,-0.008121848136648442
204.4,199.58763622941402,-1.5753944171976282,18.163370132741974,-0.0643472307124479,-0.5201365362552947,0.06425323813761516,156.36786721857075,164.36523465463677,-0.13359545675361267,1.2480794774570503,1.0324973213848587,-0.011169972783479518
204.51494712932765,199.90662394491912,-1.5522898632902369,18.1374102102919,-0.0423270211736511,-0.5147119295667036,0.06019009140679471,156.17854967504118,164.40394569847973,-0.08206968339251727,1.163211809026331,1.0031758829324624,-0.008384460220761284
204.60000000000002,199.903139848441,-1.5890649941087374,18.37491427220215,-0.0422821720700035,-0.5148205689977589,0.08325998821283262,156.2706036928404,164.51329464649305,-0.0077869223302939605,1.1662501128185574,1.008161392893185,-0.0037477236097433813
204.7150982863692,199.86462773227757,-1.6593075367864305,18.37619766124017,-0.04455545871787012,-0.5155228498921048,0.08222556220394975,156.44364528362794,164.6390745477133,0.007629427742701412,1.1853277517613345,1.0005003650404347,-0.0025148690179885207
204.8,199.8603792488304,-1.701325053670928,18.43147387792946,-0.04458871074664953,-0.5154041202948467,0.08699428879722775,156.54499277206423,164.72237069057908,0.023724601291196114,1.191668567638477,0.9925522812636464,-0.0017067552311344188
205.0,199.7945753643119,-2.0392175773762,18.431834656431555,-0.04716572583999698,-0.5336581390106911,0.08665659508319704,156.548117498615,164.61217948069026,-0.08154033639294735,1.152990182564527,0.9337393985584955,-0.009771066249105273
205.11539351630245,199.7882514167283,-2.0981648078776214,18.441770346866278,-0.04726852866844708,-0.5331283351333675,0.08660163503294206,156.686333722931,164.70309380016644,-0.08228814238916703,1.1628771091596297,0.9146218867765155,-0.009537044656182228
205.31553756199617,199.78059506082104,-2.2136683306729013,18.45931655478608,-0.046970877089044544,-0.5350820011215964,0.08681205588197152,156.90104723445268,164.95170263287446,-0.08568385260575934,1.1675063780617352,0.927004623178413,-0.010203231626885778
205.51567921069318,199.98573124093735,-2.2786550048320766,18.403536073151265,-0.03265090718401467,-0.5322587572280014,0.0779020209556569,156.92476102214422,165.09086465249084,0.03570674082387333,1.1204141981536373,0.897890470347342,-0.0020022199467493174
205.7158184497711,199.97855980167674,-2.3840218692339348,18.419171257591607,-0.03272757188822287,-0.5319326140411944,0.07787325080260603,157.1548883350044,165.25427157682546,0.035487208627193276,1.1333147184724182,0.872472714234209,-0.0016260082088534798
205.91595526699885,200.04066308008083,-2.4824628162666693,18.38334436435628,-0.028162566909476466,-0.5313358679638339,0.07167389033638263,157.30539247707506,165.41277591067478,0.11982485483048859,1.1230729280418432,0.8493814935200173,0.004547155283154424
206.0,200.04830683060774,-2.1845914506498896,18.34976412899052,-0.029017992282319775,-0.5047703274619886,0.06895647287639078,157.54881537752632,165.87054645300972,-0.02663230414445031,1.1658179210389084,0.8873000641078748,-0.005406573926045467
206.11608965053722,199.97002756971472,-2.2693352355064897,18.32430181433532,-0.034000590204884315,-0.5064215822159694,0.0649981571764961,157.7489109189906,165.99071020641176,0.022840939447038466,1.1909813409883145,0.8805444572439,-0.0016025960583131243
206.4,199.95823506740211,-2.4047625286879932,18.551179968573713,-0.03415022449812221,-0.5058647332054932,0.08538707504767183,158.09097788874695,166.23148531273497,0.08804725412359811,1.2072192354898235,0.8515735162835514,0.0021722407714618052
206.51635107115078,200.126333168008,-2.442151203180015,18.444448157235552,-0.02275682954845283,-0.5043399706205558,0.07151390668485907,158.06798013953403,166.30174073799074,0.27427188128842556,1.1679611034250998,0.8336327914082279,0.0155443117426185
206.60000000000002,200.1267008581614,-2.4762327412749565,18.380399712465724,-0.02288983902871011,-0.5023903374947865,0.06450077743911539,158.19297603390024,166.28956468746708,0.2532019756274543,1.1832769955846345,0.7871926677721369,0.014532365883058495
206.71647808651056,200.12601864712494,-2.5290975089160317,18.388144699308068,-0.022942414992507956,-0.5011422028510264,0.06440784872705514,158.34870559736143,166.3275347626601,0.2554558131469541,1.1963944795476924,0.7503951069643822,0.015086597604118296
206.91660262475114,200.0464787781698,-2.6581455901906943,18.354758806982762,-0.027934710588504216,-0.5029447880233299,0.0588448635539528,158.6818051082703,166.5012805182579,0.3401860120402383,1.2316005717807474,0.7328295160468908,0.02149453412435125
207.0,200.14742975671678,-2.4744517253430898,18.328469740748126,-0.02252707859735477,-0.48431042256874635,0.05666121694771799,159.12447766634213,166.71141558239367,0.21941862191164851,1.3155561461503076,0.7063435188094975,0.01352538797331181
207.20000000000002,200.1391588225744,-2.5563362959544493,18.7058460774926,-0.02278856185406998,-0.48331786858472514,0.09228826133465642,159.39141575642694,166.84164072160112,0.3370160714314406,1.3284678902764466,0.6799256361167204,0.02145446366941209
207.4,200.1346517032789,-2.6532014451000454,18.71932353558357,-0.02278507468234825,-0.48333113104490677,0.09180352820083412,159.6582252577152,166.97524062906558,0.33978404756395353,1.3399668180820485,0.6549441239623117,0.021460962298699735
207.5169610253739,200.29612560466623,-2.657209241780558,18.77984954995768,-0.01192389763675531,-0.4800013048434456,0.09782888799327145,159.64910216435763,167.00880620831893,0.24810169581649047,1.2999585578760442,0.6301171850564421,0.014492298659191867
207.60000000000002,200.29602324232846,-2.7006628425186996,18.69436438308375,-0.011862758148626015,-0.4802376879767684,0.08872892247916447,159.75651231546672,167.06298524482676,0.21892496663628444,1.304158172031473,0.6199591932061023,0.012613629317802012
207.71707557307892,200.28132595306224,-2.754986407810108,18.727707651871345,-0.01273700353799914,-0.4801502970257887,0.09154386527401225,159.92208684924222,167.1352115819648,0.17434665291300122,1.313620251824014,0.6045822916689899,0.009248828966735019
207.8,200.2803337041822,-2.7950668749340477,18.728032669461268,-0.012732597812315024,-0.4801676779149408,0.09083745714440251,160.03114325485478,167.18507052030847,0.17264210575541616,1.3180105224280831,0.5936036461175341,0.00909544288793508
207.91718759828674,200.28067114841596,-2.8487510535640217,18.738477424776804,-0.012694806962275177,-0.4796923128879652,0.09077196194744665,160.19290025468388,167.23212266098733,0.1745505760183218,1.326928964620838,0.5687185388462648,0.009545723447007352
208.0,200.2613061389814,-2.6350390596526956,18.703635591627393,-0.014930616482108125,-0.46005734870653187,0.08846226851376464,160.33265179522107,167.54716934931577,-0.03057047815621,1.3426145919585684,0.5892030993249999,-0.004869168370529992
208.51750846193002,200.2881232637456,-2.8928986261739844,18.467096469162303,-0.012668050192296214,-0.4612184753168316,0.059638388457834264,161.00647726829934,167.84207977027364,0.07569149563059552,1.361075928050739,0.5227669077336583,0.003730344956676769
208.91770962433262,200.1424364320229,-3.1330393716968943,18.523343362307997,-0.021338795426856613,-0.46681021626472097,0.06384372359376471,161.65529002883628,168.2282872396588,0.013203926059702907,1.4015962633633412,0.5396802594350857,-0.0009894191714419206
209.0,200.25030462185077,-3.4608722218527,18.570486930954957,-0.012890436540115263,-0.49066587496641745,0.06663179332128573,161.97599346395603,168.08076901586065,0.19521409756949504,1.436158585889819,0.5322712923742867,0.01185857519082159
209.11780636260377,200.409810818069,-3.471518245062679,18.617110497408344,-0.0023240314017394237,-0.48768757389434975,0.07129564328114119,162.01102480496684,168.11198999204953,0.12833219144839214,1.4026598798669119,0.510889226072888,0.006675257708138338
209.51799212574005,200.2053161903503,-3.6813104572458406,18.6244745476065,-0.016298329558658852,-0.48663380816411755,0.06853115930386085,162.83014310543456,168.20543929192777,0.17062714240423799,1.4956937596295306,0.40982090015084216,0.010931872248671483
209.7180811407871,200.16204564294958,-3.833086189379036,18.600429234633864,-0.018149037465618936,-0.4927531808425311,0.06437799379904971,163.1007545937495,168.4924174104751,0.23174193686289107,1.4910332105635786,0.4694860184774312,0.014749305070683588
209.91816757227605,200.15214142329748,-3.9395602605092277,18.61345235254421,-0.01836182094333444,-0.49399052551689376,0.0644906372344031,163.38641685632737,168.6390351692061,0.2335463332228429,1.4945404491439287,0.4692811198577164,0.015128898762848488
210.0,200.38293516128707,-4.017717821905377,18.621632401599026,-0.003458456484819598,-0.49831237536835676,0.06487596794041545,164.0741662611498,168.7058033005089,0.24172791434764065,1.609095726747379,0.47092746721570716,0.016323070049853318
210.11825141630075,200.38517446576913,-4.077227202679488,18.536362362269475,-0.0033324111824815316,-0.49815784627759474,0.05585664762902774,164.26653686929535,168.751627507502,0.2145569836644614,1.6163081830503165,0.4524641364916713,0.014396995907451502
210.3183326693572,200.60435419277766,-4.1210266947370195,18.572737607787772,0.01111065690315925,-0.49460145817425333,0.0588268380089448,164.39040504326175,168.80025783351113,0.17594414263715694,1.5698234118361203,0.42012518950554995,0.011452064101632409
210.4,200.6042229455184,-4.156556795094019,18.70321168477725,0.011038057946294057,-0.4942796152486939,0.07107905482032159,164.51965222742842,168.8310842868416,0.21801592071550385,1.573473000452764,0.40995442678573957,0.014215012360367197
210.5184113283441,200.6039495933423,-4.217916517517608,18.711733618790745,0.010999765030894582,-0.4947468197310803,0.07112868307280688,164.7018453779543,168.8965830175242,0.21916034255753314,1.5770182961274726,0.40411058557799107,0.01414540933961956
210.60000000000002,200.60392634810768,-4.253943828555562,18.83092696172217,0.010935702865040973,-0.4944613663009314,0.08218431803309785,164.83151063664766,168.92623467574333,0.256849702428319,1.580832145608693,0.3938370620446937,0.016518930640653736
210.71848739056333,200.60214184189277,-4.316365228039073,18.840890203416055,0.010844645197732754,-0.495225111859313,0.08228002570421397,165.01116178411235,169.00597854541363,0.2576893388075454,1.5825837331638595,0.39504079309827733,0.016087945612953333
210.91856085372063,200.6092382394518,-4.411677144290446,18.857098539717462,0.011013300804819342,-0.49420426958200964,0.08214445141433138,165.3401491265367,169.02937244366754,0.2625009005895272,1.5949194061798433,0.34806298804317254,0.016535025672758333
211.0,200.28770354094775,-4.318055455482332,18.914773307411544,-0.009853791860217032,-0.4811921280704613,0.08405052122940358,164.56785391773494,169.1063311431558,0.5402318562251096,1.4211451224804366,0.3315820129213217,0.035342663161400265
211.20000000000002,200.2869753429924,-4.420168787709599,18.79545595448718,-0.00976809120073599,-0.4815750922062727,0.0710443650649252,164.8516140308207,169.17357901654916,0.5081340723273058,1.4250441826566393,0.30797838023627433,0.03318645514201707
211.31869997569524,200.48480991552887,-4.432391552049582,18.805591577701577,0.0032375230101733647,-0.47871301763508267,0.07125698981311529,164.84315728863857,169.17773018408357,0.5072706816342015,1.3768078059053854,0.2862713355961122,0.03273200806556677
211.5187656319483,200.20798338725464,-4.591146634835051,18.815113446630637,-0.014895375767383427,-0.4827342406650484,0.07067565850085222,165.38875097575144,169.2803761510174,0.5252484490480764,1.4537047523492688,0.2713907424217113,0.03439018668549799
211.60000000000002,200.20510077601224,-4.636982571725866,18.774490798326788,-0.014876857321086033,-0.4839010976842605,0.06622834097002042,165.49574553149,169.34908049587577,0.5128378934829154,1.4509852561630197,0.28247291926069135,0.03330786113513285
211.71882868401232,200.31204720719842,-4.657445660530783,18.837436837905297,-0.007755004799645549,-0.4815996434409605,0.0730037649378825,165.54928241939155,169.35577169287183,0.39996973499196653,1.4206793718516444,0.2620608756977397,0.02467486713983946
211.91888913162083,200.27843119874578,-4.761931238238663,18.847537004706226,-0.009858070939902633,-0.4821194440897401,0.07245000171305578,165.8713003609484,169.41281415614418,0.4144999467232651,1.4333388020462408,0.23906806895236773,0.025421773896884787
212.0,200.341287587528,-4.7734273239391145,18.84314396451261,-0.005990023586431488,-0.48024653901688763,0.0718932591733104,166.1445752933263,169.46381868914804,0.36809735916262176,1.4658659470359539,0.2309464117677068,0.022229460723744265
212.20000000000002,200.3407844858302,-4.873075529859118,18.767541221776494,-0.005940546380732033,-0.4804848882081935,0.06303350212945943,166.43741003055413,169.50973431802478,0.3439801986428781,1.4683217553075318,0.20676799272887844,0.02063359119605955
212.31900221444292,200.33839320283408,-4.935590778220198,18.775127912820945,-0.005947055446353756,-0.4815162120074409,0.06313144937786103,166.60388843818689,169.57192600651092,0.3455032020971045,1.4664797690284685,0.2103621368650335,0.020343780610211536
212.51905485116268,200.05390986434713,-5.082660208739991,18.832020717063795,-0.024462348428852546,-0.48482000572527545,0.06861374760382853,167.1698908831158,169.65351581908322,0.2580605092985355,1.5440757604328668,0.1948529625931054,0.014652658049455515
212.91915232205295,200.11507833326297,-5.262489333843869,18.837905758526137,-0.019903672756695738,-0.4832825280995994,0.06587847996049778,167.7195721059583,169.66642586928106,0.30808264366882093,1.533354155373157,0.12452231690307407,0.018140225031048507
213.0,200.27632659920238,-5.19832510075453,18.788633989105378,-0.010148417783989054,-0.47653128718883814,0.06300235898273654,168.2662143374678,169.8117001426201,0.04266096604007363,1.6187947434392933,0.13418722034576386,-0.0001991838828213667
213.11919716018636,200.13108816527588,-5.2858747209896295,18.763588274791843,-0.019541680495375094,-0.4784798391919892,0.05990468993457325,168.5757601102226,169.8458563299005,0.023640497426935324,1.6544880849345858,0.12324671814463493,-0.0014107266989546252
213.20000000000002,200.13912467871612,-5.302424708867256,18.857732157531075,-0.019156770422485304,-0.47536858702089485,0.068554214895053,168.72346669142544,169.7589787465408,0.05678304604661909,1.6624494161417407,0.06843902163778555,0.0012408986177421212
213.31923940343847,200.03475348243794,-5.387138281562215,18.83765227062996,-0.02583394031896563,-0.4771128722151131,0.0650268937384033,169.01389894292785,169.78298828086068,0.11738281178043915,1.6914001985450753,0.055881637217452006,0.0054996643696560675
213.5192790548184,200.0296360306484,-5.486866318164743,18.85089643372921,-0.025797178787279728,-0.4773273650455789,0.0650397602423863,169.3512862739713,169.79392582829604,0.11810867411063629,1.6960219833680454,0.02850962711493807,0.005613658076071773
213.71931611774772,200.14674429581723,-5.559958498756011,18.85145133213512,-0.01775856678640903,-0.47588799905499984,0.06349434991211235,169.5608218741216,169.77852124940063,0.1439394897279312,1.6652302272180022,-0.0026495347849391834,0.007571700983254462
213.91935059606055,200.14443392399176,-5.6541127616605165,18.864062569966094,-0.01770383877083274,-0.47552206536978414,0.06344409580705915,169.89711340023138,169.75492882477732,0.146000516946394,1.670076831338618,-0.03863674748479327,0.007608233405956297
214.0,199.9999975260971,-5.76850534863422,18.834698776931106,-0.026133091249121897,-0.4810441982270922,0.06168268580677861,169.6805889112453,169.62236994353054,-0.023567549191351317,1.5990709638239102,-0.06313720941950572,-0.004488315205390755
214.3194139007166,199.94382072564431,-5.9402494502578085,18.836138298766407,-0.029277808469979693,-0.4821472795939793,0.05876912631485879,170.23452410091477,169.60995878371563,0.06592019788951634,1.6028051637301655,-0.0711511009919486,0.0024630350697232616
214.91951014188615,199.9167571269308,-6.258372542433137,18.872829734221824,-0.029583197314655675,-0.48787361499973414,0.05943317124934754,171.1528109930091,169.84730441298333,0.06016075824404234,1.5731729622542696,0.026702006870655475,0.0007376168531826362
215.0,199.72375105954262,-6.298606944750865,18.919434618667335,-0.04123552040237189,-0.4865603474707107,0.06149529386688155,170.73781108466295,169.80999072348976,0.2699361921917632,1.4645270586623809,0.016621560551234482,0.015283890826497032
215.11954294863864,199.77113629286478,-6.354213770884672,18.73923357839134,-0.03780456278336174,-0.48644356750177203,0.04302447439496957,170.87024887229,169.8111021723752,0.2071210969535214,1.4475647083210292,0.015638143574657183,0.011308495354404233
215.31957611807698,199.9513932871509,-6.4054167248071625,18.798859661267134,-0.025523897044995296,-0.4836123632472683,0.04920085447432416,170.9928924092927,169.78764724310543,0.12002457999473859,1.3927932277365538,0.008062289945709213,0.004727877270182467
215.4,199.94935108051934,-6.445572312500127,18.72238098742618,-0.025532510611753694,-0.4835116361332865,0.04115080633944345,171.10638330189062,169.77894589559412,0.09476289801165066,1.389161475544407,0.0025747205816876464,0.003171634020072739
215.51960964989945,199.80558080990406,-6.539167193796807,18.684669554438077,-0.03474622226718122,-0.4857062081163048,0.035924304527166474,171.4080075922038,169.80118765187706,0.1764126627444944,1.420476362388545,0.005990849825216816,0.009139871871949371
215.7196435438014,199.84105793119215,-6.623742705112102,18.68944365856744,-0.03200613498730526,-0.48431570892393,0.03555340117716705,171.65313393342467,169.75521423125133,0.18315773962135437,1.4015046694839695,-0.014918832401442341,0.009458385136232404
215.9196777994751,199.97103442743662,-6.700973198049746,18.669099040189774,-0.023033940755459635,-0.48306685414302536,0.0322146655183331,171.7783976351378,169.73361773791933,0.23457379123605535,1.3515611604362476,-0.021476018331671398,0.013229779365301324
216.0,199.95952256615342,-6.610780614276011,18.70669202248721,-0.024114892349793915,-0.4737668783929624,0.03420548136587534,171.85809384187476,169.98528866987576,0.3913295761869889,1.3442800335740057,0.03524393408885569,0.023925325826139987
216.11971241661004,199.95502557151525,-6.654176711343044,18.558756354648313,-0.024354701457239575,-0.47120314814184233,0.019062503100956293,172.0331750391624,169.89979123799205,0.3426320775468011,1.3413580241872163,-0.008285082298678081,0.020758527507075266
216.3197473948928,199.90401628129183,-6.759826584843052,18.547446565528094,-0.02737891074200314,-0.4718944753660566,0.01722868162091171,172.34116038131032,169.9043770810883,0.3734779943688477,1.3428656464425308,-0.009560973764179793,0.023101122480535568
216.4,199.90258408971096,-6.80664532828491,18.40803950840383,-0.027285326551827582,-0.4728957043657238,0.0032963526913726508,172.44447289848637,169.93210747636056,0.32628696044584937,1.3382079126816813,0.0014610889434961503,0.019754490079877656
216.5197827340069,199.85798292973533,-6.865742187308419,18.430843432381184,-0.029998024041734395,-0.4730592993135704,0.00604821838372937,172.64305499970106,169.9355018115971,0.2859641456625421,1.3426153302165287,0.0005307930728722434,0.01639317560962204
216.8,199.84933382145593,-7.00223630738521,18.40349306560633,-0.029980193780480818,-0.4737020546686878,0.0032127655545835477,173.01402661431013,169.96372587557445,0.28013301705554694,1.3284518463135513,0.009566318858485467,0.015809812888821287
216.91985449344932,199.84503105627476,-7.0599144526725235,18.403756481955508,-0.030000056543871077,-0.4740953631154659,0.003242748831570892,173.1706459128469,169.98782417527258,0.2818836592179515,1.3223731714273461,0.018331517254226364,0.015930707778980337
217.0,199.70854763726672,-7.754312927273207,18.428828290626146,-0.035738732751110336,-0.5255744376627406,0.005743213829299229,172.86639142640226,169.26132386076478,0.3558539936421022,1.227870035809344,-0.06503077210172037,0.021023808604138952
217.11989091313046,199.78839369512337,-7.809777932708165,18.39795317227821,-0.030223162063700928,-0.525113084665106,0.0018970961094130004,172.94677637363768,169.2471247851061,0.4148173730841669,1.2017075627137213,-0.06811617236596876,0.02526890109277886
217.20000000000002,199.78671067126308,-7.857441018434553,18.248267759484417,-0.030163522505075046,-0.5254905456118854,-0.013016788920894423,173.04207468194627,169.245309577513,0.3660405419888631,1.196706859538273,-0.06831899438298178,0.022070172489232088
217.31992769234876,199.83722666312164,-7.903689083649429,18.281381420578498,-0.02660365964498441,-0.5244894315867831,-0.008725744231260522,173.1369292861645,169.22797168669655,0.3013116451475084,1.1754843945723297,-0.07194277965164807,0.017471262180710337
217.4,199.83387598802528,-7.937659116210172,18.265620883333607,-0.02679934339325752,-0.5228099855988848,-0.010364289818214682,173.2406289477875,169.15334947020605,0.2978567106478864,1.1716007960965518,-0.10459945655353585,0.017398272945496136
217.51996483077343,199.83048832612073,-7.99784811581603,18.264485989112753,-0.026858833526797403,-0.522176251221165,-0.010410210680533155,173.384473116994,169.11207030957434,0.300198216846199,1.1642665211417624,-0.11970643761064932,0.017548150933616863
217.92004018390531,199.78769793411442,-8.209091184536668,18.273640505497017,-0.028975495284473143,-0.5223237369419638,-0.008746930102830078,173.88112074064335,169.0661507254856,0.28056590045675084,1.1483179314602694,-0.12750475415673299,0.01623631019434781
218.0,200.03854048664087,-8.214358731679901,18.282998122136426,-0.013505652092354834,-0.5213617128539082,-0.008056069449456055,174.57680567381988,169.2233658603265,0.32759608863352513,1.2624997651825822,-0.08165977039344632,0.019376547473277196
218.12007839793705,200.00697473074314,-8.269661231416299,18.436347785610714,-0.015475655514178795,-0.5208945444601124,0.008047070925762045,174.75122654860738,169.21107417557917,0.3056031982490208,1.2632353139444819,-0.08387768993421363,0.01718575742356078
218.5201558992229,199.9386976990401,-8.458943193932425,18.501092007335373,-0.01977822268544372,-0.5180312820290768,0.015476597833730343,175.3220127490406,169.0689929657055,0.19837850290338363,1.2595536472021494,-0.13699482985198078,0.009594355264970319
218.8,199.93259789826533,-8.616222599572362,18.206351953747404,-0.01974106845650491,-0.5192251458505136,-0.01439835985556268,175.67021993046728,169.0643557933131,0.09706314889875661,1.2461027052018154,-0.13090229536177686,0.002832238239789641
218.92023482916062,199.9319669430573,-8.677900498247197,18.204581995988026,-0.019673445729514318,-0.5188291118249541,-0.01444512236346278,175.8200298723091,169.0242801314592,0.09785069167122153,1.2395521670336351,-0.1437540043922626,0.002937848029695113
219.0,200.1741899672404,-8.920823615515967,18.146430434656885,-0.004001826707733653,-0.5363021610476795,-0.016857065962833116,176.52989776606952,168.82515539580706,-0.19958503980648884,1.3530106480139132,-0.15989132906845252,-0.01843951691823902
219.12027482899694,200.12006359399814,-8.982743165386312,18.390570159853567,-0.007532167583264328,-0.5360601162643562,0.007663838296185746,176.7349621451464,168.8047647823931,-0.13419573443824176,1.3610721316893544,-0.16275186923141105,-0.01454014780355825
219.32031518493847,200.29401053923394,-9.06324297183479,18.3960978531921,0.003956985364285734,-0.5345214945756877,0.008171366115343326,176.85454735233483,168.7519058081204,-0.14456167795382185,1.3093489155293434,-0.1724393476471828,-0.014976423647217948
219.52035589662694,200.30966396182467,-9.173994657981588,18.36915471957906,0.004928875351562211,-0.5347501519447552,0.004629689762638689,177.1021972783219,168.71758728812011,-0.09409532739411322,1.297464385563711,-0.1773392929298941,-0.01086879287429852
219.72039696370155,200.22619685700454,-9.296892683881316,18.318922273131925,-0.0007776349432308018,-0.5346081679871173,-0.0018129862387332597,177.45518552209197,168.6278352875718,-0.0017346142769105177,1.3135939442947635,-0.20741779260454665,-0.004163481101900167
219.8,200.22596202758825,-9.337815106008064,18.370365814500236,-0.0007932131803339188,-0.5344963299958009,0.003339620083569022,177.55985976557162,168.60984012048218,0.01690616906789042,1.3105418636253625,-0.20990942533299622,-0.0030282324259152194
220.0,200.4514039148989,-9.205038228606043,18.337706936498925,0.012475227042665068,-0.5164379045314934,0.0011440550256776156,178.3854410590077,168.86361107591225,-0.12045776374745651,1.4184732198937806,-0.1747083010397703,-0.012856577152942895
220.12048016255216,200.04004435911963,-9.31624595648411,18.49945595409415,-0.01456713023802006,-0.5191419011959141,0.017473879759449477,178.88549701915105,168.87938684325653,-0.09920420209274643,1.5143272058565287,-0.16786637148159103,-0.01183752796801136
220.20000000000002,200.03857070220565,-9.354586632912625,18.584036931493497,-0.014595109825574503,-0.5189395539325382,0.025811923786058236,179.0061859720842,168.86393431048106,-0.07103142032147623,1.5131323580793261,-0.17015076380281532,-0.010065427141658652
220.32052229359326,200.2031317062942,-9.393041484413253,18.59242113358087,-0.0036893392450074655,-0.5175730158130524,0.026491417905678147,179.04280575437818,168.8240397741587,-0.08287243567593869,1.4683303277584538,-0.17798720896845951,-0.01071800605346552
220.60000000000002,200.20231333720514,-9.539749190660254,18.537451199819643,-0.0036700580268863047,-0.5177140868096419,0.020221142852526155,179.45216363094676,168.77495675840507,-0.1080508493265222,1.4631180736526535,-0.18441521755908527,-0.012260680847601704
220.8,200.20116679900846,-9.639259793195961,18.6656283309101,-0.0037075198116492607,-0.5174388827907906,0.032734591066094366,179.744865030936,168.73428747925834,-0.06718113638530929,1.4589810011883846,-0.18942372169782717,-0.010024156387145452
220.92065080871478,200.2595004189204,-9.694795870747587,18.666112745346396,0.00016833229488508964,-0.5170525327878436,0.032286729646703725,179.85311438021085,168.70271294532515,-0.060128293485340815,1.4377560638313063,-0.1940809761960659,-0.009649344807820256
221.0,200.34025870956827,-9.27178194674952,18.688324587276128,0.0039005335881853566,-0.4805773317454542,0.032462255017871394,180.21237166036184,169.27630053729078,0.06838086113394892,1.4935801098220636,-0.11366856919799014,-0.00039405510086690416
221.1206943531661,200.3338707363811,-9.354103552137996,18.69320312816907,0.0036524891284023735,-0.4835588092828075,0.03272968575596926,180.39308358731216,169.3458749915719,0.0657759800679422,1.4936242397867712,-0.0792561490995127,-0.0007396255159161761
221.32073825002215,200.3155504697614,-9.51423918351575,18.70223257824221,0.002927430118548735,-0.4915719670746012,0.03345644419755022,180.6957889933259,169.5788906327382,0.05889073143409098,1.4959108334703488,0.02306123743078073,-0.0014822058383850774
221.4,200.3157465839344,-9.552819108221554,18.715499088271756,0.0029240941661218844,-0.4915454497622125,0.034535306891402426,180.81435809662278,169.5804578738098,0.06223689022993525,1.4949372589661047,0.023786211484580176,-0.00113230655844279
221.72082709940892,200.32182473507015,-9.69693849386681,18.726123889152934,0.0031517765698748615,-0.48959597688700074,0.03435694482431894,181.29012658516174,169.513063896417,0.0633696114618197,1.4892362646505308,-0.0024127671530085673,-0.0011796917887819634
221.8,200.32169795133103,-9.73154250058481,18.847127869145346,0.0031165547967270724,-0.48931041728028024,0.046423204173486804,181.4084104212885,169.50929873822864,0.1003241329911885,1.4882923604608005,-0.002943155494142557,0.0009359003942931658
222.0,200.20856600327807,-9.908423184925924,18.88982048867078,-0.0037716063373678297,-0.4949678416248116,0.04785969670087143,181.32273273656253,169.41116839629382,0.2996176036768888,1.4058466637673748,-0.015427687237005746,0.015089891890659917
222.52100900996507,200.20751973698236,-10.160496897156523,18.914689940328895,-0.0037333622123466893,-0.4941703373752722,0.047802121175481646,182.05171866921046,169.37750345867042,0.307943072120549,1.3945662115191666,-0.023671674121545076,0.01571254578451304
222.60000000000002,200.20711675782107,-10.198276543434863,18.950144155726868,-0.0037432735930779323,-0.4940852207890467,0.051049533982893316,182.16190891373518,169.37469118102942,0.3176693474529891,1.3929014535054978,-0.023369187552269473,0.016349519507193756
222.92110206480783,200.20356075068813,-10.368716672380474,18.966615588471583,-0.0038739071503667813,-0.4960150072706889,0.051203315071006054,182.61112364039892,169.44756775643447,0.3222821936500247,1.3871717125716578,0.009123241170354852,0.016307041317399764
223.0,200.25341430244418,-10.739738280685467,18.987167047382385,9.728993427351442e-05,-0.5224976908169991,0.05255525502426895,182.89628912308794,169.11066673799496,0.3955704013171036,1.4173019216006384,-0.02637973565439223,0.02108382773161284
223.12114911571723,200.24641991784765,-10.847733563760782,18.89432134063838,-0.0002882870712997217,-0.5279434849513084,0.042789795018888674,183.07232389467518,169.24309500401466,0.3746957108247998,1.4164965019006117,0.03304452739576326,0.019358769397791537
223.20000000000002,200.24644306457682,-10.889923246927713,18.885108726772554,-0.00028413285191281507,-0.5279813171226321,0.04149731900524096,183.18392907721264,169.24612744377228,0.373309381996868,1.415156231309841,0.03464253511899011,0.01910823418606411
223.52124426248068,200.47674140041934,-11.022012353451144,18.958875365932816,0.014287474909791669,-0.5259975051410909,0.049105097904874453,183.43726795855173,169.23498139176067,0.2543396407450294,1.352300411594456,0.03557275659343256,0.010239665963391745
223.60000000000002,200.4771887100882,-11.05471869906907,19.17255479803222,0.014224322484110874,-0.5254129641400342,0.07062417371129846,183.5442885280871,169.23136353241782,0.3065682874019961,1.350435108059713,0.035465146985554946,0.01320592899145484
223.8,200.48008829199082,-11.16051527376412,19.169270644649277,0.01422942380293101,-0.5254605287467631,0.06883650569584157,183.81379658132767,169.23934049405614,0.3050993594113748,1.345204239752528,0.03895940986294803,0.01335993109715244
224.0,200.41347572964216,-11.334804730474563,19.169318180085188,0.009840096860607661,-0.5310662655022391,0.06871343206635777,183.71514433652266,169.13079222809256,0.1783103031975837,1.2624296587143122,0.0267148298212766,0.0044294126312757025
224.12138958882198,200.42136926652822,-11.439706908229102,19.178846708278297,0.010189866795420726,-0.5365914265174887,0.06921165758570516,183.86418822199667,169.2773501229661,0.17608431861331725,1.2556364002433675,0.09324827688174123,0.004227018411385438
224.32143872426101,200.05161700848467,-11.584511559219566,19.188590140791497,-0.012967888761348861,-0.5384535355638835,0.06867582078566101,184.39706582237676,169.3199212137671,0.18397367107057694,1.3288369007001395,0.10285357083289132,0.00487430726867054
224.60000000000002,200.04845239610293,-11.740900116167051,19.060052167623834,-0.012925369770434295,-0.5388790342214413,0.053485736651114724,184.76581537096146,169.35431167964884,0.15211209543630638,1.321488736849828,0.11173781592095722,0.0026726200861605857
224.7215380326087,199.85657471057456,-11.812541455594573,19.11800214297866,-0.024672820539774733,-0.5390720477290373,0.05988706154093655,185.09338989614568,169.37592365811966,0.03904736729672342,1.3638947413225824,0.1159765282347535,-0.005484851975454892
225.0,199.79945807503034,-12.220270324303137,19.194934653614503,-0.027592620973317696,-0.5584837221284369,0.06251891660986053,185.22534077552356,169.137350682446,0.4745267079001651,1.304436656689338,0.08883307977211938,0.025193087843621495
225.12163872142088,199.82863277111372,-12.296983954263538,19.149568956637697,-0.025592204782709863,-0.5590383605545025,0.05609212393410937,185.36198006791162,169.1518963817415,0.5780411453684464,1.2949955291774073,0.09325806218172485,0.03266645529254302
225.20000000000002,199.82982872225656,-12.290586711831747,19.29303067483294,-0.025312780166556522,-0.5530839503623814,0.07001943273542553,185.4607991705172,169.0117921928765,0.6147080634912195,1.2934062844630823,0.0324281221012986,0.03500042909168063
225.3216895824322,199.72764053883765,-12.366216045459693,19.304313399748644,-0.0314039736294241,-0.553477624269133,0.07035105984721222,185.69026434990872,169.02074398975063,0.6129425340101976,1.3102412511084947,0.035057889137912294,0.034824051878035125
225.60000000000002,199.72371517483583,-12.475214549922804,19.306148093795805,-0.030976860271104543,-0.5476399136660799,0.06816399899719534,186.04930779601983,168.8458099080309,0.6205396669433686,1.3036485976592098,-0.035202292721241236,0.0352112241633415
225.7217923355079,199.96940239706706,-12.517750911037151,19.325641633679666,-0.015714488767951715,-0.5464768915563409,0.06955802799446704,185.99429693028276,168.8258111034334,0.6017918857075675,1.2425546623685821,-0.03746872522271334,0.03358023501466214
225.92184422670275,199.5970766432476,-12.658690425730054,19.33822454906401,-0.03826749412404727,-0.5479661646520098,0.06937133003397193,186.58530447506237,168.8421293329029,0.6095078354703525,1.3274434740712469,-0.03345505137215936,0.03353907907184707
226.0,199.58889984357575,-12.775197473238169,19.307483714990088,-0.038391086595878955,-0.554254921338051,0.06766022456490074,186.6783247401421,168.7378944345912,0.3818274578764944,1.3225643912663512,-0.04567833550744857,0.017397117563119548
226.121896460419,199.58746252584766,-12.824075084068719,19.37075936973766,-0.03817934036066901,-0.5531947286042137,0.07501926836799537,186.83715488593157,168.72561575428537,0.1998994729645537,1.3193068215639814,-0.04733013184444018,0.0046269599672514525
226.32194903621658,199.499354324959,-12.935726635879087,19.34435556817491,-0.043063118270599755,-0.5520996440592776,0.06986633560639378,187.15856377099965,168.66969035431623,0.2837545347001006,1.331144316853286,-0.06907744049785305,0.010666593165574053
226.52200195365313,199.4456756930579,-13.063063104273027,19.29703500643094,-0.04583559688029925,-0.5530255386301262,0.06242864051615642,187.4604120288274,168.66357811644667,0.4065984220600061,1.3365938865714029,-0.06858057160817141,0.019245853659093384
226.72205521228437,199.52133039891336,-13.16493233728331,19.32016938146058,-0.04062207869482443,-0.5525951460142918,0.06372128369843387,187.6531984581465,168.6442403842252,0.39033516923089734,1.3121693613552214,-0.0704567070567446,0.018230782585957325
226.8,199.5185255562546,-13.216225687473237,19.166942236315723,-0.040611842173893846,-0.5534792459232285,0.047715331793016375,187.75581665047903,168.66318544231115,0.33873422420397475,1.3104494765027597,-0.06187125194071694,0.015050958232792993
226.92210881166383,199.6021155344314,-13.262871253485974,19.23792754936236,-0.0351482851158441,-0.5523703097755125,0.05569675027685082,187.83039294849073,168.6439964882424,0.20459664442338105,1.2848763897676743,-0.06420767947276987,0.005485793606037567
227.0,199.78410694527582,-13.051031949954936,19.22757717752461,-0.02388932787963181,-0.5326516020707323,0.05439232885639865,188.33307432595095,168.92456973387232,0.15063930630640246,1.3641285709507254,-0.03042577629154551,0.0015870084077913345
227.122162751343,199.7811787655516,-13.114932755392182,19.234162147893855,-0.02388231136652435,-0.5324792356996515,0.05437395847405871,188.4994560954504,168.91626302336292,0.1509629888476653,1.3620537297822448,-0.03260916842967017,0.0018975403871739575
227.20000000000002,199.77926594341133,-13.155164027261117,19.270033085575232,-0.023889121742767645,-0.5323945119266525,0.057585250372908736,188.6054658410811,168.91286285861327,0.1611730126163333,1.360704377967661,-0.0328631627907541,0.0026639371596299333
227.32221703087134,199.65409867382033,-13.234839766454423,19.250181423584813,-0.03147684425137366,-0.5331346581476422,0.05430498980251283,188.86455484801277,168.9162172291946,0.2145527247860121,1.3848849683386275,-0.03209119941622843,0.006432879462542786
227.4,199.65227063498227,-13.267478863533569,19.230307834911173,-0.03135293541679842,-0.531636742003098,0.0517433851532118,188.96981090563506,168.86536157130325,0.20822714793181452,1.3833734339279973,-0.05315421744373909,0.006156670905300154
227.5222716497962,199.60387271374955,-13.334735434225394,19.240116967413954,-0.034124170827545805,-0.5317309754685744,0.05217010101827579,189.17614291882563,168.8604396847155,0.20132193891363792,1.3917651265579438,-0.05342668262939615,0.005817766747596571
227.60000000000002,199.60157818600788,-13.378465676375345,19.105034865515584,-0.0340571338116925,-0.5316158788037855,0.0380216922456007,189.28315848063102,168.84384467412949,0.15411032324608234,1.3905313774885293,-0.059655352582908515,0.002875968960571109
227.92238190401508,199.4525646327095,-13.558219507647884,19.11936011353494,-0.042700791720197015,-0.5319942697135683,0.038272441638214284,189.8711062338626,168.83120280787526,0.1496802337580913,1.4240061540958595,-0.0610767677430679,0.0026141204734432284
228.0,199.40576231365782,-13.565615383162239,19.07680798771374,-0.045362077716963066,-0.5290903707449934,0.035466747730287164,189.8854998263391,168.80454868372956,-0.07884207994510037,1.4044744421152764,-0.07452555839399048,-0.013510192728781024
228.20000000000002,199.3965849168215,-13.668497586873322,19.161171832630426,-0.04537703459841193,-0.5288832538439068,0.04339882076209331,190.16629924909688,168.7873658322821,-0.05661265005560646,1.4026992383531696,-0.07648587813933246,-0.012000466317168931
228.32249351033875,199.39101933570717,-13.733341753845973,19.166491070692068,-0.04537838894977438,-0.5288951112572073,0.04340017258419447,190.33806322632813,168.7783409557158,-0.0580879436680506,1.4012052457995612,-0.07704985125781014,-0.012044695129906963
228.5225498193872,199.38093271583057,-13.847299644456402,19.175642591208497,-0.04562077904262954,-0.5308800413447383,0.04363541333170494,190.62442130138993,168.83695196546927,-0.06188827204840831,1.4004869386901204,-0.04538419123665132,-0.012010753275058265
228.7226064650748,199.33136695921857,-13.956638579965901,19.180817744782292,-0.04817447810412012,-0.5310301046505942,0.04318669007846245,190.9430221164673,168.8298337659792,-0.05665889717828319,1.4091670741260873,-0.04546069867281714,-0.011581242613894996
228.8,199.32760532325122,-13.996724435783012,19.21307568199904,-0.04817950331589169,-0.5309589667802224,0.04615391586269032,191.05208315856856,168.82541593231156,-0.04810491820139779,1.4084161898970933,-0.04584160410469898,-0.010942152025294392
228.9226634469351,199.25706789426428,-14.058671738754363,19.247111828020138,-0.052265349102016294,-0.5307415763362061,0.049759493328477185,191.2924652136824,168.81935710761186,-0.11669583962188793,1.4255595409586106,-0.04641221899256636,-0.015941386076443565
229.0,199.26013755702297,-14.163791988020916,19.285391432864177,-0.05174416241679706,-0.535431710858158,0.0517448127486134,191.4167223411012,168.75928909275194,0.06816541542832269,1.4273851760426315,-0.05364951997479515,-0.002800566647798668
229.12272076449986,199.25419310947473,-14.226748268640552,19.291681969284685,-0.05167645487017886,-0.534909739520515,0.05169639306943156,191.59044073083714,168.73744859982853,0.06800738854972206,1.426000958026283,-0.06093521462774863,-0.0027006670320099176
229.20000000000002,199.25015472464432,-14.266465511000067,19.33705334769166,-0.05168358474424551,-0.5347952702176303,0.05595814887786393,191.700672193754,168.73155781707487,0.08068566371552582,1.425583742159527,-0.06151240476249259,-0.0019165572734176958
229.32277841729896,199.4125969719215,-14.339061316180217,19.277413156156683,-0.04099650096250193,-0.5353084498050653,0.04756884808048787,191.73892694894653,168.72604722534032,0.22858099357699918,1.3856004939171265,-0.06003077887881159,0.008784874839737547
229.4,199.4095759891367,-14.380838599351174,19.2933156379252,-0.041007605841751976,-0.5354756952622065,0.04884579452311012,191.8463209231223,168.7279876305674,0.23323554618705286,1.384788309927221,-0.05713164788397189,0.009009848072705955
229.52283640486036,199.65579756904611,-14.442634602424011,19.263380707026144,-0.025050630139554685,-0.5354105169377796,0.044263605160944054,191.7929983128643,168.71750973450906,0.32022898187461746,1.3207543434812343,-0.056269714159563396,0.01534913282108648
229.60000000000002,199.65912021590933,-14.49231205256827,19.18721171204704,-0.024898356627283656,-0.5372632686880016,0.036206435998997234,191.89606970984377,168.78202404027812,0.29496809594585177,1.3194809546807686,-0.026286009158616352,0.01364541033081751
229.8,199.65419949526827,-14.602251355298089,19.122524695031718,-0.024887353818318133,-0.5374395487214898,0.028759471873911324,192.15947527855303,168.77909360581472,0.27383117594802403,1.315353060005629,-0.024579345530964733,0.012389382246669585
230.0,199.5797825082696,-14.781105064297627,19.090327284677695,-0.02898451450493584,-0.5434539539127947,0.027122440753205364,192.25262723965247,168.67184724819185,0.02519782350351807,1.277465517065733,-0.03555134155655243,-0.005332534194152505
230.12301237137035,199.549511305397,-14.856518854530918,19.064780302552293,-0.030691722106512942,-0.5439298483836875,0.023391482166206554,192.42962262144565,168.67102842815245,0.09285917101471873,1.2803228695162854,-0.03405998979877401,-0.00027223982746548466
230.32307169322397,199.43276667326143,-14.96666869351551,19.126131261238793,-0.037943769335164135,-0.545409566982283,0.030939526858891193,192.7820484093422,168.72860798992312,-0.04657259599017809,1.3031703243392636,-0.004065796873674733,-0.010443375551758078
230.52313134745236,199.47267939476293,-15.086532963421215,19.107395555331863,-0.035058259361878764,-0.547136179394642,0.027820423776713604,193.00427575685788,168.78399389396128,0.011077195400239874,1.2884218606659583,0.02263428755079813,-0.006339081893702839
230.72319133357274,199.48134719412,-15.187036014770143,19.147517734156732,-0.0340444966645981,-0.5466391181583148,0.03231397150242616,193.2460383732041,168.78457589289522,-0.07110524543619945,1.2796057828512488,0.02509332749650918,-0.011841437214400652
230.8,199.4786482937425,-15.223461528487313,19.320353748426623,-0.034067281589647,-0.5462368912524663,0.050161429906269456,193.34439636349018,168.7814345787676,-0.01188037895225584,1.277767943298947,0.025300093138066495,-0.007881590377452213
230.92325165110046,199.47470420236147,-15.291032444262017,19.32656951636623,-0.034069799816738966,-0.5463709909226883,0.05018043728378147,193.5021927343251,168.79138439962944,-0.01295019833951328,1.2751957807519918,0.030143939210866593,-0.007766609245554059
231.0,199.65894591890566,-15.126037921111497,19.308350279797594,-0.02294594404684084,-0.5305182581894377,0.04863190554769945,194.03027603704402,169.01402498827076,-0.12326236253180568,1.3590208533973138,0.05581833893873217,-0.015330436978991753
231.20000000000002,199.65436932316297,-15.233206909123513,19.289910454584607,-0.02294222003358262,-0.530595621840488,0.04557226067785938,194.3017502342699,169.02638340020638,-0.13512007511347218,1.3560799277759221,0.059751475934348125,-0.015873373402557626
231.32337327843103,199.65186790026925,-15.272595812455217,19.29446672629207,-0.02245145859230543,-0.5254722979661565,0.04502371730735676,194.45349483492842,168.86632747117417,-0.13386502743205564,1.3501143557029212,-0.013889289557957422,-0.015845307027947148
231.4,199.65022947414718,-15.319396381615645,19.12444049914368,-0.022429129682638844,-0.5259402910156323,0.0266512489887068,194.55675174395756,168.87042418463741,-0.1889706137629375,1.3490127480616025,-0.012264255227746181,-0.019500824456232742
231.52343458725613,199.84525537916662,-15.373880193085169,19.13886339955383,-0.009652999036679195,-0.5254378308098494,0.028149699356321146,194.5415754625021,168.8637382428356,-0.21979806281036934,1.2961821201281785,-0.011658424668301925,-0.021669397119971012
231.60000000000002,199.84450297976895,-15.412892505868871,19.175231390999645,-0.009657201592572023,-0.5253500997773511,0.03178076676263189,194.64078072647868,168.86182042956779,-0.21038770239624574,1.2945538721671728,-0.011516228093913488,-0.020851649714507342
231.72349622553315,199.8419935552819,-15.474042282659472,19.17900918348854,-0.009638228082508315,-0.5243887431601361,0.03167331291098565,194.7976793507593,168.8203251831382,-0.21241010559014362,1.2910181721037837,-0.028061035124057325,-0.020877366320571824
231.923558192769,199.63814637449352,-15.588969011978092,19.174383896610184,-0.02274317890664016,-0.5248770950542372,0.0301838894717697,195.2769494139477,168.8208302074485,-0.1880201962020318,1.3464232175582111,-0.027346314376164152,-0.0190133054940118
232.0,199.9345380077777,-15.639342665111174,19.203234968371273,-0.0046394104048841645,-0.5257187926349001,0.031476925710097935,196.1132993912603,168.81323026647195,-0.021123968139446725,1.4886991668372669,-0.03336981901377937,-0.007405407249842136
232.12362048846902,199.66278830128957,-15.70515795515897,19.30559813522574,-0.022142089455224615,-0.5255821936099095,0.04243399531435958,196.50552649452453,168.8078036617854,-0.05006229963741343,1.549517240407864,-0.03479964140084216,-0.009490149197996995
232.20000000000002,199.67949429999265,-15.710710044400686,19.371968584542167,-0.020589581693261045,-0.5202060999311241,0.04881281940608709,196.59681143262222,168.65196666288736,-0.02815661419409495,1.5423371534096457,-0.10392409626281442,-0.007797323890964936
232.3236831121369,199.6757798176219,-15.772800407605356,19.38643955970288,-0.02066397230210333,-0.5200783572489808,0.04995716351942988,196.78862216791381,168.63810285077753,-0.051589684090604396,1.5434777682943168,-0.10549775849253082,-0.009454720237105299
232.4,199.67420111188252,-15.812119747666502,19.40066174970135,-0.020665085527636465,-0.5200511088896854,0.051075630597621255,196.90644155227807,168.6296984671916,-0.0488723317550982,1.5438871145595143,-0.10664028283509995,-0.009322567023568392
232.5237460632747,199.54713859277595,-15.868132567172832,19.451180052549493,-0.0287342149762033,-0.5195230396803361,0.05714031358059858,197.21237040144965,168.61227394452087,-0.17361714557186417,1.576936938989848,-0.11026261448125273,-0.018261881872663928
232.72380934138295,199.52297650075744,-15.971675143432952,19.46616098974053,-0.02993292756328662,-0.5194929983909529,0.05762643329334795,197.54673447864812,168.58967390812919,-0.1870294668516855,1.5843571311565139,-0.11335881353174497,-0.01935560641737741
233.0,199.297518416408,-15.905606079313396,19.476340571333097,-0.04329217546207853,-0.5024130429000145,0.0569212510584093,197.47741405954437,168.78164983722095,-0.20755763112713685,1.4908775926154978,-0.09032443309708145,-0.019933422550680105
233.12393687650476,199.28963956476076,-15.978332773667852,19.422610714169824,-0.04353599475570136,-0.5038136170981966,0.05050691938550216,197.66703359854128,168.8057144714638,-0.2305029563075259,1.4928261783539143,-0.07569263810504012,-0.02135056210638432
233.20000000000002,199.28631913987488,-16.022997167436404,19.25707293926026,-0.0435208077188176,-0.5042813615235692,0.03208369126065424,197.78049332662616,168.80490017952826,-0.2857279528247906,1.4931303567919207,-0.07525467429826424,-0.024826372770818207
233.60000000000002,199.26891617559667,-16.22276608625528,19.323427567765563,-0.04352521694323304,-0.5041394445809931,0.03793400837790588,198.3780560466622,168.7724834377929,-0.2793512669413185,1.494558643735082,-0.07865767912425367,-0.02340595875973016
233.72413061888855,199.2654245416824,-16.27997031394732,19.327994206601996,-0.0433106342733209,-0.5031778656811381,0.03783886404181894,198.55785170833235,168.7259341783698,-0.28174375754406067,1.4932126056146653,-0.09513497528322995,-0.02323820743896463
233.92419584824285,199.40292946006718,-16.387677651966243,19.295673481440645,-0.033749950405822675,-0.5036519210756806,0.032368178965359415,198.69561771299323,168.71272142844748,-0.18102646054677551,1.4508312949600775,-0.09469668461662427,-0.015705334724304233
234.0,199.39391870084472,-16.36854273170084,19.29485681366963,-0.034182050453933494,-0.4990981093572681,0.03210088846682965,198.78432989617446,168.7666013449707,-0.19863654507782463,1.4467234650031875,-0.08846029239678381,-0.0169022782674251
234.12426140102795,199.53226400042357,-16.431129238458787,19.285242518454236,-0.02492266331525206,-0.4992267728936533,0.03028234105192174,198.85417736240237,168.75806916411932,-0.1689088935563425,1.4147362941929909,-0.08803877524373675,-0.014926709576544187
234.20000000000002,199.5299338608701,-16.496345696756258,19.34833688906662,-0.02523919979258819,-0.5030660861308699,0.03720073546625315,198.97129128984895,168.85806549994078,-0.1529840729980629,1.4174719702502085,-0.04102207135583141,-0.013667446858704059
234.32432727673233,199.52830447474082,-16.555091095013832,19.367733117978613,-0.025139663751920442,-0.5028497199115531,0.039200134431914425,199.1462348948233,168.8513377866724,-0.19067183937013155,1.4164251318935395,-0.04121760984101455,-0.016318767710516578
234.5243934748429,199.7739797436952,-16.674520542475836,19.29773656067284,-0.008859449445332936,-0.5044163561947844,0.02875788441877293,199.20102054368678,168.87298360828987,-0.007954963332512499,1.3521580697724362,-0.02931323033015807,-0.0026571781735147473
234.72445999484523,199.85987504542635,-16.761724288223885,19.354761611287017,-0.0031265697442523846,-0.5036929400794559,0.035641953972664626,199.38333808987036,168.86230329890475,-0.1273647125125894,1.3258285001099002,-0.029406687770199294,-0.011372172478479076
235.0,200.12192255798885,-17.132876515672045,19.405219322656706,0.012944366663706271,-0.522256114125684,0.03849505084104373,200.39378586345973,168.61980909474167,0.07248207819889066,1.444663311904136,-0.05612348844759532,0.002576202972678767
235.12459399846037,200.26165920425905,-17.186718501022103,19.59843901979947,0.021931809403732946,-0.521590599236184,0.059055232604183015,200.4669635014923,168.60831047108445,0.10486442293136335,1.4134119581383233,-0.05669084913905083,0.004490228337401525
235.20000000000002,200.263225099517,-17.231300633963578,19.460529700450266,0.021938143587031007,-0.521981705833375,0.04354919783823027,200.57348210588086,168.6081975834382,0.059440066439226696,1.4128670500070042,-0.055772365231370996,0.0013439330033535235
235.3246614810374,200.26599230528237,-17.294917045134923,19.47190046308019,0.021940767214801277,-0.521897885865395,0.04434299524633459,200.7495247938111,168.60060339437848,0.0459464770216677,1.4117776338364842,-0.05563182252986238,0.0003323522447584871
235.4,200.2676836896785,-17.332160232956852,19.53462415687695,0.021938281674815954,-0.5217426008028483,0.05080214499197611,200.85587760058908,168.59464516243995,0.06573184334426746,1.4111591949488584,-0.055902507524171294,0.0014196159102814116
235.52472928343454,200.28505100896496,-17.394288775400288,19.55197250046907,0.022898203151787793,-0.521581812128723,0.052287806446493855,201.01826645751083,168.5865483396984,0.03923354470120074,1.4066224712576192,-0.05580731725426456,-0.0004902804384079929
235.60000000000002,200.286759627609,-17.434281548470185,19.533732420823043,0.02289907711941925,-0.5216369359398144,0.04987722421800275,201.1241143802815,168.58303346676527,0.03156447152690608,1.4059890481041353,-0.05535925109647361,-0.0010563865018602277
235.8,200.29143381488993,-17.534108505348495,19.68213022128765,0.022893941283058654,-0.5213001923973968,0.06494642596535055,201.40520924836034,168.5675800512988,0.07807409930287837,1.4046203687948586,-0.05606227851420867,0.0021525761417169244
235.92486584560288,200.2951016447388,-17.60433096112973,19.690380189143223,0.022846058245243318,-0.5221963130798345,0.06503842013449593,201.58449071973973,168.59784951193495,0.07779854156895527,1.4049363833132407,-0.04074575491381867,0.002405229035928587
236.0,200.45347848507444,-17.598071161123002,19.691587048654423,0.03230123195978762,-0.5188180249755693,0.06477632538972658,202.0692590473222,168.64227165358457,0.0578252594071486,1.4775301665488438,-0.03577448387888539,0.0007442617961092896
236.1249346043276,200.3012100420129,-17.655210656324773,19.73437530793261,0.02206161521269634,-0.5182674663033654,0.06943993578857477,202.37632088858558,168.63135585488257,-0.02430325617357601,1.5128368565814305,-0.03738679125900053,-0.005154282998613499
236.4,200.30715228581593,-17.803309922163265,19.6007269982579,0.022065371005839975,-0.5186781507322022,0.05275968937948102,202.7925515997855,168.6258626942138,-0.07356750335983142,1.5140028604277822,-0.03508555922465523,-0.008001933989392907
236.72514278475813,200.10777810056913,-17.98443700990258,19.57202692460939,0.0084584676314086,-0.5192804766156995,0.04658528640004477,203.49511809953182,168.61678482077633,0.03231558350394281,1.5722002805653321,-0.033565355667109026,0.00010036616007919833
236.8,200.10839820690035,-18.023825235513332,19.56019638970833,0.008458782793076478,-0.5193186745886778,0.04491512938457305,203.61283605265058,168.61478230344207,0.02742940936814789,1.5729133215506073,-0.0328945379674228,-6.034842688775111e-05
237.0,200.1226034354393,-18.152704417240457,19.555437688119444,0.009230707844440314,-0.5215000455802021,0.04426774692090731,203.96358471440064,168.57008344743068,-0.06430504003745408,1.581835873123089,-0.0368593937244637,-0.006553671569685811
237.32535381047924,199.92085340506875,-18.320903271573155,19.675127933424847,-0.004178473092006476,-0.5212314479409805,0.05508372227044556,204.6519957140555,168.55234655666163,-0.009948031538984475,1.633785885112061,-0.03714232882837921,-0.0029205608273343703
237.60000000000002,199.91080464328292,-18.50988051283136,19.607033924465014,-0.005056220986536352,-0.5263036664777689,0.04627523275329115,205.1228961818105,168.69156817722632,-0.03782425522556804,1.644545798223786,0.02215681775902511,-0.004357422103579952
237.8,199.9097422129811,-18.61680318777211,19.570509279002835,-0.005056394687884835,-0.5264241148126255,0.04128436011165768,205.45212140927416,168.6977859992163,-0.051813280923945604,1.6476118485844917,0.025440322691591646,-0.00535416530781183
238.0,200.0146216710822,-18.856773796083225,19.551519658322412,0.0013807294940994651,-0.5376875588170323,0.04040724981345478,206.13598220646995,168.52101336229563,-0.2747921786044765,1.7204972915041883,0.004244387543286432,-0.021788388383267382
238.12563957930726,200.018525752724,-18.909366630401596,19.55628868690717,0.0017220275950206496,-0.5360462988217568,0.040289097269653566,206.34580898069103,168.4828797345558,-0.2768338153700815,1.7215369793444102,-0.010356402567607146,-0.021772739627616736
238.20000000000002,200.01862863807668,-18.949954405902606,19.542014907213616,0.0017215310250607067,-0.5360985866038166,0.03840418740184315,206.47389155731796,168.4826666283699,-0.28284619953837437,1.7232562512271317,-0.009438981886446192,-0.02224756443722465
238.3257118038775,200.028323205896,-18.98145212903539,19.546191524722982,0.0026178104770249993,-0.532016714330567,0.038108324680285285,206.67139909935415,168.3733601828372,-0.28395551747338615,1.720212731083466,-0.05319594681089954,-0.02196014656284189
238.5257843403184,200.1023842445782,-19.086698234874486,19.5623363652696,0.007371380754675688,-0.5320220202337198,0.03923691209212922,206.9510909875957,168.36536120213222,-0.30801725786316103,1.707116588665715,-0.05190479590198095,-0.023558105815339077
238.72585718809077,200.1273270639137,-19.19699817693537,19.59588446055753,0.008794126539002804,-0.532863204419926,0.042670584765635004,207.27514128505354,168.39066335123496,-0.37117281289695325,1.7066543483085732,-0.03689896668304352,-0.028065506063423735
238.92593034665424,200.1283788102393,-19.308097731450115,19.604594705755297,0.008670020552212618,-0.5335274786484274,0.04274233436248664,207.62183378803286,168.40949271484564,-0.3772998924224492,1.7120495097467001,-0.025429002392329397,-0.028077029426261727
239.0,200.04558163981397,-19.22234723313563,19.62587066046667,0.0035467799670759912,-0.5231349024009261,0.04338663352382823,207.46334293474175,168.5588015920451,-0.23874135871798904,1.6580033956941698,-0.006929321251031857,-0.01792545093062521
239.1260038154675,200.04622873320966,-19.28532101145032,19.631319937877052,0.0036026109673418997,-0.5227338596790352,0.043357266679531214,207.67052730547462,168.5474565482527,-0.2409031855439046,1.6587336825248806,-0.010535118668678362,-0.017781984423098886
239.20000000000002,200.0465977212355,-19.32174644988388,19.686598836044567,0.0036061195671367686,-0.522572747319202,0.04898508505125361,207.793260190481,168.5450687439825,-0.22928160162583694,1.6596281506270008,-0.0102634623915445,-0.016933778441103633
239.32607759398817,200.04613175959034,-19.397347050683383,19.692834849893107,0.003340689907201157,-0.5241353433669894,0.04911782584904242,208.01210452891493,168.59220257651418,-0.23190561350840194,1.664477421542452,0.012908144340811582,-0.01726954233398576
239.52615168167287,200.04254237187004,-19.499432467567797,19.714834932194318,0.003068599315337344,-0.523973794376995,0.05066612369262989,208.3489659640588,168.5936430619899,-0.26044069035756595,1.667751380191539,0.01557064447295539,-0.019272675284539846
239.72622607797726,200.12578641883601,-19.607192604896152,19.719487460213156,0.008339764236566927,-0.5242244441924261,0.04997809892840101,208.60695000059434,168.602582191444,-0.2530815384650992,1.6503042648896102,0.01997789459853642,-0.018124597664607476
239.92630078235587,200.1268172182934,-19.710425797660417,19.729497382373342,0.008467026003379775,-0.5234565571524837,0.04988508928793197,208.92882633674938,168.56801364494868,-0.2563827422270261,1.6493390646812247,0.005447963181402872,-0.018316457434097627
240.0,200.30099830960376,-19.61070629566803,19.72788280856973,0.019248407125966184,-0.5125230690956686,0.04931231218891502,209.55162338560243,168.70077139088795,-0.2740319652761167,1.746879919113157,0.018201750820057976,-0.01953160339948165
240.12637579426243,200.29958751369398,-19.685750892219716,19.734221122332748,0.018717576081321935,-0.5144415837489499,0.04949318686284971,209.7867425534682,168.76055866306245,-0.2771385278358141,1.7545098720498769,0.047396940384162686,-0.01964501763126731
240.3264511131497,200.68862358896638,-19.805621630072128,19.71173419281688,0.04314101111412186,-0.5158329030756296,0.04556557383998831,209.84342057530532,168.7948278361784,-0.2251900409391632,1.6780779891582966,0.05872280820183801,-0.015581255874927478
240.4,200.6930382013118,-19.85606755346838,19.525914929440848,0.043060744873260365,-0.5173996736129366,0.025707716395455042,209.973296929934,168.84121588469677,-0.2762617369673545,1.6811781045303056,0.07792923895239798,-0.018656464387337892
240.52652673846936,200.86885942403086,-19.922699111611895,19.546494421067862,0.05384688828946203,-0.5176512982066689,0.027842828121068836,210.04497525028344,168.85996934038715,-0.3106255795428493,1.6445758664804064,0.08346413052874875,-0.02094060918856081
240.60000000000002,200.868860357884,-19.960466766367677,19.463543734640112,0.05381286699488925,-0.5167941666908908,0.01880790681122025,210.1588561783901,168.8228912921638,-0.3359708017682771,1.6426392600320447,0.06491412638422812,-0.022435860055432442
240.72660266967233,200.86226909542518,-20.018649197716986,19.467309444939936,0.05387036623949103,-0.5127109644593182,0.01847190461610725,210.33251142389378,168.63639818333118,-0.33972319553256886,1.6313929750637701,-0.02040439798325032,-0.022509386982510614
240.92667890620856,201.02852142492134,-20.1131775128561,19.53090084391596,0.06370225721737466,-0.5124318590893018,0.02583587099776544,210.5078437697554,168.63721605358384,-0.4623528727292112,1.5935754986215904,-0.018711851173773268,-0.031474935557028544
241.0,200.75085518997992,-20.024466750740537,19.50021052572266,0.046095469889832846,-0.5026563454674149,0.023708289968277986,209.8392209059742,168.77942319337325,-0.6412222963659961,1.4431165883405574,0.001629821070229586,-0.04397154580584921
241.20000000000002,200.76024350018878,-20.122308536084123,19.566626965424,0.04610273534088908,-0.5024686084047595,0.030107534562211165,210.12755138615313,168.77793813773718,-0.6337385849664688,1.440702310142929,0.0012581971575566734,-0.04337013844078698
241.52690944230326,200.77420910248662,-20.28594357003515,19.57641084850067,0.04608191457640767,-0.5022181855725502,0.03007212968045164,210.59644147793742,168.7677255068091,-0.6478190988059104,1.4360614239860219,-0.003769436740733466,-0.04382828344029583
241.60000000000002,200.77776512949987,-20.319688856613254,19.648273732101863,0.046090024805558294,-0.5020141404374463,0.03731054483359121,210.7012923013725,168.76523163489094,-0.6332967398490635,1.4351635544413999,-0.004428374910266558,-0.042966093808187875
241.9270646495762,200.80031220872448,-20.484668779085673,19.66091760207765,0.04609738641918484,-0.5040673245322045,0.037637714757366825,211.18920068280352,168.87841674294202,-0.6493126072868355,1.4380430699817544,0.04444167220477318,-0.04340956761801064
242.0,200.84421194906813,-20.706106968878878,19.684067143071783,0.048577620267820844,-0.5185582349078134,0.03893253674405853,211.49050331473887,168.68844800851178,-0.5227535694465354,1.4764808026713452,0.022493865595919992,-0.034690003206753195
242.60000000000002,200.8729123971055,-21.02407881149013,19.561305160980925,0.04855720463828974,-0.5190127471749555,0.02423907039315731,212.37534654755657,168.70779302737446,-0.5752303580040169,1.4722563924838703,0.027988699516985113,-0.03732822858478486
242.72737868384922,200.79694424256928,-21.077485507661557,19.605054561262087,0.043461426380824945,-0.5182178768421484,0.02916091796524521,212.63209900269536,168.70142218848179,-0.667502013571561,1.4895996412227706,0.026209545314109725,-0.043911592742918205
242.8,200.80028910634078,-21.11333067072402,19.642056565067946,0.043483007185132934,-0.5180403028796856,0.032747003470584346,212.73950276887976,168.69876525249228,-0.6625801870131407,1.4890645031870329,0.02515405125909908,-0.04359135619650827
242.9274579432789,200.804238761182,-21.17409521982671,19.667911732845685,0.043383196624058776,-0.5177476445388438,0.03539351419634231,212.93064201887924,168.69939235824666,-0.7182140988096855,1.4885191951267664,0.025939049702436268,-0.04763741135575292
243.0,200.8048794383484,-20.982434012991202,19.660255488579484,0.0434230121731306,-0.4989892334611272,0.03439483054404703,212.96375437197239,168.9102388131112,-0.7703584675765727,1.4718662135870753,0.039833931428444776,-0.05100555535810544
243.12753750193644,200.71024956547532,-21.045606012469786,19.594715708601413,0.03723503700628021,-0.4988902662246716,0.027213920869215657,213.21665152762125,168.91199430520373,-0.7844211754068378,1.4889475259304203,0.039684223258223045,-0.05148956207277414
243.20000000000002,200.71297807464197,-21.081345707773394,19.605670667801036,0.03723651033633836,-0.4988622507093745,0.028138361217803394,213.32451774698077,168.9146232733526,-0.7859315176083227,1.488561095474103,0.040029553716140906,-0.051523270690896794
243.3276173592622,200.6934679216253,-21.141091263579842,19.620267836644675,0.03573818155005672,-0.4986159570336338,0.02948417179474365,213.5315560685899,168.91713290247293,-0.8184924004998286,1.4924594139666263,0.04033995340676849,-0.05346472125119953
243.52769751469586,200.7668784825431,-21.252373650707945,19.59216680222299,0.03982856000575848,-0.49933235229613415,0.02533458437403264,213.77927023156283,168.93359518367487,-0.7505000762759529,1.4779588566550768,0.044317422483561235,-0.04847845532044671
243.60000000000002,200.76983077283245,-21.287544849390283,19.61661859920052,0.03983203568908009,-0.49926867738672137,0.02766235833326209,213.8860877286524,168.93614631855337,-0.7476574314212123,1.4776000696453784,0.04481267520380111,-0.04809840682381984
243.8,200.77821952709647,-21.382010148580864,19.754935176188745,0.03985221168088453,-0.4989027928403665,0.04135386479898656,214.1812705505303,168.9412127432784,-0.7207236691215324,1.4760275289039442,0.04617745658992865,-0.04596965249192043
244.0,200.8409873476725,-21.32663261746094,19.77592952327493,0.04334460129076085,-0.48633861407803797,0.04163873436772106,214.59863490687962,169.13691296266944,-0.6083019812517668,1.4973174889528675,0.07119557901485675,-0.03719992301089355
244.1279397640307,200.5795813801544,-21.380250686511577,19.7625325197055,0.026862104582416266,-0.48558288204377675,0.039336219205730744,214.9642765469806,169.13310229577888,-0.5701885632125812,1.5443605796547573,0.06889852907248892,-0.03427167706664056
244.32802110627924,200.67883087713847,-21.464360466154442,19.753579297644983,0.03289612116752563,-0.4832267430841134,0.03710017718003572,215.19543946622898,169.0682391469715,-0.5389862169558433,1.5218404450155325,0.03726672327750557,-0.03172034182915778
244.4,200.68119950711926,-21.49913297728829,19.756479144912014,0.032896161339546974,-0.4832260845581081,0.0371239194492354,215.3049693280618,169.070927310802,-0.5412043153713788,1.521537624113231,0.03759499505599852,-0.031641414393986794
244.528102743824,200.67592467967725,-21.592017788096737,19.761992856078116,0.031878291042735124,-0.4879246426517307,0.03754791299705361,215.52966143719811,169.2330247170909,-0.5473231529152334,1.531404840396024,0.10374855645693468,-0.03173570469096365
244.72818467610094,200.6855569238386,-21.680637525519053,19.76930254906419,0.03222724656315118,-0.4864379380721122,0.03741031288048272,215.82486989664443,169.19830218638606,-0.5530423305338275,1.5273606804516322,0.08458743564786564,-0.03147877428583848
244.92826690254515,200.69393763888868,-21.773420370311705,19.776685581163072,0.03244349895478423,-0.4855692329383741,0.03732477741164185,216.1226589050067,169.1785342391384,-0.5590103188890301,1.5244153889978123,0.07282847715691876,-0.03179215407269621
245.0,200.51542713324258,-21.414213195031486,19.78512101731855,0.02166865571467022,-0.45383011742041224,0.03684813980451831,215.6084379122967,169.64215775742377,-0.47063661479575536,1.4005482502683577,0.12796610415082837,-0.025196328764017895
245.1283494225913,200.48873711689484,-21.480023988161417,19.743863225926383,0.019853987822614782,-0.45422090237436247,0.03143050296476052,215.8072818395408,169.66027588831747,-0.39705771110029686,1.4037766343948652,0.13044919192168647,-0.019872443764376566
245.4,200.49386626074283,-21.606371504660537,19.68497442427097,0.019840193392624984,-0.4544215826240782,0.02443041296351424,216.18816761242238,169.698314294458,-0.4197717862225779,1.399461486652961,0.13520896558781148,-0.021217318079655607
245.5285153412252,200.45431970675057,-21.662799593053247,19.685717452426392,0.017242890567618536,-0.45425899838511485,0.024133882458839767,216.40042718020803,169.71263330489975,-0.41696983004427396,1.4061391696567007,0.13610300416102805,-0.02088390455648071
245.7285987386794,200.07576186180134,-21.73674227031451,19.663544056534818,-0.006340315778400052,-0.45284375895848406,0.020806953956720955,217.00287564313507,169.7095583240452,-0.35993796655583465,1.4875007978999366,0.12999678689294672,-0.016885088876054867
245.92868242746857,200.07786721370647,-21.82067936020569,19.667814789086133,-0.005976510297859549,-0.45152574219375724,0.020707095547701927,217.2874739501781,169.67991878103106,-0.36330530272067874,1.4820013807217791,0.11076663901468856,-0.017083129271067584
246.0,200.14979953787608,-21.79567342002145,19.704991259939657,-0.0014769216154430186,-0.44636955658288124,0.022587209986813656,217.56809861032113,169.7634125249291,-0.12028417898702373,1.5150833058878894,0.11856871650863193,7.600169798320164e-05
246.12876640702467,200.155588797879,-21.838509055117008,19.708176188836696,-0.0009281584436600641,-0.44433516808793583,0.022489865374790554,217.75126869969688,169.7252802513226,-0.12062645970295018,1.5102120918579147,0.09639853332200533,0.0003741225274220012
246.20000000000002,200.15470128382105,-21.878834165662397,19.51502131441551,-0.0009717546765247318,-0.44492253124362935,0.0023156911628597655,217.85918867995406,169.7375716710054,-0.17076260171233126,1.5102779989254904,0.0983605567344412,-0.002767394362335886
246.3288506767792,200.06261044793567,-21.9411271014689,19.46741856443282,-0.006644095565282905,-0.4450698708674027,-0.003488431517293655,218.11933969388647,169.74701480397175,-0.06987026100922092,1.5274658014070654,0.09807266671940744,0.004337975789722788
246.52893523616314,200.07872429866242,-21.99642515585716,19.468658936170172,-0.0049193933041043365,-0.43933064309191444,-0.0036908362339851905,218.3768726687615,169.5712424041453,-0.07191472787441186,1.5096220670507197,0.015529996847509941,0.004236152938276721
246.8,200.0770689398052,-22.118815323227274,19.387160309484948,-0.004936098817174931,-0.43955088916368684,-0.011991831997532357,218.78612223069595,169.57750902825234,-0.09202727321740517,1.5088570223853348,0.01344684373563127,0.0028970930346840793
247.0,200.15712420673603,-21.936887491667516,19.375806098746164,0.0002647490790854117,-0.4179913831773575,-0.012977665172863556,219.24764001982598,169.86041216042915,-0.12399450770346354,1.5376922879652555,0.04161725224774415,0.0007981407108336009
247.12919064639442,200.1661602087426,-21.97228962302265,19.37463930943745,0.00116085909098848,-0.41502594779076263,-0.013121253194999774,219.4254505684985,169.7833500686758,-0.12425051094723219,1.5294613240147599,0.0024760872665735498,0.0009270912604630721
247.52936235757707,200.28470024945688,-22.151132105873884,19.35225540154031,0.008422638038628541,-0.4158972639963241,-0.015132972562220839,219.94671812153308,169.7959936942092,-0.09167756872819754,1.5041633592843413,0.0005230247397217782,0.0036739421315297094
247.60000000000002,200.2855136110247,-22.178388876725283,19.40038090177761,0.00843417223765651,-0.41575721458199894,-0.010098275801029805,220.05286356218926,169.7946061155657,-0.07918133865249628,1.503788206003241,-0.0006356071115579119,0.0043393661592062115
247.72944864276346,200.28378164457482,-22.24062518827217,19.398843306641798,0.007960351918755142,-0.41767704868581174,-0.009965073712934414,220.26686348904303,169.87269158830006,-0.07889271451553992,1.5103328003396572,0.031092944492559168,0.0045071812261206065
247.92953521358407,200.08395504380388,-22.308524387788232,19.395987409671893,-0.0044056393649575185,-0.4165272763117116,-0.010078473858800143,220.74997932304768,169.85587668207535,-0.07643779749281363,1.5560952802257937,0.02351099920550354,0.004829873000171876
248.0,200.0715806267993,-22.226193677120474,19.340740814676703,-0.005047836610815556,-0.4083902136412494,-0.013315769706087255,220.79151729960566,169.95420493030625,-0.4239911189563691,1.5422790972625238,0.03455298220106084,-0.019605860092551025
248.12962206946662,200.16616897196255,-22.288791957540003,19.484768009334896,0.0007862013566687599,-0.4089691816605014,0.0005387337560904945,220.9304715009376,169.96561376665346,-0.2862571115247005,1.525588220316041,0.036329307658400554,-0.010051796280061625
248.20000000000002,200.15615497731895,-22.344394654058032,19.62467685281334,-0.0004870899450359757,-0.41373198819652635,0.015115267845577263,221.0736288284423,170.11453943924462,-0.2550635976506899,1.5393679667167053,0.10325333069033715,-0.008003404899004193
248.32970920983846,200.27752632227046,-22.408329350205214,19.626656734772585,0.00695266665429406,-0.4144789710763129,0.015124487963268726,221.18854857244193,170.13942074273558,-0.2560058612476844,1.5165514605316224,0.10765403504612786,-0.0077504301925862855
248.5297966341266,200.15269002766374,-22.487226622062668,19.63186279192561,-0.0009529469230776105,-0.41486673653802175,0.015454216956965356,221.59649293690626,170.18933072430428,-0.262482240397307,1.5454207699061293,0.12319561748394531,-0.007921032956563481
248.60000000000002,200.1531590087424,-22.511753596059254,19.748553508055032,-0.000923905168643423,-0.4145582465280069,0.027172832085135726,221.70475022526864,170.19487543621543,-0.22950498595885646,1.545753815380807,0.12353347888838043,-0.005942473567773501
248.72988434175775,200.00285786135143,-22.55564702995954,19.739427775672684,-0.010151244609961349,-0.4137846278310555,0.025651925589931547,222.03048752220752,170.19540512479603,-0.20241380666584638,1.5789246031841653,0.12030758975601988,-0.003981130664680332
249.0,199.82444987808375,-22.84405608273013,19.80645920680176,-0.02082323891178932,-0.4272711440676285,0.02950143145980283,222.07365485702715,170.08323413055479,0.14366160565420735,1.5077421984059562,0.10971124652594101,0.01998331755724602
249.13006060475425,199.909359510157,-22.911727624455974,19.723964247974862,-0.015427156574588954,-0.42811490630712856,0.02082679925014059,222.21244300764658,170.10778678134264,0.12686328044015346,1.4918413840714846,0.1139828235832704,0.018895376897798265
249.53023799423565,199.9057590560545,-23.071159400506545,19.732042274587556,-0.014958033759142158,-0.42611433795398174,0.020665223858868337,222.79159552520937,170.08418149048117,0.13572436906644025,1.48348351800967,0.08831823834405518,0.019567693690771014
249.73032710997188,199.79502493926654,-23.158011468783606,19.68194028259074,-0.021616416765750206,-0.4260290306227824,0.014253627244163503,223.17987278973007,170.0941112630146,0.24699420757319865,1.5065826225435057,0.08695223186448231,0.027414678871685888
249.8,199.79403171042674,-23.18364091049942,19.789958071385943,-0.021588491005370497,-0.42575740767463904,0.025073867658609836,223.28458766504653,170.09724495194888,0.2808021733173267,1.5064926620609305,0.08649487846875806,0.02972636389481527
249.93041650560525,199.72101143838643,-23.21629121324861,19.865300507552575,-0.025956475153082845,-0.42440234596404325,0.03367185542108443,223.5468111287772,170.0920447241322,0.12992996070689794,1.5232979971862712,0.08276099050723294,0.01852515865001461
250.0,199.54396344397665,-23.44392070876761,19.840391932480514,-0.036668423487644666,-0.4407176259202622,0.03239760804727222,223.28846071438565,169.87880521633315,-0.042859389220210625,1.4542864349534415,0.05978231714240728,0.006165516661649557
250.1305061805606,199.53144389678405,-23.535353726384358,19.808891381405083,-0.0377180721472448,-0.44521480659904217,0.029090285653823794,223.50678449892553,170.00493083940546,-0.056099636385734765,1.464368758899296,0.11250029231267483,0.005166195091034851
250.33059613426255,199.63039000235327,-23.635674530702737,19.81234313253214,-0.031117824217115328,-0.44600847120346493,0.028814722617963105,223.72223640146217,170.03936917315383,-0.05010231178852041,1.4417163179799182,0.11848182881946347,0.00622883572907546
250.53068636613546,199.70238783962316,-23.744094521949297,19.78336163837186,-0.02632040603258228,-0.44749126081356044,0.024728378098262612,223.95141123362728,170.09184947271515,0.020458744623440127,1.4239237711838517,0.1309218531011184,0.011138238843069364
250.8,199.69592171540387,-23.860019242631783,19.914401515244997,-0.026285728288899527,-0.44718039372588153,0.037266519866413744,224.3340230607311,170.124229911711,0.061765639197279176,1.4202344849980177,0.13435084031566913,0.013661198752252426
250.93086766209095,199.83337572344496,-23.925714341808415,19.952121506929764,-0.01747915828516251,-0.4478110681949108,0.04120026233395706,224.3853310407616,170.1582967259147,-0.006050276376067976,1.383472264140334,0.14089157750593168,0.00861584293820735
251.0,199.69982214456056,-24.370451066378454,19.92721150834525,-0.02604413484357136,-0.4813242890068945,0.04025700898589524,224.27282907732788,169.70030374587893,-0.19352953613790294,1.3453945850411715,0.08811353150314609,-0.004865026218598887
251.13095872502137,199.69836662870108,-24.379409973864174,20.055470461192044,-0.025031195432517774,-0.4744332082154274,0.05209873957896968,224.41161956518627,169.53641598715546,-0.15081230228157122,1.3277965769921312,0.012360747482030462,-0.0021239403894120976
251.33105006381868,199.59761912387094,-24.46089890830017,20.079678156436007,-0.031010283787998638,-0.47353052321528455,0.053734005284238495,224.74816850600075,169.5267527130231,-0.17912588347750555,1.3429244283406825,0.008361201321721806,-0.004529631030373711
251.73123356670797,199.84484456339212,-24.679707708873863,20.097033317522495,-0.014710605917048206,-0.4755740021297808,0.05325384784016838,225.05239871625784,169.56479775202442,-0.17271058983762883,1.272891270042429,0.016891127957644615,-0.004517300583060052
251.8,199.84229947379887,-24.723132514407332,19.804091270876132,-0.0147972221198522,-0.47630522160664773,0.023434934587070747,225.1407277044215,169.57415000992165,-0.26670668912405004,1.2710184639524515,0.018386560894732774,-0.010342743293155258
252.0,200.03625763585777,-24.678045345986916,19.800547631978798,-0.0030681907884346996,-0.46497368827260593,0.02268800613057948,225.84498395342032,169.7081526897889,-0.30108665604883084,1.3513416301597565,0.030471084546829674,-0.012600727228991554
252.131418166146,200.05643148113364,-24.751716043727022,19.756358388212792,-0.0017743393781068106,-0.46572378943802945,0.01713537036994108,226.00805779966115,169.71884569801884,-0.2154305149719716,1.344571753372055,0.03229963746292727,-0.006332458001322929
252.3315108756289,199.97390900984811,-24.84414041790876,19.772654473197594,-0.0071073193750072405,-0.46630936645646787,0.018712829028090256,226.34656171665748,169.75333521069663,-0.24035007749715043,1.360591896006945,0.04485199075594116,-0.008244864876623972
252.4,199.9731805160477,-24.877724500166934,19.730497658545445,-0.007121207835735828,-0.4664224460223595,0.014358057365072879,226.43983653565093,169.75753819633476,-0.2545706315162227,1.3595362345211184,0.04544982266948185,-0.00907493900953742
252.53160385751846,200.0368901628026,-24.951552915268127,19.709638088205708,-0.0030468110422281394,-0.46722123965041024,0.011658089240561232,226.56484348454873,169.77403435939576,-0.210686607259352,1.3423621484057326,0.0488119951904418,-0.005708083384600663
252.60000000000002,200.03711105742843,-24.980629581113643,19.79033511705244,-0.0030222622121570753,-0.46702308067188836,0.01965715745572268,226.65637763148183,169.77528710795315,-0.18496052231511936,1.340892851466083,0.048681701515964786,-0.004096474025672855
252.73169711123782,199.91247862874434,-25.030757641468252,19.779386708587342,-0.010874293311000111,-0.46618896850476477,0.018023923645560987,226.9458367274041,169.76607439933537,-0.1567196697360644,1.3684720821960525,0.04479995910359683,-0.0019980949454714747
252.8,199.91264114092883,-25.05662875434434,19.955302108672214,-0.010822761046802321,-0.46577671945352617,0.03550760209363529,227.0387529021418,169.7644880662454,-0.09764733961783088,1.3671122793491592,0.044150060845549795,0.0016791004425236364
253.0,199.71789172960592,-24.66824291254255,19.968721699047794,-0.020996157545465285,-0.4278092025567453,0.03509034634996881,226.76272786767592,170.38198432639334,-0.024676738775537388,1.2544281294433024,0.12833509703388832,0.006663784064124237
253.13188443185746,199.6845428480825,-24.710676756995053,20.017831936524274,-0.022933079516885897,-0.42695882609234065,0.040422562198734524,226.949793411923,170.39095673062639,-0.11363317707650998,1.2572520609208615,0.12769579998176647,0.00012946556420743733
253.20000000000002,199.68249645631263,-24.742937810428696,19.93599448556891,-0.022960948576711524,-0.42717811976621967,0.031923186306660065,227.03559107118872,170.40167907020975,-0.14081769146521783,1.2555355823733003,0.12882950029052384,-0.0017985884078773335
253.4,199.67720634572424,-24.832935441637737,19.81917246403057,-0.023000885155424866,-0.4274911590697293,0.019517033335982606,227.28651117826948,170.4306961865838,-0.18009251327264092,1.2503035028418434,0.13170648601545332,-0.003928079152683712
253.5320728328712,199.2651021216698,-24.843104430637332,19.808101809595282,-0.04899716702582383,-0.4242567118755841,0.01782473059898955,227.80017658435042,170.3969481757808,-0.14951765092836453,1.342346403443049,0.11858463737258311,-0.0018161311788991233
253.7321674370831,199.2658167083719,-24.87843196513726,19.81028583201442,-0.047541118589818854,-0.4179637629616591,0.017319524580785506,228.0170142491583,170.20933916558175,-0.1460787744108616,1.321421638796522,0.03882878328544354,-0.0015814188301930673
253.93226230966215,199.25532123913334,-24.966715809691223,19.81388648510953,-0.04770116810484949,-0.41863615817225097,0.01737795115009084,228.28768970767504,170.24301467347567,-0.14678234399786133,1.3203235805197335,0.048088252225729294,-0.0013483054043626121
254.0,199.3269919807893,-25.477768014552957,19.833451166100105,-0.04464405426274121,-0.45697564154892845,0.01925354741695138,228.70904037166017,169.70098591209174,-0.08306515682765832,1.3890929276457935,-0.016296597735193014,0.002736208230482676
254.1323574500313,199.2305699999982,-25.50550973572642,19.93166947857168,-0.05040853459854053,-0.4549746365545407,0.030796526452429723,228.9586312208859,169.67952069066357,-0.27039454282255787,1.406689686263026,-0.022682953601336056,-0.010636735879072594
254.20000000000002,199.22960280309024,-25.529796953506875,19.947301698224106,-0.050167700647008394,-0.45419490230613146,0.03212411870460043,229.048331573917,169.6583227303952,-0.266272186362502,1.4041195248983749,-0.03135791734039002,-0.01036042586472036
254.3324528576135,199.35710135899413,-25.620774747452344,19.893556121992184,-0.0416257023342225,-0.4561620345576867,0.025046535775775234,229.12836906037526,169.6775211453325,-0.1449810719172313,1.3736813640165053,-0.02600087402882438,-0.0012723980316722509
254.73264447210903,199.28182690341808,-25.790098006638935,19.928901724635924,-0.04537921219609144,-0.45531745069230484,0.028123945135629557,229.73237500351885,169.6544170711709,-0.19707927203376366,1.3832946185576613,-0.03306480330011482,-0.005408793163123711
254.8,199.27951891285022,-25.81868154126981,19.923923077162677,-0.04525938348784859,-0.4549104089227633,0.027394414779711544,229.82081751076745,169.63564903557005,-0.19934835845078652,1.3808707259806017,-0.04043098879291052,-0.005599177012262316
254.93274067786845,199.29479138320403,-25.8769211228686,19.94994929097113,-0.043901248938399424,-0.45483526287935694,0.030152702817180643,229.98250821121607,169.63151684826335,-0.24913302049843972,1.3737217488987574,-0.041489947202708044,-0.009099274610526108
255.0,199.52606409175726,-26.236668940228785,19.890916294191168,-0.03118448032862941,-0.48129051176374193,0.027201475963398832,230.70062231841413,169.1893461394925,-0.5992435960050334,1.496674938722151,-0.10130975889950355,-0.03391258226175615
255.20000000000002,199.52061864452205,-26.328168860993753,20.018847127416354,-0.031137226172525054,-0.4809598442757157,0.03944055664218874,230.99956715455446,169.16560190352783,-0.5680813934840133,1.4969679385835692,-0.10535877825030263,-0.03153036187611987
255.3329338835267,199.51617599442665,-26.39268439457211,20.02413001227855,-0.031172203691489573,-0.481058303808913,0.03945266254409726,231.1995207601236,169.1545630101026,-0.572396620501843,1.4973818225254443,-0.10592117834764808,-0.03177588921592417
255.4,199.51388920958806,-26.426108715148928,19.996408335397785,-0.031184011428704313,-0.48113943511248686,0.0363634014023887,231.3000626980027,169.1482651446421,-0.5836950317708222,1.4974810759791595,-0.10674218970662334,-0.032182282117497435
255.53303088227213,199.73553068905665,-26.528377375387198,19.97394944608147,-0.016754463268578698,-0.4837117825708265,0.03294102101889095,231.3040736601079,169.17185041272757,-0.5220089883176948,1.444115648282486,-0.09774253811668758,-0.027298580764838605
255.60000000000002,199.73062098741227,-26.576412244178517,19.9676638516177,-0.017499250055614028,-0.4866293685444077,0.03232351295194438,231.42991957141487,169.27220922400858,-0.5293100177480581,1.4547286622608084,-0.05334704056280977,-0.027827072573253005
255.73312814419305,199.95203139392393,-26.67218604833847,19.973770809081575,-0.0031740579832517275,-0.48879567545626185,0.03256421382246569,231.41281639540114,169.30270671179122,-0.5372441009940407,1.3977171730794262,-0.0430665920193933,-0.02831208223434915
255.8,199.9518345878503,-26.7047838580817,19.97851873562462,-0.003173127725627179,-0.48878940070723526,0.03282680880954794,231.5062451754978,169.29973983588604,-0.5382932386568768,1.3969429885880684,-0.043387029298293585,-0.02799404501029991
256.0,200.23709898229603,-26.963075694039276,20.044406823396443,0.013171708814589582,-0.5001652192015178,0.03572121842857439,232.5499952550066,169.0794971835315,-0.1552363136584255,1.5434736938526,-0.0787147553622646,-0.0006001284568843933
256.1333234552558,200.12471842001383,-27.003663956677986,20.179295074744072,0.005894268561682003,-0.4984150324043866,0.049419587536951214,232.83896781252892,169.04858745212792,-0.17006611679160805,1.5675723145746745,-0.08534969605486023,-0.0020643805754107544
256.2,200.1254553341497,-27.03494776121837,20.23329134628288,0.0059152561171246084,-0.4982770832583051,0.054653146256832166,232.9433041606842,169.04152543719127,-0.15462898924853727,1.5678247748783518,-0.08613057571363979,-0.0008279127357683266
256.40000000000003,200.12708075165838,-27.13210917786452,20.31010859231219,0.005942120212543301,-0.49810127683805683,0.0614925407215411,233.25670871448716,169.02231376160367,-0.13495142305591448,1.5688990457518635,-0.08797009430084114,0.0008237481054199831
256.53351981210557,200.14530276837021,-27.18383972078345,20.380217989437647,0.007040107260662405,-0.49728952494832707,0.06965865015294273,233.45189557041635,169.0043876393699,-0.30905838525715285,1.5655737925888769,-0.09026753091254187,-0.011563707688564816
256.73361838126067,200.31501562430523,-27.30339587776674,20.392727670693617,0.017982107317496485,-0.49811039045186184,0.06940773077603984,233.59792541900322,168.97983382018364,-0.30705182964990774,1.5210853899957884,-0.09779148137914132,-0.011058983203639003
256.9337172101351,200.21252436936894,-27.40534915730408,20.36087831152257,0.010939636635419494,-0.4989279498830784,0.06347644755067053,234.02493273378082,169.00130580545573,-0.18633816332613054,1.5551723264322956,-0.08150710377162228,-0.0024530246232844725
257.0,200.26338249190277,-27.48772513256772,20.399639861402992,0.013821444752001717,-0.5023024956981317,0.06528556296514347,234.25822824711352,168.94899016458675,0.030193659324202426,1.5806559753472618,-0.08883401077989123,0.0127706868888188
257.1338162981534,200.14872067614752,-27.536612825195775,20.39825357238668,0.006386008233570197,-0.5010490729145928,0.06434835321153963,234.55480915473626,168.92071639301227,0.016405479142341778,1.60612504796451,-0.0944390886074754,0.011982915795871622
257.5340152493209,200.21323454265217,-27.756806880522447,20.409321751422468,0.010224716547497435,-0.50285616968784,0.062494422569712466,235.15116617183284,168.92573426252486,0.05719552564272123,1.5979021183565674,-0.08110574715587254,0.014904318770683468
257.6,200.2172842641252,-27.77864928886967,20.508753431042273,0.010751944670290134,-0.5010322332160869,0.07244289492057954,235.2378626639067,168.8575008881947,0.08927458664378096,1.5914551676539748,-0.1075147038270025,0.016940584879748307
257.7341151113201,200.27240735532837,-27.8525987343883,20.524655000898864,0.014203484264868596,-0.5015236901420829,0.07326324564041545,235.40023210924406,168.85222610360768,0.07572197456956556,1.5786558598616813,-0.10604395705866042,0.015754188914861866
257.8,200.2758647911428,-27.873888534372377,20.575904534758227,0.01490893891490311,-0.49896660164301176,0.07794755285712111,235.4720121926741,168.7376933879171,0.09330677427903629,1.5672778730326824,-0.151082093032811,0.0168909548895733
257.9342152301635,200.27469868971787,-27.957800476895446,20.587080421303497,0.013144658857120432,-0.5049658414870511,0.07867851292165332,235.7752431476219,169.01136299898545,0.09276251446919732,1.6013527088979456,-0.031504151067987415,0.01677121795475499
258.0,199.8443115984577,-27.990245809713493,20.54466283510195,-0.01247126743926359,-0.5066072690622618,0.07646344416809916,234.8629745182621,169.08136795500846,-0.2232097702068197,1.408049190807336,-0.007610913195651027,-0.005525456223465737
258.33441623608564,199.71377733581838,-28.138746677840015,20.57247339714596,-0.020580882295283195,-0.505163766348172,0.0767499141988973,235.43505754543895,169.0586697051416,-0.23054312468041138,1.432982713933576,-0.010207996181626433,-0.006183130450165958
258.6,199.70701835307608,-28.299856582246882,20.548243838502252,-0.021646181553062888,-0.5100290909172293,0.0724088260450935,235.86577500007837,169.23574978247262,-0.2502303410389417,1.4500225601672705,0.06771059533352121,-0.007842177104591709
258.73461826249553,199.7041010661242,-28.36843771216283,20.55798660937143,-0.021639951075442993,-0.5100045678441596,0.07240565708503932,236.06061066547343,169.24399466241354,-0.25129141015376444,1.4495682705460986,0.07033488199827681,-0.008018444662193392
258.93471965694954,199.7000310565105,-28.471898515215365,20.572585692350668,-0.02183997498656201,-0.510735777800736,0.07250522425727965,236.36264083463126,169.2958480803998,-0.2533314796903897,1.4529318123913342,0.09047246857991557,-0.00811332266376693
259.0,199.7968818371365,-28.54979737772279,20.602871671889584,-0.016135504382082343,-0.5136865557243604,0.07378456601604842,236.75295946757913,169.23484377295463,-0.08443686157931193,1.5105843897982125,0.07983647556868101,0.0037111342294605353
259.13482130480554,199.41142496679115,-28.573404654346287,20.531153398846023,-0.04060556251091576,-0.5103352659843539,0.06331182183127615,237.2360878239008,169.195643677769,0.08509921036699125,1.5901142546898455,0.0675959806139779,0.015982033915208835
259.3349232054907,199.4065409947782,-28.6741490075568,20.544096743387556,-0.04017635834689832,-0.5095989656314102,0.06326013812742426,237.54205769215937,169.18118098590645,0.08800992454607608,1.5878259092713343,0.05851492211515792,0.0160357680090892
259.5350253584328,199.65486075172814,-28.819105096990207,20.55860411702259,-0.023800670086698842,-0.5125668653354881,0.06350804642539362,237.63915102506363,169.23982170719282,0.08801066940448522,1.5299241358556352,0.07578161443696772,0.015893501414960712
259.6,199.6562107542407,-28.8391059202853,20.871876471935018,-0.023475304026401942,-0.5111975224969528,0.09627690992005075,237.72923606386706,169.2127974226649,0.17812913975084388,1.527015340736242,0.06504555920060442,0.021451500328492315
259.73512776305955,199.70997092311964,-28.91518136534011,20.89691672739409,-0.0198404068512216,-0.511713561992821,0.09781553435604728,237.88254272971852,169.23180095750553,0.15538497604645146,1.5133336659610277,0.07047995101180889,0.019775237202766995
260.0,199.63668330040173,-29.218511897196343,20.938560637013644,-0.02442587279934243,-0.5250803395604764,0.09901935292006822,238.1686925967447,169.08621444923887,0.23658431410709352,1.4943132650984825,0.058322776303252485,0.024976434625872946
260.1353333250804,199.51930670760888,-29.268583786011124,20.956832715824206,-0.031677041412120924,-0.5236549407077323,0.09961928733591527,238.45305530598733,169.0760599258874,0.23078907077514624,1.5173998474675443,0.0554404863799461,0.02439283316847631
260.335436481332,199.59127293854428,-29.3803490271773,21.010026154158844,-0.026706305463959017,-0.5242031820578033,0.10373430010504094,238.6957887428771,169.09764205920038,0.17569308746059548,1.5008736429855372,0.06177000502281319,0.02018166411862015
260.40000000000003,199.5903783664927,-29.41003596864933,20.924004402213924,-0.02616707364085718,-0.5225268772660442,0.0938068370271834,238.76936177384795,169.03410390012874,0.15079394805072616,1.4914562084345335,0.031124150341959454,0.018575181519572437
260.5355398869833,199.58595290384713,-29.48537529901322,20.93685511386483,-0.026625787457737294,-0.5239858133196706,0.09397841273020317,238.99202375839468,169.09739243209464,0.1525761086525313,1.4990602553180092,0.05949583823955987,0.018662025393206303
260.6,199.583935426244,-29.52059242716003,20.904180794159824,-0.026644540391212192,-0.524088487429396,0.08992048568346167,239.0888534074437,169.1024217391331,0.14246213861353876,1.4991277941675325,0.06077193000152976,0.01811958004901169
260.8,199.57844734784157,-29.626169560944838,20.901467783751748,-0.02665438948950588,-0.5241422468972046,0.08775446792531076,239.3887692649016,169.1155914608479,0.14017773387665516,1.4989074283899642,0.06461116056498,0.01801936286423055
261.0,199.4316380241798,-29.43495556797949,20.9245418363714,-0.03418602818974304,-0.5008796056286483,0.08748297223658018,239.1377539936961,169.53192935023756,0.21226174644864132,1.3875179828756223,0.12469779274580926,0.023221870551163933
261.13585159463327,199.42763885407047,-29.497847277346448,20.980447424212343,-0.034010921199800835,-0.5001336187126133,0.09198028492086678,239.32014634916266,169.52949245949287,0.2269404564925414,1.3834722124968817,0.11896432193939863,0.024158898713465847
261.3359559921832,199.4205403719719,-29.601326333241637,20.99884221579456,-0.03419493028147362,-0.5008426328367926,0.09204221165188042,239.60450754475949,169.57773987166814,0.23165580895119078,1.384337839752639,0.13458769989495611,0.02424617007426167
261.53606063628484,199.53116588686322,-29.723227123074572,21.016443673421,-0.026785187980535065,-0.502300786533618,0.09194594752870035,239.78382114388538,169.62694966931932,0.2384283545456418,1.3558987711341812,0.14571594064667173,0.02469474292616144
261.7361655263695,199.83521482144872,-29.861581867814728,21.071717950542663,-0.006668203848537661,-0.5031210827010514,0.09629114794391429,239.74361892929286,169.6080710812584,0.16909161107299753,1.2667558749831178,0.12160841824563666,0.01942117154072251
262.0,199.92790333143125,-30.124743543597674,21.104441676114263,-0.0009648189843776134,-0.5121389185450174,0.0967393181467773,240.42836953452613,169.3749145247949,0.2098005690706016,1.3262400033269732,0.06954874802207352,0.02227217165494761
262.1363760422168,199.927353370208,-30.203981289100685,21.069231255558904,-0.0012605452137282166,-0.5135963049464165,0.09187999497589117,240.62063273242606,169.4241896804355,0.2003162429635685,1.3283385276590693,0.08966680638570329,0.021816832766517132
262.2,199.92558888062482,-30.244433731580493,20.893997336947713,-0.001365267542260174,-0.5141371903879827,0.07305650217859402,240.70605924835772,169.4350468987366,0.15714563048021438,1.3272071857183978,0.09172751126730043,0.018968420594538026
262.33648166684463,199.74257322416537,-30.274324361565018,20.929595773994087,-0.012817492739134658,-0.5115173681026453,0.07621084096708516,241.02391966983058,169.4145934867575,0.10576384301666705,1.3620259669684558,0.08452320675282712,0.015233250740492525
262.40000000000003,199.7428927383968,-30.302914053871298,20.975664351388644,-0.012643201444802177,-0.5109327213396669,0.08044603167699918,241.10465620681848,169.40261288406407,0.11757590599423808,1.3588190068402077,0.07796424263973994,0.015988516940019824
262.53658753518624,199.70235020492203,-30.360462197477773,21.007411844903537,-0.015077142538175995,-0.5101711810932187,0.08302816707378134,241.32180874931515,169.40419622370666,0.07313286193772744,1.3650692120301402,0.07733215449556151,0.012688195214292364
262.8,199.7044172488969,-30.480229893280868,21.12397285014049,-0.014053280069507403,-0.507165091396401,0.0925665269791676,241.63861056842285,169.30272061271918,0.10371543849326312,1.3453515071822237,0.029624996680711314,0.014579683206613424
262.93680000074573,199.3245709525865,-30.48682949006685,21.098737053876867,-0.03764752480863023,-0.5029224658413304,0.08780949756563415,242.18016194664756,169.2304708698265,0.1943167063471904,1.4355696857005582,0.00930702677203563,0.021004176191068744
263.0,199.1835113353926,-30.438935768354487,21.101855194279228,-0.045907939832717626,-0.496887898943995,0.0875771909069399,241.85244848502995,169.36421660289653,0.18485849224306172,1.3532928852642516,0.029823462614564006,0.020329061617707856
263.1369065968326,199.17817575418826,-30.505781680287452,21.11382789302049,-0.0458000882795924,-0.49664858254261757,0.08755431652339536,242.03485013186085,169.36117911559836,0.18775882992263865,1.3501946684525274,0.027142460436900172,0.020555286360500243
263.2,199.17528149025162,-30.537137430315305,21.11886789745791,-0.04580037423647987,-0.496650009567011,0.08750411977190163,242.1200084326057,169.36290577955594,0.18892482635693697,1.3492207743921825,0.02726556796965043,0.02036935786247377
263.3370134343709,199.129997184136,-30.58795936187237,21.171297927987535,-0.048240119969781566,-0.4956042588916346,0.0925081188811129,242.3339122821278,169.35598896503186,0.10197073708868593,1.3549282423292668,0.02444842254681348,0.013969006081179205
263.7372278315447,199.1108356119238,-30.78620210942367,21.208314535878955,-0.04822144733180861,-0.49556522246040385,0.09250306421912237,242.87409417445255,169.3641647172992,0.10766985247399584,1.3476625323386795,0.02445707183521738,0.014478476292663113
263.8,199.10765784338466,-30.81797521100828,21.197206799078437,-0.04823073620359848,-0.4956110276653646,0.09075196350419361,242.95876503560555,169.3662290378604,0.10421642087127854,1.3466994421277014,0.024821163000958404,0.014323992553403844
264.0,199.28687889762836,-30.70286207278773,21.233347526644874,-0.035759041714706695,-0.4776696034389092,0.0910122065365372,243.7101823169655,169.55769564727765,0.27897397012268976,1.4329507157541428,0.037594343409044474,0.02679428228690523
264.3375512240976,199.25306654194046,-30.883655020902467,21.307796157722947,-0.03796876742377329,-0.4818917971638661,0.09577002477256359,244.25048519597308,169.71358607628042,0.29694701948587676,1.4522027786751779,0.10394887319753933,0.027643809525289876
264.40000000000003,199.25210756503782,-30.90758016527748,21.45427624997056,-0.0378816260980976,-0.481471675441707,0.11034525523769531,244.34033486567867,169.71598981780002,0.3300348570876681,1.4515658291999383,0.10414303878750482,0.02960776325945437
264.6,199.24467007339297,-31.00326977899186,21.490306064982907,-0.037873113841467895,-0.4814307647734484,0.11179440599712168,244.63046357269747,169.73673105932934,0.33901790130745024,1.4507103510794268,0.10745705174994112,0.029871403171430895
264.73776801043346,199.24460191638178,-31.07541882294143,21.48680630072433,-0.037550677364145676,-0.48176566518991837,0.10944305090660862,244.82566606422571,169.75500739194985,0.389614260271973,1.4488550579980686,0.11056204722197382,0.03333281918183421
264.8,199.2417027291542,-31.107822489600434,21.434739602203276,-0.03758508455423573,-0.4819298244377072,0.10333245591702764,244.91619693584445,169.76374515438974,0.3779214817437358,1.4488084200537499,0.11195806335501939,0.03264145303771878
265.0,199.20532442929277,-31.504943827124205,21.419725504295968,-0.04051769536994927,-0.5066469846811361,0.10288573100954052,245.31334846483367,169.38313447654218,-0.011677754749639835,1.4741836880995178,0.06345998715960341,0.004593878058497303
265.1379857445721,199.25325393726615,-31.590917832134743,21.464879089450896,-0.03723680106308788,-0.507622907273246,0.10541941996147522,245.4822744710396,169.4021292528392,0.0750849451190693,1.4643598646267855,0.0685167736562931,0.010653435056463408
265.3380949656672,199.29472144384724,-31.70101864678339,21.492112014488548,-0.034252163079542035,-0.5081857986354268,0.10618349255241867,245.74151048796264,169.42364123731147,0.06240685227541266,1.4545102510334185,0.07312490602080164,0.009816466181516088
265.40000000000003,199.29084256764457,-31.739861430339097,21.32413452795953,-0.03436067600716478,-0.5086893593860861,0.08797096055863644,245.83255267450764,169.43309570726,0.021207722553264655,1.4545095545237763,0.07507553906722819,0.007185592098197355
265.6,199.28406368983426,-31.841208914850142,21.35109983692025,-0.034354956293543334,-0.5086628928535356,0.08895131614217715,246.12324892643534,169.448120608362,0.024875299203484517,1.4530906530085157,0.07780527315013447,0.007662663749317284
265.7383141131135,199.2911008824298,-31.891482399773345,21.36280016641749,-0.033044284089441336,-0.5054032802221486,0.08863135579366471,246.28072315046157,169.33695607068105,0.027931706459509105,1.4360465562910678,0.03012550065721669,0.007831753530663165
265.9384240383481,199.25575930835987,-31.99974307121926,21.331627105057898,-0.034772684866525315,-0.5057433360713725,0.08246072758157995,246.59195441863076,169.34350143163874,0.15975675538017572,1.4406779181612994,0.03158278680094909,0.017140401372143618
266.0,199.2382026745194,-31.922813880841133,21.309160746707626,-0.035401581299638475,-0.4974888749017568,0.08116029478748467,246.562283109957,169.441932935332,-0.08023923779814784,1.4147550616851026,0.040353992266524086,0.00047205757993994124
266.1385341971803,199.3190289546647,-32.004883828366296,21.390132731198168,-0.03019882006620021,-0.4983512897946094,0.08857913171426747,246.70484864619016,169.4588373090379,-0.08840830789877638,1.398927326747432,0.044431455645232536,-0.0003645960135998912
266.3386445890533,199.571469377324,-32.13676922812979,21.427363298478333,-0.014207823792731777,-0.499434863655643,0.09090650416922752,246.7946565550687,169.45040058449356,-0.13630941962805038,1.343039213231736,0.03247024291975183,-0.003617511778199187
266.53875521341087,199.56949664458722,-32.223278440425666,21.444909422419347,-0.013804932404641904,-0.49749071939895667,0.09069094892381098,247.0445733233492,169.39409140569805,-0.13526189708167072,1.3314357596117552,0.006663571706190533,-0.003352463101953417
266.73886606969734,199.65905423934578,-32.357365230417074,21.40453539244868,-0.008190435044645145,-0.4995821936345835,0.08342539621940373,247.23579494141606,169.42127352595818,0.0033363138724112062,1.307626874909827,0.012976986739971417,0.006386334191039314
267.0,199.7961485255468,-32.94007028841369,21.44599574562087,-0.0010193418912823847,-0.5344540104261475,0.0851778042294416,248.17921554648618,168.79607263031158,0.10446321968000583,1.4237465347003346,-0.08173358292479498,0.012994837106433371
267.13908847583787,199.7898470033,-33.02753079920391,21.618577409361606,-0.0019289378066594297,-0.5368925239829481,0.10209240112983535,248.40359645053206,168.85832365787527,0.1427045186219053,1.4333855288770054,-0.04897031183280692,0.015249697850395642
267.3392000245837,199.96674987483962,-33.1907888858333,21.570386340933105,0.00882978588700381,-0.5403446754253136,0.09369708682626916,248.56933804560424,168.88715086114337,0.2961251393996915,1.398994145966175,-0.03894836099682622,0.02608628819360341
267.40000000000003,199.9653042268502,-33.23572064576161,21.57595198153272,0.008339042722952205,-0.5422127322438001,0.09382217879228495,248.67317696994954,168.9426473634647,0.2976634169847983,1.4060800127464657,-0.013664978918673298,0.02595604789253431
267.5393118030423,199.77808682411353,-33.268291195085354,21.593292365888882,-0.0030708844306368763,-0.5394667431078218,0.09434119165632242,249.00744778361152,168.90362736120366,0.2910340573157464,1.4408922268601192,-0.023941213283479257,0.025677975578096292
267.6,199.78049189182678,-33.2951969512718,21.624697777528294,-0.002705653331927214,-0.538483746659091,0.0969625577700912,249.0822956642479,168.8683605773975,0.2993832495764519,1.4354843871488328,-0.038564750742034776,0.02622288607126433
267.73942381066104,199.77710017895168,-33.375664635241755,21.638140661134848,-0.0032421428478073802,-0.5398366016686799,0.09708902118726112,249.3039007134186,168.91839691705042,0.30281045106802507,1.4426216101266687,-0.015008521378904155,0.02633178566208316
267.9395360468881,199.68218810360642,-33.47851361110664,21.593669164366997,-0.008930718792175414,-0.5393536214279768,0.0891545173079221,249.6727736068671,168.9010143018652,0.463465392368829,1.4614152890269234,-0.01886582483723572,0.037525932321727365
268.0,199.45561626503257,-33.70598520804008,21.569005480150842,-0.02371912296539,-0.5561854100988847,0.08801584973973668,249.27326161941562,168.7305973945848,0.20805084920397326,1.3718422171976943,-0.027919632324857127,0.019457538237540605
268.33976120296313,199.31914502025558,-33.864373600384326,21.583630386801868,-0.03150581161327985,-0.5542498621968398,0.08666472431620247,249.82576830304717,168.6974610540055,0.1861766073250999,1.3897010302899686,-0.034182315289831684,0.017554242831454736
268.53987412171074,199.40000358273818,-33.98472149253909,21.624163859795466,-0.026013895700042776,-0.5542993033313207,0.08943211492549004,250.0288845959793,168.6730303814952,0.13831419477386714,1.3656478880038272,-0.044244706730256766,0.013952904608211168
268.6,199.39674347587982,-34.022547765707834,21.635067314975196,-0.02642397511873468,-0.5554379938740317,0.09012837502803474,250.12785721059802,168.71504750895159,0.1399178722684961,1.371697672676318,-0.024353589443457245,0.013735184766934435
268.8,199.39298760055186,-34.12787506716467,21.803658869321115,-0.026328338610415968,-0.5550398359621769,0.10595726330179452,250.40085159235258,168.70552092112933,0.1826818410553249,1.368564153759709,-0.0253444465409737,0.016467621988810473
268.9401006378797,199.64320553250525,-34.26592257531692,21.811295645524957,-0.01088973841583908,-0.5588871525940837,0.10506867059189472,250.368943248776,168.76323319375453,0.20371776931872668,1.3090510608990038,-0.008931633001218828,0.017959263526825753
269.0,199.9858330709292,-34.17325988064828,21.838324758188648,0.010885855975841146,-0.5465489810561719,0.10571258768054197,251.2212162385624,168.7664273130105,0.38550454802640693,1.4503878141064677,-0.03724854615557191,0.030671143760833228
269.1402142342048,199.96268966561064,-34.23617041401131,21.885394162354594,0.009377109250672972,-0.5457302214791283,0.10966460015428967,251.44057359710814,168.75372562685274,0.3180331842699776,1.453874261930583,-0.039893354395636155,0.02554619520741308
269.2,199.9683921744307,-34.255568445005274,22.014790042643142,0.010068768805042384,-0.5438098567000672,0.12244632843042186,251.50836797070906,168.69980642535072,0.35364690263808857,1.4454056926620453,-0.06355409453109866,0.02778711628494533
269.3403280552938,200.26872314638246,-34.39741385275719,22.05025220124035,0.028252962488436242,-0.5480610558595123,0.12471964086645891,251.50515735079424,168.7458515948741,0.3147950196422975,1.388562484928063,-0.04885821237639414,0.025036035253235563
269.8,200.27921657043913,-34.6497164350054,21.89412743430638,0.028462521161918324,-0.5471451816886265,0.10214581149107442,252.12343762325233,168.66912577432444,0.2698749722724556,1.3745098180734794,-0.07454279291638793,0.021853428319240226
270.0,200.32176511724015,-34.63484520704957,21.933988168525357,0.03130798932577236,-0.5368440345642843,0.10291829197184908,252.43646956388216,168.80483449909386,0.43935897581329275,1.3760335041026484,-0.05884296765519609,0.03355454929936433
270.1407855763701,200.36362768453654,-34.71392987433761,21.971229675137945,0.033589038727736664,-0.5371083673608102,0.10569446850979292,252.60627703245785,168.80083528639202,0.39569014944165015,1.3672059114383293,-0.05853864014190681,0.030555604324203216
270.3409005130956,200.36901082525478,-34.82860974346427,21.99244949349829,0.033173993102639264,-0.5384729280418381,0.10581749477216076,252.89541705387228,168.83390757090982,0.4013765552159836,1.3706951858639635,-0.039472388417327794,0.030737833308735196
270.54101567131687,200.50177576066068,-34.96246456416361,22.032426353650024,0.040881140115003954,-0.5401825260597488,0.10809705402516115,253.07352598075357,168.85069886766635,0.3692418614864787,1.3419428694413749,-0.0329899711545298,0.02826361679151645
270.7411310504915,200.12128776712532,-34.97447050567853,22.064482303239394,0.017073496169406604,-0.5340354776244877,0.10933986724179295,253.66537643012242,168.7535090023509,0.3532215779370043,1.4229397447983616,-0.058029730692826284,0.02685697677755583
270.9412466500781,200.36037775320716,-35.12270301353555,22.13141773299508,0.03186365034417411,-0.5358713937765262,0.11463433489647117,253.71693927398348,168.7382917446807,0.2706547431830616,1.358008929704363,-0.06776979534535033,0.020833855074924273
271.0,200.17711141017674,-35.076421929788914,22.204293098170503,0.021065176977849417,-0.5303646378437907,0.11896549135157605,253.35212271884402,168.96612184205983,0.6530157713231104,1.272690522265845,-0.018273431260949463,0.04762129375828628
271.2,200.1828599796528,-35.17697783629359,22.362095969190218,0.021162835718923342,-0.5299808214272118,0.13285157580890275,253.60522909093368,168.95877662529165,0.6984650069564511,1.2671763789764035,-0.019419131390609527,0.05045978663458083
271.34147850832517,200.18555824499018,-35.255759714032585,22.380913211502744,0.02099916589589698,-0.530618323472586,0.1329037583921365,253.79090210522668,168.9761361873365,0.7054242860443944,1.2661752151893635,-0.010447139013510161,0.05036142191521257
271.40000000000003,200.1866625499022,-35.28725938815941,22.377691082297744,0.020991295212312498,-0.5306492062612286,0.13176668859047302,253.86503582294227,168.9758412231809,0.7054803241316939,1.2648237231091959,-0.010261357861359767,0.05030793555833938
271.54159476590644,200.20710702945283,-35.36186674011622,22.417596935444752,0.0220562080403044,-0.5306561265461527,0.13430964149750638,254.0308242174222,168.97602362106377,0.6692244397245831,1.2576547377197467,-0.009810203783789353,0.04738732384001037
271.6,200.20791158502058,-35.405419424705634,22.430121894813443,0.021444009526967192,-0.5330254806539326,0.13499672825998155,254.1336690030909,169.0626039752446,0.6720585393949379,1.2683066521486261,0.027466056737636878,0.04744013603089156
272.0,200.42849281967824,-35.21754222992238,22.476996816245098,0.03603175421110426,-0.5003971031911444,0.13376627477786665,255.00714017490384,169.47096271596217,0.6951636460895969,1.321800526856381,0.06898418445395968,0.04871748708607371
272.2,200.43652751940243,-35.3146732603184,22.57174176920302,0.036083948841554,-0.5001954386777706,0.14076218746466784,255.27074894281387,169.4831013931944,0.7213509956471978,1.318531406861806,0.07084528317113556,0.04992347228561366
272.3420619733935,200.43787593905176,-35.39581640439681,22.59187098608434,0.0354631612699821,-0.5019206956805146,0.14091417921918947,255.4778667374273,169.54763431632543,0.7277729513302102,1.324331244271611,0.09668223739746565,0.05020906417162156
272.40000000000003,200.43699456292867,-35.43533074223455,22.356382262682786,0.0352792538728988,-0.5026297721692199,0.11586778214775045,255.55632233821092,169.56026179565873,0.6728814599617964,1.3240016010398266,0.0991285445215943,0.04638023830158996
272.54217931687305,200.44898367044738,-35.49028944545157,22.373221890896616,0.03645624280028184,-0.49950006415697834,0.11564537767784862,255.7026037128747,169.46326456982422,0.6796248890631086,1.3047184370013383,0.053224873729686026,0.04661262312087453
272.6,200.45089399986662,-35.51987212690782,22.363302124030135,0.03644395826556456,-0.49954736703318403,0.1139384649670144,255.77813477762348,169.46684521588273,0.6784610164530149,1.303671842031907,0.053631971380753846,0.0465515344846687
272.7422968759252,200.34505956069293,-35.556027769056975,22.406991665810455,0.029637551299998607,-0.49737427969462783,0.11726101775408297,256.0561956471604,169.44493570012918,0.6199416026998972,1.3250001304597703,0.04639612966822962,0.04231095087226044
272.8,200.34648479894204,-35.585732586912926,22.388757183027447,0.029619853992978274,-0.497442182927994,0.11469270456500942,256.1328141389221,169.44838397377865,0.6162042112943745,1.3240675543876248,0.04699382405065928,0.041931593111323585
272.9424146500162,200.30999307225275,-35.64627980710735,22.405099968719544,0.027128305996334916,-0.49678447754770755,0.11469243534370344,256.3577691324858,169.4446345335115,0.6220889494114922,1.331183213031305,0.04492609624234731,0.04196473517705372
273.0,200.46491824249398,-35.61071730204424,22.439943071754726,0.03669867103826318,-0.49051273998079997,0.11582278137044087,256.8277632887636,169.47917730755725,0.867003698755531,1.4046299046595145,0.040742524633997815,0.058945373623383236
273.14253263861286,200.4415991612416,-35.67789962332965,22.43646654444506,0.03496457522735396,-0.49030722445282304,0.11346092141665771,257.0457838791389,169.48162753876912,0.9145142517551349,1.4081900123210904,0.04048402113058475,0.06200601474448868
273.2,200.44100758415397,-35.71515403787683,22.228628496204532,0.03480036581761705,-0.49092894443439433,0.09137203928565474,257.1281632976156,169.48972382709238,0.8638017525131615,1.4081822210114168,0.04208240286163578,0.058674886289854115
273.34265084118306,200.53074895569227,-35.810159352555765,22.229892625096955,0.03997400729624809,-0.49249448479398206,0.08992966296876595,257.2698066921518,169.5142583391934,0.9022709804114593,1.3913018634081828,0.04751505255285096,0.06114428306557356
273.40000000000003,200.54129289528558,-35.82542330462035,22.18570469238275,0.04100623821926945,-0.4901731532496882,0.08465235304472515,257.31931410177725,169.44001232107135,0.8923858988065696,1.3786869332231475,0.013963593114859991,0.06048711706428666
273.5427692571954,200.53943312433557,-35.90780855079098,22.197487379356755,0.04001438676630253,-0.492425797424797,0.08479856824992513,257.54729001807624,169.52083995438753,0.9012502471544795,1.3894678020947409,0.04782734016792495,0.06070684007734835
273.6,200.54138423595165,-35.93716709836741,22.172685971056893,0.03999319422004007,-0.4925059163105496,0.0817243614417215,257.6270121760951,169.52441924117332,0.8970025931459895,1.3892705498487847,0.04830131809878853,0.06030682873350748
273.742887886119,200.59667708317673,-36.023599591891866,22.173024540819515,0.04302781515194168,-0.4935015107044841,0.08030218833497418,257.7842537049347,169.5448167455592,0.9378049385580027,1.3773065052207827,0.05263927791346377,0.0626916173492791
273.8,200.59313249528483,-36.0634866969534,22.14436914815987,0.0421274089695572,-0.4957297105456693,0.07702531121814381,257.89689663385053,169.63550187210006,0.9326682612399135,1.3895784706895522,0.08914843270151748,0.06212900428154589
273.9430067274241,200.6057099295947,-36.13579174320115,22.156346258333627,0.04252774375791019,-0.495822992329159,0.07714784458313016,258.0896945074018,169.65000107797408,0.9387221962386865,1.3870886107243494,0.09146721417348347,0.062084339345415705
274.0,200.7622703468285,-36.58538996695645,22.185088056412866,0.05037596707855398,-0.525954267276843,0.07870977667339714,258.6662227226859,168.9600153627017,1.1036487559059327,1.4804401732569084,-0.04122682913506564,0.07307421530011797
274.1431257805817,200.92743939824393,-36.70572822039469,22.14827039336691,0.060010888827235306,-0.5288290880036469,0.07362990632723095,258.77683771260155,168.98632987643296,1.1192780471643344,1.4524309220499045,-0.03299596354420699,0.07353477479746579
274.2,200.9300710462435,-36.73847287504989,22.085488474481007,0.059961075101933825,-0.5290141851026241,0.0665987160918586,258.85988113929216,168.9861758318673,1.1051248485378196,1.452241232691868,-0.03274365395399344,0.0726314032633945
274.34324504506355,200.9383777544879,-36.814720049020686,22.09501366460367,0.05992318535523663,-0.5291002842477065,0.06660356242237686,259.06898090791344,168.98419038306002,1.1155766199520185,1.4521740855655176,-0.032006113802070454,0.07311089562975284
274.5433645203423,200.94487290137695,-36.92874608808294,22.10803205433392,0.059113379030429944,-0.5308838746099853,0.06671582791150098,259.38648678075873,169.0427430624883,1.1304898629942717,1.4616623323064961,-0.0037993738944757938,0.07340499537398562
274.6,200.9480514424803,-36.95938907273641,22.096834986451015,0.0591026986059661,-0.5309234541994192,0.06512745190993217,259.4693714353349,169.04295307718436,1.1307074023672163,1.461597850865876,-0.003404537522130151,0.07301763431209886
274.7434842058913,200.75008437650507,-36.98192538314356,22.103078027659638,0.04645689561787027,-0.5274751793821246,0.06471750934893308,259.85039513719335,168.99095968966105,1.1500753187814914,1.5059239109658042,-0.016927456674995112,0.07402924252980361
274.8,200.75165523011415,-37.015297258268276,22.00919423228829,0.04639024104805789,-0.5277211510262744,0.05433471040114975,259.9362268630521,168.9927845480409,1.127472707868244,1.5059923666366712,-0.01619762078158609,0.07238663974807323
274.94360410118486,200.75672338707938,-37.09175060325872,22.016914941487997,0.046172162798189115,-0.5280724527496103,0.054361079986007706,260.16077896579617,169.00781327473635,1.137946035769526,1.5094955428736583,-0.008419681016942536,0.07283768230462995
275.0,200.9078710077342,-37.43134664925881,21.998163047322485,0.05311645712148723,-0.5523067603130167,0.05396733047594465,260.7894192456865,168.54980567086724,0.9038059263603,1.6217584153307147,-0.07338561150944953,0.05594854176550082
275.14372420569805,200.75748818959147,-37.453244879096296,22.05835538006368,0.043435528343980345,-0.5487589441928855,0.06070053859033524,261.1257763618769,168.50241729363705,0.767704254424716,1.6522521197305597,-0.08433749043291434,0.04583492865441096
275.2,200.74938677744544,-37.495029142970196,21.92095634860967,0.042484765587191047,-0.5502795573116592,0.04566854618759959,261.2380539049044,168.53656861667625,0.7325480697290555,1.6606606913471804,-0.0670861853507386,0.04352889178902023
275.3438445189068,200.99364605501663,-37.642787539285514,21.91262010585046,0.057054812966434054,-0.5546443234558625,0.04374414930017585,261.3096830605616,168.58074203167348,0.7820750143661718,1.6179665717863871,-0.05190361102425384,0.04681331435724363
275.5439650402879,200.98850580150489,-37.739560415432464,21.959400548379673,0.055968896237909904,-0.5539624542167974,0.04869229615057072,261.65008717363145,168.5689976206376,0.6845960172174046,1.625237098563758,-0.05058696247818312,0.03964385418329491
275.6,200.9920598077736,-37.76922605731975,22.00024466198448,0.055995799029098924,-0.5538657035110536,0.05280800347060316,261.74089229562315,168.56511728794365,0.697540265460272,1.6258794269391554,-0.05059967554865966,0.040401349511949354
275.7440857693189,201.2225901661662,-37.91646291378397,21.98314676171846,0.06967337024861026,-0.5581355801693327,0.0495789713712125,261.7881604463103,168.61912192920528,0.7764616453621171,1.5786209418985888,-0.03349791194115468,0.045484954817083215
275.94420670547834,201.2354302973825,-38.03161582820034,21.993390104920632,0.06893568263006203,-0.5599028129689863,0.0497980308931839,262.14260049668707,168.70022571170773,0.7835425301151564,1.5949691038936662,0.005791876941586678,0.04576135727800513
276.0,200.8980425986918,-38.06340164213175,21.990794441827273,0.04869792913857419,-0.5618037726112752,0.04968427509655587,261.42479729753717,168.82390456340622,0.7338534014974113,1.442432467535052,0.04024154127713868,0.04233616773998148
276.74469251099976,200.83713445253113,-38.4677781108655,21.920109607990213,0.04273773547412588,-0.5608237787638375,0.03775011326291955,262.57802893452515,168.84051742654685,0.8464499865802213,1.4597210240778147,0.05018711997567455,0.04852096214427969
276.8,200.83855454286967,-38.50182815831558,21.83748703064177,0.04267708493514319,-0.5610361603690331,0.028511981835406406,262.6594349206026,168.8457792710392,0.8270671719168815,1.459645454744147,0.05191851682202537,0.04696526267315534
276.9448144750084,200.98662443517867,-38.62016032129135,21.850228231331315,0.05141283913094963,-0.5634375049399033,0.029634601706500084,262.74122732924155,168.89323870875612,0.8112105902672955,1.4258912991663606,0.06533479291431772,0.045691486517343664
277.0,201.28446648986431,-39.057434458162575,21.824169118158938,0.06649304195303019,-0.5942145805976586,0.02872438717590894,263.75912380548243,168.23638185175847,0.5527716054916649,1.6140935417786917,-0.038088785191370045,0.02718935348500895
277.5451815890773,201.21908529193757,-39.35575532636436,21.82730766443803,0.06026474060890931,-0.5925587759022422,0.027142460946105448,264.71888639347264,168.19409991170625,0.5955304275243206,1.6422066391745682,-0.037794069441660534,0.02937125752552861
277.6,201.2244862457539,-39.38227534165539,21.921187946356785,0.06049667887181454,-0.5919326549138092,0.03714740537897381,264.80250103348936,168.1760655106911,0.6209020990103663,1.6407571179956078,-0.04336165764054358,0.030721395846499678
277.74530436606597,200.8198389562775,-39.352379563286945,21.92091746723352,0.03514370114337957,-0.5844940662876543,0.03641146143558567,265.3855607107746,168.05855782329124,0.6380737912169797,1.7333635518519985,-0.07207712679412598,0.031558415974112006
277.9454273450154,200.8458490755676,-39.47371371697058,21.907841869069305,0.0365373901737514,-0.5842461309040538,0.03379039247922714,265.70273113377226,168.0180835359965,0.6922152047954179,1.729455609963299,-0.08225010981009766,0.03504181398133972
278.0,200.830254143105,-39.703027441574875,21.902589616665036,0.03368555091467926,-0.6012726115119141,0.03387883021496976,265.9129343407297,167.8805703663499,0.618855569591403,1.7649928023744517,-0.07198222618373934,0.029629497203076446
278.1455505254136,200.64196703829307,-39.74361382965916,21.94123784518104,0.021904780502144453,-0.5981289781236955,0.03645031444897118,266.2937308307702,167.83041950252613,0.763717545114241,1.8032780249941136,-0.08236842164098314,0.0391916389384632
278.2,200.6519482429622,-39.76971293544348,21.687063172307187,0.022977996053854262,-0.5965866878873906,0.00868107664571205,266.36367335864173,167.7712493489246,0.6986309707779641,1.793982620431657,-0.10787157251446025,0.03484525822450647
278.3456739067497,200.65754429070913,-39.853577866288695,21.688344287199648,0.023245075494329064,-0.5961228673981981,0.008653984641579675,266.61821171773084,167.74140932261395,0.7038311595289389,1.7958956416699507,-0.11395100349021628,0.03524850743467484
278.40000000000003,200.65936681977576,-39.884246842785984,21.735268258041696,0.02328173573899771,-0.5960009710476271,0.013664922315012557,266.71544857500396,167.73396017886478,0.7179490491757351,1.7974262098136575,-0.11415760507958095,0.036006313752575625
278.5457974885135,200.7956549253838,-40.003893756119254,21.761206092840144,0.0314108566503331,-0.5981700495664973,0.01671940432756249,266.87664658390634,167.74977443466224,0.6633850734558306,1.7749016845205459,-0.10471000063184623,0.03198660701239856
278.7459212701956,200.80978216404395,-40.10598360320586,21.764320307266548,0.032875745938962454,-0.5951282438548681,0.016471313886720334,267.17635239003687,167.61296913730237,0.6715212657258747,1.7596785545311595,-0.15286892068952393,0.032129564086561764
278.9460452512879,200.96576913099463,-40.25650156943771,21.81958294973545,0.042033046264968725,-0.5972843076258498,0.02304508737065902,267.39472391413506,167.6233481829063,0.5534219307999824,1.7296497516410638,-0.14321963093866613,0.023424436689562254
279.0,201.16553958070492,-40.178403907890754,21.819015860393915,0.05443514092166532,-0.5875121974049535,0.0226517332981614,267.90516940902944,167.66659965507762,0.5586452499852288,1.8067322506810972,-0.1486947415284993,0.02386445793990057
279.14616943128283,201.1581081585959,-40.25966318347027,21.822370187659658,0.05349343984359659,-0.5872152502436466,0.022656375013006803,268.1795403250529,167.64125663478623,0.5619971259867964,1.8134796799521926,-0.1511466183332352,0.0237502217527607
279.34629380967397,201.16832294171982,-40.37882205060999,21.82696184655461,0.053360296799762355,-0.587506390678675,0.022685778113649413,268.5476743501012,167.6201320183713,0.5665348893520842,1.8209707926512233,-0.14851588191665188,0.023888340575765558
279.54641838595575,201.17937085722681,-40.494991125117835,21.83145793826535,0.05349696428306587,-0.587217247802729,0.022655786762617588,268.9072266521073,167.57968788671982,0.5715770078764977,1.8247148564361235,-0.15497410429629566,0.024216210370203176
279.6,201.18265190473295,-40.525220582065465,21.86682905019327,0.053524012219761004,-0.5871299061197089,0.026301464383237678,269.0047444203802,167.57041112236416,0.581771989258322,1.8261806966700111,-0.1556241714180875,0.0248133548015737
279.7465431596234,201.27252725857718,-40.61744132068424,21.95261116075126,0.058526179681245585,-0.5877008538120455,0.036434653959924554,269.20599769083134,167.56327188458272,0.407373600579482,1.8127852432075215,-0.1523996524166014,0.012449722883722047
280.0,201.53016775937405,-40.35255372840278,21.982967239202743,0.0751609151008616,-0.5540612283677135,0.036949378843606426,270.06459051560654,167.99020596190638,0.6047294110565948,1.888182886767245,-0.09694226800137701,0.026638303289429413
280.14679329710225,201.54929326882132,-40.410767139381704,22.09685785585304,0.07687404499807358,-0.5504713244544948,0.048023754258635885,270.29092209411004,167.87761833287172,0.6378147081509928,1.872268367154572,-0.14455013922222656,0.02849205219410186
280.2,201.55519551118087,-40.43473213601618,22.234561145986078,0.0769925621785511,-0.5500961223306945,0.06235071466527764,270.38946699676217,167.86630096795258,0.6720443481219943,1.8734785555445939,-0.14611282409583976,0.030707421562360938
280.40000000000003,201.5678966585018,-40.55266074064672,22.04346775316426,0.0768173256150653,-0.5506497657020393,0.040796091545572136,270.7664772118383,167.8424171535669,0.6298802444633956,1.8797109252062925,-0.1477087872365315,0.027651813279887718
280.74716997115087,201.41185805935157,-40.69419550387181,22.028882882213797,0.06566454817661807,-0.5474239480315525,0.03724584370523458,271.57123467381354,167.73991708657192,0.7054252254746817,1.9295292710116692,-0.1660756773551964,0.03264361346280609
280.9472959185873,201.42641091458336,-40.80184404372378,22.036392520212832,0.066106458558101,-0.5467397572549597,0.037175973321574615,271.93808671465473,167.6723998087802,0.7122486218122845,1.9289647612079892,-0.18361138612182987,0.03265407551474621
281.0,201.2369865464684,-40.62721501730048,22.01817478660425,0.055757954291278486,-0.5321546068601806,0.035896739736202735,271.2898586893343,168.04726948627777,0.5687151861572676,1.7803629472136,-0.11806265834520577,0.02260947315345348
281.1474220599028,201.09628585626427,-40.653498476933486,22.0473817663069,0.046706272516186205,-0.5288691975801835,0.038769180206019,271.647331637335,167.9930653043096,0.524497975744376,1.809170883939835,-0.1304041751173787,0.019492487779621395
281.2,201.10052590824034,-40.67619271685781,22.177225396219576,0.046821638042491794,-0.5285126360775578,0.05220862847582994,271.7414278324235,167.9828435122237,0.5554678697784649,1.809762262334414,-0.13166307668429575,0.021331763494160595
281.34754839460004,201.05071492476915,-40.72983339658308,22.21287762238154,0.04337007777979665,-0.527012811762009,0.05559185902958192,272.0481169897322,167.94624425602652,0.49899636815602644,1.8233010316518024,-0.13821389677047458,0.01704858942580248
281.54767492218286,201.06213707698052,-40.82589050521395,22.223546323026127,0.04427126612300299,-0.5252340287480863,0.055378929050532814,272.37839516452016,167.8529650452057,0.5039428379563803,1.814104526677773,-0.17047876786370197,0.01714829908267094
281.6,201.06413020357172,-40.85429258212299,22.202138423621673,0.044250399943192416,-0.525297968463251,0.05283466143889377,272.47355977429953,167.8447082595606,0.49895121868690906,1.8150555291380197,-0.17130348203173446,0.01672828027496358
281.8,201.0742980312031,-40.955613429416424,22.313000701336325,0.0443348754251751,-0.5250396389727987,0.06332126355871409,272.83602620846233,167.80712408271305,0.5261560079935608,1.8187902715591444,-0.17563753804868085,0.018510653929288995
281.94792855402426,201.08069197172162,-41.0340568336247,22.322409185446936,0.044227753084397886,-0.5252398904530756,0.06334754016678254,273.1105088101353,167.7904411192821,0.5287077171216513,1.8232091423912635,-0.17416402014409732,0.01839525136461438
282.0,200.94472556651402,-41.1862688901139,22.32037013555091,0.03512151271359843,-0.5359836558854543,0.06342326162961555,272.87891664121184,167.70303878823964,0.4590455558053748,1.7650751605019395,-0.17493784083130082,0.013028806755880723
282.148055657295,200.96536847671356,-41.27809931091116,22.297620510342224,0.036063069927118115,-0.5367212859878214,0.059563210383867214,273.1303533623526,167.68360150313066,0.5288554232047687,1.7641478896595848,-0.1754253188289918,0.017518008126037078
282.2,200.9676250906219,-41.30490676095625,22.326996101914155,0.036087850658760925,-0.5366468639333172,0.06230725345036075,273.2217853346006,167.6737663790849,0.5357286357680403,1.7649517787806173,-0.17643198570191235,0.01785296985330363
282.40000000000003,200.9741561026943,-41.4141527629212,22.291831795367646,0.036043766484290134,-0.5367789895411283,0.05733563454231442,273.5754632243846,167.63946973121875,0.5287059272796766,1.7675956785342355,-0.17923894046012762,0.0172490082869968
282.74843811060015,200.9980602725305,-41.60586642562097,22.30772716688435,0.03672742026256932,-0.5370657801835136,0.05684048868705522,274.18311609326605,167.57974900530695,0.5443283579273077,1.7697161710427283,-0.18433575091086069,0.018012817100866305
282.948565974564,200.8220023967406,-41.670894978097806,22.30891188530947,0.024729114236635773,-0.5359387442142355,0.055815560419139994,274.74529029482034,167.59122310446048,0.5710174536910644,1.8306706774462647,-0.1592940354473911,0.019796856299255927
283.0,200.5517229135889,-41.54900508626384,22.30965801767242,0.009142955136562896,-0.5257346371611776,0.05559705601324641,273.9684539851884,167.9430301362657,0.5626174520556925,1.661518505259452,-0.09249963254137115,0.019155182192963156
283.1486940274771,200.55170852707064,-41.634168690808146,22.318009224122136,0.008762716772068377,-0.5266752946723515,0.055672633088169075,274.22772878493134,167.95443829303338,0.5651815162165593,1.6667355543119866,-0.08113060379784001,0.018909370817866446
283.2,200.55243172403934,-41.660442345419426,22.338983234090406,0.008780285876101667,-0.5266237625599703,0.057557791329231146,274.31308562499805,167.94979690691864,0.5701559371196983,1.6667588548853858,-0.08126714120505805,0.01906465242943166
283.5489506982007,200.55228753425342,-41.860642299205956,22.35916899328096,0.007689267902683583,-0.529150872081218,0.05777427664947767,274.9377417751001,168.00765347109024,0.5761925527852213,1.6836193558334491,-0.0435311270506862,0.01850620587145451
283.7490793150386,200.84017742212043,-42.06992802285598,22.333483283202415,0.024791959987351803,-0.5355384453597519,0.0533699053303468,275.05404445720666,168.08702929933864,0.6586237398549999,1.6276773665384752,-0.018750725967228606,0.02388903575369264
283.8,200.84029693417799,-42.09172769790653,22.343223797044057,0.025018348637481813,-0.5347073411108983,0.054029523388107216,275.1230451170372,168.0548218705187,0.6614164494834136,1.6223747495530212,-0.03130857935596103,0.023925958900658906
283.9492081188805,201.03379361638733,-42.24077776926116,22.324743098693492,0.03634656082039393,-0.5389692386177528,0.05086836628783094,275.2068055082667,168.11322406277242,0.7253882699463711,1.5818331571626836,-0.013812220843670245,0.02804701932131727
284.0,201.08230020333045,-42.13250574922097,22.344115062281784,0.040111649508437576,-0.5277423885730782,0.05147246755894744,275.3190095906891,168.27825963346226,0.8837823227514982,1.5832046394129824,0.005665323656066873,0.0390865996608137
284.1493371092425,200.99273032025738,-42.17188192741522,22.397594019554937,0.03441657772839176,-0.5253222568009778,0.056575018395177645,275.6126800453299,168.2541479580949,0.836450583677873,1.597616291895613,0.00022236735401315322,0.035314133869260494
284.2,200.9941668135964,-42.19906888180512,22.380266239136766,0.034406625937111995,-0.5253459287672583,0.05448690568818628,275.69340562194304,168.25381819526677,0.8335144610429271,1.5972324243940852,0.0006493878868352502,0.03492198434666945
284.3494662856417,201.09828618563512,-42.30990184962229,22.392666581384123,0.040295143823500024,-0.5273602635780833,0.0549996951618073,275.86800990688744,168.27831730583802,0.8288454109618916,1.57916165943313,0.009285982717867725,0.03419924999269761
284.40000000000003,201.10163128946144,-42.33307289030281,22.485301929059215,0.04037880161463751,-0.5271207694648066,0.06428023983026827,275.9470203975199,168.2764493675089,0.8526857440740584,1.578659851168323,0.009641390475470494,0.03556610096146626
284.74972519462494,201.11402626043346,-42.505563312441154,22.507842760864758,0.04101503330307158,-0.5250291503295492,0.06410364028384435,276.46242676991506,168.2006647918316,0.8654045375515308,1.560515959057129,-0.019507842613314737,0.03574711322968799
284.8,201.11733885786438,-42.52864563438093,22.599280722044757,0.04109401320127724,-0.5248038142649294,0.07323803667084294,276.5400401747588,168.19720094407575,0.8880979366439684,1.5597940915641606,-0.019809872794108112,0.037002171610841
284.949854926248,201.04694141485737,-42.56331717752493,22.6798002935397,0.03650000867220055,-0.5222192540635721,0.08169176839305292,276.8388088926904,168.161639591421,0.7134973882439308,1.574202795974131,-0.027073711520117685,0.02471190713784234
285.0,201.19120970682508,-42.71547210540322,22.67101304757939,0.04430023813625259,-0.531521898654556,0.08120162494945872,277.3762305956421,167.90495922306707,0.5918182361327844,1.6646697071110506,-0.07019480622055552,0.016018834018327467
285.1499848419864,201.35385172866538,-42.86184006003113,22.763739904195337,0.05361374646263548,-0.5354862110667608,0.0879660732107766,277.53207640270125,167.93400737164913,0.8224910453338481,1.6391563647222862,-0.05869276576803385,0.03213505092345776
285.2,201.3556239610769,-42.89101123413134,22.70788873564463,0.05355549243828021,-0.5356507152101809,0.08170870194065988,277.61455781442095,167.93258062774052,0.8095532385176831,1.6390072985783652,-0.05833987300548865,0.03133044037297178
285.3501149413621,201.12083545355605,-42.8875287919879,22.722323633106946,0.03911218308436903,-0.5304663003040876,0.08196668359268657,278.01815846506906,167.86298384071173,0.8085449951726531,1.6807407589948893,-0.07426407669487359,0.0308290823712063
285.5502452238981,201.3300793127277,-43.05015225321341,22.72440278644185,0.05176695579445105,-0.5326106739282609,0.0800608357316348,278.1802067888124,167.82866375643465,0.8514571386553188,1.6298659300787985,-0.09069533844123974,0.033406235379492256
285.7503756891183,201.33433334448324,-43.17577201810987,22.741070378571926,0.05021382900671777,-0.5362283042472025,0.08044877180258903,278.57356325348485,167.95107585617552,0.8559504598806534,1.6550444623920701,-0.03189087579241739,0.033120880623785764
286.0,200.8738289615532,-43.413684893504865,22.7337605358702,0.020707255550130966,-0.547691192738363,0.0794466571084374,277.833614105726,168.04435064961325,0.6089315006160354,1.4383918317572038,0.015468820358948827,0.015203715671857788
286.2,200.87780054023926,-43.52366435113748,22.738711038644343,0.020696329928954208,-0.5477215387871447,0.07830435359526605,278.12090534369247,168.04805064389342,0.6094395656041999,1.4334005629949729,0.01880090824386592,0.014877229289866145
286.55089936735425,201.04359559694547,-43.77359454184176,22.756943271782237,0.03013969024240831,-0.5512759222508737,0.07719782482358538,278.50975342875466,168.10054805907987,0.6355942822579117,1.395432043743325,0.03693888255976254,0.01650184698449297
286.6,201.04924465376962,-43.78989726886784,23.044085449104898,0.030405802649699196,-0.5505399255403454,0.10674650862767701,278.5756079247366,168.09469373277994,0.7039607861679331,1.393421881796143,0.0363504749352112,0.020716571782107115
286.751030738889,201.20251761034075,-43.933260043678345,23.027916982207103,0.039275314237436604,-0.5542068693247428,0.10283946102772323,278.6705290931859,168.14889732875517,0.7849830976179327,1.359320589754165,0.05212881731324149,0.026277545742071057
286.95116229027235,201.26966903148661,-44.05553812563594,23.08719456230784,0.04279401270999228,-0.5549653866446704,0.10751486613215708,278.892961417785,168.17400757135215,0.6986997320583502,1.3408266740185533,0.06017393126564129,0.019798904897644236
287.0,201.22684582948142,-43.62450820278978,23.09347877353542,0.04306100068016258,-0.5196975442704115,0.1068815464724152,278.5870121526525,168.82136034088307,0.7559574244769562,1.2569394496518962,0.15578800915141475,0.02394749875852722
287.15129402103514,201.23117078304398,-43.70904872165426,22.97017700619589,0.04291027736266271,-0.5201245548218403,0.09257654862035368,278.77831148256143,168.84986336157493,0.7260138750444752,1.2509872817053926,0.16154737831630825,0.021741883579678253
287.2,201.2307081830129,-43.74096141278427,22.809094981454265,0.04274533887130153,-0.5205779770544489,0.07531204169608766,278.84064225418336,168.8619737536539,0.6877446847586961,1.2493291347933526,0.16390719440239665,0.01943731341437892
287.3514259307091,201.05418940401646,-43.77318816895299,22.749857757312462,0.031874037204537964,-0.5176119796628385,0.06674887139852997,279.14835209491474,168.84862022638418,0.8607240960085971,1.2752216122406441,0.15820533271567283,0.03162487972089378
287.55155801882734,201.21189770742617,-43.922782929129895,22.715843250509323,0.0415105641524842,-0.5189390618681344,0.06086102486467023,279.2632308621049,168.8452049932023,0.9790314064957777,1.2259667492466173,0.14283843518188008,0.03977886178772165
287.6,201.2116420729689,-43.95372173747734,22.559159352455357,0.041364091156262384,-0.5193400796765989,0.04422083735522661,279.3240278204525,168.8564178650561,0.9393704717596397,1.224170693353462,0.1448130853821113,0.037256653744736426
287.7516902849235,201.22025257409354,-44.01514903903689,22.566231493837023,0.04225659728412346,-0.5163187062982246,0.044040460959482705,279.4642609687407,168.7659549046739,0.9445811159501484,1.1986900140829955,0.10272416649656543,0.03763109900337386
287.8,201.2200276024797,-44.045884536000266,22.406269138028524,0.042111082515775944,-0.5167165268670448,0.02712178569685698,279.52363927576494,168.77540843892737,0.9049417928410113,1.1965977808474357,0.10438769631324007,0.03489586657407212
287.9518227285324,201.22996385466385,-44.105082454583936,22.411309538600605,0.04339148191650603,-0.5126372813555943,0.02689985949437938,279.6339826716475,168.61750319220138,0.908616080760084,1.160189639874711,0.037329983001163275,0.03473367910816477
288.0,201.23797178902174,-44.06023709965722,22.389271978291674,0.04409321793689172,-0.5075846266137192,0.025661441658576783,279.65537881431953,168.68986941869156,0.7087654248600808,1.149465589536033,0.046331314539854236,0.020954910990066335
288.3520881464332,200.894802103934,-44.12092753449574,22.35556744912465,0.02272581348324259,-0.5002810564625491,0.02048968227409325,280.29255506833596,168.61934671949126,0.8140508712441985,1.1939931232819876,0.023416311929552115,0.027451928532078798
288.5522211197997,201.00182495998334,-44.25788571822175,22.35933766201598,0.028839039573053254,-0.5025394107931824,0.020451380268466293,280.45705239031025,168.6522926588873,0.8203268811602121,1.1654467308574867,0.030451142546396616,0.0276310848414802
288.952487593059,201.0088695005784,-44.462699077491166,22.36746417947028,0.028315212718942526,-0.5035867916013936,0.02053393357969544,280.94080842063966,168.71202961322766,0.831275056611417,1.1544947840648436,0.0498080573337947,0.02782962386693823
289.0,201.15322642274919,-44.194210293683206,22.374750956466073,0.039084570459094255,-0.47979468251910956,0.020294588695174753,281.1894875407611,169.0242442172804,0.9231319439677552,1.1803100254647871,0.08255329644452054,0.03437808971554105
289.1526210920325,201.07065165152525,-44.22823883182288,22.465828941454657,0.03380927021541183,-0.4773926458263905,0.029591736048960107,281.4230591529285,169.0125589396818,0.9099876040210659,1.1883031849396657,0.0768953892849578,0.03310836263472819
289.35275476529085,201.076861541822,-44.324342644299676,22.47175628312751,0.03375559650232625,-0.47749456931415035,0.029599202247530963,281.6613951632548,169.03123737031655,0.9166156152833578,1.1797767701015291,0.07911050939024618,0.03330004411493134
289.6,201.08745056853715,-44.43667043372574,22.628083043501423,0.033898535338562776,-0.4771088408561898,0.045046582733070946,281.95042117406234,169.04709242022884,0.9584443762427735,1.1691069612048375,0.07976163405223781,0.035700235633199205
289.9531568262078,200.51801461498184,-44.386330652961405,22.676958972114274,-0.0007239467175062866,-0.4637772620517944,0.048929565540785674,282.8483429752084,168.88225717109148,0.9004171134135412,1.2776708802774408,0.03235311808814521,0.03034898881539017
290.0,200.53644818296195,-44.26424467053706,22.647789695688736,0.0012555600165375345,-0.4530276736383109,0.046983087185053216,282.85009762681915,169.05268320453737,0.6689801159155665,1.2614413769982293,0.05552681291206771,0.014229580204735186
290.1532911920437,200.59454229152993,-44.34544485478592,22.813931003751357,0.004696974202280353,-0.45371978202183905,0.06331204666388597,283.0088792489846,169.06973973182926,0.6814117220377244,1.2474573713778658,0.058340478327113934,0.01462767305417482
290.2,200.59324781791923,-44.37049728103603,22.71996724995441,0.004599754370788396,-0.45398028948704505,0.053319826427375656,283.0679269948376,169.0747575745336,0.6600326059199905,1.2460631713192791,0.058904798062980504,0.013182717635475193
290.40000000000003,200.59543251973125,-44.45807136207364,22.81269624166196,0.004680454985354924,-0.4537642555209542,0.061780105447173654,283.31574569503255,169.08456940673807,0.6810017579809198,1.2393612132870795,0.05885657560025377,0.01436156682021794
290.5535604392907,200.65149754358805,-44.55894995843987,22.778814678629228,0.007982038686795156,-0.4556142449675649,0.056609325180044086,283.4657424368557,169.11421748224907,0.785785011010182,1.2238755463795283,0.06450075544312403,0.021392149442122678
290.7536953197986,200.36677341754287,-44.542850639818866,22.79934891417399,-0.009009992570469801,-0.44909635248310087,0.05769951553433474,283.9293113184406,169.04036025357232,0.7684006679713866,1.2740550273217972,0.04236513707213778,0.019475422750165793
290.8,200.35342842135302,-44.57309574027076,22.764941642365493,-0.010096993903529887,-0.4507989890465765,0.053998267140018125,284.0194521281584,169.10762143896497,0.7583858256696592,1.2846515363266324,0.06778795274052714,0.018758470987418573
290.95383037096235,200.22747918569146,-44.60744061717802,22.730054139938275,-0.017456389089909437,-0.44858511167614373,0.048808847447204165,284.31848249999484,169.0819253192201,0.86833595053949,1.3066743870114699,0.05893189691902509,0.02643428454051785
291.0,199.72870723200015,-44.50403197202696,22.759237300707703,-0.046465318695548485,-0.44231694834754015,0.050391244293910877,283.1174815355982,169.5566567854509,1.0812985307534568,1.0655519408959868,0.16130551518038194,0.0415536636855474
291.1539655923328,199.71771744189485,-44.579229589126015,22.724399571008,-0.046828888136992854,-0.44318509277018453,0.04610880377848797,283.28938167916795,169.60260293990666,1.0774279937492277,1.0621220944375491,0.17245687976061203,0.041160944757791425
291.35410098346193,199.63183311168484,-44.638825466677154,22.735615447140788,-0.051363098268211685,-0.4414011141424529,0.04634327855098094,283.55049855503324,169.61675449036824,1.0810306312437943,1.0660180530474088,0.17014149360145328,0.04145999166267533
291.55423654390273,199.60845509379496,-44.74730866079036,22.74513196862887,-0.05265665658561837,-0.44428140556308116,0.04652950175606698,283.8017147355455,169.74369479170937,1.0884384977474408,1.0728332659842246,0.2099389616846933,0.041517273163275095
291.6,199.60761001086917,-44.76377369844284,22.851872728038515,-0.05255586863473908,-0.44401904114983015,0.05733584753962952,283.8497686721829,169.7506303822091,1.1156202684042793,1.0707387609749228,0.21050868942353865,0.043112353746510006
291.7543722732091,199.69021195068905,-44.8549680117863,22.906512751865463,-0.047197244124520484,-0.4454895335509374,0.06283926839878307,283.94672187802263,169.80725400103216,1.0110569274670083,1.0469052083477337,0.2209353137730023,0.03574140560748281
291.8,199.68545076083046,-44.88171096504997,22.727601850604078,-0.047365314281768225,-0.44592584790975665,0.04406220427996882,283.99623195675883,169.82216759373682,0.9666401116165859,1.0453302106385647,0.2229948939529893,0.033038335665658794
291.95450817093604,199.67864879176494,-44.94921531697845,22.734379837593746,-0.04721286646650456,-0.4454925168564921,0.044021179438714766,284.14887633936985,169.83708244912984,0.9720103454565185,1.0348261220974424,0.21864607321046048,0.0331124127139316
292.0,199.70571067540106,-45.21850377249996,22.714558615295918,-0.047540370475688896,-0.4650205042866271,0.04336029091278271,284.4394882767421,169.4816087625644,0.7526534338442253,1.0879260152451609,0.1684666884081448,0.017528756870560838
292.35478046987663,199.70799220743396,-45.4088130741198,22.44694374050621,-0.04641165669314299,-0.4665919927626318,0.014575283761641116,284.80956470456397,169.55766590489395,0.760192772561404,1.0701702690645951,0.1786209100481267,0.017935250354099243
292.40000000000003,199.70741557067223,-45.42619169338619,22.54565055853939,-0.04631317228987535,-0.46633881409800165,0.024761684192340476,284.8569910230493,169.56330715944296,0.7840930356901026,1.0680633801660553,0.1788564597322129,0.019323108318105516
292.5549168702053,199.48661232071217,-45.41033253767864,22.57630341820234,-0.0589965960656212,-0.4609852175634982,0.028014617267497183,285.1732347281293,169.52542693135783,0.718081810699777,1.1016012723598594,0.1641818127569572,0.014359756685213852
292.6,199.48415417300487,-45.43032699776609,22.604459381793962,-0.05899749141665974,-0.460970013090047,0.030816366363978068,285.2235544285046,169.53416356131473,0.7253274983439106,1.1003552369887566,0.16556363531540091,0.014777561968198885
292.75505343718453,199.4756972397393,-45.50124681645243,22.609210001638626,-0.05888665950636257,-0.4607551099832035,0.030793426415507745,285.3892057774205,169.5505887076749,0.7277926133845642,1.0928515840111395,0.16430741150868786,0.01474608395524314
292.8,199.47028332121812,-45.52867325239322,22.422361621479563,-0.05906514920943221,-0.46121184426158446,0.011157216315125808,285.44021361523056,169.56306334098946,0.6828996833152922,1.0915540013639602,0.1661049840706447,0.011914900293117077
293.0,199.5058850581523,-45.58271255031787,22.417516508976963,-0.05599242913943615,-0.4580563901172952,0.010769951801197226,285.75741673359096,169.6121346150165,0.6194771173673382,1.1022954300050603,0.16838024258083228,0.007322669971723108
293.155327069336,199.6967675673884,-45.72320709319533,22.447164008299175,-0.04419061974829548,-0.46234149477758385,0.014187709919782628,285.8104429787321,169.68577476992368,0.5508653756988307,1.0650526153138247,0.18394032457587822,0.0027568848817512686
293.40000000000003,199.69009471676387,-45.826359660387176,22.711059414731853,-0.04392266134808402,-0.46166283427940724,0.04155048890618433,286.06737909320384,169.7247164551393,0.6099483443031941,1.0550804967273615,0.18694102524148312,0.006583390640869845
293.55560136282367,199.50807566734917,-45.82644983200528,22.7338136525033,-0.054305738322009925,-0.4573026542904721,0.043545537690243,286.35446030498616,169.7001949295386,0.5681822608706021,1.08144644907226,0.1754872526813171,0.003585149961709985
293.6,199.49991273810636,-45.854095531379585,22.849524924601894,-0.05554927165751871,-0.4599089326154751,0.05575909614221561,286.45420224493586,169.81795392681653,0.5920963986456235,1.1023318096050823,0.22378577119292561,0.0048880050660148
293.8,199.4890521228002,-45.94548095392113,22.87724432902084,-0.055533173628811994,-0.45986833562594664,0.05750621764994376,286.673857746452,169.86280124758454,0.5968892559392035,1.0959522443822682,0.22910610384769647,0.005093835188241646
293.95587631415617,199.25685060263697,-45.93036093905457,22.888185828384998,-0.06878867775597744,-0.4545665837432519,0.05774719698143035,287.0292086503713,169.82044740843443,0.5913966069638292,1.1381216303102608,0.2128200043667471,0.004618561608124126
294.0,199.62125137301214,-46.339234644644804,22.902671197457753,-0.048931591813254544,-0.4797946327594653,0.05841856441795181,288.23423739762626,168.96451927395916,0.6889057743025937,1.3565331694744063,0.03730083512935417,0.010517625151906705
294.1560140354277,199.60754792897652,-46.41734306172724,22.911929911633745,-0.04952505581205197,-0.48053237394854287,0.05849262097686614,288.4590922838712,168.99361713317597,0.690009570683423,1.3612619167996916,0.04846569802770007,0.010337338698252787
294.2,199.6033826064219,-46.44318453386455,22.794705848060076,-0.04965514419761885,-0.48085623220700774,0.045791246046898645,288.52015833049205,168.99879643611408,0.6643200630633889,1.3612613234785185,0.0492711993470946,0.008682888488428195
294.3561519198586,199.53140885406742,-46.49478630739363,22.796001856368655,-0.05344462893265426,-0.47941083817836533,0.045062569725571384,288.7735747815182,168.9893855319147,0.6812095269122852,1.3714355064345158,0.045414052410498285,0.009786547441933961
294.40000000000003,199.52866071527507,-46.516762012552306,22.772566101364816,-0.05347112753501841,-0.479476676704866,0.042363725873301006,288.8339705844374,168.9920441771166,0.6758043785676799,1.371435784312303,0.04576047709129664,0.009412591446494629
294.5562899670171,199.75193567708652,-46.668996638622005,22.826383274729096,-0.03980937566118469,-0.4842789006628737,0.048280506048673524,288.8888099555908,169.063042656495,0.5447665262833671,1.3291242896896451,0.06370051385745674,0.00011648740692608156
294.6,199.75444651292162,-46.68597655691131,22.864133961231925,-0.03927480342667787,-0.48340692874213376,0.05200440563623254,288.9298689777038,169.03360605576242,0.5540068016318279,1.3217461064850846,0.05055378822566327,0.0005745163574133579
294.8,199.74392404693415,-46.78890243960229,22.6972972539454,-0.03944903110425766,-0.48383780903569895,0.03306740136055021,289.1960490014104,169.04878024189568,0.5123862849389794,1.3205108822135394,0.05230489669826548,-0.0020855569078799484
294.9565665477943,199.77529609816617,-46.87782148827747,22.707736557476323,-0.0372295278644181,-0.48465390766517397,0.03374030735016385,289.3720463897301,169.06963406999935,0.4958787232470501,1.3108939221507847,0.056143059592097026,-0.00302292818331919
295.0,200.21287526982883,-46.843763769834,22.708269495027583,-0.010900063523760124,-0.4778968796238204,0.03341387163075359,290.5162668377647,168.94233902627425,0.51079318086431,1.519023792744618,0.021659760581887157,-0.002419946861348449
295.2,200.21226511660967,-46.935701104839055,22.809482336075117,-0.010796511744209824,-0.4776435673691543,0.0435863046331699,290.8192882068405,168.94428960651433,0.5312346980793766,1.5206301883899078,0.02175693514435247,-0.0012912779921515616
295.35684377432506,200.20920176323972,-47.01151954374876,22.81633794198786,-0.01095858998547983,-0.47785688707499885,0.04360692790561545,291.0623130107367,168.95514546249305,0.5309246368893904,1.5241766773568985,0.02508153832858613,-0.0013754016665246476
295.40000000000003,200.21112680432427,-47.026596510166684,22.96453631356536,-0.010801102704234088,-0.47747265518670856,0.05940342551710717,291.1265169694953,168.9523033976924,0.5625826493211713,1.5241804861994654,0.024359639972495385,0.0005188252580154834
295.5569826286793,200.2217472965209,-47.09403389960967,22.973535471070008,-0.009176512560451272,-0.47533319109024136,0.05916171817106336,291.31530214108807,168.87142356022778,0.5641483698094193,1.5057226192952755,-0.012512802777934779,0.0005469673505526274
295.6,200.21932891007378,-47.11914533630903,22.850895167896777,-0.009308903191335535,-0.47565524852037916,0.04559850988654668,291.38150155549454,168.8743985460233,0.5376632367968933,1.5062158533482641,-0.011928283104512048,-0.0010973036560401844
295.7571216431913,200.0507592687075,-47.12565433640872,22.8636649013869,-0.019166041502684687,-0.47149364704250457,0.04631340650251823,291.74381548386754,168.81565775919256,0.5195166562709518,1.5393337136963072,-0.027845484896384415,-0.002461349785778469
296.0,200.14972413143104,-46.990512776732686,22.883233107853897,-0.011045910102694493,-0.4514834946333957,0.04614268702093248,292.21328879480075,169.12153474948028,0.6603323927157794,1.5527233922547952,0.012396274827029069,0.007850772295858335
296.157400150991,200.14526447666833,-47.06416674250336,22.890468321954508,-0.011414527169542962,-0.4519983189605054,0.04618245977757682,292.4673891432833,169.1391041899628,0.6615394779325094,1.5586109264334116,0.019609199396321445,0.007525815591519264
296.5576792943387,200.11133975479754,-47.21733111611804,22.969698067198344,-0.01315777032377077,-0.4503959232403399,0.05379696902057701,293.11420055440755,169.13056863166761,0.5090659327313151,1.5689779246066822,0.01563188972363227,-0.0029720896788823625
296.7578191032894,200.1514454340438,-47.310033421635495,23.038436598730375,-0.010675325607059258,-0.4506321404484024,0.06103367913962873,293.39914326648136,169.14058736701926,0.36332819306110153,1.5640841473945706,0.01771385039183885,-0.013052030952955429
296.8,200.14843732215013,-47.33290640833342,23.03860015787835,-0.011379188725856677,-0.45171478872543824,0.06088864541676472,293.494502358175,169.18920484831798,0.36107894967857934,1.575641013181522,0.03871224769517786,-0.013217806952718
296.95795906986484,199.99681063466798,-47.3368355560627,23.073510154614755,-0.0201649226086921,-0.4476574162612124,0.06405653275898643,293.8636664399104,169.13748227859008,0.2913111642295744,1.608046771327933,0.02446971089267367,-0.018121487406949518
297.0,199.96378971465074,-47.12189492280674,23.082219627870515,-0.018793711468956524,-0.4277110890588282,0.06364741851329145,293.5691962038805,169.36618630423138,0.3930668215618529,1.5170717831473732,0.023016147730322636,-0.01087996052011855
297.15809919364636,199.67774455917598,-47.056436150353086,23.15918744096697,-0.035341628190575874,-0.4196999106311101,0.0718903224935247,293.97176551228324,169.28763902260576,0.23493147802129793,1.5617037433286365,-0.00014517029378222426,-0.02233486846911428
297.2,199.68793805296636,-47.06048748232677,23.134156403737975,-0.03350955027668518,-0.4171486764879773,0.06860652972182742,293.9862733653611,169.20870210856404,0.2309713162588004,1.5412002534922944,-0.03817814500551771,-0.02256709892830092
297.3582394742163,199.67949079770824,-47.130891808866885,23.14529264740112,-0.034119879665142426,-0.41803126788900485,0.0687237982501538,294.24957090761615,169.23224489476522,0.2264889394656975,1.5497693756546602,-0.026062746217813654,-0.023044788935278764
297.75852050405626,199.66523791161265,-47.29959771069724,23.172876384898625,-0.034383021842820397,-0.4184194703473621,0.06877760899909127,294.8817895037799,169.2381104298047,0.2168244034965929,1.557005311638245,-0.021587266557903714,-0.02365917887866903
297.8,199.66631066309975,-47.311470377818274,23.326437069215384,-0.03421945438968764,-0.4180392878808117,0.08508546456895615,294.9444442705039,169.2326949685737,0.24715887775917297,1.5567998665264764,-0.022841053607778064,-0.021713237404824705
297.958661252496,199.66055743093364,-47.38055422437104,23.340234688122916,-0.03493799726178556,-0.4191069548937229,0.08525968124651412,295.2275410408837,169.2823730446991,0.24249959849966438,1.5708596737331624,-0.0006743998327123323,-0.021830240103498016
298.0,199.7585591439479,-47.28269234154923,23.32245812870415,-0.02819741295513128,-0.40984655452769175,0.08398846089313593,295.47107900578277,169.35164292965493,0.03368302338275142,1.6013537499951238,0.0009590388960374412,-0.036300072327592525
298.15880215606376,200.0109914090646,-47.44878079278751,23.332535508110517,-0.013265863091332618,-0.4160187135810419,0.08417994051051514,295.581825098746,169.41840847724916,-0.05508476895661381,1.564469598744097,0.01891473042488973,-0.04186866631430399
298.35894321434705,200.29238504998713,-47.677724714806445,23.31947864311795,0.001984351748624569,-0.4264916823368101,0.0807748650336927,295.7726127154367,169.5961136617852,0.007038013203724033,1.5405922248487782,0.08326987803757793,-0.03714685656680559
298.40000000000003,200.2980737377308,-47.700990729220194,23.398446240739755,0.0017051789446301533,-0.4276093069515391,0.08904934505808264,295.85749188975046,169.63896747589382,0.020294200191350302,1.5501501817611103,0.10271854252557844,-0.036390345036595835
298.7592257934151,200.27709336362955,-47.85568202315134,23.390328901169607,0.0004617363726954612,-0.42762338234973263,0.08414285227582953,296.42891302928194,169.67448858098624,0.10501078914008569,1.555643448729409,0.10676910709143927,-0.030162181137935815
299.0,200.0754791616554,-47.92744811838262,23.404488411934395,-0.012007935623437658,-0.42757940757535506,0.08403047767808876,296.22262982021147,169.9501376422698,0.029454201470702476,1.4509136181073132,0.17510758730714238,-0.035499928978457204
299.2,200.0744874644733,-48.00995575785272,23.495344401600686,-0.011915224560907158,-0.42737018553037476,0.09198005307277855,296.5118476583818,169.98355190652683,0.0365886735437127,1.449953549784442,0.1790817852569216,-0.03471920866418691
299.35965081212737,200.1814996163445,-48.129475028846834,23.491205412138008,-0.005599801781119465,-0.43043391676722176,0.08969638463680209,296.67700042247395,170.04617989147513,0.07701862229011518,1.4320407295981703,0.19174205145710457,-0.03189121066051447
299.8,200.17668384909123,-48.32399979836135,23.398725271902983,-0.005751757220327173,-0.4307756829781581,0.07561506448051784,297.308698718454,170.13706063369514,0.036886083787917225,1.4295104202335112,0.20375328304454218,-0.03412199458343326
299.9600772011979,200.02538837007504,-48.32812128265154,23.4132396600574,-0.014455646303656498,-0.42690058761013316,0.07590244513726659,297.6530889789849,170.1149153039965,0.024948188347142426,1.4574421720681134,0.1936100546579038,-0.034825085790026196
