time_s,rov_pos_n,rov_pos_e,rov_pos_d,rov_vel_n,rov_vel_e,rov_vel_d,asv_pos_n,asv_pos_e,asv_pos_d,asv_vel_n,asv_vel_e,asv_vel_d
0.0,39.04273395529019,11.584781313130494,10.481815417864164,0.0,0.0,0.0,32.7919574074986,0.7608607555697338,-1.6140638674344414,0.0,0.0,0.0
0.010363182694305624,38.19571152511658,11.566580014083971,10.985983769854538,-8.77829359446333e-05,-1.8863295839550867e-06,5.225053855895061e-05,32.93851732551808,0.7639994454311777,-1.7148014965817824,-2.6231482838643457e-05,0.00018446802606029197,-2.2657060529006388e-05
0.21015583461537687,37.68188388935453,10.710047738557364,10.590555320655499,-0.01635492669947982,-0.022039474524260916,0.028041761920494273,33.02818036168015,0.9135082402730802,-1.6362730013556783,0.00785168082814064,0.013230674053808917,-0.00699801921184803
0.40995386996825683,37.60101209676376,10.518974604830463,10.500775927234084,-0.014557344901829389,-0.037565510271773406,0.040748898797709515,33.04281046787232,0.9553181436214468,-1.6192422267526763,0.007420595193883934,0.0506644609212428,-0.010054528187610589
0.6097576900928808,37.14967260484598,9.936027528449207,10.094300177333155,-0.10434806924489254,-0.05985861112064128,0.09623668217855387,33.26001905949996,1.0921226113835512,-1.5445755900084677,0.46213407303201554,0.15337105513923333,-0.023249141533157113
0.8095677070009177,36.975079302037116,9.527278215518043,9.877368199739616,-0.10284084348538416,-0.11672415337672847,0.1411121361329973,33.390923072155864,1.4005988693253122,-1.5063408740326691,0.5979802604456709,0.7040683232798409,-0.024683647422170555
1.0,37.00379061177283,9.390457067131502,9.87992638704074,-0.10289699006865613,-0.12172727197792327,0.1453461945033108,33.52949946211146,1.321932508924148,-1.627119218626637,0.7353528881560888,0.7875261104635438,-0.017643916586678653
1.0093843418736157,36.93285890443006,9.239697905508667,9.77773128533415,-0.10672806506724314,-0.1350403520536577,0.1542751979333478,33.57830076966521,1.4253128531691572,-1.6121074184030857,0.8249644988191778,0.9895733834076655,-0.012492223458244293
1.2092080231095461,36.95701401438655,9.335772381842267,9.917002458695874,-0.10092935793594085,-0.13366239360908594,0.1534359944355933,33.8270653501216,1.5041574202235402,-1.6306047789294436,1.1258184610290585,0.9398623579069617,-0.0003884016692873877
1.4090391838719665,36.92484333095679,9.32697107857562,9.974413906132307,-0.12701824325122693,-0.12371096233537551,0.15599725591791389,33.98475915797385,1.9920577985589714,-1.632127439218148,1.1664249552518866,1.549114390605843,0.02570332362859766
1.6088782590932362,36.92639806626527,9.349171498267145,10.02572144580999,-0.12272947039603346,-0.11904772334425283,0.14039949134036986,34.379549020566955,2.5894276277660895,-1.6179966419168987,1.5265021043511056,2.1338017585783815,0.07625293923733355
1.8087256819064033,36.92595602145913,9.346109560625544,10.160543609305828,-0.1205970498096115,-0.13644548684431965,0.17002263560269026,34.628623772816795,2.7367548997976296,-1.6318287468787862,1.6250100524947806,2.03553535663073,0.06838114182633173
2.0,36.996005875151745,9.47709552728586,10.593016483632727,-0.10870586356886139,-0.11686095192236043,0.15879479281997583,35.08247059369767,3.388006714817596,-1.1467329655303353,1.838062635365587,2.3519219848505672,0.11406899644561522
2.0085818794925165,37.06282609756456,9.501319682386098,10.638001979417519,-0.05839351398886901,-0.14094334698373465,0.1517710789868354,35.305902519262574,3.337143234632624,-1.1457798869667695,2.1263711332611015,2.2709681959663643,0.12745804700173324
2.2084472683567733,37.00183092402599,9.447963938887373,10.748483617214974,-0.09130250877509331,-0.15586882928942575,0.21197658553161133,35.50479465353182,3.460451176793372,-1.162221508736114,2.0493227399999676,2.0930401165236665,0.08951128697536209
2.408322249077179,36.85055812942954,9.358071297120162,10.737719682626032,-0.1510122820403664,-0.13919289862946327,0.23732464643727072,35.64700912051352,3.8390685160722673,-1.1558832984168879,1.9291903715454448,2.214811216718152,0.07552184411927249
2.6082072006051855,36.561922267195854,9.026583124143349,10.434170814337627,-0.21145571239335847,-0.12605591310913264,0.2538282444361929,35.632598128390256,4.100246955249091,-1.1267730035118535,1.6841840228151277,2.188898510174374,0.04305885121757953
2.8081024742370024,36.317858892084494,8.593214929929964,10.09485742794341,-0.22719995445649516,-0.14425594938764377,0.27412483719187647,35.67482406545371,4.132621642295366,-1.1089598722872056,1.5374832999235275,1.9751237293824406,0.0018815463851763123
3.0,35.738985029991554,8.938874522006975,10.318163823744177,-0.2781727926927744,-0.09476445472138306,0.25378945259630364,35.435959944833904,5.016733330080148,-0.7790989037165451,1.5388161317162379,2.2272254838590113,0.0320356027657844
3.0080083874143493,35.630090961278256,8.794326234030269,10.076626141402611,-0.3025905789735751,-0.07941071024094298,0.24211678207660445,35.28109767734106,5.021307770557456,-0.7585004627516836,1.3836081781659584,2.2104784739092085,0.02275337702731635
3.207925217550714,35.53274415560137,8.562946114342669,10.138571981275769,-0.2913163735443129,-0.13170844425510803,0.32151631011480936,35.447050943066486,4.890113874911941,-0.8171283080978426,1.369257349295893,1.8620004064339537,-0.03403336285966552
3.4078531961094973,35.42125690041778,8.167408764890434,9.880575703402668,-0.26075432812879684,-0.17305703815501217,0.341537381944406,35.62461364163229,4.759960057621802,-0.8305473586996838,1.3657454385781538,1.5686705822311744,-0.06983517659625768
3.6077925031793816,35.259652494132816,7.61615412522691,9.43090091777303,-0.23458307220027075,-0.21751840486883744,0.34934134715840776,35.70517131124426,4.463215210295026,-0.8398925096620724,1.295295844525152,1.2013132010957182,-0.11116190114985625
3.807743262795835,35.00801405431229,7.348463606278749,9.252561998050536,-0.2785383283358247,-0.22210405460900032,0.36076089449935056,35.642390196865,4.507989649326707,-0.8732859815695274,1.1387973752579974,1.118169305865168,-0.1374639435108094
4.0,35.17494184020041,7.923114061291724,9.622823539465632,-0.2669154388644771,-0.1583045475440895,0.3969629873724308,36.121969754260235,5.295017116375238,-0.9143356482709202,1.2505325362831363,1.3168443875212084,-0.13222346545723507
4.007705539243094,35.13386997835961,7.8945763100983966,9.575956111735582,-0.2787143266403103,-0.1553683692055586,0.39671584305148366,36.06280732573153,5.301601304275323,-0.9155257873805638,1.2025284634705846,1.3148941986359415,-0.13593435194179151
4.2076793345371915,35.034163423613464,7.771602815609175,9.684469147171672,-0.28839040307838265,-0.17738798678708867,0.42582314312706526,36.23603033171771,5.37954112308761,-0.9757685022122381,1.200354718755187,1.242828540453403,-0.15537300865148634
4.407664587238941,34.94235838056965,7.570712994056666,9.762157684473637,-0.29021996047539583,-0.21396933236461974,0.45435308617787173,36.42214957855849,5.343641765192441,-1.0445859268536144,1.2048159917253958,1.1096478998485841,-0.1784869841659893
4.607661172679851,34.7980710472793,7.540326440522473,9.879904270836668,-0.3187702324194513,-0.21109700404905699,0.46152436922054735,36.53066764082253,5.61980155800234,-1.0942103664695055,1.1613440891095133,1.1767119093109697,-0.18450740701188284
4.807668904609423,34.794319332957926,7.479644988878533,10.004229967644328,-0.3014362373990166,-0.2197198564776194,0.46574821301614266,36.87382692826003,5.787594484864922,-1.132937870833483,1.2558362112010204,1.176941490390033,-0.18417487846791952
5.0,34.368920040855556,7.70253372561032,10.147146860285718,-0.33592184458831453,-0.18310398617566798,0.4566349479513,36.68834759379171,6.331443830032389,-0.9066573698954816,1.2080516848206773,1.2493038565504542,-0.16397180369405603
5.007687538196226,34.358216800427016,7.704473776355739,10.21933267353386,-0.3401670431257102,-0.189038013642747,0.46628875275615955,36.70045049324171,6.325115305698808,-0.9203099038779647,1.2095771427321884,1.2406556389641314,-0.16768584040562753
5.2077167742447905,34.25433428077134,7.688462448768694,10.604871624526501,-0.3581994568738959,-0.211072462277957,0.5036301934434777,36.96284299455211,6.5370524809073665,-1.004559414851725,1.2450442870331295,1.251609180358117,-0.18176657577788724
5.407756264432214,34.129509636936874,7.6693821576149075,10.755312114176995,-0.37505230883380314,-0.20936657646139006,0.509821623008667,37.12068371485873,6.8435059533373535,-1.053806624136647,1.2193120614961737,1.3157338939204624,-0.18591483477334086
5.607805617327329,34.069662219238644,7.623691541833513,11.113863872308734,-0.3768913178284947,-0.23198447470762276,0.539169257457452,37.49606034602077,7.032162665846528,-1.131606446594711,1.3109623938653179,1.301782401328508,-0.19559661948220905
5.807864404933641,33.95326015340222,7.567214542430537,11.300160616044431,-0.389232217755327,-0.24088644682191607,0.549104406073758,37.70042681755121,7.283715224705748,-1.1945368931987423,1.303868160906247,1.3252517613917068,-0.20380689330578808
6.0,33.96483136309884,8.372579604617053,11.976336921897898,-0.3826499844110411,-0.15063219609893802,0.6281438821113716,38.31669416559866,8.402030466579072,-1.428963810380455,1.4663883626972256,1.5587305326045664,-0.2211649588660832
6.007932169495257,33.967133134252464,8.345797095974515,12.026369264672457,-0.381943343104379,-0.16036938718395244,0.6340036675330631,38.367945682049225,8.352522137079367,-1.4425797618802187,1.4914351455623627,1.5184203031273038,-0.22522392968352462
6.208008430320427,33.924482654150616,8.268554553301943,12.091485042045363,-0.3728106662747064,-0.16607741736500017,0.6287714885640576,38.7362903598961,8.565203669441745,-1.482928152164827,1.5665067820058791,1.491715529886669,-0.22551052212502098
6.408092690406457,33.79901649087597,8.250602142601348,12.36523173659604,-0.38732689467634523,-0.17351101429928814,0.6438525171929476,38.98211265283138,8.90044313140288,-1.5593524039124642,1.5511059790473694,1.536390580262032,-0.2350790934852707
6.608184442688171,33.708675854179695,8.176591386884613,12.47691834202503,-0.39130643107727264,-0.1814460348695702,0.643481327382406,39.23457609919548,9.144845580102055,-1.6221096274826021,1.548382619516947,1.5259503188626142,-0.243032726209573
6.808283175774949,33.64043883223165,8.143670691456833,12.602247524600324,-0.38902649354722535,-0.1800086519020857,0.6429247636019749,39.585531915101456,9.450676548870858,-1.6652623503221198,1.5965483544392363,1.5479475334144492,-0.24228230473077086
7.0,33.29775866765397,8.664472142629887,13.082473930615196,-0.4173244085716417,-0.1165538447148665,0.6780559352046809,39.715147010167556,10.337166062161419,-1.5473681241913488,1.6252048603465434,1.6671786955997137,-0.22892265248774402
7.008388379084772,33.29053087872577,8.640947277514902,13.08308009049545,-0.420273203669492,-0.1221016845481154,0.6790770333423312,39.65721343700119,10.300863514107748,-1.5683767194325295,1.583756380753673,1.635863794780502,-0.23697690881935518
7.20849954732404,33.216801173437894,8.584520256862843,13.14210300165239,-0.42005883754392337,-0.1257081662909078,0.6735268801391637,39.89873935406236,10.544150566856842,-1.6288290486430115,1.5693600261254972,1.6060389079144453,-0.24568505376028382
7.408616184297141,33.16755401699627,8.50791872086747,13.058683052687094,-0.415795284168849,-0.1253741248906904,0.655271192536262,40.167151480539914,10.670678257929083,-1.6771686982684937,1.5929965241436188,1.504885577348885,-0.2524900130199371
7.608737806058475,33.07791789922187,8.495610469163221,13.230356216541672,-0.41652089090211275,-0.12405630564716312,0.658396147283742,40.54268728173407,11.003423384618882,-1.7221562757332822,1.6441679701906229,1.528359648984491,-0.2513520740883971
7.808863943441452,32.979587181107135,8.505977442091384,13.464799658772332,-0.4180126020516899,-0.11965745970609712,0.6664665119360768,41.035051628649356,11.402024153087309,-1.7521725659117224,1.75080271775386,1.5805226381704274,-0.24393038272029988
8.0,32.91162924415663,9.153339223011939,14.708339066875086,-0.41324903628360954,-0.04292027873774619,0.7730738298535975,41.75754604865387,12.533239961597337,-1.2855361673021968,1.8987499363549298,1.7612402376519838,-0.1996746107490478
8.008994144014274,32.918754925178014,9.15278515542367,14.675238133130918,-0.41217096272245113,-0.041791545758566195,0.7700294771651424,41.750803332246434,12.516238348745917,-1.290196757204119,1.8907007388708261,1.740393717223628,-0.20170809474474785
8.20912797352162,32.813334341899775,9.14324956711775,14.925142085165916,-0.41454274047094464,-0.04493794133110958,0.7775907929554895,42.1775359629037,12.935039254858205,-1.3291237749165281,1.9339360859369634,1.7934875683506686,-0.20063289269504095
8.409265016875857,32.73747650463866,9.140653120022728,15.002577067331599,-0.4145453432983069,-0.04082765348852925,0.7709286834536644,42.56906001572548,13.240911498268641,-1.361325682780896,1.9802009716742526,1.770829904229704,-0.20078069650013347
8.609404878762032,32.65118163071499,9.129631130268022,15.189971065028555,-0.41481496024722936,-0.04279291163698573,0.7736613306715467,42.95800341966989,13.60931721679193,-1.4093388585008175,1.9974496395338597,1.7869938280635698,-0.2040366824258361
8.809547183918529,32.580450890148626,9.125154390316862,15.266293938653886,-0.4144453125487605,-0.04034915215380199,0.7670050416772871,43.309682388459265,13.89265837041871,-1.4540598117129404,2.011939949651421,1.7511453316054615,-0.2080901712293559
9.0,32.441983267187474,9.28266865929372,15.667304790432148,-0.419973985958204,-0.02077695442315022,0.7894920412138257,43.66383112529656,14.407876623840115,-1.2753678452711468,2.0392992837317285,1.7813498158946643,-0.1882174806826676
9.009691577151214,32.46029025037558,9.294762428194026,15.638835754320125,-0.41761759612170746,-0.01866154169714456,0.7869722613332617,43.63860569225036,14.38694754797293,-1.286796388551466,2.0160777660917004,1.7547995067098001,-0.19252342875750575
9.209837723133424,32.37764315545826,9.308551155285924,15.73360446898945,-0.4187139194333387,-0.014113010185231166,0.7816744994289206,44.04789047871433,14.696835128428214,-1.3168313275781016,2.0596205810899737,1.7285045916513317,-0.19215801378508565
9.409985306038147,32.27067759724875,9.310223262778619,15.869977603582429,-0.4224038865275124,-0.01181474603570871,0.7795176000434452,44.5228587611209,15.045844658493492,-1.3351563080007114,2.1342767169319163,1.7281501926911174,-0.18709510524664275
9.610134029042682,32.193450129208365,9.310655435149217,16.017738555231,-0.42155366981514986,-0.011545183445873332,0.7789323647268016,44.9321150413532,15.378692026173614,-1.3775684975262814,2.151196046751409,1.7173823776643595,-0.19010470134709262
9.810283613740044,32.11211878433533,9.314529363365024,16.14753260706749,-0.42161987024099906,-0.01002611014385247,0.776818367258223,45.361968801511466,15.703948770144946,-1.4120316217739062,2.1833159346005115,1.7028014137222107,-0.19053635224224746
10.0,32.051898437624864,9.329846658395587,16.599216758475816,-0.4193130673890583,-0.006914561870142784,0.8019388677993678,45.71259695523298,16.000512992197486,-1.03609307714772,2.1878219053268895,1.6848398137061973,-0.14994923030921042
10.010433799485865,32.06428396217012,9.375592282144938,16.50525279031395,-0.41914103757656695,0.001508031762766305,0.7939469857267202,45.7181188498899,15.950835599879921,-1.0276048521196715,2.203089971516176,1.6378063207865827,-0.14814359824506393
10.210584342704434,31.97724485314891,9.38376917385938,16.632655250631625,-0.42008023469917993,0.003507510346157378,0.7913936684636075,46.176234804058076,16.266986921937242,-1.0473709253732453,2.2490131733356233,1.6215238883404421,-0.14636292300723125
10.410735016173065,31.91492763323077,9.399822417261044,16.764772918284923,-0.4177241533227213,0.005602360765864215,0.7896776665518117,46.59037653494926,16.5608895207651,-1.0836199340071397,2.257296947091565,1.5904608089572048,-0.14965006832297012
10.610885608300062,31.806135285337504,9.356800244150955,17.038877089780385,-0.41869329626332297,-0.0021911758334484874,0.7985955944056948,47.070424135567876,16.959664449527793,-1.1294728279155961,2.2723333664635113,1.6232174633531269,-0.15386573582393648
10.811035922408188,31.725940880659707,9.362652480085263,17.18650927289337,-0.4185215484775387,-0.0012820067249645082,0.7976170581134593,47.51841042482486,17.26924284968533,-1.1604176667646122,2.295242030066331,1.6021775632911481,-0.1551131839883232
11.0,31.276512377031942,10.022106025394026,17.66035641219105,-0.4559065822301397,0.07377666741938801,0.8281074035055185,47.23730282982681,18.070520399191757,-0.5198359527786262,2.1910877911357445,1.6187276947447304,-0.08274628052219808
11.011185776032738,31.267764621913344,10.091756776165246,17.60394398197673,-0.45866593425397195,0.08287950016198499,0.8220622115705265,47.24274844626061,18.000515543890486,-0.5146091629671052,2.2052800126484002,1.54910610504647,-0.08170495245669623
11.21133500024096,31.285345881301716,10.168610590274227,17.69495250855296,-0.4461406316311526,0.09057034189087389,0.819008944786656,47.54998826839284,18.235821574825476,-0.556830108960717,2.144602822091857,1.4805501236429692,-0.09124156163162248
11.411483438977601,31.20713385171241,10.203205730377784,17.832352169599503,-0.4453553945239371,0.09284793954301639,0.8170951989877773,47.968011392910256,18.506297281538256,-0.573030586021252,2.1596993867573318,1.4409184759966975,-0.09144923805785561
11.611630948439876,31.035062817535284,10.187618132921951,18.06566099737189,-0.4547096833629051,0.088151453158621,0.8201442653600554,48.49950683911642,18.831828616992702,-0.5791904258105517,2.229500333812768,1.4320015152555197,-0.08740326079741782
11.811777396483738,30.967765795711244,10.197253033175132,18.240137453424154,-0.4512366858210697,0.08704584688846523,0.8219520761491453,48.915392748752964,19.13677088167686,-0.6093022117358825,2.220547080597068,1.418044008953836,-0.09141929209261355
12.0,30.779266139142198,10.036667322309349,17.464838224892716,-0.46831571505154257,0.06766343058023952,0.7456202327899534,48.431225097527204,18.81117105485033,-0.8425338711677002,2.044707670886351,1.2773451902783737,-0.10499781438391527
12.011922662062545,30.697731386739772,9.985673529712232,17.533023484703495,-0.4762533202316296,0.06110404960709645,0.748190661677444,48.52457415015485,18.871551768649198,-0.8360982391140309,2.0836649620586596,1.305163171684078,-0.10180626421718439
12.212066634698227,30.526283319331203,9.93203882377306,17.744929488577718,-0.48384118701556933,0.05326889396240792,0.7512369156942037,49.031564370815765,19.20221196080674,-0.8475157886264377,2.141066077648445,1.3236360402937961,-0.09854212044763215
12.412209213984609,30.521309037692085,9.999773175405668,17.850268891711792,-0.4740107956297491,0.0596968265258207,0.7501300444103195,49.33406583936782,19.39735627007244,-0.8884470558078394,2.082140661721206,1.2529508707605683,-0.10575175687615149
12.612350309122057,30.3489399402192,10.019032335542299,18.029172888283544,-0.4831607285893611,0.05985054570075118,0.7491716451564977,49.80704733124978,19.59277258245919,-0.8941051290170545,2.132684051951876,1.1820330036072018,-0.10121371302872251
12.812489838482223,30.219527380019933,10.026308545833702,18.19016131764442,-0.4869043608613442,0.059223858142922574,0.7488100635771987,50.27400618230216,19.819586095848038,-0.90547488934966,2.1677314802949055,1.1411057892412275,-0.09908157993912445
13.0,30.05644603506202,10.12787868816138,17.99986542874751,-0.4983815979262338,0.06778480185001623,0.7239549972613089,50.008667965253096,19.823219690550374,-0.7632494287550972,2.0387333961340963,1.054780348583648,-0.07520621234737307
13.012627729201565,30.054550610743878,10.201174561121913,17.95955060792293,-0.49939427921645185,0.07570084562222695,0.7194234006447288,50.02420634253872,19.748732735580848,-0.7485051022312722,2.0509942790904634,0.9903313662600175,-0.07117566613779548
13.21276391680201,30.00862130748876,10.286308898498744,18.03162274261753,-0.4951043637395055,0.08359700836396339,0.7148895561119352,50.393814613234646,19.86786248500555,-0.7521980465843218,2.048616534743237,0.9011364525387805,-0.06846277680807038
13.412898344837147,30.029017101870913,10.39639044737777,18.071865908685115,-0.4842122662157057,0.09405657268631337,0.7099933100764765,50.693098765958574,19.950468531897098,-0.7636400777522203,2.005865278472128,0.8018620574386487,-0.06853333365894046
13.613030964562261,29.915180529122296,10.424734625279802,18.198128891317772,-0.4865465302965953,0.09512446135773328,0.7078905196253532,51.12774520307251,20.08425175416648,-0.7631615625499732,2.0337541976716698,0.7393248057932347,-0.06450258740874161
13.813161734626442,29.675983393346577,10.345976162649793,18.46453216891263,-0.499154627578277,0.08446134273591756,0.71379106156998,51.681217256933074,20.33347536342507,-0.7817545311667092,2.0980481032270637,0.740731781751822,-0.06398009223907504
14.0,29.424681845350154,11.119509595640876,18.179630922711212,-0.5184251136341336,0.16072465251535284,0.6917354907339966,51.20448768850943,20.927540047220763,-0.6854903977782144,1.9504689677099827,0.7370244600745243,-0.04484529346621871
14.013290620785117,29.47788969557207,11.150714015440004,18.174748364275636,-0.51237068949659,0.16382937562041433,0.6924916357393325,51.169892898853384,20.919603234097544,-0.6964392989648366,1.9131456619621627,0.7220566684895996,-0.0478046453057689
14.213417595631297,29.398186773076443,11.247211310467234,18.260738063616824,-0.5113412409361668,0.17038457616003036,0.6882108896240523,51.543349890316335,20.97716689534937,-0.685440442189557,1.920686109269111,0.6201085269105194,-0.04199814880095489
14.413542638343937,29.310978106317354,11.279871212505958,18.402981677634944,-0.5096242344098764,0.1702428670040877,0.6892239393187328,51.904470596641595,21.104307343640283,-0.7013637792626266,1.9037680653763964,0.5702772781024127,-0.04307503092724754
14.613665734451834,29.12253250360358,11.296817951423549,18.556470051415932,-0.518362546068088,0.16841338956316854,0.6870398025597761,52.39536426192084,21.192624367218098,-0.6843805459484935,1.9643722562546875,0.5010271940132639,-0.035291466324735316
14.813786875611537,28.996463988406447,11.303320253731156,18.725596484677403,-0.5198438983714319,0.16568262336422726,0.6893090391470147,52.79929233520422,21.327657510889555,-0.703247263570608,1.9616748755135498,0.4644209621793471,-0.03697760330935657
15.0,28.839850845215974,10.618162355680145,18.164607296059987,-0.5362807488328944,0.08861876184444295,0.6239487822778362,51.948806731398896,20.14448572281845,-0.603758165347944,1.6845702062759784,0.21744666934376652,-0.000945177846334494
15.013906059397872,28.813843048773794,10.595688158300943,18.193008244048755,-0.5376678431611613,0.0862508663360765,0.6251817890791191,51.98123577610843,20.170417024472396,-0.6093875969781591,1.685451415588437,0.22719754527860253,-0.002199826028746168
15.214023289105652,28.707907864271373,10.629751000880217,18.30466449468659,-0.5378416505741614,0.0878793447340225,0.6238184949931924,52.32224767173601,20.18459448525873,-0.6009205072926446,1.6810690977083578,0.15191803238939677,0.0023028462134691372
15.41413857356129,28.51652304169878,10.59140855934819,18.470804647362346,-0.5451154653754985,0.0824614321202954,0.6248232428634283,52.74430981256341,20.26071188277492,-0.6015046659746403,1.7108728815883807,0.11818355965026198,0.004134132908349025
15.614251926943105,28.384825502865706,10.551720890909904,18.637434137155978,-0.5462586087528705,0.07716736527764458,0.6289002802885107,53.10007740396259,20.386555747957217,-0.6314613608116431,1.6953218156246153,0.11474102353671868,-0.0013079953377536048
15.814363368609065,28.27195205966459,10.594774168758471,18.76336154980441,-0.5466067823141687,0.07963982003275549,0.627644503629395,53.40628042387585,20.3097967104997,-0.61262746611591,1.673225823682642,0.00527785261681861,0.004845797083942234
16.0,28.227383665236196,11.030468757814317,18.344931656072355,-0.5531493513940847,0.1144193115415828,0.5928920602480257,52.47375493901078,20.23003732486082,-0.29896363890275046,1.4067786270153428,-0.07355147122767954,0.05652288298190368
16.014472922930935,28.245538931720166,11.076030904645478,18.334046711253787,-0.5510954251340828,0.11856330338261295,0.5914413744876941,52.47005945822624,20.172288367043354,-0.28599301346734574,1.3969211667760772,-0.11232931045034855,0.05981652270133708
16.214580619133706,28.002536324417605,10.999855819378569,18.519234094686315,-0.5620690284093591,0.10922385214855462,0.5936217668931396,52.86476474372313,20.23895087035404,-0.28658039806604724,1.4281619683234654,-0.12339610260112384,0.05965642024512829
16.41468649113936,27.888341536444628,11.000912035779415,18.642806903286523,-0.5621577815760954,0.10730745909035148,0.5946383488317634,53.15896986121106,20.256900201243923,-0.2867076388814249,1.409540136206358,-0.1586836274981374,0.058907438175891995
16.614790577413967,27.860666943683434,11.053452605670442,18.73750324015087,-0.5548381117351464,0.11007460126871786,0.5958498298279812,53.3351138762962,20.22105690454052,-0.28818981639168456,1.3365181965521398,-0.2178501912863134,0.05845111387020321
16.814892920817304,27.628733053188707,11.02792352940601,18.911025001282756,-0.5646438429076742,0.10591520145840762,0.5957574111992893,53.723879635112155,20.160287544145746,-0.2634009782619238,1.3670959769256663,-0.28784590813505323,0.06418508613289
17.0,27.397735148809936,10.751632101322443,18.883973774368602,-0.5769361587544943,0.07664717920386452,0.5777975369150009,53.56675971997739,19.683890792101174,-0.2270814944723904,1.252999814064293,-0.40895746167773517,0.07919816277232142
17.014993568454045,27.29859351198056,10.743478304094234,18.905334611124232,-0.5847527609868226,0.07590379730502024,0.575001827708428,53.6684517344181,19.63637561995983,-0.20135055727964923,1.2986260707661517,-0.4382696923213675,0.08554271859902535
17.215092571525858,27.17820026643588,10.762932891524532,19.016751112629382,-0.5851326812210974,0.07630263614078517,0.5743835282574823,53.93297347447421,19.53164798266208,-0.1791521603264647,1.277009770693704,-0.5088458755340359,0.08984479225948756
17.415189985183535,27.072306563659048,10.780646694748281,19.132949865294332,-0.5840883608141542,0.07650263267036349,0.5749765129347169,54.16652934339234,19.425346821821524,-0.16455900574854532,1.2396421833586078,-0.5733901870486524,0.09194282281498088
17.61528586837855,27.000872027888015,10.820391166863617,19.237619655676994,-0.5802081619719177,0.07861127548419873,0.5754406211659534,54.34250317106754,19.27704380117479,-0.14546288523427478,1.1791638907358584,-0.6520610786226266,0.09536525801309255
17.815380283713363,27.015566298783096,10.90401192386466,19.305709826421527,-0.5696285092424201,0.08433229328364386,0.5753846416866805,54.394254793977,19.07375297910427,-0.12020903118412482,1.0703099899375437,-0.7483760332943848,0.09973057364286031
18.0,27.301264107723178,11.528539571675454,19.7482074982459,-0.537105069123652,0.1414377465147694,0.6171211845065726,55.360973671485645,19.703016793264922,0.05095807182662476,1.2033954939169975,-0.694171251586302,0.09767756835005
18.01547329728985,27.144680869735357,11.456228421356295,19.803980266585157,-0.5490015287354508,0.13502882327336393,0.6165378624965699,55.50793765583189,19.734721125366182,0.05351953026996073,1.2632401985779929,-0.6762397067472031,0.09806558093300777
18.215564978555307,27.038803091927253,11.516540517736738,19.912387175541642,-0.5487862954400277,0.1381363359581618,0.6140991023488579,55.758600358832524,19.51755130658973,0.0981065325510612,1.2379267590894045,-0.7808926829267293,0.1065548786190028
18.41565540014549,26.93693056528305,11.554844559683179,20.026309748475903,-0.54828343881266,0.13909009994436108,0.6132298825011058,56.00227858635935,19.33472844842351,0.12706333672604392,1.2073229350275028,-0.8576595942708133,0.11114444955064563
18.615744637724287,26.764063473197897,11.549246239134666,20.168444943384205,-0.5533556673333474,0.13630211592323907,0.6131601342243177,56.32481555294328,19.193745804090693,0.14452575168316537,1.2100890269214435,-0.9076250639864668,0.11308653209710548
18.815832769819522,26.589440634370742,11.565349165181267,20.276060987340927,-0.5593537487263429,0.13565993441828883,0.6083948406406103,56.72979540707404,18.975939250704652,0.19666062973668097,1.2537045409568628,-0.9893712420760711,0.12197243692365017
19.0,26.877341192066645,12.20992907410528,19.802006144264404,-0.5423932392869517,0.18404476255052038,0.578964750555841,56.18989024624237,19.14371214950348,0.30410419781281117,1.0815510387408667,-0.981348136497327,0.14338255949597806
19.015919877654557,26.90181431321498,12.23882711809085,19.794933529289768,-0.5398994794135309,0.1863002542113963,0.5781614927939444,56.18374280224745,19.09784095498104,0.31437941869549796,1.0694219739804034,-1.0025603425786027,0.14550863596333888
19.216006044975366,26.72342485957649,12.245462584747848,19.894392815167073,-0.5466299023985532,0.18364616943080528,0.5744817974447168,56.53403230854933,18.929869615985027,0.3523439026076996,1.1013369626631528,-1.0482798754802949,0.15055510156756124
19.41609135787278,26.606895766244286,12.27724700358911,20.009033000684777,-0.547306063796248,0.18320177303695476,0.5743299016024522,56.765901457059186,18.72380173084828,0.38150974017462286,1.0732587901782367,-1.1077309560834054,0.1539559417366391
19.616175904599764,26.540231143124107,12.347186760762359,20.083669200103028,-0.5447376225686146,0.1860208450394495,0.5710723597053271,56.97911726505582,18.442661364536228,0.4362973061911039,1.0439140575925379,-1.1968876776562154,0.1624150474936559
19.816259775383475,26.41849877187262,12.380091918111699,20.161876293338985,-0.5473424178835146,0.18550910730600997,0.567332903007736,57.32405909838779,18.235260295456005,0.47616036635880904,1.06925925608525,-1.2459684033115144,0.1671422512817449
20.0,26.68497637772391,12.871036654007389,19.38801311353539,-0.5285012000457537,0.22201131334535368,0.523571681574923,57.66192258817509,18.457152080553456,-0.23930130811992956,1.1050656427099197,-1.2197224326611904,0.09474171397603909
20.016343062232018,26.655431882361718,12.859666310602403,19.414765331542693,-0.5297395576980919,0.22078496275137663,0.5248167056033713,57.679803454499734,18.45095233572775,-0.24466096915318608,1.100470534072535,-1.2175549654768745,0.09346528488436498
20.21642585873593,26.49405296752426,12.863023483278551,19.57325893346148,-0.5328428075951386,0.21744008801835776,0.5288427112277007,57.88607621802083,18.246100595963266,-0.24909294867395787,1.0567054824321562,-1.2564392956028407,0.09131700782869087
20.416508259864294,26.436825604000695,12.956204788328604,19.60522994256224,-0.5307853016665073,0.22167428443764786,0.5218142925365705,58.15503585895347,17.908599077660387,-0.18741948118163262,1.0578786551219932,-1.356019138054331,0.10310433067784693
20.61659036175567,26.30322946643447,12.983808883417494,19.72842856628178,-0.5325658348749065,0.22028954765837483,0.5231283151909124,58.37453447595208,17.6573302457421,-0.17696748237579202,1.0260533019096003,-1.4052692623936038,0.10416475413143647
20.81667226150392,26.150719150025548,13.000480617586788,19.94735177741569,-0.5317742891314272,0.21857819555926497,0.533123394710109,58.327165556320246,17.336988473053026,-0.18795504393804172,0.8799535943525093,-1.4753138030108912,0.10185278711665086
21.0,26.318683420875978,13.37344744485966,19.294692617484248,-0.5251353898494846,0.24071901650899405,0.48713864847272625,57.6431049944188,17.25108809688716,-0.34747876193926636,0.6883982792319242,-1.4750789397232773,0.10217638991841613
21.016754056939167,26.293835341683994,13.36323633412186,19.31696903791988,-0.5261165791312196,0.23949698900557012,0.48831168056172475,57.65520244152566,17.246204195476096,-0.3537125647120616,0.6835472677359405,-1.4695809187042483,0.10064617340275958
21.21683584640417,26.1290731936558,13.379574801554412,19.437055240026996,-0.5305065883765934,0.23689900138005857,0.48903141880109924,57.840217703871474,16.987277711050893,-0.3433357257864383,0.6597438178159846,-1.505369887228991,0.10095022713353898
21.416917728526442,26.03089140566602,13.442260022008584,19.521695766427744,-0.5300009214564579,0.2383827772405879,0.4872031390961937,57.9739681388805,16.63794030039441,-0.3072653333020082,0.6194403969163825,-1.5796936045833825,0.10727435764525094
21.616999801986573,25.910195221173744,13.504049261563516,19.593759691013343,-0.53170492367624,0.23998484548751076,0.48270609055475805,58.172267176030424,16.252974867565676,-0.2549507103260754,0.6098116390328785,-1.6636888516308737,0.11640820030708598
21.81708216528316,25.815212668811558,13.565492369704605,19.660392705046277,-0.5317349719354479,0.2412091752711308,0.4792149672088845,58.347960031570956,15.88063025781321,-0.21045687641833766,0.5911219246773446,-1.7347701822469126,0.12384898156143473
22.0,26.05673295573909,13.812594972632883,20.005733202064302,-0.5089416405252879,0.25712336208366837,0.5053137233792757,58.87491587485919,15.789476812958263,0.06745911105392316,0.6316417604099518,-1.7529598921378795,0.14006144609762328
22.01716491649497,25.816780741417166,13.716026549006916,20.05765824476551,-0.5270890383485384,0.24890064763433778,0.5030896056470356,59.138090082513386,15.878902226563607,0.05907828248756686,0.7372051806111081,-1.698325119482217,0.136802758863144
22.217248153040863,25.749057978890534,13.778571855074965,20.065274351787338,-0.528098726446775,0.2491763513642755,0.4952308124148465,59.433206959398134,15.576284492260774,0.10853691715530987,0.769032003868694,-1.7343166927123423,0.1433242610009772
22.417331971438227,25.652958522216206,13.845103031269664,20.177330549688477,-0.5261055626338492,0.2510785540964039,0.4958043108558062,59.51515203223579,15.15322911276616,0.14886669806968372,0.7025802961200426,-1.8172948448990964,0.1493210136524679
22.617416467060576,25.62272457935277,13.925092112582547,20.18821706529942,-0.5237973285908631,0.2529261306231921,0.48899359004241394,59.75722618728023,14.789636974744589,0.20474513067759487,0.7113595185768931,-1.8708967412160418,0.15693716380435357
22.817501733895124,25.567014845930657,13.999983566701237,20.264369255532564,-0.5200263400046901,0.255148493051023,0.48729994308152574,59.83305859369962,14.338335382566235,0.25820299136604846,0.6509162688727271,-1.953058158628013,0.16489629481039353
23.0,25.012591235491833,13.742330103686864,20.507169098855158,-0.5437720963017623,0.23425503396661934,0.4878271748710957,59.987769922222554,13.658499230543548,0.1615935806632043,0.6157942161608192,-2.0607540021283666,0.15801235085856694
23.01758786430113,25.104060346842235,13.789297446886282,20.44905219280003,-0.5380003785717997,0.2374520999150058,0.483788921415705,59.982870897756015,13.585641148465742,0.1850525798279971,0.6104129381371715,-2.0857064243263186,0.16249648338040484
23.217674948769897,25.04445406912562,13.85241357490682,20.482116654258853,-0.5369623619802648,0.23822725048791352,0.47881604604148986,60.17248974678067,13.176742840834264,0.23455059599540265,0.6034769163562027,-2.135102626126683,0.16876005587543305
23.4177630756873,24.73055739783308,13.823627713894913,20.695036635731228,-0.5495006093408943,0.2324798785049746,0.48542372595320366,60.374260902859014,12.835924387055874,0.22648725957342278,0.5880280981030493,-2.1412491822713733,0.16343468862817342
23.617852331099783,24.773972847900982,13.934937663994221,20.702457198272878,-0.5397107385490778,0.23789054527820228,0.47900237689820285,60.40642937699319,12.27136919786286,0.30965479260724776,0.5230006586419861,-2.251337555285518,0.1769290892268712
23.817942798484722,24.71922709582742,14.000083765908249,20.777070089868573,-0.5359298966144249,0.2393155425092678,0.47805934614500645,60.44538788874607,11.77693611182431,0.35713576060748725,0.45926041701538395,-2.318773612052356,0.18293556247014225
24.0,25.766859652057324,14.782411656146435,19.9597299425051,-0.4875593479883324,0.2859354630083368,0.43561107292231005,59.32565044800441,12.246386207005454,0.6674852754184224,0.20434738274685982,-2.1587602753350854,0.22634082254067717
24.01803455852616,25.860114257697536,14.822525273912175,19.885380628773962,-0.4827460957350855,0.288311470582782,0.42997239969019163,59.349709092869766,12.1877102965519,0.6957256702811508,0.2146522334412364,-2.1761975732031344,0.2312938717365282
24.2181276888968,25.658145112050494,14.848210700025177,20.03362305217254,-0.48868614794515075,0.2860925391741782,0.4333939906509551,59.414302253055496,11.774304214948726,0.7251850980315598,0.17384677460452183,-2.2043552151930013,0.2317977808883511
24.41822226404722,25.691961312224443,14.947113345681284,20.019677735813104,-0.4823258379596594,0.2890038564477801,0.4262685538605853,59.4671463778808,11.291686155857365,0.8067165860755119,0.1420572175293428,-2.2681594419260347,0.24244960736121574
24.61831835500328,25.646041211020762,15.020054561762333,20.041969822037096,-0.48132943871346473,0.2898632895166704,0.42091090763165856,59.58208945489356,10.838971298374966,0.8768307889835592,0.13413123678289865,-2.311534919044699,0.25028940350987794
24.818416029172482,25.315406365202676,15.020054069445347,20.24614820986055,-0.49558317713109057,0.28568716873878247,0.4272749861904575,59.75319730354456,10.465225338710008,0.8822123226506677,0.13412787540882568,-2.3073687843765223,0.24579103733924862
25.0,25.895353248474823,15.442625055218643,19.29802025689819,-0.4673054960474705,0.3088378744291706,0.37924752096333925,59.86344319190422,10.532199258457343,0.19825740534523595,0.13900028064746908,-2.256218481643619,0.1850599155191821
25.018515350160317,25.974232303626767,15.479864823758202,19.271706235090868,-0.4612524344469937,0.31143860256186745,0.3778269397887334,59.80025891530263,10.438462368415077,0.21383611011473902,0.10899630042854919,-2.2864282905116853,0.18819149490779077
25.21861637759723,25.641276815717053,15.473818308916838,19.478973273501236,-0.47544092676913713,0.30628014235675094,0.38561156685285597,59.91188431665272,10.072925091445175,0.20746881734544642,0.0934078057144612,-2.2711699453131176,0.18265981545618304
25.418719166977077,25.64730603691225,15.573702077061137,19.47367645702718,-0.4702811051017839,0.309595821942451,0.3781978943086562,59.93889659554591,9.534762894738783,0.28700486178067974,0.0589642990681922,-2.344913305779017,0.19404949124129484
25.61882376950777,25.49153774014049,15.618723181265002,19.542694259500202,-0.4766369216891183,0.30785883509452006,0.3762414325961942,60.12268983214429,9.13873856326824,0.3221338051734938,0.08163877042328585,-2.346229301555406,0.1958209080885348
25.81893023197463,25.370089850149913,15.672615367334764,19.634887565473,-0.47821878428815795,0.3071344258569487,0.37777712695239646,60.14652898020284,8.692107795202844,0.35066252595568137,0.04160572983264027,-2.3664358678263815,0.19739632438117855
26.0,27.133710726972847,16.556477858120235,18.488248043301343,-0.3968376292800715,0.3574263065092128,0.33206368417208737,59.61808089879481,9.651019517179499,0.3850709647080304,-0.06393807513166648,-2.1143148099330156,0.20607634991161664
26.01903859661709,27.200809425077423,16.591390960302526,18.4365964422758,-0.39295485233103566,0.35984024400521325,0.32702797935060207,59.61699959736203,9.560932548899805,0.41531786125186776,-0.0645305068584805,-2.143516610376034,0.2115481294736677
26.21914890101921,27.379424132246104,16.73688902152198,18.330495937330117,-0.3788400911341922,0.36600829580255956,0.3134297050326021,59.55116527883241,8.984526282968206,0.5324680117713783,-0.1176314827656728,-2.2452794412948,0.22960045078569394
26.419261178014306,27.345202809745143,16.815870558386752,18.32156457096552,-0.37949508462781006,0.36612750225568813,0.3066307501435851,59.657533223585496,8.555889905848002,0.6044239984703579,-0.10414965159033823,-2.2657828603713304,0.23694335110978682
26.61937545560409,27.175447956155285,16.87001279781238,18.380375797390663,-0.3888235923622061,0.3640958736759703,0.30441388851553614,59.88599173572705,8.20484447875963,0.6463661359883383,-0.04993796165333654,-2.244779226757317,0.23817434129632903
26.819491756892425,27.107490604468797,16.944549714488897,18.435278661304217,-0.38826160250601105,0.3642473486307317,0.303929362448196,59.86781947532282,7.747410103235658,0.6975209888444002,-0.09077341364596593,-2.269842600836528,0.24269427126357815
27.0,27.448582513231138,17.175100119628745,18.314073149977435,-0.3730548570564843,0.3738954367047209,0.2936584916584474,59.12518700242155,7.816814049625849,1.1049179309892418,-0.2588059806914278,-2.1692320010395667,0.2858030088617997
27.01961010003385,27.40711632009522,17.157406595367423,18.27772880367288,-0.3791517325651381,0.37124591768949006,0.28899379500762423,59.29526110155759,7.8637788789555145,1.1202826880634922,-0.1856993161136563,-2.1301469553447063,0.28668397771102966
27.219730498196903,27.286098030303673,17.21244040739288,18.350963575872413,-0.38301301974165547,0.369240775696388,0.29058048322185864,59.32006084552649,7.503104080775922,1.1637323695736357,-0.1990148191788661,-2.1126430089912285,0.28784349684081567
27.41985295954206,27.19782474124276,17.297850714548993,18.429483330610957,-0.38182107645177066,0.37074729574482373,0.29132051058466446,59.20452715307474,7.0148550364959155,1.2263777021851388,-0.2683071894717164,-2.151551469711815,0.2930435846552311
27.61997748721429,27.15611787664787,17.371570847962268,18.4508855936595,-0.38146874536027975,0.3704583006410868,0.2883956952003266,59.21151829002215,6.606573670714055,1.2953881051385128,-0.28156646921977824,-2.155878288836152,0.29843895188552794
27.820104079349825,27.105841637160598,17.445995310727277,18.484250656074515,-0.38100260558023197,0.3703302732096686,0.2865058955560012,59.19252607259145,6.187899112480979,1.3622816546996983,-0.30382264373561224,-2.1618994287170783,0.30335899493657953
28.0,26.92649670868682,17.500823409934412,18.026172047835363,-0.3865750809710675,0.36937680560649355,0.26157397482705363,59.79125072522055,5.533569885988228,0.5419850774189994,-0.2071098388709106,-2.253667926558292,0.22804607640715258
28.020232729096847,26.879198620144482,17.505339065807654,18.067473503648404,-0.387937580101338,0.36912879072579274,0.26474980181897995,59.76614081439495,5.492904209001938,0.5330234266909748,-0.22166076775717725,-2.2497909589322376,0.22607249029667112
28.22036342464973,26.806093161441975,17.561568264899982,18.075560280489785,-0.3913496480132991,0.3671484792513276,0.26085091204118854,59.87139019059989,5.122976504652642,0.5872375410467209,-0.19244090754733215,-2.2246893976060624,0.2295671923115486
28.420496149296287,26.814362917011437,17.613154927671356,18.028536870761297,-0.391984580816518,0.36444445354716165,0.25384548206855645,60.03629593554047,4.796303170535228,0.651528051617165,-0.1384138017457265,-2.1868462912648052,0.23477931929272342
28.620630881477524,26.67264755790325,17.69425063558367,18.130944369517437,-0.39329075481167713,0.3655061869581188,0.25712760293828146,59.93092085714654,4.310423475687671,0.6893493290583088,-0.20189676924971753,-2.20670756589325,0.23704432562604916
28.820767594859262,26.621274723527208,17.768297407586182,18.158048412084828,-0.3924345016469201,0.365653435194844,0.2547238735611365,59.913023410663484,3.861795516970319,0.7489782518123177,-0.22401518770243134,-2.2148574962308554,0.24221897310445675
29.0,26.468483910647436,17.83496907910651,17.53052674754544,-0.4032909056794512,0.36545727989050125,0.2103473308396911,59.31612533585734,3.646625922710169,0.28973050238690146,-0.3472053033904602,-2.166360566470888,0.21362883688129464
29.020906258415,26.491342424320127,17.85038686738374,17.510715940150433,-0.40159849735732966,0.36633895106529274,0.2076995725498395,59.30293645879253,3.5730542066883735,0.3075311418972701,-0.35250327621943817,-2.1817093636249747,0.2164347971187182
29.221046836519314,26.39562289665064,17.93457305869667,17.5876229584858,-0.40018325012255246,0.3673852251941741,0.21094212624247707,59.136400372216585,3.0950457201579034,0.34036055773632884,-0.42767861388937334,-2.1989042869775073,0.21834089120781053
29.42118928905105,26.329906074434444,18.00692835641306,17.604747612096986,-0.4005514261473189,0.3673656999244104,0.20813054492314315,59.10028477024793,2.6601207407685803,0.3966227352767276,-0.4413003676703514,-2.197287674186025,0.22363110795320168
29.621333571505616,26.218194587593224,18.076033987658914,17.66648685590344,-0.4026029873916786,0.36669085040405813,0.21050302704343674,59.035683232311186,2.2604470786436983,0.42743645585965334,-0.46649787793673314,-2.1761165599773964,0.22423769835202237
29.821479635115505,26.112313230298916,18.14577467581997,17.731588815030666,-0.4038862254967067,0.36604051228197915,0.2135980067756405,58.93797707243663,1.863563252172212,0.4546794584009246,-0.5025362462421153,-2.154010531284994,0.22455368752037427
30.0,27.193130683225554,18.421287626494962,17.62316481968453,-0.35067193914320877,0.379347820282532,0.22058730073313995,58.92684345954755,2.2952955299721833,0.9005380279533413,-0.5123770139257755,-2.0034513415202664,0.25876276937330445
30.021627426978387,27.236485927523262,18.446073410167404,17.59300502425983,-0.34741658669248104,0.3812496785562005,0.21630402607567398,58.88406405871506,2.1867835092355836,0.928082837491087,-0.5288337180589018,-2.036059945110117,0.26314057985219225
30.221776890191865,27.132370239328086,18.51810366876101,17.664721968748378,-0.3490831579381884,0.3805868740068921,0.21952867660426315,58.77564311320317,1.809779756412372,0.9652693491829961,-0.5638060142024365,-2.0114074076894988,0.26370839945924734
30.421927963994204,27.07199098207951,18.596426626395534,17.705192426000064,-0.3482820450128279,0.38085158735118463,0.21911921626434547,58.64153864722032,1.3936515589064988,1.021101818486517,-0.6054973364064354,-2.0074141679437094,0.26782869753590427
30.622080583910236,26.980229328043066,18.670050158417947,17.739909678646352,-0.35123331471969793,0.38058823330913666,0.21748276367467442,58.628233271326074,1.0288479847605077,1.080684230733865,-0.5965796220945747,-1.9793234133170208,0.2715745364695381
30.82223468190168,26.913057977479852,18.745686709445998,17.775361479339463,-0.3515631750296853,0.38059595693479575,0.21645504263546392,58.53514993667603,0.6373399361778435,1.1400714676348251,-0.6180154025328295,-1.9642300165372777,0.2757400255896664
31.0,27.307118788606452,18.901760917678175,17.754361406421005,-0.3273886954187495,0.385582494429701,0.2266244012256261,59.28064585746604,0.20642341749235882,0.9988839991067755,-0.48894392106788165,-2.0084380175889502,0.25371971364770673
31.022390186521108,27.298128226423092,18.918889497438997,17.792470259793323,-0.32554629530449314,0.3860364472247174,0.23080807027759598,59.18389130056978,0.14298409447914853,0.9868347009891596,-0.5307306208269855,-2.0141623338445225,0.25155079417991366
31.222547023068937,27.210242773370634,18.991421315146223,17.863710415356408,-0.3264687302686049,0.38528336378221356,0.2341708239107029,59.06563315884981,-0.2283695479239059,1.0212785919866938,-0.5654824149718004,-1.9846938845410902,0.2519246979282544
31.422705113752663,27.124684798641198,19.06316553036668,17.911795185643903,-0.3285684673284035,0.3847153577198067,0.23423885193860902,59.01170375670322,-0.5884524517497034,1.0704567298964291,-0.5708606369868405,-1.951986119471231,0.25447764549745855
31.62286437784777,27.060999932735637,19.14139886464621,17.945751120032387,-0.32906214601123895,0.3850035286317621,0.23218842215275487,58.9321360436087,-0.9847063758968561,1.1318347130652306,-0.5855988569682433,-1.937053476157825,0.25919081461487586
31.823024731859654,26.999769335319858,19.22173208644611,17.984167488941114,-0.3288121454759553,0.38547140104384403,0.23063258598858893,58.81384622977235,-1.394022136631745,1.1927290227426668,-0.6144551097079252,-1.9278710845932776,0.26375153438076054
32.0,27.173140122443463,19.339317830992417,17.300448546970863,-0.3224442207963975,0.3885556995005977,0.19446543317234555,58.89607242917497,-1.6352709708356044,0.5224649469454486,-0.5983732673630675,-1.9123401605501364,0.21088804971990932
32.02318608968601,27.17887928233317,19.35201304649535,17.311454638452865,-0.3209197016144095,0.3887954403832263,0.1956308316026517,58.838075613081216,-1.693779643603672,0.5222365200080027,-0.6211033121190488,-1.9168924932483047,0.21075386689211628
32.2233483627791,27.15097263886255,19.43056884773468,17.384707361607905,-0.3161810200549152,0.38835379591000235,0.20191398187542495,58.543224722085846,-2.091673503590211,0.5355244254126814,-0.7211588376362666,-1.9042557885416744,0.20950748741956737
32.42351146030747,27.128427853306338,19.52484206828206,17.372891816533436,-0.3142869608178797,0.39072413426811864,0.19354904005592122,58.402987884409676,-2.5731877570032107,0.6190232677703923,-0.7504778759739653,-1.9300418089581348,0.21887275031243345
32.62367528931666,27.01473739497291,19.60589888757549,17.44160720156665,-0.3172490853957314,0.3904748665529061,0.19678960850958926,58.29583416947551,-2.909308431762976,0.6473237845692453,-0.7639987794426805,-1.8848082042566765,0.21904036645956698
32.8238397548883,26.939616657037146,19.683175578951577,17.489617074652536,-0.3179923139620383,0.39022217478104676,0.19804690709632258,58.154080988890925,-3.2622897851287243,0.684832156498685,-0.7892864772506964,-1.8517431276276874,0.2209355397080872
33.0,28.017694500886602,19.819845803990784,16.985749982268576,-0.2673148653530199,0.3966257402913246,0.18519892131308707,58.61034190974358,-3.0191119038726875,0.4932837432145731,-0.7021373151174,-1.7664167168542562,0.2021357409158614
33.024004760297565,28.02699632085442,19.840431137225384,16.949876528063093,-0.2673153093325717,0.39825648311060463,0.17880051303279915,58.632422029290396,-3.1101341258137642,0.5268291672689644,-0.6888859076075626,-1.7872050005856126,0.20703082456912433
33.22417020716834,27.99085484121803,19.924450892628123,16.953052910819704,-0.2671412879556933,0.39918492444518056,0.1739121170374531,58.525729286484285,-3.5007995591198218,0.5908052721445779,-0.7021344542805963,-1.7792311196596546,0.21299255897540087
33.42433599562589,27.918990355334092,20.003936179760647,16.98318438873843,-0.26902377960636864,0.3992256896678326,0.17273234812352323,58.447555501460116,-3.8391035285392605,0.6394051961134982,-0.702238876645642,-1.7454066199036036,0.21623256894195841
33.624502024446834,27.90089670333455,20.089137306969413,16.992515242034724,-0.26665269176458894,0.40018974253436645,0.16900034855875412,58.25421049976288,-4.254369811305759,0.7010470160536251,-0.7478822503311541,-1.7488460944178326,0.2216789293694946
33.824668191206094,27.855003564428408,20.168882491791862,17.005517382854453,-0.26716326424249554,0.40055275259290773,0.16578593962584948,58.16089098097581,-4.617026224751845,0.7613531920778587,-0.7517054411272418,-1.7279897395130563,0.22660190713807044
34.0,28.59273051614004,20.240802663979206,16.756873971043966,-0.2317283031742295,0.4031683131264584,0.16078414571653654,58.357960592814976,-4.4711122102436,0.7773005597322189,-0.7113684177539209,-1.6440927925782813,0.22608625305772578
34.02483439242073,28.63272190351844,20.254205817359825,16.74896472031993,-0.22842413115924362,0.40365839935953346,0.16001283523424212,58.27124322341379,-4.55079617292486,0.7851495061096441,-0.7445663891142161,-1.6605855980389714,0.22699255931175605
34.225000523690404,28.595031230020968,20.333426395454143,16.758732111041624,-0.228787753209108,0.40393987193500636,0.15681343724387944,58.158376998166446,-4.892628979857187,0.8450097047161337,-0.7530729619940393,-1.6372927370354826,0.23199304022887549
34.42516647983432,28.57030057557631,20.413868769613295,16.785320818434673,-0.22716845844434783,0.40399951268110074,0.15655847650553,57.960169654244815,-5.2373011093276105,0.8924599322244144,-0.7951547377385296,-1.61655475571959,0.23528136627971308
34.62533215502468,28.608735956470664,20.484197410837595,16.74692781828112,-0.22337740299916303,0.4045345929722114,0.14768745689463741,57.775401244693164,-5.653372098136467,0.9798474087444247,-0.8292944176969761,-1.6311431495828126,0.24413704682219345
34.825497442916415,28.593723342145537,20.557850112649763,16.75842016396397,-0.22181905350392325,0.4043030592509891,0.14579461873098484,57.580515234021014,-5.999986551558848,1.0374571523803944,-0.8639069014882773,-1.6117413321276362,0.24826043992076488
35.0,29.33539597662343,20.608730115067978,16.83004740943308,-0.1830894432018928,0.4045574978552978,0.16405718129303037,58.271008502665666,-6.252981277844797,1.1769495213609653,-0.7364111154616992,-1.623853650736432,0.2501256958017794
35.02566223677319,29.25853454344629,20.63911827916262,16.906344272245946,-0.1853074077775358,0.4047895352867197,0.17237751933450754,58.21931542734079,-6.254233996409737,1.1500942096179134,-0.7533756567363029,-1.595872865730927,0.2455143788951596
35.22582642958969,29.181323668702554,20.723828121538926,16.947481192463925,-0.18824795877355185,0.4049577875504743,0.172278667757794,58.14097606360657,-6.545603859951917,1.201228704643475,-0.7436240259521016,-1.5506737560823303,0.2482818938843283
35.42598991421007,29.164869631366393,20.79955497973548,16.945891048095046,-0.18823289138889296,0.4052909430411906,0.16723736657096425,58.04074064910107,-6.880612221683484,1.2733043801596138,-0.7439757996586528,-1.5302488714461842,0.25447826662940254
35.62615258344274,29.133595760785504,20.87852498807392,16.97009238143098,-0.18819390964383562,0.40532047400198756,0.16598394573978856,57.903931670167125,-7.190298355256749,1.330107882065438,-0.7581775020237869,-1.498866095539197,0.25816377511209926
35.82631433017122,29.10994344367191,20.951984258874585,16.978469017438254,-0.18858795380015375,0.4052674583999249,0.1626724218402369,57.81757491021211,-7.4957827552153695,1.3972343602745738,-0.7519305341454038,-1.4675086168686362,0.2632103422533088
36.0,29.18314711867849,20.995715223447576,17.403369188549668,-0.1809694401240048,0.4041652571771826,0.1849710790200949,57.65370550923685,-7.62869420188883,1.9256540191679115,-0.7743597154678925,-1.4063227206708118,0.30170317869732605
36.026475047461446,29.118132635185912,21.022157239289676,17.478488436666897,-0.1826179111613249,0.4039052265277979,0.1938425726487811,57.59723423770635,-7.615017727034271,1.8985456347744152,-0.7915300887801299,-1.373600955849335,0.2969486117030376
36.22663462866526,29.078832979731803,21.10629707141925,17.529951439081998,-0.18221285540610627,0.4038866104111142,0.19562353758439077,57.40851586241606,-7.882460900261775,1.9507376479126848,-0.8217448668507711,-1.3315738560248247,0.29928429995143047
36.42679296752033,29.037489603383307,21.180768855031864,17.55688374116744,-0.183457553051298,0.4036620934270416,0.19396385272690328,57.30604178205136,-8.133431542341015,2.0184629822700515,-0.8142910588314205,-1.285216408882854,0.3033783357428819
36.62694995824647,29.000216079583964,21.260452265331217,17.595657823507686,-0.18357018625736843,0.4035753395882506,0.19402978522362277,57.14722703526949,-8.382555482365964,2.0792269222504487,-0.8291095479348203,-1.2403602542431802,0.3065611823049476
36.827105495638506,28.974170843020374,21.340436887906744,17.612390588659714,-0.1836412931595677,0.40406400720656127,0.19046435030790354,57.0151319343735,-8.658103414395484,2.157059368370594,-0.8332049261351266,-1.2092921240493624,0.31220421663162745
37.0,28.729458863802925,21.44708357770236,17.57554026890114,-0.19431169207636567,0.4047175689329493,0.18514416974942993,56.85288202565194,-9.060838005691197,2.033691414654651,-0.849901714178118,-1.206584402161402,0.30154286596746294
37.02725947515561,28.718508323717373,21.461860741420672,17.599109581432398,-0.19397688467045113,0.4045829042660952,0.18778813256031993,56.80143499003217,-9.083917081662145,2.031289689334955,-0.8640046481473835,-1.1954916386079466,0.3003626257816497
37.22741179300745,28.645333116021135,21.529959986018284,17.6690066114074,-0.19615287833582912,0.40279509097986704,0.19316852920611535,56.67220971146409,-9.24031975783079,2.0705389612747127,-0.8599674806754443,-1.1143931466932708,0.30007269443250795
37.42756234623692,28.606252730538046,21.577426106666977,17.675708450418036,-0.19883653639486207,0.4010201605055091,0.18998815876496664,56.660205757668656,-9.408698115401236,2.1449189585050985,-0.8092438615636409,-1.0467506435638236,0.30499635202943043
37.62771103279982,28.56930034112509,21.649159964833316,17.71518692647896,-0.19891369197080483,0.40032920905209607,0.19085561399578413,56.50799297093326,-9.592326130094799,2.2024925849141677,-0.8176810055376794,-0.9883606584008565,0.3079425660935459
37.82785775164141,28.569409365455925,21.68142827382474,17.709374325003036,-0.1995749299404253,0.39784493171010304,0.18729687540498594,56.49619238206145,-9.7379105029936,2.279472780834044,-0.7710237735855101,-0.9218225565025513,0.31317487754261863
38.0,28.39775518162881,21.85025721195757,17.87015387543755,-0.20494880236133808,0.3969204192535977,0.21004193917357838,57.622582105167986,-11.357247034656185,1.855149374576897,-0.5600252385013023,-1.2066879148029077,0.2650106441262989
38.02800240276995,28.379574257167572,21.925491794581504,17.88541288272384,-0.20346112362811913,0.40159142194272024,0.20794724500616604,57.51744194602141,-11.484886962308694,1.870655817922468,-0.6021624699550228,-1.2381297147643833,0.26656610507587764
38.22814488732744,28.335941601874737,22.08496860533417,17.941428812315387,-0.2003219062175517,0.407246996469815,0.20585901200711273,57.22444930793357,-11.865195584633167,1.931855801337615,-0.684863786135256,-1.2480784939698304,0.27102039299382497
38.42828510765745,28.305249395905225,22.184315117778702,17.995121509858897,-0.1983325601037932,0.40828146703580803,0.20703405335839986,56.98583994364415,-12.14621069601889,1.9807169389144674,-0.7361515751345272,-1.2182038329512517,0.2731584658527614
38.62842296737035,28.238008051579964,22.27525007063657,18.099277026577436,-0.1979755673904664,0.40729004041656985,0.21672695459942232,56.74486261225684,-12.312619201317723,1.9951224647554897,-0.7811780871865743,-1.142935267972452,0.27081254061689486
38.82855837140586,28.19371310773422,22.354991129855385,18.130538345493843,-0.19904488121799113,0.4074931612146209,0.21471519386866253,56.65522808146654,-12.5386473681617,2.0587491113619714,-0.7678841803734349,-1.096126194555481,0.2748779355419093
39.0,28.447837835470438,22.38009915144286,18.09005656502191,-0.18522138274773142,0.4066264357072608,0.21571535722579482,56.836476962206255,-12.745104806417684,2.0451905526467953,-0.7239224885799579,-1.0766431491309065,0.2707538419850193
39.02869122609309,28.473843041640862,22.40472220381531,18.11073872574738,-0.18190364838684717,0.4073236364256783,0.21802280128693102,56.70494724028512,-12.806136401518957,2.042443899621051,-0.7733213654438607,-1.0832703951843712,0.269874350802239
39.228821439208176,28.481148383089685,22.482068800049774,18.197810455785362,-0.17710973970819996,0.40600821482351307,0.2261596041513204,56.36313680709866,-13.006433164694135,2.0623506693122557,-0.8605589896928566,-1.0319473696563743,0.2681061641561195
39.42894892002956,28.407590662431687,22.576903393685964,18.240431382356785,-0.17991884025226287,0.40700454568718075,0.2243690922500855,56.282890839357705,-13.202084070143124,2.125156094861926,-0.83740182753779,-0.9777813272137256,0.27176519022573603
39.629073579390976,28.421836684782438,22.648129815255547,18.3056537996866,-0.17516865777981738,0.4057861204481147,0.22911728702930467,55.90536161576394,-13.403391106615839,2.157548639736484,-0.9301797607420895,-0.9343619756233251,0.2718670828132965
39.82919532973232,28.40387171968024,22.70919095109769,18.369963674572123,-0.17372614878990977,0.4038227275760194,0.233722900378075,55.65219040729961,-13.534544527709821,2.192139872477654,-0.967552145887579,-0.8654457222115826,0.2722860272316073
40.0,29.210952266744357,22.62584591100221,17.784793256296016,-0.1356310191787155,0.4017099379415134,0.21398045559209655,56.37214923456891,-13.729706751005423,1.656150424510769,-0.8308950337466113,-0.8843279138793196,0.2282777519117387
40.02931408514838,29.272687548506717,22.640658371364964,17.752270638502957,-0.13158136440022247,0.4031711876030168,0.20879252956478486,56.26206419875967,-13.837973518227425,1.679495412012958,-0.8715861028740035,-0.9146247061881444,0.23095013650044752
40.229429761435554,29.243659629687116,22.72391275693091,17.791674895623952,-0.13178442083042663,0.40341184232960386,0.2082320808119332,56.09295608402473,-14.020279171479215,1.728178282787745,-0.8823924725590452,-0.865653369849594,0.23337874924763613
40.429542276136644,29.239462389594827,22.791322610970457,17.838091585575604,-0.13026356208351994,0.40238944198487175,0.21004756557363916,55.86576174788687,-14.179535671879112,1.7671142376410731,-0.9147354537359669,-0.8123079142896846,0.2350018231295817
40.62965154858374,29.24683161997215,22.865532629865392,17.86092377170706,-0.12826516231599533,0.4025608252546742,0.20763048055721225,55.62070636599331,-14.38248623891378,1.8225332857901295,-0.9530814443264948,-0.7791447803765428,0.23849605218639894
40.82975749993933,29.212761550370075,22.94548720214235,17.912986944974396,-0.12867585778135293,0.40219756236484633,0.2093584914216693,55.43903418337632,-14.507531378713082,1.8638303014649953,-0.9621360641595521,-0.7167722165131399,0.24004571566369753
41.0,29.129011226579358,23.054544550500093,17.78246564750758,-0.13401219268560224,0.4011255746113733,0.2091474590486432,55.8575269910185,-15.477316171961464,1.4372092898295656,-0.8730303389636167,-0.8583302940245118,0.20124984818755084
41.02986005323568,29.073462690761207,23.09995773801983,17.767921451133038,-0.13752897774439235,0.40382642580626454,0.20341953968917123,55.9263842554719,-15.531402858097156,1.466078818553353,-0.8357286361718891,-0.8602728970189764,0.2045873444726295
41.2299591334125,29.106239519064772,23.157921147078017,17.82700865663249,-0.13299073028502628,0.4019824590811682,0.20846809656975812,55.61388753835814,-15.693758346870618,1.4856411900433162,-0.9045103654536206,-0.8103648619882826,0.20348858924851487
41.43005466735302,29.050535108060913,23.261057818522694,17.853970144334973,-0.13505559337705164,0.4038788251158325,0.20450794905845374,55.50270049104066,-15.878714006236885,1.5428663130398041,-0.8897551905529738,-0.768323965958422,0.2076696946589977
41.6301465839185,28.973060027797494,23.352828413291807,17.90914329451348,-0.13849105466011985,0.4040488112298067,0.2056338980208118,55.44687830325425,-15.976750105637882,1.5826985207089055,-0.8521374179393628,-0.6948408628667141,0.2092914936800037
41.83023481398129,28.930577955133987,23.425462795973388,17.950685499150897,-0.14007428935549116,0.4034054447577624,0.20593982605660746,55.35971196116208,-16.0732604611458,1.6247404773492933,-0.8290332824018279,-0.6270823576240193,0.21106800405851522
42.0,28.905374780388627,23.500013840187666,17.919334055586006,-0.14140439441868644,0.4023318607515241,0.20716854380030753,55.51568608741484,-16.60575204468077,1.4553723629894617,-0.7846538846769862,-0.674891444642373,0.19433375188648078
42.03031929045632,28.866651272979624,23.46993703736497,17.97508080722178,-0.14397897993164246,0.3977982189012467,0.21625052021960742,55.55196168756295,-16.50316512196013,1.4309778931251333,-0.7564643924544434,-0.6163404591410612,0.19056306665980483
42.23039994833131,28.853558841895637,23.55384793276005,18.041680121370046,-0.1420243005436813,0.3975627382547384,0.22008616850653817,55.31993763588681,-16.616325153361995,1.4543992750657038,-0.7944787719904595,-0.5588744086299581,0.19090090789541728
42.43047672469558,28.840240905753532,23.602403263775237,18.10870208519117,-0.14111988093148733,0.39482662519385736,0.22545530236146574,55.13057235922914,-16.661308803053043,1.4725702011672008,-0.8101463895535896,-0.4799860559178762,0.19046335391068184
42.630549558767534,28.824276107485577,23.708140483824756,18.169183470158774,-0.13881526166006797,0.3963209143675288,0.22693601826134363,54.83975569345165,-16.793442943420832,1.5037142587702736,-0.86647025420593,-0.4365803555301589,0.191665896112149
42.83061839192092,28.746029720574647,23.847414014603245,18.18000676119874,-0.14222454277747226,0.40126533095016564,0.21759967755195897,54.80410651460134,-16.978922489326646,1.5802054180805472,-0.8264282364391321,-0.41141482886232505,0.1983978526952205
43.0,28.940707201360066,23.849946732178058,18.01375799604181,-0.13347275037936732,0.398303909663034,0.21598200416172225,55.23906011660258,-17.605270812821825,1.263210281154148,-0.7339265519404798,-0.4945956950978634,0.16979216097254876
43.03068316770983,28.948447956727758,23.93800888341359,17.966380327313928,-0.1317662025651682,0.40516609808382875,0.20458905604268762,55.168963599514235,-17.770134264639466,1.3063947514066223,-0.7592086083576698,-0.5451835308904375,0.17509373691977786
43.23074383189253,28.942117159880706,24.016529919321187,18.025649192073484,-0.1298307053262111,0.4046266788976381,0.20793977230603278,54.94501246852707,-17.867587347755506,1.3287044524587448,-0.7926136411681418,-0.48911419833468334,0.17509257973584028
43.430800332454154,28.889739637392506,24.092512797519255,18.070978270516367,-0.13198131912095143,0.40398582832892527,0.20836368456593446,54.86454476955707,-17.924028396154945,1.3639075062630686,-0.7660597408092705,-0.41974581313142467,0.17709573842662843
43.630852619628236,28.840927623715654,24.180231238350643,18.07492726761944,-0.13463340644668484,0.40541113876279145,0.2015608466860935,54.84309233506031,-18.037634203859465,1.4260742058963947,-0.7211689966272831,-0.37566499070749787,0.18213223892827926
43.830900645917254,28.81689872963644,24.325078225859485,18.131672935479813,-0.13188789861181668,0.40933795188130273,0.20145119641482878,54.503067527989565,-18.208049892852305,1.4608056613894083,-0.7991523054988245,-0.3532588803466272,0.18400713479639305
44.0,28.233329882814473,24.565990307245844,18.276180298640494,-0.16210085315948192,0.41128615513650263,0.20474477347916759,54.09330391238289,-18.703833425717217,1.4006700914827526,-0.8438762538069906,-0.3720223043059273,0.17763706602807672
44.03094436611201,28.23131235133893,24.57812501694777,18.282762034130176,-0.1618833156309158,0.4112651484816078,0.2048533527562026,54.06123965913173,-18.71641238393471,1.405678257112582,-0.8473276204221866,-0.36402398310714534,0.17780387621614302
44.23098373731012,28.28085658315282,24.657095465405952,18.308221122268808,-0.1559987932615149,0.41220564679144805,0.20377548825029856,53.71538620600582,-18.861557128146014,1.4412599244201247,-0.9258359758913841,-0.3401260278475863,0.1792481986332548
44.43101871893338,28.31732967415261,24.70076155380685,18.350418717559084,-0.15169708959918551,0.41010175295952656,0.20655970825798772,53.39275904793244,-18.930130920365748,1.4646581131555019,-0.9870060856810374,-0.289705361612059,0.17928673097885084
44.63104927274427,28.266157049346283,24.808328123293226,18.37322780944908,-0.15312348042262544,0.4122185030951186,0.2022102613260987,53.25003009315858,-19.024281241677098,1.5171212659129745,-0.9754734673142211,-0.24757340324532637,0.1836652170147812
44.831075362861526,28.2544501316969,24.891871314294107,18.380951842325796,-0.15237676928850458,0.41346683680980817,0.19703699585196063,53.03926368900866,-19.14020499134171,1.5719789030076428,-0.9911018408250992,-0.21741595464490956,0.18734709347778944
45.0,28.686692106830424,24.817759692082966,18.07426063860092,-0.12925601975071793,0.41180553487323085,0.18402006111734792,53.290591630494504,-19.11989757984482,1.3275804061702514,-0.9309339690059675,-0.18233806670034333,0.16891841004819746
45.0310969557747,28.698478598387116,24.81096946018713,18.111754888740858,-0.12789188057072626,0.4097421916726953,0.18991888027544035,53.21459482728811,-19.08515341622585,1.3129356600055013,-0.9499125148253936,-0.15808932388127211,0.16674711164216136
45.23111402035801,28.73212075471386,24.855261168143663,18.15054299415268,-0.12429962108342177,0.4077774549099413,0.19234803238595014,52.92541393328783,-19.11278638855107,1.3360885772846818,-0.9954276642405968,-0.10358549820018115,0.16711385781606494
45.43112652788313,28.72630055113544,24.938477484683695,18.161485383794968,-0.12338465618825258,0.4089028646742723,0.18819476895865,52.70767156970258,-19.179973759050217,1.3829967740298401,-1.0108584528385394,-0.06543381877735509,0.17053770049197756
45.63113445203131,28.697725539298627,25.037048373478388,18.174144574754383,-0.12383064835229098,0.41075738744718504,0.18346888885141605,52.52896459948261,-19.240726662560327,1.4337725085005955,-1.0103600389519034,-0.026359542906528595,0.17402031396716305
45.83113776890465,28.688547916383637,25.122729370158638,18.17716800392078,-0.12327227882500616,0.4122158620672703,0.17805830585016563,52.318307530684365,-19.314018766119275,1.487212185986424,-1.0220730555206365,0.005158155045137822,0.178093353775865
46.0,29.073847155223472,25.045369026342026,18.232487644486973,-0.10038488377450358,0.40971651555150457,0.1811140385793384,52.37052469731457,-19.006447750610782,1.6902041749176935,-0.993507269759177,0.10045600875066446,0.19261413646635256
46.03113645703644,28.967822793631516,25.109701513259576,18.27873264586193,-0.10610772899322118,0.41081379897653764,0.1839926855403885,52.46144212107581,-18.944149733559016,1.6905991188737883,-0.9414349660865727,0.1356911394288035,0.19237811294029272
46.231130497401004,28.98556353562776,25.1767830687334,18.322409269618266,-0.10331756881622617,0.4100600013027113,0.18617651699794766,52.18748514995048,-18.91775977432983,1.72051403546006,-0.9793302063013094,0.19213783161524867,0.1934528603186512
46.431119873422524,28.976986615142444,25.254556331857575,18.356975000092216,-0.10252557081715434,0.4100010602869052,0.1860848816899166,51.96610010526253,-18.882194166645583,1.759121269548562,-0.9934773528515375,0.24921905854386983,0.19493949721332585
46.63110457098329,28.954816441327456,25.31604057677755,18.42214753658821,-0.10259391406370724,0.40774090270868135,0.19129743566096527,51.76381533693113,-18.758570877900006,1.78090983731106,-0.9959562202264196,0.33354977277918174,0.1946597446602402
46.83108457843125,28.94785238179749,25.40834435823235,18.447874024907712,-0.10142636194456937,0.40903418363004995,0.18903065870346336,51.51070359113146,-18.737710579619453,1.8267944399153004,-1.0205023056854865,0.3777716955616638,0.197231233787734
47.0,28.778293911757732,25.517271300685117,18.441337144954844,-0.11135376925520886,0.4085597831559632,0.18931491014762292,51.38218391544839,-19.05533647595927,1.6972503756021187,-1.0134984241356992,0.3562252690588361,0.1855483304023374
47.03105988658681,28.76483952003445,25.589385219916124,18.38852571970879,-0.1117167368105542,0.414071599329398,0.17810322090039854,51.37214184232933,-19.152522124126875,1.7379151194983884,-1.0083895114784995,0.32430989584559317,0.19011652966002895
47.231030488749006,28.82899812535264,25.604633653958484,18.4558845286895,-0.10598845962305216,0.40978257515649547,0.18663847702632258,50.99735173602986,-19.04282666136962,1.7457698903097008,-1.0796800050324384,0.3965017309522801,0.188211159267967
47.43099638070104,28.73347613566784,25.73552177347717,18.517909511515892,-0.11018284502606086,0.4112672279869152,0.18770353185602398,50.89949736795482,-18.918377269662074,1.7829415909527249,-1.0363657293518314,0.4732680154452291,0.1902502254898047
47.63095756071519,28.71267294304803,25.799082006656775,18.569811660346485,-0.11029037490361562,0.4095905967245358,0.19069643696148916,50.6962663715608,-18.774442042021846,1.8114873653786434,-1.0354672748005826,0.5493838002096408,0.19110050303633605
47.830914029557135,28.658285970596886,25.8278681793181,18.642781864852733,-0.11387942466107907,0.4044550443580174,0.19791574719920554,50.66250571134632,-18.48674747653702,1.8287207251756727,-0.9676753274154889,0.6698373797225403,0.19102952254101888
48.0,28.605393646325727,25.916334908906556,17.994582159639908,-0.12002795917808026,0.40588978182604263,0.16822366070095,50.8022258698514,-19.035308615936827,0.9626528650489609,-0.9146087187772158,0.5824298237724234,0.12709448596149175
48.03086579048966,28.59775185427122,25.992040899773116,17.98862193154937,-0.11886233947646846,0.4102724391863305,0.1642767633271485,50.7336079624136,-19.083912650246578,0.9780892165131975,-0.9324722366161108,0.5678077572135903,0.12860403914251642
48.230812849275885,28.63197708634442,26.091985406215706,18.033806433724035,-0.11338916548399874,0.4118751122907353,0.16633763949312547,50.368609303355,-19.01414994817817,0.9945313890246381,-1.00294773498954,0.6102624578991049,0.1283437753347833
48.430755214181865,28.613717167407504,26.23601584047866,18.040470593766177,-0.11184795752414861,0.41680841002287056,0.1600239857659085,50.10912986932056,-18.99400960271423,1.039228862366638,-1.0287399664741297,0.6323742658852974,0.13187862555359767
48.630692895978754,28.607589663093634,26.342257515713914,18.049496464074245,-0.11028425510290478,0.419307666026467,0.1557631293004077,49.84504929025852,-18.939949764108523,1.0782725968776004,-1.0535219777930844,0.6644753035036355,0.1347629629921387
48.83062590794448,28.567042452727364,26.399340927541246,18.116621403727283,-0.11192428297568251,0.41603444826919567,0.16230223714786826,49.70044529190903,-18.684305794729763,1.0854469905320938,-1.0258638502009811,0.7633477470162694,0.13420100864508416
49.0,27.525366703518927,26.869793926066823,18.02833080873327,-0.17235756219466836,0.4226005864284644,0.1533576050844032,48.88149494007549,-19.298625121766186,0.6234338010969487,-1.118585003108334,0.7000183141219551,0.09928923135517097
49.03055426586489,27.58853329569692,26.77042049254633,18.057349373078534,-0.16932655385751416,0.4156752761792326,0.1618458616713195,48.77627223943587,-19.199120060944935,0.5995734632210797,-1.1461613871743253,0.7366816994082908,0.09641824977129358
49.23047798803456,27.543779826271077,26.89677215783663,18.07786709947133,-0.1692794058058974,0.41866247841031273,0.1583663817223554,48.54199587321651,-19.09390626140929,0.629485545213521,-1.1507463643215903,0.7782998714070982,0.0986078049521021
49.430397095257064,27.491721615233576,26.954121918317632,18.130874686145702,-0.17115287230067808,0.4159745469574532,0.16238448798383506,48.372133515301535,-18.8594955065207,0.6381208565044832,-1.1262558037591666,0.8628538985089343,0.09847386240083128
49.630311610844984,27.500916609594174,27.0295960974296,18.15391013137307,-0.16772920439502884,0.41651469140145214,0.1617589009871088,48.019575492856426,-18.729989387474916,0.657563284270626,-1.1751109318062778,0.904842553228872,0.09918686141072058
49.83022156061951,27.464340575680236,27.180714667283645,18.164961935249938,-0.16643028905004603,0.4216421657827816,0.15580195036611935,47.71519401804932,-18.668221168045523,0.6953411393416388,-1.204830284735407,0.9221882749508774,0.10196382605339027
50.0,27.51750430628472,27.215528506114794,18.070938991232353,-0.16243625148357957,0.42106422599173304,0.15126498187061366,47.63284489063806,-18.60490987715963,0.5757900911555798,-1.1865730010065068,0.9473255319628985,0.09267240531106224
50.03012697290962,27.559821958296247,27.085974879834186,18.110610283863558,-0.16168958208353365,0.4117076905523999,0.1620741664619615,47.582881729220915,-18.448630157541892,0.5466284805106151,-1.189440531708629,1.002862338903483,0.08929092513104442
50.23002787855113,27.640983062141768,27.053356118023594,18.119657645511904,-0.1555741378226933,0.4070371729957224,0.1639868650031953,47.19375109935686,-18.247882480199713,0.5553638115623669,-1.2504269123164544,1.0566051900506925,0.0889843685108529
50.42992431088527,27.63591464386219,27.13787744028581,18.13339995449771,-0.15357422629103581,0.4083216101910279,0.1612689464770786,46.88522451825338,-18.082736903852417,0.5802153515634418,-1.276698291902634,1.0961536680301427,0.09070942111680738
50.62981630575717,27.6081797441374,27.25873307402695,18.14825568171329,-0.1525269889487101,0.41149837900941333,0.1571676262354983,46.59019808205142,-17.93399340947563,0.6102543226598363,-1.2958212145795742,1.128026173966572,0.09285570211232243
50.82970390151406,27.55109143220698,27.403886712183546,18.17714339411711,-0.15319080489882272,0.41516827229637915,0.15409996560382255,46.34458825340189,-17.760511806410324,0.6388170280288156,-1.294224977941976,1.1664359797337687,0.09488730599313773
51.0,27.249520116429636,27.561008537104897,18.370124717485393,-0.16969873667236085,0.41509612367117726,0.16222286674702918,45.911909993932284,-17.729873140578682,0.7451390027456557,-1.3265650417192651,1.1904628826687336,0.10102466355777091
51.02958713900325,27.24135783898817,27.56946430282136,18.379171483953034,-0.16999577845700917,0.41466598031420987,0.16295420923172313,45.878833913120026,-17.6845041528875,0.7462032622302952,-1.3241195276054532,1.202564620466521,0.10108775802633621
51.22946606157005,27.198508762091322,27.7024974458704,18.400072726951993,-0.16961369381349017,0.41805010473372317,0.15932027348076364,45.60210822152439,-17.493237777498138,0.7768976991028249,-1.3321941081636772,1.2388309363000383,0.10352033032436724
51.42934071505545,27.245491861224334,27.652322840761528,18.417955941795597,-0.16634640259765107,0.4115365455113945,0.16293447441685374,45.25491185271114,-17.190071029504026,0.7850375544009197,-1.364434851930906,1.3091763674971761,0.10310985954571554
51.62921114779382,27.15194780667882,27.847181714874655,18.46206299091651,-0.1684690549792065,0.4171607046401498,0.15990243724173367,45.03563051384209,-16.97662450891687,0.8161441502839597,-1.3470415090620382,1.3482495184501047,0.10501388962797349
51.82907741061047,27.164791765981242,27.829154892317028,18.490473875312844,-0.16708337018360528,0.4116890544889951,0.16368195026055457,44.729801592510725,-16.627576656454174,0.8249386832686879,-1.3600747858594042,1.4267498089760131,0.1048772278369451
52.0,27.232809234406147,27.80181296073284,18.400543562498584,-0.1634153172990304,0.40815302385463165,0.16170730561208577,44.68636168030017,-16.678798328413894,0.6755380592516248,-1.3307264985177059,1.4096338569536038,0.09213157897240663
52.02893955681927,27.367707542331107,27.640925777475413,18.363842338388856,-0.15647688819861755,0.401276796321959,0.16315141444746348,44.5047281555676,-16.634889592697753,0.6705419419795823,-1.3908137350604781,1.414615382592532,0.09126871194094474
52.2287976422202,27.414996815726383,27.589497924577575,18.372174251962168,-0.1534414683670259,0.3953527908353456,0.16502933737452974,44.16343935828558,-16.315883046927592,0.6817500817804247,-1.4184074954986348,1.4770853237671462,0.09145363644245844
52.428651725097026,27.32209238399779,27.862055377089742,18.405876195759404,-0.15376996664948542,0.4062490958615184,0.1574811921491575,43.870457709669466,-16.160927282120774,0.7222156335605323,-1.4275750782186658,1.4813416541471298,0.09461213760341708
52.62850186621504,27.389331767527118,27.80480027903178,18.3909080630241,-0.14929139066198224,0.4011258152230536,0.1564872222317312,43.46454106541749,-15.87174626947442,0.7413018745169438,-1.477096826736401,1.5256465031271436,0.0952326982541264
52.82834812881892,27.284906657138713,28.031504516528383,18.450044120678033,-0.15176590949405094,0.407878902521335,0.15451095476168533,43.23397400517731,-15.617263969756397,0.7678770045334231,-1.4568988524459896,1.5615151587151765,0.09716048945725193
53.0,27.314870541842648,28.006167431835486,18.41788638411694,-0.1504687239151671,0.4038738331683952,0.15515507511193757,43.11236224241982,-15.623722169939644,0.6819552690789307,-1.4381155345745391,1.547398712403409,0.08939955258776892
53.028190578630735,27.182699601004213,28.26186282550184,18.457299431622097,-0.1549254765013112,0.41532852240033813,0.15040374881775115,43.15556771665412,-15.655452103372692,0.6999605761378758,-1.4045288139602532,1.5296292997464807,0.09131595755101672
53.228029283848244,27.114932813363577,28.438082781922077,18.489163825254202,-0.15578940095170576,0.4203345518635486,0.1469319909678701,42.89351962677819,-15.40158538089781,0.7284311218080958,-1.3986876649438227,1.5581266929206379,0.0932955849638246
53.4278643151433,27.133070395128126,28.43977103247767,18.504545307913506,-0.15360425146678772,0.4166492378638364,0.14835196563310135,42.55715301132522,-15.062566659287791,0.7420137830376713,-1.4209163291018247,1.612261235163858,0.09359826978537923
53.62769574566066,27.139071361332785,28.478331960836265,18.516657490920316,-0.15157373362545598,0.41521944027701146,0.1477072592791493,42.21386760131606,-14.74903731077808,0.7615038805748174,-1.4446843835723948,1.6536857146676298,0.094586968149311
53.82752365101704,27.048381807147333,28.650496426853245,18.57604571312404,-0.1545812325002488,0.418465773754323,0.14833732268423885,42.020845797020506,-14.405825126666297,0.7804456261095866,-1.4090586829011755,1.7056275438890391,0.09595984745933617
54.0,26.99587689276219,28.61942376132867,18.51640314149742,-0.15933008301515073,0.41291248852091894,0.14949310820513206,41.87766915083633,-14.599901301752281,0.6062305679240407,-1.391406458549959,1.6481179761376579,0.0810930811955972
54.0273481093005,26.921943130887726,28.744937149456053,18.54040344285804,-0.16249272863079295,0.41793614659660466,0.14764297913038882,41.9063020375036,-14.580744307909503,0.614865349369981,-1.3636885894703261,1.6463733900031319,0.0819628273705424
54.22716920107034,26.963707774713438,28.60199373895593,18.562067570288036,-0.16158686020661006,0.4057734170468233,0.1555001459387471,41.61594535088158,-14.101398852260376,0.6093327273521435,-1.3660003183945448,1.7419795581875588,0.08058336844311298
54.426987009357255,26.991602050819317,28.70541714927885,18.578547035400707,-0.15510952959879132,0.40856052341702165,0.1531135982458341,41.148815511976004,-13.839254548831097,0.6294316571464016,-1.4426067148124637,1.7526237007775003,0.08189142829694149
54.62680161966405,26.944672685690783,28.789315919785068,18.619705594316677,-0.15649149024153688,0.4080023013435464,0.15450747936352932,40.902725688737185,-13.453436562488607,0.6426697259135634,-1.4257610298568177,1.8080866638445716,0.0823578471103839
54.82661311996683,26.89303928234305,28.908928665070604,18.659661012827595,-0.15738218888534397,0.4096228008123567,0.15423551829454862,40.64662463899447,-13.09794216643347,0.6603841073864807,-1.4140687822742228,1.8488431445187803,0.08283125241240441
55.0,27.11590573716624,28.680093289366,18.628702031201545,-0.146439598719756,0.398801949592766,0.15788553812299827,40.70176615134833,-13.148013190485582,0.626698540201183,-1.366570717159139,1.8033433668933532,0.07775276246563462
55.02642160071664,27.135827172226346,28.6333633057689,18.624460866441844,-0.14578578734207542,0.39609131235845935,0.1589549882633606,40.65279802496124,-13.078277841710298,0.6255870268800476,-1.3713564541785086,1.8164311317990014,0.07741941111946912
55.226227154841695,27.113656473956734,28.620308180889506,18.651883420033396,-0.14767692387551717,0.3909297611589949,0.16179787233883933,40.43117585058328,-12.638282803656978,0.6340476944119349,-1.3460415302626447,1.8842208548875414,0.07759426864836859
55.42602987775014,27.08696281537959,28.695635627475717,18.683393369503523,-0.14747423616867938,0.39083471828132554,0.16180723082888981,40.15671121847788,-12.258140159010944,0.6494732315240304,-1.3448800012941529,1.9252824767792023,0.07806935872745249
55.625829867333344,27.079052848730072,28.76983803692737,18.711539412224948,-0.14527390354327685,0.39104582049217573,0.16152801509273385,39.8136722989863,-11.889354381595215,0.6650582489545696,-1.370747440334146,1.9578355591504049,0.07869683586543953
55.82562722396983,27.0514853645771,28.844557739084305,18.74304548850007,-0.14522624176232904,0.39089419068412834,0.16155855663287416,39.53857061209476,-11.492777181192535,0.6807761461431742,-1.3687172289463139,1.9979300876236916,0.07956089008946926
56.0,27.084062582407583,28.62626842789493,19.039602408804942,-0.14666323898374176,0.37757162207473494,0.18086990281561688,39.376148272211836,-11.507340495692638,0.9766936454280901,-1.3523268416720613,1.9607422730169701,0.09606414232876587
56.02542205052968,27.256157171152847,28.14198285578767,18.952038602518407,-0.14352873839231323,0.35482062128319847,0.1872251044075375,39.287667345200255,-11.273769697619427,0.9604838688830509,-1.3728540017953785,2.0298902881408067,0.0943931678028582
56.22521445237957,27.207306168744584,28.242743345184806,18.998948005190364,-0.14465178077364205,0.35591979082704495,0.1873330371786765,39.04093932617928,-10.864786284570465,0.9795314224106887,-1.3584600819404014,2.0696509890017833,0.09489769686785952
56.42500453738832,27.14960349463901,28.359122626243398,19.049966653729815,-0.14626446322251802,0.35764992981191096,0.18737569583524202,38.81465500597208,-10.45102961857612,0.999053551790091,-1.3367887753940695,2.1079378997498672,0.0957126347128095
56.624792415932916,27.11769928458716,28.602618974260082,19.12222833245239,-0.14069309992957352,0.36610961448997303,0.18582545808833692,38.34114182052961,-10.150026491025807,1.0207798741365484,-1.4143991965969176,2.1023144882827904,0.09605571379527594
56.82457820090507,27.17711097595731,28.5436664482747,19.102331488626188,-0.1354408505422501,0.3620264544211102,0.183017532633781,37.8790063794354,-9.763822986689426,1.0454446637066706,-1.4837706234968415,2.1212815599568735,0.09740484943925447
57.0,26.123262888305558,29.400699471495752,19.409957359863913,-0.19304740350945307,0.38301071063261405,0.18932763698628902,36.685796910600686,-9.348356213047543,1.0046928712601584,-1.6184652962423687,2.1922411496288676,0.09518847799201344
57.024362007718075,26.27048602366393,28.947366008143902,19.304087020313357,-0.1911602740674111,0.36271913110732906,0.19200640817008435,36.62021091741133,-9.145336343012543,0.9983521789480242,-1.6294338939374848,2.2487463600669684,0.09453296169632644
57.224143954314094,26.20162280205303,29.089440687536783,19.366513803504535,-0.1921413249612015,0.36532698243699274,0.19264279654307936,36.3143443158872,-8.699239198189671,1.016201156291653,-1.623915408093793,2.284623203271902,0.09515097208821947
57.42392416117157,25.94232354953855,29.79106700616603,19.588631467036837,-0.19607713774866353,0.39128762172881243,0.19340699985913315,36.064597868604146,-8.41892609353096,1.0358531204887222,-1.5962850137713063,2.2648628177607915,0.09544532261970069
57.623702751312834,25.980207140686417,29.628259052993393,19.563540943722316,-0.19511576219584661,0.3807999053952549,0.19424691433213587,35.72630673913282,-7.860847797636156,1.0522673484467857,-1.6046209702976055,2.3319987407518434,0.0960253248459588
57.82347985031165,26.11649952997895,29.247916176163304,19.452286308756154,-0.19012504343503084,0.36277231435326296,0.19158936319601466,35.25404455358772,-7.277698957018222,1.0766284822011831,-1.665987878258674,2.398215413926351,0.09746961131669395
58.0,26.44813498835889,29.07745735552073,19.371720825569373,-0.16845042812671498,0.35784911541765424,0.18657883286170612,35.27895183180709,-6.745265910726945,1.1239203344212172,-1.6240405647164957,2.4385378502549475,0.10042033844564033
58.023255586300486,26.392318807152574,29.233139621752716,19.422393502159167,-0.16945360993184203,0.36373384555560917,0.1871996836769975,35.258240752604166,-6.719066025710338,1.1254432945221184,-1.6164053882143254,2.432714266440693,0.10025316660810335
58.223030089977506,26.524826465247177,28.720435194522352,19.29499395224685,-0.16909394628690128,0.33882308249395676,0.18767063225832412,34.94565399196038,-6.029548073157505,1.1429628043021738,-1.6140538159681708,2.535843660192474,0.10135284898929912
58.422803494612765,26.49039159493886,28.796273312730964,19.334163135348817,-0.168919108384726,0.3392187388566137,0.1875724447341649,34.61753800951258,-5.524847288608216,1.1635328678288628,-1.6181066787372547,2.5696436705397523,0.10234606454255558
58.62257593605359,26.37837441585639,29.17007622358888,19.46417200192641,-0.16804102609018737,0.3521173377931028,0.1879741499015209,34.247811432820896,-5.1334805403226405,1.1830520147677088,-1.6391713763024145,2.5632690689800044,0.10284934745547757
58.8223475527287,26.23056126305288,29.59316891712273,19.62394508956713,-0.16996276801033833,0.3660530627221323,0.19060604166575534,33.97295661682538,-4.723485534323216,1.1973336529712744,-1.6205198576525528,2.564961021323681,0.10226279594144097
59.0,26.48741796614466,28.74750450441362,19.381117940488767,-0.16738330149511957,0.3305004948157628,0.19326411586153092,34.00027316576292,-5.263969354943491,0.9976381345735421,-1.5731197431658008,2.393418455525635,0.08364547532858961
59.022118485650594,26.46554061680324,28.84677802158472,19.40932383179306,-0.1667616320284406,0.3346233513835381,0.19283980703417575,33.95025819916895,-5.249878750589936,1.0005808201953543,-1.5802107068811093,2.381928029462856,0.08373569201824084
59.221888878416095,26.452765178967883,28.830387866262917,19.423564150208307,-0.16688903850395528,0.3310195593914573,0.192904684618782,33.63853368022853,-4.738022530658323,1.0171600998806167,-1.5795105574507111,2.4200400759870835,0.08457623186907252
59.421658877204216,26.361718262008065,29.06490420451149,19.52272748615264,-0.1684166796210878,0.3376090705827324,0.19440503205017462,33.366562769353344,-4.2935280249360215,1.0308236049675945,-1.561721080690997,2.432876970008216,0.08446762874365502
59.62142863077104,26.296497805336536,29.299698055250158,19.610016084318513,-0.16698160278953536,0.3451060088071543,0.19393185174557392,33.00227833013692,-3.902032461138912,1.0484882133703455,-1.5842753033827452,2.4240563058673166,0.08484056018516932
59.821198290440954,26.320653688806846,29.19988583862951,19.583405383769843,-0.16511132614187976,0.33856755740567795,0.1918523051592512,32.612770548624916,-3.3689641735314018,1.0706859009433891,-1.6150070493142306,2.4603167533984873,0.08619765414961028
60.0,26.651419512759304,28.37961699359649,19.1898658183123,-0.15600919230090757,0.3064413636743236,0.18472011145208636,32.69363514791026,-3.7469090173995485,0.773064947142202,-1.5612018773496006,2.3131939132585693,0.06251706513079208
60.020968010093455,26.59046591539082,28.58512571034831,19.262411584930085,-0.15687498952516754,0.31456599770813043,0.1859262083844976,32.68311951972038,-3.755912507922011,0.7719652597012842,-1.5510612368214503,2.294911937740898,0.06206295935682055
60.22073794614494,26.628654240353526,28.337649652652967,19.202836495900765,-0.15746556428963346,0.30090398168080273,0.18580897303605978,32.38300823582004,-3.1540996028147577,0.7847264714590511,-1.546536116635601,2.3632808316912732,0.06263634393168735
60.42050825752448,26.717906562829203,27.924990628692978,19.07012415207546,-0.15692950745559275,0.2814580140698864,0.18250183306036716,32.051925482504195,-2.502067599158159,0.805514197075651,-1.5567246434614888,2.442377680008047,0.064757046388105
60.620279105642645,26.63303853438477,28.28017824053104,19.208654237055157,-0.15421012743644016,0.29418061759231007,0.18336741118506183,31.64265370355608,-2.1646465275552425,0.8155427925824474,-1.59784486232935,2.408840805182799,0.06436547506218693
60.82005065435256,26.76386924696423,27.786881892687333,19.009904610362618,-0.15063848076227485,0.2735453531752368,0.17410683490114204,31.169922474918906,-1.5397766249141152,0.8523719672445743,-1.665120973707372,2.468179430646465,0.0679799202358576
61.0,27.593881635962834,25.90104432290195,18.591027674952738,-0.12346528138036275,0.2058322734683467,0.17420268628610955,31.659393705081097,-2.2817350679746204,0.9576154219489238,-1.5497093195987992,2.2353988209554436,0.06915446745145748
61.019823069901705,27.54818603515462,26.042262582832713,18.655457671250492,-0.12448453803931833,0.21064525055786493,0.17685860665736905,31.654649039760084,-2.252270959628247,0.9531601596307898,-1.5365000883581912,2.23219911041619,0.06841472257810215
61.21959652087355,27.453608571008207,26.396947814013785,18.810787373069612,-0.1240755240654505,0.22335173139526887,0.17978129496170228,31.3447222423114,-1.9150648746491352,0.9598663824668191,-1.53830814185073,2.2047211240668307,0.06783895503034829
61.4193711781175,27.348567661726367,26.647729108143377,18.956265581091756,-0.12777351987478433,0.22947358638045573,0.18664168804425418,31.161420599703593,-1.4510986826404069,0.9574182299384975,-1.4826925348411992,2.225834846287148,0.06616409818883404
61.61914721466579,27.36883599027918,26.510852883943517,18.916240624194515,-0.12697751982402328,0.22204283179404516,0.18400154637649965,30.82355687196998,-0.9288226157140212,0.9777211733613579,-1.5001302568247148,2.260284502187545,0.0674175890360899
61.8189248056357,27.354301660723618,26.512316887892798,18.933472030357187,-0.12675543673046424,0.2203763554645189,0.18317935271842575,30.511033359354506,-0.4604258413174423,0.993475069681212,-1.5058396224375146,2.274471543491431,0.06829235125241115
62.0,27.749255809157848,25.17371339408378,18.429500364298452,-0.12071683308832469,0.1704177882358749,0.1748134375064867,30.639523752548822,-1.0791139641661027,0.7846097112996052,-1.4440628136138303,2.0786078632935436,0.0506209939238383
62.0187041281156,27.818533215208454,24.95322480218231,18.326970034983546,-0.11795335480887519,0.16215709710193443,0.16975941390377808,30.528094542406063,-0.9974944143166684,0.7970854516604542,-1.4849440270111056,2.0930462015497135,0.05210372990542385
62.218485361032876,27.795485051342073,24.85812505775742,18.32594626499072,-0.1210473463762366,0.15542588445238487,0.17137793345005584,30.314199116305907,-0.46678481532465355,0.8042916876691831,-1.4476493446653298,2.139475336266671,0.05173755666530575
62.41826868500206,27.719233454194725,25.113836568288313,18.465845404290054,-0.12173626163774787,0.16404766498570728,0.17594861037447307,30.06705465339924,-0.1104562389874435,0.8031528221198257,-1.4263834311841586,2.119666090244323,0.05035729570131836
62.61805428215129,27.71689919350856,25.12082283641028,18.477260961507675,-0.11866046282444877,0.163332054698485,0.172916487253385,29.647397095984058,0.3039132496439977,0.8211210464919972,-1.482565244660255,2.1172060480981085,0.05184842029262605
62.81784233592503,27.738963931811682,24.922672938438303,18.39850576968071,-0.11856743599094177,0.15422956127917498,0.16794064371887155,29.317142507292687,0.8320630406104838,0.8452997084900379,-1.4985709221039656,2.153754102088341,0.05387789862219018
63.0,27.600107696954357,25.445991625967267,18.618520562466646,-0.11873461399653024,0.17227376019122576,0.1710488615207629,28.92910422751074,1.5820986772650913,0.9170825136107538,-1.5175722712408448,2.224127432778133,0.059042817897185816
63.01763303086116,27.721949164212884,24.91706450914163,18.34852967328275,-0.11681449981508889,0.15334822203791204,0.15726611264958631,28.80751646373776,1.720323825421777,0.949901648550257,-1.570124329506527,2.25981103945625,0.06315452895734051
63.21742655234058,27.671291375814196,25.148027188166534,18.47195604058101,-0.11520738295910639,0.16150532549925722,0.1602101559258391,28.461718839046643,2.088056592915223,0.955239321870289,-1.5862866275976137,2.2318072156757056,0.062430959035654626
63.41722308630704,27.62572679857333,25.4253104497297,18.608185231409813,-0.11215774820277004,0.17308447933441498,0.16185565612346783,28.064372149365173,2.35167437604037,0.9624742845110335,-1.6253833818971064,2.1665204567667695,0.06208222924465942
63.617022818955874,27.569884755712938,25.620646755062953,18.733279582479682,-0.11251622815774372,0.17807291300526887,0.167481111524631,27.77863456775492,2.7740015897303008,0.960878715085973,-1.6094937504812081,2.162303580487616,0.060865427423804824
63.816825936389456,27.558874439639514,25.660896592198075,18.754411617600336,-0.11093605564066306,0.18081193743174664,0.16417834732292275,27.380618043406127,3.0743161981752083,0.9801832577671454,-1.6496680283431362,2.1135904491161637,0.06190416129598427
64.0,27.849115384049906,24.23392000412182,18.240473852408314,-0.11183202551118179,0.12843153731130905,0.15393489094914178,27.41192438389336,2.489781458315131,0.9034329529900569,-1.5986845496872464,1.9247467458991439,0.05434206817749572
64.01663262423806,27.865079973241194,24.034023224213417,18.154739016944106,-0.11312209993264319,0.11787605821001984,0.1516948410758645,27.389422699247913,2.683615083359645,0.9107197818314664,-1.5967568065322646,1.9874874557250857,0.05527537343710536
64.21644306724487,27.824331629613773,24.252351287870784,18.28070492619242,-0.1115982475209995,0.12698466977670625,0.15503370802201344,27.05352311281368,2.9472925539176953,0.9129170098460384,-1.6075652402379472,1.9296742059583587,0.0545871410734191
64.41625744881405,27.800632559283265,24.285829525259892,18.316667657656208,-0.11161812740722064,0.12725998992595491,0.1553556673223055,26.734416488420443,3.3301608663302305,0.9230178104197716,-1.6104842891550202,1.919422384588428,0.05456805814475474
64.61607595052146,27.819142634805374,24.05232424257974,18.181779152757745,-0.11089783280133912,0.11855140558538134,0.1438636025737124,26.30708179069642,3.773013179943845,0.9637805970448858,-1.6672282811982548,1.9299694893215324,0.05856513915652397
64.81589875158774,27.78517606289098,24.11149220297881,18.238966813255672,-0.11140593522329095,0.11770435800930358,0.14685814321266286,26.007226458149052,4.250775344476143,0.9688654299053788,-1.655257948517743,1.9526486988549772,0.05792468308470634
65.0,28.014563115088603,24.022005454045946,18.38425731170711,-0.09451771867961048,0.11850923749642067,0.1483314149301445,25.988515340708954,4.820619515030062,1.3290765723350457,-1.6157932307642664,1.9691132139207206,0.081872586951399
65.01572602831452,27.958988075174364,24.24149513533183,18.55057776341596,-0.09686921697548796,0.12273816705002609,0.16182378483207369,26.075250044537054,4.917919054156166,1.2994760195240422,-1.5523974323410177,1.99500935079669,0.07781142284739084
65.21555795348443,27.933340004983965,24.401395059973748,18.658591498210942,-0.09535448548027331,0.12892880301847515,0.16506743864593645,25.745393903429555,5.223043494673204,1.3067217691671287,-1.561066607397854,1.949399941109941,0.07709673673531459
65.4153946957273,27.895660075310886,24.526988114149713,18.774039225814175,-0.09795652551501262,0.13292471294907238,0.17408185921890013,25.58643496481056,5.55925644382502,1.2983842305047595,-1.4903700231988233,1.919136967195802,0.07419793609216593
65.61523641885465,27.875332115770945,24.544305056660935,18.80211696869361,-0.09786915190952111,0.1320393030940576,0.1734633634962342,25.277725947775835,5.970950666809921,1.3152348421008704,-1.493233983655648,1.9167895600670457,0.07462263983896104
65.81508328116632,27.855623309497812,24.56428862474239,18.832454985914854,-0.09794073504125186,0.13164690839381954,0.1732216960137168,24.979764449938568,6.363885272586299,1.3309317015689328,-1.4914774139410032,1.907545862234543,0.07519056730481115
66.0,27.80589953446173,24.623451997486143,18.587617045278954,-0.09981278057042384,0.1317657829909182,0.16163904964179113,24.652085133410356,6.6215945703044286,0.9639267449794413,-1.5023089759607744,1.882318352859426,0.05118386108582346
66.0149354347336,27.8094013476706,24.64375842715969,18.59603898709473,-0.09824411090181512,0.13205718668473265,0.16041238288523102,24.580836111915787,6.656581621851926,0.9680769015474728,-1.5254509481470186,1.8837801634261488,0.05168165217057331
66.21479302466383,27.790960180749398,24.680009430806205,18.632641594416285,-0.09784887497972285,0.13254560475298421,0.1602706579718741,24.26417466102103,7.0230412345683355,0.9787969054077331,-1.5303326327620967,1.8659761001300437,0.051883755466732524
66.4146561883535,27.77024743252941,24.658691490820953,18.62840332286684,-0.09779090149649601,0.12954809980716878,0.15701788967551047,23.92770076308741,7.469164172913202,0.9981891153308222,-1.544907774999719,1.8786579819167366,0.05328634019818865
66.61452505473628,27.743684038399536,24.561379068440182,18.575763337768997,-0.09998490729581005,0.12279010808827182,0.15278660346844505,23.65766235190657,8.009608955396969,1.0207375943425279,-1.5295337021678768,1.92595224691637,0.054619032503905054
66.81439974353472,27.716174705919784,24.398917122538876,18.450893973485986,-0.10126012159984132,0.11437349626370574,0.13962708980351674,23.276792630294757,8.585235226450962,1.0683553207429357,-1.5687759705328435,1.9831373084041113,0.05949395842599838
67.0,28.066070060350327,23.6772213460197,18.058269177998632,-0.08339528244586586,0.09380022581865799,0.12061849858241187,23.51843356796545,8.711419897474325,1.174143851986285,-1.4885521009036526,1.9142939636840737,0.06705627953875674
67.01428036452425,28.07541322033112,24.16073537889544,18.406925199855923,-0.0765317040414946,0.11150145153299496,0.1417879153085211,23.455466342232633,8.549458535801797,1.1257927148293678,-1.4897537287226774,1.8309672791674383,0.06096007701664279
67.21416701681893,28.060789529034977,24.1841807027886,18.435083462239778,-0.07638299450832046,0.11160347517885001,0.14156599728492222,23.152255380347277,8.911044098349869,1.138564528378838,-1.4919425054362547,1.8126461045196056,0.06125480945033405
67.41405978818939,28.047302764584934,24.191066999077776,18.441619563636046,-0.07547258225503112,0.11106704305738023,0.13786241870187757,22.797193333448355,9.280916641192324,1.1605334568091688,-1.519259399715449,1.7984650225140335,0.06285357934196191
67.61395875442312,28.01571592913586,24.12603503490714,18.40095313957011,-0.07773452493812004,0.10491670308109231,0.1337429125012436,22.534132862817476,9.831707903250901,1.184831963097854,-1.5029174112492132,1.8530884871042623,0.06427249403578507
67.81386397873769,28.000578066580577,24.159674646314482,18.45382773144012,-0.07906971266152955,0.10443296500438704,0.13949220147373037,22.342246477799648,10.234186431352066,1.182059018508507,-1.45167177679398,1.8482390882832325,0.06222605851832172
68.0,27.57749848755174,24.09995392076219,18.51053520066082,-0.11073448045545653,0.0911865737577016,0.15063942827332402,21.528324194518305,10.18640926020944,0.9285290878958816,-1.5303375983576155,1.79159810266705,0.04259160826890537
68.01377551125726,27.589969510602817,24.21122333441269,18.599233376342255,-0.10888617904673228,0.09677566830200611,0.1572089051740773,21.506231838053683,10.10443040092258,0.913321385079503,-1.525966757335921,1.7441453072038562,0.04067503416511477
68.21369338856223,27.56074053493312,24.202581946313796,18.60982216888252,-0.10968183923393686,0.09457217147002905,0.15572138336855276,21.211062872470535,10.51295155886477,0.9253517236874033,-1.5207111653346215,1.7493745536599825,0.04125524209613811
68.41361763332137,27.528243163450185,24.186045786735942,18.606904136076423,-0.11040062343756697,0.09157755115756926,0.15209115931272338,20.900528665533372,10.960214980833664,0.94331668918415,-1.5236375368673594,1.7698683095227878,0.042314146005623395
68.61354825401445,27.511146578040666,24.224611450568183,18.656602667750853,-0.10985522905759544,0.09277209124357137,0.15366911796819108,20.59084961491415,11.274962216798729,0.9476103534002316,-1.5237277817827062,1.735883359999649,0.042117989003336555
68.81348524475256,27.49164129033138,24.226823373688962,18.68655741190362,-0.11089515334705703,0.09272956003067657,0.15681993753614426,20.354026618362273,11.59225482264232,0.946929695363716,-1.4916319491081447,1.7042980983168854,0.04107733202112443
69.0,27.41305188791965,24.834359148157297,18.780909813966844,-0.10911413875278396,0.11271803277231696,0.1572346277569525,19.83588254130934,12.215081737372245,0.6208832426287584,-1.5312110299615762,1.7410537201846348,0.019442640476001468
69.01342858520155,27.395917521318566,24.789704731559468,18.750778598553254,-0.11119069006225386,0.10986499094226058,0.1560678586134247,19.855136057268727,12.304064205436154,0.6237837091441909,-1.5131790444504731,1.7681684348758973,0.019734542456386023
69.2133782406122,27.366586684466192,24.792739909507002,18.762379438025324,-0.11158764901009863,0.1080747330194872,0.15351685360915393,19.5465106419319,12.714584417940399,0.6342012092859826,-1.5137274181833968,1.7734936385281557,0.020431412159273684
69.41333416195943,27.35621764325005,24.844189294017387,18.827947822076563,-0.11083728321999754,0.11049318524636298,0.15786203406622132,19.253349502827643,12.979996378069783,0.62701468415976,-1.5037555118854689,1.7173000669562102,0.018818865856204205
69.61329628619035,27.348463856412252,24.887918130966266,18.883097322411313,-0.10936709483940961,0.11318697113551925,0.15991169863100332,18.91738512549626,13.204130975696982,0.625117552195304,-1.5150143455918195,1.6494150176206586,0.01819388230976917
69.81326453657941,27.326337272543146,24.86871811304229,18.88820280239517,-0.11052290438896363,0.11345013413693492,0.16113467831144618,18.658398159747946,13.455091431330116,0.6244232888050759,-1.4945487267818012,1.5969436654101548,0.0169916316193615
70.0,27.36842628630127,24.733676550042762,18.737711461429093,-0.10705565552971369,0.10902793832907359,0.15246174455128864,18.512415228984892,13.673753054334163,0.5711863242570466,-1.471629983258035,1.5580283086103075,0.01411470235535182
70.01323882318684,27.360714909901677,24.74651146835844,18.75877187982494,-0.1073205296615425,0.10664130997156436,0.1528164998406673,18.504932285928646,13.792718127583955,0.5710238451244469,-1.463450201508267,1.5982856072161464,0.013986246778478529
70.21321904341444,27.358494504041133,24.808167863733747,18.81519483267232,-0.10435069880387876,0.10844553600893173,0.15129268454409683,18.129479362118786,14.075595759960898,0.5780362434848564,-1.49697663263113,1.559565082567266,0.01440629774539503
70.41320508265184,27.336563919849098,24.862891322987668,18.871257258012267,-0.10354196592302191,0.10663899851902937,0.14968986499547549,17.80773902966751,14.510873118780841,0.5858537259045971,-1.5023303489047262,1.5853853672509264,0.015019015693452127
70.61319681500422,27.302719132078852,24.886058497525305,18.900695317862766,-0.10488625306420618,0.10409238459792167,0.14900867581117608,17.556688548632287,14.966196997688312,0.5909977541794272,-1.4771330562809668,1.6172036574017117,0.014674856494305805
70.8131941040914,27.260955256164294,24.88376700273706,18.892918831931297,-0.10684401302022628,0.10148816622655138,0.1447896451662394,17.30253768655925,15.431029491187292,0.6052574375405424,-1.4577644673437102,1.652195416483963,0.0157558618923974
71.0,27.18255562781071,23.572838682335146,17.68859457924026,-0.12046785098452217,0.04735771843690963,0.09663981879280567,17.354127027662116,14.706965343835515,0.023095300023581955,-1.4112071988891504,1.4837674371845404,-0.019259765740966696
71.01319680390768,27.202804296853767,23.61906094612912,17.739815561006743,-0.11853908537956656,0.050016253020856334,0.10157890684719827,17.322056124718234,14.649356021375846,0.011453865386844135,-1.4129794181346966,1.4450135055031958,-0.02064702306113588
71.21320475973043,27.179130079591307,23.628000290003424,17.76037901680205,-0.11865452809716812,0.050241575161915415,0.10218103185951576,17.04566257946991,14.923128594488606,0.005733986041226268,-1.4048183932004106,1.4140181282900741,-0.021580585272093555
71.41321780906601,27.146995793208184,23.620630286825808,17.770879598860397,-0.12010285744721874,0.04999424449424893,0.1041712362795215,16.815697577945038,15.189132757177214,-0.003915864852731934,-1.3765177734735545,1.3805058583353729,-0.02281502590947994
71.61323578262065,27.12037972568232,23.608933578328294,17.77236536424204,-0.12058874488309665,0.050673431156899096,0.10463811247144822,16.547983514830207,15.39546069247096,-0.010154233829601221,-1.3678452207528244,1.3262593859740752,-0.023528070975587814
71.81325850528489,27.09679266352647,23.61161762218404,17.78501190549131,-0.12039466426439446,0.05112102238868257,0.10405637539657975,16.256454441625493,15.622422937719564,-0.013499427479600779,-1.3695372451383694,1.2841030343409723,-0.023659858434759522
72.0,26.949013387842687,22.896908787902454,17.46716962157751,-0.13363975370829662,0.02041117152028447,0.0932680442019036,16.151574870963127,15.302564489993769,0.06843649613453677,-1.338419098324237,1.1775583474887807,-0.01789413633237958
72.01328579712026,26.949192082675772,22.86863615608773,17.411291317944674,-0.1329156818005374,0.02324950385872853,0.08921989774657772,16.077966583445,15.194503805433708,0.07728382655923158,-1.3699976968251197,1.1225846073020747,-0.016441141950117234
72.2133174743376,26.952058458501714,22.94368620087222,17.52156005661087,-0.13008132494173508,0.02199896938179699,0.09257682231865855,15.784376015584625,15.523369953121033,0.0668846784745226,-1.3656237671924514,1.1333974922414256,-0.01760267445349542
72.41335335025754,26.914731160593885,22.919056196001783,17.503966180587298,-0.1311564464157591,0.022537572471868866,0.09158125138461043,15.519798518877787,15.692938263032232,0.06539197873072203,-1.358294270504852,1.0791676707887552,-0.017379931137236272
72.61339323624443,26.882334141391166,22.912097564566533,17.511285309578067,-0.13192542785973244,0.022440669175037103,0.09201214955792804,15.270985108961822,15.894349403559403,0.06061950550163671,-1.3422458664039898,1.0408874627690523,-0.017904419598664678
72.81343694260634,26.860548120229094,22.921060272136245,17.529042368350215,-0.13099530399673504,0.022932005104126595,0.09018765539094904,14.953628608803285,16.08631341943497,0.06183022980501678,-1.3561272693921107,1.003084091111059,-0.017531015351865728
73.0,26.956849152590415,23.532051719195756,17.820305666294587,-0.12003671297337677,0.05021297762910962,0.0993075451768873,14.550456545924481,16.751146131357206,-0.04222225445197456,-1.3736199567336662,1.0352338300917356,-0.024940890548979758
73.01348427945452,26.942120824450527,23.503075222732075,17.768038127430728,-0.12078440716030533,0.05151698173197519,0.09605149900324138,14.513701266562713,16.700757222274206,-0.03533903437978744,-1.3865276927123416,1.0058399464387175,-0.023894515924042178
73.21353505751729,26.89076176913522,23.458544479015252,17.69391319650682,-0.12240742397620995,0.0531028820935766,0.09002736358278235,14.20667663621208,16.80367692951863,-0.026452045259678723,-1.4019081284005324,0.9338442554143908,-0.022408907572899636
73.41358908890452,26.84679174877237,23.445581410598415,17.68817081222572,-0.12465769228333545,0.05302598299884011,0.09186754851408778,13.989520855406449,16.953510896428792,-0.035782845538133996,-1.3688464714189421,0.8813456713085329,-0.02347535247274016
73.61364618781914,26.8363570644786,23.485480497151883,17.75840844633722,-0.12416948733107745,0.05225953222636299,0.09644460231847281,13.761254789336444,17.17527375358259,-0.051609053908288745,-1.337192685684772,0.8612771246690295,-0.025116229612085608
73.81370617121458,26.765801128330043,23.431707451882662,17.696649986075215,-0.12869204131855255,0.05183915591071316,0.09622406577446924,13.605149679811479,17.281977626071832,-0.05701056489767597,-1.28717096388796,0.7986248623557705,-0.025698830905131465
74.0,26.685624483499524,23.30543858558269,17.620163883398074,-0.1334247555389895,0.04353813434439585,0.09393295810904007,13.309969776391217,17.28582491881141,-0.14912094293878878,-1.2870366885055644,0.7477987607458254,-0.031801222718691596
74.01376885939636,26.801623571106404,23.41777567923953,17.80050434830171,-0.12293777729405544,0.04214961590856534,0.09738000315163454,13.143851696017459,17.418010517856597,-0.15617330393639114,-1.3428027571011003,0.798703683840011,-0.0325428922687288
74.21383407656823,26.802291869724932,23.45434959884464,17.86932352037355,-0.12097781119401353,0.04138699718963048,0.09895463319232077,12.858302276076156,17.629655340080085,-0.16621802109755054,-1.3378092280855811,0.7858505519638668,-0.03357240354902834
74.41390165132314,26.767425385721623,23.446760627089525,17.858120633821596,-0.12146501854219033,0.0420126627412834,0.09696586340223125,12.57650183254385,17.742030014735874,-0.1682074779161806,-1.3374519554011883,0.7324695187386786,-0.032946900515954454
74.61397141708045,26.741703961676812,23.450648896908543,17.86599801850917,-0.12123668322638326,0.042322017599150094,0.09544642623617386,12.284965709186187,17.871337558113286,-0.1710673799190087,-1.3404000338916102,0.6906799870498701,-0.03278955034895865
74.81404321247086,26.73543946914438,23.475870715961822,17.90305163723957,-0.1191574213880809,0.04268770981030732,0.0934662541806237,11.940195717270557,18.028892789650712,-0.17246028073350791,-1.363109190285884,0.6647034991916572,-0.032338777777470046
75.0,26.87089798841059,23.583688571831438,17.726609268753883,-0.10557083991642424,0.05389205491371313,0.0786637987423558,12.028031482387465,18.31809765561329,-0.1920491839886101,-1.3034754583567134,0.6445617260033665,-0.031767815751201516
75.01411688167147,26.887783228718877,23.589199831773968,17.732367257736932,-0.10349662852345945,0.053693002140313056,0.0760187141641028,11.95340045520512,18.357116208410673,-0.1865630339183507,-1.3293979809572962,0.6590392070754875,-0.031013145198712497
75.21419227469309,26.90306246514931,23.637165606390734,17.839669311317444,-0.10186431818999249,0.051854504893954156,0.08248059603932376,11.726279210130105,18.577367349748258,-0.2077947656188414,-1.2959824854130801,0.6610285183398453,-0.03346548462434537
75.41426924762276,26.899349767675304,23.676574203320207,17.93946395352827,-0.10260585183456439,0.049676893515765465,0.09111917979152266,11.586319950043897,18.814528336080265,-0.2354532699582543,-1.2262435169457406,0.6696671435790305,-0.03697750799197183
75.61434766282404,26.868390978251536,23.677674855720944,17.94203106130602,-0.10342136182505726,0.04995519364010809,0.09132983363375889,11.360365567146637,18.897992409916487,-0.24314380576550298,-1.2069297211506376,0.6144176497156797,-0.03697911088031671
75.81442738909833,26.851385922236094,23.69430466366447,17.974754357235714,-0.10354041111558399,0.04956540288119028,0.09255615370025436,11.143212039482975,19.061279666152707,-0.253900625436016,-1.1823850612021622,0.5990422272883172,-0.03777429955378989
76.0,26.75921844243303,23.537507886451557,17.963363782449953,-0.10934243484354081,0.03799309245504233,0.0938093352727418,10.841249525342324,18.993353256420942,-0.29102083528016814,-1.1828614667632718,0.550082567596649,-0.04048056547245756
76.01450830180954,26.762189080921353,23.53961092508287,17.96892619391125,-0.10894588583638071,0.03789743098918236,0.09372192972399211,10.816749886611372,19.00795975054264,-0.29143556344179344,-1.1847874318746927,0.5510871546723355,-0.04051825519694011
76.21459028297562,26.69106440021122,23.52503983398782,17.90987140095333,-0.11219121042442284,0.04016209798982957,0.09127150325851179,10.614010098942966,18.956436609673354,-0.292896535245967,-1.161963315866344,0.44103732068382495,-0.03957433473689497
76.41467322132938,26.631252418316706,23.507767468629595,17.856720324164144,-0.11413637761521536,0.04141180905816098,0.08674336795251768,10.36982142813586,18.961509935487207,-0.2898370881060955,-1.1584299067946302,0.3703952842544641,-0.0382480785229136
76.61475701235129,26.611827954646852,23.524549238674016,17.90734830091726,-0.11509388507496986,0.04046651523677654,0.09126935532922764,10.219904909901874,19.08010445822548,-0.30885878524211724,-1.1057558024735714,0.35114549546902735,-0.04012433281204658
76.81484155827712,26.605660443549652,23.548679680102275,17.97153565255845,-0.11497529308593948,0.039566838225156914,0.0957365436810725,10.061426545229446,19.221481164712895,-0.3285615901624932,-1.0585539975939857,0.34433622243239614,-0.04210879695381451
77.0,26.532940812197268,23.764157807171664,18.37526603968505,-0.12275080636865547,0.04668542445075259,0.11851278331602338,9.403545362217166,19.39770566127417,-0.3358736212502867,-1.110725183350959,0.32456776743661475,-0.04506186412648878
77.01492676808243,26.53291554888179,23.76555764614061,18.35316961796145,-0.1217666703565862,0.04781526462818132,0.11550595950468913,9.344007735797812,19.352936108985695,-0.3292474781861006,-1.1313101315901748,0.2980241973291716,-0.04393932369560134
77.21501255744664,26.474170714506673,23.762096487548096,18.342098743502365,-0.12448381687282618,0.04813033999126407,0.11496877849488663,9.163250113585278,19.3888247109205,-0.33694468666118466,-1.0976330419770814,0.25162192561146246,-0.04410851180448191
77.41509884869821,26.47397933891245,23.777972962973024,18.356327950601532,-0.12122436629530906,0.0491662743677869,0.1107006519076221,8.832248289214432,19.381472194623075,-0.3349132792039361,-1.1290538093342932,0.19035632787601883,-0.0428953339417655
77.6151855707434,26.51009878143356,23.814165812711355,18.448592730252138,-0.1168161299795402,0.048652923406677824,0.1128339987483317,8.53731351168068,19.463683654837883,-0.3486589417924501,-1.1359779879817553,0.17241743180659513,-0.04410121497666567
77.81527265898005,26.4938586501087,23.828183867824514,18.485316958302306,-0.11658101500953888,0.04842932408314874,0.11405737415178424,8.32335743427804,19.510131210740635,-0.3606301269118313,-1.1134267799958675,0.14153235270681483,-0.04473142115924016
78.0,26.558089728263038,23.90267836487068,18.22031278132756,-0.10904019786023265,0.05509023718710336,0.0978640537183666,8.287368942851302,19.620098677611548,-0.5932436359615729,-1.073806125928832,0.11730463865633257,-0.0579717202108585
78.01536005519796,26.569500086284922,23.904054562879097,18.195456404311262,-0.10669553802071345,0.05609689808096393,0.09319150149777199,8.188885910534562,19.590356524508064,-0.5832762950370206,-1.1120656386917636,0.10084917574538999,-0.05642782133786488
78.21544770746748,26.533682448574556,23.91232086601132,18.204771131841763,-0.10796617692212082,0.05619146783944888,0.09348291165761709,7.995151624524377,19.596771412440916,-0.595240176047252,-1.0840558796264377,0.05862589744820263,-0.057035721131292016
78.41553557001731,26.48714949994743,23.91748917152844,18.208095726522206,-0.11021651008989808,0.05620268823572055,0.09419258077365447,7.835071521900771,19.59246394049709,-0.6083548831407573,-1.043827182357261,0.01493774886179443,-0.0573629442547865
78.61562360310302,26.42867457387638,23.916019563640436,18.182336222720906,-0.11256696804399415,0.05670705672721072,0.09203708472243062,7.653285438061877,19.55467994610998,-0.6145206851923078,-1.0177103930416838,-0.03852544786880915,-0.05719183866584074
78.8157117728667,26.44422320064528,23.9375922334102,18.21466560471368,-0.10850271304407466,0.05729968533182694,0.08882810417044537,7.305623090581351,19.527033492505,-0.6175303949661618,-1.0560609936393848,-0.08258994499771356,-0.05652369365344753
79.0,26.525536170095233,24.067492889634458,17.855278138588456,-0.09540606135749337,0.07341256909801867,0.06256371218583548,7.708872844224207,19.7405406237573,-0.5962542614911904,-0.9464283600499638,-0.08829733691155082,-0.05146262816336645
79.01580005118942,26.51134708250926,24.065932758205996,17.838891256568967,-0.09611762765054577,0.07377549538760725,0.061462734253458266,7.695288414236076,19.72630837736223,-0.5945475617980273,-0.945639971312167,-0.09729335748493532,-0.05109194142015211
79.21588841553633,26.49052062580843,24.076884795563586,17.812664414908948,-0.09474107115058945,0.07475873015759517,0.056439153550508527,7.427228886902664,19.676593302908586,-0.593084061346466,-0.9633174119800902,-0.14457936996254583,-0.04980835895099912
79.41597684879588,26.55526601588589,24.115003069757,17.93740107368384,-0.0902021783701231,0.07297291244685254,0.0638155279752824,7.233521951743314,19.72444098288635,-0.6207104061759473,-0.9357629913284338,-0.1463059851018964,-0.052536886824045566
79.6160653391131,26.538992478795567,24.13066410988598,17.958513167630663,-0.09039212081808405,0.07277006401185397,0.06487920310814711,7.0672680605551825,19.698672074221275,-0.6339195562540427,-0.9066979411405132,-0.17832792572607017,-0.05357061560937829
79.8161538797179,26.51856315873779,24.144089887535333,17.962758445935126,-0.09022994247522584,0.0729807140640118,0.06373628741091023,6.8672420068457924,19.649182140291426,-0.6417468477060468,-0.8946317412194211,-0.21753905392428727,-0.05371010859476328
80.0,26.43525785338958,24.20661663240835,18.308899739917706,-0.09596309475049353,0.07626387507172232,0.08055071954322646,6.618439889852616,19.65413454763218,-0.3233313437112989,-0.883969796876034,-0.24490222677970522,-0.034551589984452
80.01624246874835,26.391302664710015,24.203288892667484,18.24282968780657,-0.09787079855976927,0.0779083579848867,0.07519294992880095,6.587145808265303,19.59164979899869,-0.31139459424080124,-0.895223479037586,-0.27596022744847337,-0.03271170006821138
80.2163311090697,26.366023367691092,24.21651906460862,18.234428488571258,-0.09748037886915228,0.07843117393753318,0.07256879260102064,6.372510032286135,19.520028749235795,-0.31186144018938866,-0.8924814248018241,-0.31614921359765047,-0.03203659053444955
80.4164198080892,26.366350681160466,24.234703766321278,18.25916418108388,-0.09567368433104381,0.07838441974943175,0.07220410131402133,6.150822390886279,19.467691861938548,-0.31758906234046486,-0.8898642073575883,-0.3437818019478459,-0.03229888751054743
80.61650857756692,26.32560729725351,24.24483335642378,18.23779197375407,-0.09638645794253968,0.07900245071615017,0.0690812104484965,5.947078002556938,19.370583345032394,-0.3163844914958287,-0.88372135478071,-0.3880564218351987,-0.03137828461727656
80.81659743342307,26.225916372668813,24.24046791159586,18.146985541748297,-0.10046050442213214,0.08034208820219144,0.06150920832367934,5.761890087753435,19.20691232377367,-0.30341886862661377,-0.8762430280060145,-0.45750326616942416,-0.02909432474581354
81.0,26.17936749461332,24.51373873066574,18.10859349392702,-0.1026105699542966,0.10270774003308025,0.0589160686256107,5.594348630472852,19.398990036724978,-0.34563499278102355,-0.8574469706027695,-0.4574240509771525,-0.03140911274928592
81.01668639554167,26.184421368846426,24.5142206637885,18.10386694000236,-0.10159615221393485,0.10276871073979353,0.05779917508503165,5.548567481427101,19.396761126320257,-0.34377414073539936,-0.8701571184040044,-0.45698535403739926,-0.031196585360154853
81.21677548757108,26.086908854221107,24.526117819069242,18.041062377893837,-0.10671962159875945,0.10406717168675368,0.05384158500003556,5.433336564310601,19.240544430386763,-0.34058545789499667,-0.8314562975473677,-0.5205894344577563,-0.030197108193713944
81.41686473672115,25.981605322336495,24.53008267761539,17.93551047297003,-0.11030041105528124,0.10590025982604917,0.04502539596177281,5.223396946360118,19.074973089561322,-0.325903459493384,-0.8383210285193741,-0.5806348160823984,-0.027753113859909632
81.61695417355762,25.99414595625706,24.559641699292715,17.9971715424913,-0.10924219133245451,0.10509574853388151,0.0493368690203317,5.103619735384635,18.972765813112122,-0.34170021337901185,-0.7954702639247166,-0.6085920671738719,-0.02914305977224023
81.81704383179354,26.006114091887977,24.58828622001763,18.05766722961645,-0.10817468525712481,0.10430867960916149,0.053729911307110766,4.993870557150403,18.87468178240549,-0.3584835975448418,-0.7511921394019627,-0.6311956688695785,-0.03056375199254443
82.0,26.0585683244312,24.46128482661593,17.77631715682448,-0.09853069366176057,0.09402163614946073,0.03500360848498146,5.232583762407331,18.677021637824254,-0.43757717371321925,-0.6747627291531731,-0.6623607609049315,-0.033386805311065186
82.017133748078,26.117726561627205,24.46871308501175,17.863527108985608,-0.09595368409759328,0.09228981808030512,0.041939258910797673,5.249007654703566,18.71565847343385,-0.4539846331713178,-0.6538924841205019,-0.640318941567127,-0.03561829216431463
82.21722396178245,25.984357758986686,24.477922775565904,17.744781453758165,-0.10255676806125134,0.09470087969988991,0.03290631168360017,5.152774439973268,18.4812708966499,-0.4394343958821743,-0.6251410560765296,-0.7220392316882588,-0.032657243640968545
82.41731451478462,26.034996593716173,24.50699335478201,17.84170962119027,-0.09921545595550701,0.0932676935768892,0.039898683482938756,5.050061920924032,18.390525190865443,-0.4628684205826376,-0.5851939935998435,-0.7272573362629026,-0.03534324216095543
82.61740545125028,25.95608656438914,24.518184393897876,17.771807261662357,-0.10203836043781205,0.09453433455299176,0.03311391291614355,4.9168469147740606,18.16786000790174,-0.45252020450230124,-0.5726027630115944,-0.7922110553850147,-0.032725610847896235
82.81749681741319,26.01859063573123,24.55435399049871,17.847220320206354,-0.09637686294655769,0.09432412770839951,0.03551811196034494,4.7048794795502715,18.031436606467576,-0.4646017497571794,-0.5806925758411506,-0.8113232700365763,-0.03392975216374152
83.0,25.82042422099309,24.74200435434786,18.08469998746149,-0.10782952978169227,0.11108349930135283,0.04779574428041604,4.582954472302754,18.11255223274851,-0.10417137642592766,-0.5555817285284967,-0.8064796032882876,-0.011358747819771399
83.0175886613533,25.930646719858423,24.754224156997832,18.153789820961645,-0.09920073045436596,0.11014071251985878,0.04930894520862296,4.439276660608682,18.14242157878035,-0.10751495064397819,-0.6071186305565888,-0.7852944105584361,-0.012031389151936175
83.21768103277371,25.942549177489447,24.77593380441677,18.168968695090694,-0.09569040279122641,0.10999544496977244,0.048334664960310705,4.227997014652157,18.01161934379974,-0.10805530696659955,-0.6223086349812179,-0.7981180837567631,-0.01202854505647018
83.41777398277628,25.921148149573686,24.798124030875947,18.176606303938325,-0.09588678309764237,0.11005040673381637,0.04813874882122714,4.109507411723802,17.84435444475648,-0.10988746601211546,-0.5979440970835317,-0.8273700233970606,-0.011932441465266458
83.61786756363679,25.848920418704804,24.817695645145214,18.1122241500071,-0.0985871058893407,0.11147087641832724,0.04033251885370767,3.977037126236651,17.5747806554433,-0.09132344582974658,-0.5862939638496504,-0.9014398035264117,-0.009330151872520493
83.8179618285794,25.780888418766764,24.83210530528342,18.06819708631822,-0.10137327837316369,0.11199159572102281,0.036258906008229376,3.8798120993118785,17.34491272292569,-0.08238738655646559,-0.5600402920697717,-0.950996041101018,-0.007656236830586598
84.0,25.64210443975882,24.916238369084247,17.93891805883717,-0.10301809556019792,0.12140683468304686,0.025828637723949388,4.158568340840805,17.402492834134048,0.14074184835212988,-0.47844596280684903,-0.9303507918114592,0.007941981335635562
84.01805683155129,25.66437886654077,24.920827575911897,17.97241688812616,-0.10212037334521111,0.120864794689102,0.028602042074658423,4.16490918869301,17.400764558909444,0.13453624498232555,-0.46744004236997716,-0.9246507010453084,0.007228200644385833
84.21815262699764,25.713394923603364,24.95052934312154,18.041031345193893,-0.09763885436698043,0.11987847039196162,0.032897308482996046,4.029619048082356,17.262572344648536,0.12555333953274667,-0.45683220369374167,-0.9240689167311719,0.005734366956819958
84.41824926963724,25.685553816089072,24.974090131674764,18.043247871031166,-0.09843586198427483,0.11993883493765756,0.03272163203952033,3.959751189090258,17.06650101268014,0.1272574139154913,-0.4243311622635267,-0.9517152797696721,0.005700020888378886
84.61834681423976,25.653065865275774,24.992918028958936,18.075009483127744,-0.10137110625177537,0.11894926412805756,0.03776830847492833,4.019307132155539,16.898444350798002,0.11522760203949285,-0.34053107485025236,-0.9633199366003993,0.004133016951618396
84.81844531540436,25.68760725897249,25.03048710175987,18.111696969296812,-0.09701113619233061,0.11944867278888324,0.0369890338192314,3.840160709569205,16.693717210841093,0.11905978270110129,-0.3549484661716028,-0.9878343563171826,0.004633199911686645
85.0,25.518191946881096,25.208804290769528,17.59397695053047,-0.10188688017098985,0.13744847353585396,0.01207706084174403,3.9373635913970646,16.800647205177725,-0.18729884625595145,-0.30898094151298333,-0.9592719055989636,-0.013093369247735642
85.0185448273409,25.54916305135882,25.218267063628222,17.591852056733675,-0.09848383778035795,0.13792079161005497,0.009481745135567083,3.8494398201113227,16.773803327795786,-0.18097384405764758,-0.34218004371702815,-0.9649936470944254,-0.01232503658773768
85.21864540365387,25.535919480580834,25.24322804541413,17.612567166657872,-0.09852474773513623,0.13732576754248896,0.012100634295557834,3.8066360247541815,16.603489510946257,-0.1901714478160828,-0.3054103302819457,-0.9713410612710858,-0.013317913515062453
85.41874709712941,25.49306317375837,25.281002138456635,17.56831512579469,-0.10003984363274,0.13914665335516357,0.004640547933911071,3.738653225708019,16.29701552807584,-0.1719651716621143,-0.2850241541579516,-1.0422083607294266,-0.010195989430832109
85.61884995952664,25.504780651930822,25.314050488697404,17.594123025507656,-0.09773225741335453,0.13901649650083775,0.006180002729914202,3.6444348855622932,16.107849080567426,-0.17799630717121845,-0.2723151294402105,-1.0503617232729743,-0.010479221665646977
85.81895404137309,25.49363758691356,25.343357477946718,17.602416311319022,-0.09707296669611881,0.13898410644689346,0.0067191593467301565,3.579146827312137,15.904800897093386,-0.18154481481187837,-0.25020917783174706,-1.0636986533478452,-0.010040310962872894
86.0,25.6046757417422,25.290880110281726,17.952763621607968,-0.0939185513170407,0.12879517457154963,0.024457126063543302,3.3368738223852508,15.486337544150057,-0.06134607918579109,-0.25456988437043476,-1.11971884107661,-0.003705962054851777
86.0190593917652,25.579626352368145,25.299709093111602,17.883012543826418,-0.09324537940075249,0.13068410650390852,0.015415814751123465,3.240399965570476,15.402802463028499,-0.03925700746929875,-0.29569648260421444,-1.1536716064785495,-0.0007874196309409992
86.21916605817455,25.50414376236611,25.323379559626655,17.868569484059083,-0.0992527383045427,0.13108999875429692,0.01535933433143834,3.327322097154972,15.124764887869437,-0.03853963086551519,-0.2116708652773731,-1.1952200200072167,-0.0003270920372727714
86.41927408625992,25.518878824090443,25.358674250136257,17.878363524715798,-0.09594984058354626,0.1316016606583532,0.013687757011300181,3.198557821648881,14.875587585722156,-0.03393956624251331,-0.21991941579864177,-1.2163331759789457,0.00027800232234398935
86.61938351968612,25.47003228948533,25.379920604453293,17.850849617600517,-0.09753241198136078,0.13186106204721804,0.01113232255599898,3.1620720686595796,14.609099868626393,-0.027332424000089922,-0.1932166360068646,-1.2448951271339277,0.0011447845872252134
86.81949439995003,25.421858549371454,25.397035958285326,17.849612415521662,-0.10086091777669884,0.13120116767698917,0.013037249437331904,3.2493514786407798,14.364800719664482,-0.032295887239797615,-0.11934071235302457,-1.260122300735976,0.0009917793218355505
87.0,25.80645027555531,25.28580486223806,18.261846079298866,-0.08552728439938415,0.11199532474850846,0.03262295120954034,2.922367910143589,13.63882513441146,-0.1250364846965652,-0.13822947217082382,-1.3659864632334713,-0.006323902891803106
87.01960676621415,25.818457881381825,25.295634646996767,18.23515291198557,-0.08294561320749141,0.11303562829783334,0.027580506192870537,2.8297425819016593,13.58277154548123,-0.11265094777539314,-0.17541536853579417,-1.382139078425296,-0.004800085336480464
87.21972065514845,25.872369707122488,25.332429019298498,18.26438171549674,-0.07667308670121784,0.11343220782894863,0.026600561924707753,2.66035786720204,13.312214482458884,-0.11086454574769633,-0.20405531250938652,-1.3936317642759863,-0.004800311039569181
87.4198361007806,25.879273085791848,25.359836501609603,18.31087999010302,-0.07701579506763255,0.11300386137401625,0.03083683268055888,2.6939329395153453,13.045235506323296,-0.1220216433555027,-0.14740039178359393,-1.4032138363315372,-0.0061201853825178475
87.6199531343553,25.870853731626386,25.384811089591988,18.312772412634512,-0.07585903004182915,0.11325301031031891,0.029710679716047995,2.620409515243676,12.759160523966706,-0.12035485212111625,-0.1391090170626282,-1.4202360923920914,-0.005796238225684952
87.82007178420301,25.851463151228984,25.405877119276596,18.321568127041697,-0.07670013472811765,0.11308044416333617,0.030415891802324672,2.6336514517744036,12.474144585334486,-0.1232656851100015,-0.09802037379824811,-1.4348772203926683,-0.005739738219950526
88.0,25.70033144671236,25.465748730442705,18.39695634217652,-0.08605672451850775,0.11763736161845526,0.037453244886893305,2.45384805168294,12.249914985901142,-0.058535745169077336,-0.09830193489924159,-1.4459146860968464,-0.0022994213312505433
88.0201920756182,25.550590669628207,25.45613687390074,18.256432739556285,-0.09484917251540598,0.120036350887829,0.024589858232542148,2.5066410374626433,12.110334571979362,-0.027371069578745598,-0.079045912618057,-1.5081619966557551,0.0023370481756952674
88.2203140307478,25.58814585084502,25.492644898288123,18.310372718911953,-0.09177922768601614,0.11992967851598409,0.027997527448813064,2.475171798384096,11.82458981457071,-0.03474839050400701,-0.05631534150477102,-1.5131558410634773,0.00153900986302638
88.42043766848965,25.54223278008903,25.50839997521039,18.315483815164896,-0.09473019398650857,0.11938846442900997,0.02976650457898542,2.5532273177563245,11.528699157109063,-0.039045773389360605,0.006121300887379579,-1.5253051586696622,0.0011567834615039364
88.62056300440153,25.49340162628185,25.529369645215073,18.27170303689753,-0.0952975214296192,0.12025632076738048,0.023628359458116165,2.499927807046478,11.172023983262894,-0.022612845102058816,0.01099762189361704,-1.5630805649436312,0.003681507632933068
88.82069005062066,25.453655846934222,25.546923550925563,18.262989566891385,-0.09675642042686664,0.1200471959407802,0.02310433303967634,2.5353491128787042,10.855900944870946,-0.020623230759613986,0.05044939646968812,-1.5794051857267541,0.004082562983290511
89.0,25.39537774708269,25.596784630420995,18.3207107169318,-0.10295475787235077,0.12193762330038783,0.030550862910984827,2.252938213662721,10.451805983153726,-0.12787302880526621,0.03304635322115554,-1.6211582759145915,-0.004056897342980749
89.02081881579383,25.348341047957106,25.590023654760756,18.277257670064223,-0.1051419596422674,0.1221844729875338,0.02693362915522892,2.256278465792451,10.399018127478575,-0.1196231175669902,0.03516428462713676,-1.6341103209459533,-0.0029474740389241767
89.22094930501844,25.280334247050973,25.601961485529475,18.25260694321642,-0.10823933606303399,0.12193059065990951,0.02551930533333006,2.309287602616058,10.064225031554862,-0.1170910625461047,0.08007327936557047,-1.6535370684811417,-0.0022915317594452396
89.42108151979389,25.18999421223933,25.607741060777446,18.197475386206783,-0.11191371698566939,0.12182731099549826,0.021026186820673417,2.3523046116183908,9.708625706097758,-0.10678845086834667,0.11675526077719647,-1.6811941836063296,-0.0011268242986234036
89.62121545798387,25.23493999156928,25.65652202516361,18.234921910719045,-0.10701047034254385,0.12296573622980901,0.02100818865401149,2.2725065622392027,9.355837538918262,-0.10613477514410728,0.10813237419383437,-1.6967001315720416,-0.0008407806585347945
89.82135111378908,25.14661038307621,25.66390460928817,18.153925865906476,-0.10904054306562029,0.12352359843753764,0.012015534731216138,2.2261104221610175,8.952913966897551,-0.08278020527309038,0.10775533043122618,-1.7385538870087958,0.0023516215502531693
90.0,25.03482703442079,25.697017300887456,18.189795848942886,-0.11506097924968933,0.12527274509339284,0.01617445011693989,2.136741809660752,8.646964966234863,-0.05128828400055919,0.11669374772707897,-1.7512712755248976,0.003752070160186665
90.02148847773033,25.022423659562286,25.694866745720695,18.149356311067013,-0.11363965863624863,0.12559746884908773,0.011483966771251273,2.0622075876407213,8.594384418530687,-0.04054141167497653,0.08581337473503577,-1.7605035515770362,0.005061744422986729
90.22162753664186,25.069027844677844,25.74034259057781,18.214306696534447,-0.11011726311961519,0.12576850125082603,0.01635541102827942,2.0660742126039664,8.26260627532455,-0.05085707014106963,0.10884284542509143,-1.757954212145394,0.003937678982613732
90.42176827367446,25.04680441009999,25.763649238896196,18.199038952966752,-0.10867385884429101,0.1259237119105008,0.014143881535559118,2.0215686658108214,7.905284589502107,-0.045044578101699526,0.10838735329240559,-1.7700480332148085,0.004661962797629307
90.62191066830842,25.09719933613492,25.806503576143104,18.254757130117316,-0.10282441429336395,0.12589863217991407,0.019111555055472695,1.923790411956262,7.602191644539443,-0.0580648522552817,0.09013185672721659,-1.752025719853832,0.0025971558133449754
90.82205469637567,25.12074692039726,25.84757382549699,18.317502190506172,-0.10232101719059891,0.1258617893663235,0.024808881704811565,2.028329184464722,7.276190779079249,-0.07147211799596134,0.14878210279416082,-1.7457315764405228,0.0016294718187313821
91.0,25.224296824328157,25.8596106068591,18.229960658629302,-0.09342526870410316,0.12428861557450856,0.0160506230618987,2.2691635744221803,7.013797484557616,-0.11790963540691878,0.20456337381920434,-1.7365384904307668,0.0005186243997223343
91.02220033009101,25.23330250841097,25.858944517138163,18.214164052835994,-0.0909163768922615,0.12416055795397028,0.014151488246517765,2.1962610210797724,6.979569693051892,-0.11414431420359986,0.1746686610635449,-1.734582028758775,0.0007485155284086212
91.22234753809194,25.22981350974287,25.885970028377148,18.242252381732676,-0.09056315577632856,0.12375947382693328,0.01727743359542658,2.2514999392346944,6.653601708384101,-0.12168603420275653,0.20895428784359393,-1.7277503238689462,0.00011660372903107602
91.42249628548647,25.208792131128867,25.906961730173958,18.224347015984538,-0.08920226894893825,0.12384111173742612,0.014909315758656195,2.2265021009901242,6.302083964934712,-0.11640097940290922,0.207902680270191,-1.7331112839779965,0.0008517152616373958
91.6226465339091,25.178518652304323,25.930729104877464,18.200222183581563,-0.08932193504520398,0.12440504103737642,0.011027372930630995,2.2402468350046716,5.921472031661061,-0.10597549270876178,0.22187049350862828,-1.7501403248118532,0.00253296291200328
91.82279824158371,25.147754985138615,25.94655709478529,18.177542545236925,-0.08799146337385168,0.1241654657894147,0.009230502826734753,2.1893435231946534,5.578282737969134,-0.10228894531790625,0.21118070224768648,-1.7494138753185267,0.0027475234677104125
92.0,25.180563056231048,25.98414483214267,17.972250619024603,-0.08485405665061885,0.12522708264778268,-0.0007877376346344823,2.2330248890212063,5.243355661136797,-0.34770742043978486,0.23352132706258227,-1.7558882358622798,-0.011977614541251066
92.02295136339359,25.128788665091665,25.97923632235974,17.8868687273571,-0.08622963764891214,0.12658243282037207,-0.011360039522601754,2.1933827796668,5.135305130934391,-0.32262284346017445,0.21549466245895554,-1.7908958556007133,-0.008742825985514078
92.22310585095778,25.06786659574712,25.9813217339619,17.813460090001872,-0.08619175031911952,0.1262624015604046,-0.018249882504104493,2.1557785419891564,4.755576068397635,-0.30890157411069824,0.20456893300028184,-1.8050854192314567,-0.007081559431763617
92.42326165271326,24.954461996217496,25.969010839967122,17.688655618272158,-0.08941741216282237,0.1261702759083754,-0.030743426336552894,2.145360168179774,4.327647184319191,-0.2799096805755604,0.20461747916955061,-1.841654921345723,-0.0033475113779502835
92.62341871400268,24.94859803057836,25.991175890124133,17.687923979484776,-0.08721920199584997,0.1256546751168382,-0.02909204853607991,2.1141993964460974,3.989385766426206,-0.28624260115240996,0.19992203398709377,-1.8292362652182867,-0.004061702353963435
92.82357697716692,24.904831144468613,26.011250739966723,17.651643557221984,-0.08950156252387427,0.1261097019497489,-0.03364116835816037,2.2051426682732247,3.5745730510500024,-0.27381320683764054,0.2400894854029175,-1.8516586283378829,-0.0021903158307897738
93.0,24.529583215075704,26.006428881229194,17.399243224990446,-0.1056008842280741,0.1298436932789602,-0.041042782686375213,2.1687272742543793,3.521756588055371,-0.307228594890836,0.2463713818312291,-1.8068570373785349,-0.003920777015327967
93.02373638164222,24.62846803172911,26.04809928077068,17.506193410104718,-0.10094676176354404,0.1301903000310556,-0.030630710412899415,2.1680240469110985,3.5270995038004007,-0.3314519919745145,0.2487657609607285,-1.7771272953805264,-0.007164794550169702
93.22389686406137,24.549205606306824,26.01913099909867,17.37429444413077,-0.0979482292388816,0.1284357808945948,-0.04200180226198863,1.9931385179914334,3.1619955533019675,-0.3091391181419126,0.17722888348054366,-1.7830148720686811,-0.004894698627897344
93.42405835835821,24.491995182167763,26.026960538483323,17.318996103549214,-0.09917846394146432,0.1281826643173834,-0.04675254180824619,2.010793565586682,2.7826256676302594,-0.2987021782801477,0.18876264325933953,-1.7920994559232317,-0.0036028166507933
93.62422079587546,24.488780969571618,26.048048116868927,17.33024199399872,-0.09699369797346302,0.12717032550786,-0.04256875645575589,1.9917126102026812,2.4772754213572874,-0.31183301893414966,0.18640188733378543,-1.7647978060594867,-0.005541186584044144
93.8243841054751,24.43787971822296,26.057867624842043,17.280115126362457,-0.0979205172700155,0.12700216947805562,-0.0471383229777939,2.0044018560508983,2.0968638948356806,-0.3013100133721324,0.1951395928202294,-1.772518742676496,-0.004151760192537238
94.0,24.868808305922514,26.18727198814157,17.69861974025109,-0.08352751140886275,0.1253079019487355,-0.02538334903109461,1.7474603478631474,1.081942374239146,-0.3921106368841092,0.1702075836678575,-1.8980252124519026,-0.011979513048851573
94.024548213651,24.904164683761277,26.188300567008945,17.735149674083708,-0.08041230639114742,0.12402806277405302,-0.019931266734795963,1.7030624677657675,1.0866013273977646,-0.40646210862052157,0.15259210064380593,-1.8718708780138704,-0.01414288763818804
94.22471304464337,24.88220218487059,26.223005613196907,17.72283716180875,-0.08159736131392986,0.12510534459593103,-0.022314432351527337,1.766444453218739,0.6796941025559465,-0.4024331169343578,0.18300994376940194,-1.8814803403508162,-0.012707880095869014
94.42487852055464,24.825966542265842,26.251518754389938,17.665824886020516,-0.08512390779952855,0.1269144015195522,-0.031017392329420013,1.868759463463207,0.21389443353357682,-0.3812310231528768,0.22640486463087367,-1.9169389124783789,-0.009040235275894176
94.62504456146648,24.804676729345015,26.256319560261062,17.632194050002965,-0.08219987287453905,0.12577027042219374,-0.032450342817571115,1.769677255836219,-0.14550474284273446,-0.38197485531250935,0.19008737242012705,-1.9018372549517102,-0.00942208820296224
94.82521108555744,24.797101531911462,26.286844677561632,17.637447402006554,-0.08197095203355109,0.12588033027074874,-0.031203696427154915,1.8180331437015669,-0.5189248209954662,-0.38697552669931873,0.21170378226232772,-1.8919650152567882,-0.009836864443303884
95.0,25.255972620513848,26.45439996753253,17.74773254509783,-0.06413605729615082,0.12719733037598652,-0.02483006134261754,1.628490057381554,-1.5418646754177403,-0.7716105566145341,0.19272700988396174,-2.0143879107629403,-0.0356121700305391
95.02537800922114,25.26939881720819,26.463723515566084,17.766049700920053,-0.06346749506799425,0.12716580636561284,-0.02268290934587695,1.633401549616642,-1.581018293250274,-0.777554878870654,0.19521237938130387,-2.007307514775358,-0.03631135506471897
95.22554524718443,25.31309408335044,26.506116388561654,17.832396482677108,-0.060413664818213565,0.1265191492201666,-0.013776765314942912,1.6548346471221032,-1.9186556112621775,-0.8069112931488591,0.20636959614212427,-1.9694422118290387,-0.03964449645910327
95.42571271262543,25.318359896220645,26.543463021796853,17.86839469375586,-0.06059006272921086,0.12651239086492985,-0.009024036557393807,1.7440973953595786,-2.2862229513695853,-0.8262590893259817,0.2430542726134757,-1.9490176746397474,-0.041550541344984135
95.6258803172911,25.30626844643232,26.5758136799503,17.874957702550805,-0.06155706537064731,0.12691932257471272,-0.00852785687581395,1.841314480672358,-2.682936360406463,-0.8350747941951308,0.27988729355840863,-1.9427331981250966,-0.041570612807695716
95.8260479716142,25.28944042089959,26.60544757087852,17.877016017828655,-0.06287563252421988,0.1272441853202888,-0.008532906141769632,1.9588575392587206,-3.08199406565551,-0.8424714884118158,0.3219649301600999,-1.9379466662820732,-0.04147044215973283
96.0,24.054121885906646,26.46193459648183,17.918897630554337,-0.13005744264902497,0.13019119936460116,0.01812406824956904,0.9594701644563048,-3.196744761485548,-0.5578649607908239,0.18194552086873286,-1.9263117297107408,-0.028464253066821474
96.0262155848292,24.04187439888971,26.474061600234275,17.955332546277138,-0.1326081464018735,0.13023599359631696,0.02299247100132485,1.0543476817269246,-3.2322426477486705,-0.5692843099880598,0.22220102462785027,-1.91844421668284,-0.02960179862244888
96.2263830650873,24.00695494161324,26.498070517196467,17.968302129035614,-0.13370130414577444,0.12997760512792936,0.02455782455835413,1.1359773144833896,-3.6068693474448628,-0.5788365872608111,0.25550408811610764,-1.9044854834678,-0.03004026354639865
96.4265503195699,23.977814905203342,26.516777216995074,18.001591444781827,-0.1344323610363657,0.12879259756564027,0.029780037666560642,1.2307312965065476,-3.941852101183946,-0.5980645279319146,0.2913529480245806,-1.874061850258229,-0.031604793937759
96.6267172546009,23.95344233124119,26.528292311472917,18.041551502308415,-0.13420933661688297,0.12685000125165463,0.036738821889377424,1.3043579600529,-4.240171890578107,-0.6231397965132659,0.3163915801949117,-1.8302965933558915,-0.034133840977082636
96.82688377575724,23.95964868765934,26.595699896168224,18.022809177502143,-0.13219584253586134,0.13049482295741324,0.027950408909297793,1.2961771568793887,-4.719074358595965,-0.6054507077709177,0.3102769486351517,-1.8559381354318707,-0.031017005703023764
97.0,23.930751581000717,26.560438714583388,17.695589012984918,-0.12700421328248407,0.12970370417333557,0.00612565738989284,1.7050212258708888,-4.630123344951111,-0.7213164035285171,0.3800885728475335,-1.761570065919965,-0.0351546005062392
97.02704978797773,23.925599823674663,26.575859701444205,17.661428628714344,-0.12682077743741962,0.1313981732602873,-6.44008275190091e-05,1.693590660076832,-4.727845265548532,-0.7071989487764152,0.3737942013319074,-1.7810884661199962,-0.03320598614247915
97.22721519567027,23.868031178675402,26.600007546259924,17.6160272804238,-0.12890154798776426,0.13256273924936865,-0.006639870764976432,1.7950202028360471,-5.1400774911864024,-0.6973338336769392,0.4036826708420889,-1.7903525884539897,-0.030511200519610288
97.4273799028168,23.859242513289423,26.64477162098139,17.559654345299734,-0.12643826139422987,0.135022771595314,-0.017097467080149767,1.7687910947226824,-5.583452854580512,-0.6772968590116755,0.3815084155901837,-1.8074517439054287,-0.027431994886915154
97.62754381307663,23.82106223298388,26.66442140643303,17.473337330979124,-0.1250424393622213,0.1364348581461676,-0.029791652565516278,1.7248111277869662,-6.040619451966209,-0.6510192966120177,0.3539228500201147,-1.8293796477222533,-0.02421751591468828
97.82770682988746,23.852505744228225,26.719765793033798,17.522827193909922,-0.12144322327885283,0.13672301598196235,-0.02337723929324162,1.7239293343884823,-6.349739204440218,-0.67298439653643,0.34455064981839156,-1.7871378819357315,-0.026300272077685653
98.0,23.61948536565013,26.720365416148493,17.608923323925342,-0.134827050193506,0.13666006019806412,-0.01251316682136432,1.4602096238512952,-6.798578695781831,-0.6315471967754142,0.31088908982482577,-1.8079411605449038,-0.02532607893662781
98.02786885656442,23.58984729808238,26.729043991156367,17.618717490046,-0.1378651116400852,0.13711143347829113,-0.010922970319579065,1.5517363360569594,-6.85614008859623,-0.6353262834223413,0.347910762113862,-1.809848186533751,-0.02538047956381416
98.22802979639695,23.587358674219292,26.76335239619302,17.625736223167774,-0.13581844915533692,0.13715039869368267,-0.010291361594140496,1.5750988043423526,-7.206354730889598,-0.642155674466174,0.3462261738538504,-1.7861859653650234,-0.025970913154484618
98.42818955274346,23.538244960390124,26.78107037701462,17.577164965399813,-0.1365032196063679,0.1376948346744587,-0.016726470796715628,1.6296179906251858,-7.610522085136,-0.631504749423259,0.35674468967814843,-1.7888117323682735,-0.02385689051375464
98.62834802912381,23.478867707306936,26.807626275036768,17.592726984696554,-0.14064891164600654,0.13757509933727075,-0.013374724889657907,1.8642924478022207,-7.959861886706705,-0.6435569052884259,0.43524444645353544,-1.770348052101286,-0.024088129240864193
98.82850512930965,23.45597260355215,26.838101041718392,17.594673526752047,-0.14031268885869663,0.13763037293034855,-0.012883131733416285,1.945556074043386,-8.308156398168489,-0.6496702864888128,0.4509235633623372,-1.7491874432634176,-0.023980149963030793
99.0,23.284228062976577,26.80817597524391,17.88965158880761,-0.14930211800968338,0.13538035142961394,0.002859208896097542,1.9364801420222584,-8.540240790505859,-0.28846241491416813,0.4546092263009471,-1.721176312319144,-0.0018532267990916292
99.02866075741242,23.247179194673592,26.795393196882248,17.80508244066425,-0.14992035423730007,0.13637855665206206,-0.008644551791909602,1.9113890385284313,-8.661112281429098,-0.26185262197209497,0.44171586733747675,-1.7514537748073375,0.0014007555119865283
99.22881481796935,23.217393637556302,26.820483704168844,17.78678781356212,-0.14942528498893168,0.13658139781254597,-0.01108818938745956,1.9765462361557802,-9.023950506392175,-0.255773063897026,0.44988376997135027,-1.7377101343468926,0.002689021809288366
99.42896721602706,23.22340237369752,26.866150512701537,17.80118451875692,-0.1468763343425818,0.1371501127227181,-0.010113579654952378,2.0067143092961595,-9.360526167877545,-0.25764782810835934,0.4435163092642337,-1.71054018002507,0.002604998886744428
99.62911785722306,23.14488067888844,26.878055639631636,17.807324726961355,-0.15177014427427576,0.136392367703553,-0.007282072428587559,2.271292591652504,-9.69213974289718,-0.26339049239842294,0.5268812651656223,-1.6894473499913296,0.002590386678797297
99.82926664786523,23.145805231101654,26.92581870059883,17.8465306431137,-0.1502229911198485,0.13658258042643442,-0.0023570703773440945,2.3602606032661284,-9.98776619401363,-0.2754963276713955,0.539220344222914,-1.6492632961163316,0.001116991872194612
100.0,23.591631767792503,27.179861626709307,18.478566717244913,-0.13192455910568388,0.13983919678482276,0.028976546173302024,2.3816478101218315,-11.036363534150881,-0.04594317113211438,0.542834561949293,-1.7623043750593337,0.012791464024891008
100.02941349500888,23.526447260099854,27.15014386582809,18.49053953568694,-0.1367253374245927,0.1378317169553352,0.033606929266181064,2.514036970811823,-11.060834713838805,-0.05658370830974463,0.593935160534551,-1.7518485132835877,0.011754885464747216
100.22955830653213,23.5040170401085,27.18338200687282,18.483119613872013,-0.1361683641130118,0.1385097427157949,0.03098110589021484,2.6130447955414198,-11.429472776703399,-0.04786781640267915,0.6062150148189572,-1.7374992504565125,0.012710385034947695
100.4297009912088,23.4531025177073,27.192459436506198,18.494752901621922,-0.1379330451918194,0.13730648517104013,0.03330108218744853,2.78875119958701,-11.753744825952118,-0.05115315892610954,0.6468942543590229,-1.708925397238119,0.012227911341457695
100.62984145877962,23.39524964485774,27.192379305393167,18.50759665124916,-0.1400895100239116,0.1355189444618233,0.036405662834738214,2.9894595454753117,-12.059516894107782,-0.05672979412425154,0.6942319045771504,-1.6758398512422237,0.011691906819495852
100.8299796200212,23.337025288979426,27.198133405790763,18.484617311911705,-0.1418029168708783,0.13505624675161837,0.03315051286333685,3.1667885896526116,-12.418227939989986,-0.046037826726937264,0.7302169416752925,-1.6643738874083558,0.013272453487045324
101.0,22.41213266206846,26.8472059478286,18.147370461303737,-0.18668197015768434,0.12660414191208905,0.026734962491429634,2.758194218853268,-12.189717340260682,-0.019978644273159405,0.6707047857469878,-1.575356755394058,0.014335372340385118
101.03011538681329,22.350687131843667,26.808616032526146,18.13102523177549,-0.19012019060420707,0.12463090311449541,0.027265088837778336,2.844842809344024,-12.227910005650688,-0.02131087574003104,0.701519082120827,-1.571860260332201,0.014347241323558087
101.230248672204,22.222544803600154,26.767032159268933,18.06968423092545,-0.19515489781571307,0.12251356724533,0.021846838927332295,3.07326600518975,-12.569085170860657,-0.006240743908886237,0.758857983953354,-1.5651138345059195,0.016441104291424348
101.43037939047314,22.12198103208367,26.733593577809835,18.04960438482418,-0.19863137651233653,0.11970700434344386,0.022131819327380467,3.3031285992666852,-12.861628036976732,-0.004364947806376012,0.8122311923731994,-1.537952834613821,0.01653506488521027
101.63050745719386,22.18852058067433,26.863952250335203,18.10637498496788,-0.19286385135963194,0.12472327854464664,0.022945987767349532,3.3382822327867907,-13.194953477772229,-0.0017644085247112652,0.7877850912365753,-1.5134457748600647,0.01660422313534927
101.83063278929251,22.20357350724624,26.933020801527686,18.159090874364594,-0.18982202439699625,0.12604020291870313,0.027572568684211346,3.4279352334879634,-13.464005112068893,-0.010020937857711135,0.7836163748368024,-1.4707043513591231,0.015372292964304353
102.0,21.75288956383244,26.831173844326795,18.322229470706155,-0.21514841726023223,0.12070837484477899,0.05141653559886278,2.8148594269643765,-14.367783706008034,-0.013219465707855468,0.6894556278737622,-1.5901563024063001,0.010077543982988806
102.03075530510668,21.752246882986775,26.841712054211342,18.313686267808407,-0.21464046075431012,0.12135084404718632,0.049426309518277575,2.820238156255701,-14.431314870168986,-0.00822075956427341,0.6860501940272019,-1.592009555792856,0.010669824039368486
102.23087492444175,21.737775086919573,26.867399528730296,18.414467752636316,-0.21351126956370156,0.11897723289342574,0.0631399411907729,2.9729135677997243,-14.640312010780107,-0.038836340619394186,0.7094126039941268,-1.522564535127817,0.006376023403208849
102.43099156862557,21.64835392312046,26.855324784869413,18.421268783046138,-0.21683786981255326,0.11714851259938487,0.06465067522508507,3.209264237285929,-14.925479054107504,-0.04134812303579205,0.7644406274625014,-1.4929445473049219,0.006243752502880947
102.63110516056179,21.632875649932227,26.897556301372532,18.452145181716883,-0.2149237325438654,0.11770838123260559,0.06622727895779512,3.312086287153666,-15.209972432808067,-0.04403647924089796,0.7649042343721947,-1.4588158672902376,0.006230312013274659
102.83121562478155,21.60636820231025,26.950459787348446,18.447097087513004,-0.21396556416462123,0.1199871077383003,0.06140322520233532,3.4297749655067222,-15.558420070690394,-0.03007159579043476,0.7710993589476187,-1.450463509397846,0.007645737664051288
103.0,21.359579289969428,26.83720853200334,18.650694903962638,-0.22517353486101727,0.11570191490652504,0.06883693737592922,3.5603571844890998,-15.415643901850785,0.3612590393296581,0.7871528834796644,-1.3553077273146346,0.03244542185727012
103.03132288749369,21.411277324119066,26.901253070639562,18.62630343194324,-0.22112469397867593,0.11978345871798937,0.06107261549340522,3.4843089166061167,-15.522067952539858,0.3808008331742349,0.7490559052694225,-1.3728053324045653,0.03443099689160158
103.23142687663353,21.372645655447087,26.917659240171314,18.66840552239521,-0.22079943724829432,0.118503227973055,0.06604488389827469,3.6384431645590665,-15.751914971100716,0.37576572301408795,0.767325171783357,-1.3266297319050742,0.033360409562089056
103.43152752191027,21.350702283733487,26.92217597389094,18.740635003922183,-0.2187805690462738,0.1155998926961965,0.07621548550899857,3.751663501447072,-15.915354663445308,0.35695224230891603,0.7675576257729483,-1.2571341799864584,0.030402458071369477
103.63162475485291,21.364603209880542,26.991815086786332,18.73529188087776,-0.21388014004924125,0.11872333341200858,0.07017554467980557,3.7331789349481763,-16.22585234056015,0.37765581955393207,0.719771503303098,-1.2434483553688742,0.032084896082440535
103.83171850885509,21.312112769361967,26.986946464998255,18.777234052741026,-0.21431619460006668,0.11622526037880132,0.07634650980426998,3.9008410468117787,-16.398341301261198,0.3679527343815038,0.7415981496220565,-1.1864049062916033,0.03060121037001231
104.0,21.01390822304953,26.861912245236137,18.3523450041341,-0.2262715147939933,0.11362285649026496,0.05737800985798763,3.871029201128457,-16.397172779573566,0.04686025805091004,0.7303711612762795,-1.130958852044677,0.01120002359819116
104.0318087192184,20.976872660038094,26.887114024429568,18.341281668582077,-0.2297155134292675,0.11554939146093555,0.05447526228623332,3.9818402255389245,-16.47143954015461,0.054823229372169255,0.7683608570307141,-1.1420538647018925,0.01238914272552975
104.23189532319468,20.913034603785498,26.906002409897635,18.348966052062025,-0.23133444509596782,0.11548989254322668,0.05428130152044195,4.181271987232076,-16.700965112381244,0.05805352144101922,0.8011909614930489,-1.1115736823973619,0.01299108787749315
104.43197826002691,20.875797894005107,26.906850096699852,18.388200314753078,-0.23003680002611937,0.11330796082386983,0.059864442575502025,4.308367748647079,-16.86119165269822,0.04648219790000743,0.80284175214105,-1.0553170766841984,0.011446296361339293
104.63205747098911,20.85174395913006,26.987789385354482,18.369606974710024,-0.229305250296752,0.11761309541557667,0.05180153613526405,4.446688917165671,-17.165457127912187,0.06966535802600844,0.8091315298966701,-1.053720174701579,0.014065853724348713
104.83213289942509,20.77029550443747,26.9653925884328,18.407794160935477,-0.23215482679851765,0.11416933652410693,0.058760098306183194,4.725310752259221,-17.28788731803641,0.05496132455689254,0.8648869772267952,-0.9927338495119719,0.01227217782370307
105.0,20.767841891171127,27.0122285927993,18.28664884541106,-0.2297229880440279,0.11541233966849639,0.053247195348139695,4.86631702185053,-17.54475283971589,-0.11954162993476555,0.8770094569311775,-0.9816532125262787,0.001230838188108872
105.03220449078606,20.806446348317163,27.02990983699552,18.31603100086074,-0.22602973821744318,0.11525606750067396,0.056505797914228245,4.8136436921420875,-17.548921258807592,-0.1273275560959394,0.8462455289588418,-0.9624319440850537,0.0001125356573535843
105.23227219266725,20.758413163532744,27.043448429323604,18.332682494665356,-0.22608230964493758,0.11455085023919857,0.057815779973417095,4.986140500561388,-17.72454620037731,-0.1305320659148072,0.8611300887020445,-0.9221759993686697,-1.4918175519305194e-05
105.43233595484352,20.755887689579684,27.10619914734268,18.33958479489917,-0.2228303486149472,0.11688471885071779,0.0549649811526871,5.062403564254786,-17.938121444122455,-0.12379949391250977,0.8379390034466078,-0.8956230738633038,0.0003847384462727288
105.63239572930394,20.701611836947734,27.082203325488795,18.374645763240835,-0.22257604552514398,0.11341691708061555,0.06125805662087188,5.2209090791242065,-18.036521668398247,-0.14018173844002116,0.8460266813369861,-0.8327379699617965,-0.0018190414693928243
105.8324514702855,20.663044982441193,27.126634230513073,18.380363235233816,-0.22260898271365762,0.11487759315962792,0.05903509691272266,5.396034155811435,-18.23078497753812,-0.13453332821594682,0.8603951350028645,-0.8060086462747059,-0.001160848252239396
106.0,20.716511638356412,27.21132043315495,18.214833986226118,-0.2169684180398346,0.11727921776895005,0.05227287576272836,5.544287969310081,-18.579603623924086,-0.40981228721745466,0.8712098047070365,-0.8161055929752561,-0.019092652355831356
106.03250313430588,20.745180274169268,27.337180188608464,18.153295598484963,-0.2162786556250273,0.12605958337914305,0.03675078773312114,5.5503963863623875,-18.753677965987645,-0.373190825730987,0.864576078215045,-0.8654321748858345,-0.014611049793698157
106.23255068019543,20.69374378937734,27.39680639625018,18.113099882096645,-0.2175109980615006,0.12943631263062325,0.02787667647176975,5.746859271174739,-19.006983424235532,-0.35455994648789496,0.8854925166454501,-0.863147340115248,-0.011649234124920117
106.43259406912806,20.681418345801134,27.45219051675335,18.10402429949358,-0.2149120552406795,0.1314688238628139,0.024144246991960563,5.841671365672539,-19.214636698642284,-0.3481500595466591,0.8655712235470383,-0.841735986703738,-0.010746546049283608
106.63263326465164,20.67450296837951,27.466975820432857,18.16576207001212,-0.2113938596785317,0.1290732189982726,0.033574936150952,5.912174055957698,-19.282014043354827,-0.3745955975315372,0.8361257373561168,-0.7709911978164735,-0.013724632618698301
106.83266823271742,20.63668150934768,27.469847771975456,18.187495517202965,-0.21027289059703572,0.1272999606421862,0.03716378148756352,6.0363327956994635,-19.386197099239535,-0.3871120164000236,0.828408045044883,-0.7195838752543793,-0.014688470886402386
107.0,20.26305111090823,27.252806834714228,18.278209479416542,-0.22851391535223448,0.11814100294988004,0.04941971268518467,5.773616541067131,-19.772369379300844,-0.2854150880164681,0.7754669705658837,-0.7525156366044662,-0.011077001280036398
107.03269894170879,20.25192853613695,27.234395919397972,18.301780507100545,-0.22852471775545294,0.11625536450999206,0.05374411628316497,5.804178413038639,-19.758812326789457,-0.2959327046542543,0.7784641867883152,-0.7324106749977504,-0.012310204734108297
107.23272536246922,20.21612084830752,27.292801793619958,18.28664507309653,-0.22819420325565426,0.11898289025607041,0.048164639871969034,5.946399680793085,-19.957045505529315,-0.2849760733104064,0.7802775064397983,-0.7180569442862031,-0.011008714223461585
107.43274746832967,20.151252884410273,27.328305304109364,18.292039241595745,-0.2305502820377025,0.11983871728445028,0.04694800377352924,6.1778248820896575,-20.11523160930437,-0.28352719511010266,0.8154275367421578,-0.6915312097994778,-0.010612333671010367
107.63276523513517,20.142513450869348,27.35860769754075,18.306721504420008,-0.2266696374965143,0.11997230942605769,0.04751379667616947,6.206782284684536,-20.242841050730096,-0.2881121821397482,0.7720272003206983,-0.6535410767203123,-0.011382606544997145
107.8327786412709,20.06611554342545,27.36983080857366,18.35043169260704,-0.23047117147156637,0.11821042569297875,0.05332809405666267,6.526677658753712,-20.305646836779857,-0.30366392612791343,0.8364113650008802,-0.5995706972888782,-0.012666528682476823
108.0,19.785050896488634,27.24761031072826,17.904204106108345,-0.2435022294213614,0.1167072203433528,0.028697142820548367,6.569821255920938,-19.93320081084742,-0.5854110369425362,0.8287991915771112,-0.48863222744633295,-0.02766378743998555
108.03278766768763,19.79104172167087,27.260525588953602,17.90631549864314,-0.24237895881093308,0.11712847242477695,0.028425540360397072,6.5702323239640865,-19.951524831448047,-0.5857600561651326,0.8190452616997764,-0.483034169508246,-0.0276811541770744
108.23279229792655,19.71877589584006,27.183367505306702,17.966309528015355,-0.2427078613788512,0.10992495784457439,0.04118949628172415,6.753141874154002,-19.91080901506317,-0.6222561998688424,0.831421066788761,-0.39891088276339287,-0.03156297693249037
108.43279251814364,19.645644588818467,27.16843539656503,17.97924450076839,-0.24430111144487063,0.10777130981871766,0.043625432588448684,6.96775699934533,-19.955818004050784,-0.6345622458053938,0.8556762618676279,-0.35156182027559046,-0.032690465877307805
108.63278831713342,19.560002204785214,27.154675800122437,17.9824181118877,-0.24719993902614437,0.10602949835380909,0.044413149937001975,7.235238730126095,-20.006533315179233,-0.6427229057387946,0.8975475089328517,-0.3108426487309501,-0.03308739189024187
108.83277968635228,19.52236044451254,27.1939386857328,17.99353278597348,-0.24644293029851363,0.10695947892692009,0.04391020311462774,7.38890592569114,-20.076049173269983,-0.6481098532657181,0.894904330830768,-0.27596847333833746,-0.0331187948941559
109.0,19.075308995413806,26.958484505607082,17.848141735635114,-0.27093669905295187,0.10139091686198877,0.0307403977109212,7.366807965793097,-19.28775363959357,-0.4736981624442177,0.8752727374786521,-0.09493209088677604,-0.018575734936473173
109.03276661994137,19.067316058270002,26.965369649673367,17.84843417341784,-0.2709331829659896,0.10160770012226412,0.03047690065933391,7.395398903114541,-19.29367886146036,-0.4736672536558797,0.8761850085689917,-0.08945501311290384,-0.01859704402203536
109.23274911474903,18.98013615261193,26.957285175944676,17.842927518961062,-0.2733829867620126,0.1004979505189377,0.030056746251224085,7.633585042974165,-19.307837519946457,-0.47637779850817913,0.9062461601190434,-0.05099263960821158,-0.018842932832858334
109.43272717035279,18.898504822524146,26.955315526227594,17.834506289864883,-0.27541545045527166,0.09980021642346495,0.028892457306381205,7.8722951016734966,-19.32185434114407,-0.4772432327703327,0.9344435249899926,-0.015149235499073281,-0.018371239619501847
109.63270078908103,18.888681172932106,27.127393959619948,17.822757046089432,-0.2744796969346759,0.10871957023372429,0.019248063096319074,8.033179955291395,-19.46631570755872,-0.455817407698516,0.9312659650441033,-0.022590784040003354,-0.015801941242233213
109.83266997603425,18.794719888115456,27.080423239007487,17.815948422025023,-0.2767880522955944,0.10530620032831832,0.020755702005493537,8.300947003146106,-19.42924808741602,-0.4628905361338162,0.9668387694675654,0.025366037137409113,-0.016187064352848543
110.0,18.964685272347552,27.290039474321855,17.98101727821308,-0.2659020520834099,0.11190389002133586,0.022288206091264674,8.73572045165291,-19.141566805372204,-0.2919704531801088,1.0112392588705286,0.11930406902625282,-0.0035139287041658744
110.03263473910614,18.965362809348736,27.429043081854545,17.91552019302266,-0.26750426482891493,0.12137553907345122,0.006734179022931046,8.79262613471056,-19.297146396152034,-0.2551340456735313,1.0232021348301759,0.06625578584428732,0.0008749352163613072
110.23259508900418,18.81440385894095,27.302868250481133,17.86250577728325,-0.27298171694260775,0.11515538283692657,0.005311208803074094,9.128014366922322,-19.263676926639985,-0.2525804765820755,1.083724098999898,0.10449975134992481,0.0016408644048095645
110.43255103927007,18.734091496574553,27.301580010979038,17.824539580663743,-0.2745379304178239,0.11516718724593838,0.0005364883826085853,9.380092261433736,-19.281491132552844,-0.24100689486394028,1.1070068246397085,0.12517080808718356,0.0029602708819024114
110.63250260629991,18.68383684431329,27.350459257308962,17.808909427616722,-0.2744771982045973,0.11711483892685452,-0.003012459877121519,9.595564774752507,-19.29877023241674,-0.23157339441428576,1.1138045861201824,0.14597246974904354,0.00414514946117351
110.83244980936415,18.667569935967368,27.39589378117412,17.903667010752713,-0.27212813679219433,0.1149395047253911,0.010715562478427924,9.763078965849267,-19.10799739987636,-0.2647668281232779,1.097648204538512,0.23775524788643881,0.000786968729432513
111.0,18.58070705380367,27.35308794392114,18.270924247097163,-0.27515205356045175,0.11112221122008764,0.02815758807955656,9.925930263285615,-19.01280052710224,0.15310039795562397,1.0997184850860973,0.2798170031706499,0.026180274484072855
111.03239267062736,18.59968188547428,27.38231143261209,18.30284555902599,-0.2733275281872348,0.11141405143764146,0.031601974259418485,9.925342169352561,-18.977928671126833,0.14624950135928727,1.08499738845175,0.29694827341113333,0.02521404502280928
111.23233121516779,18.50814904117279,27.31438541879905,18.303908362732102,-0.2749317684919449,0.1067812397158033,0.03470315572847992,10.185908345841513,-18.866138194766243,0.14347205389359308,1.1088854166985935,0.35002512657370016,0.02488539833745984
111.43226547099681,18.456191256816354,27.316061883205865,18.325307434904857,-0.2743290077260845,0.10520620444973565,0.03774261828512197,10.393879541822008,-18.755640341207105,0.14096028833302954,1.1091409331207422,0.39995138056339474,0.024134769075841438
111.63219546907824,18.3155293659635,27.18194871279746,18.27489947644631,-0.27922194009384177,0.09888978039688258,0.0356600539324627,10.769749397172745,-18.65290491755301,0.15031746227550516,1.1753468584282305,0.4390791608041665,0.024995147496602237
111.83212124334752,18.25763748618151,27.148248881263086,18.3051137669719,-0.27844324777133844,0.09512434223099936,0.041673086388226095,10.982154852971819,-18.47044306479161,0.13971730747729053,1.1735211581867835,0.505992092033765,0.023188518700574316
112.0,18.431338924727896,27.310483399089843,18.49093964602652,-0.2647995533373916,0.09834939049383752,0.0525601859427156,11.34603308182614,-18.725689371245913,0.17422240597127314,1.204608149323308,0.47753871401971515,0.023449604701819372
112.0320428307308,18.370669362178322,27.146676653135714,18.48078012004462,-0.26627487097217967,0.08989742470329753,0.057832148849242884,11.42197201878259,-18.629255461551605,0.16155945616324177,1.222145874496732,0.5106534591394899,0.021833901493669768
112.23196027116413,18.349860493850198,27.29810535405932,18.496422296636737,-0.2659176502968628,0.09688405579868936,0.0527579143309654,11.654677173779573,-18.60399230424294,0.17893983359896704,1.224403885853616,0.5200201192403998,0.023391467847385935
112.43187360761222,18.274419930644836,27.32797486873999,18.469334204195064,-0.26808872786652865,0.09882007085090723,0.04656168185533972,11.956717801985373,-18.565413777323265,0.19875053371889018,1.255590437946201,0.5297363121672074,0.02546012686338912
112.63178288608754,18.257023849990404,27.455520865358324,18.49836482458617,-0.26676309559047534,0.10392863489024005,0.0448996305665565,12.163973948927131,-18.507212352050608,0.20856103842023607,1.2459969440108216,0.5486972903394354,0.025835622839194203
112.83168815566916,18.230256086457228,27.51311764223193,18.54156281637008,-0.2649788738338302,0.10465394552761732,0.04867458477967586,12.352332910602152,-18.35952834593159,0.2043137757070157,1.2283746356227687,0.5948300533843209,0.024773822705988772
113.0,18.07661945126608,27.406358974280217,18.290938660853463,-0.2700382508984343,0.10104670492926796,0.03948741139466168,12.426834687019795,-18.422129000422707,-0.059041498403566844,1.2153099940053578,0.5865335180103965,0.007468419168593327
113.03158946852159,18.07553227682663,27.38769152636618,18.309242446993593,-0.26900366310996493,0.0992705536270362,0.04294419877126394,12.445168656972912,-18.367289672134323,-0.06692514367936817,1.2074443857861872,0.605327923515905,0.006520905783434231
113.23148687991377,17.969326092285947,27.27274163576458,18.290276134995235,-0.27146664579468344,0.09305223628579506,0.044427815872224795,12.756446177379111,-18.194335176671995,-0.0698266115712237,1.2414937647863082,0.6528582207530098,0.005947253014967499
113.43138044823769,17.93900915208332,27.27696497231846,18.33495978871237,-0.2689453253407332,0.0909801446668333,0.05060131942143274,12.937212280970163,-17.99104819430167,-0.08382008776231613,1.2191889130537572,0.7108050677227296,0.0040789396747891345
113.63127023502732,17.890469808188687,27.387507695204746,18.33645739856914,-0.27024940002043757,0.09625486380085814,0.04514522576972936,13.218270647688987,-17.936587773853955,-0.06872377505209296,1.2381207810919694,0.7135382781897166,0.005652627804218358
113.83115630497726,17.826350681183374,27.335269126895962,18.34760377777637,-0.2699217992666363,0.09227891155193971,0.04869172366474059,13.459980448588475,-17.720769700428768,-0.07696349829994525,1.2398924060058458,0.7671314908882669,0.004741653567887052
114.0,17.467054302730894,27.08850069661939,18.01394642044508,-0.2887728704284226,0.08558187631330452,0.031005678605651663,13.371054934406873,-17.285733196701955,-0.23882105159763162,1.1972989775913705,0.8431006544390273,-0.003707283300192484
114.03103872596142,17.47352026626863,27.006385584898247,18.04028678994992,-0.2857434078495228,0.08021846581590368,0.038430603635090585,13.345895786483922,-17.17328531481432,-0.2568653993284847,1.1710911654847176,0.8799023916276558,-0.005887981065325399
114.23091756905171,17.441039229482215,27.061196889554857,18.064711589313553,-0.2839794167487872,0.08173361367374386,0.03942479980578315,13.531545466065904,-16.99658345251453,-0.26035387232265816,1.1525176703706177,0.9129020323928343,-0.005907890994363179
114.43079290853635,17.404506472767967,27.116540503314024,18.085234738996395,-0.28257754012505104,0.08343494807298775,0.03979340063476938,13.71703506619072,-16.82150735671825,-0.26249465561939267,1.135231438246729,0.94218879129579,-0.006200070554828118
114.63066482193825,17.415168268883995,27.379003332339376,18.133978223326558,-0.27996488436596806,0.09539722635835216,0.03563281166597594,13.833366339566949,-16.770557315285835,-0.2528318145747804,1.0912851608148235,0.9297969605770133,-0.005437856864845967
114.83053339003311,17.345009667075477,27.465697167802755,18.13902066438892,-0.2832778718321237,0.0987640359210492,0.0318845274253414,14.176938154626326,-16.636955138667574,-0.24282438017450297,1.1366046027653456,0.9421900669569396,-0.004025957423383279
115.0,17.296610866551813,27.516982288893654,18.044943132391474,-0.2837036399621639,0.10066705901890387,0.02621510551158388,14.370292205257817,-16.42130192371123,-0.3438857990912016,1.1359506894222386,0.9761511186199573,-0.010063826552733489
115.03039869686722,17.36026111516682,27.806976423774092,18.076884761212668,-0.28129997085424957,0.11496328381017681,0.019154736425023258,14.3215790634145,-16.535508476114313,-0.32666175123414865,1.0994382218076884,0.9303974324282187,-0.008175322282386325
115.23026082977498,17.33275153508698,27.935272942038576,18.084561472630373,-0.27995301072469314,0.12065187813378497,0.015438978705929342,14.490681699804803,-16.421064847565308,-0.319402742116734,1.0763912073672404,0.9316497399590666,-0.007027134149721525
115.43011987939592,17.22441335633936,27.81758345652821,18.083697451402536,-0.28365838540609356,0.11256029708420126,0.020481275495536216,14.843783806149467,-16.108982133591216,-0.3322344520916849,1.1274174528897265,0.998636523977242,-0.008052700647001719
115.62997593969125,17.16013586703261,27.638354618067165,18.09971588599739,-0.2810811197711039,0.10115822339608674,0.03144083886091985,15.013812072568214,-15.704410108604915,-0.36202070409328235,1.1036661410675497,1.0917169602948333,-0.011416758255851655
115.82982910795981,17.085057973473525,27.647133320942665,18.0937461800383,-0.28326184695820633,0.10070620201799241,0.02970430021529082,15.321190089598886,-15.487239081158162,-0.35921906420757416,1.1334732224424213,1.1170909159146787,-0.01102115600616596
116.0,16.50402528576309,26.530765791952078,17.980642052639567,-0.30567793530454956,0.057614982604349475,0.045390023377469176,14.895016960137802,-16.41222037442656,-0.3657605094129563,1.050132690802916,0.9111130864252732,-0.017730982783955525
116.02967948485315,16.546964503193802,26.3844781448715,18.024454380179883,-0.2978518032414204,0.04857408993569696,0.05857798660390513,14.761285518315985,-16.23521778964894,-0.39834432434113665,0.979845359116571,0.9692338243353129,-0.02157909772860216
116.2295271743898,16.533629435973282,26.634585203157613,18.070634151526715,-0.296793571243934,0.06035179035987083,0.0537781876906599,14.898178550655153,-16.168425342298377,-0.3904145350631991,0.9479972540735917,0.947793620484635,-0.020398689922581367
116.42937228396839,16.40901300606536,26.328812393479843,18.050970635698132,-0.29929339983562847,0.04365147438635361,0.06241685089083873,15.216056109970094,-15.745671649452976,-0.4156596215294366,0.9927625228045908,1.0455778866301564,-0.023043022996647053
116.62921492437955,16.298296923229856,26.19013106599921,18.023321851390342,-0.3029597019902848,0.036608969192109535,0.06210199341976411,15.564349587441034,-15.456857482313438,-0.4190724634807378,1.0458273710467454,1.0916531839532597,-0.023349607935356172
116.8290552098163,16.20201901371523,26.00635208067105,17.985713960024153,-0.30396063094397807,0.027998377711084335,0.06261611965972459,15.841836743638602,-15.14209853276445,-0.425672766044083,1.0689189429251063,1.1416645078676981,-0.02390021051233785
117.0,16.7067284319973,26.83838291653305,18.334239405644496,-0.27320306020816404,0.05585030450280831,0.07278859262955234,16.649505949338558,-14.84693778240364,-0.3927396073062662,1.1544808619932938,1.1940928515841036,-0.0216207680977203
117.02889325788264,16.65988818727196,26.70130598256064,18.28772859429434,-0.27508692242881316,0.050236658067077014,0.07109602690653542,16.74069281766711,-14.786349831610881,-0.3902197741237345,1.180579550308928,1.205154679346619,-0.02116706336117336
117.22872918960036,16.5990890579715,26.716976008219454,18.29639979813402,-0.2757978211664935,0.05071123287451818,0.06992880316267994,16.99402704737393,-14.55561924147147,-0.3916365859254908,1.1862283968720189,1.2227051298328457,-0.02121710053501848
117.42856312941326,16.5680618721423,26.867608761328636,18.351904170526876,-0.27533918011551894,0.0566618910323391,0.07029038583526653,17.197899977079775,-14.355155541641919,-0.3960023288535987,1.1691366465572843,1.2295190573889319,-0.021627271812581124
117.62839520518902,16.552201304470902,27.049861529721756,18.428764647768137,-0.2734421659262878,0.06362010223082411,0.07284224964757631,17.339647863818445,-14.151878910194583,-0.4060287634320654,1.1279452833437003,1.2368342820234215,-0.022913740759855677
117.8282255482179,16.51686278698949,27.256729312119212,18.486452658170613,-0.27406312491536367,0.07257489745743757,0.07076289330894271,17.54872282892308,-14.018327640012306,-0.4045332245720793,1.1153309726018792,1.2195774431836202,-0.022497556365515245
118.0,16.349864244223124,27.214174480793112,18.203223162870092,-0.28229897962976247,0.07251976961264633,0.055151468615880245,17.599686514276517,-13.68446393984626,-0.648999543478251,1.0905250314352808,1.2533813490965195,-0.03638962753061586
118.02805429320814,16.30414732427448,26.932831619259588,18.14435498874229,-0.28250253232916406,0.05949659303177973,0.0579545622804837,17.67538765789921,-13.530152806020059,-0.6579591348533382,1.1118876643689346,1.2970768900806073,-0.037366171519155854
118.22788157827758,16.213145047487377,27.04854050563307,18.140858911521732,-0.28784801874554544,0.06523641319282708,0.05041346859303833,18.022655361870555,-13.366592118243766,-0.6466282021571216,1.1582573129681795,1.2809522078597995,-0.03556498607140562
118.42770754494079,16.160983973972183,26.967848384167926,18.147368586403367,-0.28601484585567694,0.060308525765767604,0.05426462507352068,18.2177067337075,-13.031082440907856,-0.6635694344393082,1.1404831086891785,1.3238250184444564,-0.03682799126134533
118.6275323380916,16.11034844298197,27.034058634885287,18.173988350121153,-0.2859627314547592,0.06266936010962168,0.054324176531545296,18.432113292357272,-12.788651752111011,-0.6708275489002377,1.1302512825397644,1.332670575298152,-0.03683020461724414
118.8273561059801,16.02976894850995,27.039013624413514,18.154187571855438,-0.2888806491060396,0.06321897179252531,0.04914243775140943,18.770788164205364,-12.570466718532217,-0.6647733092706806,1.1695653178186376,1.3317114452562973,-0.03517108280416365
119.0,16.264328168185465,27.275781195618656,18.40213147853598,-0.2693512817901943,0.06842229198258021,0.06551755575121483,19.32874799983539,-12.753804725869866,-0.6650113251981721,1.2221697965230756,1.273688271930075,-0.03763147098747303
119.02717900018366,16.23287611203346,27.295473436134397,18.373404343589087,-0.27207653315525004,0.07060546438490506,0.05978174361853399,19.420255884275264,-12.780487178818978,-0.6528596534441387,1.2475227354034553,1.2524668691890546,-0.0359561469603057
119.2270011755714,16.175365053316657,27.216750902389535,18.369710467386568,-0.2713933655450783,0.06608915008782254,0.06151905109035066,19.669603424762474,-12.473714073503487,-0.6646334039026544,1.246566209488573,1.282795007955281,-0.037156294097515474
119.42682279026107,16.139550549918006,27.25049431761858,18.414812901859438,-0.26960485646611715,0.06581638379012855,0.0660181437929623,19.863383741280877,-12.171784960330013,-0.6827137297580624,1.2207627264922827,1.3095047433749858,-0.038973856025786936
119.62664400556801,16.067475838993722,27.047184045259367,18.362619243374144,-0.269463516618064,0.05631683987219965,0.0655524226948054,20.15659820357737,-11.806379945819794,-0.6902938306202304,1.2399052366274421,1.352755293049931,-0.038979946427636296
119.82646498594515,15.995113721835972,26.70065848483682,18.26949579762131,-0.2679854378253548,0.04061187861821363,0.06552800286147704,20.44972991155975,-11.345482700194259,-0.6996407461323598,1.2592082687459323,1.4223856114889573,-0.03937157312113223
120.0,15.94940194669828,26.068609489082252,17.972857956771463,-0.25969604893892645,0.015245914737837547,0.06942319108370573,20.697732322635996,-12.25310620565916,-1.1377484231374277,1.2766314478156737,1.2165987682256931,-0.07184707358202327
120.02628589891316,15.916253185034268,25.92450623181901,17.90787328656617,-0.26105376468483665,0.01007056537306387,0.06532970255368369,20.78792856979051,-12.21021615129746,-1.1312556573233363,1.3036321113072544,1.2202987794481448,-0.07094156021157616
120.22610691498012,15.846710158023532,25.643553974015838,17.82813989173933,-0.26020053298074947,-0.0016325428272385076,0.06369733121946648,21.083979217629935,-11.873628220272968,-1.1434669647872193,1.3217107109052386,1.2576305750453585,-0.07143519680822251
120.42592820754933,15.78046048696243,25.44852969124072,17.766100876675026,-0.2599714486025708,-0.00920477227500759,0.06086347603586195,21.386735407052697,-11.57299623362216,-1.1522226039811616,1.339794947245232,1.2794174376603122,-0.0709310948237804
120.62574995281486,15.724781019262753,25.489752635274016,17.784193830529073,-0.26079411415592707,-0.007032004648074332,0.05962660130266575,21.669726507703487,-11.353153433595637,-1.1631951746449491,1.3449009498430573,1.2736705327208486,-0.07106512159145618
120.82557232964335,15.690544599827538,25.321494584274895,17.779118710731108,-0.25724292292530265,-0.015944834841381594,0.06572900725930525,21.860115262720036,-10.919572185334502,-1.1933838338173992,1.3156174371552574,1.3354577507995955,-0.0733895210037021
121.0,15.494550008670204,25.569411702193655,17.93441435416312,-0.2723512201911668,-0.004099054717083061,0.05871891801568821,21.84037757256594,-9.803529589502197,-0.8510399503089725,1.2626610241034004,1.499149279954538,-0.047826717457704976
121.02539551944125,15.483878617298846,25.730286009633943,17.982641087635788,-0.27412126160714406,0.0026975842348626183,0.05843332834220388,21.881757458410036,-9.823491021307579,-0.8504914685509228,1.263104885713238,1.4800202585423228,-0.047689727667859366
121.22521970600657,15.433578675004114,25.50496056722032,17.92658569836465,-0.2718941401247825,-0.00695234404526022,0.058543088240375296,22.12841368441503,-9.434323866325975,-0.8617572637276315,1.2606482779646089,1.5185829884591027,-0.04840231914005165
121.42504507536376,15.384177842010821,25.16157759571677,17.82372014418144,-0.2689265560840528,-0.021153227002294085,0.056930390184863934,22.38556062854033,-8.994584688298119,-0.8697339641973136,1.2653470865771566,1.5703453102997216,-0.04857326192743409
121.62487181558092,15.328809519635977,25.05694791624819,17.79389169672127,-0.2685207583660748,-0.025052940688855947,0.055169242419726684,22.65680755244996,-8.650193765420537,-0.8757900381581392,1.2705176934135283,1.5873363493072221,-0.0486293527599679
121.82470011656844,15.298824799615044,24.66326702943334,17.67992421632563,-0.263188075359298,-0.041391321246802296,0.0552812517624214,22.848250944743448,-8.130483947889916,-0.8882649958107148,1.2499226806257948,1.657406680443771,-0.049770974279617824
122.0,15.505589964247202,24.94880331308188,17.763790761248202,-0.24552696717784628,-0.0338582874311444,0.06491122243813105,23.495719073733575,-8.248438539756025,-1.1313866241723158,1.3178192893513934,1.5981435197445273,-0.0675129030432546
122.02453016985761,15.49945534688175,24.947223329083922,17.764958885003352,-0.2455360170690893,-0.03388370017348888,0.06487744171706583,23.52844335607762,-8.209209953794334,-1.1329718913927458,1.3175842056794387,1.5989260386522284,-0.0676424335568265
122.22436216835888,15.442319641787368,24.6242393996309,17.636260416114318,-0.24509826004844038,-0.04591923288114932,0.05730600241002796,23.869604018231602,-7.8189528674880755,-1.1308229467226782,1.3538671823410917,1.6277581247680386,-0.06631541354271724
122.42419630609825,15.38406383672598,24.535633719153775,17.597724217430933,-0.24599819322236235,-0.04838516879671062,0.05282677554756042,24.19436069862066,-7.500066419878499,-1.1338424750583869,1.3753879381849976,1.6304149636204701,-0.06525535563185765
122.62403277793166,15.330095061084334,24.40331879836366,17.538893572233917,-0.24635098154110835,-0.05242784980844871,0.04738431137845723,24.52888407571286,-7.170802292948693,-1.1343618358315057,1.4002409547578536,1.6352662504726987,-0.06434371978857782
122.82387177923626,15.3270502339294,23.78961889418882,17.305431179622584,-0.23920398656835673,-0.07648241182663365,0.0398083796484488,24.79501153661291,-6.588096544502842,-1.1317830578548544,1.4086292570185264,1.7192845803327943,-0.06289852988743057
123.0,15.257772683226912,23.67049902884599,17.51831133564436,-0.2408350055355497,-0.08027653530058003,0.04841239801401767,24.95758837391677,-6.192564270103073,-0.8350567353073657,1.3901345355124235,1.738819554177144,-0.043851492231310504
123.0237135055783,15.201602840471939,23.978276892451866,17.61062421035169,-0.24769151171699172,-0.06714117981161735,0.046481291181284023,25.073968742833934,-6.28361612527706,-0.8294590557710737,1.4186439489109854,1.6924414754983041,-0.04301817742834894
123.22355815235736,15.208563622995593,23.54850980154827,17.480906309985176,-0.24021924412158913,-0.0849193396232172,0.0462706046425647,25.286288424401278,-5.752945569141469,-0.8402723281623927,1.3973255724743887,1.7614874998545476,-0.043453818459555406
123.42340591442645,15.185178443624952,23.406893756216796,17.455841851689204,-0.23698526656577518,-0.09043614342375426,0.04787328241198103,25.510406968676715,-5.325366021059193,-0.8536267392320271,1.3754474282936004,1.7910084848889865,-0.04404293200364067
123.62325698568874,15.133518979083016,23.189646752923807,17.333940339042407,-0.23827630067205327,-0.096806428094571,0.03553404805896984,25.9259602500247,-4.973846931784421,-0.8330971635592082,1.435317815339112,1.7922881118556084,-0.04035107903092736
123.82311155867052,15.125597922740742,22.874049320808776,17.212110871880707,-0.23363710633887597,-0.10841322955198204,0.031046630599505846,26.181368812598325,-4.489800404325381,-0.8316455958463065,1.4304392823609409,1.8349653260199605,-0.039134186117460286
124.0,15.332521290658407,22.737428186200418,17.525360721327747,-0.21308014156213564,-0.11684537412860088,0.056102240406296626,26.842303113636092,-4.686702502282657,-0.7009834486073296,1.499067479574415,1.753468118856973,-0.033839742692630105
124.02296982407182,15.298391868380252,22.886525665719436,17.57991728016006,-0.2164442051475662,-0.1104345154662331,0.0562759247208873,26.91127872476683,-4.711804941308191,-0.701126642252194,1.5096279418107774,1.7298562314604324,-0.0336957659613373
124.2228319702951,15.209676392037212,23.081189807611104,17.66388256813275,-0.22151958619097295,-0.10068044495767187,0.055756349916333874,27.272783357099087,-4.4905984232515035,-0.7053390730133838,1.5288097740405742,1.6853823039853892,-0.03329607934109509
124.42269818295374,15.12970288620269,23.210180641599667,17.718241920958697,-0.22538229421318812,-0.0930111140802188,0.05406536627887644,27.63294946304425,-4.285726502296702,-0.7072889695593553,1.547135386541899,1.6375355893929242,-0.03268022959706291
124.62256864436173,15.079094619465588,23.167723527885084,17.69779714490808,-0.22634958338399616,-0.09273761577697373,0.04965995763883905,27.990431874699944,-4.007601331175936,-0.7032615887467774,1.5684493880478292,1.6163652874841297,-0.03156504437347051
124.82244353300705,15.027174293574609,23.110151414082797,17.65828649612077,-0.22766203413856803,-0.09200930956340747,0.042648780821005455,28.381257172072523,-3.7823625069605646,-0.6924774628105751,1.6017748601298378,1.57849877913226,-0.02955410937888958
125.0,15.019538832512014,24.670401754149815,18.311103919057313,-0.2333205323573767,-0.03735996282797502,0.05643216842826214,29.06659656445052,-2.523093058800019,-0.5251166682921786,1.6547333885245203,1.75288423929053,-0.017124258798783272
125.0223230230107,15.04007525954552,24.555645725194548,18.27353715914082,-0.23099847252176325,-0.043517421825560385,0.056230450667541995,29.089931234427166,-2.3928180379639286,-0.5254712819692016,1.6526896711619286,1.7862135028573287,-0.017217997399272753
125.22220728357489,14.964979936319171,24.754966032397586,18.40837397118874,-0.2327252307954941,-0.03569049620056247,0.06555828820663111,29.371019450991625,-2.0862172051206294,-0.5497711815819416,1.6247111220790358,1.7627907065183175,-0.020097392378517792
125.42209647842301,14.92546096611729,24.62841596280166,18.329325831135456,-0.23353028002306767,-0.03991571647979133,0.0556408459167963,29.792105145013856,-1.7252729404498173,-0.5302326866546291,1.670082323714369,1.7611183892934654,-0.017276029765457834
125.6219907652357,14.925563859543344,24.41031766031177,18.22802916542206,-0.2304270761177987,-0.05022478831177935,0.04850225003128647,30.153594974298443,-1.2101299477566012,-0.5164168549541052,1.691606452273528,1.810635507541845,-0.01535401937691229
125.82189029508638,14.86370531830076,24.472814924684652,18.282516179025563,-0.23140809477741325,-0.04734982387616203,0.05192732041884324,30.476609779641212,-0.8793550760507589,-0.5278971153548009,1.684196256842731,1.79368585942719,-0.016323559344073337
126.0,14.640269269675942,24.74526485577178,18.35466520576126,-0.24732887868717865,-0.03374571085155813,0.04337076069464496,30.434737214185258,0.020488975100818485,-0.3365643882429577,1.617975382104082,1.8799669325187744,-0.0014657724763775665
126.02179521188134,14.655674258605517,24.65308645835786,18.307227802911743,-0.24586494102892556,-0.037859754450140885,0.04042489546040762,30.47513640621143,0.10618853410792084,-0.3302611713239016,1.6241785330400798,1.8962866354772419,-0.0006944509563838385
126.22170565180835,14.605685211750743,24.60774898993231,18.275309705897165,-0.24662746240371905,-0.03846232055077759,0.03541852054122605,30.844071232186586,0.45919853636024,-0.318788676673265,1.6440775777798435,1.8813257317832084,0.0007469938483269458
126.42162174279902,14.541611494893086,24.611662597851996,18.265925049744276,-0.24847230296861336,-0.036338150959464334,0.03136592672396925,31.226643029371626,0.7574944098467619,-0.30889418494486487,1.6660143275641468,1.8472741029768085,0.002130564238942274
126.62154360400996,14.483925801839812,24.617634394435104,18.27176374077543,-0.2492889140741218,-0.03493521585733834,0.03029950521391029,31.579381678740546,1.0809427310168296,-0.305898844878516,1.6733381749434824,1.8232595007308363,0.0025298568512189257
126.8214713453277,14.432135966735231,24.662843272899153,18.337838348482304,-0.24826992764053293,-0.03515101920236433,0.038451394265935655,31.82638317448557,1.536506962609772,-0.3256543117700401,1.635660620764107,1.8419315429969114,0.0002199720045497483
127.0,14.36761528289673,25.867005870235147,18.887650554778727,-0.2518878973136982,0.005436646873225738,0.05569572563479343,32.633029398427986,2.4546793770537536,-0.2978334894858467,1.7134666695787684,1.9424614294476166,0.001364525461759572
127.02140506690269,14.407241445474304,25.738094497154165,18.831150826045874,-0.24848261260412768,-0.001957850470658846,0.05340563073019224,32.64989199138175,2.6154935763623612,-0.2930270813652532,1.7109858241316511,1.9869189785160306,0.0018409594307389667
127.22134485871746,14.325012452055098,25.84343134862435,18.906328643531154,-0.2504703847266924,0.003157804078728413,0.05825810170397666,32.98211702764981,2.942529493545045,-0.3037121571657732,1.700195920979061,1.952765615974308,0.0007378136711114042
127.42129080019353,14.310005072872432,25.74533494864713,18.861264838499956,-0.24827533099403984,-0.0027709080193812786,0.054144202968568166,33.324974878688614,3.446420567834033,-0.2936810506859057,1.7052910504376233,1.9842016035255963,0.001958009089398096
127.62124295984228,14.329700396399495,25.566283283137405,18.762161322593116,-0.24378166169983054,-0.01261148999397397,0.04616306406221598,33.659990283506296,4.036060853076473,-0.2737108880904108,1.7122001498783959,2.042868306295178,0.004187048480210955
127.82120139496357,14.27064154479822,25.587346606413362,18.785561484540402,-0.24453888573103152,-0.01145401910460018,0.04696351057216834,34.009267186442024,4.420474218982405,-0.27479841349827927,1.711842909987966,2.0264868552058695,0.0042223219366181374
128.0,14.341370838272832,24.503305873610838,18.425780454907112,-0.2357252087516391,-0.048907592579594567,0.038002243310903974,33.90506932025457,4.19411351152371,-0.17664421583538598,1.6458844710179572,1.9131580308381038,0.010483994577413874
128.02116615139622,14.33322785635514,24.514895352039282,18.436938712566327,-0.2358067239524308,-0.04837966991913198,0.03909004071089519,33.93398883332917,4.2304954518966555,-0.17889584726868252,1.6421769041354015,1.9100777712444017,0.01012175293347536
128.22113726332375,14.327112562799373,24.437138657309653,18.42474862032745,-0.23209838033099187,-0.05269702347089144,0.040641915572440346,34.20109376987896,4.707116829184438,-0.18097395477523928,1.6166482243647282,1.9332738789710013,0.009969035630078012
128.42111475313774,14.217169664039295,24.546657205361612,18.49317161220142,-0.23712654744081862,-0.0460194057693254,0.04253182578453443,34.58731134766174,4.953716945938936,-0.1828907708168266,1.630250157247046,1.8705970749229865,0.009927144099908955
128.62109863136143,14.149895091710087,24.603935360280637,18.567712474546806,-0.23709666819226616,-0.04153285215177885,0.05168781695805297,34.84015610848042,5.237864382624587,-0.20420419487737707,1.5908824237835026,1.8228894777249192,0.006987443604354479
128.8210888966343,14.062013290277612,24.646342977097405,18.589926868496022,-0.24096158996644684,-0.03658536858386763,0.049301809497501056,35.254966552862385,5.42354173311546,-0.19656665380038285,1.617786884377871,1.7459429546908722,0.008213385304935802
129.0,13.890780189259795,25.35392333784267,18.997895010039354,-0.24976923536703502,-0.010735012693289355,0.061050352215596806,35.7304562397483,6.222280405711089,-0.05568490085286204,1.636611962500155,1.8095298431046511,0.0169034951841485
129.02108553575877,13.939094429656055,25.297780882118566,19.02409665758174,-0.24405410664272306,-0.017784126943748382,0.06890196500590956,35.64563791447335,6.457010524386459,-0.0740037077046368,1.5874820109173808,1.8821047273183822,0.014180010615110802
129.22108852380856,13.921486829081882,25.25373738047141,19.028868804993706,-0.24117333966250326,-0.020578682196724096,0.07059430211459375,35.909841298273484,6.9017941310726005,-0.0755738962938052,1.5606577032114728,1.8913479791346401,0.013754203904319267
129.42109782429768,13.876304643440863,25.240337794493332,19.034925310854472,-0.24114369748388742,-0.021642460443384224,0.06930547894707718,36.22902422554425,7.306114213250138,-0.06954238183437614,1.555959906460272,1.8845451969147096,0.014417902829213344
129.62111338940883,13.834192688139288,25.216491437153078,19.02630769805902,-0.24133331550450735,-0.024410599465163288,0.06510995482725036,36.570325465110606,7.763170199649993,-0.05574484433992903,1.5619956806866102,1.8968344334656602,0.01599951483317549
129.82113516027837,13.802960217175862,25.188773730275518,19.025960441912563,-0.23998342983354093,-0.026098890216903592,0.0645782490446182,36.85786171619021,8.194566221112874,-0.05123863589065921,1.5466321737465045,1.8981518608807222,0.01647479058475579
130.0,13.724035260455471,25.021720582576258,19.145395036518625,-0.24494618792313366,-0.027888157453599273,0.0641249260504005,36.664865243729416,8.698227895831197,0.35856219971435704,1.4502374313905304,1.8976435196304964,0.04409850210372658
130.02116306733478,13.7374262492479,25.01811841996327,19.16346307799962,-0.24263669592475567,-0.027600033410447884,0.06876003868763496,36.63845618733441,8.741536263882464,0.34836365534567826,1.4241455713304942,1.896356565796834,0.042547813883039964
130.2211970306877,13.657755130235692,25.04246874181757,19.182571789625698,-0.2455748891561852,-0.02629186922084944,0.06635043134208433,36.98000252299154,9.086044576580557,0.36316542330052676,1.43409502815582,1.8655917928763803,0.04371130488153832
130.42123696056214,13.592411953384929,25.04005212204758,19.17999655696952,-0.24770643142313517,-0.02712331363282226,0.06134108226952226,37.33150516402548,9.474192482817504,0.3846749164029264,1.4494507312710803,1.8531517977028362,0.04593292787857409
130.62128275777457,13.546689637273502,25.028650649718127,19.187201211115138,-0.2474811667837333,-0.027682777087025944,0.060719700328932036,37.61974179235151,9.85966260119589,0.39547263550808764,1.4390214228328035,1.8388308890795522,0.04665368086669817
130.8213343142451,13.52465631863182,24.989957206295514,19.17360240030008,-0.24549289698927299,-0.031040786069867602,0.05820411601551052,37.87679594168075,10.345720718753874,0.4112342207193992,1.4207639498437012,1.8607301960976594,0.04777108145966558
131.0,13.536845217737717,24.567490257236432,18.753722238206613,-0.24450434468316476,-0.04427378075301447,0.03792899286406069,37.77817126366648,10.482064825864908,0.2576943442072807,1.3542460444737172,1.8069206979167345,0.039598337829647653
131.02139151354055,13.551465650155587,24.552726391520917,18.758326736786316,-0.24249503795360774,-0.04514048792682054,0.0402787142611409,37.766172320895734,10.546965082288255,0.25277268947995046,1.3364807484451902,1.8146926525946394,0.038748625495311606
131.22145423144391,13.545322237251895,24.483845865141213,18.72543487914567,-0.23960075633760938,-0.049535907611794695,0.0367280129838949,38.005512378708865,11.015353742634517,0.2685054633681994,1.3180441374547687,1.835892916273484,0.039676053655588864
131.4215223365436,13.446598368238263,24.514431981611743,18.73953281478006,-0.2443516047295397,-0.04744311820673624,0.0327961168984772,38.37334668398139,11.312382272023388,0.2869105543852286,1.3428942670433666,1.789695733817133,0.041457308869824114
131.6215956908383,13.364888473083234,24.54290486498486,18.775161865767963,-0.24671923630362708,-0.0443088367107653,0.035319893383212154,38.67431957491251,11.56647668786589,0.28926477882804746,1.3381095036531905,1.7289011130225238,0.0413347029535123
131.82167415035104,13.30813173348573,24.540771430979472,18.78688365529495,-0.24737228507492304,-0.04310948673127419,0.0358810466854196,38.95683125305198,11.85870452140809,0.29619752191061205,1.329555440582238,1.6857844145796799,0.041742766759018404
132.0,13.068753711546243,25.01502205238504,18.9521182234151,-0.25891652701233453,-0.023273940487329253,0.03803931849146332,39.26418072026024,12.544017591135482,0.27527207046586616,1.3241222327126976,1.720738981715274,0.04019888896059502
132.02175756574863,13.072281851202762,25.00803077972099,18.9571841543153,-0.2579000417998782,-0.024135055073131236,0.03926844064375053,39.26966673968964,12.60875516586017,0.27312865082791155,1.3134194672314687,1.7287155946464066,0.03973227233025813
132.2218457829606,13.026869787339225,25.000308928288632,18.96893737745912,-0.2571758201360486,-0.024519181064629397,0.04037289093861351,39.51189552419521,12.967322299066433,0.27839051442109636,1.2917923630818275,1.7086044203506714,0.039935571112800564
132.42193864379374,12.939750448971672,25.0057613924763,18.950034511214284,-0.261495447356661,-0.02355157839911109,0.03238698046334637,39.898160591256854,13.250002832932946,0.3066412364477669,1.3277604380507264,1.662565361133981,0.043427630535540634
132.6220359865382,12.885462067625685,25.00564104152757,18.959892761772327,-0.2617366076958215,-0.021967416394020882,0.03360038952115431,40.170394181397455,13.515851811335937,0.3123821084019098,1.316216702412035,1.6109543069097898,0.04335410260789425
132.82213764656095,12.842042438396168,25.000975124721567,18.978274240092667,-0.26063095644363504,-0.020706681583053922,0.037599303533101903,40.39232028521313,13.784629941525449,0.3106201671724921,1.286240768289999,1.5631040225339665,0.04227296132004897
133.0,12.593501315460617,25.42063604487815,19.199068145060274,-0.27311361173404164,-0.001158225039829628,0.04103575639628436,40.535301763738,14.475534428743531,0.44149370664926646,1.2502823449461136,1.5937937144236973,0.05116471961624877
133.0222434568835,12.589896395510934,25.403338140655123,19.21899998032111,-0.2718127515931859,-0.006479931445238947,0.042191198145599164,40.51154361894399,14.674460637536269,0.43941973848330296,1.2291584128667383,1.6565356983768607,0.05033747200653685
133.2223532487414,12.554104751845951,25.399689194425967,19.247539709858362,-0.26940392329794044,-0.006971709204024874,0.04705981509356579,40.686067161754885,15.033399824980481,0.4376263873290725,1.1839926782873567,1.6399689505533075,0.049060626910145434
133.42246685212214,12.485690163370965,25.400645473907833,19.247816853583423,-0.27100592399075135,-0.007205143085253639,0.0439265600309038,40.96625010476498,15.35977868492475,0.4553063162039418,1.1837598305655495,1.6128555789382375,0.050466398221154014
133.62258409628032,12.420914319845698,25.404719712329992,19.2520318275874,-0.27232398471436914,-0.005995581473611826,0.04260515980953573,41.24591717401588,15.623052413763228,0.46906358856970914,1.1819863173317087,1.562903960537431,0.05160140590615567
133.8227048102279,12.366201097317097,25.403221346183432,19.258500914307387,-0.27249391842965637,-0.005641237826773257,0.042394617463783764,41.49059907444442,15.913730749653098,0.48001080045576694,1.1673482701994458,1.5254930898705554,0.051960688421418724
134.0,12.452801058623853,25.16314138161071,19.358620141939728,-0.2658217439716066,-0.015241509623965352,0.0475963823043636,41.52410390764676,16.027532508202235,0.7653328827784125,1.120945597795192,1.4722330010382072,0.06986387353839346
134.02282882319813,12.441319616274576,25.15758749644599,19.351683791584176,-0.26647025468267654,-0.01611347442282838,0.045530906070574674,41.565905518322964,16.08172420241504,0.7716524226583354,1.1263308375184862,1.4774685144915585,0.07051321956496441
134.22295596508312,12.393041228225163,25.150525292785133,19.377479637249422,-0.2651909012714545,-0.01789867123498246,0.04798864091028281,41.740319962237194,16.443140221381544,0.7795903497606843,1.0885360575396485,1.4717000892038465,0.0698495770157934
134.4230860668433,12.309678803967893,25.141002729394568,19.35279884952371,-0.26887884867323253,-0.019360205818258508,0.038699732889572874,42.06916558775018,16.76456471676441,0.8163859180554706,1.1145092047846092,1.4532814213752199,0.07347553449032343
134.62321896088955,12.2581027262779,25.15823748870153,19.38878990283561,-0.2684354519955134,-0.014969907315609616,0.04596634855791058,42.271714779650004,16.878030720836854,0.813777778945152,1.084619498022059,1.352526257193605,0.07257922819261255
134.82335448143732,12.225514298917231,25.142810217217885,19.374126482885284,-0.2679345667340737,-0.013221010190257995,0.04465280567059973,42.52192628525224,17.04684555886724,0.8319197645466803,1.07907830827182,1.2818905924221278,0.07375493123823738
135.0,12.397708004531681,24.784583392988772,19.33693733180614,-0.25304249892653086,-0.03356314338801294,0.05130936967763466,43.040783995206375,16.844106264318718,0.7714287085563681,1.1281681050893637,1.195862218236211,0.06810754532838942
135.02349246483337,12.407397158049426,24.767932801248012,19.26847109323771,-0.25449926919573723,-0.03145939786510836,0.04219207206306232,43.16457415448195,16.783749926291932,0.7944101425551325,1.1689407695329799,1.157920414728707,0.07106190662544011
135.2236327498557,12.301572899297403,24.7794440545661,19.327867037215523,-0.2567887740815859,-0.03458226899088501,0.04483527383089403,43.37500353004706,17.126754223669703,0.8022350748506603,1.1413631496448045,1.1620275053684275,0.07097050511463401
135.4237751779866,12.26645380162733,24.74411749598984,19.251923457181547,-0.2587971088108438,-0.033827545247864806,0.03217835252437394,43.74810157183834,17.28817924785831,0.8473747264026693,1.1854718906346366,1.100959335592095,0.07588247442973443
135.62391959366087,12.200118092254714,24.746837594414185,19.279499799899355,-0.2591173976335172,-0.034227179163020385,0.034396396219341846,43.96126805872616,17.529196407645294,0.8571355536627532,1.1609445227566337,1.0686064494329286,0.0761183893195116
135.82406584448887,12.171388554094685,24.734108029632843,19.2788345268237,-0.25772623439042697,-0.033040596141183584,0.035748928479462226,44.176783768863615,17.681761200073172,0.8691815612664172,1.1405790328063785,1.006471828867548,0.07672934275731687
136.0,12.297522484603387,24.387597061829695,18.88235053628385,-0.2532804335291211,-0.04625879807699149,0.014100025350799579,43.87511235565376,17.6352095963043,0.814405323051149,1.0425851691233192,0.9346123844618618,0.07566187587784706
136.0242137814561,12.251884147377513,24.393521938851435,18.92146407244508,-0.25477172313226115,-0.048683590176127466,0.01656303229844879,43.880615318697714,17.734197659304098,0.8102633912496797,1.03033137252216,0.9595842394210448,0.07476594720896268
136.2243632591005,12.180031609806383,24.372869058009133,18.903301853422626,-0.25703798876326256,-0.050461045352236215,0.010852801617775621,44.143028455214676,17.96680026897334,0.8384566531783865,1.0365118342024036,0.9363697985559217,0.07703889302674471
136.424514135668,12.076587555192985,24.36202307289954,18.92629812256591,-0.2598436900666804,-0.05430976434801524,0.008812872352421192,44.36181525624502,18.291650114822147,0.8580412613626561,1.0239757958013502,0.949276416125557,0.0778701348465322
136.62466627324818,12.0295016811187,24.338554483704737,18.89796790505349,-0.2605291015241465,-0.05493383522376156,0.0037626632050400287,44.61650501285263,18.49216749618454,0.885986388473115,1.0278983356498246,0.915074502989299,0.08034103974722549
136.82481953789082,11.991497463800613,24.316282351092475,18.869041681171428,-0.26062371314568383,-0.05481498595033398,-0.0002884769196269208,44.867789683457076,18.654643230362147,0.9123780693922441,1.029915063344687,0.8684611294139583,0.08232105137788749
137.0,12.300470758527252,23.642495476227516,18.451690408879156,-0.24209024034274934,-0.09252181284306915,-0.011453170807072033,45.165293645182174,18.107830585392513,0.6520345356546162,1.0507633013369793,0.7449928207032874,0.0653602854107495
137.02497379970438,12.240579345614192,23.663380715111284,18.540364655000584,-0.2427925697235104,-0.09439935953953515,-0.001632998349630264,45.111379765770984,18.198205223112446,0.6309512925329084,1.0112099279382927,0.7651276041533701,0.06222906837244706
137.22512893293816,12.225753426727142,23.633425711664206,18.47417667827794,-0.24295271682512073,-0.09230971815577356,-0.009285667615584026,45.39525223342503,18.261041128167605,0.6619939833765123,1.0299061488545282,0.6892116883566943,0.06515357038122568
137.4252848160486,12.10879386945778,23.61137363816418,18.50428661054587,-0.24645603268442517,-0.09677260215460849,-0.010445040767872166,45.610293025214794,18.55600070435854,0.6765432948792004,1.0160178359682934,0.7065791835886179,0.06541647204957657
137.62544133175138,12.04026164452675,23.606893946274585,18.54464839307288,-0.24625272731033965,-0.09677572776124477,-0.004626138519845608,45.75047971046119,18.705131952799768,0.6754539756401331,0.9748771238121225,0.6646768625564548,0.06427863616402485
137.8255983670599,11.972420879377115,23.60448092824453,18.600177251220817,-0.24529593492773427,-0.09698303503707112,0.0038421906166096823,45.833452473536646,18.865825826236776,0.6668936058337002,0.9152798724697602,0.6291106346167722,0.062217908362799466
138.0,11.869630681103601,23.575043528069,18.797688798824193,-0.24180028296416056,-0.10408050973511873,0.023097565578342583,46.83226289219979,18.81779057397413,0.4876807790880867,1.0532340093928734,0.5787767875559104,0.047064823744082544
138.0257558133116,11.838939942491253,23.554467037341276,18.79098695942081,-0.24368070767063504,-0.1069043621802312,0.01965973363786011,46.88830794909356,18.90535453180253,0.49581684303750245,1.0631154297485748,0.6044879635305436,0.047655708115066676
138.22591356618278,11.752292141238069,23.501237559584457,18.790147278473746,-0.24618097608324607,-0.11219053917608135,0.014986931011595754,47.12936437038728,19.1853411387844,0.514169448418492,1.059654121620345,0.6281530604217723,0.048547608751756836
138.4260715256929,11.70021058619238,23.469496452200346,18.799393307348552,-0.24592305220492178,-0.11380103687239962,0.01540357669850893,47.319169672134755,19.371777937042328,0.5219966274317768,1.03675986538781,0.6112285956251429,0.048316849952174605
138.6262295961994,11.641838837554765,23.44272058419175,18.842994763533415,-0.24459096373416658,-0.11606432572127547,0.02102876439257643,47.42679442734216,19.608343990469603,0.5163023103890184,0.9839586194688246,0.6132798840575701,0.04609683890113725
138.8263876863837,11.58907684385806,23.416320289682986,18.825126193324866,-0.24587776841447126,-0.11590795966392127,0.016904247063660744,47.68841156808293,19.703879415252434,0.5362516476589382,0.9913093823997021,0.5646422251127252,0.04790796160310507
139.0,11.520242255806167,23.379722078849312,19.174025092787584,-0.2421558978541189,-0.1210322739174983,0.040248821273679194,48.43683432417036,19.7059176856689,0.6504211197975825,1.0814589018435923,0.5212498640143369,0.051753649744144106
139.0265457092288,11.521140009863515,23.36448422281354,19.14648836799372,-0.24267297977762062,-0.12163202420782275,0.03609344258374206,48.50032061067158,19.729992742565635,0.660955199085954,1.0948541327017591,0.5215516697818957,0.05282424779345876
139.2267035819901,11.469948914387517,23.31180201492197,19.154053870601164,-0.24252240484105403,-0.12522552242245344,0.035254626577482844,48.70233499154036,19.950879534477217,0.6714033714035098,1.0753837640729909,0.5297506462655637,0.05255182931823129
139.42686122615896,11.414256897029231,23.29964923343402,19.169775896567767,-0.2428399966706572,-0.12394266326722832,0.03647651544635697,48.91721504502751,20.003031161617205,0.6800034505591872,1.0604994836057693,0.46765272789107204,0.05317308065986524
139.62701856742052,11.38494378490157,23.285271429018444,19.14127038407499,-0.24319158524164533,-0.12110279317536592,0.032402258569292214,49.198472474947465,19.958567741944613,0.7028319601795563,1.0729957233226513,0.3740437960729539,0.055754913112395756
139.8271755356057,11.316558960525635,23.25126847188868,19.139667678377627,-0.24483265139065408,-0.12282189550014691,0.029204809081707583,49.45285265946683,20.100170441522856,0.7209377681486927,1.0732722845309988,0.3572824918031306,0.05699831598934496
140.0,11.54463289671692,22.83653446724239,19.095789755601576,-0.23314640993643287,-0.14745491268440708,0.027710155420762276,49.388603617832615,19.76195745598296,0.9149117618038006,1.0204216294511692,0.26660281081227677,0.07003523019313498
140.02733206463822,11.552756209132196,22.857115554072156,19.10978662819112,-0.2317327421066466,-0.14458653411366246,0.031082270586529886,49.38828704733576,19.696990011206573,0.9105351278249134,1.006739301657608,0.22854418362182619,0.06959924719800216
140.2274880924771,11.45156315194123,22.82151368684053,19.16540306991611,-0.2335908766631303,-0.14747473161053407,0.03510563163655562,49.55782181795471,19.82702693875468,0.9138313415969437,0.9766173065244581,0.21716803482662056,0.06835423442627654
140.42764356105465,11.38566699735951,22.778800321864914,19.15696257267097,-0.23550676279405808,-0.14917938189880964,0.031106709979347676,49.80106577955128,19.91329702467976,0.9362868074838607,0.9792283824947126,0.19167287797819368,0.06962671372671665
140.627798416211,11.37204458346892,22.7730942643586,19.190558536039408,-0.2321405595209635,-0.14597478264334493,0.03837193417555396,49.901377187164854,19.84208037525299,0.9344017858673626,0.9296635715018831,0.10315627334143541,0.06868040527938692
140.8279526076249,11.347196096096662,22.74283161983533,19.177164822056607,-0.23150687270360415,-0.1452074008038706,0.036371929173375755,50.10630581368197,19.822988395478014,0.9537647810526255,0.9212763107749313,0.0430529876573231,0.07041436872309564
141.0,11.267542985864768,22.869960839010975,18.941114948023905,-0.236737773622682,-0.13250403517907622,0.019347433444934743,49.872213579037194,20.02696436277736,0.8418513843883866,0.8344276571813228,0.024967985380426952,0.06562246556790241
141.02810608874128,11.191952666606275,22.850756623652188,18.988081437124627,-0.23968251095190748,-0.13621067866266745,0.022129488709962657,49.887232813435325,20.118550913763226,0.8358808980970984,0.8249582364615653,0.055467272149126626,0.06420533544940281
141.22825881669615,11.131857813241783,22.829076570752843,19.060611181488078,-0.23784191309622216,-0.13681421984252462,0.032058469877314553,49.94441521105956,20.164824661633876,0.8248233066243169,0.7629002011250404,0.02292996930974286,0.06154155882986327
141.42841075223856,11.131866254246082,22.812023619124897,19.060619802488773,-0.23481604327711544,-0.134636576806196,0.03415632259515254,50.0534867755279,20.108214581829365,0.8331170218221582,0.7277707517892502,-0.046240648870132545,0.06227281265835752
141.62856185965026,11.084260867439294,22.78498485191717,19.062307819038523,-0.23506864453146165,-0.13457925339141047,0.03328329757948815,50.20910624839595,20.088885415499735,0.8478848609906887,0.7108173708074894,-0.09569536144003583,0.0629318806527414
141.82871210666306,10.943804773580927,22.752408317155126,19.115274177959325,-0.23962727201990078,-0.13775088854095116,0.03471842707774273,50.36896493524131,20.17782747128662,0.8551124019133497,0.6912903933822391,-0.10144330015881245,0.06222099988348056
142.0,10.926962013239068,22.62156910341173,19.071314547989218,-0.23810370048008397,-0.145903439041987,0.03375917483913759,50.56852092723813,20.031051838125933,0.7971440607183764,0.6892519543953912,-0.1563350385533695,0.05808377994102754
142.02886146437393,10.91311847685137,22.613813314286244,19.094984966295282,-0.23771166374695546,-0.1466526138588129,0.036797780061458445,50.55944492762256,20.051646582272554,0.791314632865393,0.6738444281295034,-0.15319392204729912,0.05701188989339877
142.22900990715868,10.871749902284108,22.590463909509833,19.05456441735207,-0.23912868601096837,-0.1453624902568668,0.029789332214965956,50.768577941557545,19.96103506030574,0.8205490492605063,0.6819879126526734,-0.22120524557883142,0.0603691145033643
142.42915741258312,10.878113265867835,22.566883785724958,18.959866187859244,-0.2393968178578401,-0.1426651928204295,0.01712984102708503,51.03400646788906,19.802618985342434,0.8653879346964639,0.712894769141953,-0.3096480307425524,0.06563226182867886
142.62930396131324,10.673928068332245,22.517327106115037,18.995223217456477,-0.24875285607875083,-0.1480208312007658,0.012650609203328153,51.29870198924542,19.874338213221957,0.8873979982897977,0.7311235680488078,-0.30493665283354154,0.0667236480497297
142.82944953702338,10.658507761224852,22.488140524424786,18.968651649924553,-0.2476006404937725,-0.14703845692160603,0.009990487022448022,51.4643722694679,19.770585270937495,0.9081631661158501,0.7209379364213637,-0.3665299724671164,0.06810153538715227
143.0,10.661598840233403,22.37745942655203,18.709664991546788,-0.24804040352656886,-0.15273476629137728,-0.005586088481353772,51.29096215753988,19.627689334373095,0.7756525751235123,0.6523356757990182,-0.41759804866281586,0.061406621971472314
143.029594126303,10.629988027329558,22.373171598929765,18.742475597442546,-0.24839454315260356,-0.1533888474743177,-0.001886486523748638,51.28225153144134,19.633423187033756,0.7687159414509589,0.6365617358450761,-0.41810115104825596,0.06032699505235085
143.22973771856246,10.537162705830509,22.327945650185708,18.734228070925074,-0.25160015547331194,-0.15551422570364992,-0.005548215396972867,51.46254743487742,19.586971933035382,0.7886779611813625,0.6347684250861998,-0.4488438661489696,0.06190056415824869
143.42988030593682,10.508959604213427,22.301783275901606,18.726221459561305,-0.25037686025752925,-0.1545837813929008,-0.005368018279170692,51.576469378032755,19.468694191216937,0.801195869296099,0.6103901572286727,-0.50600185865449,0.06298474117892779
143.63002188318924,10.466664319575239,22.281179852801177,18.76471914292323,-0.24823278524192963,-0.15371219315827292,0.0014656130774850645,51.605719932807446,19.35020965394367,0.7973258492182574,0.5556880174319179,-0.560550246382304,0.06195479086085233
143.83016244761254,10.379102179021551,22.24853381412546,18.793982313779914,-0.24960568859495025,-0.15476421629851397,0.00397993015463997,51.69809406536812,19.27099582513434,0.802655708538703,0.5250216397761447,-0.5953721657899346,0.06145073319936644
144.0,10.254869357690279,22.05334258825748,18.916220314685187,-0.24941187919694854,-0.16959960703568125,0.01682280130280483,52.414516951687695,18.927843877590508,0.6935683929635891,0.622767777545846,-0.6677624207844786,0.051567620889516795
144.03030199892996,10.193622916350497,22.040091583594418,18.969098327163312,-0.2509641658570576,-0.17155252800700738,0.021964409017380455,52.40196027882241,18.9538518795274,0.6823832640736535,0.6042794574314739,-0.6565478820919057,0.04976909443854712
144.23044053919511,10.132299590983154,21.99929662781382,18.921651829191703,-0.2536631464428645,-0.1720259802913952,0.013364821380569648,52.616367867461086,18.808850524891255,0.712978112094035,0.6197234447369907,-0.707347585142924,0.05271136823798025
144.43057807269057,10.063603782747848,21.956727037891483,18.901870942595668,-0.2557472217663091,-0.17296789863400305,0.00887636975585921,52.798360849972724,18.67709514329699,0.7341154439366705,0.6206459819586497,-0.7490274761634044,0.054459455876007645
144.6307146058259,10.05331497194959,21.93048313599198,18.89685562376423,-0.2532762875827511,-0.1714730760674652,0.010027469083072183,52.88659907965849,18.483791225724598,0.7431013522191561,0.5893789713306823,-0.8125664388266592,0.055159514265069175
144.83085014703457,9.892609826288302,21.88355533945285,18.939783978600964,-0.258951503368921,-0.1746183307026403,0.01054499344889254,53.050851753825846,18.407919944399058,0.750912829857155,0.5798948758099529,-0.8261090071324348,0.05463848646315458
145.0,9.831351530676113,21.890896108825086,18.926097832878266,-0.25916104406131446,-0.17150911636503938,0.011328345635416723,53.283436534237005,18.29700563621915,0.6918393640283296,0.5867755688646333,-0.8623402807285919,0.05026695991659495
145.03098470667038,9.785563852932707,21.886096559333048,18.993101406954622,-0.25906946899416905,-0.1722889361236719,0.019519026058065513,53.23525727191305,18.295822228286283,0.6740043763784977,0.5548392196818955,-0.8600689829705149,0.047695361799144
145.231118296903,9.716591956598226,21.85466418297658,19.07944637110522,-0.25706957128218294,-0.17261465719270563,0.03131810181670909,53.226433530182916,18.148587074214774,0.6548884948110462,0.48565356174983093,-0.896292529431047,0.04465564613442926
145.43125093161268,9.590405188376844,21.80869388029541,19.041110743133352,-0.26351677578926297,-0.1745085881396219,0.02048982808749092,53.47545372763146,17.976252256047236,0.690413300833679,0.5173483719844253,-0.9366965774121144,0.048426890278736374
145.6313826262849,9.488722488852446,21.76466243346274,19.065084458714026,-0.26599010533778156,-0.17617173054930663,0.02112340001844594,53.59337976761104,17.83052853275563,0.69740816028449,0.4985312395590537,-0.9644778668838448,0.04824563656790641
145.83151339790408,9.355962072565813,21.716394255029048,19.110672669578825,-0.26968910104027477,-0.1787599133841743,0.02365503794108095,53.701566451456344,17.71934074912288,0.6983767079987516,0.4760789021520124,-0.9766523465545248,0.04732098012970388
146.0,9.23826006379737,21.702048049092703,19.370048184751408,-0.26826759538926603,-0.1775920711334555,0.04479771803494027,54.562375307250136,17.502161889284807,0.6926259854988281,0.6012387773935242,-1.0245028212810736,0.043184930381348186
146.03164326484668,9.263567556858227,21.701471107656293,19.301035973127398,-0.26867030389240654,-0.1764370742982953,0.035779577592145485,54.65441646067675,17.432290640995603,0.7158934770996906,0.6291425123564561,-1.046383755617377,0.04626556994907385
146.23177224677468,9.25612284465777,21.670497317214192,19.250611393793893,-0.26788090748036286,-0.1752428912334748,0.029227098734549477,54.82882461541121,17.184055618888568,0.741548764551877,0.6312065575972455,-1.1041799818084526,0.04892366144329892
146.4319003645279,9.244976797833386,21.648328731880234,19.252057312711077,-0.2652115094044866,-0.17343062750555968,0.030545669400089393,54.916238248689474,16.91567495498333,0.7494021931170043,0.599841893639492,-1.166175813268303,0.04937208361667469
146.63202764001682,9.045951668515954,21.590397649248892,19.323126835360245,-0.27219756943093726,-0.17773698263938187,0.03362049665189023,55.0700831863745,16.794152341295668,0.7486548101534833,0.5871232146307246,-1.1647966020360818,0.047529025784277194
146.83215409611483,9.078648870352362,21.573097771397613,19.29997335853563,-0.2674917818401555,-0.1747220110297354,0.03307958791544527,55.138161575506906,16.460890430736406,0.7624129213232318,0.5542846730661319,-1.2451918037343648,0.04900462332716926
147.0,9.162894687922893,21.767721115258464,19.552204604055774,-0.25926330481563054,-0.15437700998514486,0.05238747454588445,55.73292830539552,16.478962166324454,0.9196817369472028,0.6290062440487378,-1.252393744971394,0.05591387702102639
147.0322797565507,9.070935979862083,21.73514793148119,19.55625749779668,-0.2645828520860601,-0.15801366612965478,0.04906078222341682,55.81990839238231,16.503192151194728,0.9274468112457014,0.649485411092596,-1.2309655603633687,0.056146149546000064
147.2324046458012,9.041199308813885,21.708285099980696,19.551371037397363,-0.26364208878466167,-0.15725218604600258,0.04788272387749986,55.9502282317223,16.23502344941211,0.941996075475097,0.6334048818794956,-1.280118069047054,0.057061121511544605
147.43252878898357,9.042356232102577,21.693245958619595,19.5563698954554,-0.2602388798215666,-0.1550223643630265,0.049561070627072774,56.026615917300525,15.922392757924358,0.950949693787272,0.5994517942594169,-1.343893606205375,0.05771428712115756
147.63265221174873,8.990053022416628,21.663507588948004,19.57367471968622,-0.2599497630481872,-0.15491542258361984,0.05068313930777057,56.13017964058439,15.647814869118472,0.9598120532830912,0.5756823824059568,-1.3867553455274813,0.05795585868501473
147.8327749401747,9.018927535947155,21.640769003174128,19.53050813151893,-0.25684341576005304,-0.15305943566689773,0.04610236369895613,56.260232507566386,15.306431819183512,0.9847698734263971,0.5653679940748104,-1.451935250067631,0.06009910780759721
148.0,9.224616869523137,21.856969173385348,19.63530126114493,-0.24577225569291075,-0.1304630009370218,0.05573612404924237,56.555412143328304,15.356305529906402,1.1285101905974797,0.5862902599352541,-1.4448878960037825,0.067285321848916
148.0328970006604,9.132619191624904,21.831542857521374,19.649310771351242,-0.2505824314437607,-0.13340317451555456,0.053977786723667195,56.62491162308415,15.35942359976592,1.1335076943517366,0.6004910929719359,-1.4294985901004629,0.06738221289784142
148.23301841982055,8.92424066201055,21.766513459750467,19.701446675577973,-0.2591076683941663,-0.13883322674709314,0.05345823175593027,56.82161517932853,15.180850206690216,1.145178245225318,0.6071760581942008,-1.4227980277827716,0.06689736270081824
148.43313922438082,8.834264333379219,21.73770613717938,19.756876258364223,-0.25975749114381663,-0.13940030820777558,0.05851418889772111,56.89949890611585,14.910153357940503,1.1458669460644497,0.5728749089837637,-1.4539378166050585,0.06555394384504018
148.6332594410744,8.921521443803073,21.7301932114986,19.650444831454486,-0.25525753542731366,-0.13575214142111147,0.046424642398278385,57.08283138109034,14.499559448918532,1.1927419530392043,0.5858638591366832,-1.5369898550832402,0.0708105453829634
148.8333790965393,8.940860637015764,21.72509066947826,19.674834768644708,-0.24983926985857807,-0.1328366031623967,0.05166030452419945,57.07253482643714,14.104596272037865,1.196345737277709,0.5279979342431473,-1.6088211933229921,0.07017685656140162
149.0,8.890334056920956,21.74352350830028,19.23143547199868,-0.2512452340472288,-0.1282496766797564,0.03293021497041398,57.40935737047271,13.850620546543288,0.6627797664163089,0.561534724356617,-1.6401317282983363,0.036282868956575995
149.03349821721687,8.84133095231458,21.748502312689823,19.342182208344596,-0.24963107792310038,-0.12787073454012268,0.04718331018120169,57.30379495171027,13.801450518854551,0.6309218775993947,0.5080983445000948,-1.6449429747586377,0.03215997717687121
149.233616829252,8.806863381931242,21.725302232756516,19.342755065460373,-0.2490017253920948,-0.12748001913918705,0.04650724761059264,57.40387395648484,13.459824368042916,0.6392669076375157,0.4898790695017847,-1.687363083493838,0.03314680686728684
149.4337349583941,8.5180439143937,21.667852898525528,19.503275507778394,-0.258220055897357,-0.13306872200120173,0.05925199603842246,57.47166299621013,13.25980390264236,0.6110059553298959,0.45268892465630084,-1.6672658123368966,0.028428534909818476
149.6338526299006,8.276298153710725,21.603322932573768,19.61333864807108,-0.2668876462362617,-0.1387543412982241,0.06652580834406653,57.59117576818336,13.088022229944823,0.5932226990093499,0.43711757833011783,-1.6362168091366593,0.024501163834647097
149.83396986844144,8.168466528449235,21.558257028696197,19.650670316093485,-0.2698586122836498,-0.1410486799839496,0.06821266816760242,57.70484687973964,12.836656597021895,0.5909124963008632,0.42439076709588963,-1.637543572166664,0.022828145667050125
150.0,8.424971040838631,21.733757970427682,19.60531819453745,-0.25518202190474043,-0.12091189837188379,0.07938444167650556,58.71929302498928,12.711164363841611,0.3799579083148136,0.5854602061285548,-1.6495752814933748,0.005647423804479253
150.03408669800578,8.373908457993558,21.713681223077018,19.5853925282146,-0.2586370348174377,-0.12281387019536152,0.07454161564607709,58.80519692504293,12.68547010724993,0.3905231840117294,0.6073457114426082,-1.641117131213977,0.006791224177170061
150.23420314181092,8.361241436164464,21.71285642188393,19.57356315896392,-0.2566633078957789,-0.12016278760274048,0.0717812348095842,58.9189883151034,12.286558746197127,0.4009623332491126,0.5908880565174857,-1.6989572425550932,0.008350856966520107
150.43431922221308,8.321227610003909,21.69352271921925,19.555015175381293,-0.25695993694528363,-0.11958142667194578,0.06723479342186282,59.074839486865024,11.920460669953151,0.4146302160173887,0.5900142040814315,-1.7383113980145006,0.010015299845360395
150.63443496062078,8.228357680883878,21.657423734614397,19.606585242300316,-0.25845493726531643,-0.12118995413871557,0.07151661377243873,59.17419187135048,11.623599482332624,0.4039885219368669,0.5665173944251287,-1.74720978053218,0.008096709645895126
150.8345503774107,8.176260230043395,21.632454195179513,19.65997905409742,-0.2572005007588961,-0.12129178956562378,0.07752092886808232,59.21238999789238,11.286889305796374,0.3895738304564563,0.5253706256851891,-1.7697871479934166,0.006338961859397516
151.0,8.761251401551583,21.88470510803377,19.679936732043767,-0.23291665727323194,-0.09428028479289302,0.08497145999872763,59.40852601236919,11.436273934827632,0.5948953877884702,0.5331204899350123,-1.7224631491495503,0.017765511287821965
151.03466549184577,8.823719170687383,21.914234441523117,19.63547578934337,-0.22971119561695807,-0.09053003546654805,0.08033653114137505,59.42255653290915,11.293089005266282,0.6091882820713417,0.5310362602665106,-1.763062874101267,0.0201462182371938
151.2347803219968,8.822306155597886,21.91297097690007,19.549689752250778,-0.23000815410982256,-0.08848727334481339,0.06685194749617396,59.62702957010172,10.870523772504717,0.6478639123492681,0.5534718610601684,-1.8179865613785973,0.025062112009659063
151.43489488466605,8.77792029081627,21.894169046283558,19.549366844777893,-0.23039588325029858,-0.08857282459984309,0.06491330493492185,59.75737530909695,10.503506410614348,0.6576313298430537,0.5457984045548907,-1.8454881545094788,0.025773888516599293
151.63500919531464,8.59712350114414,21.85089507643053,19.62504716838326,-0.23673594511507517,-0.09234738866476982,0.0693913496804187,59.9034423188715,10.243632677763658,0.6481423466821472,0.5401360445498324,-1.826919393925896,0.023533238781264315
151.83512326799254,8.582688670381847,21.849704400922665,19.68565470937269,-0.23259067205499648,-0.09032591685205386,0.07734617459240062,59.86478112268849,9.820886097240171,0.6343815915320606,0.4767460833754225,-1.8726355710113718,0.021562710806146853
152.0,8.77909388861517,21.930883889014222,19.531687232779348,-0.22360430423757605,-0.08038526933332797,0.07471223965717255,60.23083789220296,9.627128538897034,0.47057424154529515,0.5183970345452109,-1.877365461522577,0.009737451851584401
152.0352371152721,8.6622841929953,21.899883611249365,19.580194026714928,-0.22877670489385532,-0.0840252419801601,0.07761130638622651,60.27823737804235,9.636665067500344,0.4620187309962486,0.5239089312329568,-1.8480033370620228,0.008178649556397535
152.23535074818486,8.633712967642616,21.891187140443996,19.53880219037847,-0.2293501405562939,-0.08308632243036959,0.06981799638184916,60.442051552151256,9.231584566279025,0.4834405290191461,0.5321060839266282,-1.8833898339354131,0.010322251369596573
152.4354641761618,8.605911898240326,21.881774016962588,19.578548175126354,-0.22731475450070057,-0.08223246137930293,0.07414784922267836,60.48626056785632,8.836671969768362,0.4753252808446685,0.49592806325617966,-1.9116411730136424,0.008828566303251796
152.63557740697718,8.429900661206265,21.833403063491236,19.68235229769917,-0.23288798622043808,-0.08659221462019205,0.08305409903331193,60.58598712254159,8.593204962147473,0.4502822941261116,0.477165229317796,-1.8763751987807358,0.004627504013793547
152.83569044669616,8.395696364918201,21.831357738561337,19.640077935619658,-0.23337564597647478,-0.08494140383253786,0.07423201117154841,60.75382437792297,8.143045998421586,0.4765926225412781,0.48761108790655694,-1.9221459509893966,0.007804873595302446
153.0,8.202917430222538,21.76923814552154,19.73097937751755,-0.2388374512304354,-0.09000613633244721,0.07631484148587248,60.80143162304643,7.730385396751292,0.5135760157884235,0.46890579050606374,-1.952639242479464,0.009904520055494836
153.0358032996258,8.200675118458548,21.76715633140743,19.647013399942256,-0.2410427692171122,-0.08981814353457383,0.06409735398165581,60.92092445779358,7.641281812148165,0.5431688221675981,0.5062225614401439,-1.9641252747903688,0.013732091947854096
153.23591596827026,8.143228376658325,21.74434678959808,19.65006956852752,-0.24198198663552828,-0.09035778323519245,0.062446248973394916,61.044873594196076,7.257017862360411,0.549559764828527,0.5011183378655588,-1.9775164901789517,0.014228622241521818
153.43602845328968,8.170047160825938,21.73455996102429,19.570190490710264,-0.24047412379713742,-0.0888332798736217,0.05161377959069873,61.216097352506246,6.805123601601037,0.5803531281475053,0.5155003838060764,-2.017729743419915,0.01777574709191514
153.636140753463,8.110896592137937,21.70818443192138,19.562810197201724,-0.2419753913093924,-0.08977548645842755,0.04882470148157439,61.36837437368369,6.423981148996908,0.5900991648483424,0.5196154559371429,-2.025844245422556,0.01811713914335643
153.8362528656546,8.242580118944316,21.697853465424053,19.40673730725156,-0.23696302249099357,-0.08719712547628722,0.03074773132387492,61.58675044156443,5.902977808292966,0.6427808493376539,0.5506691730523945,-2.0880312677505355,0.02429041563181347
154.0,9.397566902761847,21.982633171845446,18.836981787743312,-0.19624219321550476,-0.0544556815056503,0.011963346226731227,61.552557911235766,6.344979396923252,0.49536800619944815,0.5204431179805349,-1.971278301950677,0.01440235277278245
154.03636478478535,9.28321107674651,21.99702028806209,18.95916466364632,-0.19780102948921002,-0.05397773008494729,0.02505249728003009,61.4775186485528,6.2772234987200335,0.4660466725591269,0.48020541930997646,-1.969814398414028,0.010495734417229901
154.23647650380727,9.122398185651544,21.957593980895837,18.986378862898356,-0.20446467511250607,-0.05783613410479726,0.02449454757827273,61.653804396279064,5.972710903405717,0.4673366767801584,0.4946683602484188,-1.944852107823124,0.010001968673292111
154.43658801368233,9.105537440164603,21.96415769158841,19.00897051162826,-0.20198859492932772,-0.0558735935984667,0.027471402076557638,61.68606453692486,5.533701509402439,0.4635082752245378,0.4600943879339453,-1.9754793804492505,0.009458227607900637
154.6366993033656,9.124818063776177,21.97106610318679,19.011810311517657,-0.19809763087440532,-0.053508590981642276,0.028747307959511588,61.70348905716535,5.066992042502166,0.4640532755845376,0.423463917781623,-2.0149345975089283,0.009426530904454602
154.83681035979177,8.99401684210362,21.95569484951755,19.09702020889024,-0.2008828065952625,-0.05494321453139885,0.03732826513884856,61.74231120515759,4.727038562789686,0.44248334138644696,0.3930631438361172,-2.000444725205591,0.006251917996328814
155.0,8.59521915879129,21.85706260431351,19.688326993443162,-0.21186647115532142,-0.06529545958138655,0.061058894550320555,61.68108487927351,4.192584124986983,0.9604007081111099,0.35703060538360604,-2.040151681153387,0.038238104799239614
155.0369211678667,8.606633063251207,21.857252756233514,19.6762291791094,-0.21119410004459577,-0.06485881984336944,0.059640756618507464,61.6971754328062,4.105964764421217,0.9653291870403373,0.3560588369175041,-2.0470568305430383,0.03872455119920355
155.2370317104619,8.660395572798851,21.85657569487598,19.62541334821251,-0.2075363418421824,-0.06271161006424493,0.05373542450642987,61.769889631760826,3.634217487492456,0.9883450650682069,0.3451978328204131,-2.0829513308652396,0.04085794497234855
155.43714196841375,8.62472223001942,21.84653457264035,19.65285069709444,-0.20665562870273924,-0.062419383132359056,0.05628333381468076,61.805331916122725,3.211859912875405,0.9903835934281824,0.3200218647077233,-2.0943163215946763,0.04029069439394657
155.63725192052638,8.508965686941181,21.82558513252914,19.657946874896304,-0.21119419042894003,-0.0640422016843541,0.05303199424273615,61.958482809998664,2.83992288924163,1.005789316228861,0.33596781535158854,-2.08316309563082,0.04087021474135028
155.83736154357825,8.369486025548122,21.799079458440033,19.692997254758204,-0.21646490250392653,-0.06651230571241058,0.05367777295830035,62.10635656639888,2.5131201432761925,1.0104743818095103,0.3481056805828619,-2.055087142782857,0.04082439465408252
156.0,9.037323078607367,21.88852149724354,19.03142038046574,-0.19606802532939172,-0.05257246008808403,0.020639301271699606,61.51972895089797,2.798140037704493,0.7132724744056123,0.2169641308099386,-1.9450055022655715,0.02386695059325474
156.037470812333,9.059354984720256,21.89086801347077,18.994135920757678,-0.1954455145452656,-0.05183847268073651,0.01615171842797872,61.550204482515156,2.7032128487170626,0.7250595158285328,0.22336065749192469,-1.9552349623774932,0.025346949857174138
156.2375796995536,9.189668112688878,21.923321372786692,18.992339197597566,-0.1852929988136111,-0.046030171420844104,0.020118163559824567,61.431307347557436,2.1698985579727026,0.7231852366036219,0.15247941882282814,-2.0166587257811,0.025129524921642336
156.43768817602037,9.07289166367309,21.909050165414968,19.01127189943302,-0.1892900130288494,-0.0474001234458472,0.01972288641296652,61.51177711585662,1.8081361891479617,0.7287409343869619,0.15302663606300107,-2.0015923709398225,0.02514434844961736
156.6377962105527,9.024075212265796,21.898514878173582,19.042498685829887,-0.18915768145070505,-0.0476425939029539,0.02334969051348157,61.50890858770476,1.4207441309560105,0.7243529968386223,0.12611013118765588,-1.9976921297071322,0.023886894842553585
156.83790377003388,9.103590363469044,21.900707316064803,18.992133509672048,-0.1836857513922081,-0.045013991077052846,0.01880498931289374,61.479645877829086,0.9128798749589687,0.7426780720371682,0.09457366451515548,-2.0406947147650913,0.025588330475967012
157.0,8.372060846231443,21.80103597438172,18.917870437176234,-0.20996008064971947,-0.057036036813124524,0.006440595974424632,61.16863229806968,0.2734259777047439,0.5093577789529299,0.02041517600244934,-2.084828263678507,0.012792677285239381
157.03801081943988,8.244284260747705,21.798274385737496,18.90165671877768,-0.21655558189206195,-0.058371515402317886,0.00023152022579303686,61.2708944064663,0.22500749704580664,0.5246878861350484,0.05401868102122058,-2.0702884584943844,0.01464487435987187
157.23811732187102,8.174479276514724,21.784528018113136,18.85765949272152,-0.21916483530484362,-0.05881494622505578,-0.006852100232653716,61.360304577812585,-0.18501780432502027,0.5447346411951741,0.06659213365855873,-2.0686661877991748,0.016764221809666538
157.43822323858674,8.078258384542258,21.769841870343196,18.879504023905582,-0.22144150907377233,-0.059739526929371976,-0.005123495685766132,61.38879481065356,-0.5661537720426583,0.5435117289226815,0.056214134463697114,-2.05403613448023,0.016009776550604624
157.63832852904397,8.127206398010298,21.769905891537803,18.907073445136792,-0.21506884024381692,-0.057416398978152906,0.0016652452383499362,61.23818771320792,-1.0486701050206997,0.5304871045701787,-0.01281688619795815,-2.080390353873809,0.014112041541581194
157.83843315093782,8.13402561716495,21.760306834286258,18.86549879006419,-0.21335951158173813,-0.056534407584559944,-0.0029540141396602526,61.24598868304643,-1.50900967249195,0.5458122994354963,-0.02489340988409157,-2.0959914599721037,0.015693673963699938
158.0,9.338774811303052,21.85137979846964,18.701621123432968,-0.17037171597687267,-0.03893017457648109,-0.002284344181614808,61.1710925792032,-1.0860465533090378,0.8066185138510145,-0.053723656412407055,-1.9682626287373635,0.03146845626720098
158.03853706024546,9.27468120994248,21.847038591154245,18.776738661632375,-0.17154917772888453,-0.039992582147951705,0.006606977033974267,61.12522995149033,-1.1231643654903145,0.7866757170526972,-0.07459218973338778,-1.949915415422386,0.028772862132013594
158.23864021127272,9.323412119970557,21.841983750462322,18.760262155395964,-0.16753975565612786,-0.038671865187803835,0.006582666995089907,61.059993886101495,-1.5546581584514838,0.7926701595322674,-0.10840129501480057,-1.9622885508719827,0.029253587932582793
158.4387425567029,9.223386282605848,21.829888507943146,18.812943583667053,-0.16994814333267466,-0.040016832556811044,0.012025595638686217,61.031652501637915,-1.8943261011746224,0.7846699715393646,-0.12884938582127448,-1.934632972334349,0.027498064920385812
158.63884404764852,9.154381100778071,21.823575692549454,18.811406087624704,-0.17190414817335514,-0.040329277460816236,0.010336480465693763,61.04582367909828,-2.267083543209343,0.7944854864524016,-0.13322793852603645,-1.920904422343411,0.028157890631167914
158.8389446337048,9.16661063556479,21.8168348120462,18.80473281511566,-0.16942563384724801,-0.03949850654776508,0.0104236951832087,60.97039466404791,-2.6877376321373987,0.8002600683313355,-0.1661924808816516,-1.9262412956727128,0.028639021514173295
159.0,8.471459563302384,21.755831843675697,18.92611091806124,-0.19390583936534248,-0.04866493806658624,0.006234213159426682,60.40504191983406,-3.1910784059992245,0.8367851099135709,-0.28275375189403706,-1.9368601293176604,0.03265422967089785
159.03904426300593,8.507256563571595,21.778253249941333,18.78778561231297,-0.1941850821093686,-0.04556672015094142,-0.012620265041401887,60.496022667548274,-3.357199844219633,0.8835609634647097,-0.24697601998228147,-1.9727318608376962,0.03869779126563114
159.23914288228266,8.368245131162555,21.76987707206456,18.861377603662635,-0.19759526708467093,-0.04698662089602024,-0.0047732548317040175,60.43403217945208,-3.691583447353681,0.8723938123581891,-0.27167358544803,-1.9377254707215361,0.03667026715701288
159.43924043692232,8.507614295881682,21.764807513154285,18.772422966381203,-0.18991068621096166,-0.0438869425597039,-0.012256284734267174,60.314416043498305,-4.20291017712912,0.8986970825151506,-0.31108590077319487,-1.9785870678823558,0.039466822419992886
159.63933687103034,8.335091401375259,21.75887530544307,18.90149515033992,-0.1939250756418719,-0.045848872435637206,0.002825648352246673,60.19525454391554,-4.489563872592992,0.8680082129973535,-0.35177697932434454,-1.9255365767802728,0.034464535731867675
159.83943212749338,8.245827203931468,21.757959817507057,18.88979309342462,-0.19676342398635854,-0.04582992752521313,-0.0006791798740576958,60.19684896380928,-4.864586991892103,0.8842878235763272,-0.34830833089314883,-1.9089578461308285,0.035613968487315587
160.0,7.454906800813836,21.72950054260514,18.741437129943787,-0.22505880544056187,-0.053499707742273854,-0.016023697823880537,59.81310251280918,-5.48841186002612,0.5613443791355393,-0.4248870162116349,-1.9421423780323939,0.016960416453176787
160.03952614804402,7.4291886093203106,21.716463772933423,18.806646607411743,-0.22477994792395742,-0.05492034904072201,-0.0069253463244519,59.746622335486045,-5.523288645771039,0.5402023788499518,-0.44826514467273937,-1.9224087556318508,0.014169427721935232
160.23961887332663,7.379917154335024,21.71561552568938,18.771399009382296,-0.22543543264475227,-0.053945685018819106,-0.012137344399652642,59.68849328963364,-5.933572187259601,0.5560568149697064,-0.457818937447471,-1.9189059582359043,0.015999249583172285
160.4397102429645,7.314812734661469,21.71493618453267,18.735895994552603,-0.2269271897372798,-0.05321003970042705,-0.017736127157270416,59.64761766421206,-6.336482995553154,0.5735398831439348,-0.4609568429829057,-1.9116018731640596,0.017909428276356547
160.6398001956282,7.235824766556925,21.691417975980762,18.809850248528317,-0.22749000686225596,-0.055182166280387315,-0.007046412554802045,59.49927866031868,-6.639380013655006,0.5494070280289607,-0.5009509530788947,-1.8673779861408144,0.014748201443236368
160.83988866910437,7.131573625106217,21.6842180503407,18.81364708909133,-0.23064270508858375,-0.0558526531898151,-0.008012421691269951,59.46888324426984,-6.972711326565566,0.5548230961444153,-0.4993034566963997,-1.8357650801096452,0.014820433087433737
161.0,6.409233990969082,21.69763561843337,18.94996060190792,-0.25322079311569234,-0.06145617445667382,-0.0021454259748404153,59.763314095357096,-7.86446594555197,0.38662965835810736,-0.4409671453656038,-1.9282136197058164,0.0026375102769207927
161.03997560036612,6.3604625004767925,21.711393817155276,18.894639018401087,-0.255953417558442,-0.06034866520489612,-0.011435878740581107,59.823222078094155,-7.965814347630974,0.40916199288849553,-0.41580861256888574,-1.9337618050546828,0.005499741163705877
161.24006092564323,6.213918556809143,21.69458277858949,18.918558534845484,-0.2607256273010923,-0.06236019280917067,-0.01019161581115983,59.81006959734544,-8.282454881889722,0.40722758295701156,-0.40943639666508536,-1.8885410330591756,0.004546154854658575
161.4401445804935,6.180970698673848,21.655752905484,19.045924737828905,-0.25769244892274207,-0.0649427193007757,0.00966074923386811,59.566331306540796,-8.575425211288367,0.35817451280866713,-0.4836271870814734,-1.839725855263761,-0.0016908283962891067
161.64022649987436,6.0755803979355525,21.651950404721784,19.028492835959227,-0.26085868265978235,-0.06494832987969212,0.00515343604544449,59.554763289550365,-8.930022924709004,0.36949145463245275,-0.47367140286985365,-1.8139511850984893,-0.0006014959520854706
161.84030661821467,6.056207739822237,21.624563133302395,19.062533720839262,-0.25878715425259985,-0.06583476205108782,0.011278943132902428,59.38205328500809,-9.268131622516524,0.35303412623133984,-0.5176107482465807,-1.7860428374361808,-0.002445892862767997
162.0,5.320802131390176,21.64938353350554,19.31149859717326,-0.28147414741800786,-0.07114488932280516,0.021995669383058518,59.61037753517546,-10.151346739880596,0.3094633553087952,-0.4696993153190988,-1.8734356939837602,-0.006813872662733977
162.04038486948699,5.2396754239577765,21.667522202358175,19.26650971126381,-0.2854738208753067,-0.0701376951528292,0.01314282674630217,59.681957705887214,-10.240190508529736,0.33068198703979007,-0.4396800765411667,-1.8729302559874055,-0.004193543960179498
162.24046118727975,5.105728014229946,21.650462561476225,19.260167944539283,-0.2900151537891935,-0.07164284297328324,0.009911924921164633,59.691965236680694,-10.564086465931922,0.33777440448782464,-0.42125795781087216,-1.8319071913896372,-0.00323779130364855
162.44053550486942,4.991145631732389,21.595075637058187,19.31937231725221,-0.2936090002154254,-0.07667940501928774,0.017720346141739556,59.67210554037963,-10.781782129762666,0.3168782508601013,-0.41423703375517357,-1.7546563309229368,-0.00604144512280375
162.6406077552928,4.964891755575279,21.573653294054665,19.36524050602666,-0.2909979769376627,-0.07681704447524372,0.024837929007185625,59.487195315953784,-11.128262533370023,0.29752230768557075,-0.4638982971026345,-1.730408941901201,-0.008110234080968866
162.84067787141876,4.928773183920033,21.54386251094396,19.392742069208282,-0.2898312765098738,-0.07785915350740302,0.02909538402201115,59.352511366308875,-11.444583181889033,0.2844914509118478,-0.4935344955294694,-1.6961537797771942,-0.009308423171838562
163.0,5.0004911108507,21.5241692542303,19.186438736806945,-0.2868425586875926,-0.07662238761950993,0.018508495817888052,59.152760316743525,-11.5681720000997,0.12832749515551872,-0.5307555475231386,-1.6489183672040983,-0.01839922526180222
163.04074578602012,4.933043960948956,21.534539846349954,19.15692706992287,-0.2900082541654197,-0.07617702360696531,0.012497967824555178,59.20151145836771,-11.63647909602879,0.14213770018787972,-0.5081228864072501,-1.6424914088693956,-0.016502891101127962
163.2408114318448,4.9257446597611185,21.51739984245605,19.186061697623334,-0.28671654990736045,-0.07561417153066578,0.01760965822385338,59.01151983503021,-11.982239449020165,0.1263450034755151,-0.5556726980365151,-1.6235884248360644,-0.017926516864775484
163.4408747416866,4.859326760669353,21.520898882915457,19.16834447152456,-0.2869457991165777,-0.07397190441292802,0.013885498827618633,58.906100192508376,-12.34403814561947,0.13233977686288645,-0.5706064066507448,-1.609864738210303,-0.016567948563983043
163.64093564845567,4.8418972158401745,21.51368945813023,19.172442425651877,-0.28426770741638563,-0.07251136796792015,0.014869597162254073,58.71134455592662,-12.71429739218025,0.12663168763032107,-0.6152272589464266,-1.6010185174434777,-0.01676534403882468
163.840994085248,4.659605116570885,21.508914424309197,19.15784470508223,-0.291752365586747,-0.07406357502216986,0.00898855350430103,58.81536916075905,-12.941929492370939,0.1387565092399274,-0.558134633431502,-1.5374580478240303,-0.015014697544095608
164.0,4.66086033118798,21.47747574323984,18.95061036252271,-0.2921298867837205,-0.07351222022032623,-0.006155799258630471,58.14622006577589,-12.826662245650109,0.06701267356998136,-0.6842830633080287,-1.4396049422986559,-0.016694389916908768
164.04104998541467,4.693254173323932,21.451408745574415,18.99380847252258,-0.2896516042437931,-0.07503660127012926,0.0015454848846019218,58.0566583574572,-12.860276819262857,0.04779610902484539,-0.7105664645562586,-1.4242419343999588,-0.018902651818783273
164.24110328262995,4.652052032742702,21.434909018532252,18.99865155197731,-0.28869317795633853,-0.07489836910679631,0.0026316470248735,57.89015630425359,-13.148605691060807,0.04130631926072235,-0.7373372574734657,-1.3945454678583964,-0.01946194694165615
164.44115391095877,4.6456717684693025,21.432747945188467,18.99424990079381,-0.2854210830367388,-0.07276666601491322,0.002883652510714215,57.65642965356408,-13.490157998425829,0.03672039047065649,-0.785712186005635,-1.3863021871167702,-0.01957255251770668
164.6412018049235,4.626875920285922,21.40129136880138,19.012520198655942,-0.2835228831993475,-0.07365161881091443,0.006753908665744084,57.446654924177096,-13.752128330124815,0.022644615711066525,-0.8228377733607829,-1.3500029851947888,-0.020950339011965816
164.8412468995694,4.628696139824317,21.313093243241802,19.085626382092254,-0.28168687889393884,-0.07963737895732434,0.0203597324380982,57.23660842467806,-13.860212755979665,-0.017980107737323184,-0.8564078177877141,-1.2630795013951386,-0.025459623543116084
165.0,4.009547691694744,21.376454229005436,19.039690482383655,-0.30154253975403156,-0.0829754028369406,0.02287049028637037,57.883618057752585,-14.921692075329876,-0.4500166965808997,-0.7156761499913804,-1.3955714614535086,-0.05619161999752223
165.0412891305296,3.96259179572475,21.37294091735358,19.042956145456706,-0.3033536154753321,-0.08360864815642757,0.022357738758175188,57.88724284718171,-14.958093956540095,-0.45090530213561003,-0.7071063397928364,-1.3796449475183639,-0.056022796383969516
165.2413284340887,3.8570648644074716,21.382614773069854,19.025098581120364,-0.3053321742592926,-0.0819864797573319,0.01756806795341986,57.78433945129251,-15.254301782847245,-0.4501264136965097,-0.7104655956679393,-1.3526051425526346,-0.054754044642510165
165.44136474724542,3.7548633268512366,21.386341097129787,19.009360792761914,-0.30728511781584533,-0.08087900209537217,0.013415122837851297,57.68694118907272,-15.536031687243954,-0.45050904165509287,-0.7113041007013466,-1.3215607567557577,-0.054045997655452524
165.64139800777426,3.7352228181677694,21.344623278902557,19.03842170190767,-0.30532955748569307,-0.08248456050977473,0.01874681689727056,57.490642319810036,-15.767691859504417,-0.475223294402224,-0.7449560614331189,-1.2766826854223445,-0.056114431299448035
165.84142815428578,3.742402155658974,21.32189097855059,19.052357060770962,-0.30133469172625127,-0.08163890866737185,0.02195614006822432,57.21247729214412,-16.07058383210593,-0.4950900437319949,-0.8039655008539061,-1.2594738003769361,-0.05741807287635367
166.0,3.3989140419994963,21.335036430749216,19.32433190523118,-0.31079358486590786,-0.08476057342038486,0.036759990502030604,57.40060498798431,-16.69464338589004,-0.3968774886022731,-0.7537331676804289,-1.3073990699342837,-0.05327695251766986
166.04145512628617,3.2720276580899466,21.34837951218707,19.327409688086675,-0.3163345380360413,-0.08543658514479496,0.033919401810101106,57.466938967247906,-16.70425791821746,-0.3914610227704058,-0.7212906566145696,-1.2801733132370146,-0.052231161300337496
166.2414788642351,3.2768197563901995,21.385859581708115,19.276465192185054,-0.31190884404931507,-0.07902015778807155,0.02633863041993676,57.225654184445325,-17.117154821823007,-0.3841828460413716,-0.7722168377601605,-1.3041054029927994,-0.050627038838500844
166.4414993096026,3.110274852294604,21.386339654176183,19.289887031928288,-0.31696571282551794,-0.07975279552055724,0.024675252590099082,57.177184243711416,-17.318844289510064,-0.3893507338126674,-0.7516248226464617,-1.245976786474358,-0.05025458866939424
166.6415164049249,3.066372141841348,21.399488572141895,19.253961071032542,-0.31561592195034494,-0.07647800414312073,0.018731273302468352,56.99351764528185,-17.661192329588243,-0.38463328510809114,-0.7785422159942834,-1.243719120857341,-0.04903221561706251
166.84153009385855,2.967657374162658,21.380434962336007,19.274856385178047,-0.31748260709519893,-0.07773459734570079,0.02041787447771552,56.88515368667938,-17.851756791795935,-0.39855185400280524,-0.7781490054191342,-1.1878978438688206,-0.05001497116993954
167.0,3.808543558411026,21.27638369087864,19.469227398948746,-0.2822374721401469,-0.07274116129833402,0.03614190904779621,57.154558192147874,-17.625284198870656,0.008185327131298936,-0.7215110234591395,-1.103964618892749,-0.025471071725885936
167.04154032123373,3.8007089524888054,21.293555584599154,19.438758973143987,-0.282002195609977,-0.07070811447835844,0.0314428891676928,57.127280158057154,-17.71425333312109,0.018006555607439956,-0.7237473465403025,-1.1122913365869112,-0.024114721778055785
167.2415470331059,3.741889847967609,21.30917024099326,19.392013182275008,-0.2821970010719217,-0.06779750509690421,0.02346731925394634,57.000004291265036,-17.999984302850795,0.03216675981621859,-0.7319661555365999,-1.098078072138393,-0.021678076732931102
167.44155017680623,3.5917076660734124,21.301390260830896,19.394182669308005,-0.28725253408135365,-0.06921378980200782,0.020836645557345025,56.97676671579462,-18.150241583018758,0.035120557500760485,-0.7026549157151247,-1.0338202997732557,-0.0208760325908997
167.641549700991,3.5292186416670166,21.254709742238624,19.45487268063065,-0.28755113535316645,-0.07263565964239994,0.029310064321210076,56.82950355962312,-18.255789505621713,0.009919687031846283,-0.7158241772289763,-0.9598077385076375,-0.023307356212008738
167.8415455556891,3.4414459417801915,21.245154687423323,19.437005717943464,-0.28962533750203273,-0.0726915745737087,0.02517902880175663,56.76537722267862,-18.433277183430143,0.016009015181774045,-0.7020576754710193,-0.9135185613581741,-0.02202736948544871
168.0,2.8212484677715532,21.297498724519645,19.25207665700747,-0.3130938781240349,-0.07582984043128084,0.011703323632221551,56.351644928593366,-18.814869701455937,-0.31365429051501903,-0.7640699562350923,-0.9092161729314355,-0.041434231083880335
168.0415376923488,2.802776942556957,21.301417511728022,19.240922658043388,-0.3133904974126306,-0.07524711169890218,0.009856218009870217,56.32848066769119,-18.863259619578702,-0.31106035565925916,-0.7636020320038972,-0.9042040269046564,-0.04101031072132928
168.24152606388276,2.7941141826585776,21.30811078843762,19.236925586617648,-0.3098641423925766,-0.07228852013369787,0.009826564547898983,56.08618191279941,-19.11671558695446,-0.31983307730880045,-0.8085652481682114,-0.8904883426284937,-0.04130129361506857
168.44151062471167,2.8286704585632503,21.285849597242706,19.25788694970697,-0.30439767116400995,-0.07107400745695631,0.01478831109898695,55.7785092558419,-19.350124954959618,-0.3411963784575654,-0.8726714543587758,-0.8717139709257886,-0.042935267075480135
168.64149133080704,2.8007639154163306,21.27436905143775,19.247242438031666,-0.302720737362741,-0.06998141605544582,0.013597125548016118,55.56208119578872,-19.56411235211218,-0.3472890335508805,-0.9019400109278572,-0.8455263040716654,-0.043130347256467104
168.84146813973192,2.711531087488566,21.27746573308304,19.232620061971694,-0.3041231584965651,-0.06901725362193412,0.010164217685642995,55.422529454891155,-19.743867683378348,-0.34699291197993437,-0.9041163869398409,-0.8069485844586568,-0.04262112234644499
169.0,3.275342774556326,21.2202848678108,18.98735558184894,-0.28043353649156116,-0.061888829097676665,-0.0028263129551410054,55.038207755653275,-19.15832109375177,-0.3415590488821356,-0.9696848508074816,-0.6513163589550027,-0.039067325978940554
169.04144101068087,3.2072430194237453,21.242413555039413,18.963194957592737,-0.28317714854207743,-0.06078867841608889,-0.007818296106110345,55.05292819808188,-19.190850958172604,-0.33106495918657575,-0.953257432389639,-0.6425810793857535,-0.037628814839515856
169.24140990451826,3.060074933500142,21.272845578258668,18.908833414759727,-0.28780656427360085,-0.05867111937952991,-0.01785772241407803,54.97024418274935,-19.33391398080835,-0.3139184918970481,-0.9305885758841177,-0.6011456257669724,-0.034457478327891936
169.44137478381523,3.0560987573106275,21.227572761045735,18.97060672226495,-0.2846225702683327,-0.06094020948204636,-0.007054575736573771,54.68432771870429,-19.40809375969672,-0.34741040010637947,-0.977655524747071,-0.5417819991364428,-0.0376207005864767
169.6413356128856,3.0162962854530138,21.256916915893797,18.924612175883734,-0.28317024541779645,-0.05660958373710565,-0.013652638176876113,54.444310192319655,-19.631721509285416,-0.3391576036869312,-1.0084109174029587,-0.5356406032255754,-0.036138258098352395
169.84129235781995,2.943361276630756,21.248040231091245,18.922229924269192,-0.28401757287161405,-0.05680085185378201,-0.014022700038865101,54.26603277269502,-19.72042611666572,-0.3452153572637351,-1.0157768825601605,-0.4835095268880432,-0.03592944192890174
170.0,3.2761291071390035,21.183450874111752,19.171869888847585,-0.2673956512898111,-0.056440768050887394,0.006097189686778349,54.85715615543132,-20.063679330179788,-0.13648944769073,-0.8858794406627162,-0.5125365276129579,-0.026237447534947517
170.04124498651888,3.2726228945735047,21.174291939136303,19.183601495704554,-0.26697541068571806,-0.05695582822899133,0.007937949873247089,54.80965603617557,-20.07588027583103,-0.14185828023784045,-0.892291356779891,-0.49999694170788594,-0.026681304706423013
170.2411934687247,3.233471525307796,21.137761777872242,19.221111313551962,-0.2662745928583494,-0.059075539614372244,0.013601668476411873,54.60844120068913,-20.128269738450825,-0.16053756721396414,-0.9112471916747527,-0.43799214698736755,-0.0282787541586758
170.44113777605162,3.1596154934373555,21.142522169180864,19.20622138470298,-0.2672434435726127,-0.057993110771298866,0.010418880667205501,54.44951152794985,-20.229124019445074,-0.15834465538949735,-0.9151033119582352,-0.3953694594590241,-0.027212588439294565
170.64107788201514,3.159713876439696,21.07784007707054,19.26484775402573,-0.2648108400620785,-0.061752727799742294,0.02043081605607494,54.198679362861135,-20.22764060031237,-0.18878283448627936,-0.9478396798924699,-0.32292045274535475,-0.0299507404810574
170.84101376205967,3.053625541859466,21.128968702045828,19.229429425201673,-0.2665260192036715,-0.05728911848635704,0.012487151988931541,54.03730681273051,-20.3832406303724,-0.17452099019919906,-0.9521866919027671,-0.3041431028191617,-0.027721921871990206
171.0,2.6171757801497595,21.15250986818251,19.18740230099686,-0.28362086349035354,-0.061209262795088544,0.0083883907644939,53.71646094547295,-20.659260434827566,-0.32428792527291106,-0.9889128900970201,-0.2976249997682793,-0.03679286834287844
171.0409453935852,2.5477192713715033,21.15973547988212,19.181911564591587,-0.2865996388713533,-0.06163230203752174,0.006157412471129684,53.73361959459725,-20.645398668186992,-0.3198743890821779,-0.9700742300702814,-0.2767785330684412,-0.03609973669479653
171.2408727559724,2.621215365773068,21.16596980722543,19.185166659530196,-0.2787445233397481,-0.05720819636466324,0.008939292078843279,53.35215283249365,-20.829154041969105,-0.3359119908240141,-1.0492699520636906,-0.27933817307177883,-0.03795351583132462
171.44079583060673,2.5934359548131316,21.16612213043195,19.163245644221032,-0.2772887519976004,-0.055322933514861006,0.0061075814787586065,53.11049391748047,-20.937801238277125,-0.3373518132753612,-1.0743858909930617,-0.2526123177613581,-0.03725880587656526
171.64071460090133,2.521503354253631,21.16094314809352,19.164280929342297,-0.27803901102226075,-0.055246011089694395,0.0055991417288254,52.911851252804645,-20.977099846224675,-0.3432861089371138,-1.0824072218601752,-0.20241047486428032,-0.03667426657803847
171.8406290523183,2.4022595717209168,21.18208053255483,19.151765019534206,-0.2809318030335296,-0.05405142466827828,0.001645949985041117,52.77090895308798,-21.01087115680852,-0.33987572849855097,-1.0712178824543097,-0.1516464897628921,-0.03559491694710726
172.0,2.927397652487591,21.162705631639035,18.943056354274304,-0.2559315055925361,-0.04502097622461728,-0.007129231477777179,52.73987002425315,-20.556724843729572,-0.3946512627900197,-1.0626804448444453,-0.04006530533341324,-0.03743402948880908
172.04053917238923,2.8814994931467606,21.180620013700224,18.927716369716016,-0.25758485946786724,-0.04408303750978418,-0.010290249208920063,52.7280696184999,-20.564707191517613,-0.38853661074110085,-1.0540370740472158,-0.03125779032316078,-0.03654610549665992
172.24044495073431,2.832374907794904,21.152417152723473,18.94068952347593,-0.2577564200276257,-0.04575952735856207,-0.00783871017465078,52.52203783727051,-20.531954310869683,-0.4013860944764455,-1.06301431540993,0.030907824995793632,-0.03726020069332225
172.4403463790802,2.8659577627221053,21.13196332880722,18.957932676314954,-0.25291138958629794,-0.04482950291494819,-0.003196578570322685,52.18288715985678,-20.57371932799103,-0.42147215582153935,-1.1181359104696813,0.060414295284292735,-0.03926577356143366
172.640243451277,2.87868846133631,21.10446126855253,18.962782462716998,-0.24976454304003412,-0.044787821668680235,-0.0006778830669870858,51.87744198178286,-20.588782882611472,-0.4365351671266158,-1.157786317819783,0.09727563973002715,-0.040004263833170205
172.84013616331356,2.92179191661484,21.01395681605959,18.996430149153454,-0.24634711107954865,-0.04949354091928513,0.007692479857492158,51.57516455212303,-20.488978929974376,-0.46619033092599677,-1.192105353908679,0.1699154715223536,-0.04230854802867683
173.0,2.9300608423459242,20.93972885940781,19.35020912541253,-0.24425563437053965,-0.05435268984928332,0.02949278429966656,51.81311270455764,-20.8483422608279,-0.19489900086959527,-1.12013196335193,0.1344102015576299,-0.02822304574732174
173.04002451333236,2.8875596174269775,20.98838582774441,19.328772288059188,-0.24496624546228304,-0.050850400947879626,0.024786181738522345,51.771896691306495,-20.89484532240566,-0.18525754844624107,-1.121963969195263,0.12594675335098574,-0.027161396803957013
173.23990850164273,2.8015552159389356,21.019743880740474,19.315548300187526,-0.24612816823411218,-0.04822944432315803,0.02072782949043672,51.56184625029115,-20.90278469859609,-0.1810664943765546,-1.1290354392057804,0.16259215725542916,-0.026523087970314246
173.43978813073306,2.590533440840305,21.118745814558114,19.280147940527627,-0.2527473013705184,-0.04311088592404291,0.009685140338460537,51.46375923501406,-20.906016907155607,-0.1581310620608222,-1.0970567035929666,0.20168582022389545,-0.022819576519988085
173.6396634052822,2.509956736818616,21.188062521927176,19.24193398662021,-0.2527959127654619,-0.03701414152558,0.0019826779365614746,51.21864934440479,-20.9963932243289,-0.1445655500174418,-1.1180230200302625,0.20488344331680758,-0.020846086790989614
173.83953433216942,2.5020260119713322,21.114543478682382,19.294276424374885,-0.2513636452637628,-0.042041078620229856,0.011433717677447934,50.96615496269552,-20.832201316381983,-0.1719567271173203,-1.1346568481020847,0.29070076712789295,-0.023076454273088527
174.0,2.969152564373321,21.152680647470596,19.02495250143301,-0.2268973265315434,-0.03008842560705002,-0.0007350069356775821,50.98548984735525,-20.336955714916517,-0.3252221986375906,-1.1131301997482927,0.3965037049108839,-0.031035480005594966
174.03940092048373,2.9459800791676307,21.186015746798734,19.013286510475048,-0.2268641271752881,-0.02759223492398732,-0.0032670163592848816,50.93281707085766,-20.360504543895882,-0.3208376116971421,-1.1187813985523707,0.3920189100688469,-0.030474232638435832
174.23926318153187,2.969767566469949,21.13322128266304,19.03537786865944,-0.22391486850877476,-0.029892712099995476,0.002225021028704685,50.65331740033345,-20.257743857047014,-0.3404860525061824,-1.146558869703511,0.44688357866433237,-0.03194871648528115
174.43912112884522,2.9495309102733853,21.159014533976354,19.033387208255366,-0.221510273608241,-0.026691166731918584,0.0018086237252376322,50.34869970222919,-20.242263287470546,-0.34701510417188675,-1.1828225664502827,0.46816226635439256,-0.03243594244810966
174.63897477818625,2.8968400897647233,21.129876477783625,19.04150446244131,-0.2226259572972731,-0.028966517292747136,0.0031563966694783284,50.152510359567216,-20.084432234868725,-0.3560895733889531,-1.1774649817910234,0.5380276223010163,-0.032697417569915246
174.8388241475533,2.9111893864273317,21.077467420326386,19.052776358711863,-0.22043361479942128,-0.03125936012072405,0.006892948976406899,49.87185217577309,-19.946201371160498,-0.3725383995444743,-1.2004490191286488,0.5945009667883012,-0.034125707299425476
175.0,2.9517013226863766,21.013319238138333,19.42957982584315,-0.2167928430074862,-0.03434805197612105,0.02578355847817182,49.716511586770956,-19.870934593838022,0.03564859621163974,-1.201375178991601,0.6308451340135998,-0.009202294285912176
175.03866925718512,3.048886057359852,21.072615159564027,19.434990353856126,-0.20867111680880043,-0.027120371409197902,0.02746794042805658,49.48822430591374,-20.007775966907683,0.028391621998049246,-1.2729551992103296,0.5776769899104626,-0.010837387411614035
175.2385101295638,2.8249214955672226,21.25249976919788,19.40510050969103,-0.21412983203378239,-0.01686150021123436,0.015065668950127495,49.29244369225939,-20.009929199693985,0.05620784386736155,-1.2655762983863843,0.5856905485669724,-0.007143934030141427
175.43834678941724,2.8393347161997853,21.173204286382433,19.436720766765415,-0.2125890237744071,-0.021780179753465974,0.021738499624537107,49.02286733786293,-19.80559589376173,0.03902096376084778,-1.2792305654919793,0.6602628187635985,-0.00865259078176737
175.63817926372082,2.861529226394831,21.117229792189306,19.447625906363474,-0.21028006721387843,-0.0241995752613563,0.025126001849767855,48.72651813498812,-19.646801585868666,0.028413394414525964,-1.3020114670602247,0.7139424311116735,-0.009827790930307653
175.83800758169767,2.8679604925136695,21.01268392388472,19.46811584148594,-0.21038480263209927,-0.031218984376923855,0.030386593003840223,48.52378015415116,-19.342790097892998,0.014619511148499789,-1.2891241280791474,0.8138072557860693,-0.01061922616823438
176.0,3.124546450236702,21.159553269742247,19.282366442843276,-0.19240185797145348,-0.015982501984402403,0.0172863250682386,48.164335726868536,-18.553492724201632,-0.035043012141821095,-1.3340368617738514,0.9676510401251477,-0.010318208682661648
176.03783177481873,3.1458045578900458,21.064410040697247,19.27253883898379,-0.19399566075185998,-0.02230237663851417,0.01835672203525171,48.18054281602515,-18.423202303706674,-0.0370500851859908,-1.3092777389991803,1.0120177289845194,-0.010172321039612523
176.23765187680164,2.8157967105663606,21.32793363294052,19.284862407369424,-0.20240209597933803,-0.009467468522792689,0.007798321242380484,47.994705663636516,-18.32646814449388,-0.01214463233362427,-1.2932562961074754,1.0303928367884918,-0.006759340758227517
176.43746792360864,2.620002174074237,21.48868472815083,19.292437933872286,-0.20624041418909145,-0.001098622080248704,0.0018913156368952112,47.75498411227063,-18.211923004840163,0.0013775491994523787,-1.2967963027083131,1.0504800476485943,-0.004800117313214648
176.6372799534444,2.5793530376474894,21.422159693709354,19.259738431830325,-0.20925258402130847,-0.005828958037982012,-0.0013451624699001613,47.62860457412497,-17.895761130286893,0.00984532948322648,-1.2563437936118806,1.1369747135350414,-0.0031399920507179536
176.83708800675223,2.534506383135191,21.439727589131667,19.27657977315852,-0.2083626756362862,-0.00469072707319088,0.0006008155631524689,47.32939700461115,-17.68617041888166,0.003996362985100492,-1.2782712322755732,1.179685498518039,-0.003979108156699156
177.0,1.848780341909323,21.259051037634702,19.169972312811716,-0.24722140162147632,-0.02665683251252164,-0.005496061022134575,46.67063107891337,-18.05623216380475,-0.23412341496332778,-1.3516904589932799,1.139359683226593,-0.019166071745021496
177.0368921262102,1.986429525575271,21.149244959633887,19.185582988098943,-0.2415797522766599,-0.03136540279609917,0.0020528419933193154,46.54012121349808,-17.9879549957928,-0.25355207728745627,-1.381957630590988,1.1551413036312235,-0.02151811737752523
177.23669235672634,1.8848011262271005,21.23706392197917,19.205306369154606,-0.2412614905961002,-0.02590012535723267,0.0016088255279792705,46.21397463515434,-17.827517091040725,-0.2572407009649522,-1.4093184735531672,1.1775067385682367,-0.021426996114522867
177.43648874543294,1.595815148373939,21.487954822426104,19.22690229941726,-0.24698564947626422,-0.013045927071539405,-0.0061354920920318815,45.95441491434161,-17.732506327662136,-0.24207974245887554,-1.413770654711834,1.1785267274902385,-0.019364554740058052
177.63628134168064,1.5082602863154204,21.550324563145907,19.232223322465305,-0.24699395093445461,-0.009082336856100146,-0.007431275103032138,45.636488412740626,-17.56308173567644,-0.24339891750484383,-1.4358595043276177,1.201075121553846,-0.019210819684713557
177.83607019703138,1.3522372400346403,21.66247686069288,19.234437076026655,-0.24970060027712332,-0.003162071730215341,-0.011791192967650993,45.36644365996307,-17.40512413137158,-0.23624656707950173,-1.4411486060500436,1.2196382660445535,-0.017965526860304004
178.0,1.1411270718541644,21.782768283065817,19.106039610857056,-0.2555728307131562,0.0017033696998524474,-0.023068721227440886,44.73202831324696,-16.888082102249932,-0.3251706010510427,-1.5229690253788526,1.3210168906551834,-0.02047721684930947
178.03585536525117,1.120697031602,21.865171350889856,19.1081448117092,-0.2535141291897101,0.0076526205097188086,-0.024577097854669223,44.612181069809026,-16.939252315741086,-0.3238712538433968,-1.551060025331491,1.2917433192903953,-0.020772346323022436
178.23563690230202,1.1870050062726099,21.826069442876832,19.094847845014563,-0.24786311794750246,0.008019050542418808,-0.022205097478541717,44.19673950539534,-16.740577797948884,-0.3361016562340667,-1.6005842964900268,1.3105828341504404,-0.02205219751699578
178.43541486633316,0.8900586336488125,22.034676941928932,19.10694518833542,-0.25597178354481054,0.01668670245640369,-0.029954860716790932,43.98319550705727,-16.528489011374973,-0.3196358924030169,-1.5762128177340566,1.339529291310214,-0.019738615259827265
178.63518931767226,0.7388650350552561,22.13089797073908,19.102203226492836,-0.25912772573279924,0.021044636719043906,-0.03409577762608579,43.71015226793063,-16.302822129491904,-0.3128405872400807,-1.5734427837894558,1.3685508883688662,-0.018362717220367808
178.8349603188153,0.8147992846041135,22.001330157993277,19.095948865714494,-0.25551472512157064,0.014136991955998605,-0.028107251098884567,43.35525130647456,-15.922844324644913,-0.3315000828125032,-1.5935914988512132,1.443303317737752,-0.019969010530724127
179.0,0.9211034231845742,21.73941846630584,19.14599149306431,-0.25517848860226156,0.0006455408730822888,-0.0173512102117626,43.58774658481337,-16.29163493552573,-0.36194809577836934,-1.50381000751269,1.3610206446280213,-0.025739233100055207
179.03472793441682,0.9443856172671418,21.789569104895705,19.148922629910604,-0.251471508195337,0.005342839842094263,-0.01713373984776709,43.44928405530029,-16.340112868718297,-0.36538147978171587,-1.5394639705638244,1.330648454903503,-0.026408062362462147
179.23449223127895,0.9613748305404091,21.71827414369439,19.143070340043423,-0.2496973056309607,0.0017108370800429803,-0.014396601551277047,43.127343793623204,-16.030498979793165,-0.37725180384845125,-1.5518608947187795,1.3831074690992848,-0.027441944951794698
179.43425327834038,0.7696894564517361,21.821460829636006,19.153270409552697,-0.2549105902664526,0.005236683249313314,-0.018134132066194943,42.89782514222141,-15.74914271294134,-0.37190276184320603,-1.532359483416872,1.425052451528289,-0.02595805998492958
179.63401114666473,0.6026375728786102,21.926308764491626,19.1597026829688,-0.25859465046269153,0.009708139640390669,-0.02175447168776368,42.64092224048989,-15.498288348142115,-0.36735615004010913,-1.5244934493001931,1.452776931622304,-0.025113660089747237
179.8337659094286,0.5707698496518283,21.86459633817219,19.140345613823616,-0.25995108078724977,0.005340128353183157,-0.022091356788749288,42.417642272715256,-15.100711293758838,-0.3697957755215729,-1.502003103207611,1.5265787491548013,-0.02473237672106006
180.0,0.5949551336423821,21.782540798537404,19.332368994867533,-0.2582296603012231,0.0014781685756700908,-0.012035880227208019,42.16336305445335,-14.868386632778474,-0.13802056845918886,-1.5079449859982448,1.5546631398826458,-0.010187663256461834
180.03351764190907,0.6663451247774653,21.611938993233025,19.27874796591812,-0.2602159114668159,-0.008151674638174698,-0.013944150765429781,42.216648628767814,-14.690136950946181,-0.1326401324642895,-1.4671405379348346,1.608968638329312,-0.009003338455664566
180.23326642147094,0.32939536234856875,21.900769690842452,19.333143321531022,-0.26722403386442034,0.004735153630357647,-0.018970675815390137,41.959399387154555,-14.473966775685195,-0.12106941813287049,-1.4622565372335727,1.6116425342902578,-0.007260217858576951
180.43301232755348,-0.04516382706716382,22.26091473760133,19.414174006888825,-0.27352992768234247,0.021388230364574802,-0.022568177068317766,41.65225131943746,-14.326828199319824,-0.11313141935285755,-1.4773232192874988,1.589007943645795,-0.00623835309781059
180.6327554416569,0.018171198860991153,22.139878894155938,19.391890506102484,-0.2705578224279185,0.01543174299356782,-0.019436930389908565,41.336934463829586,-13.932470097334958,-0.12223845372311352,-1.486815382873541,1.6491108572068567,-0.007131264321057347
180.83249584732846,0.02865308831535951,22.125924354018412,19.417372745253434,-0.2658724827979146,0.015580391866135546,-0.013114376191986632,40.89058846406534,-13.639686736614856,-0.14140384010024598,-1.541899563929657,1.6690028962589427,-0.00971602892277656
181.0,0.14673941274661542,22.50135299565279,19.50585936685526,-0.24504416141205304,0.038951044979876885,-0.009919698273696317,40.96177185114319,-13.007641068478195,-0.09219199742048835,-1.4974406076519102,1.7490700482692276,-0.00630980176124197
181.03223363014817,0.18511610348893132,22.470382431047884,19.504219174791615,-0.243153993109542,0.03784941021788764,-0.00828843049584425,40.88637307039391,-12.950631664641476,-0.09670956997354078,-1.5081952324179517,1.7543245431455012,-0.006897084154142809
181.23196887771428,0.43245783566149465,22.12974608982149,19.41002905322793,-0.23815580668310768,0.021737132338884916,-0.006455664294988829,40.618956277546125,-12.431930584728736,-0.10293089298615826,-1.4955614562885275,1.847922936765832,-0.006917764642484423
181.43170167962825,0.21016039086574617,22.300808776320842,19.450933547566198,-0.24279951835496,0.028483687776554998,-0.008541378631386067,40.35510314436085,-12.107769057732249,-0.09798304607420522,-1.4892208772621507,1.8690414365906893,-0.006106533889165927
181.63143212747968,-0.15326030431344395,22.662280218073434,19.576333103104474,-0.24770373580939886,0.043963168989980796,-0.006288078223483046,39.98745261130735,-11.89847006109902,-0.10412356766888449,-1.522820405136935,1.8485042714324451,-0.007234530853311283
181.8311603148306,-0.32301256548985813,22.777020140896738,19.597304526714424,-0.25150609722052375,0.04805322108324082,-0.00864794797232668,39.73759270422095,-11.553031010042327,-0.0985456286062301,-1.510371537400286,1.8747063423142096,-0.006500093307349965
182.0,-0.5722509223940973,22.377550648504755,19.58792443670204,-0.27632732340696786,0.022850376159584067,-0.012196151293379979,38.75641517516867,-11.321362394262508,0.050687452345370324,-1.6365162661580699,1.9076801500663167,0.004912237872326538
182.03088633719972,-0.49221582982954326,22.28466858581179,19.563441921305717,-0.27431684805962137,0.01882577131936339,-0.011311058786428817,38.699887790201394,-11.230386348393077,0.04832165579104056,-1.6385471910711247,1.9243810504511327,0.004584099408874267
182.23061029204612,-0.6103940631001624,22.33844956537903,19.571169966492263,-0.2765533326542635,0.020551833549306453,-0.012635430554287801,38.40119595757215,-10.845947848838895,0.05311738187121426,-1.6344241615095465,1.957520326048427,0.005436512902118202
182.4303322787526,-0.4650218714395762,22.140203681981422,19.509395811785378,-0.2717593195138038,0.012238840253747125,-0.011329934363538682,38.05285417988028,-10.381560789608935,0.0498996340018628,-1.6449489559551072,2.0140656336882974,0.005481972113892623
182.6300523986089,-0.21689185575528003,21.893137748723834,19.448668161275172,-0.26154720570701406,0.0035286577691502306,-0.005939360162294552,37.57328366797912,-9.950445930500594,0.03420086248520822,-1.7002669344081174,2.051943267901309,0.003781825766332512
182.8297707547942,-0.20238223647346637,21.823853446549737,19.421933035034066,-0.2602278383412294,0.0006473847235518131,-0.006243106894875083,37.23761712095678,-9.50642844935268,0.035471041791522065,-1.7050350460388586,2.094534736304706,0.004027971583502238
183.0,0.2260344169610585,21.084246018851175,19.57287225503874,-0.2572991752483217,-0.03136357825502471,0.010626389547466995,37.16634270966488,-9.743884307804677,0.3523678676370505,-1.6614982398522897,2.013479700736219,0.02086478744864771
183.0294874523595,0.4331397381514068,20.84000627802797,19.48527429288448,-0.2537619379535392,-0.041603066354432755,0.009237871477264547,37.14208293873542,-9.600701590285844,0.3551735667360074,-1.649842120994081,2.0490884298578527,0.02142367037120942
183.22920259820913,0.6598691224375128,20.5335042327247,19.37073676854162,-0.24876455455194896,-0.05353936319072009,0.006773630614811714,36.836922293300695,-9.095223228720606,0.3636760014761345,-1.6421678738349896,2.113119114693001,0.0223350987849741
183.42891630108215,0.662343059403912,20.49371423143355,19.371952131957425,-0.24615631028286739,-0.05415505275044097,0.008879304388950576,36.45522662844941,-8.683811264213611,0.36212147205804174,-1.6658907265273173,2.138315554892659,0.021909949964185115
183.62862867153308,0.5191649104077206,20.597595440172018,19.43037150660662,-0.24676237845616134,-0.04931859598077672,0.011893502856958163,36.06719996061837,-8.31128601729179,0.35906074575730834,-1.6920032052417926,2.1474960003106798,0.02120835903560222
183.82833982191158,0.4560027819297027,20.593445627363785,19.431812151845257,-0.2475876614663542,-0.04935577361021975,0.01119235564616618,35.75206500832096,-7.868384323998797,0.36550037975794086,-1.6894129042023112,2.1807749983224785,0.021565039181040826
184.0,0.8053061059829651,20.285587893410217,19.41123917699408,-0.2351164585731186,-0.05889376221515355,0.018436055632601228,35.947440863144784,-7.867742878873729,0.36168975237598655,-1.6035933746161914,2.1279800572476786,0.018806930339437603
184.0280498663421,0.30914978045701125,20.71309456601782,19.562954998875878,-0.24924819235836568,-0.04420383325128987,0.01667287183166844,36.01311776481878,-7.854379467428675,0.37140839833693423,-1.5662449156217555,2.116722053797657,0.020062650397708857
184.22775892070206,0.32681174355730885,20.655384487833036,19.55501173191797,-0.24658821025898253,-0.045657772737162525,0.018106910696922482,35.660722400645284,-7.432114565977204,0.37110810078027995,-1.5825398155137829,2.1406765752928174,0.019587250095983597
184.4274671025995,0.15124903165289943,20.744758667952528,19.58753418541269,-0.25111717003559253,-0.042618198935348316,0.016291536164748013,35.40993116053776,-7.000954713354473,0.381142147680604,-1.5618573498865747,2.1671788960748954,0.020931716968984868
184.62717453134965,0.19897713670367584,20.60934585900283,19.518307657032665,-0.25124615690140645,-0.048067967533143074,0.01139268660423922,35.18684382228571,-6.491228605880547,0.3978565669330857,-1.5295719827260978,2.2196853372914407,0.0233986058656368
184.82688132795,0.5350273987446794,20.23468361191027,19.362621744410234,-0.24200319422800004,-0.061148839946202835,0.008447149860709538,34.842855582077895,-5.948227007426207,0.4069348604283556,-1.53809968411572,2.27719261799843,0.024311521929211547
185.0,0.7145502150920597,19.499933960777597,18.967437983870084,-0.25538493219404695,-0.09362616955096772,-0.007112981048972665,34.28607783201187,-5.965573711089111,0.23969754477881888,-1.5781346192502068,2.2346269529336524,0.014389611945160627
185.02658761505438,1.1626737540306014,19.130358641028284,18.844428362027063,-0.2400171034251852,-0.10541988049880457,-0.0028401866636006768,34.07929653756363,-5.88560004827012,0.22493887851448352,-1.6376573361046587,2.242983971686891,0.012348207373409456
185.2262935169456,1.243359030510881,19.03935914556841,18.834394295745888,-0.23356088638196668,-0.10652003351710583,0.0014497636317076902,33.63243368536614,-5.475050739623864,0.21482423256558997,-1.68494991822955,2.2497739138808526,0.010611339256712624
185.42599915950564,1.1368563668335412,19.037776057496817,18.83230245836433,-0.2372601507137833,-0.10711595172351326,-0.0013905868151319217,33.383404485212104,-4.974200103273944,0.22559125737171817,-1.6558839710632056,2.2917092190147685,0.011792330896996897
185.62570467018506,1.2695001701681339,18.827597208318014,18.73007358787282,-0.2346613484492591,-0.1142615863996725,-0.0064428114451858705,33.10674990377775,-4.441377113712618,0.23970389119732588,-1.6355894500726675,2.341138473486003,0.013538878856672546
185.82541017796902,1.332299895211197,18.710440520726923,18.687112438984915,-0.23147026851170371,-0.11723920865843016,-0.006750897463671052,32.74440911330167,-3.9627305541903954,0.24191112333709927,-1.6482513228981077,2.3664538509267903,0.013540408523201135
186.0,1.6973455232358956,18.321011204216614,18.723657231213195,-0.22078538626966662,-0.12927628674127112,0.0009673381402135195,32.69557414275677,-3.8024492755547583,0.4040599689221256,-1.6046907954040517,2.334719497002085,0.022357872197637307
186.02511581334173,1.8838166741632862,18.17298984840649,18.66782680945183,-0.2139155354374695,-0.13334718207611618,0.002404979553931144,32.57536317358114,-3.75056373563681,0.39877937336673,-1.6343257296160107,2.3338444482267624,0.021520971946602737
186.22482170824776,1.3350426009076497,18.56152555264585,18.857127144818985,-0.22938206670026787,-0.12099578644329058,0.0036451236054311606,32.39529376304556,-3.2927173965120082,0.4063141440441728,-1.5852445889784028,2.3511380270040045,0.022401405851277582
186.42452799605007,1.047526497041366,18.720654627243412,18.927447725548934,-0.23838048107278545,-0.11580178697342168,0.0012124864062497917,32.21446502202261,-2.811919931199413,0.42005799325108517,-1.5373163972923674,2.375605769538022,0.023810249520751094
186.624234811485,1.4443846132507299,18.31476639367683,18.744676164929725,-0.22554460803580434,-0.12828005301214146,-0.0014942605655504045,31.788032246481006,-2.2738344739602954,0.42694837343097064,-1.57239667417082,2.4171451073968364,0.024088492299058368
186.82394229061293,0.9565234170223881,18.694802409412006,18.97981186892572,-0.23484626996023658,-0.11480717447280112,0.008933610380045951,31.443564806756903,-1.891158041809904,0.40882782244127436,-1.5901434662675005,2.3980269753749406,0.021362551536540365
187.0,1.5885054115636126,18.092473809191013,18.900714139600282,-0.21650251338856052,-0.13270321107137947,0.015161063575821638,31.592624153269124,-1.8974688589100066,0.5221341993298332,-1.5102681618559246,2.3267946201339704,0.02581860924492937
187.02365057076503,1.3658571040790555,18.315595411920494,19.033854776519416,-0.21972712395173852,-0.1241207390091826,0.02215677967776704,31.507038281930477,-1.9176185362883245,0.5077524375314579,-1.534582350840589,2.296895408466936,0.02363738311957427
187.22335979048486,1.5521575659552242,18.119839271855856,18.960082765004937,-0.21141464082909234,-0.12861687251726198,0.023022017433590194,31.09286498451825,-1.4711597005307948,0.5072506510884213,-1.5730219239014573,2.3049229062930694,0.022887977300915564
187.42307008946466,2.0659306128855017,17.620355887456704,18.71272523241393,-0.1956020085680439,-0.14414874295380453,0.0168785563054946,30.661250838216393,-0.9207703647300518,0.5213703735805149,-1.6077293007158107,2.3525074232386203,0.02442016415822323
187.62278160847603,1.845327453164097,17.758346829726623,18.81657142053943,-0.19959993968489215,-0.1380425590807224,0.021519031065682658,30.3282271714369,-0.5154598626700035,0.5157383516974035,-1.6175318414266475,2.3399929857172506,0.023281122246979268
187.8224944892938,1.416211205049567,18.07506484324083,19.026724548364957,-0.20936155016182337,-0.125448976687593,0.030003989322692128,30.024451649159072,-0.19321709365847275,0.5010007344741421,-1.62224896170967,2.2970124475844136,0.021096536897806398
188.0,1.415356264852724,18.248278956200735,19.07931817729004,-0.19946014423352337,-0.11607051497743083,0.03533051440066636,30.071400446745308,0.24068196619687918,0.41423803425352845,-1.567929241317693,2.304120617746317,0.01423843374596498
188.02220887461277,1.9612451203470478,17.794468347041285,18.831593799643002,-0.18271691374169066,-0.1306420169877424,0.029606699755598122,29.91180883863892,0.3621213828329198,0.422268877464803,-1.6078479444828517,2.3357566824470024,0.015106988737029418
188.22192490795675,1.6306103865794384,18.030765683723402,18.995363201626393,-0.1901410860945067,-0.12096934097881704,0.036082794862226084,29.60483626748514,0.7388025062914855,0.4119384105620868,-1.611030520588171,2.3078999633458737,0.013639546284633108
188.42164273357878,1.7052862462718748,17.920165950549485,18.9516229377377,-0.18654155073006096,-0.12327271780147997,0.035026556804061804,29.243875537189773,1.1996821627151681,0.4157797986921999,-1.6257561001628673,2.315871270174619,0.01370698422530744
188.62136249635216,1.768945111537127,17.828695891174608,18.920086644111606,-0.18291165395447465,-0.12375589342720789,0.03533571300785123,28.852703567754002,1.6092211604815865,0.4154454906206519,-1.6529015016940711,2.303193142433521,0.013241724600277055
188.821084341651,1.7271753342508354,17.812112970950725,18.933247479849474,-0.18297014070367118,-0.12286204547728138,0.03602756522089207,28.5119996063937,2.039671557472103,0.41583635768887617,-1.6601664922803796,2.297691831922661,0.013031514462946274
189.0,2.2760609198666053,16.536000513095175,18.066770679637965,-0.19850177161911342,-0.17152896921401725,-0.0029028808108655935,27.746818168178788,1.7230307083354177,0.14147912539816893,-1.7213648436628899,2.1841898900153396,-0.0021899651368861434
189.0208084152201,2.2779796891065027,16.509945609903692,18.05505538626897,-0.1987692827203484,-0.1738153840660139,-0.004211698964655188,27.730840458268847,1.8200488831652577,0.1452407038388274,-1.7113553552921423,2.205364385924951,-0.001507135682925063
189.2205348630325,2.172554925851523,16.529701502919615,18.090215454870386,-0.20067392481360763,-0.17182655919033452,-0.0027213392611355404,27.398356431114482,2.2411569829491778,0.1418357996636785,-1.7127102992345866,2.1994265981428236,-0.0023654647343965035
189.42026383113424,2.0290279211681277,16.570764485607683,18.140179635681395,-0.20407975498527836,-0.1699971352494314,-0.0014230910032888534,27.094651911984936,2.6847426178614002,0.13957890124196223,-1.7020795300967397,2.201331361822431,-0.0024529171184959862
189.6199954654756,2.368476470347245,16.25564232532372,17.947215801485896,-0.19149656023933773,-0.17745159974294059,-0.006908708484251202,26.6017739699834,3.133821673581597,0.14800842309853582,-1.7544345180290326,2.208603196043423,-0.0017250890081780665
189.81972991172714,2.224340222860438,16.29343814406825,17.99481515904939,-0.19507345907317397,-0.17670779280738863,-0.006487879572987895,26.315996398477868,3.6245000590937497,0.1487822236037761,-1.7341024726247818,2.2256353379131486,-0.0018072889105715901
190.0,1.694300912142522,16.498344736546105,17.82660565870484,-0.21548805794577078,-0.17300367593630372,-0.020450706842366315,25.6632662974909,4.178266396830845,-0.16536409691250623,-1.7946255166573035,2.262100442449759,-0.020324393848384522
190.01946731508062,1.6056155751571817,16.540555604832097,17.85740709221813,-0.21908290523798496,-0.17306812373209632,-0.020965861376800964,25.684106356065673,4.260194508903895,-0.1629335326676918,-1.7718030130889253,2.277111572396662,-0.019777790320446218
190.2192078200331,1.7165977242412427,16.381508550556436,17.75409344706176,-0.21502815070754805,-0.1776174854223733,-0.02649607461482046,25.32674419454455,4.767732529030395,-0.15482867641543283,-1.7708951010890501,2.301190294227009,-0.018525939699660047
190.41895157015338,1.6580788882311683,16.36217518769139,17.765109323048353,-0.21496521483766756,-0.17674124453412315,-0.024854284731186328,24.95192557302554,5.207315257031499,-0.1627053610226438,-1.7822193792889478,2.2936375808892806,-0.019375046615646013
190.618698707831,1.1008935613759459,16.701374725097484,18.072745545604153,-0.23067528484957345,-0.16542030834379423,-0.00983503720006625,24.714851450271464,5.567551276007948,-0.19915995368439107,-1.753710640538532,2.2478970890968726,-0.022940050047518052
190.81844937400544,1.0042656028966923,16.70884555218881,18.111690375492785,-0.23204004967938902,-0.16284262958610587,-0.006266338568572852,24.349192807630264,5.94334446375516,-0.21343431939787508,-1.7657393481711032,2.2167043650268394,-0.024440644355955873
191.0,2.1945017882523787,16.258221879618606,17.795090250045604,-0.17531802446529493,-0.16439835101267766,-0.0009303387355945377,25.252598388750418,5.924997463795284,-0.38825954747608293,-1.5605246137524855,2.117627357770927,-0.03899239447159292
191.01820370787658,2.647860081958461,15.929993548359995,17.535259121221173,-0.1578262824943029,-0.17671199098586987,-0.011821873284393906,25.049860906947664,6.094295208108368,-0.367478394942357,-1.6169093510315404,2.1780709362598007,-0.03649627686349981
191.21796184659473,2.7131077518940083,15.825859666306105,17.471158095335436,-0.1547568572853738,-0.17897929871354523,-0.015068497482013565,24.70681858567168,6.552049672089746,-0.36792226834425545,-1.6209151781171123,2.184690814430235,-0.03607122872762415
191.41772392493047,2.3145900861381548,16.047860977968497,17.71226924974637,-0.16610016358739654,-0.17051374118653753,-0.0012924252151390696,24.451359154872723,6.887972026355967,-0.40567652725243253,-1.6055446114281136,2.1322380143013047,-0.040257192604462415
191.61749007492432,2.1434000310027055,16.106722245115158,17.799910530187006,-0.17143409042628382,-0.1671260405548998,0.003143386935250991,24.199778650290853,7.265194772510148,-0.42377881604874756,-1.5834833103020391,2.10411894292564,-0.04176233950198106
191.81726042551603,2.056417481219168,16.107151934960783,17.831301182290623,-0.17371533049044716,-0.1662856154911146,0.004072789929305695,23.929383354053467,7.684491317880192,-0.433864123277483,-1.5657018159281952,2.09526987433271,-0.042297103226308135
192.0,2.6805077717043564,15.39319808800658,17.379574630593346,-0.1632061577852968,-0.18787153253784075,-0.011833008258685992,23.785175897987514,7.549109058142368,-0.4807848906067814,-1.525793883032133,1.9963402069685068,-0.0442937453350386
192.01703510215432,2.718659980643338,15.386833861352928,17.379917785149786,-0.16037185907832863,-0.18528632268915213,-0.008321548215580687,23.686277274690706,7.498980073570973,-0.4911988556383781,-1.559332418859597,1.9591152405930867,-0.045800547936665624
192.21681422638727,2.7185329409510133,15.33452520195614,17.363304774930224,-0.15910671181764546,-0.184867257721688,-0.008179132830292337,23.352731619040902,7.863918065888109,-0.5013914314053473,-1.5668686937128977,1.936010411675582,-0.04633111749192817
192.41659791543495,2.5643925156306144,15.35315223575565,17.412824723138804,-0.16275758003107857,-0.18920935730241678,-0.011041450452709501,23.115609740918604,8.446716783305838,-0.499787600450646,-1.5272988060547288,1.9987944187496551,-0.04471238381032532
192.6163862817457,2.385835152096405,15.410538882419754,17.529703886349417,-0.1677598382150301,-0.18425246271573717,-0.0013882839189333102,22.834917672488746,8.720721297487689,-0.5326305893835106,-1.5237928216056331,1.9329830787245528,-0.04772429433735298
192.81617943253738,2.5423012657569233,15.260594848640325,17.389980280557253,-0.1569045227688789,-0.19087520219788345,-0.01041097924843264,22.29988189125416,9.269850518847328,-0.5193288915626904,-1.5934594245213787,1.9833024046929844,-0.04543540408438948
193.0,2.143830489499241,15.653122365096095,17.598586931365222,-0.1606397825892833,-0.1766688893363718,-0.0020728489436236397,22.012200941928015,9.964359240311879,-0.6281609829331882,-1.6012792647270764,2.0268837153483763,-0.05282771245387875
193.015977469327,2.131810231778485,15.664378973090411,17.61724056309813,-0.16029456914317802,-0.1752108889376625,0.0005746105539667472,21.96138294245271,9.958376956563288,-0.6354153991271176,-1.6139742534986579,2.0082554814273887,-0.05371883532632331
193.2157804874501,2.0669908612091,15.6460026328174,17.636952501575905,-0.16176251690259913,-0.17507168249767058,0.0011718394089178911,21.662840205149113,10.365491737249751,-0.6471360883539518,-1.6038421142046266,1.9970144276316721,-0.05397125867570132
193.4155885755744,1.9938057338012771,15.616632002764007,17.626101821069525,-0.16476394657449525,-0.17949072022739124,-0.006257803337065659,21.459898328322492,10.941204006436788,-0.6375699072078571,-1.548316781698845,2.0574512667270564,-0.051615484935427745
193.61540181521073,2.027109289939132,15.545038940256678,17.57695086545759,-0.1617558440187735,-0.18048947638318039,-0.008879958986739253,21.096927440246557,11.362096925934475,-0.6420308374683581,-1.5636784482742698,2.051560170247783,-0.05138814898429023
193.81522028022562,2.0930768948203906,15.455876784314144,17.493170573782145,-0.1586404949060887,-0.1821073327458316,-0.014974375939057007,20.76315338436435,11.80867282957915,-0.6375133145259999,-1.5647958383531844,2.0582277383758227,-0.049880490392545704
194.0,2.8145593186081155,15.163305362597473,16.990000964674543,-0.12464987545066676,-0.1839344288732598,-0.027428260528363405,21.143916322325797,11.92951088192865,-0.9983682415509394,-1.452331990809546,1.999544687753603,-0.07332974569078646
194.01504403636022,2.786056662566422,15.17294967779328,17.006572068799354,-0.12606256636515528,-0.18364450124222634,-0.026669063294443986,21.144817865713414,11.958896854115443,-1.0009447012948522,-1.442940789307739,1.9975535491532384,-0.07350576896788995
194.2148731407605,2.740614936009781,15.146291524469085,17.016380555794836,-0.12698363130621512,-0.1833537036699848,-0.025738554249196202,20.87055388006752,12.352947743206812,-1.0177062654582203,-1.4319320294419107,1.9815351837577806,-0.07421198861230745
194.4147076415239,2.7266893943230532,15.103277455164033,16.99970035244296,-0.12680917832746352,-0.18359744390625107,-0.02681892395012886,20.590458338905222,12.75506201762785,-1.0300299164740163,-1.4229612789805304,1.9710730917279176,-0.07436441936549225
194.61454757726906,2.7052773851254965,15.065330065593484,16.993839914442145,-0.12611434673018915,-0.183615416465633,-0.026459671025647055,20.281360536177434,13.143199553391002,-1.0458932966172159,-1.42600348263898,1.9544201079952932,-0.07513119805738773
194.81439297673265,2.7221373352709346,15.009512657310742,16.949700812381206,-0.12408349253477885,-0.1844739093067934,-0.02972045962801457,19.957607020770688,13.558472645945606,-1.0528383652612967,-1.432017795574011,1.951262984264165,-0.07467423971791387
195.0,4.191768535758469,13.495861949896256,15.826173726660208,-0.10233650081957357,-0.2320452213900945,-0.07651392639784763,19.856004187021313,12.493135228855412,-0.8796922143905164,-1.3607778482499704,1.6981938320169645,-0.05933343159412158
195.01424385840124,4.1292010699111925,13.538885992039415,15.915787662132114,-0.10157063031082217,-0.22878867122572832,-0.06540757258192115,19.754569903643066,12.418865737588177,-0.90605004442737,-1.400661627541139,1.645006778590336,-0.06267369844537911
195.21410023018296,4.064090500586593,13.513730598600276,15.943712075003704,-0.10493793724427294,-0.22682205447589315,-0.06109228622506303,19.542953509960743,12.694666328344136,-0.9287952538033264,-1.3701171530349439,1.5985110344979114,-0.06408356161310354
195.41396208912477,4.14322876205883,13.432288066779963,15.862677737250634,-0.09939994943825407,-0.2261707906053834,-0.06307090729932475,19.146153528509693,12.964281184282413,-0.9381455921780834,-1.4119885303977575,1.5575359737034506,-0.06428894953278544
195.61382942118144,4.423439708072607,13.270382157706182,15.627907332442845,-0.08826227312166134,-0.2221474802877759,-0.06910124797983153,18.665512655997716,13.066010665189845,-0.9408222558650307,-1.486630502239432,1.4596006364820295,-0.06369456621828049
195.8137022010408,4.232551370076049,13.298978495246569,15.740426392108322,-0.09088210739385985,-0.22591737128032172,-0.0672523407620238,18.331598207764664,13.528768869291362,-0.9546622486514896,-1.4931073464362243,1.4930422834245818,-0.06382377287210944
196.0,4.128701955313382,13.095683837792889,15.710725775437087,-0.1037343075824748,-0.23458701133193785,-0.07174302639649431,17.800711222067402,13.636419698344339,-0.833645545414679,-1.5210043979889045,1.4422967933197894,-0.054445590579576014
196.01358039201023,4.084264320523837,13.104690692643919,15.741879833174764,-0.10522082177137,-0.235469039631221,-0.07077408516427493,17.797289786372463,13.682059812316044,-0.8360037722676268,-1.5130090321568965,1.4501270573651135,-0.05453372609598863
196.21346394596787,4.05644023288639,13.058592400408498,15.726801272199529,-0.10450461184451453,-0.2368078195338192,-0.07279622861866562,17.470269054389796,14.010534375364928,-0.8416790234041495,-1.5182984221395752,1.441774651597606,-0.05361540770096379
196.4133528033819,3.9830469627519065,13.027177654048979,15.750465782268272,-0.10614333036001575,-0.23821816246228442,-0.07253637684425364,17.18825165864757,14.347987236176325,-0.8521994835677681,-1.5052796176486651,1.4354617693168223,-0.05421140515538915
196.61324689340032,3.9110934681292924,12.994361284364475,15.784245031349295,-0.10884923770623026,-0.23842116087833815,-0.0692939891534253,16.95355491621704,14.641100504510606,-0.8706744158601478,-1.4755818961686393,1.4091620843379604,-0.05527272660309462
196.81314613401182,3.9231813923714096,12.935468134437677,15.742180619557448,-0.10735220232489459,-0.2377791787546295,-0.06994732737637603,16.622549016659544,14.88828596899786,-0.8806163411895613,-1.4849172769998937,1.370719438649575,-0.0557163053882216
197.0,4.201940912265634,13.430720594210982,16.226848540500065,-0.0659143878959487,-0.20632115153751962,-0.03644978171370776,17.032362937606056,15.75396415208367,-0.781701564426602,-1.4039092826144286,1.4310381819104472,-0.05361227937539525
197.01305043227876,4.037220303449367,13.456369210161574,16.348114022863527,-0.07561196866877024,-0.20969414413745635,-0.032634367543408434,17.20232337437266,15.874721769570865,-0.7894798285873177,-1.3205853058880885,1.4685175305514409,-0.054457886504198603
197.21295968464077,4.017428257087285,13.41601580304437,16.34270234311228,-0.07451814520165648,-0.21053835011036107,-0.03396051510449453,16.898227682434616,16.188905510908835,-0.7969874043057562,-1.3277863694106518,1.4544242704308874,-0.05461606452184412
197.4128737772871,4.003489482377004,13.372992884710653,16.3368019170033,-0.07526535033331878,-0.21021637236935878,-0.033277881733787595,16.66335655768061,16.468506836314365,-0.8097739023816729,-1.3073941364544892,1.4255360102201806,-0.055250243366209116
197.61279258659528,3.9674031669901715,13.338845408412356,16.34092784311295,-0.07291426347751136,-0.21148124067671756,-0.03497643465334424,16.280743143405598,16.784780415065484,-0.8157877954522036,-1.3452566626863243,1.4138608655397584,-0.055425306364176904
197.8127159796315,3.973836982304066,13.288114778908502,16.329957604471854,-0.07287351663737153,-0.2101393437688166,-0.03144025223231705,16.037557315792203,16.99623481258643,-0.8365660863083383,-1.3289312063817094,1.3585552676333812,-0.0570502610322855
198.0,3.7955116710579895,13.399303606168552,16.680698852361683,-0.07621634886431028,-0.20406936269028428,-0.015271333461307289,15.720082764780514,17.438054609458543,-0.6212134793978339,-1.3349327175356196,1.3582908508298828,-0.04414705329126015
198.01264381470816,3.777437657247865,13.397012592669707,16.69572681993604,-0.08050291326871586,-0.20301246250553937,-0.011849963233302712,15.827215987046921,17.43403657581674,-0.6299991404042123,-1.280983082574179,1.3443338001390073,-0.04512384005709884
198.21257594199304,3.7925671456255436,13.355479869517728,16.67433951743874,-0.07834005840264273,-0.20150217470722817,-0.01072679311277232,15.523752260505955,17.647842658560144,-0.6419800630778203,-1.2918415899316846,1.2934260484951114,-0.045735960849269224
198.4125122041634,3.73607699665578,13.322857895144523,16.706226322442564,-0.07675695243302391,-0.20348342491159063,-0.011721237839687336,15.166318694491096,17.951471066982297,-0.6476631813551957,-1.322188985650183,1.2840703949739938,-0.04545136347625077
198.6124524370987,3.717183322232194,13.284606230844105,16.70134145648681,-0.07530779007626051,-0.20390033051109002,-0.013335559283855191,14.832841437702928,18.216590856190834,-0.6523805461739771,-1.3419433033314736,1.2612731590572686,-0.045216578963298545
198.8123964706043,3.7415828895627956,13.236912612385153,16.66876827822892,-0.07464768129246212,-0.20231211098240218,-0.012193090458725379,14.583010891407726,18.404004716827743,-0.6650567825214393,-1.3281679864896039,1.2077552834001328,-0.04586341027770943
199.0,4.42172352943091,12.822283687223814,16.170178156754712,-0.052142399762122454,-0.21451145501837726,-0.034434723242214534,14.636532876814503,18.030291357278237,-0.5677825689891735,-1.2655090200498282,1.090164050654916,-0.03683318652227347
199.01234412915898,4.4321338335400435,12.820605257666084,16.159639617793424,-0.04965289058898617,-0.21482102532059125,-0.036587045949467496,14.546891370039987,18.049562012379933,-0.5631084826936475,-1.2977633300286633,1.093017259181074,-0.036206291452050815
199.21229523267868,4.4341626060359225,12.77864436678838,16.135204956674027,-0.047528392965334045,-0.21505193116589566,-0.03962420494260541,14.216016534861314,18.275338934670902,-0.5630645006786241,-1.3211914473239317,1.069854834933721,-0.03561019437802692
199.41224959728936,4.469869631255933,12.736763679940143,16.08205749950469,-0.045689103612062514,-0.21316729838326257,-0.04098297816023738,13.920948314392641,18.437191696151434,-0.5673763412498058,-1.3280453119205413,1.0204402350107442,-0.03558718085094839
199.6122070361015,4.397518069728625,12.691798834533179,16.148751230622132,-0.048801609602297805,-0.21546666430308886,-0.03650412513236913,13.73856794944311,18.692031509352084,-0.5851669189160161,-1.286326926209264,1.004928447979755,-0.03715205517276376
199.81216735997972,4.371814771520856,12.6465814007196,16.165675913731725,-0.050469241981818125,-0.2161534827227739,-0.034442349774219595,13.55203870753657,18.91108397839837,-0.5979874630985368,-1.2495510489398187,0.979603418106727,-0.03803753781811335
200.0,4.325419863303949,12.509336171807833,15.83887427582315,-0.05550872256024926,-0.22269992844336714,-0.05040406573835702,13.267553738297162,18.984134769156654,-0.9116887841963501,-1.2457620019067253,0.9394269821096213,-0.05656282987874478
200.01213037830144,4.345104900730492,12.509752448962214,15.81749887848065,-0.056287611606332284,-0.2211973697677421,-0.049385792545842445,13.297541363853048,18.965851459313765,-0.9150991861118171,-1.2247262377316877,0.9234983678817126,-0.05690849229863296
200.2120958996982,4.361198658892828,12.4681249201139,15.77795498633371,-0.05687159287719713,-0.21969964407083337,-0.04921771371113762,13.100865932993596,19.119786904765157,-0.927445245901507,-1.1937595882521588,0.8791921784639889,-0.057527553769371076
200.4120637327752,4.448637630614839,12.4353143418781,15.66152102850715,-0.056146259160026406,-0.214848320541803,-0.050642007357315985,12.93490250305081,19.19064819883097,-0.9369544176942888,-1.1520125291040988,0.8074908043243054,-0.05746746650226216
200.6120336868046,4.368671112329376,12.384079748489244,15.728819697365912,-0.057410450968794394,-0.21805052452607343,-0.04862977135321778,12.687786928714434,19.420764520049836,-0.9526383410905436,-1.1460906370556794,0.7985736422549821,-0.0584501690097722
200.812005572388,4.308286048859199,12.33916955791625,15.769589819877051,-0.05588991694191618,-0.219544086135863,-0.04777124316977405,12.328648238269867,19.583166653594287,-0.9651364456865713,-1.1863323065484699,0.7639396061613968,-0.05867344284583416
201.0,4.046374631723163,12.29029535168461,15.778811433370421,-0.0699683378879227,-0.22260652628565858,-0.04850530447978071,11.907879788526639,19.773766236953993,-1.0799569192990421,-1.2018334645235567,0.739612502430362,-0.06566023345251283
201.0119792020863,4.051858420454227,12.288331228036508,15.768500616703601,-0.07194235798377387,-0.22196897857877904,-0.04699408684196317,11.968773913873767,19.774786334067397,-1.0845941575905065,-1.1657840949715632,0.732377110021238,-0.066083216370701
201.21195439101373,4.0177331014676545,12.236788229426615,15.780914427704735,-0.0730517201878323,-0.22327289265891428,-0.046386792637030966,11.758274679541705,19.94798825434577,-1.0992704965228008,-1.1442974828458423,0.7099530160381794,-0.06657168526284536
201.41193095739442,3.9397578952305667,12.177987106509821,15.84822919492545,-0.0722981666262477,-0.22656070501680575,-0.04549486534340406,11.432575773689841,20.140287678011088,-1.11368363720999,-1.174773998199378,0.6958499859929055,-0.06726778077111427
201.61190872308092,3.869841049047205,12.11507574167275,15.906336027378384,-0.07463344666865199,-0.23005933587619573,-0.04398004282989518,11.233486496594184,20.370992945905044,-1.130868821700318,-1.1486194490508403,0.6990623485418709,-0.06823967750134846
201.81188751403357,3.8151383271106925,12.060919771083693,15.937542944530604,-0.0750946274775145,-0.2320522008139393,-0.04473233088846528,10.957398216003925,20.567550244985675,-1.1422674066804266,-1.1576148098585382,0.6914575835263227,-0.06810155346216727
202.0,4.910274441600304,11.701988230892944,15.129852613491797,-0.024697854899894005,-0.24469451795019237,-0.08311393213133873,11.454681433493121,19.850691979091824,-1.0215140233484161,-1.0437286211349646,0.5506948174440307,-0.05554524083379855
202.01186716076137,4.9286410593201735,11.710959125856457,15.11214696386698,-0.022316122504691602,-0.24307901749539487,-0.08391019344156972,11.381237279029591,19.816910810499856,-1.0200016822877904,-1.0717600808012249,0.531727701379331,-0.05518783297606653
202.21184749872424,4.9022109219473355,11.65060296211009,15.11380096894147,-0.021930263403108503,-0.24505594411320142,-0.08680129847000456,11.106122670258989,19.977068516728945,-1.0243458958799256,-1.0905301179043212,0.5275934545186518,-0.054777039691190806
202.41182836869788,4.892501542739215,11.599458058018046,15.135850869076,-0.022456068979960074,-0.24479519424439078,-0.07848847840509199,10.978743286890461,20.00836259322277,-1.054463729250098,-1.0326701953545732,0.4534869786193729,-0.05721181255834719
202.6118096171028,4.882278421584187,11.558499035707516,15.11624223490713,-0.01876310600919601,-0.24366833906706092,-0.08108227581721726,10.588595552978296,20.04045502553615,-1.0581814594957433,-1.1015552487855507,0.39920775661999314,-0.05638828995027112
202.81179109629804,4.8795933708720804,11.511681744953426,15.093259288148328,-0.018568099993949795,-0.2434736368535975,-0.08214467850841686,10.35008559948428,20.119296543455736,-1.066837830329545,-1.0997115294778497,0.3670924766653078,-0.05644107529988496
203.0,4.716332509794164,11.641519583262149,15.336517030835596,-0.021458337848610745,-0.23148523895014791,-0.0664012946848091,10.106366091154955,20.564771071925314,-1.1355522560295204,-1.1027709269783363,0.38527824198918675,-0.06290835117412762
203.0117726648427,4.711001578223316,11.632616879720997,15.338645472633505,-0.02117936564196588,-0.23231889693286256,-0.06806522951041824,10.065610989210692,20.595066295672165,-1.1326819424310264,-1.1174518603647983,0.39744421084835047,-0.06252941830628793
203.21175418772594,4.754601213178784,11.620038120141928,15.250013631106958,-0.01922379958689109,-0.22813874636579137,-0.0714537836217592,9.807620241962285,20.598999138261824,-1.1372907905517862,-1.1255910660565558,0.33759497257735055,-0.062010911919959645
203.4117355365681,4.900434614425672,11.679228999143698,14.987115978595627,-0.014290112689155185,-0.21537681735274045,-0.08268248567333397,9.505610934674925,20.436858841328114,-1.1229332273674333,-1.1558669962141952,0.22380282221995337,-0.05891550831267935
203.61171658979535,4.862879505537587,11.612566232507136,15.031692472659365,-0.015045317255265016,-0.2181560917932772,-0.07971863175548918,9.282726076883929,20.522273375969956,-1.141824593720314,-1.1431541017620739,0.2011798099246244,-0.06028566345529812
203.81169723278896,4.763592676373587,11.50197045558933,15.191751288373645,-0.017364471247481177,-0.2259903329409596,-0.0710565952246544,9.0865553282545,20.69871745581243,-1.1753647591206458,-1.1170547503654757,0.20926592482483808,-0.06317926521156618
204.0,4.8612790361807985,11.25155860156479,14.683273839300002,-0.015674007702019516,-0.24189567050254945,-0.09761810743644961,8.917746294282692,20.38748164409552,-1.4857886577802761,-1.0974934500144709,0.13711518130708927,-0.08003717168145306
204.01167735801283,4.856068864046541,11.246210064389846,14.692867060465165,-0.01669847272747916,-0.24216194868922677,-0.09552338448583626,8.947065680244338,20.386189101240994,-1.491490718670843,-1.0740491855926357,0.1309957358491372,-0.08070540892046917
204.2116568651199,4.8816525647284035,11.224591923741977,14.622780325186557,-0.016621629290617154,-0.2392782471415135,-0.0966739749200917,8.75922953353142,20.361991767133222,-1.5051135200532166,-1.0502581077961304,0.07701405160708602,-0.08099865467963259
204.4116356610405,4.952610548596751,11.24413437561556,14.46616968149764,-0.015684642061034728,-0.23213203756792797,-0.1014346977688003,8.582064389188979,20.255038658292435,-1.5101664626443958,-1.0251002474235864,-0.0024355839946303345,-0.08004307510767873
204.61161366005442,4.952709758883389,11.20150514257074,14.438205518397737,-0.015407372734719585,-0.23170492894000005,-0.10195684239906233,8.368723991101405,20.240754129078947,-1.5247784455217512,-1.0174768722041256,-0.04324898378081898,-0.0801484005057113
204.81159078384826,4.968615072077232,11.17179761171889,14.380771627664169,-0.015207376930630755,-0.23001473532927108,-0.10344786957210894,8.175608820117064,20.199667819054977,-1.5371631820093012,-1.0020173675299013,-0.0901191698595928,-0.07966217566154474
205.0,5.167838358925392,11.41131020883609,14.693581405517786,-0.0002893426819553062,-0.20658653130193227,-0.08269243525776951,8.204154358488896,20.492897559833608,-1.2373019246842927,-0.9695674443649981,-0.08781205999908573,-0.06190699297256741
205.01156696156025,5.123063834519399,11.353931748150707,14.792240435452646,0.00047342099928175717,-0.21187186807898847,-0.07945125714524154,8.144225712155203,20.551046841234356,-1.2447756960778609,-0.9924121398468322,-0.06831010488559319,-0.0627285321112916
205.21154212981403,5.130113732303485,11.319305144852164,14.762029343418789,-0.00011614598054583865,-0.2111909176981187,-0.079367354483272,7.9740688453567365,20.528478916799035,-1.257829927421301,-0.9670773693015332,-0.10562820049417591,-0.06300134202608418
205.41151623274285,5.134250352927475,11.277940142411767,14.741833969444258,-0.0014794071462790885,-0.21134040460598105,-0.07835955905079141,7.836714110799602,20.524217643689195,-1.2737770340901646,-0.9281258727927681,-0.13222146777711669,-0.06361967178202851
205.61148922200587,5.17112187393436,11.282747346104237,14.638241863709341,-0.00042362810966385905,-0.20671973171266805,-0.0823503953415703,7.6466852707435224,20.400849754138676,-1.2760627890190026,-0.9181188180210892,-0.20225533293057205,-0.062438017261247994
205.8114610567975,5.166445815287834,11.241142166736463,14.622395381524292,0.0005393510399221736,-0.20649176166613667,-0.08324145100619794,7.419501892255341,20.33071872644713,-1.2853416160118767,-0.92508483183122,-0.2490419288844676,-0.062352989672319746
206.0,5.29672072375721,11.25581341905413,14.546756428248989,0.008713276616772297,-0.20212086984568928,-0.08503283935488165,7.371738847169937,20.301258604342866,-1.3017806105846406,-0.8988220856317559,-0.2787356033390214,-0.06283284196539529
206.0114317038512,5.287728959923058,11.238197524849207,14.573425015855983,0.01038958208193701,-0.20327829866832917,-0.08520551198417647,7.305740157409413,20.298978938866107,-1.3012277133107342,-0.9272476332463592,-0.2815801717010168,-0.06254511796770545
206.21140113743868,5.292047273372071,11.201596771974394,14.548570463023294,0.010973184372363297,-0.20284396697134308,-0.08627982323456866,7.099337955928037,20.231096290509555,-1.3109594397907587,-0.9272761882338159,-0.3204146596573453,-0.062464983630625685
206.41136933936497,5.282447854257028,11.14258423610357,14.562411431131588,0.011105197174624146,-0.20446791575695894,-0.08519694590294886,6.899773343329356,20.188563561526504,-1.3260378912684978,-0.9227567460615382,-0.3461616119999285,-0.06299977050323484
206.61133629896077,5.2923649656416085,11.103060204289283,14.54995193603363,0.009578306393502585,-0.204584846128004,-0.08196239297180176,6.813387329239447,20.11613065185985,-1.34771065705444,-0.8612522277452632,-0.382646792419993,-0.06458902678576485
206.81130201307192,5.289492492764434,11.069275408241092,14.517620700489493,0.011874440671835976,-0.20322226108408684,-0.08506956978743509,6.547222972836676,19.95439469577655,-1.349897195462469,-0.8927202446405299,-0.4507199600607425,-0.0631367060584512
207.0,5.526706411662768,10.757659177964456,14.105935181124003,0.02663927446530344,-0.22811274522963965,-0.11031542024178467,6.590629600507194,19.37773989917004,-1.4530463392248856,-0.8497768173376581,-0.5377300813996412,-0.06619600444372956
207.01126648604708,5.566058981014758,10.836743316425688,13.973067542646621,0.02764271778388956,-0.22097269205044445,-0.11811239296971754,6.55455852352948,19.284142307753225,-1.4353077144803787,-0.8684870202297358,-0.5726909873688878,-0.0637174601437438
207.2112297297231,5.569562616391592,10.788257858228222,13.95688166628143,0.02761167209716037,-0.2213349408105357,-0.1176579349134704,6.383406868623851,19.169951745013474,-1.4491317517835847,-0.8563917285632296,-0.6075267351474375,-0.0637891937295937
207.41119176340874,5.555411071080548,10.699436241601324,14.01202609085078,0.027263725789628598,-0.22508181664133384,-0.11273310606122372,6.230356083968528,19.091519680124435,-1.4741367300757724,-0.8326420987759876,-0.6276622407760061,-0.06576335343123109
207.61115261386695,5.5854563563393835,10.711466973607063,13.888003047387533,0.02761413075411356,-0.22026107361701308,-0.11874667912952307,6.05683328167893,18.884843731559783,-1.4716398393498609,-0.8282555059704649,-0.6908801929377407,-0.06373357437396564
207.81111231529434,5.567969379535881,10.615860400017414,13.958973675945423,0.027663363781263012,-0.22443389862102175,-0.11339694262153183,5.886484670527932,18.805442534674786,-1.4982662415168229,-0.8157954708633223,-0.7055597405440265,-0.06589315835557934
208.0,5.148499324918436,10.635562831882499,14.314055377903932,-0.0006206953543421538,-0.21614305218419452,-0.09262238785090968,5.307048875934795,18.934235199401552,-1.457573443736513,-0.8571048996876618,-0.7165720397778326,-0.06453199816901113
208.011070909299,5.1559676186607115,10.656631856516523,14.277417745713377,-0.0009130166902158181,-0.2142311989754094,-0.09431706029057012,5.30789872715091,18.902325859147016,-1.4543480203741699,-0.8517664512707666,-0.7280384085635733,-0.06396475664575021
208.2110284448749,5.110642042967222,10.47247012719389,14.489012261000273,-0.0012845522455197807,-0.2259788016714727,-0.0802574760960073,5.151713758979923,18.918596575498995,-1.502195717387432,-0.8243239542212006,-0.6976109506873122,-0.06873401768947607
208.41098497837245,5.103924699959737,10.403422157061804,14.510967954223895,-0.0017084340907724603,-0.22820793389248806,-0.07773735456713093,4.990048382725657,18.833007745519875,-1.5233510087960116,-0.8104238423716102,-0.7045211752246094,-0.0704248899745634
208.61094057346529,5.106311817926677,10.36604737228222,14.481440707389938,-0.0016760027312673065,-0.22748066634371947,-0.07852049783550284,4.834233125907594,18.669763882899858,-1.5351907700455794,-0.7952066907617037,-0.742498475456123,-0.07053035609489783
208.8108953011103,5.120071904405346,10.364599980147108,14.382894190004437,-0.001155871902889635,-0.223502374270735,-0.08386334213224236,4.692734260253357,18.396261394188016,-1.5331933360172496,-0.7752516779091632,-0.8213225431907094,-0.06837475610582594
209.0,4.923375356289028,10.00033573325355,14.530559378360026,-0.011181850710705167,-0.24933023517519864,-0.08187004785968585,4.343457767819357,17.94794175339751,-1.4682463372626562,-0.7805678808079758,-0.8923665096940149,-0.06276103782845051
209.0108492395017,4.925693848398271,10.011484451088599,14.509079480239738,-0.01028292691258079,-0.24787301876733844,-0.0841682520990687,4.3108685786040715,17.904764474953524,-1.4623829148394438,-0.7940703486273087,-0.9097037475392977,-0.061764967969188844
209.21080247401616,4.911353772701539,9.907806381649198,14.576988554627192,-0.008671319326662399,-0.2518508270947339,-0.08060538658212278,4.099943953520755,17.76721190973857,-1.4827193470948203,-0.80861009553787,-0.9238557913001488,-0.06312877324850784
209.4107550971478,4.912534583220741,9.88105247607831,14.516759098871335,-0.00813495246311567,-0.24984840087758892,-0.08449476918984318,3.9079658328849516,17.549247443281885,-1.484900177653813,-0.8171718452243576,-0.9673306799378176,-0.06176001835019583
209.6107072084318,4.905483531832877,9.811888004609115,14.531708904343253,-0.007740451828793132,-0.25139322894086935,-0.08304321942344303,3.7159353022538597,17.39143119264604,-1.5012549663008736,-0.8223772319493203,-0.9832627903684302,-0.06243209106876886
209.8106589143532,4.907985425637399,9.748858776041732,14.541311921853014,-0.007905663055947974,-0.2520372432973671,-0.08018685493228556,3.6204966105533134,17.148120377007828,-1.5203916379862306,-0.7736451519952248,-1.0322447479505235,-0.06344080068455522
210.0,4.959299974724738,9.30675348695787,14.526601446929845,0.0012158561762403864,-0.2849240269632103,-0.08797661017629584,3.531416124854268,16.5258796551925,-1.516926789062056,-0.7507799736370265,-1.1132584801813104,-0.06087319352440711
210.01061032824023,4.956784828132131,9.2756949493561,14.567847667735897,0.002282501080067204,-0.2869638287122748,-0.0861940314906716,3.4943949483601466,16.538285212035525,-1.521499569069872,-0.7652953209428427,-1.1051655140093497,-0.06144191393766839
210.21056157013808,4.962552897672236,9.271335531456913,14.46839067485041,0.0006656797428641345,-0.2829261456852401,-0.09020947493469973,3.397621620307181,16.24898245337946,-1.5239543132728828,-0.7262651563033212,-1.1620117730696125,-0.060293535930623116
210.41051276666178,4.975298193919158,9.308481458569732,14.292966294874743,-0.0020904171043618996,-0.27638515267496344,-0.09803837921667839,3.3353273160816683,15.936114203885428,-1.5176064973574994,-0.6777760883973143,-1.2210540359874107,-0.0582758656021228
210.61046405082465,4.980613171787501,9.288988707049972,14.211777673144223,-0.003212093551519614,-0.2740788799660018,-0.10091146074242523,3.232765151033174,15.67137707033665,-1.5228240493608955,-0.6507145208402917,-1.2571891077233344,-0.05773754798154667
210.81041556183925,4.980902166892306,9.254541971121222,14.151174987243353,-0.0034496329887050104,-0.2725484211508953,-0.10382583721998809,3.106208279399741,15.390522712954349,-1.5264643333262793,-0.6374622161661163,-1.298400002586363,-0.05730376462940458
211.0,5.122056412922465,9.388209946765645,13.855874938983622,0.0041270510983466855,-0.25895136342964253,-0.11393628351327095,3.14458442432667,15.288367850377295,-1.7114397366069098,-0.6096589962871706,-1.3033634654195787,-0.06827474482779064
211.01036744488854,5.1213735400211515,9.348762108496558,13.91671249165353,0.005377374005307177,-0.2614113137535548,-0.11069977107601413,3.11617765634301,15.293197456473846,-1.719226734110016,-0.6180250007363826,-1.2981004880591043,-0.06913886328697921
211.21031985086313,5.119997902743594,9.223206159573508,14.01852590454053,0.00822864593388785,-0.26614675772668717,-0.10485047185301219,2.9299863158764246,15.067079151006967,-1.745801571487491,-0.6323374827433128,-1.3148701308790438,-0.07111098051244259
211.41027293606194,5.1182053912017995,9.166246690890393,13.994815955575117,0.009219419168670678,-0.2661191030123318,-0.10687568857150434,2.7605665209494323,14.796657395636704,-1.754093272363436,-0.6444476026850824,-1.3469956460439108,-0.07056566159576869
211.61022686185336,5.119438200110433,9.080334204694333,14.035614777656585,0.01020784123810746,-0.2684887858829171,-0.10303340842165641,2.600216361283965,14.565837988816435,-1.7782550555956091,-0.6467332246523192,-1.3588246250925848,-0.0719305735864979
211.8101817942933,5.1298775815644735,8.969571025543178,14.144010887577698,0.01095262686139761,-0.27257911028457965,-0.09242521147911985,2.5002684356430547,14.337744447119723,-1.8210321204676139,-0.6112993684162686,-1.365265822980494,-0.07576765357225967
212.0,5.318022993913833,9.057046824482788,13.81743416065736,0.02277234934906507,-0.26364334941159984,-0.1055997384690834,2.600980566285149,14.165830457471156,-2.001674166644108,-0.5787646666177105,-1.369764185735575,-0.08618389919283201
212.0101379036979,5.305815945057642,9.076465395934111,13.759405454281545,0.024787929830862428,-0.2595102745902951,-0.11653390846249054,2.5502459430686972,14.014977269612192,-1.970780953129917,-0.6078899335800542,-1.439463692242119,-0.08113187999846465
212.21009536416796,5.311184563933364,9.02103704969177,13.741778615687165,0.024990372277913512,-0.25978615445942965,-0.116249471962804,2.4229792446621277,13.730098749979481,-1.9877832388525252,-0.6007186732047376,-1.4641888586484129,-0.08157181238783676
212.41005435306317,5.313586072594655,8.992494947499182,13.672076061587283,0.02406553483327,-0.2581120899007701,-0.11926321772735436,2.3282104794530762,13.40883321210591,-1.9964813351170592,-0.579687490062675,-1.5011928759226234,-0.08061276017522133
212.61001505042486,5.323546138009658,8.930933772706721,13.680802296679891,0.023723306721936437,-0.2586632908420935,-0.11573726440169399,2.258715054381451,13.091744265422387,-2.0213572759436547,-0.5415331789398365,-1.5313955334934077,-0.08236970706440735
212.8099776383455,5.320991805539307,8.91607007223187,13.564425042108132,0.022615687807841737,-0.255958696172534,-0.12332619149980663,2.172698834922403,12.736009281686933,-2.0172936492252136,-0.5252115155387048,-1.5776498532343382,-0.07986744135733422
213.0,5.3488788458583,9.143961241864002,13.47383207435329,0.020158168910899457,-0.23713492895547592,-0.12328145272049018,2.1479819170564953,12.656333323717714,-1.876553282711984,-0.5050086638260979,-1.5642652607796679,-0.07059809754875795
213.00994230028584,5.348518867290612,9.143345026786555,13.463751697745723,0.02037926293973585,-0.23696387520459233,-0.12447358135398416,2.13345669936271,12.639551180535527,-1.87432047636366,-0.5106817454653009,-1.566822805328048,-0.07016548815333865
213.20990922033982,5.346698997017806,9.120081649786396,13.384022021850972,0.01931896427785639,-0.2353791231353381,-0.12830993976987862,2.0495468286095955,12.309038951227702,-1.8792255712464627,-0.49293035729840246,-1.5983880412503708,-0.06916738720644754
213.4098785824489,5.364685666745746,9.014868719807353,13.496049576677848,0.022015334528526012,-0.2390747783277318,-0.11881213976071481,1.902611263858364,12.020860639680494,-1.916176783671856,-0.4973780689805287,-1.606363196131013,-0.07268339683921786
213.60985056956935,5.365682477527276,8.990564966617189,13.42527231624856,0.020347295082596965,-0.23754833914235823,-0.12094493681987317,1.8638966453850063,11.670851780370656,-1.925358061032541,-0.4569416919682752,-1.638425848127769,-0.07230203080104675
213.80982536279606,5.386021408381447,8.882102150508487,13.575786832912407,0.02362000242154833,-0.24180668805233785,-0.10736240134135233,1.6747219572159369,11.414768716680825,-1.9760436432430852,-0.4811745198541976,-1.6278001913795657,-0.07690109094646363
214.0,5.676468642276189,9.02344348233116,13.302502436822822,0.043504406845457255,-0.23227686264482775,-0.11927374348293114,1.9676953523605718,11.23437299398532,-1.9085420899636314,-0.42651639870071867,-1.6094987947259272,-0.07182432292483906
214.0098031404487,5.6755114252423535,9.01615258623216,13.30379154153567,0.043774264114039424,-0.2320036406225319,-0.12086264802740149,1.9655519127878562,11.196125771325761,-1.9043049145856168,-0.4246467363162068,-1.6217023202297327,-0.07103728745787495
214.20978407712678,5.681059243229339,8.97159226451446,13.266440391102185,0.04349207555135711,-0.23149920374475283,-0.12290977362075349,1.8943977638084064,10.850618790402947,-1.9128026851748505,-0.40619574421462723,-1.6492213729921938,-0.07070723088064608
214.40976834274142,5.682506098961809,8.947536158713351,13.198566127193782,0.041392939918586856,-0.23029010494016947,-0.12411061098943356,1.8747075656613097,10.508662755188698,-1.9245541588759214,-0.36453828287440226,-1.6702050834918671,-0.07107366232039128
214.60975610153412,5.706711622298326,8.868438971480092,13.292375397028813,0.04408404755718162,-0.23270369124125168,-0.11421260976537072,1.7252474301946903,10.213652644362236,-1.9645518541683615,-0.38157014983938703,-1.667503343754256,-0.07470931502276698
214.80974751109167,5.720688677653384,8.786203301111271,13.319110293063495,0.04659596245989884,-0.2338186733932283,-0.11589737543358448,1.5850985872572008,9.84860712728697,-1.9723234179518199,-0.39759416339468573,-1.698157564713252,-0.07336966357906086
215.0,5.234214636943031,9.180042661981489,13.38385452517774,0.0012325899743367216,-0.20203549515108318,-0.10343192824425083,1.0549151381156059,9.960334325095161,-1.71313323412106,-0.43552038092529083,-1.6559872189055957,-0.0578771248157389
215.00974272136997,5.223982894559425,9.179506608169048,13.381559551709293,-0.000905978906194265,-0.20104451537324067,-0.10407045852230692,1.1258270533448929,9.90317534894737,-1.7105602478360487,-0.3937672230739423,-1.674107223656055,-0.05728177983384748
215.20974187373784,5.2161853700968575,9.147496228360273,13.317563670558885,-0.0019339984418366993,-0.2002573642697738,-0.10837474060699279,1.0736931742088203,9.552337135665045,-1.7112450232360514,-0.3700527565238254,-1.6969986479196943,-0.05608486621439052
215.4097451000545,5.228188744827055,9.087191002253947,13.365716044860665,0.00026003927520422496,-0.20130183024149612,-0.10400247601809685,0.9491570096590164,9.212914865529175,-1.7326604550344396,-0.37875701907230364,-1.7085896321819722,-0.05747262155963182
215.60975252179335,5.226572920408188,9.045096049552539,13.324437658678669,0.00022449031046087347,-0.2010292003619385,-0.10738069699453065,0.8793028669443059,8.854816300902835,-1.7348407004344302,-0.3653996017705584,-1.730159623843241,-0.05639638072076119
215.80976424922463,5.214218583099011,9.019172652599872,13.187257099050992,-0.002305691115988416,-0.19961854393896367,-0.11854777106951149,0.9003682546872319,8.477560280568179,-1.7162231898012277,-0.31467087028832347,-1.7611691931713893,-0.05283942746285961
216.0,5.190517568708971,9.25924446579151,13.112496717082943,-0.007027110490205395,-0.18336401343698447,-0.11851654934841381,0.9403617301595618,8.44107207982181,-1.4067097390131424,-0.28897902223562727,-1.7149024463153895,-0.03273303280913015
216.0097803806697,5.209193443874627,9.236303163031945,13.2132549930067,-0.004622931270545387,-0.1842924651621737,-0.11099855164263318,0.9033704062712885,8.416273394632984,-1.4236486053661288,-0.3011071747023626,-1.7142005263912907,-0.034859756063226485
216.20980100183834,5.1922424891314325,9.214145536217819,13.122732954308985,-0.007434396808935283,-0.18366830390494193,-0.11493802992786648,0.9103812876323559,8.07897650543822,-1.4218722110895858,-0.2569678220830683,-1.724438613848839,-0.03371698261782208
216.40982618525902,5.175636664245926,9.190064659115974,12.967046333764593,-0.008857809137035672,-0.1824599992194106,-0.12912341291170906,0.8782022946581208,7.717395461150304,-1.393322494788615,-0.23894265816985075,-1.751408381254485,-0.029356682444422154
216.60985598981154,5.198220055523931,9.12229462856615,13.065895620356008,-0.004496703606301931,-0.18308632611411246,-0.12402871042679439,0.7282895092198911,7.320294706122293,-1.4092183995702439,-0.2675291678153136,-1.7772852818186422,-0.030387154878454562
216.80989046036794,5.201215220279911,9.08218453554435,13.072536850389698,-0.004308428173063395,-0.18331777269845903,-0.12075900306573378,0.6813098199828851,6.964832965040119,-1.4237153751794798,-0.25074896595722324,-1.7847550330557198,-0.031830902828124556
217.0,5.230341448148223,9.197548249906536,13.294205772135465,-0.00240907721527862,-0.1762028503450075,-0.10895327505752556,0.7834899913606999,6.8359286718110965,-0.8400208190970782,-0.2193918827241372,-1.7427274528079846,0.004601143377939834
217.00992962754782,5.222877779052294,9.197792211982883,13.24496267983806,-0.003626624085961321,-0.17578200681865822,-0.11410268729269107,0.8108376464666731,6.812486103624551,-0.8276385498728757,-0.2046638041583087,-1.7495652175809777,0.00636118246763425
217.20997350758958,5.2280437783087,9.159811467264403,13.261050050164668,-0.002776798049955445,-0.17598030959147695,-0.11051822449186044,0.7532089407769055,6.46083145210206,-0.8348308737107729,-0.19827636474821278,-1.7551068061871598,0.00546856066770589
217.41002210233842,5.235448580348941,9.120632479174564,13.340144080781945,-0.002688728592179259,-0.176902099871082,-0.09769909729061302,0.7318376944606958,6.132619933004404,-0.865909185031973,-0.1728738710018077,-1.7426701615281315,0.0017071318601823461
217.61007539934977,5.231046813232404,9.093532726456347,13.343588630945113,-0.0019782545949843487,-0.17719615288248478,-0.0932115269447044,0.6446146803044259,5.8032318470404745,-0.8783084736782699,-0.1847069678578784,-1.736508949662034,0.0003415250448776132
217.810133372103,5.2636587636352425,9.023294302448365,13.381547678167564,-0.00032960030105868123,-0.17646380825204785,-0.0978003627371131,0.6692542739169363,5.363648427075462,-0.8606176748254297,-0.13664963771831615,-1.7768012625596008,0.0034545567309685905
218.0,5.26287448122457,8.754430547837583,13.829900958877717,0.0011429379592356025,-0.18999207189445091,-0.07852715229001267,0.5275667575995548,4.690459972885424,-0.7064065154709855,-0.13166614048691438,-1.840156048576579,0.012754238275571577
218.01019598032036,5.26737123033393,8.753166230002453,13.833102169195827,0.002126177179072983,-0.18965651730421831,-0.07955495063590962,0.5011700716890257,4.659546680927423,-0.7035131225114869,-0.14382504565014298,-1.8462977936903358,0.013160981926362541
218.21026317038303,5.2667011588034685,8.715058194054274,13.844394406329886,0.0015422880330276,-0.19028617773438278,-0.07436112155044085,0.49148628694006696,4.311168531172865,-0.7140108040094656,-0.12002511676539764,-1.8376147756030903,0.011548522409168434
218.41033487583456,5.26066635264407,8.68708671212992,13.878523425144781,0.0019407422364711832,-0.19142827943180094,-0.06370579206816444,0.4202471007646953,3.990625119106545,-0.740545331750422,-0.1299946991557851,-1.8137026490064168,0.007577171448016434
218.61041101796224,5.255846862082765,8.653759498000111,13.857304403433249,0.0026257570071874094,-0.1913342078977988,-0.06447809217930596,0.34547251012301367,3.625484141084913,-0.7376177874306913,-0.14109325829732053,-1.815674867233108,0.008111793893369258
218.81049150644378,5.261190151747211,8.61280541600298,13.855242321411968,0.0027314364167617183,-0.1912262672535643,-0.0642591936357556,0.3309993408999773,3.2548143983846742,-0.7359533234493439,-0.1216150847529193,-1.817407342773678,0.008515490390003886
219.0,5.4478078480288055,8.450592891562838,13.773200631344297,0.018167779899744795,-0.19841191949849235,-0.06979719869005933,0.4228903888282805,2.697323238157129,-1.007363071869631,-0.09836775026112039,-1.8539611661947033,-0.008182338100365462
219.0105762400491,5.441297690580118,8.451412439429479,13.75834443807253,0.018303664287749426,-0.19903406883919555,-0.06882264677036366,0.39608442591530013,2.696035531917331,-1.010986961233944,-0.11281537075890796,-1.8459614728909468,-0.00882117217392603
219.21066510738373,5.491521402382233,8.403792780107814,13.822360430061718,0.020816657321689514,-0.1948085899188105,-0.07710882123365753,0.41710045497041326,2.1883190551240363,-0.9856975195547795,-0.07083872499803807,-1.9041171838158737,-0.00422690364554093
219.41075798766337,5.494840871116813,8.36332305061692,13.774817200228481,0.020794673527737773,-0.19420212676931206,-0.0828430467671196,0.4069284988314803,1.7854514499214027,-0.9716533512173171,-0.055571666103246285,-1.9168947592079575,-0.0018574232443902719
219.61085475150753,5.4963202175004895,8.321710643654903,13.729664835011127,0.020113707744520645,-0.19417943881090421,-0.08609346998942381,0.42291934658103797,1.401349321431067,-0.9636476869065281,-0.02960988212887304,-1.9199036832623955,-0.0006876728310226184
219.81095526174178,5.503836942824679,8.284956395121087,13.740426264996453,0.020589370823854147,-0.19417987791114996,-0.08296119283463135,0.40433531278578505,1.0180815113400343,-0.9718753585248581,-0.020573477981858195,-1.9159379880455534,-0.0014558390985377416
220.0,5.67153520440582,8.293947419388447,13.642136276064019,0.03476623331016758,-0.19266572616364308,-0.08841374598092501,0.658932463527647,0.8324859545387551,-0.8251985507834365,0.01929362083443966,-1.873229016021614,0.008585327673816076
220.01105937419922,5.655902954055945,8.283369898605844,13.561894483774203,0.03212492598254235,-0.1927398250483623,-0.09698377119761037,0.7255542246598438,0.8143891335437436,-0.8048665556359694,0.05270754409228897,-1.880249316402878,0.011514828124360556
220.21116693851155,5.6515204342184235,8.241917984569222,13.472111363906446,0.03161977638926791,-0.19233766242065867,-0.10611235766122842,0.734213303343668,0.4213568812185835,-0.780621115708497,0.06517945922375673,-1.8924070569552514,0.014782821732973659
220.4112777988829,5.680691736148893,8.215125323146125,13.552907742755364,0.03406633225491916,-0.19129554378463243,-0.09765835302403694,0.7011617482208241,0.017372212112039355,-0.7973119140188869,0.061665063825235705,-1.8904114322297152,0.012785191258895625
220.61139179483925,5.679857579663006,8.168957983712387,13.489102182288393,0.03231313338311007,-0.19195033194534727,-0.10074585780175292,0.7770882015835059,-0.3384801976020574,-0.7872096975913627,0.10515453576151404,-1.881919271854803,0.013970105960289522
220.81150876194818,5.694624972847631,8.136701176656109,13.509946202474259,0.033489567667122196,-0.19131924081874352,-0.09799454114644682,0.7652971396218183,-0.7346663417586384,-0.7909284391125595,0.10715633785502804,-1.8811345156184918,0.013653666497015944
221.0,5.7015699216719655,8.034983622509104,13.799834004022246,0.033380580561694774,-0.19519282556147888,-0.08418709099721121,0.7443546686019777,-1.23399151718866,-0.5874187975002556,0.11970913475581932,-1.8985817589140013,0.025658961716930426
221.0116285325047,5.720430527201601,8.044824673533375,13.874063214864545,0.0357215448254177,-0.19465616284643517,-0.07650740836542333,0.6953131108949953,-1.264057037093816,-0.6048573906199094,0.09671546408250714,-1.8933984098093117,0.023205896643128422
221.21175093617973,5.724937181777402,8.003692313464922,13.834772976990834,0.035086128790922926,-0.1942251712696138,-0.0807176632534916,0.7386854006325038,-1.6550295339707404,-0.5895995001560792,0.1221359482936088,-1.8955821580764196,0.024622302872870705
221.41187580062905,5.735762389852942,7.968881250218602,13.841438932325461,0.035795221714442736,-0.19419517768851366,-0.0778369827674502,0.7411504868531169,-2.032534970553168,-0.5919501644780263,0.1260558426213826,-1.8854246488674322,0.023825371088412366
221.6120029520611,5.743319493909548,7.932233131993922,13.833137501557124,0.036295146465105184,-0.19411493827163362,-0.07708958601783376,0.7440833909068278,-2.412772986745446,-0.5892303269618854,0.1295454409069079,-1.8778044877771265,0.023728585135860847
221.81213221576328,5.75578966671863,7.88821544253441,13.79566441684798,0.0351023641017958,-0.1935715191587304,-0.08208151231743069,0.8539812033785885,-2.8019129735443298,-0.5700114748084126,0.18130576048615824,-1.8782533180049852,0.026203972607997623
222.0,5.834983110605589,7.641064046164002,14.645127380574326,0.038212582033730146,-0.20561912121343112,-0.042889632126996785,0.7284892105017026,-3.881127711939519,-0.2973531326781744,0.18607552294782365,-1.9950722160868026,0.04067709852045199
222.0122634165869,5.84206810067139,7.645703213508326,14.654366812394077,0.03949693322184769,-0.20480333763752498,-0.04348560317088404,0.6959340373909688,-3.925727083295588,-0.2953018786833706,0.1695261558013534,-2.0025949806907097,0.04084112490962954
222.2123963793907,5.847133627315229,7.601794479679197,14.63489055525952,0.03892988695407994,-0.20490980474656575,-0.044710936658320904,0.7491452932212916,-4.3236231573240245,-0.284023523820326,0.19284343631115144,-1.9953505552241797,0.04189171269598458
222.41253092944513,5.864285334314102,7.569636860984559,14.682691131893272,0.03983887090937335,-0.20535607047599364,-0.03552306948587536,0.7668970639711006,-4.695574468577666,-0.2986970213068874,0.19816545062865235,-1.9679337676663173,0.039435424679084466
222.61266689279807,5.872092055894575,7.525777326239002,14.655379256796117,0.039050267959436745,-0.2048018396553739,-0.04014897924689198,0.8499419434761742,-5.10619430004305,-0.27811539713891226,0.23184782954960337,-1.968647830577089,0.04163356144671292
222.8128040966043,5.889010386445061,7.502640053434957,14.717306927134647,0.041101653133834806,-0.20464456398401554,-0.029944619119818962,0.8092135251000419,-5.487859260659103,-0.2971579337169975,0.20815736785532551,-1.9435726608330137,0.038369713347530365
223.0,5.668922858711724,7.551301049122793,14.558160816284229,0.025911617784774976,-0.19988820179076622,-0.03603546421091742,0.8073182691183073,-5.263789760696581,0.06223770601611234,0.21195462946739296,-1.8254420813875132,0.06156991728071645
223.0129423694204,5.6673638508906,7.5412535419797235,14.56298961760087,0.02624407678270625,-0.20130991788469277,-0.032080529591045584,0.7905290523929013,-5.258609898938559,0.052778151566582984,0.20252416902965267,-1.8099878022492608,0.060061045044401386
223.21308154146735,5.664278662253927,7.483941182675649,14.544207104976582,0.027249565876814357,-0.20394120688525808,-0.027403044737172942,0.7657432077375992,-5.57156473583209,0.05115792667651653,0.18131453897567293,-1.7724612851558268,0.058216431861545105
223.41322144486352,5.6580957946268775,7.426013329376237,14.514597507296951,0.027108303357505505,-0.20602520915710146,-0.025697491920869127,0.7779727120118693,-5.8845836553220945,0.05697809515328964,0.17827637883735867,-1.7398453090070058,0.05781560435674453
223.61336191382958,5.684576863167681,7.414973736085972,14.549737962225258,0.028175312863477693,-0.20233584082996134,-0.029258290030776846,0.8221400403270774,-6.315133438394991,0.08027876305358345,0.19370202364563108,-1.7523972657201043,0.06043015159537808
223.81350278486804,5.688204505085237,7.3705275655955695,14.542746890914358,0.0277777292312776,-0.20299852100472232,-0.027643194868154437,0.8765981675510446,-6.6414421839595645,0.0879609450029251,0.21024445469715083,-1.724785210354741,0.06042936244453581
224.0,5.865321824209023,7.312594848630028,14.53533254880079,0.03915312774641537,-0.2043361343575342,-0.027745292652180474,0.9669481227303662,-7.360344195067311,-0.2442047621361126,0.2273979662842528,-1.7796566883312768,0.03871859548331431
224.01364389691997,5.864311609334231,7.310918301686768,14.54169964988793,0.03829506811333558,-0.2043294034259518,-0.026958169360691796,1.000577893851323,-7.378108534440823,-0.24508757136307732,0.2435831936968396,-1.7752039061649847,0.03862747301950617
224.2137850915004,5.885649244066447,7.310028308754836,14.555290482008903,0.03726583481307556,-0.19918378196015118,-0.03555504295898828,1.1300102602218598,-7.827355716311307,-0.21310538299365106,0.295489312340702,-1.7985106938143784,0.0424788415579848
224.41392621281477,5.880670773877249,7.2533735787036235,14.512905088952527,0.034956770501243725,-0.20015800293806746,-0.03912628073868285,1.268850327398598,-8.167389489722762,-0.19534465096522616,0.3452096165008372,-1.7788025061136958,0.04434135509019326
224.6140671078588,5.905011113597099,7.245817268118493,14.539866015114955,0.037201330684038726,-0.19679795666927005,-0.041335234558266744,1.2726847524006688,-8.603894226557127,-0.17979725036140853,0.33101439362149493,-1.7899127389916376,0.04581380592430294
224.81420762650276,5.912932017858238,7.205575630589229,14.546334738213918,0.03712210799365686,-0.1976335408817346,-0.03685624044479178,1.3447894003383667,-8.924411268618131,-0.1825715089715513,0.3464508661710485,-1.7553147807031837,0.04472214300077818
225.0,5.454424989883009,7.142140960947055,14.86242287350056,0.0018208657699421912,-0.19950190986845778,-0.018783375534995338,1.0239992992060098,-8.940420762724335,0.427091571292217,0.3168421794393647,-1.6829079979443844,0.08245305774774622
225.0143476215629,5.451509977679284,7.127444288649081,14.880171080087765,0.0012784404334153124,-0.2015674076713863,-0.012406473154956073,1.042837183704075,-8.913934074925725,0.4128949355517994,0.3245321056157858,-1.6565947197781774,0.08049088915842617
225.21448694886067,5.46495842497238,7.103422429791428,14.902574650141297,0.0034073246667876245,-0.20041742750628094,-0.010512718769230135,1.0462128473447565,-9.264427835185877,0.4242822711177375,0.30719021336913055,-1.6394922701749735,0.08049894074183482
225.4146254672718,5.4673230548264105,7.061072377307516,14.9052060614399,0.004341031482925965,-0.20089229801207611,-0.008575855214275707,1.0687342365436459,-9.582182325397525,0.4350127847093102,0.2998490375559971,-1.612497663292885,0.0806455777019672
225.61476303876668,5.473293501107575,7.03704586017153,14.909721920558065,0.003426985597106958,-0.19902860873201897,-0.011919177971610918,1.1899498234400556,-9.938048907969229,0.4612686964588794,0.3381762756488154,-1.6043708989898644,0.0828607058141214
225.81489952844254,5.479308343840035,7.008099724174156,14.932760106926754,0.005744101491655038,-0.19863830112998945,-0.008013654148386796,1.14563258351205,-10.267628297931141,0.4665855178255072,0.3008398002766776,-1.5797039505509214,0.08169530568059723
226.0,6.015685704601115,6.9760744797548755,15.228422186449016,0.04655489650886407,-0.19889919652305665,0.0015214317910359227,1.6844077692172994,-10.864869384390973,0.5522922988188977,0.3650606594664768,-1.5978650512736308,0.08656626120668627
226.01503480454952,6.011420702943662,6.976892778888335,15.234900376342804,0.04504876094920313,-0.19871469007858925,0.001813654904655018,1.7393206287923118,-10.882303840021786,0.5536527365951631,0.39016271562087734,-1.5933746934489206,0.08672867843210044
226.2151687385109,6.0165252071019495,6.953914422605703,15.222792042675536,0.043288291769689256,-0.19636187218618878,-0.004723593757375549,1.8859764788002789,-11.24650943411996,0.5882251745386872,0.4340311046666846,-1.59265100093635,0.08974118807449019
226.41530120493857,6.013829160977245,6.890627645591141,15.212161912369139,0.04151591036746205,-0.19886538173520876,-0.0019748079166842735,2.031110908407818,-11.502247684956197,0.5994165698961135,0.47233437711293125,-1.5457501413104695,0.08971045088996803
226.61543208164508,6.038119995924051,6.88049209148312,15.256793367872184,0.043870617506406986,-0.19709954539462263,0.0023434951780242582,2.0469798373843404,-11.831961492690972,0.6063748578688043,0.4510551662401054,-1.522367735369015,0.0890123672774209
226.81556124965178,6.048694670853274,6.846080622144141,15.259772722331348,0.044104339012359974,-0.19658357813693564,0.0017546041798393484,2.130248055624263,-12.147963181257278,0.6258847691786047,0.4595883905529323,-1.5018041317699635,0.09017764635973145
227.0,6.561069272634473,6.916125781461177,15.256254361751502,0.07973792346806409,-0.19269467136651358,0.0016303203931734048,2.5818834734048677,-13.085202912517214,0.11700651784052551,0.5161264159035834,-1.5907946411926257,0.05636923321575143
227.01568859319534,6.556710456464841,6.91544677598422,15.242841009088808,0.07876487160817205,-0.19200583577167024,-0.0016461901829745225,2.617228856326047,-13.127325218763769,0.12590666612292423,0.5303492167563826,-1.598741387510733,0.057513778995751844
227.2158139997316,6.576468290464953,6.882092641293811,15.249133536926154,0.07936238236373629,-0.1916780111027814,-0.0010329619106784066,2.7073237220513264,-13.449566947727552,0.13587826442105166,0.5352233361383992,-1.5748004759541037,0.05749722933647998
227.41593735993845,6.601455864316483,6.865776926928322,15.252870677258828,0.08074080868594227,-0.18934713644966308,-0.003994336799842719,2.7710895159705218,-13.819199129332926,0.1546908641455012,0.5278395569977703,-1.5716846562803897,0.058865435966290965
227.6160585677175,6.612951212303074,6.829864141587552,15.230638359501244,0.07951884128346767,-0.18833302922608805,-0.009587780798226453,2.9280163904291525,-14.167658039527312,0.18130666272055407,0.5617145507685829,-1.5647401276111368,0.061471162731166686
227.81617752019508,6.622491979447331,6.775958557053029,15.21986325804272,0.07814180943062901,-0.1898926176962798,-0.008623412172694564,3.1015005827844297,-14.433487783332495,0.19151801697232657,0.5990825806431938,-1.52455647955376,0.061686488494709014
228.0,6.635516940933944,6.735000078764212,15.215239613795339,0.07831181097319175,-0.1899707639451284,-0.009198934957165786,3.2206194283700964,-14.665617345161174,0.2321745729800695,0.6118011168299045,-1.4919850187363841,0.06448785886543414
228.01629411772333,6.660154609718956,6.768144301612992,15.24259811243651,0.0813115622310485,-0.187151643977962,-0.008472315586759375,3.1567994876943084,-14.733143012790395,0.23136084122864575,0.578015072537349,-1.5032331765694036,0.06413045227923504
228.2164082638809,6.659928546307653,6.719300038789545,15.208504061291848,0.07880211503112088,-0.1872484933790673,-0.013865576647320882,3.3470721605259026,-15.043348243586182,0.25773320895625446,0.6237286617474816,-1.4876658757144245,0.06670935909210043
228.41651986547396,6.679418818360344,6.684869302084488,15.226025099840014,0.0791111814992458,-0.1877322527750638,-0.009970081790062302,3.4673549691210885,-15.311148128932782,0.2616846178494103,0.6338647826366375,-1.447409709793164,0.0657521643450376
228.6166288325381,6.685009602680949,6.627487207046467,15.202718729813657,0.0775543205073477,-0.18902910598891476,-0.011753451299302189,3.6502866814333688,-15.577982205464131,0.2796392839412578,0.6703240806973304,-1.4157900039338998,0.06676232529614677
228.81673507834043,6.703535226859835,6.5855197020403065,15.229528603413637,0.07795826795130997,-0.19070340366329028,-0.0041690892479785665,3.7726195912321185,-15.783740740804113,0.2734974553602747,0.6776410908136469,-1.3552939805348423,0.06487371363868749
229.0,6.649153396899875,6.529720402587883,15.00176028861882,0.07364125046274145,-0.19049421124193683,-0.015644526220881465,3.8523301814482274,-15.857164570304187,0.16678468377460093,0.6824320097358032,-1.301480828793232,0.05864169009121926
229.01683851938276,6.616440567344026,6.461306938182926,14.967155914700623,0.0695545152571411,-0.19574846163929518,-0.014842782070468456,3.9612812212209008,-15.797104402522729,0.16613037627711377,0.7289624772288932,-1.2710055392590884,0.058659834719215605
229.2169390754059,6.635468662698167,6.446380282519684,14.96634457029246,0.06993968801814045,-0.1934813358173789,-0.017505953304160913,4.101807436158519,-16.09196708790212,0.18448313318288437,0.740910913197604,-1.2567290604181958,0.06002572633177855
229.41703666939455,6.662153775298199,6.427259296640361,14.995802790876326,0.07151977986619139,-0.19276819491167055,-0.01302990017962888,4.205537548092816,-16.332564801653323,0.1854651645273403,0.734820535861613,-1.2173912691722513,0.05886744163007434
229.6171312275841,6.664268096811766,6.338183336340379,14.9789095679218,0.07041628415576864,-0.19718141448834683,-0.009127337931244692,4.382638080039952,-16.477594025368834,0.18727465537565147,0.7599772285457591,-1.151106313055621,0.05839590958803855
229.8172226794681,6.6850021189534266,6.3444052673500755,14.983078613684839,0.07025039913206986,-0.19304078163450247,-0.014738907158126195,4.560021592235046,-16.80193141876137,0.21429644109984305,0.7841508103007863,-1.1532889500890022,0.06054994791443353
230.0,6.04590852507968,6.041139611810365,14.649944933679237,0.024049152469278946,-0.20309448297565585,-0.03139576202669019,4.117890125276789,-16.25704204069412,0.4590248952191353,0.7176506877552395,-1.0014156135356784,0.07817111906815154
230.0173109578075,6.0345747584478335,6.038968239020045,14.623066431734864,0.022452374662935107,-0.20211382330005578,-0.03687002482918743,4.170744585517697,-16.305611547062313,0.47336800358216835,0.7379870540280191,-1.0153091602424589,0.0799857834159867
230.21739599864108,6.049695474904252,6.015090432528604,14.639607741519034,0.023709393550501102,-0.2014096962889403,-0.03383543412221805,4.287041529211851,-16.50316566792427,0.4821637945526163,0.7358196841045912,-0.9764304508587376,0.0797151391002177
230.41747774129746,6.018587921709045,5.838151568638499,14.59412134135543,0.01988029040406557,-0.21292413411454933,-0.026079843877761754,4.5389132175221585,-16.471160489121324,0.47947084664824835,0.7922773514248018,-0.8609580374991657,0.0779018117498755
230.61755612840884,6.025942139615818,5.817004453259161,14.595740720983034,0.019973961403281674,-0.21122274934726712,-0.027369197694224325,4.701249934817195,-16.671357641558313,0.4986134883229589,0.8074156534832805,-0.8342017100256577,0.07886931905035108
230.81763110592576,6.025419064416304,5.746012769912253,14.581167548156097,0.019855966916354256,-0.21351210795437922,-0.025514306588995082,4.860316544767327,-16.78742491202082,0.5093501686316508,0.8191468131543231,-0.7801112068467849,0.07884986598955797
231.0,5.986510179823618,5.720137708613423,15.182370512390454,0.013873368747437177,-0.21908593971260681,0.010880873371734871,4.924905382384495,-17.52112771277907,0.8249206123281612,0.831662289967,-0.8424899204652022,0.09485499290794311
231.0177026231342,5.99383385745394,5.682189329967483,15.198273434714125,0.015312634741795937,-0.22255232729394342,0.01773361774751829,4.897611998604804,-17.4710795409407,0.8100823938428678,0.81285096675373,-0.8101093759896988,0.09275398460772401
231.21777063267382,6.000192972008371,5.641090590531091,15.206868565408328,0.015794945441202742,-0.22238195413803105,0.01849385251356522,5.04757478058305,-17.630465102192247,0.8267340972297345,0.8191989087310352,-0.7715893733941425,0.09290831654477402
231.41783509055793,6.001656716457901,5.59370420231692,15.207659530584081,0.01553588345536932,-0.22256374379303373,0.0181461906076036,5.2210501687440996,-17.778536734629622,0.8463618930849371,0.8349524378078987,-0.7326145934233592,0.0938780155213326
231.61789595619553,6.010491321025492,5.60289202944431,15.227378866809277,0.01540934242604039,-0.21848395164851045,0.015119149242874656,5.4068806101312425,-17.993003374913357,0.8734900371488749,0.8548797155415052,-0.7190291077080848,0.09580501267491523
231.81795319241465,6.032324503265896,5.659330294569147,15.279197060876292,0.017341165708083688,-0.21114962646806534,0.014038531388162735,5.517359960355634,-18.272472058182395,0.8951300907834303,0.8412832875291448,-0.7250915949776272,0.09637902790220651
232.0,5.82137419797682,5.530261113231933,15.079285215171968,0.0013982675627997737,-0.2158307425958161,0.006795804669120215,5.444814793444346,-18.388124276982477,0.764777497121178,0.8239868310784504,-0.6950269572190515,0.087615357236319
232.01800676548788,5.819705395581337,5.505660563453896,15.07961929651987,0.001337324574934041,-0.21766231309903478,0.008790881387042357,5.459350525448527,-18.369280243778118,0.7617147243290888,0.8247574034379677,-0.6790648188816787,0.08712652836809173
232.21805664515932,5.814880709771177,5.404489071196574,15.074816209537808,0.0011869532870555078,-0.22246758982101372,0.013196550652817458,5.623187600710452,-18.417383952068036,0.7686176884498193,0.8341658969331249,-0.60948372882191,0.086431246709203
232.41810280467362,5.818200317494703,5.353012385942928,15.079586075385038,0.001930006621367893,-0.22299398323275232,0.014644412912111847,5.764025133438673,-18.528409990792184,0.781890837466598,0.8326236875945353,-0.5682997380553195,0.08615017496450948
232.61814522080695,5.832930437151856,5.365785322748211,15.109316346013996,0.004199273075880617,-0.21847998373650493,0.01490491879802193,5.850185091602186,-18.73074259569261,0.7970507111565113,0.8069656772444405,-0.5601698077509683,0.08608060117826984
232.81818387389959,5.830370748619681,5.303627447911793,15.107003054841986,0.0035212155427540265,-0.22014486694572524,0.015575281552015471,6.040698218116873,-18.794939920563408,0.8133049631707852,0.8266006748572814,-0.5067991668381341,0.08651146788084471
233.0,5.8054490228985935,5.280402746655844,15.17171194940394,0.0003462067204415358,-0.22375837653262703,0.026218841825013713,6.1644281888600405,-19.36769729400812,0.6474766442603455,0.8404725022155117,-0.5566593461633333,0.07300351715563122
233.01821874789073,5.812684598365014,5.297871274963249,15.176581701437742,0.0013486357302930929,-0.22185843897118196,0.02550491002118878,6.154150905218208,-19.411820264456452,0.6499196129041599,0.829360653815894,-0.5660836410306047,0.07313968974553237
233.21824983035526,5.829250482575517,5.277232131106038,15.185716496015354,0.0042025574744932025,-0.21917872527078391,0.025293642554523446,6.234250866228029,-19.588959316335853,0.6629458169307376,0.7986888465891436,-0.5542090928318673,0.0727221298012889
233.4182771125422,5.824178768173967,5.242039472043686,15.200204296756498,0.002620607163686486,-0.21943309917912815,0.02558213290348855,6.4521846658758735,-19.66419461527868,0.6785710853260252,0.8296280682882036,-0.5059152847709084,0.07346963276648211
233.61830058941572,5.822727734648391,5.211784863958914,15.20793439473686,0.0018911324831892853,-0.21862348948388527,0.024398039116645683,6.649284007569096,-19.769011224253905,0.696980034034793,0.8495253973620273,-0.47223122987078786,0.07420231548970166
233.81832025969786,5.825125909911004,5.205846955967981,15.2206792919961,0.0019136838931046664,-0.2155821089408812,0.022071046532370426,6.822366639687486,-19.927852862549443,0.7175917450082403,0.8576698441177594,-0.45948108356942907,0.07519434956236594
234.0,5.822170355630505,5.135060941140551,15.19160063368116,0.0027804983629492117,-0.21166986891866982,0.010489871747632391,6.955993416558943,-19.389424194638867,1.0084851324682345,0.8488819412743814,-0.31856049566465816,0.09649906624402411
234.01833612591352,5.813867468089036,5.1174418381864,15.187193313795694,0.0015122037774723553,-0.21297242907695202,0.010266891536121843,7.004827241580774,-19.369966164774176,1.011556048253609,0.8650077652466651,-0.30590187704843114,0.09679076247713278
234.21834819443765,5.810510761089418,5.0999293039320355,15.18659631198797,0.0007663768476844574,-0.21084972942473937,0.007305337278765717,7.201559812542567,-19.46613521843822,1.03827594968936,0.882763501865801,-0.284045352810185,0.09831879414965294
234.4183564755445,5.832632061466053,5.07606143805016,15.224930116566645,0.004576260349130606,-0.2099801095955,0.014507209105245233,7.252198826183364,-19.5208619500175,1.0383309163569165,0.8339288998845239,-0.24255506294836449,0.09628570674192874
234.61836098345944,5.835835080714911,5.082078667309472,15.236606195573772,0.004793779192756891,-0.2060222509319862,0.011887289180411983,7.41243777968937,-19.650384086074368,1.063567471055959,0.8358907022620254,-0.23552548561714243,0.09750299252743679
234.8183617364125,5.832827197051199,5.066139154706968,15.242431399287472,0.003352158477038946,-0.20459168097112254,0.009391198579747281,7.644529847840422,-19.708092257592764,1.0910454925423714,0.8672396783883993,-0.2042056322287862,0.0989826112731887
235.0,5.987732859993407,5.116112713580064,15.619451208200742,0.014532313684280233,-0.20241365352865087,0.028059797281065894,7.984370483235551,-19.879271321172588,1.3803875652197513,0.8970549914285422,-0.18920052868926798,0.115233372237893
235.01835875669488,5.972919384490891,5.073147977129128,15.609282621733458,0.012293839730272666,-0.2059172098510319,0.028227141961300183,8.059381874432619,-19.820355339477498,1.3836845458915659,0.9251385580194459,-0.16280405337494022,0.11574809608842161
235.21835207071737,5.965668486940456,5.061514959411647,15.599475357432276,0.010769296783010444,-0.20287862452165167,0.022352717949853135,8.288655508987041,-19.918330091447487,1.4210068060761354,0.9524616372741794,-0.15499568584968426,0.11805373870720857
235.4183417090711,5.9569521250671045,4.961751936944407,15.574294936212139,0.00911602268662336,-0.20702306479449686,0.020891691686199063,8.534580617469885,-19.883580970256336,1.4493784619593273,0.9853970920651491,-0.10016553921832212,0.1192848843197939
235.61832770659092,5.964117288463372,4.947552291543847,15.600174148657171,0.009923371764740799,-0.20560286134522243,0.023168615111670517,8.702937145537842,-19.907636163464232,1.4673425663417994,0.9808347352207505,-0.0650039584125524,0.11892074036630261
235.81831010242098,5.978891925341697,4.98194270973814,15.66307483604218,0.012279199297903063,-0.2013620516252614,0.029337029193581353,8.800248744359436,-19.955465073687396,1.4739802552557744,0.9450663390542955,-0.03718022930112864,0.11698469466746264
236.0,5.982711468383042,4.863093172777379,16.090115414996784,0.01175357719484054,-0.21801410579909355,0.07190873934842482,9.089863746615928,-21.225142678915127,1.3843211149634742,0.9930395147582196,-0.2211453408647848,0.10257353108104575
236.01828894008275,5.9892572177540275,4.908395338340544,16.094270529171773,0.012755006900569648,-0.21350454355454387,0.06928172328745814,9.079993775847845,-21.31178881811287,1.3909693524392917,0.9804830274819946,-0.25066531850255974,0.10294957686155631
236.2182642675452,6.00660982871426,4.8564851849957975,16.135296632992148,0.014907711154504108,-0.21531319985053873,0.07589040269869163,9.216009777685262,-21.300443515502845,1.3955481485985703,0.9588942602656962,-0.19543576115488043,0.10111671556146576
236.4182361372975,6.013820880201181,4.75528794674966,16.15268375231584,0.015437952957550915,-0.22063615714230406,0.08110344083688051,9.395351319079557,-21.21724558579568,1.4041130502790873,0.9585096752884998,-0.12026600393912965,0.1002234065892988
236.61820460642386,6.01130695795485,4.7911991445449695,16.184647222811506,0.014417141089171864,-0.2146736172531745,0.07703458868486003,9.619795511269079,-21.35278865243526,1.4342397706469707,0.9765777857462843,-0.12890534842324478,0.10168190023485522
236.8181697366805,6.019873955407305,4.697048294693613,16.197525407641365,0.015383182960510876,-0.2190095246918451,0.08148612544629674,9.780693744335204,-21.267529458695158,1.4436347328605428,0.9672772252608127,-0.06084830526115924,0.10072764539104945
237.0,5.527249798067892,4.261866976222204,15.453828948927535,-0.021234466054576392,-0.22785306053214738,0.031724363559712976,9.227775280624622,-20.270181911614127,1.3547262594306404,0.8560597520694114,0.128701657103598,0.10102871936220115
237.01813159457464,5.513513412701457,4.280489089307684,15.454239544864999,-0.023228641750108095,-0.2265241682426999,0.02918895358100884,9.293211914690783,-20.281718081971206,1.3635940425910202,0.8792076746220993,0.12624380529211124,0.10200176176496993
237.2180902514456,5.500175669888972,4.163336776014779,15.432821702545862,-0.024651461668651897,-0.231729489871939,0.028710617384149716,9.51591091511598,-20.175927252471023,1.3865338420524034,0.9048768848475911,0.18684703004308909,0.10283554865890591
237.4180457835472,5.487539652782517,3.9142853179751276,15.35405570951005,-0.02617239786734397,-0.24513066983831877,0.02734664489013637,9.765250943386896,-19.948431864755943,1.4122939926311537,0.9433681913320795,0.2831192177257584,0.10436710120232584
237.61799827213218,5.4726063365209665,3.9799725928754497,15.395423101904013,-0.027708580903920116,-0.2376579540881526,0.024434257333498934,9.998087522191886,-20.004423913025594,1.4410373486420966,0.9648916681144919,0.2801751899076126,0.10554536917203233
237.81794780353732,5.468183230554583,3.8951574468324788,15.384313170182317,-0.0276238760721916,-0.24000506435208527,0.024363240335378417,10.19328272961565,-19.90913695958233,1.4624768895307563,0.9720574217413087,0.3257083880322362,0.10590986926005048
238.0,5.4311818990838585,3.7541421588229706,15.367615054364913,-0.029712331015885565,-0.2477801713479193,0.03068577261302085,10.380387189936357,-20.21122760485306,1.3437074629656034,0.9875336417701486,0.2940197564768068,0.09538057347074842
238.01789446927,5.426261344985038,3.83739430537404,15.395790230858994,-0.030202025734722814,-0.24200061851553514,0.029455579938410695,10.402479628565349,-20.275792070783407,1.348291230483561,0.988129219910451,0.271684696764135,0.09565412693654214
238.21783836609492,5.41476481729302,3.690851826880166,15.350595662802686,-0.031237454649282067,-0.24773409319902215,0.026554944205823956,10.641597044658702,-20.164629505862813,1.3748507910069745,1.0156136654650147,0.3204436427246351,0.09742142417393787
238.4177795961209,5.402719010097087,3.607360161429172,15.325751233216385,-0.03222166728622535,-0.24903919979783934,0.022930435442643532,10.881710475129287,-20.107823598202188,1.403288466407799,1.0395402855359148,0.3461202420383576,0.09928425839135324
238.61771826688764,5.39199699681086,3.550765722647179,15.314863390069572,-0.03292123569360453,-0.2487346250926327,0.020113172118687083,11.116678261700978,-20.065610389041378,1.4300384679621645,1.0591022370906629,0.3657586772544533,0.10039895446498466
238.8176544914508,5.397764259614795,3.285477139822222,15.219443687640105,-0.03233865489705391,-0.261877000262401,0.017751825275532623,11.351367869578544,-19.799658534282425,1.4572209353008043,1.0827136394533197,0.45654432740418993,0.10186714551052407
239.0,5.321881630601774,3.438290031914302,14.812025310384232,-0.038636303482343905,-0.24364193143463733,-0.018601195622056102,11.337161493456755,-18.88341750959851,1.33967866297078,1.0421460775154412,0.6222625808964327,0.09924538115610032
239.0175883884661,5.308836999929155,3.7233256055195536,14.950378036916755,-0.03937302989120899,-0.22764037085678102,-0.013535033226297514,11.336704210796235,-18.996652657040865,1.3309033269428008,1.0248511653629928,0.5856264362129562,0.09782074842561479
239.21752008227003,5.296438721727914,3.793994588992707,15.003387682758968,-0.039419408358074344,-0.22096952381660878,-0.011311090695863085,11.524511065403338,-18.9399345597977,1.3451993142805718,1.0194762674679745,0.5977218743074098,0.09744112109509134
239.41744970295775,5.278392403524921,3.748383787620296,14.97906116264016,-0.041032240503310655,-0.2200146311142881,-0.016189386448377197,11.782112946263348,-18.864922596033544,1.376798199331415,1.0496055355607268,0.6109643097775367,0.09957648536077196
239.61737738645618,5.265547891075245,3.737679351501963,14.986030406702385,-0.0414579666958039,-0.21765754335916798,-0.016888703777497804,11.999955101742271,-18.783337880255463,1.398233499556276,1.0586658929133166,0.6263453868248791,0.1002319637766926
239.8173032745914,5.268175011276651,3.5764595878343766,14.92506827599297,-0.041089920811751536,-0.22486028314011447,-0.01915083292168322,12.232874738815337,-18.54842554915149,1.4251391454439652,1.0779201692296256,0.6903419901340616,0.10142487684655214
240.0,5.343534432767017,3.410535329756604,15.120933719983611,-0.033934196869036044,-0.23627769071327942,0.0019981560858493286,12.640326948807783,-18.983089809826062,1.4438713924250688,1.128085094418547,0.6260161589630504,0.09786007385755975
240.01722751514913,5.351450804657518,3.3654640793996022,15.115563418377782,-0.0330612689076562,-0.2394722507333959,0.003993223816904831,12.644861749799835,-18.919577632285538,1.441191986552789,1.1226555225769503,0.6489367143585623,0.09742202059820447
240.21715026192678,5.350310820105402,3.2708944227675167,15.096591543370673,-0.032688398860106146,-0.24230562808504433,0.003641311567230718,12.869644089316893,-18.753803173250414,1.4616157433659553,1.132284544011325,0.6891979412042408,0.09804719182637471
240.41707167477503,5.389869069223608,2.8418037617196084,14.918335285782437,-0.029871371590247733,-0.26450130129068117,-0.002385167417873721,13.105885383888632,-18.35645040412987,1.496551007158592,1.1580231156604652,0.8035034109722928,0.10073708763289725
240.61699191962822,5.387149091384649,2.831832370388574,14.961918613393962,-0.028672074351405195,-0.2634822798930645,0.003868897995027269,13.279971053262281,-18.151264180045434,1.5012787423549336,1.1394933590003844,0.851018677012606,0.09887745018544608
240.8169111685199,5.386776603307421,2.6900542142698294,14.896381168588608,-0.029462931227123644,-0.26740232199816844,-0.003438635831427194,13.576645559379424,-17.97629377961024,1.540211561078994,1.1800047630508652,0.8787435895594199,0.10193668993855211
241.0,5.09820426016418,2.1306880215406383,14.551233433787973,-0.051243422494090946,-0.28800879874499713,-0.020916495526964417,13.243518282763212,-17.680520819671838,1.566399211760412,1.1048685948868417,0.9174540529790443,0.10439693471224544
241.01682959958322,5.159864942465193,1.7750575774455615,14.394851525684292,-0.046109627110574786,-0.30742745168970265,-0.02401802549350692,13.209336884840486,-17.491684898716734,1.5734543891395831,1.0940362510140582,0.98051060215073,0.10539103874308046
241.2167473970323,5.099217761451983,2.006377746166434,14.536566479478632,-0.05005752711656135,-0.2923116752161764,-0.01856227515411754,13.464282393784101,-17.408834204944736,1.5836263759293643,1.1055320646354754,0.9750367362968203,0.10428589436815232
241.4166647511227,5.125619311637923,1.731864294399941,14.417060074548566,-0.04778238352075449,-0.3035987649266882,-0.024534966352259463,13.682898883782006,-17.114019565871633,1.6184035455768402,1.120847544706038,1.035641936989673,0.10645336534744711
241.61658185808886,5.140505766167174,1.5467001012029962,14.347027102943429,-0.045989054681062645,-0.3100685254537721,-0.027239139502181174,13.889478463112962,-16.84235602384789,1.645856254409682,1.1261083189376424,1.0847854523180822,0.10757113222499842
241.8164989200539,5.1081794896725645,1.569995448820729,14.372620877452297,-0.04853635271273342,-0.30497520829180297,-0.02939737077980196,14.184736731789869,-16.70763286018268,1.673650276077296,1.1598028203233595,1.0865888362660256,0.1087900871838794
242.0,5.3752767203966485,1.9258441712434606,14.463825897266933,-0.026367575956328528,-0.2906395015652353,-0.018045157152591286,15.044851795903392,-16.84082913326591,1.3615443159783454,1.2757187673288013,1.0715440482278553,0.08606987123217642
242.01641614491098,5.427591884878945,1.7077004600192551,14.368425514183912,-0.022115857031922845,-0.3027576906698847,-0.019703160246794832,15.016573005892385,-16.701577281648675,1.3659657622750045,1.2627218163471965,1.1178880724219924,0.08654086436179341
242.21633374617107,5.403333675129834,1.7458542589473927,14.423250542712225,-0.02321365258729753,-0.29798760709064614,-0.015724857324514313,15.267760989216574,-16.502309218522687,1.3742507935223767,1.2669515407738048,1.1389610943342428,0.08516490396898263
242.41625194277512,5.357891456135075,1.8920926407989052,14.553182166273974,-0.024842640214537883,-0.28807414867808584,-0.0046111214528789905,15.488689313554797,-16.328224544453715,1.364485388066927,1.2510029441003576,1.1515539321651789,0.08190102887719997
242.61617095886692,5.364343634181389,1.7869386560713143,14.52294723729768,-0.024300344398290128,-0.2907377437765497,-0.006884410328290278,15.743978491270727,-16.06443875571287,1.3868612773694375,1.263555475213693,1.188880639590612,0.08277980771024576
242.8160910235229,5.376850693517761,1.6580764423090792,14.472536080239362,-0.02372920497044119,-0.29454912155850677,-0.01167712821313463,16.017521527668766,-15.783727255870664,1.4164601406236406,1.2846830856326512,1.2282292044489989,0.08503868122213153
243.0,5.528745437482561,2.397009249573804,14.825877472211022,-0.011054470893785655,-0.26001439783265046,-0.0010548313698815273,16.749875772368924,-15.274703766127388,1.4372418198261567,1.365529315320662,1.3145216216947915,0.08599764185841305
243.01601237043656,5.511368388388311,2.4295646102898343,14.833120765579793,-0.012894345492705584,-0.25751965169844804,-0.0031975450731139138,16.807688463580646,-15.292670439707322,1.4438710293562285,1.3817176657724834,1.3015694667792925,0.08671534159569852
243.21593523755325,5.495175545011504,2.4308374014111878,14.866776999035372,-0.013531101596496408,-0.2548106922087919,-0.0002982380280449376,17.08051425312019,-15.050131132044566,1.4542538824310838,1.386861066138522,1.3213243469478124,0.08586552446775532
243.415859866653,5.485037198605729,2.403845473282057,14.881161246162904,-0.01397605526089571,-0.2534476513314403,0.0007075574042621647,17.36104636731855,-14.799320239300034,1.4688571989059358,1.396443636882012,1.3415526356708898,0.08549136796782465
243.61578650287873,5.486753614709994,2.359317714221559,14.901328912040274,-0.012640256322719408,-0.25382774417112997,0.005724152122196227,17.5856223866366,-14.49250402351274,1.473121343905781,1.3816202249375482,1.380263458964215,0.0845387102429254
243.81571539420696,5.435889964171917,2.4321248460349167,14.970323332254344,-0.016432765979183354,-0.24610188318606416,0.0078402280444839,17.932934198335744,-14.351730116736748,1.483866056795953,1.4118603065610222,1.3582483917300594,0.08397716548725022
244.0,5.522420235278104,3.1102447150959476,15.441874620906589,-0.008129508852705886,-0.21571018315989965,0.024583733374933928,18.63031749167171,-13.797254874789436,1.6528288839025218,1.484806828114633,1.4437283405165913,0.09402121758218406
244.0156467908601,5.589389666697447,2.9433724945398207,15.366338539020056,-0.0030036865708733705,-0.2270552513954985,0.022453683860121615,18.590830056404844,-13.60704677857567,1.6606268989285604,1.4662924337162362,1.5101384776008309,0.09510273108564418
244.21558094465829,5.549788328494961,3.0289262886157564,15.472372899799208,-0.004144552418062588,-0.22004022546737903,0.034055669169733474,18.84729093100699,-13.35934300473099,1.6508286170478603,1.449658316284418,1.5160746280412936,0.09146607169577844
244.41551810831086,5.54267693687315,3.009640814445708,15.504695087271323,-0.003854767888892708,-0.21824870817727807,0.0383848932940453,19.110321800222703,-13.07933611327401,1.6573638863623288,1.4438148958978194,1.531335884621883,0.08979349675412555
244.61545853464798,5.542949326750081,2.9629483059479327,15.508892459814373,-0.003887057297153599,-0.2185290466751657,0.03774052078061569,19.40386985470856,-12.765208678548849,1.6772361008685877,1.4536641666433823,1.5558151527706439,0.09086656028288463
244.81540247579323,5.510275193105692,2.985331552936769,15.562251030601834,-0.005957850006311837,-0.213865724820469,0.04143574781643216,19.72132214893041,-12.546177461686476,1.6844719717290304,1.4665252090383596,1.5457217714473879,0.089719346706818
245.0,5.688622575669741,3.0517201037450126,15.550780322142968,0.009727450386005563,-0.21378047444933065,0.04983695835098004,20.554296035187267,-12.579154725900821,1.378774612045952,1.5746933181510485,1.5289120950149593,0.06731927555980388
245.0153501822805,5.66395619354722,3.102168845746416,15.58223622891192,0.00808978097340035,-0.20960745633103914,0.052232371522614215,20.592953692739247,-12.623667085531807,1.3731668557965764,1.5780690098065682,1.5040735448711486,0.0660721817628362
245.2153019021184,5.664307690371605,3.0589974799718687,15.587945305533445,0.007751667958146834,-0.20979380372507578,0.050926421965014575,20.920861197170378,-12.318469799268216,1.3898132675566783,1.59291082589448,1.523625949694005,0.0663822432866181
245.41525787980694,5.714866294085672,2.942901055067074,15.568101889155772,0.012180955096016275,-0.21663903352339578,0.05199362483144991,21.149402384441636,-11.849211786521245,1.4023294401278308,1.5696646345584973,1.6015093462968273,0.06655066579159591
245.61521835531403,5.720404316045303,2.8987105220361316,15.587575613245548,0.012980305483212162,-0.21644130176184034,0.05507078894153312,21.432633004412487,-11.5300221413495,1.4070453634340971,1.5645687687725744,1.6197595767795736,0.06530153348208359
245.81518356301763,5.758911081688564,2.796618984969233,15.559472157640716,0.01569907364260795,-0.22064798372392416,0.05289336688000379,21.695193061810148,-11.112840969100507,1.426721673939565,1.557915116866854,1.669724802813907,0.06642737426906248
246.0,5.629572445594446,3.003267417246963,15.624647579071375,0.005487387573739818,-0.20712085208009806,0.04730508549817109,21.774863386065388,-10.465235949021515,1.539131542015488,1.5243886286956003,1.734719387854901,0.07462055621880072
246.01515373062438,5.666182024736593,2.9467140353862624,15.60206227323581,0.008647395610185273,-0.21025234979043878,0.04823116203140854,21.746944693573557,-10.396712597700692,1.537668133439029,1.5054656785892526,1.7527992318645147,0.07422581078242517
246.2151290780737,5.648357966023869,2.9221492375698013,15.604406642592185,0.006181332650803178,-0.2096835289455529,0.04306086037488686,22.111017384904176,-10.052129802942327,1.566229639074892,1.5383980270193853,1.7682872128315266,0.07638583053680861
246.41510981643907,5.713587518365818,2.783683271976123,15.553815292290196,0.011098489516349038,-0.21560539663470615,0.040752537126898865,22.339574589130155,-9.602079374208174,1.5873324735941998,1.5194677577180566,1.821061672162863,0.07745920850952756
246.61509614683956,5.6763184723848426,2.8055096505077906,15.616326123007164,0.008788283577875715,-0.21187329621529674,0.04624149265336757,22.662029479881582,-9.287580036910462,1.5884976883762207,1.526082229829127,1.8213938892401365,0.0757588841175002
246.81508825937343,5.702034029448336,2.726435791403941,15.591079187955607,0.010110406857166413,-0.2142709934814106,0.04213694434867542,22.9595677670143,-8.878843799137801,1.6150239568925293,1.5329925760717478,1.852610247001386,0.07747916407484093
247.0,5.667605576185948,2.376551557337896,15.157367760115736,0.004491605100833268,-0.22471878099835224,0.02001867890058609,22.885502100140382,-8.637750263010865,1.402965902655047,1.481684634517918,1.8389050047691087,0.06488282425436445
247.01508633208866,5.7841109269505235,2.229003920467228,15.08567140553946,0.014182404657724473,-0.23334652626629332,0.021143641184526663,22.756221575892138,-8.487818366984236,1.4003512421412667,1.425956269183657,1.889064277508408,0.06428202251766327
247.21509053000372,5.6614181747521455,2.3448192597461404,15.193380028595326,0.004637265015926683,-0.224952769209616,0.02421534549014954,23.18332346203614,-8.206720768519489,1.4073358333426482,1.4752157750812929,1.8669452742679569,0.06366753803323495
247.41510100419194,5.688013887917412,2.2708185057910772,15.183388783409782,0.006865781737383606,-0.22675716948114566,0.024818726031201773,23.434079605603976,-7.798987656397441,1.418442797390047,1.4627924900346565,1.8938526172652794,0.06378838244062772
247.6151178909436,5.706007000927967,2.212807128528101,15.196856375264028,0.009082523411891946,-0.2273333923385623,0.030013836158371714,23.65660161736203,-7.402824154908614,1.417068871296455,1.4372070599553108,1.9138444449399927,0.061731370138779836
247.81514131101736,5.665007431298936,2.2198573907099313,15.261990666780626,0.006711544509782992,-0.22350098714501337,0.0380492934011768,23.96068066067228,-7.097247557464359,1.4070771789045387,1.4374588278712492,1.8985560147484377,0.05879715975350482
248.0,5.757922061335835,1.9113643657866195,14.845759896497075,0.01214250437960708,-0.23516064005912768,0.02234089773551342,24.25837649266979,-7.0013703043782485,1.0352955244213338,1.45104840081874,1.8700857789222591,0.034545675596583426
248.01517136899272,5.78701083742432,1.888479887493212,14.851848604087476,0.015284897368743475,-0.23584632723043233,0.02773276194162662,24.213184026521514,-6.9633553422568495,1.0220461476225615,1.4220651936779236,1.87487803259623,0.03253379806671538
248.21520815273286,5.813928159090915,1.801434886376791,14.795317953784222,0.015729820025190917,-0.2410283818593613,0.014418262392531576,24.528391469761285,-6.472843244457219,1.0639743859386515,1.4438760536320188,1.9290085337550842,0.03754931117815843
248.4152517329661,5.801230297610309,1.773710629075598,14.82501022446753,0.015075014837705849,-0.23957890980334648,0.01869884730211384,24.8120018223157,-6.109223775094383,1.0603734592323755,1.4396899781034536,1.9301696374892174,0.03617540008886935
248.61530216299198,5.781714609700623,1.7459034041469923,14.842549191518717,0.01315802587287099,-0.23822690206751562,0.018647206258350337,25.14204517511758,-5.751358586536402,1.067768056919731,1.4550913213615182,1.9281089240978369,0.03593570096683417
248.8153594785148,5.754762133550559,1.7170213883969965,14.83601532946127,0.009313655149213899,-0.2370633762069251,0.01052252511251241,25.56663154884109,-5.40331812962198,1.0973176716046096,1.5081852580512594,1.9223803581073509,0.03899347669056962
249.0,5.7345301004568725,2.0668273108947757,15.048602487051852,0.013517473229613459,-0.22386390953082747,0.023580930552295796,26.430267614231074,-4.866096301720954,0.9535738524431485,1.609532950802979,1.979588988028623,0.028002796527908925
249.01542369760745,5.739914600985408,2.051375483502489,15.025564224785244,0.01311105873321482,-0.22413684996125227,0.019339489766719852,26.48084516784119,-4.843674368416258,0.9640313275629108,1.6233668001194272,1.9773101053623001,0.02938741407084587
249.21549482080312,5.730122796333919,2.02876719666928,15.070084038427161,0.013591869279472221,-0.2238589525552122,0.02635020826000232,26.759597434248413,-4.42503320807361,0.9531171714655461,1.6056947966071968,1.9920889099470338,0.026869542574076765
249.41557283131266,5.707118070814553,2.0099701876527094,15.113854750181664,0.012328912025258782,-0.22175993208682787,0.032673673814171675,27.08212811861019,-4.066190702038194,0.9420258036551155,1.6052404686977375,1.9816115700224781,0.024670871481353204
249.6156576953618,5.713346882004186,1.959863475859748,15.106653544166612,0.012156766515118302,-0.22215380605504567,0.029645550847467873,27.422020784713,-3.6644169751105884,0.9549729930672982,1.6181069226428872,1.9878711420734296,0.025665626767128736
249.81574936264101,5.740195474149907,1.9021314645506249,15.086437147351024,0.01419923176077579,-0.22484817924778297,0.02507209291855835,27.69750037044654,-3.1726093332183027,0.9736797853265017,1.6079912827245784,2.025869140043897,0.027101055477890823
250.0,5.361936985849691,2.6395942753889163,15.145923239440721,-0.005891600096830447,-0.19120747846602076,0.02081340590224002,28.303279693677336,-2.1433768884577313,0.6251853821750748,1.6632763901464842,2.1436162048108014,0.005903349418138821
250.01584776685903,5.395636399455708,2.6137829106410475,15.13116862378246,-0.002811390346800348,-0.1937569185414667,0.02017857778565507,28.272179512376034,-2.051713458817966,0.6272482218490716,1.6420582148017093,2.168152489833695,0.006129659845342702
250.2159528263895,5.3877541108283795,2.574333036141636,15.121978299032072,-0.004201814838345458,-0.19325058255048505,0.016644261129977776,28.64665849870679,-1.6388866276556628,0.6370473424577185,1.6660052403703405,2.1656193088370204,0.007508118533526894
250.41606444499925,5.363162773660003,2.5457151917856717,15.12701625209916,-0.006966737635685413,-0.1912753338104603,0.015165330105914443,29.05789917464095,-1.2688125361036386,0.6416228053531788,1.7000467527170562,2.145440866577696,0.007526987146307116
250.6161825126459,5.432224423594616,2.4717841345878058,15.078041703223867,-0.0002496637271107811,-0.19820374967645887,0.007671916381924001,29.226845221086677,-0.6111757154668667,0.6653889154577913,1.6484765687912175,2.2354573321009115,0.010398560084705076
250.81630690633213,5.378036657198721,2.457037151717835,15.103195234170927,-0.00552453629304778,-0.19519118135471214,0.007028802553694265,29.70947565041631,-0.26502499001703755,0.66861430508146,1.705297288719381,2.2029716381147284,0.010361631478710994
251.0,5.1945663043050025,2.5854861969511687,14.637414025829921,-0.01883818016207496,-0.18544491618830547,-0.02025729740104862,29.851570063839425,0.31630154447702985,0.17688779302432794,1.684776387689781,2.2283312774719066,-0.01896332603804316
251.01643749100376,5.2151408671880235,2.5702605615958682,14.628836052646266,-0.016863056195581975,-0.1870095755155811,-0.02071346956517391,29.840531252305393,0.39046891270780737,0.17795811113013327,1.6705245147957113,2.2446030836986304,-0.01878413047279883
251.21657412047892,5.239460682897203,2.5131330884494707,14.592796637647028,-0.015298729310188898,-0.1883508184783092,-0.025274987307319828,30.165513509086605,0.8634540360404811,0.1853218543687187,1.6747051063454979,2.25865906023209,-0.01797572539858609
251.41671663839645,5.229370130410623,2.4803812479011262,14.596893178899435,-0.015628481794381456,-0.18808236263431885,-0.023904110796308713,30.500569254506825,1.3119209011828836,0.17828770757805257,1.6773493990381205,2.259401681333741,-0.0186669720763369
251.61686487917183,5.258256740513421,2.4135394691486187,14.522846862796738,-0.01581445288498252,-0.1883218863141956,-0.03600220913787344,30.92834651762208,1.7324870983115692,0.20504736551245692,1.7230616907198777,2.2521377222590635,-0.014973941360193662
251.81701866895023,5.268124943913765,2.3648833785641643,14.492949972907695,-0.015843443260225354,-0.18805502071578659,-0.03944738725138123,31.310943487106833,2.156725079856597,0.21061838260576934,1.744087225103384,2.2443315815216436,-0.013950009404457484
252.0,5.740756405533755,1.5454235407210903,13.976546024892212,0.005002084959965125,-0.22004528277742194,-0.060735630338986116,30.993286201749896,1.7539351002781256,0.2514733585895554,1.641931288357653,2.095589267714776,-0.010555951819797769
252.0171778265471,5.675163386597391,1.585601366662466,14.09576127689012,0.004440770017365332,-0.2210614022930614,-0.04351001200992667,30.917419773057695,1.8645159579204373,0.21208518691919187,1.587574322530884,2.1204564691598233,-0.016048592113127785
252.21734216436798,5.6933359951798,1.5297702877561876,14.063392173722429,0.005307159136650204,-0.2219729953710032,-0.04741598074412288,31.234449685230786,2.3065065712511004,0.21845770459529745,1.5913894918154847,2.124688567651784,-0.01521355500436598
252.41751148929978,5.714845515005062,1.4765068190692245,14.045186755455871,0.007473678089542738,-0.22372238065396757,-0.04845973801826371,31.496490310157387,2.7867215515714565,0.21847677107940608,1.5727591979313533,2.1420905802560273,-0.015359395165563906
252.61768560356865,5.720100116716103,1.4319924338007979,14.040984754355264,0.008289920915151933,-0.2242075117962376,-0.047152569618045155,31.777781652609796,3.235896685514485,0.21219680303752145,1.5613333300793917,2.1449176061499577,-0.016132913768568072
252.81786430555783,5.781569469920891,1.3590389692069436,13.957879944340924,0.01187998956824275,-0.22720974432962374,-0.059754961726225554,32.052030902818906,3.7570477738748753,0.24289161023069955,1.5561720893129403,2.1773642950726653,-0.012264418343254938
253.0,5.942228803732344,1.0374883670025419,13.573407728100968,0.015007456035454753,-0.23670618400550958,-0.08030435978982861,31.76749535449678,3.8065752977630924,0.19184478652974635,1.4594402052549449,2.0983579194554793,-0.013975372068642102
253.0180473905834,5.955051471301399,1.0241663432971726,13.538049822695251,0.014735940277784718,-0.23669618111523033,-0.08609541264931263,31.829907041302025,3.834211821529588,0.205165873208637,1.4771088164764385,2.0949150524995646,-0.012172986738431011
253.21823465162385,5.976602137805186,0.966641848640125,13.487204480721656,0.01501504038925692,-0.23679814557540993,-0.0914998659768855,32.153235264175194,4.245859654450087,0.21562550364928593,1.4903099906608923,2.0862891261149845,-0.011082956160451867
253.4184258800022,5.955397291038485,0.9284654881948915,13.481737999652035,0.012753239936526524,-0.23532745015539097,-0.08992054041896595,32.50494165768816,4.616487894877223,0.2092036500851503,1.5086183014009058,2.058821222644625,-0.01163570731516765
253.6186208660202,5.945618762762068,0.8877503267583282,13.491925013245492,0.01339797411381293,-0.23626418419829182,-0.08560422035515902,32.74173289529234,5.072065024523212,0.1964015015397662,1.4818998768926703,2.0646802174112824,-0.01297988042546667
253.81881939954334,5.91537905792226,0.8506707090562231,13.50321622536763,0.01030772436606261,-0.23388242997259592,-0.08061276125670379,33.12409991171746,5.392502417675905,0.17990186545257128,1.508451849437585,2.0177454135424684,-0.014808807567762799
254.0,5.638584123252418,1.0484289879180353,13.36458888276999,-0.008894921471751497,-0.2199824730735856,-0.09343321931519656,33.06622528716456,6.020179414946858,0.054486747967588456,1.4518650697574016,2.031491382585735,-0.021072988467610534
254.0190212705383,5.640244389921951,1.0464972933944638,13.331666975766304,-0.010723019590568305,-0.21809060655875503,-0.0982504645466298,33.17197890090919,6.001827727425282,0.06495692229938357,1.48590558631616,2.007370709696542,-0.01952072012133646
254.21922626956302,5.639669088973175,1.004089100555352,13.307523969670855,-0.011059321027898637,-0.21744252356444935,-0.09856326987596295,33.487370264579205,6.3825543014200345,0.06152924582719818,1.4926671504327187,1.985531402022948,-0.019868187023902858
254.41943418821123,5.623686867639588,0.953181521736425,13.304792340683987,-0.009360106881924119,-0.2217869714855436,-0.09948127914067265,33.67537011901848,6.9217716993596206,0.06158531145005391,1.4485257088058217,2.02583053203897,-0.019589889836287074
254.6196448195135,5.6099881411010575,0.9148526722698033,13.286173225621944,-0.01184760814838691,-0.21916830414182095,-0.0982138302826158,34.0663691985606,7.228550222005802,0.05349955215208479,1.4837506047042985,1.9737345251103895,-0.0205492098908869
254.81985795829644,5.5638470768461685,0.883457958937938,13.335290183285432,-0.011835364915069414,-0.2204480207396331,-0.08753837975324427,34.24165587927939,7.688616880082587,0.02218281077138393,1.4327209904943445,1.9788079395605933,-0.02432793546310663
255.0,6.2115700846830055,0.25846820227979717,12.872861270406355,0.028213333774854996,-0.2522616883422525,-0.09682964383404141,34.99103303248526,7.342233235149453,-0.33625994182729,1.517721028381094,1.8856558383064383,-0.04821723078207141
255.02007340150274,6.220849479542956,0.2618303049309697,12.819175752203032,0.02557432289153192,-0.24903992318118434,-0.10445183333506325,35.14734086375311,7.288277480203582,-0.3199212089686958,1.5725794717790982,1.846753443385656,-0.04579476841842104
255.2202909484745,6.1962141783259845,0.19911155560499805,12.826110758883548,0.0261962343967448,-0.253404878170397,-0.10403541801977235,35.37453151261901,7.77921538584902,-0.32869138273502696,1.536579718200836,1.8754998075475215,-0.04612383147760233
255.42051040120202,6.194007961655025,0.15743509077702086,12.825736083398526,0.025437201283728096,-0.25160849855158646,-0.09890660267231771,35.69961314741449,8.099807715921047,-0.351260044858097,1.541015380475745,1.8345665656707246,-0.04839685797741555
255.62073156454105,6.223960665911006,0.11900446688856917,12.799317185712406,0.02459769352612638,-0.24694830313887753,-0.09489489742716219,36.110188236678674,8.306311890877566,-0.37295172122129416,1.579891234806265,1.7535949234976556,-0.05015552838795083
255.82095424640085,6.196531350698611,0.07140903495799523,12.817083008979258,0.024234537393944225,-0.24832629434478257,-0.09031191236720461,36.35962369367195,8.710173668535948,-0.39437641971166343,1.5532303557254619,1.7486624117170593,-0.051891522634035694
256.0,6.527255506519758,-0.23271711986943114,12.77042115440178,0.04300771214652371,-0.26282142210170767,-0.08783364906046587,36.69488712612822,8.6478057104523,-0.31748322217282443,1.5608603695201584,1.6761885498095659,-0.047244604168338374
256.02117825790543,6.536000135493858,-0.23120262228245841,12.766611970082101,0.04298305617716295,-0.261432200425307,-0.0868009443801935,36.743011916584194,8.650738027048133,-0.3212579711347288,1.5673395636072496,1.660229915798763,-0.047751293775354905
256.2214034135306,6.550272007745027,-0.2791056954624115,12.75260126873386,0.043173736744727104,-0.2605613635099141,-0.0851405466014356,37.05898689133961,8.959179468828264,-0.3351312526606926,1.5684823764546731,1.6258631678408857,-0.04876862285984809
256.4216295312188,6.565485512657186,-0.3309198561734806,12.721752842859173,0.04302475551928401,-0.26024847272978435,-0.08738390102631985,37.39639910012354,9.271021898259024,-0.33942642844550114,1.5787980473405516,1.5950871879029422,-0.048742722526800564
256.621856432474,6.576412063316542,-0.3793624905521654,12.718566635376424,0.04343584454872636,-0.25960483075874763,-0.08368899893230156,37.69363146790215,9.570855620655818,-0.35890509251032354,1.5715269736079183,1.5606202135141658,-0.05024474696383036
256.8220839424394,6.531055486725247,-0.4441859337607178,12.718800638456516,0.04185441924198395,-0.2634177021368387,-0.08653586582889539,37.960025588351314,10.007078622870493,-0.3601242245809267,1.5510183401406958,1.576712545460906,-0.049300046728251154
257.0,6.600131574309889,-0.5373361908155307,12.567251660671042,0.04445298880329717,-0.26576771690425605,-0.09326979315579309,38.169806200963066,10.190709841743208,-0.4611553521040277,1.5388421839245572,1.5364025983183434,-0.05493465565837533
257.02231188995864,6.598247548483726,-0.559346280987471,12.52698171033659,0.04386671908880468,-0.268136280274963,-0.10248710891101694,38.22748282748783,10.273774773414013,-0.44013439707835733,1.549996889251595,1.554576367231336,-0.05201345448300474
257.2225401076231,6.603490757396146,-0.618109477200889,12.508467198768546,0.044045662694315056,-0.2689858863044991,-0.10281372164054614,38.52244713946889,10.604460833499674,-0.44972333198878794,1.543347583568588,1.5352049474391434,-0.05263228160473803
257.42276843180696,6.589742658264507,-0.712072507892319,12.47086514444518,0.04505734347725043,-0.27590605452777545,-0.11202202275581184,38.73458965315,11.106494091097971,-0.43638566242146315,1.5047216350805859,1.5848191609695215,-0.05010064373802551
257.62299670269084,6.599451991517285,-0.778608874409197,12.473877500545647,0.047407895814735264,-0.27820235297778184,-0.10803450925981388,38.905117796061155,11.50977711827312,-0.4567312150142562,1.4523382773916975,1.5924141941789285,-0.05220024793409552
257.82322476427686,6.604099768624085,-0.8317371825165931,12.49620420797205,0.04864053789974782,-0.27798540942238853,-0.09873733221973138,39.10164425817534,11.831145945410901,-0.4919142208413179,1.4120117134574215,1.5672055088459182,-0.055612305024767036
258.0,6.81581407691507,-0.9990520604866501,12.380715352884494,0.05821401360912967,-0.2850796119280102,-0.1040158709930967,39.1416007135059,11.815277169229963,-0.45786354057777817,1.367290524583726,1.494822972228098,-0.052446273998062905
258.0234524643943,6.826791311766139,-1.0098614068712197,12.381706864584352,0.05931839190764286,-0.28560724669041787,-0.10311684494335974,39.14459005038954,11.867490931533979,-0.46137733178517715,1.3549781193672108,1.499363297051422,-0.05285788355493964
258.22367965469914,6.839343418832924,-1.062609499399917,12.389450851687098,0.06006672651815484,-0.2849353130098751,-0.09704882733948228,39.378510122652855,12.153372458167743,-0.4869179269907756,1.332691547638799,1.465435935071785,-0.05512018356417559
258.42390619066657,6.863492051154264,-1.1336978780199665,12.34153438553292,0.06106613325845177,-0.28706354681380436,-0.10333194550393668,39.62431854700916,12.508068189337468,-0.48238577728762333,1.3187918545371717,1.4628410483973753,-0.053460283414853066
258.624131931579,6.8491673512611175,-1.182911313158805,12.322530893252798,0.058171698677013696,-0.2856429027145939,-0.10371121931512033,39.98458229437728,12.73169690582149,-0.49161980983599257,1.34583912971639,1.4051361859611804,-0.053327948170589834
258.8243567405097,6.857930294649056,-1.2352149357432438,12.297713322767445,0.05726379244099067,-0.28477801837126315,-0.10425438890458688,40.302099516185926,12.972063961149896,-0.5007617690518694,1.3569774297432304,1.35840112697059,-0.05345303983747818
259.0,6.502531525531675,-1.0841836803846943,12.167267013015142,0.03767166095921651,-0.2709467224999155,-0.11039026343849438,40.70452897096962,13.669622940518085,-0.809256961229524,1.3875251353348386,1.401568474542846,-0.0725651029938319
259.0245804843023,6.5152906196004965,-1.1135538414282862,12.144404804316714,0.03907458167527854,-0.2738531283475188,-0.1151142188592434,40.70199686042711,13.77446142370101,-0.8001418628831135,1.3730289030424185,1.4287369132020153,-0.07128090400349493
259.22480303354786,6.522529904590201,-1.1676413433432733,12.119562030334368,0.03893246993482799,-0.27376689905862656,-0.11545177535409869,40.98210428969188,14.054449112031818,-0.8136103959121467,1.369726759367087,1.3966059053760245,-0.07166017429291556
259.4250242625592,6.544296670987333,-1.2380058853365887,12.026994891924291,0.03877861602462042,-0.27619410144732426,-0.12973498125894206,41.30261698043241,14.395206518357769,-0.7924198500390693,1.3848479547117625,1.39206995472088,-0.06774300676781633
259.6252440493433,6.544167581196415,-1.2861752585731672,12.010871623300098,0.03795327100768956,-0.27511874981283635,-0.12762250600721742,41.60633826965439,14.631293286889344,-0.8112228924707775,1.3891683075764514,1.3443280977350565,-0.06881145097855226
259.82546227557253,6.554829801136043,-1.3536860348058921,11.971640989189618,0.038752612006095866,-0.27702771643503266,-0.13120994704836517,41.84269226979656,14.968814876047995,-0.8159632477064775,1.369543973302043,1.3398237032053595,-0.06846027229422921
260.0,6.772300365476214,-1.4555968833295247,11.704230338636254,0.04623536052235449,-0.2813027482081177,-0.14746510430880083,41.52698334596234,14.791044741685592,-0.8445131657832641,1.2614921002243795,1.2337321664571987,-0.0677862881338231
260.0256788265547,6.74056840143936,-1.4307892601169112,11.728436855276914,0.0431657212802239,-0.27737768682358577,-0.1419346343826081,41.63031527016904,14.719987032097002,-0.8584145134097318,1.2874692391291864,1.183264919731175,-0.06907673727039572
260.22589359120184,6.761566086032166,-1.4771029350436162,11.658906060158136,0.04250350666202379,-0.27662430193042753,-0.14890942322519315,41.949278950588834,14.932610919588388,-0.8551212782697598,1.3069530962820104,1.1389850597227402,-0.06694438484595654
260.42610646199927,6.776370018583954,-1.5241303578084857,11.62299265610856,0.04238436733945136,-0.2756806066505789,-0.14937582012002693,42.23222094810258,15.131809000979203,-0.8672604191834236,1.3096568623463247,1.0917570331223008,-0.06680764078909682
260.6263173349735,6.816825223960833,-1.5717821228988527,11.521010963504313,0.04235324489063115,-0.2754271606840901,-0.16190957073058448,42.5834307973244,15.342914566649032,-0.8485688343010717,1.3402379360540175,1.0544293576043433,-0.06293658950511483
260.8265261096612,6.7665183720346365,-1.6546376139883796,11.55346039210491,0.04131465245652529,-0.2781363115213283,-0.15305568848591355,42.747002351424825,15.621389263743445,-0.8844860329428695,1.293520175262504,1.0390025946138657,-0.06594467972653935
261.0,6.445049798302574,-1.4936777636443903,11.618789102711952,0.022211210749218484,-0.26245613138615254,-0.1510078758813929,42.842455656751454,16.155524661662685,-0.876323312685308,1.2690493760217931,1.0497036792418415,-0.06480920177169178
261.026732689077,6.456263083876117,-1.5167321959325764,11.581702864528785,0.02273966520890019,-0.2645356947510373,-0.15752249628553167,42.87466056636385,16.231516595137414,-0.8630272488149979,1.2685818322070854,1.0658200842727337,-0.06288804429128247
261.2269369796825,6.45806205129252,-1.5673817263997345,11.556785907475994,0.022614006379798764,-0.2642079940307851,-0.15626594830574575,43.12803741597903,16.432169564759956,-0.8786058280384751,1.2619230668475672,1.0237647548211355,-0.06348577597106246
261.42713889135496,6.445288255154919,-1.635196360813153,11.558306440875416,0.02285778391604787,-0.26552073909821317,-0.1513062264509018,43.32329950901829,16.66620631651477,-0.9039071728490329,1.2321378903734963,0.9968644297608484,-0.06536158816228804
261.62733833735666,6.452356415989371,-1.6760651173492904,11.532448122193658,0.022557634591493094,-0.2640564101380589,-0.14975686854188758,43.59425887962928,16.81693929592238,-0.9206164238463777,1.2338005916336006,0.9404999626354312,-0.06587806581330213
261.8275352343049,6.4349007396426,-1.7389080291231063,11.555388562323559,0.022857464724498882,-0.2646300149193477,-0.14065673670895742,43.75515541199665,17.018631460256312,-0.9579175535864124,1.1936094184322936,0.9056351547367784,-0.06940022705401491
262.0,6.682300006897628,-1.9149715613542622,11.43771301359675,0.036099203248402933,-0.2754000627723151,-0.1452270324785005,43.88906999914729,16.848638355105294,-0.9693011816431378,1.1689676132122961,0.8232813462342493,-0.06897485261757338
262.02772950214205,6.677098808074248,-1.940662610327161,11.463084486199557,0.03698907481800766,-0.2769597469308041,-0.14064804044236967,43.86689012793331,16.906948878313813,-0.9825007178357233,1.1444425367787185,0.8317502428026357,-0.07080295966794715
262.22792106410657,6.685289203308086,-1.9931718011131978,11.476861796165078,0.03796961263350693,-0.2762219430289154,-0.13260945065251847,44.04560324833462,17.058065908070542,-1.016344007838864,1.1147551630198311,0.7855884318837811,-0.07390032101531435
262.42810984670416,6.683340669527699,-2.062910056838482,11.422389272522622,0.03714377925029883,-0.27800464955046167,-0.13884737387438803,44.29125695598341,17.249420942831104,-1.0157574028335017,1.112883509642938,0.758022789556127,-0.0721718624557424
262.62829577967983,6.681425405535258,-2.1423432611551503,11.41731064510751,0.03805180938589861,-0.28036296024058777,-0.13577701524777036,44.43059116920361,17.4706362229672,-1.0389827336239346,1.0707690351503067,0.7438247855413473,-0.07394615320246165
262.8284787959903,6.687126917604903,-2.192016574593226,11.371081962168246,0.03709663507585138,-0.27976435920923987,-0.13929576789319265,44.703578104181744,17.58574059596924,-1.0440458618384745,1.0809014114121933,0.6906879541798481,-0.07288785912080811
263.0,7.017974457312861,-2.6220923641399567,11.739984893462191,0.06332066937024389,-0.3068989713421559,-0.10797214627683097,46.13222824017145,17.694851445916356,-0.8625278503341538,1.2948932730908596,0.6957003105791985,-0.06574831826631859
263.02865883177674,7.017244826962848,-2.6374162497996108,11.751637840941692,0.06368231761556363,-0.30738330514644685,-0.10556412299181064,46.14693450426723,17.725746784456142,-0.8702943575073473,1.284449237062435,0.6940430239770986,-0.06672521767400662
263.2288358263386,7.028727859916609,-2.7021625579369033,11.738322044028012,0.06387913843134022,-0.30762042428159125,-0.10426569707900671,46.39022700303272,17.86671653040545,-0.8869372616115792,1.2724872068855195,0.6546902251320038,-0.06736760731697321
263.42900972210697,7.023902815214059,-2.80060523764386,11.7567345673611,0.06484030115996922,-0.3109299068111179,-0.0987703549374647,46.54514915598711,18.080079026054094,-0.9153206589159505,1.2262360833778887,0.645347599717023,-0.07001928295009849
263.629180464619,7.041940381402008,-2.8573001547478305,11.758294506498189,0.0654997002599636,-0.31016202678090643,-0.09437020646861605,46.7623107643251,18.189823599753364,-0.9406132783881156,1.2080737219501467,0.5976899814003745,-0.07175076329910914
263.82934800249296,7.0684472977238855,-2.893455781819523,11.73786148293314,0.06537345524744465,-0.3074484427886901,-0.09329275204190404,47.053101883590415,18.220758289691418,-0.9568002790607217,1.2184368580631306,0.5242347368753032,-0.07197055716424183
264.0,6.913202618397998,-2.814715792782806,11.894822909809308,0.055403821941812995,-0.29684111734433977,-0.0860502063269951,47.125011690567376,18.491400095526334,-0.8078837520260712,1.1893238378141517,0.5070611320904707,-0.062243847420393274
264.02951228740244,6.896028075747642,-2.876573139437771,11.887425330679523,0.055529086862082404,-0.3020383533294703,-0.08904867617774942,47.11646260508561,18.60740472207469,-0.8038728337944264,1.1690333684774465,0.541490971012289,-0.06192823959059723
264.229673274052,6.902853210112988,-2.9140314289945612,11.838228002347275,0.05388495250022564,-0.30003556566482853,-0.09427091682282199,47.42651302626885,18.656014144105637,-0.802587434767133,1.1904643515511042,0.47697770892919633,-0.060578514725231486
264.4298309201526,6.927240444919838,-2.9434793621392217,11.780458032298156,0.053010533818562196,-0.2974646684456524,-0.10008379781419141,47.74786601511866,18.68086525039117,-0.7991752856410909,1.2154386068391576,0.4082686212798787,-0.058507985911829964
264.6299851863968,6.947579679596603,-2.995399230684754,11.707689494340945,0.05225808633941689,-0.29735667326679244,-0.10930304062482225,48.062941493479265,18.75313105986965,-0.7870598658518758,1.2354440726632658,0.36209902800892546,-0.05558862840477784
264.83013603643474,6.952083531705575,-3.055739351792429,11.715475641575688,0.0525409529850775,-0.2970474670589396,-0.10398607967052097,48.273855495114034,18.811289758792082,-0.8120683021810696,1.2157136776817765,0.3125326577070521,-0.05744419374853988
265.0,6.845812184157383,-3.096808158879438,12.015144883421264,0.04855344459984559,-0.2936192812687075,-0.08330042953417091,49.019999685055176,19.22909558324187,-0.6521064781504435,1.312978935677393,0.3416086978770714,-0.050081213053365284
265.0302834368498,6.861774795097016,-3.0708967774183358,12.055758350114028,0.04948342332030687,-0.28983665013040555,-0.0743169493848916,49.043975397329085,19.171188621028694,-0.6741263011484729,1.3066294728165686,0.3070973001724065,-0.05248434965403479
265.2304273571339,6.853196746420588,-3.151644260108238,12.078532858854288,0.049651834889915085,-0.2914525873856786,-0.06874079819850593,49.25597453920806,19.25839914165297,-0.6986767609027842,1.281075398424038,0.27173744967644353,-0.054707158723780444
265.4305677696636,6.884335057181817,-3.1848016115250535,12.078423302344076,0.05063411309641741,-0.2890124946277503,-0.06496419750715739,49.506667998170464,19.260402766783095,-0.7186254076762955,1.2748406944316475,0.20774807896197708,-0.0565433535808449
265.6307046496749,6.933938309170013,-3.202602358525539,12.072184031869048,0.052236012248011804,-0.2853510372835226,-0.06144346035946681,49.765062518035826,19.221561361333723,-0.7381772206093103,1.2724896226010933,0.13371666362365897,-0.05757393838902619
265.8308379752389,6.926315583467432,-3.276414638036964,12.07450874276093,0.05184432059853467,-0.2866790876148564,-0.059775406239329705,49.993999017557506,19.273969295079404,-0.7545068983822937,1.256066225036327,0.09578651026721498,-0.058445711175633464
266.0,6.968075197000445,-3.3442213856752323,12.006002191563855,0.05351900381868528,-0.2887518166379408,-0.06350863865154693,50.12282745870263,19.198989057104594,-0.7970672435588247,1.2344580337319977,0.039845208402276414,-0.06009712203454955
266.0309677272367,6.985511021731526,-3.322027693398154,11.952378308266749,0.052795047844959926,-0.286541682547009,-0.07137478253131832,50.22580799749057,19.159594654917612,-0.7794946296875226,1.2610095313109375,0.017342873045380378,-0.05729313504669515
266.23109388933364,6.9418757467323084,-3.4368649329853334,11.914819889785113,0.05029164671226683,-0.2917649550837959,-0.07839312446567204,50.49236476147926,19.2430666234835,-0.7747650570058698,1.257973950811854,-0.0006755667306003257,-0.0559375220544857
266.431216447954,6.915325939817751,-3.5372843632142184,11.858417052740895,0.04819296893968413,-0.2959152802260363,-0.08764429068129659,50.77660387874069,19.315720403912074,-0.7637176465051919,1.2617182173816606,-0.02081759218586359,-0.05351908983568896
266.6313353922541,6.887949301958494,-3.6435757774666717,11.809647020563329,0.04638412176942437,-0.3004905895605285,-0.09537239237259236,51.04399112695705,19.406655414480078,-0.7559650607082783,1.2582808002969057,-0.03285864242789811,-0.051608535959726774
266.8314507140962,6.8706781778675605,-3.7298675029706594,11.820909859932389,0.04597051970167201,-0.3024306489577918,-0.0913081969285205,51.24833539854708,19.43951587060997,-0.7777413143901222,1.233132268714319,-0.06524420858192664,-0.05342960067217171
267.0,6.815015261057512,-3.680483822329287,11.896307002628726,0.041315848905783874,-0.29455767729247656,-0.08775351115437668,51.30283246512067,19.504018708830255,-0.6773333502724984,1.2002518547102838,-0.09851826438373691,-0.04656319276865456
267.03156240802076,6.8254464235298595,-3.665093573349901,11.908586042361291,0.0416461009271059,-0.29213055848157854,-0.08444680337790168,51.342163456693044,19.45699723795037,-0.6859165886579479,1.2003429464801818,-0.12328938618834465,-0.04726609349362154
267.2316704712186,6.823291404085134,-3.742674069929201,11.873766564731085,0.04106839207439722,-0.29405100999212436,-0.08820511974163177,51.589442503194356,19.463775797043926,-0.6868064318453135,1.1947967890521705,-0.1573561723920699,-0.04652362880104703
267.43177490350206,6.859896225649741,-3.769241890246622,11.774083674862569,0.04057363465922878,-0.29225714363486804,-0.10102734418504149,51.920964351534806,19.395164901965828,-0.6632627325805704,1.2238542400348074,-0.21533339575344257,-0.04206976704867728
267.6318757072758,6.863209273518177,-3.848309823657935,11.705244046339843,0.039774407693985936,-0.29481409858118446,-0.1100434825426848,52.199973006972264,19.41228756821116,-0.6496880143633568,1.2290182616404592,-0.2391462550691173,-0.039880137848772486
267.8319728875063,6.861787763497683,-3.9190384318351414,11.684495130661006,0.03947580569576058,-0.29584081822815844,-0.11031217454089295,52.43869258792761,19.38457198879901,-0.6573952730131828,1.2190592918796004,-0.2782395672123235,-0.03981049775280186
268.0,6.942376032717918,-4.088381696429302,11.570403912074688,0.04489156538334271,-0.3061401798824635,-0.11673804154951316,52.53859201269098,19.090046843782588,-0.7223093734412691,1.189123632519011,-0.35706823778029434,-0.04222273418267147
268.0320664516911,6.918231928338744,-4.141615338867628,11.57329893557608,0.04430307917745029,-0.30981998409263845,-0.11705354606457422,52.55711899069522,19.138933451482153,-0.7240234333134445,1.1780202529824588,-0.34155362492429997,-0.04258980925877885
268.2321564098265,6.917016620804815,-4.201815438945034,11.587547034951546,0.04437144173409624,-0.3090398607539283,-0.11093042666433324,52.768174364383455,19.043576266463674,-0.7470186297535932,1.160209771464262,-0.3989156010257421,-0.0441773246449568
268.43224277437463,6.905780973640806,-4.287707562247806,11.590088585048875,0.04407879698531214,-0.3107752174738131,-0.10766116980895422,52.97024750565412,18.990334322811115,-0.7646975457541398,1.1387546673275837,-0.43612079466848547,-0.045736752839174326
268.63232556022956,6.906033722824287,-4.3730642973324505,11.521846648044098,0.04312781137082937,-0.3134817027400312,-0.1163028249577431,53.23186771150286,18.964785661829882,-0.7528659180222085,1.140663216873732,-0.45963239634682324,-0.0433240520131916
268.832404784682,6.8826060467045895,-4.469919606690563,11.539609153971707,0.04262087719556818,-0.31589880536188814,-0.11063628644302168,53.40509448332684,18.921033606946892,-0.777649601362597,1.1103079877873254,-0.48900673049330584,-0.045660086192637304
269.0,6.739331347791679,-4.1231568388151745,11.43386501285526,0.02776832069505319,-0.2829686922999807,-0.1091576562544371,53.919555371654184,19.582099631468605,-0.9790977296366804,1.1784400533812893,-0.40697847187807706,-0.06061316526076292
269.0324804673833,6.752053406150819,-4.089388527988638,11.421668541318203,0.02761652539080302,-0.27917236543728124,-0.10968749793742094,53.98650999182035,19.499113810498773,-0.9781712359697774,1.1903027442331287,-0.4413816430314413,-0.05990302446380395
269.23255263030796,6.757036586828347,-4.145315044781587,11.4028709191425,0.02764182947308988,-0.27913330345703546,-0.10917662676461831,54.22146633136785,19.405168871450236,-0.9913967550199035,1.1812851058131828,-0.4869922082620131,-0.0602049206980471
269.43262129771483,6.7430635512275545,-4.219005900274189,11.448907347823809,0.02800451322549227,-0.27974758545094697,-0.09851766291470959,54.39334837582128,19.30816165040869,-1.030498931088224,1.1480020968373683,-0.5313440405194934,-0.06396326881753013
269.63268649610734,6.7180414976662055,-4.321669801722852,11.396141346502878,0.026413797909407705,-0.28419435842447555,-0.10561509118854351,54.64171571529667,19.296878620436697,-1.02705711591786,1.142669351602428,-0.5406803859435327,-0.06238976537225244
269.8327482541924,6.710831652524776,-4.3939448545763735,11.434912489610157,0.0269835063089987,-0.28486331539310733,-0.09589662147904525,54.79688324372991,19.19934904581427,-1.0658979711930958,1.1063507733790772,-0.5801766833385344,-0.06615015474354292
270.0,6.697946888740559,-4.220062483340978,11.50342904254245,0.022444347651120078,-0.2696361608704178,-0.0963094498967255,54.267306305038744,19.017713150757903,-0.8589338102219598,0.9637768384552985,-0.6463252874388687,-0.05111203581588085
270.03280660283747,6.7066323743791605,-4.229178475768593,11.545296419463062,0.02360014591495663,-0.26929825279393904,-0.08866926192727592,54.25844557564244,18.994029188344747,-0.8790914407680732,0.9451845361167813,-0.6547809925727145,-0.05358705936674949
270.2328615750269,6.701161085761757,-4.34443663672877,11.576059513183813,0.024636080586466234,-0.27450132459328125,-0.08159043568148024,54.369672631666496,18.968421118637647,-0.9102745604224098,0.8984252242512598,-0.657334734523218,-0.05683695097108817
270.4329132058162,6.728152780865894,-4.380048696069139,11.591031507284992,0.026062352756407288,-0.2727129278589013,-0.07551567645941361,54.51550139778288,18.803407449812468,-0.9365960230340593,0.871854426265092,-0.7104928333692175,-0.05903041456439242
270.632961532285,6.732464489776541,-4.4270874742130095,11.570749359308556,0.02584995735923054,-0.27198556623520803,-0.07634319262742838,54.70088057908518,18.635936177904462,-0.9457181975287535,0.8606869897579971,-0.7612134173141859,-0.059254311293375724
270.8330065934889,6.789065883368673,-4.432680880540724,11.593626021963004,0.028596444656035155,-0.2677511219415597,-0.0678652168105455,54.82475481208831,18.391834184320135,-0.9784491749076394,0.8311035845024345,-0.8344386645730049,-0.06159536703822432
271.0,6.795539756359887,-4.424104196381469,11.72214549144038,0.02818783375662702,-0.26434751086555497,-0.06317927362623077,54.6589979468205,18.16244882237749,-0.7869939846360051,0.7583262777386015,-0.8912527959671338,-0.04834714470189093
271.03304843040905,6.875541624636891,-4.347330454695259,11.748355947220563,0.03163057348455739,-0.2574662531592153,-0.055477867434952866,54.66178109272607,18.036547058065914,-0.8052829971835421,0.7505391587202002,-0.9357078954914475,-0.050005605264589276
271.2330870859007,6.790459659841081,-4.458006854333707,11.690317239896132,0.026943778132943456,-0.26178464209875985,-0.06635998126395562,54.874727703821975,17.889280390685972,-0.7885828651329115,0.7539856739961573,-0.9646414653748736,-0.046890382954465355
271.4331226046398,6.70853484177408,-4.562455144577475,11.606382680017767,0.02199965073259244,-0.26574083004443527,-0.08104304168444676,55.11751379163615,17.734783321478485,-0.7608007297677387,0.7681033405857367,-0.9937884493685687,-0.042436623442064864
271.6331550330678,6.715231693945829,-4.622926458332693,11.621035149241893,0.02268101791768152,-0.2662127181577222,-0.07589369977897727,55.231155245089646,17.54667397372707,-0.7833234360612268,0.7364683606371477,-1.0318594198182536,-0.044613794931176884
271.8331844193355,6.756412307414051,-4.634399158906512,11.593300301506135,0.023914485972713513,-0.2629103872214561,-0.07658658607179607,55.39315455085085,17.26201028926159,-0.7885545773365362,0.7267331983102004,-1.1010860810045247,-0.04383293958950435
272.0,6.685781576620393,-5.065071530649013,11.85195001956694,0.028572398362004002,-0.29033766746890033,-0.06772137089043473,55.35376410880918,16.567898936773844,-0.5022143214951426,0.6702758613030814,-1.2211698088477367,-0.024072664204303106
272.03321081324407,6.552603741296145,-5.210442208782079,11.860444394856154,0.023606733097859427,-0.3003398514578582,-0.0709161297312409,55.37504280613136,16.65976553801945,-0.4979331748637666,0.6603694493154826,-1.1776445166362515,-0.02406137885147371
272.2332342661854,6.655666136094362,-5.171903966981708,11.872958097456994,0.02783819388118644,-0.2926518565389908,-0.06297534924797565,55.477975794823664,16.302306896452336,-0.5199842183851965,0.6356995939613683,-1.2654080114326625,-0.0258004853130777
272.4332548310799,6.540144787368527,-5.347398859571736,11.885600996758342,0.023460596716122203,-0.3011609047163315,-0.06320655618561512,55.59040321323069,16.182111988150144,-0.5275026372913365,0.6048299974750672,-1.2596601982273334,-0.026510202872595052
272.6332725623128,6.5531634482030166,-5.419443906080101,11.916213950977891,0.024647204495734872,-0.3021342065873224,-0.055885617668566846,55.651914462585026,15.95807627526951,-0.5531920407750738,0.562931815562285,-1.289809654429588,-0.03000972136058567
272.8332875156691,6.576234804773685,-5.4413489988741945,11.867411879733982,0.024636458527845784,-0.29892320883756707,-0.061394718001387426,55.8181326188853,15.609582390870647,-0.5418849375491336,0.5632400838010612,-1.362141015860501,-0.02757232688364339
273.0,6.737155215739233,-5.027431170458591,11.842627665139876,0.02318342572464046,-0.26775504457665533,-0.05965191925218868,55.7462774672501,15.78559618446879,-0.49573039892194576,0.5237227510887792,-1.335301873528069,-0.02537698153001062
273.0332997482658,6.743609942831562,-5.062722950681668,11.900638523834143,0.0246639533690575,-0.2697827885714653,-0.050055780118283336,55.7032035618438,15.781395243446415,-0.5211737514027011,0.4949313975578767,-1.3258882562604908,-0.029048373529450888
273.2333093184833,6.686292544356893,-5.150316033144635,11.854011306694405,0.02142848063578679,-0.2719982421810059,-0.05796891328015989,55.849060020308336,15.53100400761017,-0.5072560351052483,0.4891041447102314,-1.3591276074774536,-0.026705920430326935
273.4333162858945,6.582545730077379,-5.303779188354808,11.83797072471799,0.017072194484876915,-0.27931664876477386,-0.06241514885298937,55.96059093571341,15.375896449555617,-0.5039101276654699,0.46716646428421554,-1.3539834700603213,-0.02591842650639969
273.6333207111917,6.6277337227003965,-5.309604477522794,11.816333827109126,0.018527737111965644,-0.2753269967111601,-0.06242490134623269,56.06367106440177,15.01687598965424,-0.5068422857389107,0.45171028843385413,-1.4219244920518623,-0.02517960674213271
273.83332265611295,6.602817944804855,-5.40171819614481,11.834835630733544,0.017926156631282348,-0.27817814472103786,-0.05830053675460986,56.11412099668486,14.796977532828473,-0.5248725494416348,0.4135506572090465,-1.4355407728953462,-0.027257409990950762
274.0,6.598610371087022,-5.520543047600308,11.911379921081686,0.019141735887722104,-0.2827167638253265,-0.05106370533691037,56.611359211517076,14.65611762427995,-0.5158986841955852,0.4767968254495696,-1.4449511261045247,-0.027962964920733614
274.03332218336556,6.622358617885702,-5.506782243390382,11.909897474752134,0.020017893030051526,-0.28100863479448757,-0.05023953687255879,56.62571403865319,14.583721884756434,-0.5182860693350118,0.47356373509949207,-1.460388098557629,-0.027963617302071087
274.2333193565481,6.675256273023033,-5.516439871774129,11.896095232797952,0.02184878938212807,-0.2776362907494552,-0.049200239385840644,56.71697638644339,14.23627738640862,-0.5253140305720887,0.45297623214754057,-1.5163045927997312,-0.02803269586100165
274.43331424007107,6.869854345186777,-5.383123500166512,11.808364393888763,0.02797506465448098,-0.2641650234820533,-0.05546941032503104,56.86136995229397,13.697587853422178,-0.5093676315215528,0.4608961265031575,-1.6392062689470943,-0.02439263835687324
274.6333068990753,6.82561620012332,-5.45891003195722,11.750149296917561,0.02506990266200155,-0.2656859128994605,-0.06476345857375523,57.0177213665345,13.381157738051238,-0.48984878965431256,0.4613955033656036,-1.67324146515801,-0.021470025324186952
274.83329739934936,6.807489903825772,-5.525857837907463,11.725661818006895,0.023903604265592283,-0.2666252214983486,-0.06741505625541779,57.12834775042065,13.05741542538894,-0.4872006967212955,0.44650722758484457,-1.7064282616769322,-0.020372121338239284
275.0,7.340568996241048,-4.847811220620452,12.00537522465792,0.03520496307825016,-0.22196098071458015,-0.03961223699906463,58.11018276669517,13.76131621593435,-0.22053664405579249,0.6219743787281965,-1.5691918784612426,-0.009726908028719342
275.0332858072451,7.228938684346704,-4.956144875237256,12.092655546414957,0.03231622558795013,-0.2281775789209399,-0.029093107468621038,58.07772668758235,13.782537909821679,-0.24776552802508567,0.5938266891927687,-1.5458134988726406,-0.013674824212436612
275.2332721895913,7.314094833975153,-4.930564428273863,12.050497119093292,0.03477320547127451,-0.22341888929288445,-0.03240633660859702,58.215105001395216,13.400550198485519,-0.24074484498221044,0.5866137184957543,-1.6054063023128053,-0.012024090870544141
275.4332566136065,7.3570589107265025,-4.941913225885247,12.007600098317612,0.03557237630367518,-0.22133081348150663,-0.03716453978611823,58.35908150145669,13.043940874826973,-0.230241557385764,0.5804565487893588,-1.6506493620853622,-0.009981382668063454
275.63323914680984,7.366284490255087,-4.978960018187033,11.962105971510903,0.034976061064454306,-0.22102585927982898,-0.04332325995677639,58.513749884940786,12.705790854561485,-0.21593107809147344,0.5775100513394622,-1.6857474432982333,-0.0077814598796412966
275.8332198569312,7.54128166208021,-4.908495807854163,11.931815609763477,0.0415651495084781,-0.21365661343545236,-0.041638735688818804,58.60162681076749,12.23650569715129,-0.21950082019380512,0.5574210958958505,-1.764011976122678,-0.007567420130848149
276.0,7.496703455033799,-5.032742496703799,11.823430575248768,0.040637513317567604,-0.2190083614482405,-0.0451943626670129,58.97632931231599,11.96156751253815,-0.38528336918749606,0.5968675572778407,-1.786234052075913,-0.01834414421455844
276.03319881181915,7.420244405821682,-5.089143898254068,11.800633593165768,0.037137525382578834,-0.22215743052561338,-0.05094398808920574,59.029508670184484,11.938764123210749,-0.3724478243407797,0.6046882425210702,-1.7776049481361056,-0.016585400505776584
276.23317607934905,7.334812251441774,-5.195373151806834,11.783207916471396,0.033261964780039954,-0.2260911153002001,-0.054929254324023284,59.176379664630524,11.63164533525009,-0.3666536873151467,0.595366446383882,-1.7905836282371246,-0.0155091268480004
276.4331517273287,7.356974908442345,-5.232230288753941,11.800142978264116,0.0343936703821443,-0.22534286581874777,-0.04992956413740962,59.26336034031725,11.255916000613663,-0.3822103684739759,0.5677079829206848,-1.8273101216153689,-0.016896434820012365
276.63312582340404,7.409613284117626,-5.248057692671632,11.793769294538599,0.03634465452759924,-0.22346395596691626,-0.047948949315122474,59.357899949390266,10.856698135583995,-0.39023878952206936,0.5459439822753471,-1.869502961737808,-0.017338391917350492
276.83309843496374,7.50192932378848,-5.236174835679335,11.751639543136076,0.03929482907209246,-0.22006700386706066,-0.05074409658820254,59.47416506835322,10.422159172969694,-0.3851337054464914,0.5348062286823474,-1.921070767767142,-0.01596959029673293
277.0,7.926456682324158,-4.774466386575225,11.529198072238867,0.047853071943583125,-0.19179571473044138,-0.05912299271663088,59.28907942779233,10.44477749472742,-0.47305289111688187,0.4752303895132945,-1.890610204697214,-0.02116667851346535
277.0330696290429,7.967938958834375,-4.7478710138538975,11.48124447587756,0.04861721832040294,-0.18998178302606833,-0.06526275088001976,59.33307537234543,10.362940490625942,-0.45859795722728747,0.48458891901164197,-1.9034701393912306,-0.019022961803366423
277.23303947222627,7.999765345621482,-4.763714417881009,11.395858385138926,0.048199614448103945,-0.18904932533897312,-0.07622733804294048,59.48594758568294,9.973543280298,-0.43508900208284984,0.4884477923567499,-1.9358997203887984,-0.015279016246653518
277.43300803055126,8.091456622561822,-4.749240661831307,11.35227668791843,0.05104512405009269,-0.18607249823370592,-0.07840613506414656,59.585062129760765,9.544302208188315,-0.4320178154355211,0.4745859423673033,-1.9794296427558098,-0.014140150765115727
277.6329753694102,8.14020723617276,-4.762879659099352,11.321148878570856,0.052355217347622864,-0.18477219143466514,-0.07979929866955866,59.68154679523828,9.12771251209265,-0.4309417097860347,0.45936082202410566,-2.0145153858454083,-0.013352667366379333
277.83294155345305,8.15566176229661,-4.7979318590152715,11.326869562638462,0.052973758131350815,-0.18446461105860107,-0.07606908922339853,59.745085570848524,8.712197900063432,-0.4433502848769034,0.43259836394185675,-2.045634222253977,-0.014262036724280312
278.0,8.148098427947211,-4.8417479169737145,11.495195166536442,0.0529428806295718,-0.18504011887870567,-0.06831178321379211,59.66487330195584,8.312091730028245,-0.23677567456544846,0.3858098136056898,-2.07853562557616,-0.0008864337971182107
278.0329066464898,7.996347337423052,-4.940164924238594,11.502802909439446,0.046905696163479955,-0.1904307064085091,-0.07112549710660034,59.70776745609856,8.306942638653503,-0.2307298736585333,0.3897052815337482,-2.057339125938388,-0.0002883652583234587
278.2328707113928,8.167886140349397,-4.874300363309888,11.4124688869205,0.052140430016392215,-0.1846418789345831,-0.0787328538557254,59.8052359642726,7.822058080322227,-0.2109912465888693,0.3835462707589279,-2.11158918508528,0.0029681587913682533
278.4328338100004,8.229621029890682,-4.881080616284507,11.377872130997083,0.053909736893883585,-0.1830048516496668,-0.08032717834434287,59.88170982916075,7.376097832165711,-0.20610979078618175,0.3667400711043717,-2.145760207285371,0.003521030164107529
278.63279600301985,8.323574465953422,-4.869145832166048,11.298582060598354,0.05618337982934498,-0.1806740698989077,-0.08831082181211528,59.98935081863533,6.918727925902164,-0.1843739309738304,0.36301326538625556,-2.181971521961245,0.006560331740979105
278.8327573499323,8.351799328200224,-4.8963681273759,11.295370690794776,0.05718717202130695,-0.17998453795343403,-0.08543193938686061,60.03643333912033,6.463148796968008,-0.19045863740529576,0.3364049430343929,-2.213123762007689,0.005590360089801524
279.0,9.266967371375147,-4.114771712316661,11.09923532756443,0.08045875470049291,-0.13762536100638637,-0.08954798776462708,59.73506568927359,6.700246828399628,-0.12955349913645525,0.2628352848563451,-2.1317288287286886,0.008902481705512553
279.0327179088979,9.125152112319206,-4.201631445741676,11.115086937887783,0.07489323012380958,-0.14231003244246535,-0.09055381618490042,59.76778416994041,6.687298824445106,-0.1274212495218454,0.26446453623952626,-2.1120312484364248,0.008952653484812572
279.23267773666214,9.16972791769267,-4.211808940024964,11.063155126973994,0.07548556406875845,-0.1414898584632223,-0.09519149184179333,59.8391773035998,6.256455410424176,-0.11410229801514485,0.25271326668274996,-2.1361559558798184,0.010871846041372864
279.43263688846423,9.15653260827789,-4.255514077170942,11.029287559700048,0.07400962008566099,-0.14258110247101893,-0.09839275259574941,59.91187785443009,5.848670665562588,-0.10408893218895256,0.23990504381788655,-2.1489667800871146,0.01242986249754756
279.6325954179459,9.0790265159651,-4.334253909025788,10.973504294842192,0.06934161528332533,-0.14613009296497878,-0.10689191518804121,60.03328081254022,5.4938188747804695,-0.08079116220521079,0.24224146166934163,-2.1407138781903705,0.015195648249262027
279.8325533770632,9.096571198878708,-4.359979234555776,10.982888765774996,0.07016250769711627,-0.14544881173390933,-0.1016884209810392,60.041295051835085,5.03827503336313,-0.0909762509613565,0.20976893535255073,-2.1671919253271317,0.01403691313987185
280.0,10.197096742949567,-3.515350144423525,10.581575138711203,0.0992424309439544,-0.10193807460276455,-0.11324976538037174,59.96486587445872,5.416209061588139,-0.24387891267819597,0.1848028525496315,-2.056828367336696,0.0036814432933305104
280.0325108159997,10.136356346723627,-3.557072981614875,10.727742700560919,0.09941404210241557,-0.10290115424389429,-0.0908749503652787,59.869677251688366,5.337275616437978,-0.2970447448551573,0.14105438902685713,-2.0614801001731657,-0.0034269744111764177
280.2324677830817,10.089060433744464,-3.61091988647399,10.691558526306723,0.09624717347666306,-0.10499425661146068,-0.09561789130276711,59.9343518656931,4.958721162306999,-0.286459110589633,0.13157335230887668,-2.062357982378792,-0.002172302972607516
280.43242432469657,10.087832330339673,-3.633598927037049,10.615652526991216,0.09434841281979889,-0.10523007794806127,-0.1055227079277724,60.02059195454671,4.552978054606127,-0.26180233928034075,0.1320038863195131,-2.073498769991153,0.0009355161645458756
280.6323804852131,10.107173522113472,-3.6528820577575534,10.577515426970146,0.09404518040198577,-0.10522181847199871,-0.10834305390789858,60.06277926309694,4.139445253736106,-0.25431414602128666,0.11725861734502083,-2.085107300883438,0.002019682421922784
280.83233630690523,10.03896742646003,-3.721366546966344,10.571458116251682,0.09038110102422078,-0.10843956604998749,-0.1080362066450518,60.11291091106813,3.799186804134815,-0.25609862146353196,0.10168595506988741,-2.0684260300193302,0.0018314917568338588
281.0,11.144613520070404,-2.959660076351308,10.966006228564519,0.12252531693986399,-0.07021168624165278,-0.08202858826385881,59.79782878434936,4.095279527485925,0.4462859487882621,0.028087608624931565,-1.9687593048809946,0.04448598890049115
281.0322918298786,11.170606716635689,-2.9471943748664358,10.952527364766665,0.1232848486521361,-0.06924834360385261,-0.0832187591100508,59.799684059221576,4.016231772703908,0.4508221553605769,0.02573071262012729,-1.976462680352515,0.04500801896212477
281.2322470920003,11.051355158440794,-3.0496387936300002,10.975216243891875,0.11762358472644995,-0.0752489372533614,-0.08046893033282966,59.82596053189638,3.7318522229109914,0.4513487381795355,0.005529988445475389,-1.939198260132764,0.044033772552316365
281.4322021288327,10.99697931537325,-3.1283026154053215,11.030942199773214,0.11519154991024116,-0.0800023049410513,-0.07043543026196805,59.797178224435456,3.4469819810899986,0.4328011214701207,-0.03142239188889069,-1.9039244393910149,0.04037134232361844
281.6321569735701,11.038001072848806,-3.1399178422517227,11.04473890003784,0.11649119390280481,-0.07965249588045178,-0.06525026019708083,59.750686077946334,3.055571476597095,0.42755881764014575,-0.06726643719889545,-1.9101625538226648,0.039168814729306334
281.8321116569801,11.019173135732697,-3.1602667056311997,10.979661677287696,0.11388998176988092,-0.07955359510047158,-0.07536561886166424,59.81082544691188,2.6665848816189572,0.4627872133622361,-0.0662396760103769,-1.9152138926243312,0.04286846585638278
282.0,10.71325932074139,-3.3998402846420204,11.217270382589959,0.10584899937061418,-0.09029905926048842,-0.062474111603722696,60.21804667103087,2.191283339926572,0.6024406081620245,-0.006034859475469542,-1.9432913838057861,0.050196637580645076
282.0320662073487,10.784511377365122,-3.364116988502483,11.256811090964153,0.10971815234517451,-0.08715699065168454,-0.05393429098326489,60.15585765335625,2.0642942614901743,0.5845144213647451,-0.03037160252742832,-1.9692013229220324,0.04776303328341048
282.23202065042966,10.82028449170076,-3.3611422762393737,11.203592779688577,0.10972208088539236,-0.08551309670426933,-0.06072846307096968,60.175160299429194,1.6369498978180401,0.6114920842449263,-0.0413736067350236,-1.9844028134330605,0.05070134467292102
282.43197500939846,10.920559765806729,-3.3529093759558086,11.262381046561078,0.11450537240451598,-0.0836712092464903,-0.046695120083741874,60.05888104066901,1.192109941472876,0.5867313292233075,-0.09870389751546463,-2.0030287788022925,0.04681851352066672
282.6319293048102,10.885841114966821,-3.402130884006648,11.276914795166455,0.11215857577606898,-0.08610170873737495,-0.044046249127998906,60.047760568131615,0.8535786729094715,0.5882731943465764,-0.1208142527254854,-1.980195527661012,0.04601394745627441
282.8318835545635,10.879964302714246,-3.4336570353837033,11.273261629612612,0.11085048422204664,-0.08723633937836917,-0.04386072741866526,60.035969318468524,0.4913279453490649,0.5965120965438052,-0.14032075800121815,-1.9672597842041515,0.04637297402787685
283.0,11.428448159827884,-3.1096752002342045,10.797296940091991,0.12453186749382492,-0.07146451469990736,-0.06576703034973473,59.69009013921197,0.46433093902973865,0.2703183334299579,-0.21810239676934418,-1.9145949679735614,0.02706567553551436
283.03183777386795,11.593695612912718,-3.0072541428950563,10.736016285544668,0.131045078483977,-0.06354267430628277,-0.07176940625167605,59.654946320475155,0.2492028109236054,0.2876191490693951,-0.22561843019781805,-1.9778085815971704,0.029746995005690273
283.23179197521705,11.484069789033635,-3.080593394160201,10.752900503741959,0.12556704445249525,-0.06737678563507907,-0.06994653654015043,59.64056867822962,-0.0691504470861127,0.2883950522738674,-0.2430105006439448,-1.9438634431479287,0.02884108598102169
283.43174616836666,11.580902989026018,-3.0611362761160956,10.725764017562568,0.1286474985200666,-0.06507239069546417,-0.07038936924368171,59.563242680826754,-0.5123094017563801,0.2959301753653992,-0.2743668582521558,-1.9612529957178024,0.029439985912516096
283.6317003603176,11.55326673499294,-3.120063493701711,10.799781303653404,0.12726784124276097,-0.06897411873676806,-0.0562566613354432,59.45971820658294,-0.8001867231537275,0.26364091875492546,-0.31951514404243203,-1.917327719524157,0.024621788693611767
283.83165455530445,11.476441444637269,-3.181570524494558,10.812439458151374,0.12254381542339834,-0.07288798331896917,-0.054581719820550614,59.44711806588755,-1.05974132632334,0.2624580940336003,-0.3324126675447257,-1.8660284411140242,0.02372272451301332
284.0,11.321119359079132,-3.287235807607543,10.57382813732319,0.11653391402863718,-0.07726507356555386,-0.06690065371883482,59.40549315983124,-1.4691787019121225,-0.008805218393885539,-0.35156906673190863,-1.8743445433638986,0.007308863371965721
284.03160875478903,11.280672801776348,-3.277790502302019,10.526612802821955,0.11427539908881935,-0.07531775656933595,-0.07587368570320599,59.43623861394997,-1.570921575469738,0.013866988673650922,-0.33938034917094073,-1.88963326308691,0.010435929372109347
284.2315629574595,11.212454502825123,-3.32180475327637,10.49494179184681,0.10995880107914208,-0.07707357037419285,-0.08105267752076413,59.42265961100956,-1.9067163814496173,0.028558210390733398,-0.3464560785526565,-1.864272486137303,0.012434049205165276
284.43151715923455,11.247251522536695,-3.3164408888618517,10.446386267562795,0.11035238154681967,-0.07496563386472264,-0.0865056033823235,59.363139248231995,-2.3337405152701245,0.04560990907524183,-0.3655720546440351,-1.875291890161559,0.014543542923265535
284.63147135327284,11.355239607132997,-3.286933015453892,10.393536067000186,0.11413983306016327,-0.07116212349754639,-0.09072139397936212,59.25613914060141,-2.8197839507920124,0.06072906487957107,-0.3963827620166736,-1.9075590256657755,0.016572354870954174
284.8314255299884,11.49543534209572,-3.2587720191746326,10.345759021424094,0.11921437916372589,-0.06804557735376617,-0.09298480178562922,59.12187710794742,-3.301201409012473,0.0709606666496014,-0.433987217767026,-1.935821098571396,0.017528990563747557
285.0,10.811015107958937,-3.63653667139115,10.437416159951184,0.09940440051328495,-0.08482511471510173,-0.0872149792515477,59.726691382709866,-4.01082910286551,-0.053455706299281355,-0.3244687965759257,-1.9942531927664784,0.007925746481022906
285.0313796770706,10.998057389090958,-3.586666258866941,10.447860763492258,0.10761326547651916,-0.08193340070964603,-0.08023193360238728,59.629025309379955,-4.137267455374744,-0.07005648647326553,-0.3562299946555195,-2.0212262451857423,0.0056962295336386295
285.2313337795096,11.26729689153345,-3.5329568384964247,10.404350848912143,0.11783559994020404,-0.07822880203049945,-0.07856724233972334,59.468085320390855,-4.627866601081954,-0.07318556886853901,-0.4039867632383059,-2.0516511313027728,0.005462286091600664
285.43128781962696,11.125597537340479,-3.5911525461726295,10.41467378766897,0.11120100869568247,-0.08029060438066188,-0.07836631703847562,59.43961356608357,-4.983634178804855,-0.07235935913374192,-0.4128532484019321,-2.0208414913929706,0.005701332575614894
285.63124177711137,11.299291501267955,-3.567194729926991,10.37162223658493,0.11738898760441802,-0.07807327488217987,-0.0792213479093698,59.29705076835028,-5.454090940430982,-0.06896461803644757,-0.452176016411214,-2.0396688229846522,0.006011915328478126
285.83119562905944,11.206215769219366,-3.6150598948494155,10.39872679567295,0.11295813734329486,-0.07996328604407049,-0.07459307071857044,59.229180403664685,-5.799210725892448,-0.0801133535469823,-0.4721695357933125,-2.0065746562054008,0.004447139330716524
286.0,11.504166694402523,-3.4965306649678864,10.397785149315837,0.12139834268128716,-0.07393793987562225,-0.07321778644479468,59.04687961747673,-5.975621090170107,0.002599144458735464,-0.5109958111810808,-1.9717874279051677,0.010144706578549035
286.03114935002117,11.670308012425057,-3.461318031073959,10.393181069812604,0.1282995293613855,-0.07215655260506364,-0.06943420702338947,58.96548407062488,-6.080927296619396,-0.006533035433389215,-0.5355373039839455,-1.9906160120307077,0.00888776500684459
286.23110291205023,11.94293860504381,-3.422687662578635,10.36447146679207,0.13859252119838877,-0.06976970058677284,-0.06557382438255267,58.756962294137324,-6.545107954776113,-0.014835835326735127,-0.5910257818112024,-2.010471017427459,0.007987489715775418
286.43105628475905,11.894197060441023,-3.451814332823974,10.359937298982416,0.1354872312232659,-0.07040012697536183,-0.06608591325116688,58.66538914508647,-6.925766626390747,-0.011743998712818622,-0.6087053279985694,-1.9908450739711654,0.008170403558372574
286.63100943537773,12.001198962186308,-3.439860307988263,10.30205507546301,0.13838912702164086,-0.0685525294363977,-0.07207690469069593,58.53472621844811,-7.3802388707046145,0.005447447143713842,-0.6336884225292448,-2.0026507204068005,0.010076871981599624
286.8309623288181,12.0078011509903,-3.4706513512464507,10.343786678813304,0.13818184254462318,-0.07015194544226194,-0.062289808511746037,58.364667232533336,-7.7301767510225545,-0.018723978563858525,-0.6750934189944318,-1.9718960876953995,0.006663963138616675
287.0,12.518834753342137,-3.260272148271118,9.975515783121335,0.15301018138361344,-0.060073083860416036,-0.07600002965333322,58.531363884676466,-7.778378266400994,-0.3328560690073987,-0.6367276272831404,-1.9211479694675426,-0.013333135033333308
287.0309149277411,12.64814638749042,-3.240078614377187,9.968972081382368,0.1582356777888777,-0.05919765617850552,-0.07351377361883712,58.46243453035979,-7.865161706476552,-0.33963231081231227,-0.6562363940279532,-1.9325240616682455,-0.014101905941274234
287.23086719262864,12.926536286136075,-3.190250029113393,9.88226028091052,0.167905975951656,-0.05541354611215161,-0.07999286007808994,58.26326171282697,-8.358484030247086,-0.3269793700827029,-0.699068922004298,-1.9660472227834558,-0.011550805027806529
287.4308190818586,12.83316002753585,-3.21364008858561,9.858248703001932,0.16247872205709268,-0.0553701482171874,-0.08488143261173545,58.188917463424545,-8.737776031699054,-0.31649874318412724,-0.704068925890718,-1.9459485773997485,-0.010123153921270809
287.6307705517837,12.907084698997426,-3.211789992246975,9.811059038671923,0.16387886384712586,-0.05438692198537316,-0.08931853508169509,58.047755998429345,-9.157619987676417,-0.3070649637281589,-0.7280266358466245,-1.9446567270562918,-0.008477677725919754
287.83072155681367,12.813590704149737,-3.241149269617354,9.817111396923975,0.15872114982246188,-0.05528644640652865,-0.08836382752086888,57.95822060910217,-9.496890605067447,-0.3110728067476692,-0.7380227081609195,-1.9097875226111187,-0.008952175348567062
288.0,12.696259020054725,-3.305347204575592,9.754359398152255,0.15487792418824325,-0.05788048869909969,-0.08917125258981604,58.170095016750615,-9.933207121461763,-0.4418431304668372,-0.6929431084110093,-1.919462950568011,-0.018052761822499402
288.0306720495002,12.86285964975938,-3.253744374390272,9.643237825342107,0.16034894544346148,-0.05392737413254775,-0.10440476505762347,58.15009692988504,-10.088362923821823,-0.4064199622876804,-0.6912898278372345,-1.9602963198410115,-0.01311440318886177
288.23062198062496,12.884125339578848,-3.2713543018698354,9.652050315896197,0.16041574683096643,-0.05445682166099071,-0.09935137666957755,57.98785521817215,-10.467763112115403,-0.4212886987133513,-0.7237653217721329,-1.9405584410701098,-0.014245371776889022
288.4305712992902,13.17575444067374,-3.241422120111351,9.56862514936932,0.17085007990676315,-0.0521393020074867,-0.10408118034148127,57.74602852571989,-10.953507562857101,-0.4129320524162579,-0.7749329785983502,-1.9687954444907887,-0.012570921637740883
288.6305199530112,13.150770153347386,-3.269687930034927,9.61862059063715,0.16950239958491625,-0.05346099250674173,-0.09261659631421046,57.55027979102818,-11.303530773622885,-0.4447668655278809,-0.8151891375825393,-1.936224914577503,-0.016395208366393646
288.8304678878119,13.096548118287213,-3.2937563284565066,9.635714153509154,0.166083628423276,-0.05440235132597747,-0.08835542619658693,57.41286893036836,-11.640863406627787,-0.4591643080418294,-0.834314763079615,-1.899976636724379,-0.017990203679686456
289.0,14.501572158910504,-2.828667316324716,9.248916017966735,0.20961022341832683,-0.03306745305137637,-0.10028862386924489,57.442488758856676,-11.177077625436498,-0.5938888030120912,-0.813176111156477,-1.7655839680657743,-0.02619703270349162
289.0304150483214,14.248641064939706,-2.844753424271064,9.216147732269611,0.1977536535237422,-0.03298332270649247,-0.11234023603118161,57.56783518207267,-11.190650159198412,-0.5650300480575774,-0.7661107635812032,-1.7408476050360846,-0.022324057261166385
289.23036137787284,14.134261949744866,-2.885381431689668,9.241132118121335,0.19104593049798407,-0.035932045921790196,-0.1074810111348627,57.48334853341278,-11.437085840248457,-0.5811287651253534,-0.7683276269684262,-1.6763994913560878,-0.023756407049035394
289.43030681860307,14.224991960517695,-2.9345519388161336,9.360454113622055,0.19480498810472419,-0.04094169267797917,-0.07973878223745445,57.2028194950209,-11.653336305115745,-0.6559138625638274,-0.8354213630351145,-1.6076323856924686,-0.03287672588588317
289.6302513115541,14.416657808051358,-2.93334881632463,9.367943708790088,0.2028077815913552,-0.04009617366541011,-0.07140674633538541,56.86997924774442,-12.044389400306802,-0.6839267170080778,-0.9116082735614952,-1.6115072419952408,-0.03588737021564431
289.8301947967754,14.424661619354122,-2.9480695696792285,9.360243046527094,0.20093572329039402,-0.04103015957332602,-0.07092222205932228,56.727954436116725,-12.319685445980342,-0.6925885571299113,-0.924535764954633,-1.5691689793250012,-0.03635303230098796
290.0,14.382754469618433,-3.004554879752612,9.887802571408308,0.20359439713089042,-0.044478680486282444,-0.03538026233205051,57.8799632929067,-12.901196951121898,-0.35976841853370495,-0.6884590508067236,-1.6205798213205733,-0.021090796976640826
290.03013721342666,14.302072409549526,-3.0154355347336006,9.880215862373424,0.19920967652578872,-0.04528661618436883,-0.038678722379314856,57.92395190230674,-12.913381238127528,-0.35236830854253026,-0.6692606260559312,-1.6001001968455502,-0.020160467335696534
290.23007849988136,14.343608574520175,-3.0293121538867736,9.87707964720275,0.19912618671153767,-0.04590213089882644,-0.03770024396476738,57.79234126960649,-13.215187042459116,-0.35885340609557237,-0.6877886825808044,-1.5672883891147964,-0.02040950797508613
290.430018593831,14.432230394141763,-3.0321294840485575,9.877528197820869,0.20205879673518787,-0.045056640100361006,-0.035075939688661004,57.58876878265524,-13.56572439710912,-0.36943712463308587,-0.728307139365237,-1.5563170852431039,-0.02140790958140768
290.6299574323884,14.3613306570462,-3.034127156027941,9.845243068705793,0.19655652605115514,-0.04414469985584896,-0.042967244175732534,57.54833576200142,-13.864929947015428,-0.3532781071307,-0.7139284920421066,-1.523003747860425,-0.01890902789361941
290.8298949521922,14.454679001154487,-3.0569890615902358,9.862244494543013,0.1986700581828782,-0.046150325440188635,-0.036268376546398376,57.371223423366565,-14.11547470593158,-0.3750613287899647,-0.7435169516544086,-1.4776886470266395,-0.02120380715121224
291.0,14.613619633911142,-3.0339866402500326,9.91539708440219,0.2039372864608865,-0.044954141210942045,-0.030337936112307715,57.61454816340546,-14.37588936219841,-0.3498078626846235,-0.6863570290809821,-1.4624682531803381,-0.020929206839213586
291.0298310895107,14.616411286575623,-3.0425801158958565,9.918810514416172,0.20349946113503914,-0.045836713619677116,-0.029494601065560924,57.605151636341894,-14.398278583369352,-0.3524916567804635,-0.6851615909128977,-1.449491576000115,-0.021209433653095477
291.2297657803447,14.683623778898658,-3.0590154703809507,9.924478106610568,0.20463139442150302,-0.0467372503166872,-0.026525051561100556,57.45062069377782,-14.669781297497979,-0.364127900910182,-0.7085208773415744,-1.4143519670965279,-0.022366694005749796
291.42969896053046,14.809092852981465,-3.1103817438398753,9.95602582591989,0.20673053653699147,-0.05225200546155764,-0.01643201425836279,57.31517607312375,-14.816821705798516,-0.39462072878526555,-0.7236399441696152,-1.3352164450827517,-0.025713739346065675
291.6296305658416,14.877548106959912,-3.132315065738267,9.954735529916531,0.20711576327307665,-0.05387921703862749,-0.015009898114887706,57.18671894334797,-15.036151199878828,-0.40369027362722887,-0.735610628392587,-1.28659366509743,-0.026074138719786675
291.8295605320904,15.008448445553592,-3.1659284150937017,9.960839196369964,0.20976531873162174,-0.057032659525062875,-0.010180709495082416,57.03390110442522,-15.211061853625552,-0.42225271230977723,-0.754040984107031,-1.2264696284776124,-0.02768164510122479
292.0,14.946827814130199,-3.1838858915992456,9.773195554886058,0.2079760309014916,-0.05800223837782171,-0.013906046902858968,57.72474835452927,-15.670484309438526,-0.7732167694070676,-0.6077992605437317,-1.2553254847312094,-0.05234916374377101
292.0294887952277,14.96547718692603,-3.1841720475945574,9.777422421857638,0.208811415251726,-0.057796244239086136,-0.012776737101190795,57.68968357128425,-15.715945488612384,-0.7774504444036068,-0.6160340677088502,-1.2539161685388074,-0.052687932641340994
292.22941529144174,14.963435419944537,-3.193724846663664,9.761590962923627,0.20631772610735305,-0.057709578988891584,-0.016382366866481434,57.613859808183335,-15.95059585871873,-0.7791362366581265,-0.6141728193663734,-1.2137404661736184,-0.051544544632881946
292.42933995725593,15.00067547558915,-3.213721359251525,9.749411148462755,0.20512761392417567,-0.05891899113250597,-0.01791199467495907,57.535911440038916,-16.151561454034756,-0.7858460882053551,-0.6129133736914577,-1.1642390966148444,-0.05159209435012214
292.62926272962477,15.032174770176828,-3.227177440489621,9.73707838182084,0.20411265709791623,-0.0592842317438541,-0.01974664292651388,57.447262954797004,-16.36326747273283,-0.7916170184706656,-0.6155014706354478,-1.1214223192185027,-0.05140747178255421
292.82918354602896,15.202331292336005,-3.2851561957843574,9.72348161003287,0.20622659278769923,-0.06540731992413967,-0.016763687772196667,57.40636220395503,-16.415537882265777,-0.8109132760794728,-0.6005771428282883,-1.0275569102728672,-0.05263619439614868
293.0,15.178676193771896,-3.3275833776244355,9.899792865480427,0.20315372977521612,-0.06676388443389485,-0.012642289964375084,56.658103038887525,-16.45920258834946,-0.5405891394079628,-0.7386345632304409,-0.9566641464317746,-0.03325197087445587
293.0291023445682,15.15348673629551,-3.3430006937272565,9.866755568230605,0.19973471272808374,-0.06854303272258566,-0.019068502486762964,56.72843926312956,-16.4348882718377,-0.5263845154600405,-0.70767354234699,-0.9294846746925965,-0.03129013503502346
293.22901906405286,15.158122024554409,-3.3327173436041004,9.88416605815273,0.2001928089878049,-0.06569746002434124,-0.01663507900070757,56.526442443738055,-16.679457284246062,-0.5382445225960644,-0.7438181872139515,-0.9110618303866992,-0.03230129563017918
293.4289336440936,15.303660938841615,-3.3864136395623388,9.888498654288693,0.20321108623477255,-0.07020883950500097,-0.011495448994011179,56.37569346344775,-16.76914600687565,-0.5579864715351817,-0.7584308111514527,-0.8393591883804339,-0.03403377048650641
293.62884602518926,15.22490588184783,-3.3624090849814405,9.879553516278037,0.19935439329376387,-0.06609054851872898,-0.01683990828175691,56.24241260350413,-17.01153510199166,-0.5506883777100344,-0.7689920564650045,-0.8223014369908808,-0.032556360808346445
293.82875614881294,15.09447623683703,-3.315853985980642,9.876262381144558,0.1949154015015984,-0.059282126006199976,-0.022965301771292045,56.06209969799849,-17.33267187226872,-0.5403745448698918,-0.7948745251322187,-0.8330546423717071,-0.03086354450742907
294.0,14.718678100734778,-3.43070617515431,10.008514726223657,0.1801857237771203,-0.066179203550215,-0.01855643237359192,55.69885084585298,-17.681590586562912,-0.4587107139604021,-0.8526746150064999,-0.8201214518677928,-0.024965431195934477
294.02866395749624,14.662536539447308,-3.442977862976716,9.98251893509,0.17562476469759605,-0.06770730804678628,-0.024522548815720305,55.77525290192003,-17.649411765654047,-0.4450741789940855,-0.8187452290745926,-0.790305728679527,-0.022997050031180168
294.2285693949113,14.678952535529213,-3.4631924224645667,9.956281463703712,0.17348843679223358,-0.06864600404588887,-0.02877658205934769,55.67425093783796,-17.771037790012365,-0.43935492777686225,-0.8118003844726775,-0.7349685966091158,-0.02168454634044288
294.42847240595137,14.656513375612375,-3.4613708694372782,9.907178894531096,0.16976168652263687,-0.06727948336486006,-0.03868258564878539,55.60397339751098,-17.92543154185479,-0.41902916600703577,-0.7956773412148352,-0.6948636169428543,-0.018283247288962825
294.6283729368085,14.602925690113423,-3.439474849744049,9.8069514734866,0.16370470201541243,-0.06385088447283474,-0.059266917741095666,55.61754474082617,-18.11973964630836,-0.3705218019595789,-0.753893911768982,-0.6713406615953369,-0.011602966372045387
294.8282709350506,14.628903186246276,-3.438073525546171,9.739757574289488,0.16216933927169375,-0.06218852528934664,-0.0703860031035811,55.53789674355599,-18.301208114182064,-0.3442764095731304,-0.7436218016246064,-0.6467875322548411,-0.008468278084429596
295.0,14.659328563508021,-3.4619315183326695,9.778360684622095,0.16140588512037574,-0.0625581404232893,-0.07120496387707803,54.968236773209476,-18.271953814759605,-0.21639922937861406,-0.8404274575958215,-0.5761496357590986,0.0014232712539115205
295.02816634969514,14.66565632126004,-3.491042026523636,9.802686546344894,0.1610888337889944,-0.06561584144232838,-0.06579649168475088,54.95572196558166,-18.21978600644801,-0.22878810326560023,-0.8377509191537774,-0.5419268208639585,3.304547723580534e-05
295.2280591312817,14.691544789878192,-3.5096600592745255,9.841735457485779,0.16234891318859787,-0.06633268315415358,-0.05620298543455986,54.72680396188128,-18.30377403069114,-0.2517164064655586,-0.872747969437084,-0.4872803093954221,-0.0029422568440982447
295.42794923194236,14.687002159965928,-3.492729098245873,9.892139754072959,0.1643475054442018,-0.06312773401013722,-0.046313097547349025,54.4125173320197,-18.473957362588084,-0.2767032828360158,-0.9352468444081766,-0.46895664106460516,-0.006041537319072706
295.6278366054698,14.714263705308088,-3.51196895328108,9.866013978605526,0.16295855021038652,-0.0640258602517573,-0.049499066616925005,54.285078307277146,-18.52946278349208,-0.2697231627483562,-0.9302361685424032,-0.4100652387562134,-0.004840982393381527
295.82772120738406,14.731790454949222,-3.5248155584672674,9.815227386485715,0.16037598350216745,-0.06431569660960498,-0.05774445880214673,54.213622114158234,-18.582220587493147,-0.24927892514341168,-0.9075153119527815,-0.35383699716601524,-0.0017739256593193773
296.0,14.464233780612332,-3.5990016208483073,9.862141240496547,0.14998218495699758,-0.0701612607674562,-0.05244232998575718,54.420981657051634,-18.976340688534275,-0.32290900879008344,-0.8475734550669176,-0.3706339045955955,-0.008594773834130107
296.02760299499715,14.42476240379984,-3.551954999627153,9.845426519247198,0.14928978495405648,-0.06516874832140637,-0.05730567276271312,54.37633674211792,-19.083203109068492,-0.3121418967621229,-0.858954151230481,-0.40244946623870664,-0.007356996839057394
296.22748192747537,14.43828566707084,-3.5350970449354544,9.79913635838376,0.14851062582545865,-0.06191022507468587,-0.06478582555577606,54.21395317514474,-19.23534863469216,-0.2960437198387256,-0.8694212280601926,-0.3873359566729668,-0.0050319210851208045
296.42735796590085,14.464872581756069,-3.5618126388637363,9.778054833505283,0.14735858935664292,-0.06358189869778284,-0.06609808680663716,54.0894444691859,-19.25799982753856,-0.29344345598906413,-0.8638343917688349,-0.32242458186445044,-0.004451226302437017
296.62723107333,14.490655303312995,-3.568456182992468,9.748108976329595,0.14681867197017665,-0.062873375508085,-0.06951011065688453,53.93504754409536,-19.33834364678548,-0.2858176702767493,-0.8703977555069387,-0.28389057982846616,-0.0029751116471173396
296.82710121485167,14.469648308095293,-3.5335935611280815,9.755960976685195,0.14751801154691854,-0.05765294771634388,-0.06773378131939559,53.62727599337783,-19.55404021155358,-0.2918283075744703,-0.929311588773275,-0.29681594648687926,-0.003995441742677436
297.0,14.360525382209941,-3.5837483680978126,9.683770234847582,0.1413170033966836,-0.060649867983890986,-0.07345472849563253,53.13621466270561,-19.583018147305705,-0.32814069717827765,-1.0040941026316086,-0.2451797673288995,-0.004676569900535983
297.0269683576427,14.453727706022883,-3.5594475005491097,9.663293078695672,0.1460749044708919,-0.05692939441643027,-0.07499641455227743,53.019824876133455,-19.71036075779632,-0.3263321537734167,-1.040575757516188,-0.29168512590791684,-0.004868607792324306
297.2268324710224,14.611902548743481,-3.588517179407901,9.690340849820146,0.15348542350490738,-0.05760062034623345,-0.06341668348328482,52.652290092129505,-19.80658528281013,-0.3563532514332507,-1.1118217270332935,-0.26901585342816686,-0.008889211170192349
297.42669352650535,14.545494620216243,-3.5898192501877015,9.697762413279843,0.14961833256145593,-0.05777672446434987,-0.062438588849772894,52.48637651806417,-19.798179560113795,-0.3593806918009339,-1.1082775352049237,-0.19968848954276175,-0.00870836827536893
297.62655149785274,14.461097740905508,-3.58231174525246,9.678617842887292,0.14411189875627783,-0.05722349938635193,-0.06722691636466291,52.38459704366536,-19.779375517574252,-0.3478205787018553,-1.083996977897065,-0.1304531058932641,-0.006645335860343512
297.82640636112296,14.489081323014103,-3.599437598656206,9.670163424568335,0.1440054922508028,-0.057964309499196086,-0.06616625756580863,52.17603707859257,-19.77241251776177,-0.35160440591909997,-1.0955321966303464,-0.07398079498057848,-0.006853961855371867
298.0,14.17059657581724,-3.68773171982193,9.545518540861403,0.12948032342453702,-0.06541977458275955,-0.07265209425899581,51.917447470020754,-20.011809550672996,-0.5383471712675587,-1.1188618831167563,-0.06341284864043659,-0.018211141671611975
298.02625809472056,14.223737834251198,-3.7119744950128144,9.574184893608264,0.1323059566060248,-0.0674078296053813,-0.06527759180378474,51.8368047563156,-19.9880620888104,-0.556156712040008,-1.1385708116208622,-0.048482441287899775,-0.02037639225313133
298.2261066794439,14.249617046041022,-3.736885198613005,9.564775504912731,0.13203826512010025,-0.06867409122298272,-0.06440483041936025,51.62198264752419,-19.96011190395933,-0.5618723189999435,-1.1481527611018938,0.011253104125860227,-0.019959111420920744
298.4259520985325,14.192416159091872,-3.6787226030062263,9.534674610616873,0.12960122984626196,-0.06175145552607464,-0.07130949694360662,51.37295505945233,-20.10825180565757,-0.5501607616505245,-1.1742401581230621,1.615327314394982e-05,-0.018194884452556185
298.6257943377129,14.223430729668493,-3.6894886705704746,9.519236462291442,0.12987533434958023,-0.0614732331218707,-0.07142423671973035,51.127757172138686,-20.116426652374308,-0.5537054009392943,-1.1929616759822523,0.04019547025345538,-0.018410964549739867
298.8256333852445,14.411192993302665,-3.750628667049987,9.54004142075687,0.13797795739929383,-0.0644544468218718,-0.05894976110553814,50.68797831462701,-20.11841295230493,-0.5907812048811103,-1.2725136799024521,0.07335367443842696,-0.02249618159980348
299.0,14.508134347139025,-3.726181733239151,9.368055585483006,0.14047968543267006,-0.060759385903655,-0.0696739411793334,50.163248992672685,-19.893445792403252,-0.6879474735521144,-1.346005978228278,0.15111106921343065,-0.02639768510955713
299.0254692319641,14.450651555556226,-3.7465925076190536,9.386799557092962,0.13772290539634618,-0.06370326490285022,-0.06718548722071233,50.181008589994725,-19.79445823504639,-0.6927284016852314,-1.3266923020421633,0.19857357553195662,-0.026382048540165372
299.2253018713304,14.414145205987781,-3.7320619479415824,9.368177506197435,0.13517256847931353,-0.06166642491743866,-0.07042083751210548,49.94376431792403,-19.770044722279113,-0.6900645649566024,-1.3346404171946649,0.23953081584250047,-0.02518843037485991
299.42513129946826,14.40902285696,-3.710032851887167,9.353817488034656,0.1345907364298904,-0.058352828097884855,-0.07200052709010715,49.64737669342029,-19.7956090599087,-0.6920931013849142,-1.3634920585129253,0.25702414459406314,-0.024988717362074662
299.62495751521243,14.269609505105715,-3.657478740246523,9.327956440311105,0.12770167767207952,-0.05393857793128487,-0.08023756484284592,49.4820864703704,-19.771863148591894,-0.6756709730151416,-1.3463128413583125,0.29697390774568966,-0.022371212696060225
299.8247805201521,14.267555658818287,-3.660494180739505,9.307232056750225,0.1263316058110531,-0.05356625159653081,-0.08213683905622636,49.24712432834297,-19.699451275014912,-0.6749596211241823,-1.350550169965341,0.3478444057717954,-0.021783265739153092
