time_s,rov_pos_n,rov_pos_e,rov_pos_d,rov_vel_n,rov_vel_e,rov_vel_d,asv_pos_n,asv_pos_e,asv_pos_d,asv_vel_n,asv_vel_e,asv_vel_d
0.0,37.21140913675884,10.524930089760085,12.009661339584667,0.0,0.0,0.0,32.7919574074986,0.7608607555697338,-1.6140638674344414,0.0,0.0,0.0
1.0,37.21140913675884,10.524930089760085,12.009661339584667,0.0,0.0,0.0,33.017780991834776,0.7275072579929376,-1.7109119955539813,0.09915943148604711,-0.010528787934839821,-0.0015125871874925938
1.4090391838719665,36.560214599873795,10.373432604116271,12.34455073387305,-0.009059518292917089,-0.002107656260579732,0.004659032626674376,33.22586425174515,0.7595048684621111,-1.768405881873181,0.25323191733288364,0.01080865339338816,-0.0021972732806979497
2.0,36.83630184184821,10.62303290357011,12.057444479987444,-0.0051759955877327245,0.0013536919657773441,0.0006593455452571246,34.54645269735842,2.6114137574802534,-1.1902186333717537,1.3631114983195682,1.6343579864628317,0.02029022996372448
2.0085818794925165,36.72371241217821,10.541570266123646,11.929820757092276,0.003988587242232364,-0.024639556194360944,0.013504645022224102,34.315601128228636,3.2474826474624,-1.1781296314516363,1.0358998528613794,2.443735410266288,0.015138431958608286
2.2084472683567733,37.03074562859559,10.849140424081085,12.223756423715392,-0.0027840784367956298,-0.03420905594439042,0.026369207927423734,35.25606228391364,4.156787474057026,-1.2195324540186456,1.9862370220884853,3.1683769183004173,0.04392491327633169
2.8081024742370024,37.03549036341312,10.855529331172672,12.736365513679152,-0.006123476751903056,-0.03426486070003418,0.06439466601111368,36.27695508317955,5.314524198973009,-1.2562592976509837,2.2424193717845418,3.2093273830530644,0.07944736930706589
3.0,36.19778477770411,10.651488096397138,12.538105254028782,-0.09416657141734397,-0.008189750599546852,0.05187247997137115,35.84834862645823,5.982467961763344,-0.8586255020275211,2.087973385690081,3.3050890813343705,0.1010291870531537
3.0080083874143493,36.177464561460546,10.456361343684321,12.383493512213875,-0.07817178970118095,-0.0057806140496881216,0.04864998192232428,35.845787267919874,5.464009242728795,-0.84562510649024,2.0789025371943266,2.809178990054734,0.07926272681728806
4.0,35.7874643361822,9.91183561847495,11.98202663003856,-0.10597502184503332,-0.037441313913014446,0.04886996947521914,37.74828903070235,8.028989080115897,-0.7306606958145632,2.5063104891279004,3.359808204177196,0.11175692530087405
4.607661172679851,35.82144578781795,9.410018792035915,12.31800019545072,-0.02230524533284582,-0.09293956664052513,0.2734195407910088,39.23122710368351,6.460934486181057,-0.9356925550063403,2.81129126701079,1.7414912062471695,-0.04849940646242046
5.0,34.71088326924676,9.251800792345104,11.636076391032812,-0.17392846874011497,-0.03130557604088339,0.1928980656190783,38.6759188198481,6.915887613582616,-0.6626178433371364,2.4640587889216747,1.6596609019908772,-0.04051333262433778
5.007687538196226,34.41075957153458,9.75381798916151,13.564348565752054,-0.3564807471493419,-0.031111700045941958,0.4936333860644678,38.0371231126423,7.616956129738982,-0.9550772306426828,2.0479131046393695,2.0920390904293207,-0.11516917290520698
5.407756264432214,34.061959933769195,9.722871611552089,14.046460983039411,-0.42929864040037563,-0.03230881186053161,0.5829540950917684,38.40591886851939,8.473711783408447,-1.0946354057760546,1.9276660423492482,2.2356540511971357,-0.15073698111885725
5.807864404933641,33.843831988992335,9.424511265102039,14.474441357874358,-0.4354391608438076,-0.09316364967830298,0.6674326308224385,39.179299397771516,8.95003616047828,-1.2527186300228268,2.027829372868809,2.1589565544631952,-0.18869439339645833
6.0,33.558701794827904,9.780345808110754,14.442677402934939,-0.4661164823803393,-0.03379857391683696,0.6558513933366915,39.33717513136589,9.763757903419592,-1.4119367018122835,2.022645560497781,2.3006109075794225,-0.19555992071496903
6.408092690406457,33.13113911580616,9.655863239185893,15.14692726812129,-0.5331779510833142,-0.05880854026217071,0.7698149203106395,39.77611098052608,10.530826166585381,-1.6412252465883128,1.9182674491253782,2.3304437367048236,-0.24699578192105154
6.608184442688171,32.938257354858756,9.619908323564529,15.399647851022639,-0.5565778021395751,-0.06323458798402494,0.7966373322783445,39.997495242687975,10.958951130334425,-1.731512246614876,1.8766916425890392,2.3673293685905747,-0.2617739424454693
6.808283175774949,32.69424775224567,9.441103666966757,15.887286150610866,-0.5886435706987717,-0.10322570973731669,0.8715630281829343,40.21304980955433,11.13816447941976,-1.9024347358788107,1.8290169343079756,2.282725132766403,-0.3000870284274541
7.0,32.12171218590121,9.628285297885734,16.16449736465017,-0.6564877470768574,-0.07589323697311989,0.8698319631706172,40.02091944305081,11.78385372738834,-1.7442364201772098,1.7344998747756202,2.356424035964509,-0.28171463031705113
7.408616184297141,32.00017685958986,9.487606750182435,16.614837755298538,-0.6159362557740127,-0.10885852174559599,0.8710298438814971,41.237444228954956,12.572285164688536,-1.849085509458316,2.017555739792201,2.3531554193039694,-0.27776482894489635
8.0,31.54256083663334,9.614391495610707,17.654941274518333,-0.6278701350449861,-0.08131320402610812,0.9114984388573941,42.33010399138928,14.19782801697563,-1.4230454621115691,2.0866270419096233,2.5077186138859706,-0.22468081780828209
9.0,30.704619530607427,9.148375469191292,18.613135222377878,-0.660797343632782,-0.13891808052019633,0.8967428734391847,44.08396905664471,16.29925187537189,-1.393979575947471,2.1228644996240975,2.57947414996152,-0.20335907289795613
9.209837723133424,30.4653983370298,9.065425293835345,19.272708873208096,-0.6718780762657428,-0.16820264331450063,0.9494006693143738,44.925595149950155,16.15031700969313,-1.5688233675639391,2.3320325316177706,2.224732702118302,-0.24011755527048204
9.610134029042682,30.20080949633728,8.977577255591742,19.625661033482277,-0.6710866324178382,-0.17598704784236635,0.9422238392042206,46.01672831641085,16.80550058609074,-1.665009408197232,2.469128890715692,2.1198397654830696,-0.24347529323739858
10.0,29.744684199071276,8.57874150628834,20.147610570279525,-0.7002267331535248,-0.22310188490510233,0.9368812572983588,46.501486752220835,17.124466656321836,-1.2812131186073346,2.411425049807374,1.9961891323639032,-0.1949737895389021
10.010433799485865,29.739789428527523,8.615205026768304,20.172658038029457,-0.7015580495710253,-0.22129359484041078,0.938124764670899,46.52304607611166,16.97812461986896,-1.3047037455861654,2.4166622599947485,1.8975814079623368,-0.2017583253736137
10.610885608300062,29.333238217995582,8.511823469932505,20.734937381275365,-0.7015387124470113,-0.21930980573315523,0.9381646896402324,47.937407212523425,17.97152885081045,-1.4498324665252191,2.4832575210542847,1.7877309555230232,-0.21134030880044716
10.811035922408188,29.18589712050924,8.47778594519031,20.848184748998754,-0.7029920991778963,-0.21848877026796526,0.928477681665778,48.54197521612929,18.244259441888772,-1.4677320365420143,2.571853410622554,1.7266033726824623,-0.20650785962425217
11.0,28.365742806916845,8.925893691853561,21.327539908334842,-0.7852066289494706,-0.1660385349274845,0.9415721541111521,47.86380208245219,18.85659642577036,-0.7752086860980748,2.371426077368263,1.6832521943456502,-0.12537189642622576
11.611630948439876,27.927906347782276,8.836820186525859,21.94935489405677,-0.7803223203106475,-0.1652737875990858,0.9473893700241114,49.205472258981715,19.843760375589696,-0.8862824942247057,2.3743659430338893,1.5843097458632354,-0.13470751298135167
12.0,27.27623055402209,8.360678433735986,21.45312345811841,-0.8274441698375696,-0.22071171526074057,0.8540546334969283,48.89627479721494,19.520751228465,-1.1058498484150756,2.1160561147605086,1.2963159823597228,-0.14394787862187985
13.0,26.281987511825484,8.106246942530857,22.041831582766665,-0.8499475212157781,-0.22950691186372346,0.8233280395821058,50.14219120602521,20.285917853114054,-1.0460594326514887,1.9304758787827376,0.9483677165409554,-0.11705487883785151
14.0,25.109984411044643,8.343830425766098,22.76179052979714,-0.8832642797658663,-0.18534595131163173,0.8131014758167985,50.995050108857626,21.5409950713566,-1.0235539884723217,1.6421121914033177,0.7295514586467072,-0.09533952203710207
14.013290620785117,24.84329038215093,8.59395957266427,22.58529366948782,-0.9119968200973427,-0.15948800701060806,0.7960752182994612,51.36085758797994,21.273014291568124,-0.9628017459220384,1.858779019481772,0.5639734857270505,-0.0787868350597139
14.613665734451834,24.226896809105696,8.796240960911366,22.802478176246307,-0.9233066131266663,-0.13077467118210367,0.7749866542475665,52.71652220854749,21.15686405758531,-0.9407223644372158,1.984482963726569,0.16688648928758576,-0.05841504445494096
14.813786875611537,23.980171395456885,8.7690424232434,22.90148815531989,-0.9298369574663421,-0.13067043826706007,0.7696598286569538,53.24170782447791,21.17903644318767,-0.9168570182812247,2.04531386395801,0.0872546427639439,-0.04880243114417628
15.0,23.900242765735477,8.200491920399829,22.180421975720634,-0.9327425613194851,-0.19275581562453228,0.6898981466573175,52.177477405433066,19.839044152129834,-0.8056804269169604,1.6772010553934866,-0.23953081381436223,-0.01443854232187531
15.013906059397872,23.83704031991243,8.096820575316917,22.258521813734788,-0.9361710855744563,-0.2021926715234492,0.6946439558565496,52.21902022704871,19.924691111738568,-0.8128549708395131,1.6779136792931808,-0.19796556982836383,-0.015998309213721668
15.41413857356129,23.40754456471728,7.934580289119509,22.58466133974142,-0.9402273452062888,-0.20965502649228654,0.6977037600850613,52.92311972713869,19.897451664120467,-0.8193076615753871,1.659508765658979,-0.3257630601545367,-0.010173899982049987
15.614251926943105,23.211040154933933,7.951722162721473,22.659258821935833,-0.9422434796019591,-0.20408168433553184,0.6925137021381456,53.30647020447611,19.75000991118152,-0.7978771535812632,1.676068264953054,-0.4482185741033743,-0.0018969698248143974
15.814363368609065,23.08944082525176,7.98988181728177,22.741527161689056,-0.9372881844515331,-0.1969683300175394,0.6888994898970349,53.579856756200336,19.551836738628165,-0.794677871129851,1.6380989405924606,-0.583847273729872,0.0020720098131373176
16.0,22.74103660476301,8.447633206299566,22.494666944107696,-0.9606719311948123,-0.1562941195296824,0.6573094409651904,52.56648727844086,19.513083920038582,-0.46865773806367267,1.329381482297731,-0.6986355115412565,0.0549030948361588
16.014472922930935,22.681574647011974,8.285876738912389,22.650887173937434,-0.9618967948623538,-0.17105848357932843,0.6682151284255824,52.55642729544898,19.646627688121157,-0.5066519116179709,1.2919241711662324,-0.6257070310128428,0.045733185073855785
16.814892920817304,21.759347954548918,8.050010608507169,23.25348654150203,-0.9741843565083529,-0.1794728675240812,0.6713782097048926,53.72016061443397,19.117985338576982,-0.4536204080273351,1.2314893281748605,-0.9347159203683981,0.06299439522165264
17.0,21.596328091892566,8.00073732743296,23.170801062516986,-0.9755066672112274,-0.18286033559563983,0.6546168294359314,53.544895480415,18.761827632467355,-0.41260312637340185,1.1035325894490193,-1.0501214174223863,0.07577506173014814
17.215092571525858,21.429679967867113,8.116523283074825,23.20270996265016,-0.974289131745616,-0.16864220061428986,0.646744090612316,53.80644479534726,18.347873588768042,-0.35777490759665115,1.0915087867438829,-1.2445654538787678,0.09009193820555572
17.61528586837855,20.858203294134544,7.933478429109993,23.538710688025855,-0.9885330292957518,-0.1783142906544531,0.6499561430663172,54.42056718141974,17.93656839671085,-0.31131724299030183,1.0896095740204792,-1.3795311650207018,0.10047819191537581
18.0,20.36722745089829,8.529736480001754,24.49108081300534,-0.9921139585740166,-0.1159792642246895,0.7069131174386101,55.67635144313982,18.472884032917836,-0.05940093908974911,1.2222475670734125,-1.3952833801176332,0.11383913859187891
18.615744637724287,19.528758972273717,8.412555936666656,24.901000189238243,-1.0120866194890024,-0.11914453926390772,0.7004344922157075,56.76498177307158,17.53756203936149,0.09319291026311514,1.2688127708369794,-1.6813408845063074,0.14289616835383123
18.815832769819522,19.28421974723764,8.392349447174459,25.01373196124294,-1.0163148504331456,-0.11871057971677115,0.6972460443018507,57.12372649219355,17.176094328862746,0.15261849201076466,1.280985272997647,-1.7833553794032424,0.15342373229848588
19.0,19.20045985365504,9.200113472024592,24.715046445222114,-1.0170871731373927,-0.05243723214661884,0.6711073399463688,56.43819321199661,17.545307872837007,0.2644467385460806,1.0487283321369472,-1.7620868917165196,0.17505403497980582
19.216006044975366,18.710879614856015,8.934760902649574,24.973330763909875,-1.0368129413964722,-0.07371259436699285,0.6752473542002234,56.87613543354317,17.437460798789893,0.29628973169970224,1.0886778239740973,-1.7240761247728382,0.17667674155120167
19.41609135787278,18.413299137462772,8.851798833340125,25.106770739515294,-1.0443014102396333,-0.0795223685047561,0.6732696600314978,57.21694925831798,17.17404051317976,0.351144685005283,1.102011751485427,-1.7680538473389842,0.18467331346951837
20.0,17.811660958761376,9.435305363469427,24.822955296049848,-1.0476132107954075,-0.0280145536883255,0.6333284934716247,57.88703656939973,16.87334274993045,-0.28562085437814705,1.0204707437983322,-1.8800604085259258,0.12090607268222718
21.0,17.11015702228725,10.075331483767227,24.67338968785333,-1.0344941205582128,0.020700715128712077,0.5864429468603106,57.72811548163168,15.465706175765078,-0.3796547459080451,0.5554427779017145,-2.13172420708981,0.12911312307275696
21.81708216528316,16.246209603481635,10.340067296595072,24.960058013947187,-1.0391668114168222,0.040259792483184675,0.5696533665876765,58.3472622856027,13.153875110990594,-0.11393823824378904,0.4237656197319134,-2.599185086629208,0.1770371972246123
22.0,16.3551580081691,10.935787740094904,25.28262231099811,-1.0207436837324513,0.08669586126221177,0.5915762024298874,58.92848039921163,13.537096532260673,0.17418286895986956,0.4915509857000392,-2.5200153921059036,0.1940288250937153
22.217248153040863,16.19144791714021,10.973859747705822,25.458762031678763,-1.0155371428287985,0.08834603440270906,0.5965057778913898,58.922792830995384,12.957252345009287,0.18508432749833761,0.38601374345246325,-2.605522579740736,0.19340926087151325
22.617416467060576,15.660643353126419,10.988122512192806,25.61136846397869,-1.0262169956775034,0.08659049731575216,0.5871851424041318,59.30652893696371,11.907983242193234,0.3323244190066503,0.3628188276587611,-2.740307333828835,0.21447115409388343
23.0,15.491404020119665,11.347621523738573,25.604039263606396,-1.0145240841717194,0.11104692949471436,0.5775083448260689,59.600000366007215,11.268488651217226,0.23328167813461503,0.2971313015075443,-2.795162461303325,0.2024214536605509
24.0,15.715843125533759,12.515074712458354,25.314752456145534,-0.9565604196147004,0.18354839816024587,0.5373223202618148,58.610811763127025,9.886101790759156,0.6420759809348415,-0.22995858526368135,-2.765728017666238,0.2482581145805592
24.01803455852616,15.883223641666001,12.697376946761514,25.231058854526875,-0.945161969258958,0.19669039378864175,0.5328642721079169,58.52186722933807,9.651492756628219,0.6741474705900572,-0.2651147996384838,-2.84604226921046,0.25528477593425375
24.818416029172482,15.057165707384405,12.874860851150915,25.545695890119504,-0.9519006719024716,0.19800752525558607,0.5225378561056588,58.41120081668873,7.258932256198958,0.9589046395216908,-0.4723388637456434,-3.056792857403492,0.28763081485828057
25.0,15.881791070156863,13.753479908046051,24.495222233847898,-0.9037894530615908,0.2566517970693558,0.46968527859686604,58.75340561374066,7.919756131646762,0.188328622609219,-0.41075543744420695,-2.874292311778676,0.20768581911880718
25.21861637759723,15.734196654837188,13.83846446728668,24.59628744244743,-0.900352092936853,0.25876294966866986,0.4703320816107092,58.61073033127337,7.25255077556172,0.23079029651057306,-0.500061458222937,-2.9307528332570776,0.2120165833389823
25.81893023197463,15.071758706110263,13.994254544600658,24.741273986628574,-0.9112685538310149,0.2586334141727237,0.4570240856899024,58.56082485204572,5.458461335366097,0.4491314006479046,-0.6008819845608474,-3.04731187349816,0.23857989286844494
26.0,17.006759330103783,15.31565262411276,23.526819013396135,-0.8111473515994236,0.3437695248082222,0.4047366447387154,58.25998631125472,6.972539653217879,0.4126633371309433,-0.6567309972358016,-2.6670820699340942,0.2315080799978158
26.21914890101921,17.06181284751131,15.572592675212345,23.380141291402513,-0.7991884731042858,0.35692984070613143,0.38874459541549905,58.091684003727615,6.145703859061117,0.5614910135588154,-0.7270572012891614,-2.791829910900135,0.2546700363111391
27.0,17.83784066202966,16.52136105712371,23.12284782148158,-0.733065012226932,0.4006811903038411,0.37131619338821226,57.29055646600994,5.259169110718067,1.0463828056973403,-0.9909573881477435,-2.606039399166263,0.29401114214915325
28.0,17.84891685406584,17.30313495929878,22.6774206775229,-0.6977384511422247,0.42526807959069013,0.34056256858790324,57.71524115894542,3.259208662843455,0.3706221615205283,-0.9711465892218643,-2.547854622914633,0.2135733641428949
29.0,17.96327361846414,18.007765645384556,22.131320260943994,-0.6643671992621015,0.44273462785180584,0.30147331447197623,56.935670227451034,1.6999267854509452,-0.028275123165606653,-1.1784130815860396,-2.3304894461087176,0.17428003312870433
30.0,18.658301238619188,18.71477506495928,22.190715043021918,-0.603880684961308,0.45990062032837364,0.30507323599352887,56.88822879594407,0.9881621340095352,0.5566108632365149,-1.1577391394049366,-1.9166838990484387,0.21243439121554306
30.021627426978387,19.20568389414257,19.09061531662015,21.09508953980022,-0.5894505255030507,0.4861466437984192,0.22806239926746807,57.28070812106352,0.45762426004827794,0.936396435811195,-0.991578604342808,-2.1193753490353684,0.2726980967564804
30.421927963994204,19.08222768844538,19.315069788982363,21.1219750121612,-0.5838236732742261,0.4882039695267703,0.2248482452907264,56.83193020190786,-0.4333512689970567,1.0616681614699026,-1.0930866416837328,-2.096466742724369,0.2830437609043554
30.622080583910236,19.091148111939006,19.439871345759133,21.080061401146978,-0.5778411459346506,0.4900894702913613,0.22006469375128965,56.58230887336106,-0.9073425162829369,1.1419554253007689,-1.1455304840932237,-2.095446361224812,0.29064828748466975
31.0,20.12687749963597,19.92164117687926,20.813599545929737,-0.5156649441685027,0.5097618376141457,0.22079850434633497,57.66087185686442,-1.2664574849623487,1.0091251045563912,-0.9083269240416987,-2.013431969290281,0.2618259328611927
31.222547023068937,20.19393142175466,20.084764579996584,20.821377759349378,-0.5047632003731055,0.5135679794079032,0.2201523816950339,57.32507071628884,-1.8132405490179333,1.0697089119190146,-0.9947526299075586,-2.0243860092305552,0.26669282484761125
31.62286437784777,20.319385946734794,20.327266704170086,20.659274784268778,-0.4890715927417936,0.517079820678911,0.2047951500082243,56.82905413548958,-2.7853480300477993,1.255299493975405,-1.0962113779188234,-2.0402610550887883,0.28620813313323856
32.0,21.19160594443297,20.727797697071,19.737551186813317,-0.4436181938232657,0.5311464707094992,0.1641219713123368,57.21154518584414,-2.96981427746013,0.5541243212051591,-0.9905412622344154,-1.9045895323022508,0.2222225790568667
32.42351146030747,21.110586631444903,20.950970984913212,19.678317339255372,-0.43976010816364647,0.5316278943692598,0.15498018451770623,56.80858732634546,-3.810561749206439,0.6933610273944325,-1.0536773687378156,-1.8583997582296674,0.2358199645635748
32.62367528931666,20.778146191668295,21.055530276336583,19.853983530937587,-0.4530969233565935,0.5301238209733931,0.16364199856855774,56.745453555360164,-4.031861457410106,0.6968989891073403,-1.0410947996694349,-1.7607903662916295,0.2321348278834124
32.8238397548883,20.93320365315022,21.20190292073291,19.741629408950427,-0.437012287513287,0.5354963329049839,0.1532009304471228,56.23726140782029,-4.706968532034107,0.8092416208044552,-1.1737478968382435,-1.8488530532177851,0.2462664187009678
33.0,22.6958008804144,21.491467047070483,18.99278337864184,-0.35321181577849875,0.5513051322729263,0.13389175519740304,57.200407950326294,-4.061221039167986,0.5535047298724999,-0.9508556482350987,-1.670920225062296,0.21666172789715776
33.42433599562589,22.483649340310514,21.727998653919983,19.091833782728436,-0.3566828452102828,0.5509020807343636,0.13679882111716649,56.82213141553831,-4.707518631355904,0.6326033362344091,-1.0026755397787293,-1.5666080501422381,0.22110016959439394
34.0,23.507027100899908,22.104391422928696,18.791153567609598,-0.30109954970524555,0.5577092682283875,0.131435875177265,57.11586067806972,-4.9343055782557785,0.7001610314823784,-0.8904491264026189,-1.3393483210997377,0.2195697831109819
34.225000523690404,23.4841019651131,22.24329480747047,18.83348757234896,-0.2965931033406904,0.5591620737686509,0.13307498884931487,56.7983722553567,-5.29217966448202,0.7435942181690397,-0.9603027237545607,-1.3096603466176677,0.22268055511790827
34.42516647983432,23.551717242843946,22.364426701183035,18.775861646525506,-0.28815684636585903,0.5617937410823547,0.1262229454523897,56.46372669537803,-5.714769075527394,0.8235667284444801,-1.0351335416527472,-1.32867345543332,0.23150811382543923
35.0,24.4292542397203,22.71133404212691,18.87822841945351,-0.2375311736205502,0.5658162607825516,0.14374859507410181,57.25913762281945,-6.3893686572328985,1.047429435403049,-0.8166670801993963,-1.2219712833249088,0.23588600259205433
35.42598991421007,24.68283199702352,23.000558534075896,18.822040641944024,-0.20913244567882866,0.5745353407011378,0.13557853019252614,56.26025707377351,-7.394694034012819,1.1915119322021916,-1.0870872073821323,-1.3145831667907069,0.2498737655236257
36.0,25.113491620874413,23.293186336856824,19.225037082961034,-0.18122254785276223,0.5744965991847617,0.15967618595263672,56.18110578735163,-7.9505790685556885,1.8100991941890012,-1.0408113181183731,-1.1570692595750156,0.2919472061792773
36.42679296752033,25.135087872959918,23.517907446321562,19.18836031498939,-0.17713756870224517,0.5748766239192238,0.15054532965996742,55.730032721012996,-8.507376673560186,1.9766750320577469,-1.0859807553626049,-1.0821804633560945,0.30529189424782366
37.0,25.19766753763838,23.84982270715386,19.14735451994685,-0.16983490662671505,0.575243555457252,0.1476304776322428,55.55554372031366,-9.28787008197383,1.9497481248054733,-1.0528526001029794,-0.9837812946245732,0.29705246175326555
37.02725947515561,25.505794641817534,23.811328636745703,18.9479486232225,-0.1538022114715804,0.575692586663023,0.13292027471362336,55.38651397854022,-9.496065445128457,2.0127861480860196,-1.1056120458195997,-1.0596885891469479,0.3050922502600206
38.0,25.701968878028552,24.396563404623702,19.049439502208838,-0.13679130802691067,0.5755083438326147,0.1453098417259034,56.245672065628604,-11.846962422158562,1.8429064310900496,-0.8086910907140847,-1.1508052440749341,0.26956526981426443
38.62842296737035,25.598241112096353,24.730100541180978,19.01857134775995,-0.14151658417201426,0.5751204223627249,0.1324396808742504,55.95149702396662,-12.53503939958198,2.0745893372694706,-0.7673661146477129,-0.9987787523594317,0.2876529855554137
39.0,26.016243692557936,24.855836433975284,18.924984141476486,-0.12007591149035812,0.5731321646740104,0.13134637334229582,56.261160825894585,-12.871456608750252,2.1044366448010123,-0.6630168328540643,-0.918010108272833,0.2851902739110957
40.0,26.596242312225957,25.268396511823155,18.406217298109407,-0.09140221902917067,0.5696886537515011,0.10752032534701196,56.641110173974745,-13.610652068994328,1.79249821935352,-0.4678457122175296,-0.6600155216468354,0.25388722229825866
40.229429761435554,26.759833257931856,25.461505571184368,18.47853766663234,-0.07759715701666246,0.5743669538228034,0.11408295187204343,56.24120794993548,-13.892161257103117,1.8185371018238174,-0.568614423465397,-0.6399099029954078,0.25250375561975896
41.0,26.478134937256062,26.007282330001903,18.40215753409276,-0.08990259408225607,0.5763766490450722,0.10860127912796538,56.30047052018231,-15.269850954207278,1.5461652931829573,-0.4765640413072424,-0.6205398635370323,0.22330266151488037
41.2299591334125,26.656139990320565,26.10135892839996,18.17354107100198,-0.08222912430235131,0.5783898779589374,0.08721428219406374,56.188375629781184,-15.577023492038974,1.677138214107977,-0.4772575551157867,-0.6199890868936468,0.2359973264754724
41.83023481398129,26.856597497404152,26.478170001079206,18.20393186169241,-0.0663085924948201,0.5819512294951845,0.0878823939909665,55.52540102788339,-16.10779017147126,1.8088954610721502,-0.5943695761907813,-0.5148322739255193,0.24167658503166922
42.0,26.792031549062507,26.611662671812564,18.129518195873384,-0.0698497618236443,0.5825396238723404,0.08555515417833243,55.69043148000929,-16.624616174926135,1.6258994382052596,-0.5455458026060493,-0.5611750692153442,0.22438686107526573
42.03031929045632,26.64706934196377,26.72150816984847,18.49207903932257,-0.07182213658197285,0.5828962566189078,0.11700125076544791,55.539437695124924,-16.5132263795573,1.5176926465162623,-0.5903970232707341,-0.49839647703409495,0.20972996041780662
42.43047672469558,26.87695538612956,26.925805429767863,18.48280990149872,-0.05694142399103386,0.583424775968276,0.11543293963254243,55.034914333352575,-16.83277908353338,1.5996842230450534,-0.6850192398240014,-0.4326317003489037,0.2142199132159115
43.0,27.041441589018145,27.22671131701556,18.32875784034742,-0.04917342079499189,0.5827641857044112,0.1106044243513907,55.278057053020696,-17.61079128133351,1.3602623723360205,-0.5734841156379107,-0.39812262415835026,0.19038798225835535
44.0,26.36159394735743,28.02685563549896,18.569785898591526,-0.08054880699995828,0.5863967371930922,0.1132006581475449,54.256835369798274,-18.473752875607342,1.4558888033918336,-0.660003384199712,-0.20786084702364432,0.19317181811809922
44.03094436611201,26.162648434434995,28.068869920604634,18.833772535239664,-0.08946595160685981,0.5827992985222882,0.136220373679996,54.300940065212046,-18.29331052312643,1.3856739026360403,-0.6308216303313906,-0.12766512897946589,0.18415415508986677
44.23098373731012,26.21011951271737,28.14436331733402,18.995796575628315,-0.08453059285383716,0.5789603275088854,0.15122644774511668,54.040800733205295,-18.254965163072523,1.365039245385807,-0.6744751175554184,-0.0462463041749386,0.17880566252998947
44.831075362861526,26.22608507712452,28.452264714151298,19.159495096770456,-0.08005414477229778,0.5760458784415938,0.16019233166843616,53.49388099444278,-18.1926497608455,1.4360849419860688,-0.7153411924999126,0.15564344644714892,0.18094968413249746
45.0,26.4484422418719,28.477530954874737,18.94550971981811,-0.06980710850819624,0.5749274832114626,0.15199716987425194,53.765239095987525,-18.36447632972091,1.1893123593920363,-0.6423482991482732,0.15728202249748024,0.16119441142338567
45.63113445203131,26.592889542912893,28.802131314510607,19.103218147368445,-0.057228684610588165,0.5734485175967409,0.1611384981024983,53.0232271118705,-18.273585614908257,1.2503511122758486,-0.7450123371729931,0.34101548677462096,0.16201729188188504
46.0,26.715706627017457,28.959396748781884,19.307881387112257,-0.049238630620197094,0.5719204574619648,0.17014282445326717,52.921152116697165,-18.127077912880676,1.4952116769361583,-0.7079060312319847,0.4607046464445538,0.1784356453656634
46.63110457098329,26.937486545906832,29.225577243382887,19.46765294964687,-0.033680024731888004,0.5681216672528479,0.18009416082632043,52.0808596917699,-17.84510888947495,1.562967535549651,-0.8301283226794007,0.6494160519524635,0.17882435234097252
47.0,26.592494954963456,29.531178185517945,19.587168858986402,-0.052799453273481047,0.5679397404275748,0.18392776296847851,51.736691950241735,-18.29782604002169,1.4823004628011212,-0.8357580879187214,0.6375418960208111,0.16871857199700785
47.43099638070104,26.848282670457237,29.615632441179724,19.680931851989293,-0.03751106478904458,0.5614480217824706,0.1914418470317154,51.0593454368151,-18.04328408630136,1.519661777555547,-0.941379733306837,0.7616100813832902,0.16842058845030033
48.0,26.726475156159164,29.956250277301102,19.17729795198892,-0.0481669578135624,0.5617807940850207,0.16547431254898234,50.86634477703158,-18.476914265075237,0.7268125062253558,-0.878348663995664,0.7595026518731852,0.1074228755711518
48.630692895978754,26.878557188466143,30.23548499090667,19.240377147940954,-0.03788394373796509,0.5602770598859085,0.1645587001591068,50.089249450786824,-18.02602010910298,0.7920415955670429,-0.9442459221818702,0.9312624268113777,0.11122306436085959
49.0,25.837896814605184,30.787560725772916,19.23301096569061,-0.0962734801258536,0.5638836024012768,0.15849640672625992,48.90032030196921,-18.740924924509745,0.36479294747963037,-1.0973281028976545,0.8586830340084529,0.07665235346745518
49.03055426586489,26.033422272616345,30.654151007994116,19.21223029110173,-0.08652385435945005,0.5581740384194589,0.1607035347584067,48.72170485443508,-18.73820076060443,0.3543665058598506,-1.1498513720113754,0.857484845388249,0.07516023547214559
49.430397095257064,26.46840035480008,30.524687235713703,19.16371053995083,-0.06341657286396182,0.5458922959764992,0.160583070920558,47.844526761932904,-18.476690488931983,0.3698548766939063,-1.2967652781767716,0.9380542336469376,0.07484396491747972
49.630311610844984,26.344671884584585,30.804930841842275,19.158168520044573,-0.06753487720656522,0.5546907386778447,0.1523624922783906,47.66186055383552,-18.36023608645889,0.4156638571535279,-1.276605071259275,0.9761373651441498,0.0793033692436655
50.0,26.438153610152305,30.925643478473948,19.13720197214609,-0.06277374578770795,0.5519562461770895,0.15147714152358602,47.42048814852974,-18.245847696072424,0.32955303465539704,-1.2419346563306002,1.0248886238566683,0.07131848131276215
50.62981630575717,26.18215853804464,31.36921282830894,19.378952520649033,-0.07485000609786972,0.5519359910335029,0.16270983917036574,46.889915257582906,-17.36889657878211,0.3470544975180715,-1.157279397847883,1.263233232550127,0.07204213556042548
51.0,25.77005184197943,31.70401127959215,19.682844351413664,-0.0961291571950095,0.5525169822249021,0.1743264553032449,46.150038125189134,-17.266679883449243,0.4905434186444869,-1.2071999072672626,1.3041707260254718,0.07995381272080114
51.02958713900325,25.770103548548377,31.724249051420752,19.683623501451887,-0.0958659633203015,0.5528430472572546,0.1738257945767658,46.10980946926081,-17.233813155107782,0.49430127394285955,-1.2086521053788637,1.3106043035286263,0.08038023460676286
52.0,25.65017909093789,32.21662157870418,19.803973885719117,-0.09946684796323445,0.5504100194411483,0.17410850785111787,45.06438850175261,-16.291915016386618,0.435471515752341,-1.1703056647761083,1.488245823462866,0.07335965972585921
52.2287976422202,25.784897735688098,32.21746764013366,19.83491445080065,-0.09074343966725476,0.545980786311114,0.1771365596986592,44.6286054527303,-15.960965953206019,0.4389143316219415,-1.2242702185429863,1.5436510629216704,0.0727990303191696
52.62850186621504,25.7524899956541,32.71698341637265,19.78017232019682,-0.08490737140670594,0.5635167914776791,0.1581628226709451,43.98575941906778,-15.61585441748482,0.5252222313973682,-1.2705973968822943,1.5602434288712437,0.080253323746581
53.0,25.64831973509615,32.90290449292714,19.84396688455509,-0.0906358965765139,0.5613667006330558,0.1604733828997292,43.54020590852081,-15.389875050145596,0.4790076396442799,-1.2587131865483636,1.5786445156452145,0.07531669991806053
53.82752365101704,25.51701941190974,33.612841335321804,19.885552360625976,-0.0901644865653263,0.5753336717626002,0.14523185933750282,42.49393497741558,-14.224427128199764,0.5906180472105347,-1.2449703395250262,1.7075840955860906,0.0847473929803988
54.0,25.357920292957832,33.70308252105586,19.880113299098088,-0.1006033620288957,0.5730767506417843,0.14655539006404272,42.26702815370844,-14.486438135452227,0.4395576785233344,-1.242409452075781,1.63285276191502,0.07161738730130267
54.22716920107034,25.63541195153496,33.49740230798995,19.894223957209753,-0.08549412400432424,0.5600244155296689,0.15401756980506012,41.7042187254449,-14.085893679235422,0.4273984541356656,-1.3346173453568246,1.6858594073511493,0.06909589789181525
55.0,25.72281706439897,33.74990675192014,20.008656022099707,-0.07938470482098524,0.5537959605535819,0.15754114706024447,40.95627818910771,-13.124404724852026,0.4622500699244329,-1.2703905617821876,1.7537359505625765,0.06879476658826095
55.42602987775014,25.713136249924666,33.87407802499031,20.10933185488727,-0.07965858937946542,0.5477552813662513,0.16353738667166962,40.42104612169404,-12.281458791388769,0.4743908706623044,-1.2557109020315491,1.8586128225176795,0.06843496333560842
56.0,25.61827299879863,34.06628068756616,20.523503636439685,-0.08483623403084915,0.5409076947149233,0.18156886216649468,39.68274284427171,-11.566514324464649,0.8277417833561376,-1.2409289014937783,1.8845235347416038,0.08940470813119213
56.02542205052968,25.836339263161705,33.46520421754853,20.6034396914164,-0.08039892432606575,0.5114591225610988,0.20373054658999157,39.57585264465825,-11.267729816963058,0.7659118085497961,-1.2653596820602266,1.9716246522945924,0.08235944561005089
56.42500453738832,26.103273749799484,33.21328460330937,20.609099239626577,-0.06745251894323405,0.4940229035068189,0.20797056069622408,38.82114892765903,-10.411132954327769,0.7802934940670043,-1.3386576322491632,2.0555781422644896,0.081381561121739
57.0,25.006368466581957,34.24668598690676,21.019141309996325,-0.12412745246778437,0.5128508851601482,0.21525250059661397,36.88128304835496,-9.234441281242656,0.7957881195356189,-1.5268584969421033,2.1750052148845374,0.081841130757482
57.224143954314094,24.83354628947202,34.24070046036387,21.194060967160986,-0.13709654214553765,0.5023723738246226,0.2298769445287488,36.777729279914766,-8.5145149431684,0.7781208145176173,-1.437784188276773,2.291586306594043,0.07919638460060936
57.623702751312834,24.972579403493032,33.64107391976815,21.206360032924415,-0.1392257091063456,0.4669961786293884,0.24118296150351382,36.29904182504234,-7.2402262578126795,0.7744836611233841,-1.396489713219425,2.4661756496558254,0.07735593331619461
57.82347985031165,25.033091533074835,33.65335306340413,21.22704478086863,-0.1336912083946763,0.46466302279683763,0.24079536265404394,35.86819907276527,-6.768371172187398,0.7887938122534452,-1.442489962984888,2.494076065247256,0.07767555385678807
58.0,25.242313803500252,33.53682613959806,21.2382582598901,-0.1215055219032157,0.4591401019433482,0.24091755734557474,35.839672312667375,-6.337982845158357,0.8577358692575698,-1.4021295682775354,2.5175749310817244,0.0815749660192846
58.8223475527287,25.137857870486084,34.14445772304119,21.467767498437773,-0.11622925931995595,0.46971138130251017,0.2384178749958414,34.520975081455276,-4.354098328361555,0.9328816064663542,-1.4395326200669738,2.6138460270547395,0.08515964563621932
59.0,25.210439212793492,33.62951916311719,21.41507528842284,-0.12155931077471359,0.4453981575527484,0.24596596757733477,34.47520098616664,-5.063271994832417,0.7536970939240875,-1.4016511760795016,2.397394067445528,0.06751368803416768
59.022118485650594,25.329082210883822,33.38910898621607,21.34789970645687,-0.11699977904863931,0.43623158151750463,0.24526787803433325,34.36355106146569,-4.984702202317525,0.754276025650503,-1.433052917092465,2.4064778866898346,0.06740731157856615
59.221888878416095,25.312206333192353,33.571287042368624,21.397463030498074,-0.11433673472426054,0.4410295357641825,0.2429205570831452,34.017639674977026,-4.564695178726204,0.7738327685742948,-1.4522484202503578,2.410114620426746,0.06871285682669535
59.421658877204216,25.366269032253044,33.5737294152094,21.38999303948399,-0.10959515296610604,0.43918357522770257,0.23954564514392862,33.61342574121657,-4.126345015917863,0.7946296612107959,-1.4925915148844633,2.4164937260127854,0.0697005400265531
59.62142863077104,25.465102315869093,33.283873064396786,21.335566258469406,-0.10752877236585472,0.42420596484501555,0.23948710394867523,33.268114644273034,-3.5306818523812367,0.8061199431938533,-1.5085910485486342,2.4720862040082863,0.07015715028169713
60.0,25.67056406341982,32.742952597230214,21.147603646301416,-0.10380676976581399,0.3982985140519863,0.2381191473720305,33.01295230132518,-3.54789972000706,0.5381904646804732,-1.4549938718420738,2.3126533069668502,0.047670806411818034
60.82005065435256,25.54840331008695,33.42990573285026,21.403805682542043,-0.09818841178756592,0.41546916182539595,0.23298771420059117,31.614398322544748,-1.9158763137093051,0.5914404422005242,-1.5213354109621386,2.2817986312475163,0.05028473128144098
61.0,26.20142616684842,32.13744217738527,21.255704068109267,-0.07570148959591923,0.36854101122621463,0.2398235804516814,32.05599439719005,-2.6427666031315997,0.719119522905594,-1.4028668585048027,2.0442182282654935,0.0533518570681116
62.0,26.335870841410106,31.850265391713595,21.25673854961114,-0.07271067149729085,0.3454720317523703,0.23814585598850085,30.96474762381719,-1.5837676492103236,0.5739949786252269,-1.3349067387695266,1.8468597980438954,0.03916748994319353
63.0,26.092067491101144,32.65372775873426,21.658011492517257,-0.07674410831588384,0.3607868963612112,0.2398325942090977,29.35546062181781,1.0047049649696336,0.7153595897488858,-1.3623321302153648,1.9792562927003678,0.048969886766827564
63.01763303086116,27.088733419306337,29.822444275110623,20.594590323294767,-0.04401950219298878,0.25803812370854956,0.21539863033643822,28.62097143573184,1.5235779461646843,0.7498249798240398,-1.646089648140831,2.1272960273985153,0.052059577885705664
63.41722308630704,27.447228921770012,28.449958691629945,20.051033018990974,-0.0404507918129536,0.20720612541598799,0.19489075833119646,27.846650035982204,2.6093116015728723,0.810937818160525,-1.7075541161288466,2.1932771517926843,0.05732284775600864
64.0,27.75606407645345,27.287766402297898,19.771167160203124,-0.037334301282449876,0.16186209910546306,0.19194766002340552,27.21921110165453,2.6918472174402606,0.7570725460378938,-1.662593452650218,1.9427769801890722,0.049999430669632895
64.01663262423806,27.85909199297291,27.002771561155637,19.600337428675076,-0.03423134698293945,0.15400288509735574,0.18287411626358235,27.124332771587678,2.6997485634613403,0.7770511999453689,-1.6926212469727777,1.9314323701654852,0.052195348712242726
64.21644306724487,27.731237306924136,27.217577899196026,19.82888942992736,-0.04035830917840641,0.15542506938066133,0.1970899628094786,26.92432174180838,3.2298207724135946,0.7548747735526664,-1.6408940407647155,1.973757994048877,0.04900029396696411
64.61607595052146,27.70281826047314,27.205176532843552,19.89891813553003,-0.042848315052627914,0.15162035982004507,0.19887750134723348,26.337613227987905,4.086593997453444,0.7696449040708337,-1.6216479782543278,1.9790120320314966,0.048821052145134755
65.0,27.95069848050944,27.007710405341452,20.051430467924515,-0.02763631983420545,0.1466492181102977,0.19995888885825308,26.033431265398587,5.028473891546785,1.1628335721764853,-1.5713578759357232,1.9871552846805116,0.07452133960563456
65.01572602831452,27.916287188054394,27.177159877961923,20.14453307801497,-0.02824158756772672,0.15274590751738193,0.20417571674600124,26.043086389314528,5.01998657086343,1.1549861783929685,-1.554326917525916,1.972390555129223,0.07341458293923156
66.0,27.89223348143252,27.27998189881996,20.054749578832833,-0.02887976358474186,0.15082988520005708,0.1928992522881003,24.510480014043807,6.746694035477312,0.8593882943193129,-1.5566813940308064,1.8742681112158712,0.05184561316812576
67.0,28.22296941098336,26.800957350695697,19.91115795004136,-0.011729780443445775,0.13446443555621101,0.17885672012763135,23.563686152627117,8.442901661373941,1.018170870146769,-1.4385351951315217,1.7504571242240223,0.06084404061843345
67.61395875442312,28.266244972721083,26.248921753126265,19.654635357868322,-0.01206456111070338,0.10694142139117564,0.1615209442943466,22.503302501148337,9.90522405968254,1.095743288818213,-1.5043348891152302,1.8169785853524865,0.06605542506792482
68.0,27.89467936962177,26.325353170035367,19.821646156656495,-0.038557037415319455,0.09976401401362484,0.17457435715699116,21.335159715227803,10.089475138341271,0.8614801793586858,-1.6028521071061488,1.6969431581927659,0.04720756662357285
68.01377551125726,27.860595961630704,25.696842662260607,19.4764992256062,-0.04809362797206204,0.0746697580140007,0.16133501424600682,21.39725227268561,10.375583472832583,0.8876826618396226,-1.583209855228248,1.7911440760571278,0.04978393929450449
69.0,27.770963723315216,26.242554648896334,19.611338240649392,-0.04620847000471866,0.09068017348403087,0.15728949352970875,19.661597671871533,12.365698353123797,0.6145703796602628,-1.613546568735975,1.7431700109528199,0.03061588240033434
69.01342858520155,27.80367910207187,26.057344621779045,19.415388296894406,-0.044117715826162245,0.08574960160711276,0.1423843575487903,19.51794848271581,12.393645990286783,0.6491822373463723,-1.6725511709634953,1.7452596408031398,0.0350645823338015
69.2133782406122,27.691430919312147,25.837348640567416,19.395930486402715,-0.055472896869821715,0.0713153195754776,0.14764850353459025,19.42601782956351,13.038474388468124,0.6398927582334446,-1.5802832079053732,1.8309488430410878,0.03242354425472626
70.0,27.716154376895496,25.482569953444948,19.209304913860045,-0.05421435295473518,0.05799097088934016,0.13610561183039394,18.39883328931617,14.178862769142713,0.6072412008658761,-1.5381639577276296,1.700761656887298,0.02921780008899424
70.8131941040914,27.668584654488257,25.619695286661507,19.502836961615962,-0.05787039069072749,0.06371146741628872,0.15819116909896902,17.46444490805171,15.335880254201411,0.5718978176402455,-1.3981731295191309,1.5368771541874295,0.02201367534196248
71.0,27.5947838639947,24.301833226996248,18.35035698664023,-0.07278179595764162,0.01314191847486166,0.11549878726591745,17.491235963166545,14.49966913059317,-0.01817431786611401,-1.3517834151206019,1.320990256812099,-0.013911434925573254
71.01319680390768,27.647722757380066,24.36691636375886,18.39884508866437,-0.06590516115987863,0.011312041682754036,0.11299263584797517,17.32600341491451,14.615193489782337,-0.010971339673488088,-1.410408195645257,1.3563997145791604,-0.012923046466179682
72.0,27.471549041184335,23.62794182080739,18.1779945010094,-0.07847950258212744,-0.018006017675007265,0.10416347813841945,16.102392774730777,15.230121238384124,0.058009866229669964,-1.3514871795045709,1.0893967859239255,-0.008735434190043242
72.01328579712026,27.551774442491688,23.686893992323782,18.181468845680325,-0.06866658035085198,-0.019932597509471166,0.09419743750186121,15.84837688172367,15.348466129141206,0.08335362154627228,-1.4508360765840531,1.1303299490946472,-0.005329337275440915
72.41335335025754,27.513380848501612,23.682667224095567,18.239844087483778,-0.06925267076662996,-0.023627731588244685,0.09419009027423662,15.295586170883656,15.94277774286145,0.08097528976719737,-1.430120390529147,1.1208108663308496,-0.005604537670529652
72.61339323624443,27.486083026783376,23.683775636377312,18.318409767271312,-0.07174727315822507,-0.023962583422040207,0.10309943509369093,15.149398492219932,16.165132619258866,0.056400808429502076,-1.365735586296473,1.0851181759916395,-0.008818123283481031
72.81343694260634,27.464910638267394,23.63858597773014,18.30810202085712,-0.07295194253524757,-0.021870129227616095,0.10459081312139105,14.897167668081034,16.21572772845962,0.05022562772107353,-1.3502567261009173,0.9926404631269798,-0.009338556502873017
73.0,27.572525317369493,24.23065064284059,18.5807638836704,-0.06189802443253384,0.0038781981990214306,0.11184060391676369,14.512628250912735,16.881102353918912,-0.04699233113534692,-1.3625766787123825,1.032619030321294,-0.016141716362417638
74.0,27.433917242104496,23.972952280483245,18.50673684734082,-0.06817957731707348,-0.008503422824628504,0.10611488591811565,13.17141574591329,17.560446961807664,-0.14430792793501773,-1.3146204582783592,0.8157984755591913,-0.022270771805701303
75.0,27.504388795571362,24.056613329854564,18.467482964351678,-0.05673332934958229,-0.0006193259403279531,0.09517220401119945,12.226964758066794,18.4891062381082,-0.19127527168763217,-1.18817393829309,0.6613821061071746,-0.023662079447860276
76.0,27.37097917741186,23.930704639672953,18.53152187747568,-0.06270969801228708,-0.007860255641961387,0.0962620961080906,10.92881034014504,18.828861906750884,-0.24968649907878654,-1.1379616498824445,0.43289005395917934,-0.026390996531258707
76.01450830180954,27.462552383370987,23.911603776829264,18.543068346016735,-0.054615933039327144,-0.013209190808506879,0.09060857013245077,10.760896928482445,18.974864095631006,-0.23708887908745238,-1.1961738654317076,0.484983532158633,-0.02511137237077162
76.41467322132938,27.47373957104955,23.892333352048386,18.549517105143302,-0.051364060427187254,-0.014596865639172223,0.08557122635439703,10.189688460134056,19.203670092632827,-0.23512076119359623,-1.2034084137484338,0.43217096878236444,-0.0240781794395192
76.61475701235129,27.475051295919766,23.887536525383926,18.477193033288774,-0.04912123457892929,-0.01138584739823836,0.07773630757947593,9.817643877048447,19.17089587985112,-0.21965329149939372,-1.2398055430930022,0.35746098834562934,-0.021419555616391223
77.0,27.431903408524985,24.061389110051653,18.80066882922497,-0.053827977798427455,-0.004595494201054259,0.09434508498989241,8.984130698007855,19.40112066606995,-0.2273449371798435,-1.2698503172150255,0.300267487053893,-0.023534380406954127
77.01492676808243,27.43179924929447,24.10399366459065,18.96901439123447,-0.05611182845189617,-0.006013848553884633,0.10888525405213786,9.111659326109969,19.434755915286686,-0.2605118773366598,-1.202266470910721,0.3019207618902634,-0.027697825574719392
78.0,27.458384497521827,24.134987517208014,18.759135025797356,-0.04872387309652547,-0.0012697561898515099,0.09146980209085329,8.19304718916796,19.717773301900607,-0.5203640913993903,-1.0798098743880744,0.13219230523559458,-0.04208894097440018
78.41553557001731,27.409515871171696,24.132007469244556,18.65096306623704,-0.048332609573931935,0.0034176713485651357,0.08023740896944882,7.624905800416921,19.58039190196662,-0.5099516789793074,-1.0926256903117382,-0.009678252818608013,-0.03850958127869981
78.61562360310302,27.301743495225374,24.120741381359466,18.60012142012684,-0.05531897758583888,0.0054869150882952845,0.07985198313083314,7.529997879159678,19.464085923525598,-0.5165620263519335,-1.0323008337439854,-0.09169367090995169,-0.038450500353573426
79.0,27.376890085772843,24.256246002271947,18.262306977160605,-0.043287055440162946,0.021791524074149617,0.05466676576801215,7.774707385756917,19.67915565323251,-0.5140208404433405,-0.881331945907869,-0.13101368644738673,-0.03462441871792107
79.01580005118942,27.411766044390202,24.260622039742373,18.35240672458558,-0.04208536866736519,0.019300051249904724,0.06086681395964767,7.7991181612929825,19.74718059168307,-0.5288084113049517,-0.8593345273490189,-0.10582774409746443,-0.03659415059348094
80.0,27.31468674399378,24.351822949834574,18.792122626737203,-0.04780286331152485,0.02341988659747392,0.08005853352248672,6.837003579469205,19.615745993202015,-0.25265311395024526,-0.7553187361025474,-0.2740833046644122,-0.019559375918881596
80.2163311090697,27.44659495182673,24.346148105391656,19.086397430540213,-0.04224071457252597,0.014552132214160608,0.09916652385384174,6.780838203188338,19.855902833479487,-0.30301271224829507,-0.6709010377363775,-0.18569994076884377,-0.026188498406596004
80.4164198080892,27.45569703542019,24.402155570671454,19.018841242955414,-0.03878931397870371,0.02102356491295558,0.08936260758454434,6.501754846230001,19.502957229203215,-0.2805612730896827,-0.6985812890217961,-0.3457047243041793,-0.021782770417480002
81.0,27.432629163991297,24.675254451255608,19.126170338202172,-0.04088237352904824,0.04132638914320026,0.09288288256212102,5.978172984111509,19.543757482726267,-0.34541797280309827,-0.6347412537483367,-0.40420804874321303,-0.02587736449331023
81.81704383179354,27.579239449548346,24.727807835375145,19.26262826049259,-0.027285356390444132,0.04053714462858876,0.08961809058879257,5.18907929971912,19.221881184080516,-0.35809674878263065,-0.6192062088848684,-0.5000615476826847,-0.025762795200870697
82.0,27.642962676379085,24.543116083312906,19.025547266128875,-0.018818113542335493,0.025884623777018986,0.07391067002669807,5.425288326763693,18.967151214857587,-0.4425828334632127,-0.536644587185549,-0.5417391539595419,-0.029140169651101493
83.0,27.507698189153516,24.685741155843143,19.424753586133097,-0.027429364848822888,0.0362243897897817,0.09064953348199267,4.823786323125175,18.517817207297245,-0.11421531146923963,-0.409695915887691,-0.6396006435559615,-0.008258497293179911
83.41777398277628,27.372607251129477,24.764278829764315,19.205963381801777,-0.03116586529494454,0.04630826151785413,0.0712282159864237,4.523437201357306,17.925457017506798,-0.06911113997965138,-0.4050115291248394,-0.8074834464385323,-0.0015062323271974893
83.61786756363679,27.278053117842944,24.777266267408088,19.101100234182688,-0.035054285966457085,0.04914009359871753,0.06381830483426618,4.417491964801365,17.675287465979537,-0.05158906460726241,-0.38980192021274673,-0.8640722150642495,0.0004363052683446938
84.0,27.177020856467347,24.86489225475151,19.088889908085694,-0.03699018964321541,0.05739070660068236,0.059407281890463744,4.5540861339814205,17.523535347095237,0.15702891421011977,-0.2840129139330376,-0.8761835520089183,0.014887850418788545
84.81844531540436,27.194047141536185,24.908125488280874,19.24395301628535,-0.03621525135898491,0.05523393323922614,0.06741417438172102,4.473415788578032,16.84206692107289,0.14980211211808095,-0.11614701506226133,-0.9341883180474226,0.013494903010779775
85.0,27.085226155982927,25.09249681051995,18.86604389565378,-0.04099346090486973,0.07277487311240596,0.05077305561894127,4.455179222847634,16.91535348783658,-0.17654561501323465,-0.08677541223189476,-0.912258721808449,-0.006434856055904877
85.61884995952664,27.00784802790872,25.204726110871178,18.583877667476425,-0.03730615158068178,0.08260682584438507,0.022376107622019636,4.05117134332239,16.003216463532034,-0.10866295155199016,-0.12008031596185219,-1.0877834060441338,0.002927663577249268
86.0,27.038424331526116,25.177125866032664,18.919966206268615,-0.0392893640120656,0.07526351311139941,0.04077652706901161,3.692205651477431,15.3736407356955,0.0018541877236875198,-0.11513252976346673,-1.1622354437718951,0.008977851036345557
87.0,27.304445092252834,25.104727352535797,19.319543525638675,-0.029023097216353815,0.05681726194926662,0.058656755744490426,3.2147401507356244,13.646231779110904,-0.08566190104177765,-0.03644203852664438,-1.3414653954649884,0.002002520632674594
87.01960676621415,26.88873583675476,25.109735550948223,18.823974472731283,-0.04641981174631868,0.06595126871883854,0.028449920061629393,3.1414209094958574,13.413268754216714,-0.020823147470212564,-0.07559456636256975,-1.4358455280985083,0.010030912923655854
87.6199531343553,26.74977462839643,25.142185882007155,18.760039395268056,-0.052588680830839014,0.06712190951778581,0.024721507383874245,3.1822590563498028,12.491881910771257,-0.0061847375036191855,0.03185925798699369,-1.5068426729215603,0.011587415587974487
88.0,26.475698322855532,25.249667596593223,18.800952991569073,-0.06852451678062509,0.07663222163092907,0.0324555072244691,2.8870804560963146,12.006421064929212,0.044346998948817974,0.03491372701112147,-1.5273036720793038,0.013720359537610529
88.0201920756182,26.037848704298288,25.216696584132972,18.39648122866164,-0.08941153423723491,0.08166279315565965,0.01070185358886034,2.9394202650433097,11.844359397045329,0.08983233913732588,0.045208666413706376,-1.59292565125812,0.0195594106602104
89.0,25.778969996672277,25.355782297859943,18.397152645264086,-0.10190797610628985,0.08785162624137349,0.017221191626742623,2.609001983608805,10.194855987822391,-0.015740645028926498,0.11893932658663599,-1.6890235212695242,0.011614558759372496
89.02081881579383,25.885027190945248,25.36744305723376,18.428118032107673,-0.09440450110606943,0.08738499733099676,0.01680035691997827,2.5043560669022202,10.177698945094383,-0.014208982569550182,0.0830821319877146,-1.6806355343456894,0.011451547859281427
89.82135111378908,25.48772508688502,25.377417771623563,17.995023218196877,-0.10425375942818338,0.08994519202392275,-0.014725358252718132,2.377110455992033,8.622622400358011,0.07069883746801833,0.11282819661530707,-1.810683180932596,0.020977186114121166
90.0,25.26867397300001,25.421871375533925,17.94363515858475,-0.1150347883259357,0.09468559884872771,-0.013143212661992292,2.248639703255886,8.389955644515538,0.08930109425322265,0.11120357232427941,-1.808069146504982,0.02137951325918794
91.0,25.10910100286191,25.51845405716899,17.751623424984686,-0.11493563547223637,0.09630385924485918,-0.022403416006653788,2.593976663625189,6.712102465515392,0.04020345847692684,0.2813498569902899,-1.8219710048044189,0.02073631480272992
91.82279824158371,25.409833333653623,25.653857533691966,17.937216540518016,-0.09025491361338552,0.09523820053989195,-0.013571662202865889,2.4552374079705315,5.360964608795471,0.03471228626650152,0.2712971173173131,-1.7726459752958872,0.01870745338824222
92.0,25.341069757692928,25.687515278562188,17.673842879067514,-0.09214920172204231,0.0977448001527774,-0.024077918953804657,2.4534503622467816,5.081350633983177,-0.22658384776361534,0.28573190181338626,-1.7679482198135505,0.002606855507509373
92.02295136339359,25.394591091251247,25.68423832291269,17.712229093839,-0.08880065127452028,0.0964248664683576,-0.021513884171057297,2.425340859663922,5.079131133548438,-0.23268827830437439,0.2763369408204596,-1.751292073678259,0.001528604398639198
92.62341871400268,25.28973335504717,25.741239129431012,17.62288202100443,-0.09081763011892971,0.09761622906693146,-0.027914947561878817,2.602600897057667,3.9672810099054137,-0.2156732142307789,0.35298918706591137,-1.7675497517294358,0.003862681269892973
93.0,24.83693708996755,25.761282277685577,17.373534617232977,-0.11042974917014618,0.10231864049971266,-0.03256479583172313,2.539281959553209,3.5624247967954332,-0.26257461829180356,0.3677745309606809,-1.7168196745088005,0.0005865099238257392
93.22389686406137,24.798772238751244,25.79142793903976,17.392010572540883,-0.11255134103566823,0.10273136894429848,-0.030149288415607683,2.687355713903097,3.1743443402159115,-0.2674567981125596,0.42067515958802626,-1.710897721836788,0.00024904586271708336
93.42405835835821,24.769103742606628,25.816266443643062,17.4396854851401,-0.11495072251427361,0.10254028266314223,-0.024921162803343153,2.869240191365204,2.8507013953828984,-0.279334228157006,0.4825079176046934,-1.696140020969543,-0.001009440318673557
94.0,24.96764959489794,25.976671715885555,17.842761873143264,-0.111114186436374,0.10251490477958147,-0.0005634133230154846,2.59035940910129,1.0977326405285783,-0.3827803713669072,0.47070708832843877,-1.8263775382801046,-0.010506087986932717
95.0,25.127143936296473,26.210728726315875,17.939084224028434,-0.10458859383933622,0.10517490585308453,0.008155089113622479,2.5707679857688075,-1.4942718582678585,-0.7854850311311149,0.5142636130828899,-1.9359581041707723,-0.03717730044480051
95.02537800922114,25.44561231351423,26.273573665826778,17.965207859338594,-0.08010077236632668,0.10624148451518944,0.0028413644559240545,2.1438172337888397,-1.5020529717170257,-0.7755657876408887,0.3530258944502932,-1.9065198982795384,-0.03717113900826
95.8260479716142,25.39812300175363,26.34731685981942,17.935680632434206,-0.07719686281398247,0.10563396035926767,-0.00016605317719657706,2.3461828035852936,-3.0020996429032527,-0.7995465980365883,0.40474592468339066,-1.8551354932673312,-0.037719282410925786
96.0,24.098830568906205,26.17478120621739,17.93318106894943,-0.14442384114397439,0.10726152453262615,0.02355430507112751,1.1344339716131606,-3.1105043678889266,-0.5165771870441793,0.20131770733984694,-1.8386264648174282,-0.025349504835307027
96.4265503195699,24.077466930107672,26.1719470229641,17.879084401809507,-0.1378055092177921,0.10412201465118047,0.018277592242255242,1.0120197848636538,-3.8395848037872993,-0.5176659398924466,0.1615974553692287,-1.789678311358179,-0.024687102122547214
97.0,24.083160075339524,26.202615939736294,17.610418488304507,-0.1292323992742478,0.10356959234053555,-0.00014925669544095174,1.5647769903442517,-4.476708010730472,-0.6573319730617087,0.2831199821319587,-1.6590565124714374,-0.029715486997487627
97.4273799028168,24.061924958693393,26.21273266124317,17.534577378489622,-0.12380276469712917,0.10181376524322627,-0.007440354768741568,1.5106947449189185,-5.166531399860617,-0.6541947752476316,0.25394162489574806,-1.6093696121063013,-0.027822838246086
97.62754381307663,24.02014234266039,26.28886449922273,17.60814395623805,-0.12865111448313238,0.10494204805107213,-0.0014201719666140766,1.7597221442849387,-5.52200828579377,-0.671888665124641,0.3359589304523999,-1.5961073904388832,-0.029307487180651584
98.0,23.858795808109885,26.34981727560544,17.77436484799474,-0.13772233511464657,0.10583903044885398,0.011948800113867748,1.4956402291956519,-6.416985500234774,-0.6403842762454149,0.30075385394523985,-1.618024218725762,-0.028723908397350503
98.62834802912381,23.750212430254468,26.417917758712022,17.695725255623312,-0.13796055798065046,0.10742582908944462,0.002668779193461226,1.6603620824003702,-7.490478280251416,-0.6351418409954979,0.3379080547836174,-1.5691049133708697,-0.025693347405851493
99.0,23.69616444573867,26.455032685423944,18.066725851241255,-0.14013077298254775,0.10598135457663255,0.02007844023131691,1.728521426556193,-8.15112135627598,-0.2812599544986879,0.3553463988702403,-1.536429685244756,-0.003415439677232932
100.0,24.141020432878342,26.811456350181636,18.747672625468894,-0.11644411804025949,0.10919240081368259,0.04864197648004395,2.109089825518423,-10.602850779209593,-0.04469345594036567,0.4292057573965335,-1.5731788071333141,0.010590014727565876
101.0,23.513830395742776,26.73195990579294,18.60745472482867,-0.14098116082872353,0.10582943491907516,0.0453868532572079,2.057807475646348,-11.721205344695045,-0.012079559594975253,0.40733559936924313,-1.3680800203880437,0.01279160750339043
101.03011538681329,22.947184006944553,26.639176100314025,18.524595804776258,-0.17694742544800646,0.1067204308978443,0.048846192618544435,2.665478879567301,-11.917761871815081,-0.02171045224002354,0.6222618458043656,-1.4324201584255096,0.012424446943058085
101.83063278929251,22.45366436089902,26.574844137627625,18.051660957850117,-0.19162198396305494,0.10804900988412507,0.006111363171026368,3.2964105729929205,-13.412922933116349,0.09312718065060223,0.7363899421749958,-1.4511431529524268,0.02547396509443791
102.0,22.10552424975154,26.545746227210703,18.203789662118883,-0.21115666067772249,0.10634964130715233,0.02460812982571689,2.615182914230985,-14.35876559498344,0.09199983342022189,0.6139819903442569,-1.5798516694356264,0.020777942532729646
102.43099156862557,22.47118911650387,26.869766586365962,18.407917161096385,-0.18779191177784962,0.11629150097778541,0.02976760588148343,2.5263285501117267,-14.972302222985773,0.09393385458835954,0.5305679388117146,-1.490254085159126,0.01976771255957525
103.0,22.302702529751688,26.87145260232027,18.63912305931368,-0.19113630840825568,0.1139895045386549,0.036242411299323096,3.0061504709955336,-15.387697572439814,0.48536899836756886,0.5988881983679235,-1.3281491234905967,0.04538252644541381
103.23142687663353,22.126426528247894,26.821984642796163,18.45389202216646,-0.19648028069328485,0.11349219571708122,0.02077511429914595,3.1757598453884213,-15.794098983112663,0.5302387864552995,0.62647461327869,-1.3334700787850284,0.04983033477032467
103.43152752191027,22.11680194744226,26.875350335572094,18.548948712452336,-0.19609047692753356,0.11375006085274905,0.028672413783877748,3.332091211098365,-16.013350499670548,0.5220622133248722,0.6503153170507429,-1.2866799037017744,0.048204980401298475
104.0,21.80702957113613,26.840746732586098,18.129969321278057,-0.20456458749349266,0.11270981383567122,0.009469433710984732,3.6236790895312505,-16.466765092617496,0.2040721550020903,0.6770717616158894,-1.15545257400468,0.028933210987971636
104.23189532319468,21.514220212193127,26.740088611365728,17.988401425041406,-0.2179716921275826,0.10985690444520124,0.0013505104746071236,3.996173391389294,-16.815206878029976,0.2273339823347304,0.769538661464759,-1.1548699463981218,0.03166414952287184
105.0,21.413425193310484,26.861862500809465,17.832567725065143,-0.2138463061842321,0.11149381267054521,-0.006327027281622024,4.673955281053189,-17.67961669946348,0.0576658842025157,0.8405885531685944,-1.0337472086648394,0.020969693858640066
106.0,21.258915318694157,27.015486268986738,17.60503115220479,-0.20984992042189307,0.11340513095232789,-0.015691848640966146,5.567515467063996,-18.76939359880055,-0.21655037490869744,0.9193224195574904,-0.8924518443896615,0.002792238402345333
106.43259406912806,20.937149971512028,26.888909043782654,17.619147202154128,-0.22319466879464017,0.10555818073225938,-0.006791355227996992,6.248809617522111,-19.09786805148242,-0.23895504883906682,1.0422617639550682,-0.812119455962153,0.0009168382379642361
106.83266823271742,20.87749354563929,26.94294969554974,17.707288059586336,-0.22207155555405095,0.1045635451239525,0.0017588804506878507,6.672695772651632,-19.336970399243153,-0.25939378253883993,1.0736025601553272,-0.7197034998241602,-0.0007611279185719478
107.0,20.389534002060948,26.676051778272246,17.744092021781274,-0.24555844823062747,0.09469791779338896,0.011866880276666198,6.244640741584707,-19.764991783305327,-0.1695900519131816,0.9820417510037149,-0.7647058352033435,0.0018152895725581618
107.23272536246922,20.355132024786535,26.67363910520224,17.943111330533046,-0.24499630864557834,0.09021264606232199,0.03185183047300107,6.507788021073047,-19.802993157906613,-0.21545295394598216,1.0079171101577855,-0.6790648274036343,-0.0036671354465413484
107.43274746832967,20.057395115172184,26.437104046351894,17.981821125982837,-0.2585468072676396,0.07815711795705979,0.04371848977018662,6.99100144207547,-19.84661259412803,-0.24769061116818808,1.115723613220489,-0.6232897171933218,-0.0070680182579006875
108.0,19.47215762070316,26.18117122743477,17.512240560468275,-0.28031798502952876,0.07066819803955172,0.022952352837364826,7.292438781155827,-19.760867773878854,-0.5528552278645003,1.1007283467037838,-0.45384682459092773,-0.024824888917359903
108.23279229792655,19.405980974260483,26.136673749914515,17.602155563514803,-0.27972399823592387,0.06608288315338473,0.033213094021865536,7.550662897916436,-19.777041093325998,-0.5831031776764243,1.116346859179893,-0.38323528347253144,-0.027852812285945286
109.0,18.60587087468028,25.751220179821576,17.425353040509393,-0.3109074410584597,0.05334528234522236,0.023899157789845395,7.9910341679222565,-19.183145428030492,-0.4452317650835792,1.0862833685034523,-0.08709401308274237,-0.01669849730619448
109.63270078908103,18.624260171694857,26.043505116758638,17.497533550235136,-0.29913167436322474,0.06423485991197288,0.021884425220361346,8.416793729458082,-19.239932227739207,-0.4487441922079301,1.0245713802249643,0.03318096332436846,-0.016948216715785377
110.0,18.668475059880926,26.20522658113497,17.662857531757254,-0.29224126894597896,0.0686781592920309,0.025357942525528875,9.028294957727143,-18.99355493216924,-0.28884478860534185,1.0757077674004472,0.1540242358327838,-0.005310439041408932
110.83244980936415,18.392982301797876,26.33377756913889,17.60480715599394,-0.2959313745635813,0.07372583190926818,0.015337600165885139,10.022028800887032,-18.91255333656698,-0.2670052452856686,1.126709896680324,0.2836879840833909,-0.0015842719534235558
111.0,18.25993528212725,26.24613801748473,17.95976085612551,-0.30096498296559876,0.06874281082035494,0.03241185755810631,10.118459387030022,-18.879318396427365,0.15016820350270765,1.1143576013849996,0.3106933447000198,0.023545343398515713
111.43226547099681,18.2342289437896,26.37291565120701,18.02278733736887,-0.294608616113019,0.07211790315784243,0.03458354483698398,10.4709735870439,-18.71580294702886,0.15608990870544354,1.0791965387905065,0.3967476439766048,0.023539692718457933
112.0,18.296776870882905,26.602387673462168,18.217312683663174,-0.28195976751813817,0.07733707220373899,0.04305198425131831,11.307633912876584,-18.79872960055525,0.20388577075253517,1.125375131247943,0.4376816139398376,0.024541101932556326
112.43187360761222,18.187662616580248,26.474951405926582,18.363602330547664,-0.2785176189945084,0.06738475078654971,0.06031008369975231,11.742589545749388,-18.42620541371069,0.17168772041633115,1.1129575133485774,0.5630260558422518,0.01990950642484865
112.83168815566916,17.996802695319282,26.375522038310788,18.378548538060677,-0.28290862107512565,0.06176716040865212,0.06278743461038898,12.30994035861129,-18.14238550415203,0.1726647461216216,1.155068878336134,0.643035656137561,0.01915052372341409
113.0,17.855541727299197,26.276246376097173,18.15454726703976,-0.28664341713463276,0.05860160509240992,0.055112047025745514,12.365734415576117,-18.264542970159656,-0.09168079977061863,1.1349172393158578,0.6219002337548838,0.0014796464292419452
113.43138044823769,17.709887057862385,26.433901549693882,18.101493564936135,-0.2906232640003915,0.06627884154239473,0.04365626472238924,12.930333790914474,-18.10214280917268,-0.06226239543498497,1.162474867860156,0.6533821661058746,0.004471761994563967
114.0,17.249815557271592,26.224497157996826,17.790823247264495,-0.30722849470417235,0.05988763412504311,0.027614269826505312,13.270531542704903,-17.341759072680443,-0.22779872838605647,1.1083180753569761,0.8036300738150792,-0.004431322984896314
114.03103872596142,17.2997434188249,26.39216836528145,17.78576318022181,-0.3050041535031163,0.06760656191184268,0.022576851944808764,13.254496613451327,-17.37685577301637,-0.21507180228136527,1.0885909854153561,0.7897169566164665,-0.0029600951598493658
114.23091756905171,17.111437995272908,26.181927704819255,17.749199340669193,-0.31214020181818886,0.05812502853041678,0.024264271282430742,13.63119306399291,-17.166055199901024,-0.2210848697199608,1.1454866151120884,0.8331167826810331,-0.0031512097052609355
114.43079290853635,17.102661296072377,26.19753593186046,17.832832127096978,-0.30768502322856944,0.05669714216455886,0.03264154736510835,13.765713058816482,-16.92695597413658,-0.24197092909921886,1.1111863598816087,0.8859743488661793,-0.005603888160173501
115.0,16.919940645948405,26.243816965021463,17.750416698476336,-0.30824666504466064,0.0577403383247865,0.027582752010823396,14.38841719974783,-16.362108261351903,-0.34745313427318625,1.1040259429265458,0.9745840937417947,-0.012155620103231988
115.03039869686722,16.90239047396353,26.0555479184402,17.79241377690464,-0.30586309374889364,0.04799554265016363,0.03749959292459816,14.392290779524489,-16.224688764509796,-0.3722083830221426,1.09344500195938,1.0146295584695264,-0.015040475138159357
115.43011987939592,16.851064260259374,26.49347186010635,17.81760417452417,-0.3061862447860152,0.0675584379483808,0.026295756868661813,14.795685208407933,-16.006151182326683,-0.3477982644054062,1.071622882101211,1.0103492532645668,-0.011479399133047491
116.0,16.175175658159265,25.58239012199107,17.766538875060714,-0.32712016252577936,0.0327458353650926,0.03927607466932889,14.742460034731693,-16.551021522060804,-0.3508731243850781,0.9539738474954328,0.8412102799117375,-0.017468700273218774
117.0,16.409320089207686,26.452347735923123,18.101881739771063,-0.29908651813117115,0.060549302775411276,0.045335255190472344,16.51575721356968,-15.330354962023382,-0.32624161526532924,1.062623701238537,1.0063793880709755,-0.015169276634036881
117.22872918960036,16.191989380487826,26.402909367085474,17.951722920991763,-0.3120378272284983,0.06110257410982517,0.028406742438688033,17.0428418897625,-15.22155526721046,-0.29014439573259587,1.1614415165499807,0.9814824761823728,-0.010888621158461082
117.8282255482179,16.05140353105555,26.642864648097316,18.006069773803503,-0.3102963579924629,0.06987484779653333,0.02666430495914012,17.649570340125255,-14.70599210253865,-0.29108172229677287,1.118862276085553,0.9968379463266723,-0.011061941235678073
118.0,15.865392819334067,26.616659839713364,17.67145590795131,-0.3193726244165992,0.07069260099737579,0.008162088900151597,17.659031744967933,-14.173424867019083,-0.538834147406736,1.0817552808080169,1.0740359547556413,-0.024443743358379906
118.42770754494079,15.696655864711191,26.39548444094383,17.673973431427996,-0.3193411405982939,0.058862961911052634,0.015442474856715741,18.1601902433105,-13.57172332938088,-0.568910314999181,1.0833912460488822,1.1414560860154255,-0.027173207967041927
119.0,15.817539150531461,26.853800518610342,17.936982337949402,-0.30174305561018927,0.0721181214013406,0.027428596508220562,19.227725962959447,-13.192336578125788,-0.5745776079340964,1.1409562716075847,1.1230747226354472,-0.027957097748499565
119.2270011755714,15.526540770241416,26.043610426700965,17.686328014256755,-0.3124246743396695,0.03970616703924687,0.02205120827183802,19.8245239266139,-12.76924852906909,-0.575715152947706,1.2649476710110865,1.1810554316521278,-0.028046865777367192
119.62664400556801,15.314953463455135,25.234877925290302,17.517877655833995,-0.311354414174248,0.005875028591517187,0.026372512747913315,20.44663084634587,-12.004248314011726,-0.6051270481523916,1.308814573290094,1.2815852003151351,-0.030705556547250167
120.0,15.154349295931581,24.80038780374487,17.24778428913,-0.3087587478922921,-0.010556916941555763,0.026042028668285006,20.92531063714873,-12.626832304245903,-1.0456212623472083,1.3163615972185987,1.0819062635725336,-0.06206788470614158
120.42592820754933,15.019786890774956,24.613672202196565,17.232888116534795,-0.3072847618872704,-0.018320309133336484,0.02858237403273249,21.483808252955868,-12.089198255127837,-1.080097358430153,1.3121296069172028,1.1109782850157204,-0.06390603787668633
121.0,14.697739989195751,24.72700360520806,17.30244441422897,-0.32056551417784657,-0.011759173776528103,0.019221199425617723,21.905809982094528,-10.259828269960252,-0.7669141348162141,1.2318552667151934,1.3424844523212833,-0.03909927749625046
121.42504507536376,14.626660473487075,24.587148795544238,17.381047113329668,-0.3134970307558836,-0.019456843155957925,0.0317822208595732,22.288789881785167,-9.540207600875313,-0.8150984765869991,1.169308680094632,1.3959256928773989,-0.04364054770719267
121.62487181558092,14.532970117797065,24.20786956281292,17.25984744370704,-0.3136146152358716,-0.033920678550801706,0.02837260585555182,22.615698651337297,-9.157953042474725,-0.8189619684207909,1.1988142059539666,1.4293237988391552,-0.043595053887198525
122.0,14.650436146184935,24.736539179061328,17.37741354229095,-0.30002654986741933,-0.016482771159497932,0.03423564927704772,23.535150322454214,-8.843914803073227,-1.0639891195322004,1.2661564778586454,1.3984773635603411,-0.06057817854554882
122.62403277793166,14.591210981783288,23.6400354638612,17.228671215204177,-0.2818307469283092,-0.06259961658918461,0.04999140308123451,24.131129604531733,-7.427499314313269,-1.1513959980159865,1.1929401427854256,1.5609809663611878,-0.06815519131623965
123.0,14.513635921153037,23.761014810970018,17.527422655453904,-0.28121376945254295,-0.05800353565299537,0.05970261720540967,24.593463699082374,-6.574698937487254,-0.8632221678658797,1.1716029368196592,1.615425389491271,-0.04884452214903029
123.62325698568874,14.363156581386889,23.08596175438974,17.324978745524252,-0.27691402390498215,-0.08242639688008414,0.052130584748862785,25.40570267217119,-5.370357273183815,-0.8811395862251705,1.1804375562606246,1.674895391410492,-0.047706244734737495
123.82311155867052,14.346033025285005,22.82960170000502,17.268059288259206,-0.27244651316534974,-0.09163087375568264,0.05252893947918861,25.59014713563038,-4.942747345490998,-0.8940641728351932,1.1567283643512103,1.701664572542427,-0.04809036039294757
124.0,14.576460098633692,23.10870975519163,17.747939964103626,-0.25249459221706144,-0.08529704021747216,0.08083511532389506,26.3973825070573,-5.073668152078448,-0.7586464657304426,1.2524275941741116,1.6292160666926978,-0.04226940436078641
124.2228319702951,14.538514249109914,23.281665394679745,17.886024464753415,-0.250804058342999,-0.07855327138561614,0.08916912713197173,26.574733331356448,-4.732593168340075,-0.7859394854865791,1.199258378222468,1.6185628259742117,-0.04443669099192511
124.62256864436173,14.454705255882878,23.106864481660516,17.86491573982353,-0.24936472158356443,-0.0844691680266353,0.08721742147272965,27.06957446228097,-4.022869574589034,-0.8002176895385568,1.186321701540297,1.6295475448130576,-0.04449586139797273
124.82244353300705,14.374971047106555,23.093487008041272,17.842732825254984,-0.25311868523396175,-0.0845657470216129,0.08109058248478546,27.44286414936408,-3.706871986836282,-0.7932755156566735,1.2229721761152939,1.6220828549164026,-0.04286381683637452
125.0,14.47363741925705,24.83662323286935,18.59518397677393,-0.25061312620262066,-0.02510449405405435,0.10046981144790079,28.271970607079762,-2.4167106617275604,-0.6274330445202451,1.2986697219221566,1.8120346183077325,-0.031406453638269
125.42209647842301,14.303514582000295,25.182279356582796,18.801662838077608,-0.25530618464168786,-0.010201202372400993,0.10766097620793798,28.77460656718153,-1.8142135670039017,-0.6550804450504575,1.2495607846869499,1.7503916670435034,-0.03363975939885889
125.6219907652357,14.238002730803805,25.03304897508475,18.689163341770605,-0.2596450875315158,-0.017941250521652824,0.09380920856313026,29.27691195113034,-1.3623475200371584,-0.6281836521413314,1.3367198389458477,1.7784191265052902,-0.03002187027298367
125.82189029508638,14.259474966969464,24.729693581424463,18.564241887436054,-0.25444522476129405,-0.03110376154048966,0.08763787762177197,29.56096330062319,-0.8153815302414846,-0.62098952930979,1.3442043178322969,1.8319309906047772,-0.028678980993345784
126.0,14.108898948711028,25.242254219833306,18.778746823256096,-0.2647864402917703,-0.011779079384241775,0.08684337867340176,29.671345358377355,0.1286740813180654,-0.4357948877901767,1.3028315077292059,1.9377347015061437,-0.015042702227535861
126.42162174279902,13.969143019106413,25.338095661774584,18.867482563662545,-0.2667309865083764,-0.007515570528780023,0.08929352623915805,30.213176951528162,0.8928963166281079,-0.44725326885235445,1.2743446995957557,1.9092074912233368,-0.015894150999131475
126.62154360400996,13.956498865897892,25.090931971804668,18.679096521798563,-0.2670833708947649,-0.017347973877364878,0.07044302018254908,30.682255622728114,1.3557771994803425,-0.4053959866981325,1.3541081752781297,1.931003916408216,-0.010676066784074638
127.0,13.92303619307745,26.41665699349688,19.348892158804546,-0.2635243968563715,0.026062188284733494,0.09422438751874565,31.908136515911476,2.6499873377939447,-0.386303011444247,1.4487616948397062,2.029310959017671,-0.010754709083798808
127.22134485871746,13.987603699166263,25.99078944214995,19.086573358026154,-0.25676008884064155,0.009448419706062548,0.07547754708293641,32.310506050980266,3.237809820891246,-0.3482087916867523,1.4910905062974569,2.072128297354143,-0.0058428790075505
128.0,13.906389987304864,25.15607368764411,18.947514360297614,-0.24763029097074626,-0.019726849960398724,0.07466258772759551,33.29562447165676,4.192993578379026,-0.26155325593406575,1.4433200033729525,1.9199340746853095,-0.0007208164659389844
128.42111475313774,13.9700052395237,24.671248925391616,18.669164347426232,-0.23823128541331368,-0.039322724483679405,0.05538728703818195,33.96456395326239,5.224095819775442,-0.219642571987071,1.4701170972727506,1.972348871348895,0.004706467702607592
129.0,13.787118857175743,25.304639594824824,19.138562473948866,-0.24016702826563097,-0.017902465422756454,0.07199855623205358,35.16254014399974,6.735353277995942,-0.08794209875527742,1.5028945192292864,2.007585567382604,0.011947914693200994
129.22108852380856,13.69851642128508,25.31101386084703,19.093162172422392,-0.24437397361656543,-0.014846609621524657,0.06291358310664824,35.609247152346306,7.071773562886439,-0.06339697021999396,1.538200430979279,1.9577621228483344,0.015118219757224261
130.0,13.47649519524848,25.190930490435,19.30823751983192,-0.24827147747506065,-0.01687213677523662,0.06663903505944577,36.396197318459336,8.778508944549548,0.3474415043547062,1.42930391390861,1.9241527030133276,0.04268776865895215
130.2211970306877,13.516138053812321,25.01210834063851,19.25987377032577,-0.2415476798540297,-0.026394367955591733,0.06622584600632662,36.64532778466989,9.368590982973796,0.35577503788627785,1.400878622928188,1.9617492377452155,0.04251030200806302
130.8213343142451,13.216214209258252,25.200724691471198,19.327901348508824,-0.2539114012925907,-0.013168108014022087,0.060011828072873356,37.720525793554245,10.170206936439785,0.4003970708264758,1.4406449178617273,1.7936004472618623,0.04673031255241596
131.0,13.203851577833335,24.86383836315168,18.956453122133098,-0.2540509501702961,-0.023387952358076298,0.042387031672105766,37.66249543632516,10.336966874347413,0.24313603338017734,1.378986219771282,1.7431791845167817,0.03811898192344843
131.02139151354055,13.195121868788686,24.925114746174746,19.056122210508107,-0.252596443548971,-0.022553544200478264,0.05213249184944338,37.61356537878626,10.405181916146486,0.22189846306717353,1.3446997093162218,1.7493693859312291,0.03531424970446106
131.22145423144391,13.158469590226431,24.89177684524884,19.06077960846339,-0.25159991128265363,-0.02481422969741283,0.05218032935789321,37.87070646479713,10.801635736535022,0.22851088348770648,1.3296638981153173,1.7422094469937504,0.03527457391086217
131.82167415035104,13.000664477492668,24.902420697079847,19.11078758353942,-0.2518117916052372,-0.02218542818897719,0.054572295732082526,38.64454574347545,11.74492688191072,0.2440951002878642,1.2836728856297113,1.638399635200347,0.035877098024369974
132.0,12.740090919594762,25.478884474046087,19.352780144013167,-0.2635753197612172,-0.00031531157373800023,0.059759896467819325,39.02265908042541,12.486186216828303,0.2225963701016185,1.29122026866278,1.688838631585656,0.033989523567214935
132.2218457829606,12.714736332762968,25.48529659419124,19.4308053838228,-0.2595694180025783,-0.0012556298660374612,0.06874699636000707,39.19641346616998,12.90923622140231,0.2086356271108352,1.2332208777761797,1.6742805932370062,0.031777154600731335
133.0,12.316425044801594,25.94916673177704,19.770134822775752,-0.27019112095330255,0.017173781613277695,0.07623790098357225,40.159199106271295,14.62113601662113,0.35853252925844836,1.1652374952238445,1.638120809088124,0.04103017683033617
134.0,12.16375749030156,25.77986560898247,20.000962539005894,-0.26384105517098677,0.009724321316707352,0.0851217459257223,41.22612583016062,16.01113088991677,0.679435405645332,1.0607191117223633,1.453018055791012,0.06001886208810604
134.02282882319813,12.094110151832252,25.721989832208504,19.89225548693553,-0.27082817632384815,0.004234801185432832,0.06874712573634106,41.419691161031324,16.12818089463528,0.7182975479625425,1.1265212051983868,1.4835779010094379,0.06458883056346809
135.0,12.038000744227446,25.375985990126644,19.92065758596689,-0.25738617584197954,-0.013692661788683853,0.07537775454574472,42.919634307116326,16.91738831298928,0.7168332318892499,1.1283342050044831,1.2194786431030822,0.062039486321432656
135.02349246483337,11.976575156129893,25.27827758318893,19.67055038938624,-0.2665423981193954,-0.017832836531264818,0.045395033361160284,43.224495557437166,16.956820571893363,0.7869335884772943,1.2375216842521224,1.2257006601542189,0.0704292205224974
135.2236327498557,11.983705569406817,25.117674289380783,19.536103704389976,-0.264701020282288,-0.028333275649011058,0.031014474967343934,43.534845957746796,17.40993229839062,0.832545735258223,1.256517318766061,1.2671029496111712,0.07461681793397362
136.0,12.013710506625868,24.645607145084053,19.11086249806644,-0.25706848978539276,-0.04592222817136054,0.009860582322812873,43.92969988180357,17.997219446532288,0.8202568902612826,1.1064872258420022,1.0668945057128105,0.07579815168739332
136.2243632591005,11.996081233004439,24.559359586077363,19.01155212615221,-0.2562152423412884,-0.04982181186993787,9.200387669906253e-05,44.22920396737906,18.301701308085622,0.8591171501612839,1.1131469398595766,1.0502889937738593,0.07898780334163936
136.82481953789082,11.900090774200104,24.412312078904414,18.938359536509697,-0.2530047569636702,-0.05957115556321339,-0.007465807158307472,44.87112593398731,19.20926339482255,0.9228694248392241,1.0698446574381217,1.0354064743909033,0.08229164350638563
137.0,12.302362160700682,23.61098817587981,18.449986575810048,-0.2306931532831672,-0.10101938223438764,-0.020138286995649592,45.17937880090708,18.495649694841664,0.663533373085551,1.0955368839828192,0.871947684558307,0.06569469112847884
137.02497379970438,12.331464752083324,23.57842577506737,18.27083587995611,-0.2323261653567542,-0.0985322795058139,-0.037467218335874686,45.34085772154137,18.42520760167821,0.7052940136898886,1.1484851372646623,0.8377240489244343,0.0709123591098625
137.8255983670599,12.118202084863489,23.525068400958897,18.300713550281124,-0.23284570373809085,-0.09794532802125407,-0.03173459949506804,46.193894094827876,19.01940237381075,0.7487741175296362,1.076586528434093,0.6598981100623025,0.07168350601124542
138.0,12.06293057829398,23.437428946443113,18.40920915528753,-0.22870441993156265,-0.10687208512329618,-0.018656887785668548,47.14102141958989,18.914479218182887,0.5749814754165598,1.2102162120447266,0.5954249751365298,0.05785180492892177
139.0,11.788900275510526,23.363172338730397,18.675333446718266,-0.2276717864976008,-0.10778991377657036,-0.0020911710038757844,48.8076703628114,19.3538918948035,0.7457276137799143,1.2418381534075067,0.3563977297807488,0.06549061469965088
139.42686122615896,11.598028304458014,23.23759625645805,18.7657277293311,-0.23091343535030306,-0.11959835087582932,0.0028719083117193078,49.28934136305267,19.799427382443216,0.7577554442527865,1.1998303339443028,0.3606999776521863,0.06373227221342015
139.8271755356057,11.466174921772998,23.205344038320344,18.87792832097406,-0.2307280826559713,-0.12080141345202154,0.013517350821326388,49.6554160541829,19.986140100836625,0.756142862723936,1.1365284235519315,0.2840590643943055,0.06178806854465563
140.0,11.706910839162617,22.80933726670363,18.80715020721736,-0.2191283028469237,-0.14256406877100072,0.011127619735425018,49.53906249561056,19.61915703457046,0.9493702524527874,1.0705731696739693,0.179996966855833,0.07511726034113564
140.02733206463822,11.70291571517844,22.9098972789441,18.89027956194655,-0.21743932656221143,-0.1337596081428929,0.020878037257957366,49.50436944678428,19.455480815060287,0.9323510061525677,1.042277462336404,0.10830373313698424,0.0735651593377208
141.0,11.42359325765189,22.982824940370932,18.68334348400029,-0.22342199330002335,-0.11829511874638858,0.005284487340491351,49.99186284124938,19.761920686180044,0.872791284939718,0.8641037344343088,-0.09062082136118382,0.0707329629466661
142.0,11.201242103875082,22.850385871046644,18.619157042313816,-0.22358076830268234,-0.11913871108987664,0.002153660338179898,50.79972651072125,19.52142524073737,0.8727358687678595,0.7604821723661797,-0.35066456952040675,0.06995897956673504
142.22900990715868,11.066415257251444,22.777104370108816,18.798380552817676,-0.22431906171945926,-0.12623182812368786,0.01784196631467721,50.852616349452816,19.602367593779206,0.8489698246221125,0.6902116792080594,-0.3546910911969908,0.06539099255588975
143.0,10.914235680289687,22.671268394448056,18.604032976719907,-0.22486248726299493,-0.12608909043894942,0.006766814410298774,51.10036758802057,19.264992895030908,0.747648459893718,0.5499746751040928,-0.5491551452248712,0.059317326580436286
143.22973771856246,10.844935590122091,22.638293300266422,18.523128086332328,-0.22770808919744054,-0.12613009386287558,-0.0022501728929725656,51.30804818650642,19.11224925661498,0.7832401715956936,0.5499279840950763,-0.6143464810899802,0.06312535265032834
144.0,10.580778168718469,22.478380345245984,18.614709408134434,-0.2289453070665161,-0.13197671089092688,0.006748268866203472,52.3963866130707,18.396406661991588,0.7208205842198225,0.5888644517001703,-0.8414863983817061,0.05718685930510315
144.23044053919511,10.331734657129218,22.335377746579766,18.881495065533045,-0.23422946328284378,-0.14558288525153293,0.02746976061063631,52.41153550363287,18.465921920671033,0.6797794757599812,0.5148896797077266,-0.8121518251485267,0.0498556221825265
144.43057807269057,10.232894513624185,22.28991462534184,18.76318159584332,-0.23980978103707476,-0.1469917251973064,0.01334699378536668,52.65936273323627,18.290713680154813,0.7245026880308181,0.5384422529134546,-0.8633682484080638,0.05457952004597454
145.0,10.083157828641786,22.319472092043814,18.765029839126015,-0.23972136267996422,-0.13763052836232237,0.014825528026960858,53.14518514633529,17.895318183687078,0.685509771430981,0.505037722352116,-0.983608034045943,0.05096232843684809
145.03098470667038,9.90782700872541,22.187349145016,18.791443502169788,-0.24863731026310634,-0.1506834833589695,0.01253317470192922,53.22748411608827,18.07265276550913,0.6876095098794319,0.5214802130754986,-0.9158986779138452,0.0498593046933006
146.0,9.620479596822033,22.12891902694493,19.020750159504267,-0.2473476872242651,-0.14342188314505502,0.029348583287149673,54.53483490904958,17.115692249806163,0.7291805553237749,0.5691268555914281,-1.1368956660496095,0.04912630374511208
146.4319003645279,9.197576925697396,21.84039706235616,18.92936114475121,-0.26757156800868737,-0.16575561207496675,0.010030715105202235,55.06484901147726,17.021739589227153,0.7863649444611188,0.6141478154261375,-1.0866419297608687,0.05184287713789497
146.83215409611483,9.04240426472625,21.852771432375025,19.151532505007534,-0.26475596924290695,-0.16038754022852433,0.030977205680590685,55.08113233271443,16.44630527331641,0.7588599811512918,0.500846245513469,-1.2112528842501415,0.047571567718015115
147.0,9.106173079221648,22.047983747400803,19.401505066580494,-0.25795591541903135,-0.14095397359000264,0.04837916796784628,55.714192423467516,16.495791158761563,0.9204045214572252,0.5871784439595628,-1.206437313182268,0.05479077031635524
147.43252878898357,8.94156253190741,21.943131688400012,19.397780481547056,-0.2615606130842778,-0.14516596149082026,0.044477415629128984,56.016324651137246,16.037296927472486,0.9513158157927984,0.5614141484501691,-1.2630516845888797,0.05602530221442071
148.0,8.963831439335957,22.060281706538326,19.54487469525527,-0.25390096487131186,-0.12734849814744742,0.05374338448353706,56.55110485322282,15.57602899628671,1.1194541346691416,0.5484063210863727,-1.3218887213721917,0.06384624327601353
148.0328970006604,8.812298826201413,21.964842006411224,19.63701223877446,-0.25989941070474387,-0.1367703446915827,0.0593646669046267,56.57452426096495,15.698962005844985,1.1039818639951369,0.5442661073456835,-1.265955554266841,0.060796896610309833
148.8333790965393,8.651495873579671,21.889811407173337,19.707045809754398,-0.2566059539129184,-0.13337341782884346,0.06288739736754127,56.91413063508698,14.547535804530645,1.1468107180767455,0.44529950945545416,-1.42774192060143,0.0614902716077373
149.0,8.51435719807759,21.849002846295292,19.317271601632182,-0.26109175514095456,-0.13445823624978545,0.046302804425484734,57.29848072863634,14.228018597084173,0.6145563352840236,0.48923216435414235,-1.468477939457478,0.027560500828572865
150.0,8.425809805204414,21.879438992699928,19.31315508335984,-0.2531987563700489,-0.1187948267418504,0.05295814578121376,58.77104236743405,12.852739485644019,0.432714202919072,0.5949043211693938,-1.5956741962580634,0.011951576387321264
150.03408669800578,8.284948286415876,21.823579085434165,19.411190164654812,-0.25802251300354084,-0.12449046534798627,0.059522900752044486,58.780616424438385,12.89720073300086,0.41564109882387795,0.5860917360854508,-1.5638749238103595,0.009349974462468331
150.23420314181092,8.171767746448289,21.765287410452196,19.382790413382235,-0.26215806097104494,-0.12781269098443807,0.05380168699184912,58.96305974342045,12.633496919010902,0.4297681267140401,0.5919596800225968,-1.5721946399745903,0.010549342679368271
150.63443496062078,8.256613046123942,21.78660660969918,19.24804911222971,-0.255462285253064,-0.11974980470385369,0.04209983816135035,59.227295420500376,11.794195814224215,0.4683328979600171,0.5746063306788305,-1.69380140538734,0.015522722065473804
150.8345503774107,8.270790221647802,21.802114287165367,19.368939116684583,-0.24934236007857666,-0.11590085318709249,0.05560991198338263,59.166537451245816,11.377815654124783,0.4390862730707411,0.5052718540167539,-1.7466845534772257,0.012451682482613913
151.0,8.740713293479065,22.050726698186384,19.423187795335526,-0.229558819391448,-0.090669388832714,0.06347509521316667,59.388906303317476,11.527070280052223,0.6391426916256918,0.5188907712396158,-1.6963693031841345,0.023535742325042845
151.03466549184577,8.630748139682227,22.022112751741307,19.51254192889645,-0.23285460445455058,-0.09383115059048222,0.06997745311582104,59.38644844733707,11.526032242249856,0.6238021007063954,0.5069593213309677,-1.6787470062853806,0.021353640807565584
152.0,8.51288652039551,21.991704549867823,19.460655179716436,-0.2287923681052263,-0.0879475689231152,0.06806046677266611,60.18087347592889,9.900538346707842,0.47644770792229674,0.4927401573968466,-1.784182854331565,0.009886223445586319
152.0352371152721,8.21986631114049,21.920222032244464,19.67994400763716,-0.23849139615698758,-0.09656943815245843,0.0839911141557119,60.16176933107554,10.001995726020684,0.4367806254549611,0.4725775726241333,-1.7238309906322558,0.0042249928169693545
152.23535074818486,8.27325204800518,21.93920430905585,19.590691823415604,-0.2354507643838446,-0.09224156011690822,0.07498261870507623,60.28849865118398,9.557570289898912,0.46140053548265764,0.46960923857741566,-1.7786490912336883,0.006996425425308478
153.0,7.881132670479939,21.789512887900596,19.75876014437979,-0.2426093891234964,-0.10002940466725496,0.07854942853757613,60.660448431775116,7.982884938733344,0.5015738936455719,0.4146527697473273,-1.880887100029297,0.008316650127483923
153.0358032996258,8.148618204680105,21.84440341614943,19.662759657674798,-0.23102142196074846,-0.09243603106160739,0.07495223024023487,60.62363119207839,7.779201545130703,0.5121786038044923,0.39712639992713855,-1.9377925169197137,0.01015887451482665
154.0,8.852893687871596,22.040965669851797,19.309756451554215,-0.19971446675642748,-0.06351571497705932,0.06382716739874304,61.08247215710873,6.634394491127139,0.3683184482903063,0.34303567010788993,-1.876818885998963,-0.0019650370144637438
154.03636478478535,9.11842808579903,22.086070833561998,19.20300095880907,-0.18885412062724452,-0.057027274738439195,0.0589748615782789,61.05708701666397,6.44654629282174,0.38065520351660315,0.3301208602397761,-1.9262370692966766,-5.535893647815428e-05
155.0,8.641923090448698,21.941808563312108,19.83664456883379,-0.1968249858112077,-0.06665462719991,0.08276983098069689,61.358183297821554,4.277587580394516,0.9049819814373457,0.2557743381228937,-2.0340229884426018,0.03197827652421065
155.0369211678667,9.106172455877783,21.99926335757807,19.521424597950226,-0.18129182208785333,-0.05743723809435106,0.060502065972842654,61.40898690124057,4.01368992925588,0.9588413487165861,0.27280206433676557,-2.110331119185469,0.039093644954248837
155.2370317104619,9.106130942461565,21.989064706920605,19.494435112176188,-0.18042728190557325,-0.05699026123422018,0.05723182771820776,61.47859984950055,3.5771708096097328,0.9744732839313709,0.2635922870808392,-2.127092724911746,0.040049169631594404
155.63725192052638,9.18118323562469,21.977356389867307,19.489209685067383,-0.17416449621826066,-0.054770468056981096,0.05789511786158781,61.52400061859718,2.6669651974504482,0.9889103855173669,0.2180671136851802,-2.168056495411389,0.04007507438561366
156.0,9.89707450046407,22.097899194149022,18.86407330502697,-0.1503839335504654,-0.037527440462581434,0.030461745666849165,61.09740874926256,2.587086753987438,0.685158187304147,0.09294392469650449,-2.051588687432666,0.021765341898784072
156.43768817602037,9.847618771758226,22.082180969653184,18.8275477907079,-0.15061200214475223,-0.03727292011807679,0.02549714486806957,61.166232072283066,1.6738813092027682,0.7070300683676911,0.06745051175988347,-2.066479657142449,0.02346910681876855
156.6377962105527,9.428863207303996,22.05530133454415,19.046989782836963,-0.16426627533226643,-0.04256044312280848,0.039148115259496435,61.18905086519596,1.4252800874236382,0.6772966814041641,0.05076157954445698,-2.0088507704439253,0.018880784882996767
156.83790377003388,9.506390977874233,22.059951909774114,19.00410852776468,-0.15997309998582493,-0.04038739200727108,0.03622414617218295,61.17516854035354,0.9539691750795389,0.6891110315419767,0.02787503534933962,-2.033927088536227,0.01968044571658687
157.0,8.785266596765386,21.971033261245807,18.959801144009777,-0.18499084264613902,-0.05150421718373487,0.02690345275228068,60.93116619811501,0.27871221956608283,0.4541942068960722,-0.03387559928197337,-2.0901638712950095,0.0063981718117506765
158.0,9.799253790068684,22.015876804069677,18.856609470945617,-0.1444312410922463,-0.03511065389613434,0.02982822548509697,60.93542993715347,-1.0049247746893837,0.7230240598454916,-0.10399370662291423,-1.93892876282897,0.02129447131082074
159.0,9.076133787261375,21.942450175099623,19.021214205831217,-0.16385027354571893,-0.04211729183684346,0.029258702388279437,60.23770483733011,-3.196718695190791,0.7757577975381557,-0.30122188144238476,-1.9417235009092486,0.02565888837078513
159.23914288228266,8.69582379361661,21.892564166422684,19.324072432437738,-0.1743168578373658,-0.04898827388949999,0.05291117560674994,60.11937505291468,-3.4688518392079635,0.7254887169008755,-0.3414395398582605,-1.858015111340787,0.018893603025710186
160.0,7.82973981420852,21.84963561833847,19.271078115441394,-0.19964207430614217,-0.05533638379256307,0.04274429583012892,59.55233018314651,-5.32222179620237,0.417885247816404,-0.4740135143125368,-1.8838054146160177,-0.00033631887331534924
161.0,7.087260539002706,21.83057345188906,19.409475259037904,-0.2167510817338117,-0.058655470374202115,0.045625650354851124,59.517234737735514,-7.862762347771715,0.2697549385853797,-0.4799366476897611,-1.9376392113952554,-0.01090167106240385
161.24006092564323,6.730866875559614,21.835570376349846,19.321395333369363,-0.23065598360369144,-0.059668741471652464,0.02969957306359054,59.58311622423357,-8.289324603671398,0.3073730583548408,-0.4452221815037112,-1.9023823458576865,-0.006715177185801787
162.0,6.0298879427815955,21.832228355476595,19.52650107707562,-0.24716632918145442,-0.06274159396268156,0.03637673688277088,59.55168590809381,-10.322533327878356,0.2728114285804834,-0.4435043560477373,-1.9475220970313114,-0.010197060169733247
162.44053550486942,5.708521218183632,21.830162221726088,19.287407591832412,-0.25909269450127703,-0.06207502358076258,0.008190098639513262,59.595296571002066,-11.1866950900713,0.33876355988610596,-0.4032603326707713,-1.908833113535,-0.0022497023464965148
162.6406077552928,5.6201743547138685,21.815505695368987,19.154364281685368,-0.2624956044248175,-0.062183081940778845,-0.005124205992599724,59.62530231561306,-11.57746094251323,0.3717528740780322,-0.38387607705313437,-1.8922276941103113,0.0017274147916493707
163.0,5.775937313472341,21.771832202991536,18.891503042930452,-0.2553340540660511,-0.060358944577042876,-0.01682337093004834,59.28100479089249,-11.944370684911506,0.20788086804489303,-0.4498123407579642,-1.796300332996692,-0.007602111096950568
164.0,5.705635903104852,21.668320457186002,18.654216959944986,-0.25065532920192135,-0.059796118225039545,-0.0287187086408548,58.144108697117225,-13.170534712986862,0.1143116957824888,-0.6544500736886798,-1.5693819673772658,-0.010353149850305707
164.24110328262995,5.49832912304525,21.63723987108084,18.914252924657198,-0.2535816602890603,-0.06332051875466325,-0.006770478578770594,57.91833407539203,-13.440011578763503,0.06104111728434144,-0.6950423997410723,-1.4984406715245262,-0.01646094776041474
164.44115391095877,5.03405433194299,21.579374838315363,19.089790177525412,-0.26926662303417925,-0.07125660117648375,0.0027786236152281124,57.912369915028414,-13.514312481597084,0.03733178076836981,-0.6700607670525973,-1.3932349820679442,-0.018884552762638326
164.8412468995694,4.76544170251118,21.491395861448936,19.1796504310424,-0.27603976859815915,-0.07748080238284621,0.008815560914197641,57.72820978822553,-13.8882768982792,0.014994560450182102,-0.674724893714399,-1.2722534885632395,-0.02089788380628037
165.0,4.06831382713225,21.579638219133507,19.13304444704178,-0.29805377680964784,-0.07953583441825891,0.00755008818607909,58.265905330895855,-14.967429843521103,-0.40959558745225755,-0.5534590729357132,-1.4104143754390044,-0.05021393543698349
166.0,3.3887675414169802,21.546980681069037,19.39025191645608,-0.31015944048897653,-0.08156454778802091,0.017787708768602167,57.82335009931191,-16.73035238477208,-0.34554648933314236,-0.5844867999430623,-1.3138488816390597,-0.04592177272061404
166.4414993096026,3.594260245307292,21.588576542735336,19.315108251444677,-0.2946405778273377,-0.07150525330606547,0.014865391656082295,57.33619194762594,-17.550598027240746,-0.3616276894426583,-0.6810231070081575,-1.3182405293102222,-0.046280322122270436
166.84153009385855,3.0721784388015747,21.562183115753896,19.33945099096354,-0.3124212142670689,-0.07668809402759218,0.010253675496211794,57.36675707140366,-17.836966761586304,-0.36498948954209764,-0.6148779571895743,-1.1734226325600807,-0.045295526261456526
167.0,3.788751430155786,21.470375812726793,19.525554658070646,-0.2839491726715204,-0.07317500209186953,0.02352454914862818,57.576487166503995,-17.536567224083214,0.04683516655036157,-0.56470013492668,-1.0620201062717942,-0.01965514554480317
167.8415455556891,3.885887657085994,21.533189623052312,19.472237816102673,-0.2667500176826931,-0.05929831896445323,0.02065605077634302,56.73182258568721,-18.752604903758506,0.034122221071716745,-0.7110533520234628,-1.0085860460391023,-0.019573823874423
168.0,3.4027895514240813,21.563357598655802,19.259488950278747,-0.2840454980281667,-0.06151107173151391,0.007388454996295448,56.26550243143465,-19.102071393940452,-0.2995252552228474,-0.7896597130482954,-1.0053515390196448,-0.039431948685576305
168.0415376923488,3.3369682404224283,21.572248591680108,19.23125536489524,-0.28654612759552445,-0.061311459211579405,0.003864978413408738,56.26857668999198,-19.137223558211204,-0.2925775307765053,-0.780613899948888,-0.9940861726582867,-0.038476070186404844
168.24152606388276,3.0922428353893543,21.58594439570382,19.182612555192623,-0.29502958054177686,-0.06190313779749183,-0.0037573404335201114,56.236793677139524,-19.280521802827433,-0.2804611895905791,-0.7537337652189067,-0.9340734807649106,-0.03608708474718435
168.44151062471167,3.018638736306906,21.60007375119745,19.03454727272667,-0.29683892657056815,-0.059492263338513714,-0.017829063139934008,56.154432500228204,-19.51836144604367,-0.2538973959931996,-0.7448454517673301,-0.909497571741869,-0.03205984262004713
169.0,3.432199980675643,21.50564393018057,18.759369358309318,-0.27643801442366606,-0.054622226588098004,-0.03013325289605648,55.3716873401777,-19.173277593585173,-0.2703311189937017,-0.8528864835070283,-0.638013880281344,-0.029794062455874754
169.04144101068087,3.495444524679007,21.514841671537873,18.704377639163276,-0.27327732477965516,-0.052308214118645564,-0.034135694746426685,55.3044858616164,-19.258707193789263,-0.2633818039385377,-0.8665404733934702,-0.6493461020178549,-0.029004650754024704
169.84129235781995,3.2049852022779968,21.456373991920945,18.746668731876145,-0.27652179004219507,-0.05532164776798745,-0.028324309905784818,54.64429337934679,-19.596013589244862,-0.2997795238905252,-0.8999688652058611,-0.42645261512339816,-0.03008040706176779
170.0,3.3945677982742573,21.43822985708818,19.009105677006115,-0.2660193855580206,-0.05434766327387307,-0.011548646739463316,55.20065323804581,-19.94101897037904,-0.08443994553970141,-0.7700140198483292,-0.4498643235066403,-0.01898466291287772
170.64107788201514,3.21916541465746,21.40307348827696,18.999564044940815,-0.26630173684452235,-0.05445064240653555,-0.011829834398678648,54.70494909840134,-20.17517486906656,-0.09565225920708571,-0.7949937092881749,-0.28983983672821584,-0.01824810807443652
170.84101376205967,3.2775826840121516,21.35259513670199,19.167659744602908,-0.25957396316781817,-0.05627569499065301,0.007192450560876177,54.3437143760752,-20.21119919820418,-0.1485793085857266,-0.8632239992433048,-0.23674302189846527,-0.023897223700527923
171.0,2.771840132533738,21.36407802271541,19.131001511101996,-0.2786104458547711,-0.061092833166025894,0.0028605010347034984,53.925081147530165,-20.5397214063623,-0.300227647302963,-0.9224051084722282,-0.24313869900039684,-0.033137936846298004
171.64071460090133,2.6086705665398746,21.29950707519348,19.167503293687286,-0.2781382234472879,-0.06289668560199065,0.006865603383286201,53.31278317577561,-20.609572125110745,-0.3314524843619873,-0.9580494719199129,-0.07120215456397552,-0.03402684218931703
172.0,2.90960987294553,21.27901458226475,19.003921276998206,-0.26179035929407035,-0.056854658167472163,0.0003674894615831653,53.06484169946146,-20.175752415275223,-0.3963216262556694,-0.9595777444504164,0.10008333697672166,-0.03628926972558206
172.640243451277,2.8839691813813086,21.29709417466106,18.992457422655423,-0.2530671413898073,-0.049969094132607125,0.0007564530403587705,52.24733565650997,-20.247554052183048,-0.42410350835159155,-1.048571437821992,0.2111661789307576,-0.037400159692483295
173.0,2.68157672502732,21.24602875920362,19.350852292097407,-0.2571861999177247,-0.054602010931052894,0.018689523084011516,52.192847734832654,-20.627927319126318,-0.1522880950573458,-1.0000755929092326,0.2155966892265037,-0.021882392614680644
174.0,2.6994168753942995,21.23483365755916,19.162293046533094,-0.24470102892688847,-0.04786768450520388,0.009956260202613955,51.363669145964295,-19.857195942779363,-0.32914529410145543,-1.001688574238521,0.5526362216580617,-0.029899073980123685
174.03940092048373,2.6916994278572353,21.281141054981628,19.130500413058275,-0.24370059774841707,-0.044322684103914274,0.0062574100889756165,51.306928079468605,-19.88777321675986,-0.3223570739505619,-1.0087012554043473,0.546124854289703,-0.02909731644319062
174.23926318153187,3.072454709824873,21.19635215720841,19.22605439981492,-0.22327089394516278,-0.04212434968973762,0.022825143043729207,50.79011888139216,-19.928116618531185,-0.37409313282950046,-1.1154795532486002,0.5443667716210472,-0.03513912239238606
175.0,2.880178621753793,21.106925744430008,19.62785862293983,-0.22420781954776264,-0.04644703111832931,0.04047180855618279,49.923682720754385,-19.569257702014063,0.018560664618593903,-1.1465078489232867,0.7172646737455108,-0.010397921112578184
175.2385101295638,2.6284304735656363,21.454690445019786,19.442375391435608,-0.22693406560917911,-0.02480933161646299,0.014188149374926542,49.650250071776576,-19.66755182623426,0.07731793519861203,-1.1572607448370478,0.6942224525908846,-0.003526593559355938
175.63817926372082,2.568593246014047,21.522935135722157,19.364033415381574,-0.2243371345936282,-0.018243777798512207,0.005477238711049473,49.140377076703814,-19.51066201778904,0.09538938462093631,-1.186185271639246,0.7493920063535214,-0.0015159622092811309
175.83800758169767,2.5015804762231064,21.551425785406963,19.333793750501982,-0.2249795251528798,-0.01625515453150271,0.001664241183343163,48.915080678261525,-19.3902476560408,0.10463406200005466,-1.1899668447010139,0.7874455960725529,-0.000314170399871253
176.0,2.6882722294930352,21.7078403901855,19.141340731086014,-0.21111909497408018,-0.002632569213322911,-0.010590964624797285,48.473143239215915,-18.532433026222225,0.04543996955819907,-1.2509001719046744,0.9604006147523008,-0.0004274834355422437
176.6372799534444,2.550464810762391,21.81808168071644,19.073536852949363,-0.20901069719367316,0.005366602758646501,-0.018088972993953227,47.61143257442762,-18.020948312263542,0.06192705456809711,-1.2934388045923917,1.0727742904973212,0.0018851590650423614
177.0,1.880079827002374,21.63971143402148,18.941568491121156,-0.24295092814334304,-0.013961417441083143,-0.02480432328819616,46.59623531248936,-18.229232379154254,-0.1832224889354453,-1.4039254806765957,1.0561906661177678,-0.014363521762187014
177.43648874543294,1.8150007725754516,21.61011404274083,18.93950317899464,-0.24136357094413632,-0.014735143687957907,-0.02301417695774836,45.95609437380707,-17.74801211727681,-0.1942379092244068,-1.4310236375518055,1.1547612027889065,-0.014498200769643595
178.0,1.5537227892092342,21.66332771204635,18.795574732977993,-0.2463245128987263,-0.012775840236671679,-0.031868668206264335,44.72454056908654,-16.774503406954107,-0.300206434093414,-1.5380649355743297,1.3415437061190298,-0.018016306199973447
178.03585536525117,1.2169311179931839,22.101663428812913,18.658389527757688,-0.253031093592527,0.010344507056076549,-0.05593156047995057,44.69722508491174,-16.957289042203477,-0.24486540994393788,-1.5336994895468574,1.2761634428632025,-0.011928763903553373
178.23563690230202,1.3022857660712004,22.06993609997987,18.651190999323244,-0.24678083352679742,0.011003451759848648,-0.0530414927386779,44.299292097456835,-16.755636552744704,-0.25669757283807465,-1.5737004227537357,1.2993069691977328,-0.01321020488699202
178.8349603188153,1.2858761134997534,21.992029922882192,18.640337679895588,-0.24181667147068486,0.008166165535623495,-0.047678853022188536,43.26173415733111,-15.941882826802148,-0.2801367062999451,-1.6304933733811333,1.4243075753890604,-0.015114413099467802
179.0,1.3259520725818366,21.809064074033095,18.708982883590647,-0.24250600941715247,-0.0013725532815248437,-0.03850576788118064,43.52450265541608,-16.34310959311112,-0.3115835585646498,-1.532851689148509,1.3323901734223282,-0.020702355867229603
179.23449223127895,1.180852095892084,21.807161822041024,18.70900928265008,-0.247231075473836,-0.0035998703267759303,-0.03893657576544135,43.239285556914446,-15.95511890180266,-0.31311498274629673,-1.5169770598194443,1.402720523097483,-0.020163800043277055
180.0,1.0488062521731083,21.741507016641922,18.87525759665794,-0.24543624856223603,-0.00643839049752137,-0.02936532340305388,42.09320798941677,-14.864927887004079,-0.09728974044457209,-1.5401291196617943,1.5423231354493725,-0.006319832876319148
180.03351764190907,1.6010792000750875,21.26856163101827,18.941557871573643,-0.22742874987945244,-0.02553477513685713,-0.0068428407905282325,41.86399163156042,-14.716640821361556,-0.15488307359309234,-1.5990971530769789,1.5758171098211056,-0.013424669584723315
180.23326642147094,1.1521176639362536,21.60678153970312,18.953674096876828,-0.23942243589061937,-0.012444804440808999,-0.016904442031155945,41.65079544147801,-14.452417013238026,-0.12949672292490794,-1.57363975883814,1.5995208985730922,-0.009724736495301513
180.83249584732846,1.0476886361795903,21.536263983182586,18.930648704028386,-0.23941237390383877,-0.015620067761884689,-0.016662883070779323,40.73027235734629,-13.412118762059578,-0.13544460827030727,-1.58577768539607,1.7250321297875706,-0.009639550122403053
181.0,1.2888242408904589,21.786150907149196,18.98019585305731,-0.21777249223944112,0.0024453855521442552,-0.0140413250833165,40.8936316730305,-12.798975494040924,-0.0872413767990276,-1.516652527129753,1.8062376094215558,-0.0063450175891414905
181.03223363014817,0.9908598007319476,22.06539593830089,19.00160506778395,-0.22542464561792477,0.013710989907660481,-0.02077901121377713,40.89238207364608,-12.80488389127158,-0.06930833734478063,-1.5027421822806042,1.792372012647343,-0.0041854672952237135
181.43170167962825,1.1749541751223043,21.971581249572946,19.08751721628276,-0.21050955225536008,0.012634585808251823,-0.004355113845824734,39.99802988940488,-12.165721901105552,-0.11621433314553262,-1.6074994575232138,1.82884277974713,-0.009960349608396864
181.8311603148306,1.2767854630774027,21.781727115130654,19.04645339988559,-0.20652539646692547,0.004574631841927811,-0.00215481471552877,39.347128505764275,-11.342394614243085,-0.12698626137956853,-1.6213486063506182,1.9209332291481422,-0.010841837552751987
182.0,0.9927599685569163,21.42213059572808,19.0841056499116,-0.22978255339550482,-0.01849028667222424,-0.0018566672367041838,38.41644184727358,-11.208423603962046,0.013569364137060919,-1.7429097205494972,1.9285778606392359,-0.0010164456787745118
182.03088633719972,1.3322953360498544,20.998980341821955,18.985965363079814,-0.22472938971642192,-0.036927725031408974,0.0004805994603941984,38.40844015097229,-10.994771955912665,0.006386157655368002,-1.724967839816765,1.9866220454933303,-0.001593372466403255
182.8297707547942,0.8850891103850318,21.192846318765646,19.037243173137178,-0.23292640833193887,-0.029546963945910654,-0.0028490511203078652,37.12045033797113,-9.36426770373057,0.017658286218428722,-1.724357919001124,2.1208963087600305,0.0011206845822987262
183.0,1.221844836543055,20.527124978892378,19.23958269868697,-0.23212572504171883,-0.05827191506757538,0.014534293937414552,37.08671518323191,-9.675352696609762,0.33523762161582643,-1.6725926109155231,2.0198535807429834,0.017836187515224877
183.22920259820913,1.9746123857823823,19.772805048637668,19.04885367548807,-0.21083394605330621,-0.08482550498473146,0.021121883112753863,36.564992653440015,-9.091416811703086,0.3151117403881695,-1.7212739612312646,2.0890733835686013,0.015010359582199312
183.42891630108215,2.0804844228083144,19.552467240107212,18.963753236643274,-0.21059255639509078,-0.09362976994467317,0.01740089314616628,36.30880943613456,-8.570842276076386,0.32704969429567243,-1.696096500014719,2.152973877800539,0.016725899493342064
184.0,2.3309742219092193,19.209717795779586,18.970742410124693,-0.19970117901894877,-0.10258862545667616,0.024217844708088077,35.89292450050613,-7.757284853181171,0.333691962047283,-1.602323222685276,2.144930903904449,0.014534839753876153
184.0280498663421,1.616130180176168,19.86142581233949,19.19033187362834,-0.21764551728388637,-0.07999299576755436,0.023091686649862556,35.93571583123603,-7.780334321524332,0.34446799201478323,-1.5757482190965464,2.121959391054352,0.015840317622680282
184.4274671025995,-0.10643791038945194,21.440923486886604,19.798834620483824,-0.25357835904278525,-0.021793840047029944,0.028506597605165072,35.36990115877906,-7.2916125375027345,0.35339360429943484,-1.5700543306621668,2.051247167483888,0.016290895439502663
185.0,-0.22176536620499576,20.97381940005254,19.52432927535087,-0.26699196084391924,-0.04349077513907919,0.016549490963311403,34.139850217394425,-6.411660259928869,0.1927866750322422,-1.629817917642969,2.0578252602327045,0.007047851870977815
185.02658761505438,-0.450775086857769,21.021025988816245,19.4956746575789,-0.28082979011135284,-0.04579905745186929,0.0072379832589730825,34.33394695843189,-6.229320179260198,0.21960652084922969,-1.5443989710376027,2.10901377686295,0.011130543600076068
185.62570467018506,-0.5194812912256443,20.881564670388805,19.447716286312247,-0.2795162246116304,-0.05014586470459515,0.005406331969395956,33.43662637650642,-4.902029356281354,0.23029231628984934,-1.5325323920976426,2.1806536424872847,0.011775300232840295
186.0,-0.4402732705161862,20.71243458649616,19.556384418794572,-0.27407933778622195,-0.054755087335323485,0.012472869793749973,32.98884174218634,-4.183408470144748,0.40299311518551806,-1.5057739462767705,2.1913584951495912,0.022016953670613897
186.42452799605007,0.1291275284177551,20.1191909611403,19.39474125148029,-0.2516141641905179,-0.07367173255286702,0.019970323288941355,32.097587630383494,-3.1648689174638216,0.38560535198539136,-1.5809753377433804,2.25013097352812,0.01871285926539458
186.624234811485,1.1286773756158277,19.13736763619962,18.98941586057895,-0.22517114529185767,-0.10605646398505805,0.015139329286319725,31.635654165126425,-2.517998377859653,0.38956580680138264,-1.6197642883748233,2.330142239755797,0.018701736080053523
186.82394229061293,2.106238396983824,18.201493170121537,18.56862764341836,-0.19929443773568128,-0.13487924834866793,0.007302814838785808,31.15513540015054,-1.9169399467559112,0.40081189823348007,-1.6622094081998888,2.3899403314377157,0.01952408147548127
187.0,2.68431996124264,17.680834734706536,18.546178397924418,-0.18162950114434176,-0.1495437359405631,0.015689470221265787,31.389105534310055,-1.9344731611122614,0.5104868290149877,-1.5633535566144503,2.314865101958448,0.02358576388586931
187.02365057076503,4.0766969493289755,16.484566579953643,17.98225865309965,-0.1441908749971021,-0.18503971814485906,0.005802355945089916,31.147621068232056,-1.811670255311527,0.5165625565204627,-1.6269181407526605,2.3418335458619355,0.02364473193321498
187.42307008946466,2.9289039529838745,17.32569833808141,18.462376748303594,-0.17315681905944433,-0.1591564143272308,0.017238064928771085,30.67726084314488,-0.8985604072080176,0.512692745495703,-1.575402606413913,2.361077981410368,0.023090100557727124
188.0,2.918381336638937,17.344954507658844,18.48634674391208,-0.16404365805243948,-0.15281336215759875,0.02097991279612128,30.132943683876075,0.43299200067542015,0.4352863373671146,-1.5068772082047215,2.3847089602557885,0.01696808353243161
188.62136249635216,3.0221607290418397,17.07650639070669,18.398865086223857,-0.15864978512912195,-0.15799391708639257,0.017975693144615446,29.169823675587548,1.9504804009719416,0.451020067250939,-1.5062846557295502,2.427835204783426,0.01813110125668953
189.0,3.6669647802433536,15.562314395223495,17.44135795288809,-0.17312600153945665,-0.21291758856566112,-0.022153190627416955,27.982871669026135,2.0039327163995773,0.17497601335462282,-1.597835265764948,2.2939448505504347,0.0022969816775104505
189.2205348630325,3.2434053510125156,15.782876145174228,17.581650330186616,-0.18656031308882104,-0.2066544164479914,-0.021190384353743305,27.778208666293036,2.5360360673842943,0.17888747881662467,-1.5470561815099475,2.3076245394441712,0.002702376881995291
190.0,2.7456743243811608,15.656251951079469,17.27206746678457,-0.20605894112863996,-0.20986427351956535,-0.03994547339465389,26.06119278278611,4.422976509449095,-0.1287308936732398,-1.6303443543950162,2.345852441586207,-0.015592519755161346
191.0,3.203822045286289,15.274186889509359,17.123513035521697,-0.1746674131124224,-0.20832090931262487,-0.03211944551371013,25.81222824596648,6.277120538683194,-0.3226567506928302,-1.35085535170561,2.2403341297189927,-0.030211149967931516
191.81726042551603,1.6278703562420105,16.435178622753863,18.15454423756153,-0.20228667599859726,-0.16357559188842563,0.02274914425082731,24.44792706058759,7.512055487247109,-0.47353481157243693,-1.4312352616839097,2.013055677230481,-0.046529503711354274
192.0,2.1155031188036353,15.794837552025832,17.748194247655785,-0.19693322610434752,-0.1827138397805621,0.007451309135081853,24.17276615179482,7.39636834046647,-0.5155997776044826,-1.4213758448261238,1.9128780034240018,-0.048036641075264855
193.0,1.3296144794657816,16.13950655639616,18.027402371589478,-0.2090027392523045,-0.16809211857511805,0.014844635199952385,22.58942040617503,9.76758857721105,-0.6534836727397687,-1.4329351963870556,1.9258222696703868,-0.05495370976866032
194.0,1.2218266970431861,16.039887152750214,17.86197066823825,-0.19969054457786659,-0.1642244831566451,0.011624480890800853,21.829882210530993,11.585886541596379,-1.0639222787230582,-1.27447980273827,1.8210919600519957,-0.07971806449203067
195.0,2.200063257815206,14.754298589484016,17.061327851693182,-0.18326693730001692,-0.19576348849130953,-0.017929596919970755,20.346280409815744,11.887728656349415,-0.9832197964940126,-1.2633798813532677,1.4298967851522053,-0.06976713595220271
195.01424385840124,4.37790052800373,13.37383143432702,16.135955158253374,-0.09248145778663819,-0.24808402877868835,-0.04185501359695608,19.49104374751508,12.493875456269715,-0.9602225121074516,-1.5164827827370952,1.6606534428756197,-0.0694563459842845
196.0,4.386342354062979,12.867908726249256,15.963735978153,-0.09830907816979116,-0.25881486528144837,-0.05025279353536836,17.690869511880948,13.817731276087144,-0.8831852461901762,-1.5551905166683502,1.506508353072884,-0.06054935175167792
196.81314613401182,3.6980218946323085,12.814038059407698,16.249624686449785,-0.12265540546148543,-0.2629534893243816,-0.03925175392572092,16.7761987374719,15.17065351590575,-0.9508105816978057,-1.4375723315744133,1.4424819959280897,-0.06351136110572847
197.0,4.058671030546497,13.231190369091735,16.668692619448944,-0.08360924717732222,-0.2333730836701057,-0.010842296062760624,17.284418717976553,15.994063371098996,-0.8337863310476514,-1.3128218432319114,1.5009621091460397,-0.05939139336908898
197.61279258659528,3.962369416172095,13.116795161605706,16.751590844539418,-0.08656781814350122,-0.22969891282914348,-0.0016733322736009158,16.541014422227406,16.7554469111176,-0.8929468050863056,-1.268350096733266,1.3707886428279035,-0.06381912176964845
198.0,3.71221441324318,13.185825830901864,17.10900387072588,-0.09225382109748387,-0.2244786651195464,0.012788049471240704,15.912221050846181,17.481039210026907,-0.6784623896956765,-1.2768130830745397,1.349891288354381,-0.050349329682533986
198.4125122041634,3.7442438332511756,13.09373902375309,17.117851862891445,-0.09133470604283195,-0.21895458259498188,0.01913745559590865,15.396295292496445,17.844671339455385,-0.7156085332517426,-1.2550769248579872,1.223016255818892,-0.05255620452233554
199.0,4.264711200965878,12.596186076761583,16.730330883455935,-0.07494597504502444,-0.23152458420328226,0.0029612449526847627,14.930651599287993,17.94441539331603,-0.643931173256298,-1.1686540378964614,1.0310216688957548,-0.04479210529168437
199.01234412915898,4.256144494484861,12.587394088177422,16.727578312268342,-0.07853359312376401,-0.23034321763889343,0.003827900412278841,15.006998223817185,17.933940417283022,-0.646389286586371,-1.1335787423060966,1.0188452656493179,-0.044875178639707414
199.21229523267868,4.241510553185154,12.543348155202143,16.73022792224141,-0.07773305638360999,-0.23046145289372494,0.0038446532556386443,14.75779849337575,18.135020602564413,-0.6554241729749235,-1.1293712015898083,0.9854720418589894,-0.04519707960357131
199.41224959728936,4.289470386971415,12.51916342766515,16.69546915859329,-0.06849986216897842,-0.2279348158431444,0.0036366968642504846,14.249415792390614,18.227771399737584,-0.6646439483220917,-1.2218776604847466,0.9147387204271759,-0.04573251576954378
200.0,4.114184604958881,12.337163833996591,16.455945751094657,-0.07700075239312448,-0.2323143152738482,-0.00852296981630558,13.424995191147659,18.704402326226063,-0.9950886102679604,-1.2097037874889343,0.8088033510186002,-0.06504385523147699
200.2120958996982,4.060449983312598,12.31654233372487,16.41572881700778,-0.06715783862002975,-0.23771490064890383,-0.020259728176785514,12.81602965680274,19.030536591310103,-0.9812194446899725,-1.3349385387410917,0.8421043539281552,-0.06287438583760856
201.0,3.828140447126255,12.135322795285708,16.3919266053921,-0.07668196062902986,-0.23887506698818728,-0.021703071818741832,11.617821456622076,19.68822652283353,-1.1277223015746716,-1.3340943948052397,0.7163814408430381,-0.07051708559297315
201.81188751403357,3.5897221152679855,11.875007702422547,16.656612360150685,-0.0900914084372697,-0.2459382930399663,-0.0027581288964513215,11.000512200364863,20.312871747745586,-1.2306413590610172,-1.1453649960729895,0.5900763027834721,-0.07682262544910756
202.0,4.633303817696257,11.537711310679928,15.938626044854383,-0.040862408501034835,-0.25832530692541666,-0.035740369670730326,11.522649697647108,19.637118237181664,-1.1117670172237593,-1.0170323304864892,0.4466890876835764,-0.06487068267269233
203.0,4.333129135555241,11.457345668939237,16.225217762463387,-0.04979581098834839,-0.24687699060382276,-0.01865318863641618,10.435523686647482,20.45846872988932,-1.22530327837221,-0.9600914442662214,0.34003483471463525,-0.07209491937037456
203.4117355365681,4.28681258039176,11.300586462692328,16.35948240345969,-0.03953160390062045,-0.2535347986805526,-0.014893795789138147,9.677101382130758,20.641707459573183,-1.2630667328008929,-1.062793621556399,0.2890681462426131,-0.07436758074321861
204.0,4.337456364526265,10.941392598726395,15.877681906061568,-0.03881951776351891,-0.26962252298157724,-0.039827521317496,9.051006345662266,20.39758362357021,-1.5941464412144453,-1.0240210692747567,0.13643473862100583,-0.09159498978110867
204.01167735801283,4.415393519994474,10.932367394344913,15.789127112912947,-0.03166183376209545,-0.2702344135634326,-0.049459482310391815,8.8473365668318,20.455408398526867,-1.5747926677076725,-1.1067117852237662,0.169126895099728,-0.08956836363609852
204.2116568651199,4.345759129263297,10.833498885870759,15.878950101306755,-0.03414518307776202,-0.27470842571864296,-0.04367348653656963,8.68236264647514,20.530862433252263,-1.605488016446013,-1.0716771262259193,0.14585462350705375,-0.09181148223499863
204.61161366005442,4.391557446885064,10.787078995490937,15.777363076115849,-0.030165375366705535,-0.26823271015626693,-0.04775466285966877,8.135605250355557,20.439657380641137,-1.6317248346648991,-1.0984146599005071,0.03725817132014301,-0.09145500036232501
205.0,4.6556171882564525,10.945877681045495,16.047141368941336,-0.011433888930736633,-0.2468717566845768,-0.029752156316554687,8.002370551200578,20.71075295071324,-1.3327834324036403,-1.0441251313260875,0.00841925075367873,-0.07236440811376346
205.01156696156025,4.65989374926345,10.93966858485356,16.034288583301795,-0.01092027185124012,-0.247089758737733,-0.03170628421900167,7.960674258065429,20.726685305141736,-1.3293059696188705,-1.0592602225043453,0.015580487180844059,-0.07186291347529597
206.0,4.863199566639147,10.7274254516225,15.869331996845764,0.0017331790724751661,-0.24506204285423763,-0.03743696170084861,7.144619212186868,20.600104200203077,-1.384841366406394,-0.9781783000937894,-0.1456568965746716,-0.07209225623719563
206.21140113743868,4.913070081140503,10.755127833580728,15.76597928450845,0.005256031655184742,-0.23778227622883272,-0.04266220520205153,6.838698053916408,20.43744000866646,-1.3866015839820809,-1.0127187093262981,-0.2248979911298506,-0.07059607873824467
206.61133629896077,4.936253065569826,10.694408577884202,15.68804030365829,0.006700400074299357,-0.23467986511372643,-0.04723193945605242,6.360342717993658,20.290255740804152,-1.4031437129542108,-1.0287257551096072,-0.2999918875545706,-0.06986976872790729
207.0,5.288547506335376,10.361929274017038,15.129815016290477,0.027072380635816205,-0.25775932476022567,-0.0788118843808715,6.278900569782225,19.562606748039716,-1.5002181755427069,-0.9611886436621088,-0.43855236472360914,-0.0712430117170736
207.81111231529434,5.3104170478541235,10.164498385005487,15.076311567656692,0.02420743795274051,-0.25727495495858066,-0.07334503407420113,5.7230761383199695,19.130371229356363,-1.5741356398344477,-0.8317826094162065,-0.573900937089875,-0.07439351412513912
208.0,4.91182533367483,10.104809608195707,15.474102177354645,-0.000925687236059989,-0.2549665920174578,-0.05262855860212653,5.152082625640485,19.244290660766943,-1.5244682312210827,-0.8761170007323709,-0.5776891192839472,-0.07233442963849612
208.2110284448749,4.8967739298445645,10.016469833741334,15.486364572155376,-0.0033885640506147643,-0.2582231239117386,-0.05069252971242877,5.0384314661460925,19.205241419799652,-1.5462761639627478,-0.8312894426490589,-0.572822785537014,-0.07341638935736225
208.41098497837245,4.880766571055743,9.911300856021592,15.554029322303466,-0.0019936016900158242,-0.2620632920600358,-0.048027284189760745,4.821865452786621,19.125972892025374,-1.5663655295153642,-0.8385913787169862,-0.5879566246343384,-0.07464348156617445
208.61094057346529,4.871864752654226,9.848352691155128,15.58401462761867,0.0013842172236569195,-0.26173456669612577,-0.04817286129159084,4.536216405027586,18.9022754174606,-1.5765668633727739,-0.8764695854519744,-0.6592939935919188,-0.0740504236353084
209.0,4.746745820088167,9.415280304875674,15.634345550182552,-0.004534760684561993,-0.28916116244882994,-0.05173128897017129,4.069189364939606,18.2548821131058,-1.5081259103138485,-0.863944805031872,-0.766273997616365,-0.06683114091742533
209.4107550971478,4.771569905455358,9.440677114612603,15.411051036426999,-0.005771701573046347,-0.2780962767401796,-0.06135666744019336,3.750702953657451,17.74497527413134,-1.5116324017495082,-0.833448570837886,-0.891554643810096,-0.06409936330137339
209.8106589143532,4.820496121498613,9.582607096425837,14.981175728954122,-0.00939356420725621,-0.25991706197988873,-0.0808373063160555,3.5283015391282317,17.095795854566852,-1.4885699875854443,-0.7791866352004404,-1.0452544283653171,-0.058412405457672255
210.0,4.893050459047221,9.193172690877756,14.882173820661889,-0.00048277988381489195,-0.28898674147452136,-0.09206243158921543,3.469455405782944,16.463312263788108,-1.4815971434922102,-0.7503124235948896,-1.1307223885191282,-0.055338855695366146
210.01061032824023,4.909059363631882,9.341901119920056,14.655153935408702,-0.004701860720970886,-0.2784670808486206,-0.10186252741099329,3.541453267618632,16.366071339236637,-1.4619798243546047,-0.7183398741498811,-1.1613017965060888,-0.05290645244935795
210.21056157013808,4.914340803688159,9.335911245728921,14.552851934103586,-0.005527322954548209,-0.27499376987745117,-0.10629474181775297,3.4043332030526696,16.098160477448733,-1.4624337457886625,-0.7061828439812845,-1.2052312637330884,-0.051738795038319775
211.0,5.0732736200928095,9.312382814456237,14.187913559018778,0.0035933899899159155,-0.26103310249745576,-0.11625022466405312,3.0520917248437134,15.256919344821009,-1.682787468301341,-0.6336723944773018,-1.3011638263054837,-0.06400889267507208
211.8101817942933,5.07467984379684,9.189533368876548,13.927570914437359,0.0026932399079647924,-0.2546662643630902,-0.12727931516667637,2.524758613099393,14.049005568536604,-1.7054012891923982,-0.6022379881244996,-1.4560970269049156,-0.060802813879492115
212.0,5.2569293397209735,9.340097066321011,13.565509359988607,0.013292673735201321,-0.24126844856778848,-0.1405537220980122,2.627927189408468,13.916051180703949,-1.8987686891429902,-0.5690834539674728,-1.4558701918452122,-0.07222729180339964
212.21009536416796,5.2793495595976445,9.102490573538137,13.845474259975317,0.01991691322706219,-0.2533194207054985,-0.12486470937398778,2.4079823938538403,13.709488715058045,-1.948695912683987,-0.5899163734364973,-1.4472947656974235,-0.07675121317333962
212.8099776383455,5.305652732176487,8.891699546261654,13.89367517962499,0.021654829291914424,-0.2581778068805825,-0.11537366125439696,2.022487754850148,12.941826128393881,-2.0217194130594254,-0.5667965321573957,-1.473260783188779,-0.0812474588402169
213.0,5.3632663877984745,9.071159129376358,13.824135802536176,0.022411154113468036,-0.2430068428031572,-0.11532556982758922,2.016435824009704,12.840371097246333,-1.87961195614608,-0.5442003607849477,-1.4608145119875349,-0.07179526954242503
213.4098785824489,5.387280012861894,8.956582871556098,13.79927255464228,0.023304043653778576,-0.24556251659970912,-0.11149887594627238,1.7559970768553066,12.337721290778866,-1.9217865590458476,-0.5389088789004445,-1.4571423907281056,-0.07465218022313759
214.0,5.713294028830645,8.928536554421242,13.505168973348594,0.04623168350783986,-0.241036910335909,-0.12369140517036878,1.8658278146531673,11.511808276220233,-1.8843698239744961,-0.453228894183477,-1.4820560935807934,-0.06960254447299771
214.0098031404487,5.661786472762727,8.942920956903448,13.520467771673156,0.04382625154122946,-0.233333947433214,-0.13319159043697779,1.9800068416680714,11.184552646333177,-1.8510243321538709,-0.39217931549302615,-1.62322998777335,-0.06359800088859613
214.20978407712678,5.599127231416496,9.085289054328738,13.00818165101786,0.03386433463082987,-0.22269664185248408,-0.16448087888810808,2.023537755407836,10.814051511963527,-1.7926909208153496,-0.3477406056332371,-1.6682653993725132,-0.05517619433539771
214.40976834274142,5.628370549062954,8.966155029484167,13.216852891786834,0.036718401146061654,-0.22620522416243669,-0.1476677457577681,1.9626001579139951,10.455496162494704,-1.8424818971779489,-0.31455594541751897,-1.6900460814727143,-0.06029420889137399
214.80974751109167,5.65361662433981,8.850409761263581,13.232226235588119,0.03844219173419898,-0.2275456714847029,-0.1429758977433494,1.8031407845347909,9.777528451904177,-1.8781076109854056,-0.2961820892349705,-1.723151999406339,-0.06147200499651889
215.0,5.132505890555847,9.25426386390223,13.301547888694882,-0.00945877399339154,-0.19480788281790679,-0.1297515520342953,1.2445922087864596,9.89778402563189,-1.6299070529978,-0.3386183375582324,-1.6804745627795368,-0.04679190218772186
215.4097451000545,5.130083924291947,9.175667524229535,13.269962919948068,-0.009513380517199046,-0.19506920532094704,-0.12668770834750223,1.1127643838546453,9.217164973244508,-1.6574232377664202,-0.3067000765752513,-1.7021835059820702,-0.04817072667738095
216.0,5.099054538484739,9.313617640999132,13.193887592575788,-0.013915310288992636,-0.17988834916598967,-0.12439218340984926,1.0165682022236853,8.476063986097184,-1.3750683004530755,-0.2549043841009299,-1.6851624632561535,-0.029131516676062057
217.0,5.104361148659801,9.250324227049651,13.361733873010856,-0.012649221002387627,-0.17427934088302505,-0.11136740519934529,0.9217198964106326,6.9316290069529485,-0.8184497640400011,-0.1613954085818463,-1.685888927821562,0.0066422288590101165
217.00992962754782,5.160259088649991,9.234695819142617,13.407491455656004,-0.005612650342698082,-0.17542277313224228,-0.10954588348031413,0.7499062227333335,6.929586519121276,-0.8230555639763073,-0.23990804095111187,-1.6805229223100495,0.005882498212236489
218.0,5.176261123504004,8.78919193777352,13.779705274671445,-0.002067094218936857,-0.1913822990700892,-0.09054656733008996,0.4358983460422689,4.868737948479012,-0.666498320349938,-0.18837133071057532,-1.7634798766210198,0.016636678500375635
218.61041101796224,5.19421015721177,8.679508614680318,13.64827131851398,-7.957779640898471e-05,-0.1886874323765609,-0.10366437662916403,0.2987201656842805,3.6792835398453994,-0.6193108880167897,-0.1629493863426297,-1.8140244219017616,0.02240990717873368
219.0,5.390029582208538,8.470890580841358,13.526612459865689,0.016139483505174836,-0.1966706707185047,-0.10954273785979776,0.36848592064961383,2.7512976146004937,-0.8981465016560393,-0.12587814628033553,-1.852397292432409,0.005327960755164049
219.21066510738373,5.372795730338988,8.440411497170489,13.360539750488106,0.013248188262317847,-0.19441776496293903,-0.1252776650870967,0.42556621758812924,2.298874803980002,-0.8573372576598813,-0.07633540587877237,-1.8877241903447337,0.011025455679698325
219.81095526174178,5.394791544945408,8.311582779196938,13.463052317639232,0.013565381147413545,-0.1952757300640107,-0.10913407081818652,0.4374222436913213,1.1990034425918692,-0.8911928824684558,-0.011821907014367774,-1.8625399292772857,0.0071104587052287565
220.0,5.571750519661091,8.294856808666756,13.396342129058922,0.028440975455000787,-0.19514216280849025,-0.11310014816980124,0.6910611861358777,0.9721783686281212,-0.7549705166766214,0.03068868400976851,-1.827605245255165,0.016393445398467755
220.4112777988829,5.582617823826889,8.217706527910666,13.31577983047708,0.028391153479595047,-0.1945973613921859,-0.11710705995017576,0.7096856345032762,0.20491051969970137,-0.7379318358509452,0.06189041936668333,-1.8259144810429937,0.01872860004741082
221.0,5.620043561327569,8.014517972738588,13.592122910815192,0.029837131425069847,-0.1997912359266005,-0.10207220261065936,0.71473834348599,-1.0709575618956537,-0.5347814455113213,0.1035260647811272,-1.8394367134411176,0.030913435567766823
221.0116285325047,5.640815645143166,8.021074323431613,13.65096063750602,0.03232775452552718,-0.1992553765677883,-0.09725325693411485,0.6608744239473358,-1.100339505315956,-0.5454755486262075,0.079339584869033,-1.8367330860634925,0.029398055941368018
221.41187580062905,5.664244136240558,7.947307465802636,13.652747792504018,0.03421017941940309,-0.19925047895581766,-0.09308515756808482,0.6333403185663139,-1.8282761310339737,-0.5444581164516724,0.07814765996328965,-1.8131001283861166,0.028118077464545647
221.81213221576328,5.678019333110685,7.858335424209221,13.620601513878793,0.03162291624278464,-0.19951077187770735,-0.09227951119756088,0.8203897533032533,-2.5322726777023985,-0.5337807557113067,0.16897367024920965,-1.785572951591034,0.028974687327828902
222.0,5.778493853834797,7.585055968006172,14.511631536836727,0.03646544359301739,-0.21323476600015567,-0.05146752849021236,0.6843904926286296,-3.6690955598539645,-0.2678410032967765,0.16941508960084442,-1.9135885215393555,0.042852726989834694
222.0122634165869,5.7803834629966335,7.590943181607359,14.477224514330016,0.036734349376800035,-0.21181334905763807,-0.05729894181474015,0.6803594065810742,-3.7281709723022427,-0.2531230262760705,0.16746943091460026,-1.931374513803483,0.04474946222028062
222.8128040966043,5.817398997757869,7.434059234195583,14.433748857058792,0.03829809449674426,-0.21020128133129223,-0.06056754333592706,0.7749356471984642,-5.311940340467157,-0.2072207367482506,0.2001312111339803,-1.9065809496769128,0.048159364630469506
223.0,5.620384138742056,7.476877902268479,14.30870155195861,0.024642958986724334,-0.2054867930644254,-0.06509374420423741,0.7796302156556175,-5.137154558669445,0.14089309364140215,0.2065613602325652,-1.7978031910225651,0.07055571695215446
223.61336191382958,5.627322507632515,7.334191741438798,14.324574657343758,0.021733707995271325,-0.20841587348627114,-0.05281406647548853,1.0471648659648596,-6.111260141311907,0.15335267841777817,0.3018876245458598,-1.699375756530324,0.06875032427078503
223.81350278486804,5.632143493057714,7.2990241477996465,14.288869951987207,0.02149739583429192,-0.2069250542307242,-0.05887491541073402,1.1282804088162266,-6.502829025476925,0.18398562130338933,0.3253971172232435,-1.7031099937399738,0.07162107834118464
224.0,5.776939307679991,7.237520822531046,14.290911920048808,0.030082688244132526,-0.20856663723769023,-0.05783346809172429,1.1965137612901142,-7.2579368323924385,-0.16081596141442522,0.34333896596497626,-1.767138119175984,0.048902393597325844
224.81420762650276,5.8167255184397435,7.0863462571578415,14.273660223066209,0.03212104956724267,-0.20717239344508914,-0.05638905842830242,1.4280873246830497,-8.696756847068336,-0.12388815706056838,0.3782121522463704,-1.6967399174337734,0.050505131880063295
225.0,5.362367834084612,7.017995868795536,14.62364591119195,-0.0029132579568904096,-0.20936506430272753,-0.03658065739949868,1.0824773691383571,-8.769654077824681,0.4766164641773373,0.34163159315038333,-1.634931257266313,0.0874415946505965
226.0,5.857253151991258,6.818756410019304,14.907232678887988,0.033969673965573655,-0.2093930208550934,-0.02606452233832334,1.9370929292619214,-10.720841906442914,0.6247752328632692,0.4759086795742545,-1.5743512621285207,0.09494642100286088
226.2151687385109,5.788354849268821,6.726515453030708,14.88643396713274,0.0249318866543745,-0.21354762453377252,-0.023698987119113314,2.281848651466514,-10.964022715458057,0.6408057422613418,0.5916375626979421,-1.5183540705757705,0.09550226185860984
226.61543208164508,5.8577215292993685,6.721326387744605,14.948357377363282,0.03070603503699571,-0.2074513851089068,-0.02212113550032785,2.3701580364812034,-11.671281240767966,0.6760965673805455,0.5681876488732203,-1.4964694699364134,0.09666881943987848
227.0,6.318180468138462,6.758093052359184,14.958501449603192,0.0613123167449046,-0.20309180998554263,-0.020840448600395776,2.9221748192291592,-12.963862383945028,0.1760446309512539,0.6470068881722102,-1.5750785613849463,0.06304437806821728
227.41593735993845,6.3864068598859784,6.704482763916311,14.979184208373612,0.06599586289452122,-0.20086165825376878,-0.01911898883395996,3.068303774530177,-13.648431960873177,0.19742900028084281,0.6288522974913789,-1.5321200398183985,0.06302401188949877
227.6160585677175,6.40588865474736,6.661293532536523,14.98443206517303,0.06678953176196746,-0.20128964435167448,-0.017447804900229968,3.16839695014092,-13.940963523705927,0.20553353532046736,0.6323030816913587,-1.5005301295719051,0.06306804012614677
228.0,6.408324822727744,6.579317336543183,15.000923088427557,0.06493774701477323,-0.20169595134508664,-0.01605330426568726,3.389723238950522,-14.51676892271302,0.25143205067757995,0.6552107561445382,-1.449496261960636,0.06549373517208448
228.81673507834043,6.466788448151143,6.432302964453928,14.963699730531243,0.06572623820505755,-0.19963306084217847,-0.020731722745471255,3.9183926836038885,-15.719340286035875,0.3175206235607335,0.6984834613475416,-1.3551943233788675,0.06867266028731726
229.0,6.3916176638648174,6.370080598573349,14.735481808098768,0.059912076127027376,-0.19995376746690577,-0.03134603006523242,3.9726101682845925,-15.804109784805023,0.2037945812853702,0.6983111871200219,-1.3027497153382395,0.06178624660543506
229.2169390754059,6.4284681508350845,6.314202770179617,14.781699727050746,0.06236551792200871,-0.2020051000234241,-0.02310523508997778,4.063625533400576,-16.026646784837403,0.1969980841741361,0.6856813676329261,-1.2439536170572332,0.059682279945650465
229.6171312275841,6.486563800854212,6.238076605159191,14.757451390101727,0.06691795384918406,-0.20094555575278356,-0.024322719655157154,4.185685268211049,-16.563438315940438,0.22165321196169094,0.6464502330684885,-1.1972629662178358,0.06035899515879142
229.8172226794681,6.494183095104156,6.173077868594365,14.802366867749873,0.06583158309368477,-0.20424387031897753,-0.01571654296045979,4.35850486541896,-16.68440548405692,0.21245766340763284,0.67006445425771,-1.1225014125892363,0.05813620989693556
230.0,5.9035938164174135,5.869913400535776,14.489830594931737,0.023314207668225152,-0.21466029979904788,-0.03096759796211665,3.9172824126491324,-16.153864834721627,0.45444124369424455,0.5987553953531068,-0.9691668106538608,0.07540457757069044
230.61755612840884,5.914744965811723,5.713214318106479,14.476788831656979,0.023089416397454154,-0.21675616613319673,-0.02837152568945653,4.29663925032405,-16.672205788500175,0.49487423596922114,0.6198144980524487,-0.8402567955399254,0.07599752076347246
230.81763110592576,5.898914927076006,5.745819636182074,14.48078926890269,0.018578137057175138,-0.2115502909905417,-0.034298867310321834,4.62153237456588,-16.906416868378553,0.529384640880906,0.7032531907717798,-0.8263393942591316,0.0792904142311439
231.0,5.897756223200016,5.746447073055499,15.077728146385258,0.015797104761766063,-0.21494039641320023,0.000275331424165047,4.700955928296595,-17.635434873068057,0.8474291888287158,0.7121942630711533,-0.8904694321196259,0.09569618492807387
232.0,5.744648777063158,5.473252823449498,14.891335001590095,0.003378217541852609,-0.21771472775140918,-0.006580658713156392,5.234621976282773,-18.41969626908233,0.7927697224260682,0.7255119849151979,-0.7119898801874022,0.08933716558901988
232.21805664515932,5.767651803972986,5.51706610100693,14.860351418375295,0.005637719238185821,-0.2096465036554416,-0.015867203243651123,5.33993559441824,-18.723254108173705,0.8338121670499411,0.7118334095929072,-0.7278842398474714,0.09238314891919963
233.0,5.7925523893878115,5.418845520500946,14.88241397172812,0.0061969825278096104,-0.20911668594613422,-0.009770552056106344,5.915284260768497,-19.660334722516428,0.7272673222443724,0.7410546142047219,-0.6701774908782843,0.08102943678192272
233.4182771125422,5.828782811768812,5.284844570281653,15.01793879715225,0.009329007528628365,-0.21627041330196556,0.011620100158851565,6.147995664896403,-19.703774653504325,0.7101573480343326,0.7205430019328288,-0.5137908022136162,0.07575623003218457
234.0,5.886411979125238,5.113383787410375,15.006310540997589,0.014253259217810512,-0.2141835887376852,0.0026752045596351217,6.637118987586402,-19.319747015842072,1.0235362174488138,0.732958583245275,-0.28487117243185994,0.0968992277086316
234.4183564755445,5.822248998720748,5.1040054407978905,14.936660647389035,0.006819623172381623,-0.2072041075669605,-0.011239030890442227,7.141002777508097,-19.568966596821422,1.099952123304168,0.8145730731097967,-0.2583095084656219,0.10266828230547924
235.0,6.001922171873023,5.086851357880302,15.302269909389706,0.019456478111028845,-0.20401143627309468,0.006285328211546707,7.846945390450638,-19.852731348707675,1.428153062005801,0.8646281072568653,-0.17597693938251963,0.1200018059846056
235.61832770659092,6.019633393501601,4.894635624891735,15.358713238016527,0.020034386717066494,-0.2100473130705748,0.0156596738321425,8.373221147357917,-19.783687777255803,1.4801804646442518,0.8772125037136211,-0.016332692580921793,0.11904006132308385
236.0,6.071913763903105,4.865030107380733,15.822217496885795,0.022580484704916973,-0.21834619131782093,0.055392301875229394,8.866277352293533,-21.191781831106013,1.4182972827236051,0.9309004963010145,-0.20384979769397613,0.10556404927070065
236.2182642675452,6.090310747902062,4.751018250647462,15.8958347687027,0.023879592552924496,-0.22453230025647147,0.06551893781633683,9.043857890984938,-21.106368946600675,1.4177974975109697,0.9273195112214656,-0.12392843857266353,0.10315302297663548
236.61820460642386,6.104466099221205,4.6881088693185475,15.924324488290225,0.024278537266096856,-0.2227086667066797,0.0647310914211079,9.405242245491142,-21.1713774246563,1.461083194642327,0.9336997520129164,-0.06797548899304308,0.10408748298650616
237.0,5.648999394584,4.222756123081358,15.23001252196456,-0.00977041536372697,-0.2323079423351841,0.020102701361193402,9.055050931639572,-20.156332306561932,1.3777595701029919,0.8258563838570164,0.16869144902974553,0.10312937804720276
237.81794780353732,5.580663473896288,3.9632075709163934,15.17711334963561,-0.016174150853557785,-0.23600015446467393,0.013021597920422963,9.94330049651286,-19.937620432231405,1.482695081676412,0.9119125558910693,0.3125345377838464,0.10698349576906607
238.0,5.581109144418303,3.8940114426007972,15.184509550682824,-0.015651563802606846,-0.23978921570568643,0.019176092668300317,10.164792640830303,-20.262267296410712,1.3629816021628358,0.9308566756911006,0.27291470443451477,0.09645515002107516
238.61771826688764,5.473751240117765,3.071410754831456,14.933176519312516,-0.02547220252489498,-0.2785930996559139,0.011974997791007492,11.092715291112961,-19.638755035333855,1.4417207166029717,1.0865527833036817,0.4924739172821353,0.10132531460191743
239.0,5.40076808424363,3.071193191571566,14.523152540441744,-0.031025574260176866,-0.2670100458484742,-0.020210384735942048,11.305134712317502,-18.607021628233404,1.3330031437246672,1.0589781278779717,0.7064685096477189,0.09765968334022147
239.0175883884661,5.4054896077847685,3.1767772027496464,14.57654141282773,-0.030614369907499793,-0.26139053032592785,-0.01803932791536385,11.306746246775951,-18.62521866152364,1.3306604189614901,1.0504900778975281,0.7019209591795507,0.09724338379388442
240.0,5.451236965291355,2.79452931971065,14.792187487818103,-0.023868941845733925,-0.27234494973479395,0.00471857093026214,12.597244449934113,-18.628091953506065,1.4232323959701763,1.139029597920585,0.7303451890924406,0.0945240407426423
240.01722751514913,5.4569453000621815,2.592151012986722,14.721350284526299,-0.0235049094277461,-0.2832588882465883,0.003805823134016057,12.632967344037489,-18.525738807955815,1.4258782054457757,1.1505753482471297,0.7613018978808979,0.0948396337635458
240.41707167477503,5.407308127035715,2.552917462244237,14.671470106270386,-0.0278340495986669,-0.27694136139180503,-0.006753171921547148,13.20536696994115,-18.34813626220489,1.4899807658606876,1.2106126721565775,0.7747301712995294,0.09864433106640644
241.0,5.09310898857455,1.8704455563836841,14.316845389369488,-0.05009435502661841,-0.29806296286351047,-0.02361201276851603,13.31073296588869,-17.71212164582076,1.5550250542322854,1.1392375664716625,0.8748268812524844,0.10154766962399893
241.61658185808886,5.105252745054306,1.2677716452776315,14.10145073020508,-0.04833418483071773,-0.3203969602083031,-0.032438716145564046,14.087398017810726,-16.91973993002141,1.6394218741115179,1.2009151097840434,1.0253440078294767,0.10549602133135978
242.0,5.3290785178527456,1.5761984544836423,14.188819549192234,-0.029436404018295496,-0.30424135532917657,-0.022900204751200852,15.205254554488507,-16.88849539378028,1.353611591957959,1.3362159996296143,1.0197623619313267,0.08371191374198904
242.01641614491098,5.3297971152803365,1.785246040908191,14.376413982899273,-0.027571851698257037,-0.29622712666111406,-0.006925179053949529,15.134848655527442,-16.84262021692114,1.3197830542350724,1.2909508705976689,1.0386937214245093,0.07918815178023758
242.8160910235229,5.363653214212398,1.4216687363478968,14.377537430597313,-0.02192114184870303,-0.30475559699651406,0.0017658504379684421,16.02943387841887,-15.792406528427765,1.359761625697262,1.2753432998137308,1.195780420659114,0.07683635117621497
243.0,5.513727360028386,2.158731067115366,14.734898592725557,-0.009973147034377962,-0.27044457558699625,0.012111392133800353,16.779776631029257,-15.27906106007852,1.3870930491127884,1.3636390873932205,1.282290574412784,0.07832435370912197
243.21593523755325,5.50228531089627,2.4904569339342557,15.06968990181294,-0.00474996622935135,-0.25105339651493935,0.04475267507381606,16.791618151122254,-15.115005590590535,1.3231456536454478,1.2418761650745744,1.2750524476966487,0.0673253512757387
243.415859866653,5.524561577205031,2.3755110555117707,15.056244420757663,-0.0028683640726364767,-0.25461541086588013,0.045123849336640584,17.010406161133705,-14.81468727172907,1.3351731800047053,1.2362074356148092,1.3126259516946475,0.06695013401260316
244.0,5.650392030156191,3.014896546075895,15.612331436241536,0.00813792876148206,-0.2221666058666496,0.06492974339850402,18.290879802846966,-13.737171445226712,1.5376050451929082,1.333852068649332,1.443206804151772,0.07794354086296268
244.21558094465829,5.641665826435328,2.923653352569155,15.575472916947723,0.005310405035397799,-0.22665670045741526,0.05671869860225327,18.683532861607784,-13.334836784182187,1.5776681602442073,1.3844646643394691,1.4989861991631837,0.08155221848148902
245.0,5.807083268382183,2.9216077686881934,15.6630570222836,0.019486450148708322,-0.22276768890799484,0.0673725363856568,20.430969426764673,-12.534924884232314,1.321885484269811,1.5300491591404008,1.5209872958304165,0.059855247694854744
245.81518356301763,5.810712309411685,2.6969568496952463,15.629032944153492,0.015991059945959594,-0.2250089712064351,0.053619148445500156,21.86072285041208,-11.259324784494833,1.4086587602930412,1.6288574309708725,1.5944959116650912,0.06454576172868139
246.0,5.68414708596202,2.8839556843842242,15.668821300470228,0.006007512713092246,-0.21255026633440485,0.046973559323139506,21.885775851339407,-10.5568764098357,1.5256180263144934,1.5824883242575867,1.6740217499392431,0.07323122799484207
247.0,5.636571441067416,2.3959983518011563,15.278396200234909,-0.00045544780594130793,-0.22150391911385095,0.025204038004097967,23.03775179662453,-8.849507303949771,1.3769398678882494,1.5433380880978618,1.737305374130043,0.06173186448350441
247.6151178909436,5.747558357959445,2.0883991952149623,15.23733092344035,0.007542153576066371,-0.23158090934785835,0.026102347711577982,23.870393106656522,-7.598093916637824,1.4119771911418002,1.5260500948268412,1.8261817833546248,0.06170505919095931
248.0,5.805652615823223,1.759405702529819,14.82301550639484,0.010189640944145095,-0.24137104795019057,0.009689886287331327,24.443830265497983,-7.131245664455215,1.0528385864246341,1.5384406732259732,1.8040936068700333,0.037693547732883005
248.01517136899272,5.820948831739666,1.7325698479332656,14.812302893938769,0.011206294014004803,-0.2426073721236478,0.009354437865117705,24.457160265998244,-7.089830062683712,1.054028162416042,1.5361558391275116,1.8097274673101578,0.03780422727725459
248.61530216299198,5.889675220306569,1.523569319661306,14.806859285804686,0.01606710474082038,-0.24676468887258637,0.011354242062874768,25.29002409904052,-5.910982909979416,1.0712194005488829,1.51968712065006,1.8584044446072459,0.03695532631955379
249.0,5.842023805271978,1.862813218816523,15.039077438870192,0.017759296920671578,-0.23142522364434254,0.023961518667844448,26.48387855990935,-4.993816373506989,0.9385907817188417,1.6328149523338866,1.9185913075293177,0.026352899937464272
249.41557283131266,5.833236378703479,1.8172256923994727,15.137903544907676,0.018204317632603967,-0.22930802579523413,0.03458997975249478,27.101794163913354,-4.202125149234697,0.9227240235334094,1.6155072426205832,1.923882512885068,0.022675066309171366
249.81574936264101,5.8143286009153865,1.7171059960469153,15.086734805882168,0.014680857447440764,-0.22925270725398111,0.02398987310007515,27.881629703687768,-3.4584559794462164,0.9604659700398948,1.6702773861570894,1.9206838409461962,0.025855205792932608
250.0,5.408874025938253,2.512453560425573,15.147713396726681,-0.007140324243306483,-0.1931282263940008,0.018027075581851758,28.444186163734077,-2.364289178032448,0.6185037403860318,1.7158951512828242,2.052073936447291,0.005435423178023979
250.01584776685903,5.458612421427727,2.45949396923518,15.110002035133533,-0.00375418562807446,-0.19661482523583695,0.01495446023183308,28.434964809115392,-2.2728765952299215,0.6259326482094363,1.7066324697672859,2.07559480495922,0.00638742129039613
250.6161825126459,5.612236687431138,2.2442519544480315,15.05382278489507,0.00868601162389519,-0.2063491260313577,0.011351258038083843,29.21515249404604,-0.7462967885783924,0.6402248383881382,1.6463183999396651,2.182007867701078,0.007317156968642712
251.0,5.4375746578445945,2.352154069092835,14.613376462421503,-0.003527575135782038,-0.19617542168596813,-0.014128003001252313,29.699769146097392,0.3007999796013146,0.1488586909385265,1.6272704830042224,2.2211020850081553,-0.022584581580743047
251.81701866895023,5.284336375823122,2.258278901125999,14.63536430110474,-0.015910054477388122,-0.18978386629797794,-0.016332863962749064,31.327028114836224,1.9082084625009872,0.1357186497196598,1.7265105848847342,2.1526008673257087,-0.023384251765561817
252.0,5.699440171913015,1.501608139134034,14.168834287475395,0.0017216973772616745,-0.21851517867318032,-0.03508133701906345,31.010387073478213,1.5370407922791425,0.179889345953908,1.620983790507356,2.0051869383325416,-0.019917077474323742
252.41751148929978,5.772122822358287,1.3625385740227438,14.113600388656627,0.007329285928047395,-0.22385792977367805,-0.03920025354685615,31.589588969879333,2.5174593490345547,0.1823642588641853,1.595063015671958,2.042492696106814,-0.019642066520637106
252.61768560356865,5.7868849998093275,1.3080121859324498,14.085783200103874,0.007975370295095856,-0.22452821249298235,-0.04165177040724623,31.90998318860727,2.940622288824583,0.18476044497628832,1.598452652397336,2.0404348722528534,-0.019167571245563387
253.0,5.874302404233761,1.026328813456107,13.733430281297148,0.007096850563933279,-0.2301261613329452,-0.061067706784901726,31.901762047048933,3.477275007545149,0.13559171449983887,1.488856782126503,1.965804227112566,-0.021081820832795084
254.0,5.57686324135023,1.0871593978766039,13.585824851448733,-0.01204598850011778,-0.21512198384245515,-0.07195454412601017,33.00628453618513,5.811922421195757,-0.004400242899670018,1.4032277865664153,1.9583628995247926,-0.02829280328400852
254.6196448195135,5.627517252714013,0.9121056679948559,13.46906126861649,-0.0087361807324575,-0.21871563934673705,-0.08066222562850545,33.84755080335786,7.105527809358931,0.0001634396738769764,1.3869095370495566,1.9440395412186091,-0.026781306119773977
254.81985795829644,5.534349353551422,0.9165694474103387,13.46807929277463,-0.016512186668121508,-0.21325250442704952,-0.08055570829227082,34.32158189246623,7.308014742030841,-0.005407215937723208,1.4432321174317244,1.8635558317575898,-0.026846629032624116
255.0,6.089237887499028,0.35988944734391226,13.042288337385202,0.017311082723684208,-0.24061878463490138,-0.08937099863242437,35.12005914144198,6.990575008063517,-0.36021763240678445,1.5438379670767453,1.7647870569045503,-0.05030993814263187
255.2202909484745,6.086678563349326,0.32356194471890753,12.9928907231639,0.015544305103677238,-0.23807218719962317,-0.09266998098185342,35.524439275164106,7.310148675336791,-0.36354437266617706,1.5670939016080563,1.7175365912250504,-0.049674549048709715
255.82095424640085,6.076172787412625,0.1925054720161379,12.993466691709772,0.015376786663802959,-0.2375167855976078,-0.08545727729356589,36.41902734217165,8.31189561209747,-0.4126321420523048,1.547927305021468,1.6414327545829341,-0.052925888348313306
256.0,6.325217462657178,-0.0499877856556096,12.980568540249832,0.029374961564472852,-0.24847733830997387,-0.0822440522188885,36.77413482071147,8.312694324157185,-0.3337790784839281,1.5613101382778456,1.575993925792797,-0.04804866392748108
256.2214034135306,6.3164631574713415,-0.1682727719432757,13.061993900596919,0.03328034956453809,-0.2578522053769863,-0.07297953101203498,36.91725932873885,8.893517627805016,-0.3660841755371179,1.4828270631032006,1.629848309172624,-0.05162726137891933
257.0,6.374753376767881,-0.39738314564296906,12.899491826982741,0.034676563701598,-0.2592407468820435,-0.07779620873451547,38.051524615284954,10.071409380348156,-0.4985343972752229,1.4665910170460363,1.5174751422639507,-0.05864321517609509
257.02231188995864,6.404774240843937,-0.4407802782489022,12.844307648559154,0.036500609490457456,-0.26305507742825673,-0.08533657499668802,38.06684157602674,10.18526864322734,-0.48207619206091734,1.4619654276590597,1.5466852546507965,-0.05652104376943431
258.0,6.555784625090543,-0.7566498276032003,12.698025018780223,0.04117949799158158,-0.26630495671344717,-0.0891620749841599,39.264869364086294,11.435133335270832,-0.49224116807123997,1.3987228108977554,1.3657529456922632,-0.055160509262192785
258.22367965469914,6.55378587077494,-0.8019219825168159,12.700068959293924,0.04050638696791705,-0.2648637238311038,-0.08609057029196744,39.583736604023855,11.703146106695316,-0.511955007715023,1.3942404370320536,1.3159591186562842,-0.05629915680404143
259.0,6.135571013515956,-0.7542595695373523,12.563825290237531,0.017330901872419858,-0.24847438223928084,-0.09110664034835601,40.775945390045976,13.290790308951786,-0.8513817349156514,1.3930385684035287,1.2831338287304968,-0.07621490804369085
260.0,6.2424827056427015,-0.9971591007132365,12.306759067975351,0.0191524541108911,-0.24863454502967994,-0.10196950968660773,41.58051735161667,14.252715800252956,-0.9445479427600058,1.2511550384056895,1.052847794193802,-0.078627384634879
260.0256788265547,6.348202067843081,-1.159970909116125,11.987708923886256,0.02274971695301916,-0.263217930419785,-0.14198302440875551,41.662212315153766,14.557690048684444,-0.8542894073456488,1.276822480598785,1.155610954194979,-0.06721401511021971
260.6263173349735,6.410846015412349,-1.3618593627004625,11.866202384839305,0.02615415538379224,-0.267173784249278,-0.1462457971010029,42.355527411003294,15.33070078264992,-0.8851738700194103,1.2328651497950895,1.0833445587698287,-0.06693496504978806
261.0,6.096152916327296,-1.2622441200774106,11.91960275042835,0.00840578627195751,-0.25268673962737553,-0.14326420574886006,42.6925557704401,16.141090675385154,-0.8915380254794435,1.1943149026460853,1.0760741594190475,-0.0660628545612759
261.62733833735666,6.285839049068913,-1.6063808774098085,11.83554911324642,0.0237610638545598,-0.26866151108124575,-0.1419359829261466,43.03813278190584,17.228903533806967,-0.942463157564697,1.0398171278458208,1.1106992796420354,-0.06897518265531682
262.0,6.613142550793724,-1.890813917956684,11.685039054775087,0.041096031771213896,-0.2828806621237301,-0.1450695844750273,43.49872293378515,17.201922433015774,-0.9718807248674208,1.0285035301968861,0.9793223403866628,-0.0694760832436169
262.02772950214205,6.698894177609104,-1.936432420003367,11.681085269132405,0.046953327350363866,-0.2859857755412794,-0.14374595869408552,43.43568807938869,17.309332153577685,-0.9786225571972744,0.9964643142789956,1.0053111756437105,-0.07055458879880508
262.62829577967983,6.807370723650495,-2.1395154087193844,11.575617383492885,0.052234707904688385,-0.2888003181556125,-0.14481270377988675,43.92073462154264,17.982074711471352,-1.0206076097210122,0.923702902545928,0.9321525389164506,-0.0719849035739264
263.0,7.316848260886296,-2.6679978260754518,11.85856695228536,0.08580782878170326,-0.3181497075113144,-0.11683175513497662,45.71302744839476,18.13314704218578,-0.8478182496013422,1.1693129482316782,0.868718461661015,-0.06434016470506905
263.02865883177674,7.405224504991262,-2.7237706187314883,11.836346234870609,0.09160084089143679,-0.32227982476014755,-0.11793618970490694,45.657278519086574,18.259071799129956,-0.8491131771611663,1.1383401620275826,0.9026230961254752,-0.06475456074194401
264.0,7.440623003030424,-3.001470147502061,11.874865773716053,0.08891385940702795,-0.31962816584809384,-0.11111582958922635,46.69494767649187,19.117487820155937,-0.7584142485308396,1.0792219953657918,0.7323622507767908,-0.05673432153865881
264.229673274052,7.232135416047005,-2.908652752172539,11.875827777897253,0.0720825013859838,-0.3045775495916233,-0.11006862915146998,47.271187367589945,18.896312295044076,-0.7667658940949782,1.176373842079546,0.5468880112622119,-0.055702122528538484
265.0,7.244864402186569,-3.1797809744805505,12.079540945999995,0.07211832027568416,-0.30518321814627986,-0.09249518183908868,48.784844394116305,19.555620783234176,-0.6348458759666861,1.2651438608718362,0.44004306268564886,-0.04804318083343523
265.0302834368498,7.237028879212182,-3.1781891320643263,12.116569394080377,0.07190988899520254,-0.30397718524139467,-0.08784216675425774,48.81451351895807,19.54558877829831,-0.6468619447869566,1.2607459232181124,0.4245208357506795,-0.049222341084104004
265.4305677696636,7.296052472680385,-3.268120363115801,11.923139322093508,0.0706810808278059,-0.30246714017710086,-0.1055442154499987,49.435898820869596,19.67634415852122,-0.6227280042161013,1.2911883101833896,0.3316669140008339,-0.04470958379356074
266.0,7.444989245593742,-3.4958320374882423,11.771976738957695,0.07642035155102539,-0.30776676952192966,-0.11054311953896197,50.06895746255156,19.610595606122338,-0.6917951959393589,1.2566197642229007,0.16608662544815264,-0.04688984128862392
267.0,7.465625614630998,-3.756054965864396,11.75262432340556,0.07322320167581277,-0.30417296814373845,-0.10701951535652564,51.17125235184773,19.722199508268087,-0.6356767797033728,1.196753953958004,-0.059184805647056575,-0.04115138884633805
267.03156240802076,7.445847879159866,-3.6718947758463454,11.927658556683243,0.07257066371482752,-0.2951442230251271,-0.08566091439405697,51.19078861443712,19.568943360564454,-0.6848804567177657,1.1880862926055666,-0.12127644187506606,-0.04667931267660745
267.8319728875063,7.457116519606159,-4.012041295047172,11.814514542041126,0.07132758931598471,-0.30344918236026125,-0.0929433130051991,52.10401400769015,19.55516344126752,-0.7056017861159365,1.1468591751576225,-0.2690288948166163,-0.04559165278571774
268.0,7.591740588797678,-4.191402147983779,11.711424538625437,0.07909265058966712,-0.31426998535690853,-0.09763536933737764,52.29391467085759,19.21479860122374,-0.7698488730240811,1.1363471016642859,-0.35866916119365844,-0.04813648845681258
268.0320664516911,7.591314892770434,-4.214055164838248,11.707049214334427,0.0791353051263024,-0.31525640753798156,-0.09797442875765355,52.32513892625246,19.21718916758451,-0.7707951020260977,1.132848019746078,-0.3618854847843588,-0.04813933042820569
268.63232556022956,7.726460787586594,-4.194960819392792,11.624047442492618,0.07991536577184355,-0.29948055084125763,-0.09684687226515615,53.114861985882264,18.67393968258881,-0.7983230585399607,1.145876150254859,-0.5994067004652659,-0.046993978814996284
269.0,7.50664137287973,-3.930858372634294,11.532423406035662,0.06134968053537637,-0.2682949413619271,-0.0950620653968067,53.873276524206986,19.340939499480633,-1.0077546716158734,1.2052763811140077,-0.5376177185590287,-0.0621919512856771
269.0324804673833,7.51132697185748,-3.935537677497799,11.50649227197759,0.061160408827372385,-0.2681656261930437,-0.09756909215647579,53.92424960988026,19.32257237046051,-1.003843741531978,1.2084320216870428,-0.5455026810128946,-0.06146993986549532
269.8327482541924,7.457750571389186,-4.292318460787862,11.51851536977865,0.05918998474138888,-0.2779788329804001,-0.09035583315283155,54.77801212370553,18.97762474196247,-1.074685501577001,1.1413639009006535,-0.6906473915941711,-0.06514828520914853
270.0,7.410743433208813,-4.108282543110437,11.603711859121024,0.05306747228510619,-0.262043865062309,-0.08891840844969279,54.250732271993165,18.85675130050162,-0.8718971929741243,0.9963938146269607,-0.7432154852585722,-0.05085782418099689
271.0,7.452009975505932,-4.276947398460808,11.645373407803252,0.051427141633394506,-0.25584535564594485,-0.0842981974311386,54.83884506849881,17.968755405684128,-0.7298928281785237,0.8570325365695481,-0.9888476649140382,-0.03876905945055244
271.2330870859007,7.489756976345487,-4.240714877984925,11.441200584802036,0.0492920598298555,-0.2498674351526956,-0.10393726508895967,55.167384784449794,17.64388365197161,-0.6890750853562185,0.8860221964743858,-1.0716265064159125,-0.03205907143662747
271.4331226046398,7.4492090637131545,-4.370088369354044,11.539031693155536,0.049205041676936755,-0.25469921380004884,-0.09200509317311843,55.261778556545075,17.490527801800642,-0.7265241725545,0.8426084158721241,-1.0982140871051285,-0.036297764194389806
271.6331550330678,7.529997798014926,-4.305751763514162,11.49577776453904,0.050782713071834365,-0.24654173045087144,-0.0926651538047822,55.473881425828516,17.132133155627674,-0.7296080960102844,0.8442720943844306,-1.187327797338305,-0.03541680389424672
272.0,7.505213121850508,-4.6810591544536315,11.709196120674973,0.0546987219414926,-0.266459206145697,-0.08441772070228308,55.57571433657882,16.21415237582588,-0.4542800290602436,0.7702839548722713,-1.3585128985960184,-0.01565858010095172
272.03321081324407,7.429293796337292,-4.789058427367525,11.716502391475796,0.052414365052285396,-0.27326131958212685,-0.08540983673958386,55.5867883653934,16.246886363844553,-0.4536216935611096,0.7602996849901577,-1.340009017532198,-0.015838882105268414
273.0,7.637581685829111,-4.512754405315679,11.59996734829936,0.0498537020651156,-0.2379681276953778,-0.08429831527835602,56.000500285592835,15.423692866609032,-0.4295223914671371,0.6276422321364649,-1.4632267205438063,-0.015020222217736849
274.0,7.731092417749201,-4.678521352030242,11.554365270522709,0.05034742075422568,-0.23337322147340034,-0.08031276027550183,56.92826138983884,14.111914893159833,-0.4360781004362723,0.5983836039941328,-1.6255101923907236,-0.015492274335597127
274.03332218336556,7.798008570284111,-4.558915156193181,11.327738023343349,0.04952095551999959,-0.2258007492789419,-0.10357797768088574,57.070581831124876,13.967440247601468,-0.37900984770398605,0.6408551572174079,-1.662901670012628,-0.0076175481229122715
274.43331424007107,7.691655900047167,-4.7866051258935425,11.343911096966892,0.04594309906287814,-0.23435448150431537,-0.10008419867063023,57.28555836261384,13.394982485178332,-0.392711703919782,0.5896857009338224,-1.7093427109716177,-0.009335456962822595
275.0,8.228390683482685,-4.170764661612609,11.527389594403417,0.0554668870220801,-0.18947291678648742,-0.0787098441643308,58.39904454298587,13.557714664535538,-0.1268247127578957,0.7039952988561314,-1.6026147890573244,0.00205960068045577
275.2332721895913,8.551277599855167,-3.8491339258717896,11.519442671144523,0.06524176812080358,-0.16547605990218398,-0.07021657061941278,58.57776140322451,12.873758178709778,-0.1414536468078085,0.6971754124945299,-1.7442841838636567,0.0016206476363128416
275.63323914680984,8.242620246765291,-4.2381850690884,11.717440373088019,0.05591903739999506,-0.1843440525071389,-0.0521321443827977,58.73896966514256,12.411140754668072,-0.19167182116975184,0.6213974637476758,-1.734678640192563,-0.005056959008865431
276.0,8.249790522685561,-4.331169691958863,11.575497891347998,0.05540549865722239,-0.18587823585261756,-0.05702480279149416,59.174495955189876,11.81246393064429,-0.35847275247089816,0.6306365789106604,-1.783623038076683,-0.01571098746790962
276.63312582340404,8.402269020086342,-4.306283642632506,11.414354522311754,0.05795727321583306,-0.17710639815157642,-0.0684609575271749,59.63113312602741,10.51472587301792,-0.3357119344254354,0.6017243869773248,-1.9251020489323762,-0.010813269390345498
276.83309843496374,8.134874520556172,-4.571628926242504,11.399613782729295,0.04793544099859632,-0.1910283107793556,-0.07428208959988075,59.78136833594662,10.33818569387469,-0.3260330839714466,0.588333033383789,-1.8885769095650498,-0.010043258946517208
277.0,8.596303173602605,-4.076435154098014,11.155009310925186,0.05762718033247799,-0.16196525720973534,-0.08291664268508207,59.4881240362345,10.413448880445827,-0.4213075588736819,0.503182418382118,-1.8421886856671876,-0.01597956485702206
277.23303947222627,8.512816568863556,-4.2319638758904485,11.265914474343619,0.0558135274150764,-0.16907320934658188,-0.07042532233382197,59.539228166613285,10.074518127900417,-0.4576095988864454,0.4563993336751822,-1.839752549587924,-0.020276087447874177
277.83294155345305,8.582563811074325,-4.281275497341844,11.163607616827301,0.056407161912061445,-0.16561110283633482,-0.07654900052605079,59.83512532936828,8.878958923188362,-0.4516658797981416,0.410075260443678,-1.9322018083108639,-0.017424844310750552
278.0,8.538695934432436,-4.361917748754984,11.335950046897539,0.05553440932758644,-0.1682978692138295,-0.0691303033218423,59.71945906644322,8.450042889154028,-0.2424758513007261,0.3550511152358389,-1.970305617719522,-0.0036806369184893793
278.4328338100004,8.548585223446466,-4.473888687966996,11.43264306881657,0.05646983017557847,-0.17065900344874882,-0.054920499087601334,59.791407022012834,7.627551831115901,-0.2808808218602744,0.28395576475296047,-2.002466490792933,-0.008211522687535245
278.63279600301985,8.3550898694499,-4.681881357486879,11.486610921006143,0.0496848691183008,-0.18153880038040665,-0.05142636388241367,59.83339572697468,7.410163878166391,-0.29507465087591694,0.2523321320727109,-1.960034038966416,-0.01024130865083265
278.8327573499323,8.289944309893446,-4.727250839060778,11.360405223947096,0.045516278334871985,-0.18143526696684523,-0.06645519673201519,59.98162197529051,6.989195725031654,-0.25587854019976874,0.25968038200163057,-1.9867076962279258,-0.005425567408176542
279.0,8.98267656936479,-4.118907527196136,11.22394064860432,0.06279302354577154,-0.1483089091690089,-0.06892513447794396,59.663582137973975,7.158296758262133,-0.19014580841299647,0.17812726909294785,-1.9134236849274184,-0.0017276563160573658
279.23267773666214,8.9586399803967,-4.196590023194708,11.25194408683299,0.061906474667879116,-0.15115297268485936,-0.0645222960870448,59.681706067580045,6.7568858543195605,-0.202280363297415,0.14247354310071156,-1.913646813417661,-0.0030563301140423354
279.43263688846423,8.924636801764496,-4.273657878906793,11.26911108636446,0.06053133319239334,-0.15436280329409233,-0.06185213824279215,59.69550557457607,6.4319930091349455,-0.21079558403968487,0.11250329627936917,-1.9061036099991333,-0.003729078449129449
280.0,9.697678874944076,-3.725774073121598,10.948119069243647,0.07936839417379893,-0.12255504473925753,-0.07017162823813691,59.720733303711675,5.959171375373555,-0.3573306321973705,0.047516082793162114,-1.8275000174195934,-0.013117218441756623
280.0325108159997,9.780505374044125,-3.6366873770117008,10.866174359827049,0.08133882888142814,-0.1159673087669983,-0.07822091070995649,59.75606994004878,5.7927892236842915,-0.3363223570271673,0.058416747242870354,-1.8689676827692256,-0.010130530291727363
280.6323804852131,9.950136985658336,-3.640763011435465,10.848818225927003,0.0864069232179749,-0.11185694020417264,-0.07208829049122449,59.71963904689129,4.5848218574075315,-0.3573577776601975,-0.027537502938059594,-1.9201071721624612,-0.011987039749446794
281.0,10.776972023120681,-3.0724800743663847,11.311354994277272,0.10957205977221908,-0.08175587814256173,-0.04449622819577298,59.50737322220482,4.445903693080878,0.3519355245153816,-0.10543212989216408,-1.8326560609529035,0.03158758345043561
281.0322918298786,11.143026481766176,-2.8421770665393917,11.219503119733279,0.12220433182141789,-0.06740647072030896,-0.04857301228524312,59.488362665301565,4.1746196137320695,0.36514877392479056,-0.1060833432035005,-1.91486720715852,0.03373008398971691
281.2322470920003,11.45556025733863,-2.717549087295728,11.215265850055163,0.13335068485025103,-0.059880701590417716,-0.042108443939586765,59.398188172302675,3.6826657730051067,0.35652868435404916,-0.14927053678430002,-1.96219197653317,0.03247510218910076
281.4322021288327,11.823338092053811,-2.575092289442114,11.171439916401924,0.14613774348716096,-0.05183179636128611,-0.03976134796329158,59.30281604343433,3.166508343469132,0.35752437666039516,-0.18930634940803456,-2.0148496304588206,0.03218230199843367
282.0,11.698123895416375,-2.766179569527732,11.40539570185812,0.1417889669286675,-0.05971373678130494,-0.025906694099134066,59.80448911423465,1.9498100738053639,0.5153546305976876,-0.14084065682366798,-2.045139341319562,0.03995196079169352
282.23202065042966,11.681924156996725,-2.8023416932080036,11.415527495938228,0.14009557160686176,-0.06087143392743072,-0.024788925264268104,59.770425584097715,1.49193939968825,0.5218646077569538,-0.16977385242177703,-2.0436592297359244,0.04004129047309843
282.43197500939846,11.730109946377558,-2.7991545151237296,11.373943165879513,0.14041027117354513,-0.059904114827179555,-0.029261290342740345,59.753831227284984,1.064333084396547,0.5414657727442809,-0.18698633027652892,-2.053841076030802,0.04194029212595618
283.0,12.358025542719163,-2.4619210794761335,10.904695558201922,0.15450880991383326,-0.04257916503841231,-0.04853623716286489,59.42848812309886,0.28258368905585296,0.22782538633342292,-0.2910230044521802,-1.9913793104117137,0.022527416189666364
283.23179197521705,12.411214208093888,-2.4378539496275815,10.771788947128908,0.15354518002258746,-0.04013959341077276,-0.0645721272005556,59.43222671151592,-0.22390901113703368,0.2732417293187756,-0.2938016589309385,-2.0066512005082333,0.0277086034837307
283.43174616836666,12.024074252838872,-2.596390710619688,10.763466220447768,0.1371763298868272,-0.047710814637538436,-0.07267900727841696,59.49308943416746,-0.4854023220206519,0.29971024955733755,-0.2861546306198607,-1.9511303294483704,0.030332769713031914
284.0,12.012758396898036,-2.667276757375333,10.4774073483098,0.13384559538407778,-0.04973453331571049,-0.08458251583163882,59.352256971225,-1.635661897805714,0.03312973630736721,-0.34760429776176105,-1.9448344430593003,0.013510627635533928
284.03160875478903,12.106062246225733,-2.610714712606634,10.306179677123039,0.13491895106502907,-0.04642195702321934,-0.10559314764795442,59.42153956607483,-1.7459506026672422,0.08414624304604634,-0.3201805454578529,-1.964046583053773,0.020169228755629553
285.0,11.606774210125971,-2.9936104954159166,10.28886670411895,0.11742086474756613,-0.06176478343999993,-0.10199008645116052,59.7460379849835,-4.037239527112778,-0.021846936533585964,-0.29903424860491057,-2.000896957913467,0.011990535292135226
285.2313337795096,11.530670154972,-3.0517524256225816,10.381772833625872,0.11510847976683605,-0.06384122346392734,-0.08835118341018917,59.62572979115341,-4.467138020526756,-0.052331289093371355,-0.341404183487373,-1.9772172267302122,0.00792274479911707
286.0,11.815062230299521,-3.008194005963927,10.332622877614133,0.12083622191283036,-0.05970482889647462,-0.08713103174768398,59.17478169868865,-5.838169019710199,0.03342307881571286,-0.45566854454780065,-1.9100884306878367,0.014029043415325702
286.43105628475905,11.639562509855635,-3.1094916321072854,10.261735618354704,0.11138071160548804,-0.06388192684955286,-0.09576671636602581,59.06794397541996,-6.557024050287729,0.06185942412905249,-0.475194561896676,-1.844123690266278,0.01714661163055227
286.63100943537773,11.60492377224547,-3.1492616023874107,10.289968335325755,0.10978409616392722,-0.06545944367286727,-0.09062138018260413,58.95718772334868,-6.888472938514052,0.05205932738107942,-0.5021282088189776,-1.8151607619895835,0.015486112169050718
286.8309623288181,11.598586179491416,-3.1744363828895406,10.27883002076297,0.10872351291818437,-0.06622350493526091,-0.09022149356671803,58.86201070105236,-7.228585688084707,0.05410443452716534,-0.5227308530154634,-1.7901524837160978,0.015293927745900536
287.0,11.8750596752863,-3.062212786877849,9.92807022016721,0.115899211470561,-0.06066067074584185,-0.10451266738739803,58.90037068684256,-7.361778234925392,-0.2631184361614661,-0.5131104795542433,-1.7491093890159992,-0.004435728940370896
288.0,11.55022677688775,-3.2919964204534726,9.810199734833944,0.10253900558069229,-0.06826128891764498,-0.10628689735509197,58.52798838743703,-9.364958054371533,-0.39555464577162824,-0.585584401307367,-1.695737436831735,-0.01213877900633451
288.23062198062496,11.66566315773487,-3.2792639853565673,9.811659940068406,0.10661068528346099,-0.06653752582484088,-0.10143698969967344,58.341321360887996,-9.795312057340174,-0.41045685771837553,-0.6253453868718255,-1.6850115656395737,-0.012993609614205256
288.8304678878119,11.79777451754833,-3.309530354851839,9.80119856092961,0.11004731387804453,-0.06608899627319191,-0.09387004141931989,57.87671936732618,-10.808431695687606,-0.4383727345306725,-0.71184306428956,-1.6211190744792248,-0.015382973163679122
289.0,12.722726787444074,-2.986392337146556,9.490673010841112,0.1377446143122767,-0.05059358467910283,-0.10393784200543929,57.80043946880075,-10.490235817530765,-0.5746075529068388,-0.7164179470559594,-1.5033200293280342,-0.023340070614167856
290.0,12.378264085835232,-3.1696862678767475,9.92307688618857,0.12551033028234831,-0.05720659367235967,-0.07621722551244337,58.28704302883089,-12.38898236552408,-0.24876512318958843,-0.5727499004812578,-1.4474218908788545,-0.0059888924473348835
290.430018593831,12.944334942912974,-3.0502398538075255,9.961935893046563,0.14732265168111444,-0.04811635829776988,-0.059849644224209214,57.77558762029737,-13.260884038881194,-0.29524781298204406,-0.6858898862939448,-1.4768075546234152,-0.011589256472596402
291.0,12.989860301248385,-3.078663271548963,9.994217974669093,0.1467161659201508,-0.04830506308230735,-0.055507408993331585,57.73237661606565,-14.15192218297806,-0.2772931229751501,-0.6655529549572647,-1.410711386256082,-0.011122165241438333
291.2297657803447,12.781837294833545,-3.184344108116514,10.13551478811214,0.13873624889417596,-0.05463248499410504,-0.04088973859549475,57.59264547753238,-14.325894318873257,-0.31364053890941923,-0.6835554946970662,-1.3225726117858991,-0.015246035039641762
291.6296305658416,13.018908624652164,-3.128066903914238,10.046128842934536,0.1456923068532334,-0.04894935414921659,-0.04703194107068408,57.25426304379221,-15.00166188532262,-0.30543493512273906,-0.7346092124521187,-1.3119649702173757,-0.01351323774602043
292.0,12.94666424314102,-3.145840506498682,9.824991141513065,0.14221242689836114,-0.04942504490943986,-0.05331608339816759,57.81218335816024,-15.705990382623458,-0.6648460945888452,-0.5985316709304439,-1.303950751995719,-0.03806842511211515
292.42933995725593,12.689612696765932,-3.1856081941267256,9.687716199965793,0.12826697975713114,-0.04996521889749003,-0.071409491103769,57.733706813426046,-16.174730024636375,-0.6340354525073632,-0.5739058038522742,-1.2050159480705904,-0.03244916218912214
292.62926272962477,13.003454167173944,-3.1344002511426003,9.782278093933323,0.1420856429025669,-0.045321235023567163,-0.05464883772538296,57.38688795617896,-16.59096291149016,-0.6855971381766094,-0.6561024426968365,-1.2333198877184062,-0.03850907058865346
292.82918354602896,12.921329514902256,-3.125208403478126,9.679204235916643,0.13683976473750112,-0.04352818813074685,-0.06739807445813227,57.35503681926567,-16.84806393510475,-0.6594533220465102,-0.6415999302822256,-1.2035187229019149,-0.03464441193960151
293.0,13.069030609041503,-3.1277548065830243,9.796335164552136,0.14031292072004378,-0.04268283398329888,-0.06429549036640371,56.58372412772664,-16.81920667421241,-0.4038811605853668,-0.7866402380366284,-1.1244608485509742,-0.01635554103736833
293.0291023445682,13.169833433516713,-3.102716737392486,9.749846413607154,0.14390077160786813,-0.040633845133147856,-0.06821415309499679,56.5402286721256,-16.90552140504955,-0.39595753899989555,-0.7952225888521001,-1.140508245183129,-0.015515159672757519
293.4289336440936,13.24636121366964,-3.1255738767426453,9.760150636341255,0.14508891205485225,-0.04122339738375798,-0.06331868933130536,56.18739691294547,-17.340670651793594,-0.4144169950414935,-0.8390989855863177,-1.069458435988469,-0.01727123979263571
294.0,13.06360780391563,-3.2137922631847875,9.822615699282842,0.13621165732417007,-0.044888251024279714,-0.060238399281405904,55.511362141843705,-18.056919652113322,-0.3509120642781403,-0.9268407197092812,-0.9852212399992345,-0.012558229101008346
294.2285693949113,13.225301264358993,-3.2151897571853363,9.821942143101984,0.14223217678456765,-0.04376628264618038,-0.056596980057999055,55.21769383338069,-18.339274738511048,-0.36380056311634323,-0.9733815111843669,-0.9686160467235491,-0.014146831818397005
295.0,13.639051977278477,-3.1997988017295778,9.808828421666483,0.15242234205658717,-0.04036531076491649,-0.0550473066441723,54.272101664094386,-18.7680725796015,-0.2516063854035232,-1.080515946205647,-0.7780585892270955,-0.005780452283798226
295.02816634969514,13.57787380899851,-3.209362736460334,9.816940770616352,0.1495029961047741,-0.04140427098277481,-0.054806799456969243,54.27304395657944,-18.751620842272494,-0.2516373524309393,-1.0731934195238602,-0.7570174154629077,-0.005611126565054567
295.42794923194236,13.67330034861165,-3.2656415429156502,9.879777446229074,0.15111653803563266,-0.045275055187511626,-0.04285769319646199,53.80152386834962,-18.95793741826189,-0.28320264009335966,-1.1227717826437906,-0.6495509360418574,-0.009153319190733629
296.0,13.730343240840822,-3.2839923960191424,9.882998216196748,0.15082717676352905,-0.04569577242123322,-0.038636905091825845,53.77790844834208,-19.527484249867477,-0.35819295405006946,-1.0529708132630795,-0.5807167608890317,-0.015985400115166977
297.0,13.920695781896093,-3.3236820818490656,9.789598574775212,0.15201213057386137,-0.045050602360114385,-0.0415510698763246,52.566798517294465,-19.92752885344917,-0.40929879686538917,-1.161419572152105,-0.3552326008002065,-0.01729765232573895
297.2268324710224,14.22169725110238,-3.427074812385915,9.92661521492078,0.163363703275047,-0.05238281497498661,-0.01770775882852385,52.15023582654367,-19.938418909170657,-0.4721331604265256,-1.2279912978710843,-0.2888869453585287,-0.024684645283011987
298.0,14.138882690950986,-3.48686552792719,9.813825255892423,0.15570098131344656,-0.05465175094152968,-0.022122153654309366,51.32226451662926,-20.322375015200386,-0.6680859719073446,-1.2685691674784547,-0.15656771045075948,-0.0367423058907618
298.4259520985325,13.724515220768744,-3.4990414690726412,9.746754751361298,0.134126678668578,-0.056615113086426805,-0.03686188914001653,51.06785067383046,-20.165413579623312,-0.6414373605091229,-1.214763641170818,0.015708238190074206,-0.030274317505650416
298.6257943377129,13.559009120420214,-3.4680341389167486,9.645810599870357,0.12528340787376704,-0.053952802016970516,-0.05190950413512485,50.97092366067936,-20.146986987561515,-0.607757039106238,-1.1851740287902128,0.07023184765149468,-0.025561774909186194
299.0,13.670630798058742,-3.458480421679807,9.473532496450945,0.12743894913899045,-0.050943497399452635,-0.06111227758572585,50.20023197582109,-19.883934773734826,-0.7110445112512688,-1.2731281383684332,0.20143600823588395,-0.029408578233274973
