time_s,rov_pos_n,rov_pos_e,rov_pos_d,rov_vel_n,rov_vel_e,rov_vel_d,asv_pos_n,asv_pos_e,asv_pos_d,asv_vel_n,asv_vel_e,asv_vel_d
0.0,39.10806907376715,11.362976199690996,9.417426082459485,0.0,0.0,0.0,33.84685470381371,0.9638198989717619,-2.0847151628815532,0.0,0.0,0.0
0.010363182694305624,38.19343314437991,11.229021826461077,10.14969262963594,-9.479020193786765e-05,-1.3882640820190945e-05,7.588997069654107e-05,32.950215179573654,0.7840269326020028,-1.7603993576317973,-3.7334783080069707e-05,0.00016424728733848015,-2.862553413385921e-05
0.2,38.18976449717376,11.223431193251875,9.968835311894809,-9.516853945568158e-05,-1.4461753528889323e-05,-0.0018037490450723572,32.95079801184672,0.7852171562230411,-1.9203571022878816,-0.0005372234683159598,0.0020719422187644347,-6.474923560098628e-05
0.21015583461537687,38.040108606366275,10.848631778141662,10.246684581410944,-0.012138076784938608,-0.04400516028491932,0.04610956136560084,32.97741328740935,0.8528752767798167,-2.0757690175703303,0.006724159985710353,0.030297970320961393,-0.01223968850561094
0.40995386996825683,37.91513728764007,10.570256799856889,10.23380666687637,-0.02773137712668748,-0.09542445221961876,0.06916000572455357,33.005474464643584,0.925763961929007,-2.0662022994509197,0.035659884424957315,0.13987197565805937,-0.01734709169673393
0.6000000000000001,37.83867967610018,10.415058617772155,10.113739551858869,-0.04264889750463558,-0.12849793867696463,0.028415417251364823,33.038459400014105,1.0080293589109588,-2.039029206271325,0.0908446851083318,0.2843395931538428,-0.005171764851183854
0.6097576900928808,37.64693087785388,10.448931997132616,10.138208058593705,-0.1438511231817485,-0.10124794080564982,0.051308453041764436,33.222858868689386,0.9635585372491172,-2.0612702581234252,0.5869541449690838,0.15318193758317564,-0.010820966076002771
0.8095677070009177,37.581003751778425,10.353452417347532,10.091609676100285,-0.15882898029264342,-0.13201731585460594,0.004179578235053806,33.409403859322055,1.1132461315457949,-2.0235636292467722,0.877077641550863,0.4465592527305212,0.01687717717471474
1.0,37.55047357549979,10.215482859779778,10.07223932561451,-0.15863359799307317,-0.1348765378290094,0.0034612816539323745,33.593933881293886,1.0677091279151114,-2.0392526946299854,1.0706886041753323,0.49009692378131015,0.027829982514326262
1.0093843418736157,37.52414061266633,10.051075841815068,10.530763315546114,-0.16687247122870874,-0.18143703022470595,0.1002352645966598,33.63569633796516,1.3549439973260882,-1.7192116529950432,1.1524034938647159,1.1628416903657683,0.03096472602406719
1.2092080231095461,37.37005491649191,9.836316266469048,10.436124918863092,-0.18697157379186216,-0.2281618687087571,0.014833018186538517,34.28158661839405,2.022818625244103,-1.6219999230432864,2.106801094771402,2.1480016937414357,0.15187978808426922
1.4000000000000001,37.31736535792663,9.75309530948781,10.528196846414351,-0.18973418485236843,-0.23506785193398655,-0.04135065463430337,34.78950050774458,2.637874853005784,-1.3698780558394246,2.544082307206123,2.7469917366440395,0.25509529533987707
1.4090391838719665,37.30658237594891,9.742447725854909,10.552018390831437,-0.19971515564604933,-0.22655113223500636,-0.015938882065607358,34.78870570908949,2.8703608867016492,-1.3803391813723358,2.5188429691650964,3.093936422469952,0.27127508794589966
2.0,36.97816561785849,9.421636496819415,10.753970395474262,-0.22349620732216868,-0.24758990675882853,-0.0065557009229985485,36.29969484410531,4.791246943715685,-0.9562222270055745,3.420961545620708,4.21898254929679,0.48226800064937525
2.0085818794925165,37.00144356924281,9.504438753485683,10.99998576194722,-0.24153338825776857,-0.2917678945937711,0.18055049232373188,36.05947279337484,4.1003173643861945,-1.2027962310895879,3.0983673584684066,3.306281805121306,0.289364908769578
2.2084472683567733,36.927279848151095,9.51977970689188,10.860296272021078,-0.33905746359129135,-0.3634840481111034,0.04854014418572963,35.56464958443877,3.2976883995767814,-1.2646568118630435,2.117172016155017,1.968104172716089,0.028213779327002697
2.4000000000000004,36.86495397546855,9.456766967034612,10.893372576275645,-0.33509606690622235,-0.3439550592327804,-0.02150918512069113,36.01482476278348,3.9153127891318267,-1.0066225476768866,2.313473599664639,2.352041535042536,0.1024677247635774
2.408322249077179,36.849486275758316,9.419011997551719,11.009838808157582,-0.34338027232171403,-0.37582481609895835,0.055599802110027845,35.9974731021018,3.6928627014358795,-1.1068305390285542,2.2866190679478993,2.1159614544867096,0.047693262044686144
3.0,35.789067871847166,9.526830729685708,11.180304625655781,-0.4642342771292141,-0.32461981297138126,0.06249218221624362,36.49821430811287,5.550670528926817,-0.9321964073124849,2.5015413573600918,2.7766414235162937,0.09026032214077967
3.0080083874143493,35.48754726757565,9.451327661927623,11.161239019197582,-0.6676488024244193,-0.42268727497412817,0.005874220468098892,35.462886777203146,4.613236991442937,-0.9893324237528847,1.541468604077815,1.9301041130879513,-0.08967789481527297
3.2,35.358806449583284,9.36105535320334,11.301750420632445,-0.6674921059976581,-0.42981502792502313,0.03509051513102082,35.771194650099346,4.942205833615601,-0.943347446571798,1.627390855565759,1.995028218256142,-0.0889419497278499
3.207925217550714,35.06861026440425,9.310361067662546,11.281019357898746,-0.8143710891198095,-0.4357162837821316,0.023373668777750094,35.17184298663001,5.0373041534749605,-0.9888722824333068,1.1158489311745259,2.0627572074525307,-0.13452632183100244
3.4078531961094973,34.4839052910676,9.056820991198528,11.184252700850388,-0.9962518516282579,-0.5011807818268434,-0.026397886544433865,34.67958216035228,5.170147464255232,-1.061474411655379,0.6119211637184458,1.948451503517011,-0.1978334104153177
3.6077925031793816,34.274873540075056,8.804253168031334,11.15395201653075,-0.9976723435135202,-0.564530909793507,-0.03814960314933819,34.80580585798071,5.184804622836709,-1.1284218782132311,0.6257118436173262,1.7754565240896192,-0.21989984122199968
4.0,34.23995926898893,8.868078167498785,11.161769094093671,-0.95635350953032,-0.5211762017291947,-0.03482299232519488,35.42685602263369,6.236664769636401,-1.1716942717285337,0.7132658792855755,2.023766471409231,-0.201507299943441
4.007705539243094,33.85323092005402,8.66553169685077,11.296724142421247,-1.1085475966812246,-0.6073460168934413,-0.00976428730402332,34.836666831572835,5.82827544847383,-1.2366064565250112,0.27948716191187134,1.72461172974092,-0.2703785698657851
4.2,33.64174162073084,8.550748705850687,11.376450963085068,-1.107830724136128,-0.6067177052297751,0.0004099343496245765,34.89183843724672,6.165923431427542,-1.2177839194390765,0.26626474042832643,1.790532245544842,-0.26239704289199894
4.2076793345371915,33.625493880200025,8.55713762645252,11.332744442535585,-1.1108830849111213,-0.6010312465953901,-0.017687830681761156,34.87548614919556,6.221611344656806,-1.1820158873980384,0.25336464571144834,1.8205251555830304,-0.25283735774480237
4.407664587238941,33.490484224883794,8.050801028691772,11.314384650673539,-1.0786029610068804,-0.7385592156959404,-0.025292894455154098,35.117631907334484,5.752391515080218,-1.2999599962298538,0.3570709418105863,1.3634592980782292,-0.28831133331114794
4.6000000000000005,33.285190600141696,7.912368766975814,11.408194422060046,-1.0778038259302962,-0.7374278264209391,-0.012968845915510037,35.188886673184065,6.0206418357610465,-1.2669053642327854,0.34919567400668633,1.402448653616514,-0.278121126252159
4.607661172679851,33.370228253819576,7.771164014481922,11.40078073032358,-1.0478877100732902,-0.7807707895272076,-0.016291170045979443,35.36487510948561,5.75075151440945,-1.2763496391470983,0.45319979063460547,1.2343425253166718,-0.2839730847728306
4.800000000000001,33.1687572436518,7.61427000291013,11.210059523173818,-1.048074167118647,-0.7830939885205439,-0.036372657966699445,35.45422452284947,5.980352174309211,-1.526554737866988,0.4506984752736878,1.2561670287124787,-0.3060291727229358
4.807668904609423,33.22119018661978,7.227335174822215,11.202838909075966,-1.03110722146826,-0.8922586427263346,-0.03914515138311508,35.597587803438465,5.366500785813436,-1.581224689625642,0.5318139869001335,0.8943740014324815,-0.3318699031512454
5.0,32.89004855838314,7.4804319032630175,11.314874456706722,-1.046420154251009,-0.8406742127979555,-0.024065375000409235,35.55547520750983,5.983350065750333,-1.5275562232484399,0.5053128633756349,0.9820389990715626,-0.31529462936848396
5.007687538196226,32.850499514889,7.417753834426156,11.31661056166457,-1.0577294223553118,-0.8575055529452206,-0.023234699748411223,35.4981931180584,5.924946854362705,-1.547634862451572,0.4666410575643123,0.9395410508933913,-0.3226678557482966
5.407756264432214,32.46820414632472,6.800212072943442,11.225145255486634,-1.0484733585008057,-0.9301629763275803,-0.048942416929538185,35.77597239297252,5.860814986912416,-1.6479811477914297,0.5235646737058962,0.6824646748100267,-0.32491586369997694
5.607805617327329,32.25916326115947,6.502330999900826,11.158090005220474,-1.0497946529257725,-0.9572760972755548,-0.06669041844152102,35.876510107567434,5.829587373000773,-1.682171387221058,0.5295999986638898,0.5717274469340405,-0.3204293936144506
5.800000000000001,32.04816032074219,6.3072520058750765,11.137720033165559,-1.0523480337380613,-0.9595730157085559,-0.07313824067151065,35.951592915916905,5.9300590069323835,-1.6972407040213133,0.5187488531554001,0.5495976502157826,-0.3114400170958267
6.0,32.27258188263883,7.020261738897734,11.114435825023103,-1.002471176274947,-0.8522977326436303,-0.07068219244777575,36.52984002232488,6.960588648139077,-1.77654269997761,0.5940866550143178,0.6658033348391652,-0.30833438827232723
6.007932169495257,32.22229391022757,7.0064060816668015,11.415637702046574,-1.0159219133502766,-0.8535457907738062,-0.02929533687531102,36.37903375877297,7.002067373932846,-1.522106067591033,0.4938232232865005,0.6930491314655607,-0.27991679142589226
6.208008430320427,32.03696633376301,6.840914027030479,11.322016940370387,-1.011201894711761,-0.8512983594863635,-0.05762422654914083,36.524966398340005,7.141603607148518,-1.4661244188271216,0.5206950774509702,0.6741410786236963,-0.24956311623712008
6.4,31.842599078484934,6.677085956033851,11.297947221804478,-1.011272460501395,-0.8514019541042889,-0.0593519100388951,36.624226149392435,7.268918381102511,-1.5262982748477791,0.5173502278692227,0.656017340525367,-0.24978487182521525
6.408092690406457,31.803075117448067,6.6228757815994515,11.301090482586543,-1.0206165110270466,-0.8624587000226173,-0.05717186910522255,36.50296679366,7.216393756063506,-1.5547672948353908,0.4461161912446141,0.6254991008709482,-0.2584734485356884
6.608184442688171,31.60360004482161,6.435656958918148,11.260423903539897,-1.0203343692522158,-0.8649600139691999,-0.06656675322043193,36.60751219021741,7.302226045481122,-1.5657914198943865,0.4527601700634309,0.5782712625073023,-0.2470329085491774
6.800000000000001,31.408113618906466,6.270118524979717,11.25972079080125,-1.020270842933669,-0.8648677795333077,-0.06495406502940752,36.69404112167562,7.41137612491297,-1.6014381108900162,0.44524000549004666,0.5551746702158298,-0.24380766662655487
6.808283175774949,31.387627950583823,6.2306706902168125,11.260576267535985,-1.0239960532058892,-0.8713338281823809,-0.06364189293688975,36.64339769676461,7.353840416350373,-1.620013826850245,0.41940624717900576,0.5178390200326508,-0.24923797449370974
7.0,31.476288648312416,6.969018554112932,11.293781123394009,-0.992615209716445,-0.7662899470926311,-0.062184520766759774,36.98722207283607,8.361297177315162,-1.5405548191937288,0.4284792400690776,0.5976021970906336,-0.2218628609713559
7.20849954732404,31.269329030175438,6.8092729420864915,11.280869387117319,-0.9926130049280489,-0.7662843302680235,-0.0621675244489206,37.07538275542181,8.482757260051855,-1.5866756994292335,0.41605235868262214,0.5668655897623996,-0.2199726487615012
7.4,31.08150631326153,6.666260214343673,11.41365817171692,-0.9919842031543239,-0.7653751105520087,-0.04279887593025278,37.157666208090724,8.592872398758637,-1.4886455744501208,0.4048751230277407,0.539027502183727,-0.19932709801006382
7.408616184297141,31.07322869089484,6.644835984809633,11.386042081924646,-0.9930161402515033,-0.7685568036653995,-0.05182914360621273,37.10101151027253,8.569255573566432,-1.4415192770253136,0.3700802192449252,0.5233223041593643,-0.18608214197058826
7.6000000000000005,30.88643720979218,6.502823507951073,11.57290105220837,-0.9921751734067477,-0.7673695143531959,-0.025543270263652548,37.17481156073399,8.672201329836813,-1.2855506006551431,0.3557521213306376,0.4934709741596579,-0.1575487260419467
7.608737806058475,30.872739106617207,6.5035833772942535,11.570363097786858,-0.9940137180931623,-0.765027325485589,-0.02638148559417801,37.230763956521926,8.636240471654554,-1.2808855505645411,0.39702672555414853,0.45619509593210333,-0.15593261395813945
7.800000000000001,30.68480669094967,6.350122207467088,11.655459796523738,-0.994141464471869,-0.7663570755399779,-0.018068736352694195,37.25980823353078,8.698779641955422,-1.163496961240376,0.3590322942029731,0.40944531386620026,-0.12830620441091253
7.808863943441452,30.678044620174454,6.326510207154011,11.62784225879423,-0.9947196879942936,-0.7697275038287329,-0.02845179325177519,37.175812511632785,8.659027485509462,-1.0924086097636008,0.3104079908538383,0.38536859600863327,-0.10862791478130593
8.0,31.31300521330264,7.293645474640228,11.806189901627066,-0.900090242816838,-0.6383759752159188,-0.0033132591804703355,38.12639890540868,9.881325381085311,-0.915756263641378,0.4144163733590386,0.4986028141443951,-0.07340043929725354
8.008994144014274,31.297034473268045,7.297657194440659,12.090742250874008,-0.9002494199558528,-0.6357363616901214,0.033010973455063194,38.1814604202557,9.916280905902846,-0.6145744422273435,0.44544107162921903,0.51306255666909,-0.028884489622806736
8.200000000000001,31.12508839162789,7.176238479334014,12.097509448591547,-0.9002477039895801,-0.6357339215790538,0.033072734507585626,38.264978747111805,10.010622998309655,-0.6192794444872826,0.42890050695174164,0.4744145549321056,-0.024954287644777973
8.20912797352162,31.113474980951437,7.166420996574663,12.09570606986941,-0.9001848321360916,-0.6363419576833367,0.031876207859920784,38.288050162552096,10.040638775610208,-0.6084536681397705,0.4377707387817308,0.49214844296213545,-0.021469652426690747
8.409265016875857,30.937817442272095,7.038517547819785,12.096802625778045,-0.8996781207959034,-0.6365636066440509,0.02970820704563746,38.35531209289065,10.125863779433452,-0.59423065446894,0.40834415142420505,0.4461254473392498,-0.01241997333154671
8.6,30.765158771782282,6.915500162879957,12.038025211690082,-0.8999171860749796,-0.6369002457045746,0.0211015082366871,38.430120025291366,10.205439670317325,-0.6593530922053649,0.38925881856354655,0.4059590582977643,-0.0168604443660298
8.609404878762032,30.735937421040205,6.932733424047593,12.03584664456199,-0.9043252407815524,-0.6321698039036593,0.02004715207837218,38.48132493511912,10.176747301918097,-0.6492400760243884,0.429583753394834,0.370337741472932,-0.013867061773579764
8.8,30.56669172510842,6.81436501287874,12.120582619182438,-0.903816551655172,-0.6317788754209349,0.03031312856341909,38.55555537110995,10.241608257820447,-0.5627083311470922,0.4085507048212138,0.3248255230046,0.0034933741185159788
8.809547183918529,30.58514478886783,6.810948778910782,12.12902667132903,-0.8995564425159522,-0.6317045784227274,0.03509742144796821,38.46957127397242,10.203473393084897,-0.6089837455855032,0.3483206836344763,0.29673478933210745,-0.009270440528909362
9.0,31.31540981842032,7.583435220288079,12.159366549893207,-0.7981617846280609,-0.5294372751615475,0.033389676479369176,39.36267720632841,11.122740409595133,-0.47993481325085974,0.3851659490491881,0.33224223969561567,0.025584623154888984
9.009691577151214,31.29686550729727,7.577160009601609,12.157320943154604,-0.7998102678538994,-0.5294684639374839,0.032216481309508355,39.383549146625825,11.131258213195126,-0.46949628726412485,0.3979682121493434,0.3331869616501243,0.028682940841961973
9.200000000000001,31.12540100424734,7.471148061408578,12.266627201329365,-0.8021642322141678,-0.5298446896418839,0.04933182472736247,39.50213982719055,11.21260508398014,-0.42418322110498874,0.40183106603982227,0.2985789167290438,0.03169592101094973
9.209837723133424,31.121073348220385,7.412537292089304,12.26229583719491,-0.8002726847873403,-0.5389121738767608,0.046595995745927696,39.518217414178885,11.27171025917092,-0.4015173367827078,0.3980323143830706,0.357349165914484,0.03837217489924506
9.409985306038147,30.96839361367956,7.308400593853042,12.269300046139547,-0.7991437572170245,-0.5384040621017196,0.0451339161439794,39.581291684816456,11.332596755071197,-0.37758180534008584,0.361416561875496,0.3036086024616668,0.04779225071460975
9.610134029042682,30.784092737776927,7.2388174601075805,12.277833624932725,-0.8038867427957427,-0.531755662476263,0.044854714050283094,39.67605426524423,11.356840796138753,-0.3626717475319782,0.36228186873323603,0.21456678628583137,0.054271497708763695
9.8,30.605697038549486,7.126804089899879,12.465818368148431,-0.8075094167976506,-0.5330261392069882,0.07268513973099483,39.809336289564676,11.423752707797275,-0.25130656861670386,0.3796195475835676,0.1846028906082919,0.06342980059234937
10.0,31.487374361962562,7.863628955199288,12.567904486332996,-0.6940303248816511,-0.4392210739201554,0.08452424993365623,40.96667972157443,12.320899684651858,-0.14757885563142836,0.4813581744369845,0.23156075909489626,0.08114211981139838
10.010433799485865,31.441701208134454,7.867534302610403,12.563204770310971,-0.7001484602618561,-0.4376359814089554,0.08169070481718398,41.00923557637796,12.320100239147047,-0.1215218464796411,0.518734047972793,0.22144355850135666,0.08854612698801394
10.200000000000001,31.30977580469088,7.785739751465869,12.636761884870209,-0.6999939631092527,-0.4374212573215947,0.08924586942020016,41.10621302050296,12.358138162543398,-0.046963098925020264,0.49629178300875637,0.16798775522875947,0.10096999579816415
10.210584342704434,31.32042811611768,7.79766678153447,12.641768680268124,-0.6973323737265072,-0.4349592443615762,0.09143029903335416,41.08888788016384,12.34760727142024,-0.06463822961408532,0.47594021492514044,0.15054879284038555,0.09604962555193539
10.410735016173065,31.213155247900826,7.735589079843795,12.660933411624493,-0.692650317916115,-0.4314035889644882,0.0916916973069458,41.13495268741095,12.350653733533719,-0.039054711727606696,0.4129394381652434,0.0694032300770579,0.10310973334128298
10.600000000000001,31.065592854174337,7.646193646791998,12.891328680708192,-0.69486039152255,-0.43224176528413916,0.12122067313978518,41.24604341731535,12.374770891620168,0.1530539841314696,0.40860337033741634,0.022851574732636756,0.12595194402037804
10.610885608300062,31.0393631313516,7.629407912919842,12.895178109889821,-0.6976023761844514,-0.43387029815791445,0.12359691780827335,41.28047929342954,12.38560189968985,0.12285764151541115,0.43023122347627835,0.030597845792476375,0.11732456281062556
10.811035922408188,30.86781819573427,7.4846057471096605,12.909580698891727,-0.7023218333295611,-0.4425583944518397,0.117402091274986,41.41588038483821,12.43220889616511,0.2030447089668071,0.441260460191248,0.02208431876383431,0.137223159124573
11.0,31.306694930275615,8.90787005898428,13.08594829241754,-0.6426046806058041,-0.28202071800337186,0.13962176916642255,42.16727912166996,14.000510077486691,0.3406302479679485,0.5199767394867257,0.15455890158340688,0.15175028601683085
11.011185776032738,31.359205323165742,8.81938645864954,13.089351814262454,-0.6334339388133322,-0.2944720325733283,0.1410605974667505,42.126908358341396,14.057867023004837,0.3227190579777341,0.46312893779720915,0.22441779222749458,0.1459786019622006
11.200000000000001,31.257374387526642,8.77244787949444,12.844097748781433,-0.6311542507772687,-0.29355294461669335,0.10494369501467637,42.18164966258451,14.081476984089116,0.11365900968916193,0.41352538266654737,0.16390315496715518,0.12417032458676353
11.21133500024096,31.212007670056238,8.750142530807711,12.837163514888367,-0.6367186636835724,-0.296225976307086,0.10031791429676885,42.22696700481965,14.093465581032023,0.15760371158680941,0.44956239694511235,0.17419626469713337,0.13588846281480713
11.4,31.089131741795704,8.693132634220092,12.930377039725661,-0.6370664514986715,-0.29632528316930373,0.10995785980549808,42.31514236356386,14.124607121081029,0.2515670861500427,0.42567740787226527,0.12562520558506837,0.14889008721826544
11.411483438977601,31.112512630263307,8.678367562864695,12.935368047351155,-0.6325059465984928,-0.2979874175665899,0.11246620114786166,42.28683936594867,14.13826339229562,0.22736710663226892,0.3920289616020328,0.13581125975725156,0.14213684711249228
11.600000000000001,30.997266727953605,8.627888479047021,13.284503402674556,-0.6318601267886879,-0.2970943828124443,0.1532992472974065,42.36100355129793,14.164077574618512,0.5800727052978778,0.36052243936751033,0.08493649294811248,0.18894245381208785
11.611630948439876,30.98296233552587,8.619494962739104,13.286724877624673,-0.6328512013188575,-0.2977388619105836,0.15403918199755706,42.37600168054455,14.168745355384441,0.5719593681005608,0.3671266166190408,0.0858713081986021,0.18638659991497544
11.8,30.861396244889033,8.560083774525214,13.128298907086144,-0.6332193922636656,-0.29824375910990203,0.13082032091453485,42.44052993537856,14.177316428772247,0.42149004993566486,0.3357831726575733,0.03444347589841108,0.1674378589310619
11.811777396483738,30.84002790933912,8.54625473598132,13.127015210657639,-0.635260756733741,-0.29969719601966816,0.12876943576508365,42.46467413367049,14.185003475487628,0.444017226623884,0.35016473147513894,0.039366982869750954,0.17304653233233988
12.0,31.39273537512081,9.102559065774193,13.035235630088621,-0.5685429339686623,-0.23733266423609897,0.1199530481293245,43.35651878525923,14.881920519014209,0.27252268096325766,0.4627252018568,0.09216949370748914,0.13981591299351004
12.011922662062545,31.372561394798264,9.089818143459738,12.889903204646215,-0.5703735837193529,-0.23864776795934933,0.10275357375404175,43.374567669396235,14.88587310103309,0.11517468820693726,0.47320551797980825,0.09484114643226182,0.11792964603385431
12.412209213984609,31.12616909443009,8.926084270452717,12.921087729105396,-0.5728774925416922,-0.24768541897102586,0.09714103284063201,43.579005153990586,14.966426423048045,0.21446141311499148,0.43075382213536306,0.05077471425557187,0.1390396936366124
12.612350309122057,31.011873092588694,8.89940180639679,12.94299767915141,-0.5727999200377489,-0.24468282949259662,0.09845120392449194,43.66003863530592,14.945453850327835,0.23181424509459578,0.3990688603278673,-0.023630269352930337,0.14152434545008452
12.812489838482223,30.91864640564211,8.867754939557098,12.9681217596162,-0.5699011585167726,-0.24239987906378205,0.10162983757640998,43.70081733007998,14.919638418956367,0.23041349974293626,0.3406204292636501,-0.09148736613979455,0.13880749310367999
13.0,31.655010854747314,9.705243310625013,12.967759266880723,-0.4870553449592045,-0.15462463148009414,0.10018931291829176,44.661031781218654,15.819375269218801,0.22189366480017841,0.41676922581218145,-0.03540513256351553,0.13592905966833382
13.012627729201565,31.544080168867207,9.637047103918315,12.844113305213906,-0.49996133651872066,-0.1624279376045777,0.09277362523931726,44.797460317012465,15.86615218459103,-0.020398446578769297,0.5191629687795223,0.01063842077103365,0.09041650358528322
13.200000000000001,31.45007400266819,9.606158463962988,12.822827804989744,-0.5000070144361471,-0.16249101449586595,0.0881526077447131,44.89199544339503,15.863297926022295,-0.041220727298256626,0.4922291968296596,-0.037497822839029506,0.0895219248176775
13.21276391680201,31.39873037740023,9.575672197907375,12.827733660956946,-0.5055154443132722,-0.16580113158739013,0.09179060920584393,44.96371931003232,15.88710853624078,-0.08809284021401742,0.539007444244518,-0.01809733209859159,0.07720221817483323
13.4,31.30384977950798,9.544322175029905,12.819936793463594,-0.5055463478256291,-0.16584222237846077,0.08882122144632017,45.06215872189552,15.879088173443765,-0.09794118743239615,0.5136002580568146,-0.06554056463917905,0.07749993241685567
14.0,31.56458000554311,10.78093645826602,12.85397629263542,-0.4519607563395883,-0.03773107293372854,0.08646196154771249,45.9610232057655,17.239006644994433,-0.07114069024332682,0.5016188893547895,-0.03766772957709219,0.08346685760672654
14.013290620785117,31.500333597642843,10.746725941196631,12.858979863179865,-0.45856981954307896,-0.04144683625570131,0.0895193394465764,46.04680878110467,17.26796393957559,-0.1101107542723999,0.5564261491220024,-0.016102874204525497,0.07351474589761542
14.213417595631297,31.43618797221433,10.68085092004304,12.876366865412505,-0.4556383456589956,-0.04776271491358907,0.0895319164897818,46.116727319539045,17.34209754631933,-0.1001034109398996,0.5005994208113804,-0.004100981740963905,0.07484405144430376
14.4,31.352294395323458,10.67332448159571,13.02759070834045,-0.4555054178117175,-0.0475945625778768,0.10508180755313482,46.207815536349386,17.33819799080092,0.045582375634523414,0.4726533842395572,-0.04610454655015056,0.0930443668333119
14.413542638343937,31.387788996092244,10.723987707883905,13.046629068321042,-0.45068545603905497,-0.041762146579635354,0.11317050642567789,46.148702736306404,17.27471374883197,-0.03407582000508731,0.42877305527322696,-0.0939549595125046,0.07565512790275435
14.600000000000001,31.258799718057404,10.690127649271572,13.140126143071647,-0.4556255758544205,-0.044490489548285425,0.12473717596267915,46.31598309950062,17.287401230318377,-0.007448946591712885,0.451856642737291,-0.11559466406072325,0.07367211133324969
14.8,31.168308659811114,10.682034051117169,13.248316634347722,-0.45555402363901754,-0.04439801044583551,0.13423085473289711,46.403344477256766,17.260038301128127,0.08907799643531464,0.4201974763736467,-0.16252058133737157,0.08574461311065829
14.813786875611537,31.12327966456961,10.701753293589833,13.242488237718803,-0.45974620902302354,-0.042307676898762706,0.13006846966725333,46.488788645135365,17.198136522997192,0.14040727523533567,0.46677304065874253,-0.2022677664506891,0.09712282378212693
15.0,31.602760961008062,10.558709872559922,13.209837361976367,-0.40735053893126993,-0.05484776681184772,0.12423677387507018,47.18227199326641,17.020891816573435,0.09178996336280207,0.5144221297198469,-0.261705538458766,0.09099986206077726
15.214023289105652,31.51085918503847,10.543821160181102,13.239194476524302,-0.40785777437575843,-0.0551937080509763,0.12401421715062376,47.29628682512589,16.962478066978715,0.12317692963389201,0.4880948269819144,-0.312828949780786,0.09665346273272761
15.41413857356129,31.4336221601642,10.543876997160694,13.266446611066455,-0.4073501206719689,-0.05401586528526364,0.1250788211041462,47.383836353770036,16.877219986053383,0.13249394877693113,0.45475886431189816,-0.3741355037027164,0.0975472807671634
15.600000000000001,31.353696642554016,10.531837377576565,13.342066126837578,-0.4077842616467054,-0.05420962061066259,0.13127802807324862,47.47536142891548,16.806785646779026,0.19569506123807429,0.43156199401511486,-0.4198662773630444,0.1047688490045454
16.0,31.508571211424904,11.226111128512596,13.399054645693184,-0.37926185705495513,0.010748326110586265,0.1317139259789692,47.98766114256173,17.388874207379423,0.2386471226658172,0.41079001307095303,-0.4295128361440413,0.10962086296573367
16.014472922930935,31.45285745118774,11.211603408149752,13.538724033944016,-0.38438539285477835,0.009128482414698198,0.14178424245281454,48.068485990460495,17.390639892795168,0.4607236928371598,0.4558868445797787,-0.4282602363117616,0.1410757063041188
16.41468649113936,31.30528834333296,11.208596234562057,13.596608808347991,-0.3838018258890483,0.008458567046523344,0.14230462680256073,48.22591304566987,17.21632818029539,0.5125001105394951,0.3878722955411504,-0.5171505993516406,0.14597071605266942
16.614790577413967,31.130474693813103,11.161416708158892,13.637214190695024,-0.3934406840126684,0.003854690023417678,0.1473422664655055,48.51878632648886,17.179446809372976,0.468087445949129,0.4715110965567769,-0.528246478850787,0.13402707885162873
16.8,31.05774074379438,11.162464009686913,13.746947719562082,-0.39343016855605073,0.0038838670253249193,0.1563120378022001,48.604165871893834,17.077819445005257,0.5735506372243453,0.4460950378503444,-0.5729831190531595,0.14555383752167572
16.814892920817304,31.04159070828999,11.17657370174525,13.747109096687504,-0.39434584139158757,0.005358502574041578,0.15522122305565395,48.641413455705845,17.018153958179358,0.5891050999074284,0.46115203098631913,-0.6054032467121934,0.1487488585578334
17.0,31.707212907115817,11.44253111790813,13.715463631568424,-0.3289143346253103,0.028950639754202936,0.14640589653972474,49.394150837422515,17.144711514147147,0.6001133278606057,0.4804368075929213,-0.6324085221114543,0.15267417817567053
17.2,31.64160226388027,11.448668921748448,13.842698234464224,-0.3289009421546637,0.028979389145223067,0.15698200730562883,49.48752946098173,17.013572387279215,0.7261186787502288,0.45143578706375403,-0.6816782999203025,0.16637795773679354
17.215092571525858,31.63988271732282,11.42427813115352,13.842885117107613,-0.32878085472961727,0.026450767784243195,0.15608902942438851,49.484671330650535,17.057856674162366,0.734985645839352,0.44299475925145154,-0.6516228674689952,0.16744141146324984
17.400000000000002,31.54337306435501,11.41449101626279,13.97404644793838,-0.33222011931398915,0.025167202322738735,0.16951665225086798,49.64212581097985,16.9544588819156,0.8172548410559277,0.4570773742168573,-0.6848726016685392,0.17217923479000552
17.415189985183535,31.551793158397857,11.408240578691741,13.982521320767251,-0.33092877481213245,0.024490040891878645,0.17227269213078758,49.615917524734,16.97102212119524,0.7912475826331863,0.4358764321810641,-0.6724007609468224,0.16671843963481375
17.6,31.448730277388155,11.394921323691491,14.027660705187802,-0.3350347158213704,0.022956206403191265,0.177049707266845,49.80273588069634,16.87084137519874,0.7708551347086876,0.4649610724316499,-0.7012001206236766,0.15938018932585882
17.61528586837855,31.45515067609212,11.40038833658926,14.038061530338558,-0.3337831883632461,0.023504061720264712,0.1808385446359583,49.77765228870651,16.85586968095426,0.7348506993181106,0.44523799320704216,-0.7069327782868243,0.152303275959797
18.0,32.54033862278353,12.357209644140129,14.148197823592024,-0.22940737647670528,0.10575918989761221,0.18433290536125632,51.24354273531253,17.579366613972866,0.8362258880624521,0.5430208986111205,-0.6770492941107342,0.16071595374038747
18.01547329728985,32.4184213966782,12.314960310860743,14.173843762287504,-0.2413507531536318,0.10205529147520534,0.19502418704919694,51.49917159459876,17.625328381754095,0.7251887820114262,0.6859705102201019,-0.6483037916377279,0.13793700432672515
18.215564978555307,32.36049134868007,12.32906353557409,14.205528347076672,-0.24240876865797006,0.10140193063193179,0.1919075701676798,51.65686413459572,17.501316535266184,0.7806329795608661,0.6788042994220539,-0.6850802029926281,0.14529916261995404
18.400000000000002,32.36615539041907,12.366347637166768,14.100485268824851,-0.23728270688383107,0.10291385543185526,0.17301873467308984,51.64087320687324,17.341046612025455,0.739230649672614,0.5862275503128642,-0.7391568800359661,0.1453689766193847
18.615744637724287,32.29861770040203,12.382088667707306,14.141316035384916,-0.2391330813126463,0.10241663076707613,0.17508977690997485,51.829244291542615,17.188927673475728,0.7499397065955626,0.5943157360977203,-0.7787879241979923,0.14396853242372554
18.8,32.25472372790028,12.40111451923114,14.227150737347749,-0.23912074107965514,0.10242480868883269,0.18071479581439637,51.936358209448045,17.041829285773414,0.828684040265907,0.5725633532567417,-0.8174188327723029,0.15164230765877504
18.815832769819522,32.24344634616839,12.399137207954425,14.222624438706672,-0.2399919202535016,0.10205683477836755,0.17728126069291134,51.975320889873146,17.033584293834817,0.8637437104924451,0.5858849830199196,-0.818399961404551,0.1577033558980585
19.0,32.55988822928678,13.027905379715335,14.220818264881363,-0.20973346848631358,0.15395148346443024,0.17364216716200423,52.464990008376446,17.539913525964543,0.8567740558464585,0.6081340221790368,-0.7769235356381701,0.1552839503579979
19.015919877654557,32.557605479811926,12.999207600445457,14.219207350907745,-0.20999205542607374,0.1508207437153614,0.17191438199497075,52.469100369979834,17.599603835189132,0.871873886983135,0.6036766455305798,-0.7373473384107609,0.15720489148783115
19.200000000000003,32.51920289581509,13.02718355044048,14.354145902292887,-0.2099798599382614,0.15082794889189433,0.1827012582859551,52.578045671592285,17.460717296524432,1.0011645364261847,0.5826862159215769,-0.771574753118373,0.1701859263714158
19.216006044975366,32.51282019128375,13.028670244415707,14.3576697568848,-0.2103133287245737,0.1507636849784295,0.18305136854536813,52.596878793062245,17.449995474800524,1.0007025850560622,0.586074215383177,-0.7737250583048346,0.16977187856620046
19.400000000000002,32.474003643603815,13.0563273907347,14.354256628646771,-0.21032080499353184,0.1507608969839878,0.17918580342742213,52.70296537596306,17.30454426316823,0.996262359162939,0.5647490026483017,-0.8076616879878205,0.16862814088378789
19.616175904599764,32.419248503667596,13.08603952670174,14.394875516118217,-0.2114431205874148,0.15059406604606748,0.1804447573996733,52.86680659108102,17.13232737936633,1.0217879115154869,0.561942521359744,-0.8441140934910345,0.1692274116204042
19.8,32.38010620443523,13.11356048370052,14.354700387108403,-0.21146162077298908,0.1505895084121983,0.1728197885404919,52.96896219021247,16.974247859395355,0.9824202634661812,0.5414459204434577,-0.8771825038605036,0.1643238008577538
20.0,33.07248732807082,13.62749221311529,14.199624303156492,-0.15054407086804664,0.1912449613847047,0.15482180936613268,53.865760125930926,17.343424031549013,0.8064969897667562,0.611773121897035,-0.8404165905445539,0.14261197065266001
20.016343062232018,33.07285120062338,13.622048491321795,14.11738987743528,-0.15034786322900096,0.19042100977189677,0.14634563072891796,53.86845865685663,17.350096309536305,0.7219515700635581,0.6064355319682021,-0.8316941193241157,0.13338232536923925
20.200000000000003,33.048240326654174,13.657548817528017,14.012771147910959,-0.14999800859919477,0.19045736947020495,0.13237944764612933,53.9678030469432,17.193205621115503,0.6243693291855157,0.5811760570011092,-0.8624893776179305,0.12307770219914646
20.21642585873593,33.05055863093941,13.678005120877543,14.020807510201879,-0.1493074900155189,0.19213844262995936,0.13485781936082897,53.96702946898303,17.13528599823979,0.6044125552720939,0.5736127524900609,-0.8883058318983366,0.1197508536672473
20.416508259864294,33.01799811818313,13.715874606325572,14.048415772117922,-0.14958052779031078,0.19210612098293414,0.13515080315645192,54.08820005950677,16.955442366840234,0.6257619033331626,0.5556819021249988,-0.9210418095220713,0.1213067241579049
20.61659036175567,32.997384126404356,13.746149413012377,14.083626925499743,-0.14878255608473606,0.19124007146790048,0.13855441519133477,54.164857896709094,16.805682001161703,0.6180871235223407,0.5181982093105083,-0.9346538083602957,0.11795537764521337
20.8,32.970373375587975,13.781311707416322,14.189256508658826,-0.14876941843615404,0.19123508860443822,0.14682894315210726,54.25726184391932,16.63151056000873,0.7172614174561087,0.4964810004962863,-0.9630519025240949,0.1279906407956984
20.81667226150392,32.96627361543957,13.753197230293146,14.184958647805654,-0.149561223917874,0.18797064367634794,0.1440110166123844,54.26622723125334,16.75468985914938,0.7424563524755422,0.496639460677763,-0.8993393534954806,0.13121037492145002
21.0,33.131229990848254,13.987980812686382,14.099693035377744,-0.13337281235978593,0.20445747621030202,0.13217012755316324,54.49455930917782,16.796077144720208,0.6592516932590418,0.4712579792706962,-0.9016225104163273,0.1221051311601427
21.016754056939167,33.13472250567782,13.951493721405827,14.149763822822342,-0.13333556191060641,0.20055220527207207,0.13710459581099743,54.48631268385602,16.878783955853514,0.7049112670680108,0.46266751534253786,-0.8508855896609347,0.12590688911500478
21.21683584640417,33.076123126149085,14.038986033699503,14.15522463642993,-0.1357833932060954,0.20547249291447633,0.12822246403027504,54.66611189915057,16.553498330829992,0.8113998117473885,0.48018468984713464,-0.9550426281893681,0.14205727572873691
21.400000000000002,33.01407474773662,14.071620195327124,14.05884948602269,-0.14043560320386306,0.20569888121493662,0.1213174590982652,54.92900056028901,16.393962071591815,0.6573645267805922,0.5473274635284636,-0.9717274267298088,0.12107300608061353
21.416917728526442,33.007866250856196,14.083101639964779,14.058043215944673,-0.1406703721184545,0.20656392751852368,0.12008409360533981,54.95118246521656,16.345998811761973,0.6709840334246105,0.5513452445523727,-0.9901320882799125,0.12331291241640807
21.6,32.96386385297912,14.118685660574961,14.154069388452667,-0.14322937760505522,0.20678844671400815,0.1311143815177048,55.16611072664517,16.172724038272964,0.7246310699400532,0.5895705557715866,-1.0102816866275328,0.1253880602419594
21.616999801986573,32.97258192383058,14.123555016788565,14.151261495174307,-0.14137927004081544,0.20652177946536893,0.12787466110787765,55.08426964337682,16.14826496692234,0.7512185495451784,0.5426086194606936,-1.015906868332136,0.1302523613788688
21.8,32.946848368271596,14.161349242442778,14.228573667280696,-0.1413749156830802,0.20651232116385163,0.13341267592845235,55.181559340488036,15.960050277476583,0.8273358662297047,0.525149551814697,-1.0399444925909984,0.13767683838000638
21.81708216528316,32.93862685810489,14.170807477494389,14.22422510404858,-0.1418112518795573,0.20731155065778353,0.13028736054264614,55.217656631009085,15.898811197187987,0.8584022536726068,0.535012455702283,-1.0632590399748383,0.14285874894663741
22.0,33.680535617873886,14.331250972308068,14.281264186353845,-0.07934967390204858,0.21756658227670558,0.1327659875280037,56.13675188513703,15.833733305688103,0.9271714639243324,0.6115344604505228,-1.0728297417901687,0.1491206178470708
22.01716491649497,33.68945951871957,14.339915341298966,14.145203778899656,-0.07820170524726565,0.2180147036849984,0.12164393048451505,56.122831651937716,15.805614004817507,0.7537574085107728,0.5974782804284647,-1.0799853189037218,0.12929566567604012
22.217248153040863,33.67201027100695,14.40400369839549,14.154951203058326,-0.07770745313312362,0.22013641401451994,0.11494547701995829,56.23208289617558,15.507246431840274,0.8349913054181154,0.5725935547599493,-1.148007749994608,0.14108662557166557
22.400000000000002,33.64378769648875,14.443715922456768,14.242770293741664,-0.0797016571355193,0.22048013586429657,0.12423149936915197,56.41646882856087,15.298360102541588,0.8980945923607727,0.595810728799371,-1.1721455056512353,0.1450094331858693
22.417331971438227,33.641147677601204,14.447508057277616,14.245445281078386,-0.07990992584464468,0.22052883644451074,0.12455702335318294,56.4360340799347,15.278288159585513,0.8983047133483724,0.5990280156052589,-1.1744928167408333,0.14480648536141014
22.617416467060576,33.61872682647445,14.479479288099869,14.261964134228503,-0.08097064660754774,0.21913018863491024,0.12081096556174835,56.57488327655296,15.103268770178897,0.956044580595686,0.5923453397583905,-1.1711332345292422,0.15129301434016162
23.0,34.091285343786836,14.259304647452723,14.253192918679636,-0.0401763469258063,0.19482495449615247,0.11559970771193442,57.34006296894578,14.311723580262608,0.9565299530130298,0.6238542056894366,-1.2590344881117603,0.14964537243818268
23.200000000000003,34.08355682501995,14.298214985309214,14.359862101676063,-0.04016266008634556,0.19480618448272713,0.12427506561797544,57.462545255325004,14.057317347680744,1.066155152002429,0.6076337650405935,-1.2833446360262812,0.15976016279378943
23.217674948769897,34.100019336775034,14.326404758471138,14.379054201474638,-0.03782265647002492,0.19733593423520002,0.1311995562603517,57.42753998800439,13.948818544261252,1.0196261577746466,0.5824534338755015,-1.3288724317193337,0.15228823724209517
23.400000000000002,34.08423293964484,14.362942327300708,14.336081681894429,-0.03904534971011697,0.1976860983058447,0.12551867478672551,57.582381404643996,13.703450980841787,0.9700031076962758,0.5915308602818286,-1.352711844314332,0.1454779254171542
23.4177630756873,34.08664745248339,14.366223307494845,14.337198893896241,-0.038563241857355476,0.1975320061129079,0.12488553805311368,57.57208589961485,13.680146236533608,0.9768172021563489,0.5798427348848476,-1.3544941728994118,0.1463434144220369
23.617852331099783,34.06132190679219,14.407677428949702,14.369470241247559,-0.04165172648128628,0.19871315164498915,0.12910990704500724,57.842697417600085,13.398044876971193,0.9787841537505072,0.638083308832304,-1.3843168213364894,0.14340642655392496
23.8,34.05340099030715,14.443997897260246,14.296442948507751,-0.04167201320524945,0.19874306623778626,0.11910197951865667,57.9594006416964,13.14409583439603,0.9135048928420286,0.6266294993490658,-1.4061480372164925,0.13611214295424506
24.0,33.802373463757434,14.728056770595435,14.321604974269466,-0.06134133598555497,0.21816890147568302,0.11959814094928892,57.819877083970205,13.145968461831856,0.9365844831893829,0.5836258932380206,-1.390335512898626,0.13708311889109778
24.01803455852616,33.82723978951728,14.743331019467039,14.220403689064126,-0.05855324627092766,0.2190860678241984,0.11669167262663643,57.771718625463976,13.09547311234672,0.7379564446197759,0.5532842521862551,-1.4046765278861946,0.11247813442768095
24.2181276888968,33.78578680363668,14.790864264763545,14.251406153013182,-0.06217745369957039,0.2201975980736997,0.12035459906952263,58.00349921379225,12.80251643246154,0.7359614490257831,0.5978635347864653,-1.431974401933637,0.10966328340200465
24.6,33.761807348567686,14.875015361752535,14.25981672226657,-0.062194122915731745,0.22021036089758148,0.11644222220911062,58.227905909743534,12.247955903138358,0.7434321829251391,0.5738751756430964,-1.472170075470577,0.10973609249376642
24.818416029172482,33.7471975284909,14.923492672817845,14.285537449748515,-0.06238754271779563,0.2203278226421232,0.11665586924542842,58.36288126911335,11.922010577667548,0.7664203685330285,0.5651951066481612,-1.494690473740807,0.11136229086080265
25.0,33.930960941082645,14.976845082729941,14.149768374609705,-0.04681150618663927,0.22150527164846964,0.10322682019275468,58.663497428132096,11.671063205417092,0.5999738406006442,0.5749440689382792,-1.507029881891143,0.09216731165172454
25.018515350160317,33.95967491000714,15.049078025184688,14.175710215907609,-0.04319283898354763,0.22783734242947049,0.11125666040397428,58.61945781539531,11.476640903967827,0.548012797908475,0.5442253742733831,-1.5884070773220678,0.08456293117745153
25.200000000000003,33.95232714220803,15.090312285647704,14.251107623808497,-0.04315899783094413,0.22781854777111096,0.11700104484319188,58.71605388620726,11.186592658157293,0.6145002523301095,0.5315475971860657,-1.6074255174097842,0.09088086326550104
25.21861637759723,33.92469310303153,15.12712503260416,14.215214215538472,-0.04530053245905463,0.23125161416388948,0.1039679437782106,58.792340808215734,11.05847636689774,0.71532407482159,0.5577079488051868,-1.6556615578460763,0.10658762421351586
25.400000000000002,33.927315547261436,15.165507908600768,14.279354013046152,-0.043911250176881564,0.2305254597587028,0.107426087643454,58.83814590156681,10.767021574136496,0.7893508666018123,0.5208762413608182,-1.6705336178027415,0.11403236920760264
25.418719166977077,33.934087167292944,15.185102720572813,14.287602057497606,-0.042957776416602686,0.23196198003780463,0.10961219317459868,58.829705325365126,10.686778848114663,0.7756369831940796,0.5105179623058684,-1.6942832748375696,0.11198756490103191
25.6,33.92654587258606,15.227206626153212,14.079546356166194,-0.04282405460509747,0.23192987324106348,0.08597279975965047,58.91539589629166,10.379992711563068,0.5844685092679853,0.4944897981862188,-1.7130621117311255,0.09255031791429771
25.61882376950777,33.924652237391356,15.236167938739852,14.078293086752373,-0.04284404820077313,0.2324088559516731,0.0849173031099757,58.92798263280877,10.32939578558475,0.5948965311325245,0.4941614355315452,-1.7230915066607486,0.09408719408744537
25.81893023197463,33.92299625057511,15.256110526969852,14.115739151678373,-0.04273529036945718,0.22947247324656359,0.0923282764219187,59.00033433566586,10.111246645491214,0.5538364892577462,0.47301633072546845,-1.6895224989952002,0.08624888723085142
26.0,33.84229265257704,15.777311854132522,14.098247981243196,-0.0477801363262511,0.2668412604349785,0.08670825580177663,58.89043421672262,10.359148658530815,0.5572533618415134,0.4043267688272652,-1.6328746375259566,0.08752782878752714
26.200000000000003,33.831850410525426,15.831124490288994,13.953088370077998,-0.04783027840010371,0.2668989153587055,0.07033781222951077,58.97162197702986,10.031161760383892,0.4223425162486585,0.38885872237667496,-1.6483959686859435,0.07390683684708307
26.21914890101921,33.84190329647244,15.832062479910308,13.95122118479108,-0.046356291888745106,0.26602101993027827,0.06865880257416287,58.92597576490022,10.012693265318592,0.43438306153078765,0.36092283526169333,-1.6433621035241717,0.07584981104526602
26.419261178014306,33.83461917387345,15.884432803749162,13.964315536424847,-0.04606645281546986,0.26582815809157934,0.06831523216308336,58.9843220702024,9.685617549093863,0.4517786632297998,0.33799521106893476,-1.6562147788116643,0.07712853413739976
26.6,33.826868684657136,15.932160345348509,14.068594303455273,-0.04602655456374364,0.2657861479752676,0.07780106030921279,59.042126718579674,9.38525460287796,0.5511319070492517,0.3212868417323982,-1.6678114457035011,0.08652603976994473
26.61937545560409,33.81135801168502,15.912766611628792,14.059822784510644,-0.047937426298610725,0.2633431629217549,0.07410115401576155,59.089244898896716,9.4531317060342,0.579454132218854,0.339360861202077,-1.6254568383439079,0.09019832410864932
27.0,33.51535283825245,16.012292409888538,14.15092096060141,-0.07035414997997866,0.2634964731826399,0.08066863776059588,58.96041105407698,8.810986852424543,0.675188199077553,0.2921171321765238,-1.651849756455235,0.09906196829573327
27.01961010003385,33.51579851269255,16.016645314643792,14.152107148463486,-0.07011926043477795,0.26334095781967254,0.08045648189541008,58.95864212718892,8.7809726580386,0.6783241565594785,0.2865688741122799,-1.651590388512494,0.09940438443158786
27.200000000000003,33.5026733713033,16.064365252915675,14.116304466843983,-0.07015454589969648,0.2633671258796006,0.07524463397869086,59.01006953237846,8.482247222012628,0.650260877578064,0.27193429530582275,-1.6595714134068469,0.09649602511217695
27.41985295954206,33.506438262907146,16.14784324927474,14.14775140350641,-0.06793783923845786,0.2657671390177995,0.08010738081157,59.02102693527,8.031137422022137,0.637599504663533,0.23125964094763107,-1.7054367604774165,0.09298838619449211
27.8,33.477851015861724,16.250553944814527,14.04671747776837,-0.06826786302689267,0.2660502013403023,0.0668186473676189,59.119614301360734,7.3747328951527615,0.550232947799687,0.2056173495006053,-1.7221640167913785,0.08335365319861478
27.820104079349825,33.48036448544908,16.267564809396237,14.04693316939405,-0.06766274370234461,0.2672430677559985,0.06643253276443828,59.11136328923649,7.287524926461592,0.5558849316143981,0.19764755649945354,-1.7444674009375902,0.08412535692784111
28.0,33.73721750117634,16.036638716267966,13.909797914486038,-0.046534284834121836,0.24570198025087242,0.05431939967415862,59.4667903030324,6.642580380394106,0.390983669736538,0.22985152028970754,-1.7963307555545243,0.06614706066343484
28.6,33.70822702597073,16.184644505199756,13.833476674031695,-0.04661045566147535,0.24576134223182639,0.04312258053381456,59.593212886934886,5.558924086340583,0.3331905952050992,0.18393369970154783,-1.8131038408614513,0.05942665640000692
29.0,33.386374854848896,16.15615190385229,13.724924756200233,-0.07043786658098779,0.23561168365250112,0.03382908382370044,59.284333230535914,4.6624000500606835,0.19120611633080872,0.09973962083247576,-1.8450049911351114,0.04411798733174495
29.020906258415,33.31381508616124,16.211764043575304,13.735395043556471,-0.07846155286827919,0.2426730342108868,0.038936003694275224,59.53422197179075,4.492249738301651,0.16671812317834114,0.2195151417625768,-1.9091660808089914,0.03992963244752611
29.221046836519314,33.32735896151303,16.260092920607633,13.784277209003946,-0.07588685149463559,0.2424806208771122,0.050029797986281196,59.52048186893938,4.10838346262295,0.09904999068639614,0.18441073188301416,-1.914484339337396,0.03005823642287924
29.400000000000002,33.32425249516956,16.295580455452754,13.66945780930236,-0.07461385996651503,0.24131165873350086,0.03647949472279122,59.501980490238836,3.7926319558383708,0.004139318046949697,0.15027044127349481,-1.9054187327765313,0.021611843389020828
29.42118928905105,33.320706525641434,16.288128829040293,13.676215904980527,-0.07494728503035084,0.2401683110083937,0.03816836929181168,59.51146947468842,3.787360447411206,-0.00826946699258764,0.15246638011580957,-1.89123830237498,0.019899575888609786
29.6,33.30466570890097,16.333113090904014,13.735327025068779,-0.0752985873319413,0.24050218660484882,0.04376911936412319,59.55406516304351,3.4402901311773917,0.03883903610272224,0.1489393753285889,-1.896511646959247,0.02423200668243344
29.621333571505616,33.31331469961611,16.322424711606672,13.764088124804832,-0.07464183368997351,0.23898607428539517,0.05185933132778409,59.53879155783862,3.4486255106060106,-0.02300385012677965,0.14195921456809116,-1.8767877716079095,0.015736947727013513
30.0,33.28492453718165,16.646469947607915,13.90469479919382,-0.07472135740123714,0.257400301771962,0.061718340651262325,59.60087955299868,3.007189051001098,0.12757045295641817,0.1224747138067076,-1.8413363712424202,0.03133665470914404
30.021627426978387,33.26140536529089,16.681095554814227,13.955824302145858,-0.0763409061699151,0.2601770362585989,0.05815876676723371,59.6378071132986,2.9045623732411916,0.3145086167766178,0.1341880840129261,-1.8690862572835472,0.052975518216262604
30.400000000000002,33.222160196808744,16.786982359825746,14.106293612459577,-0.07753595994725568,0.2612501480737181,0.07192789461285164,59.73052606594336,2.1719082136048504,0.43904495812127586,0.1339046701786108,-1.8772219811367028,0.06370042117193546
30.421927963994204,33.21289121390691,16.775940257201356,14.110712657744704,-0.07844032981866944,0.25969524673098837,0.07276229516482606,59.753323666781334,2.180991693015507,0.43315818099110814,0.1421179345940912,-1.8560848345531369,0.06270985785513966
30.6,33.20674132311268,16.815986764484872,14.086661649188613,-0.07743144133014469,0.2586727647591307,0.06811873447753594,59.73037470466597,1.8784917692633707,0.4223443883708579,0.11216888513807312,-1.8402730387854016,0.061535368097815915
30.622080583910236,33.24561645359895,16.847119569673662,14.12426413391849,-0.07338073753258462,0.2609852533516605,0.07902996231923248,59.62949198880985,1.7399464431410014,0.340263171276359,0.06788232944419534,-1.8791954144145837,0.050961475899206674
31.0,33.495431739001056,16.84602205424722,14.16271556234492,-0.05131902576244396,0.2532108102912289,0.07929527670845785,59.9602711884323,0.9207901365850988,0.3739519378960253,0.08264596468008516,-1.8846277251474062,0.05373372058808391
31.022390186521108,33.480572884196,16.820771982142816,14.171378925468538,-0.05291811981900221,0.2503201979169417,0.08123432805574328,59.99159175577366,0.9535561059064718,0.3598939213239361,0.0963789613311629,-1.8507667182441554,0.051663861853292574
31.200000000000003,33.458714022028,16.87496358888337,14.068380939331002,-0.05431143422755742,0.25168527750867375,0.0706849145409975,60.056853400766684,0.5953275151750842,0.2483571750671691,0.11006783161621299,-1.8590306023979297,0.04030683042677742
31.222547023068937,33.4640130377947,16.875343988900298,14.067753367346986,-0.05350733315619737,0.25084846475891015,0.06978462705253559,60.02878502455704,0.5733212256160498,0.25520663295581647,0.09453416652822248,-1.8485806368384858,0.04121670941730631
31.400000000000002,33.454406775871185,16.919961851413362,14.064573144976194,-0.05351572349572349,0.25085789328867797,0.06824353972521893,60.04505841760865,0.24582315257528942,0.24839155484390876,0.08600427758302141,-1.8416813031792745,0.04029724645350269
31.422705113752663,33.44869546927039,16.929624059869024,14.06770971866621,-0.054121154637101605,0.2515461320005463,0.06894956780518445,60.07435390832672,0.1852920631196505,0.24457874188856493,0.09768030987920936,-1.849483704834913,0.03971936813301485
31.62286437784777,33.468035869614845,16.994854514446782,14.111220109742638,-0.05106520528772538,0.25299531042476403,0.07793074098718242,60.011974901244294,-0.252639866271308,0.18707960180117872,0.055111316697289504,-1.8684803204434421,0.0319710136218536
31.823024731859654,33.47411428286788,17.049807389061588,14.157397501634858,-0.04963501134941025,0.2536419319592391,0.08722784865866096,59.99134490353196,-0.662011250367841,0.12613257649350867,0.03380249398210017,-1.8750004549131178,0.023717406522928048
32.0,33.33774082592219,17.06009415989097,14.034674287654909,-0.059659187113578434,0.25071579692421997,0.07599503995640418,59.83049178046914,-1.0178496960505083,-0.031473844305941495,-0.0008234831491129163,-1.8664854606912977,0.008459820288167417
32.02318608968601,33.32034590025873,17.081561990478626,14.129791746728033,-0.06184212187597056,0.2533737355525691,0.08718333527435486,59.91100460642108,-1.1245536004831385,0.03311589551358368,0.03906020937735896,-1.8976398469379634,0.013837143421052018
32.2,33.31096462470711,17.124893154646134,14.329414909152826,-0.06171658193523227,0.25324051818936755,0.10541823724148128,59.91360108610757,-1.4579359083232855,0.20245593838736767,0.029900975025429728,-1.8893477450473182,0.029535188851190577
32.2233483627791,33.3577971899615,17.193125318543434,14.333338516137857,-0.056379062857890294,0.25929657131005,0.10589366137158765,59.795347414723615,-1.6929003893994077,0.20369429417230547,-0.02663173941878644,-1.97014388081554,0.02976826511476988
32.62367528931666,33.3069564778757,17.286426246371818,14.37356721785504,-0.05987446520133437,0.25890207763158507,0.1057000561046325,59.91026195747078,-2.4460851310348803,0.21624200890403653,0.008743810635899768,-1.9448506427726413,0.030267251393728847
32.8238397548883,33.29623486820177,17.33362403635744,14.391344656445066,-0.058980077609050205,0.25722159252261595,0.10381747801033664,59.83321532473807,-2.764491121958076,0.23301409047472174,-0.03547197315794865,-1.9042824716346909,0.0323253472005028
33.0,33.377277731500534,17.65370007898973,14.379027571865304,-0.05191671988499838,0.2788791002884669,0.10146045621011267,59.94204648225939,-2.773985478936359,0.19973247581639064,-0.025979552907120288,-1.8505203017099712,0.02909300680001827
33.024004760297565,33.35747435245696,17.60237411434252,14.406338846876338,-0.05434166080370932,0.2732279204920973,0.11126311523616872,59.99173286067775,-2.6709469990555146,0.1090487957871462,-0.0010970579610548037,-1.7841813525330101,0.017926376824721063
33.2,33.35319841795806,17.644498550646347,14.397134825615796,-0.053544626056599376,0.2721525477366297,0.10763566106653644,59.95601380925657,-2.9534639335247754,0.09394945309018071,-0.025330831444736607,-1.7561671719920933,0.016703883214731048
33.4,33.3409240437764,17.700602809362294,14.219200165833524,-0.05367428139673507,0.2722959319573897,0.08791397022735974,59.95413574040335,-3.3049001309248704,-0.08222806225675247,-0.0325482788391283,-1.7400894200505768,0.00033665839688064303
33.42433599562589,33.33591827469896,17.7128054908931,14.22304538792434,-0.054454137791626625,0.2735479678198166,0.08898429129873303,59.998261066252596,-3.389076774878532,-0.08814707126926637,-0.011819064941882122,-1.7578414979952537,-0.0005662171506211323
33.6,33.327330489452166,17.759790914058385,14.36247064355096,-0.0543716351579847,0.27345503281998573,0.10126753527565323,59.992817951819816,-3.695171066366027,0.02245808647479701,-0.01853881243457625,-1.7423997591776637,0.009384305507388809
33.624502024446834,33.30753751946519,17.739783830781967,14.37264736436419,-0.05659133791268272,0.2707164669006572,0.10370857554292774,60.057365662939006,-3.6288508692409343,0.002373662745438026,0.009039628379737263,-1.6967495219854976,0.006818346504684561
33.824668191206094,33.29554361505733,17.79579652764802,14.39444914295678,-0.0569363028137643,0.2713453197619661,0.10436025858012957,60.08777213966665,-3.9939036781748034,0.00010774075048650741,0.01656811362541481,-1.6894800223636144,0.00641371728149481
34.0,33.194550077258164,18.014213998907856,14.437724365159944,-0.06427504881899589,0.28483084386421315,0.10661003624874314,60.000890678130574,-4.094389654361251,0.02804412288779688,0.004493633120344561,-1.6469730914429916,0.009325107688509224
34.02483439242073,33.225320253431086,18.05779415035741,14.441611107736138,-0.060892286202564996,0.2883113432679323,0.10697178803980477,59.92932648647599,-4.230736313664113,0.027506589688029808,-0.02914970014540843,-1.685288326131903,0.00919365359325338
34.225000523690404,33.21616470244666,18.1232475222269,14.457621105810587,-0.060517375976814246,0.2890618414490573,0.10542601167435349,59.91374166592589,-4.58764298088102,0.04013914313704049,-0.03949000452989891,-1.6742945075939177,0.010844156897454757
34.42516647983432,33.20562229537069,18.178719959280347,14.47780892723687,-0.0602078402083813,0.28856142715449495,0.10496020452673951,59.887867862720654,-4.90354608490665,0.04479119808626955,-0.053326872538128366,-1.6456784055156017,0.011599837285041895
34.6,33.195471803376556,18.228722066695635,14.547763986052516,-0.06017572350625112,0.2885240167542714,0.11006356351104851,59.877011100231954,-5.189018173044404,0.09294049411173708,-0.058604437181746696,-1.6264446865602242,0.01597684017554945
34.825497442916415,33.187673650361326,18.314929550555114,14.547771815577063,-0.05927026051381825,0.29069836554690287,0.10294406884185554,59.83107583996733,-5.639846137381775,0.14621482281260362,-0.07892400013528943,-1.6340205981458629,0.02213222083348991
35.0,33.32514557321992,18.38616720203592,14.641803415499297,-0.047317308472727596,0.29193347857857505,0.10805021584441561,59.968295655805846,-5.870515301487139,0.24969617944495287,-0.07132440098027112,-1.5993218044503161,0.031964577808116616
35.22582642958969,33.30837953364816,18.461601825552727,14.74388427099928,-0.04830758464433934,0.29358352370104723,0.11654117549773971,59.9978879990052,-6.279602243340678,0.31789636772942625,-0.054635570556661024,-1.596559717171273,0.037354027967826615
35.42598991421007,33.285805408166716,18.542911958238935,14.771467961039109,-0.05058078424753198,0.29762543679768433,0.11917920041367286,60.10988034850011,-6.735704318275174,0.3127494831774581,-0.0011037260289012973,-1.6364055984072594,0.03586052758563808
35.62615258344274,33.2778403709525,18.597534969743,14.794572404483645,-0.05008973705565662,0.29663908004519146,0.11858022098425307,60.07687727102598,-7.022365350747302,0.3226514204903754,-0.01745883216981147,-1.5963444822750634,0.03676957092425029
35.82631433017122,33.255383725557536,18.66606627953596,14.779569219157112,-0.05111054690897682,0.29746362173506574,0.10843078092583373,60.10100031200067,-7.358520993235836,0.39522675152044723,-0.009716320630737588,-1.5788018790176912,0.04519613135514079
36.0,32.899500261032756,18.75741353441668,14.97082747023795,-0.07863544938872791,0.30070062320092183,0.12212551750357041,59.70528180693194,-7.626280912619246,0.608958305279053,-0.06028628249948349,-1.5628544135656366,0.06495124808174975
36.026475047461446,32.90407713039088,18.798481577251458,14.934651126145905,-0.0777474267839661,0.3036904246514594,0.11239157614251888,59.68165474754089,-7.734721745398127,0.6693728752962005,-0.07157997174322592,-1.5869597804118951,0.07212311719790208
36.22663462866526,32.97262476526597,18.919828886580262,15.004772070986402,-0.06980559354062693,0.30949856087484445,0.1241325107942992,59.4890073146566,-8.228191375147679,0.6169926695842716,-0.1473768567940365,-1.6337861296641656,0.06465306239692878
36.4,32.95414177669592,18.9849666442796,14.98383664223293,-0.07079650770478865,0.3112955739610793,0.1210517567891432,59.51298736220395,-8.569596688450172,0.5814291808703959,-0.1285795702672678,-1.6407132708703283,0.060590234789716015
36.42679296752033,32.956372279938535,18.99583104394657,14.989462135385226,-0.07039666816251128,0.3115330433251308,0.12165252370387714,59.49917439395499,-8.621911473233348,0.5793706160235533,-0.13329765829545676,-1.6409993980908695,0.06018579527474504
36.62694995824647,32.94353494844228,19.059945113507037,15.012728632284704,-0.0702599819515858,0.31169873207598175,0.12137919337064428,59.46790187709429,-8.95375947474429,0.5932179471618275,-0.1386260144715649,-1.619671144006049,0.060976268359802945
36.827105495638506,32.94381622929213,19.126197677278867,15.05502968106779,-0.06885258669968886,0.3121075312868785,0.12585754947970532,59.39513133874455,-9.30016846808716,0.5785646896034349,-0.15877476687301806,-1.6046245641085264,0.05853442727928816
37.0,32.52750586623448,19.174919378529346,15.090641571182445,-0.10057379719157292,0.31089771515513964,0.12631862488715995,58.853564265755054,-9.526694947162309,0.6133829417856579,-0.2422679921283282,-1.5605158265100365,0.06176914851731767
37.02725947515561,32.5760927117092,19.20530863628979,15.136873807499168,-0.09572522876199854,0.31297832090062677,0.13650458532987528,58.74460823134231,-9.633224692671506,0.5588554840041304,-0.28666547925417185,-1.5831558713667255,0.05482112668483383
37.42756234623692,32.541288652427234,19.31658706732875,15.224537116415453,-0.09555249148103273,0.311655164726704,0.1443053879678144,58.62515783047312,-10.222610161428548,0.538536002127694,-0.30102908886824936,-1.5173541665992447,0.050523413684305116
37.6,32.5251279967222,19.36988983297037,15.307139193239623,-0.0955260267682591,0.3116248205833407,0.14975791809130753,58.57196926290817,-10.481689341845797,0.5988886618080129,-0.30741998313050006,-1.4930575229884995,0.055683989137521095
37.62771103279982,32.53253614975946,19.407393893954396,15.272436412303946,-0.0941914010920747,0.3144773128265168,0.1401287519469786,58.51794201230472,-10.617532602628513,0.6571713329204117,-0.32797018380683013,-1.5254065843523366,0.06235498869155521
37.800000000000004,32.51656870085259,19.461180689328575,15.357598331350506,-0.09416946485079279,0.3144517585129392,0.1458584939694787,58.4602427841945,-10.877895914059422,0.7227281150218927,-0.33440675093820754,-1.5016554198912262,0.0677032885817289
37.82785775164141,32.52264657032967,19.45320808931244,15.352363016004869,-0.0924606119576692,0.31109048621716506,0.14238367562930962,58.33115671782675,-10.766230458334757,0.7458960119872375,-0.38713937067495663,-1.4314799958989,0.0709643621806778
38.0,32.83406253841388,19.027055045457697,15.349172659494624,-0.06611714860764194,0.272966680796725,0.1392246123609776,58.61745824847124,-11.546659659970128,0.7336773325173425,-0.35684534388123995,-1.470826074088343,0.06953533365782547
38.02800240276995,32.851390886914636,19.058049646408435,15.213992358543681,-0.06409576683337118,0.2751625554314398,0.12471421150411957,58.56061855109429,-11.642913319901435,0.6338586082247072,-0.3793527723222583,-1.4891456408223076,0.06113858078583736
38.42828510765745,32.84738972300042,19.164281066797173,15.300607969249386,-0.06204311057023358,0.2748480354707976,0.134075385947022,58.35047042985728,-12.231375928927479,0.6033807898865875,-0.4191274582921182,-1.4296684006473128,0.05632383691602913
38.6,32.826307114391135,19.227852522784413,15.148735989668843,-0.06331835861504011,0.2770708968044885,0.11892350633014885,58.339362776069976,-12.555186206364679,0.44151883212885307,-0.40166833845149696,-1.4369828854899944,0.04163954525749955
38.62842296737035,32.80752940135095,19.229964166769328,15.139029642791645,-0.06507083963695612,0.27642765274226755,0.1154385932383753,58.38220529695232,-12.563624859128328,0.46428079551501883,-0.3813646526438237,-1.4205577427813592,0.04439666501098317
38.800000000000004,32.79656618833534,19.27706982498915,15.209821167373052,-0.06505179299650979,0.27640430933244087,0.12020145254073775,58.31558581388076,-12.804492878209395,0.5174400720276024,-0.3882309733818714,-1.3931186921943972,0.04878126117715216
38.82855837140586,32.77385019424702,19.256815188108227,15.238932837884072,-0.06761845199688611,0.2734604664572386,0.1273216932651186,58.40189473125195,-12.72532973114049,0.47144777824565254,-0.3497272435530206,-1.3442648735894693,0.04369218564576624
39.0,32.67752440607657,19.364254576329916,15.309669172595795,-0.07437531827276825,0.2782698930138948,0.13099035498115588,58.24583123223062,-12.886585225307442,0.5373356595506513,-0.366859814785754,-1.3066497933256145,0.04931315381437565
39.02869122609309,32.65385119156337,19.37366488229684,15.28597603228606,-0.07640542207065064,0.2783498407739384,0.12377866003326678,58.27947527632494,-12.916466383379056,0.5822264953780769,-0.3491281736178912,-1.2986596371604715,0.054551740902185994
39.2,32.6399275684044,19.42261086825791,15.09675371977834,-0.07648229914768467,0.2784323358791603,0.10408692630049261,58.22091236216296,-13.137683484057503,0.40461286893936194,-0.3535176001750098,-1.2687963338447754,0.039144174571123805
39.228821439208176,32.634621460913955,19.43254046566674,15.09332376234639,-0.07676320413421425,0.2786072575037479,0.1023294495025388,58.21732332304119,-13.176809207288176,0.4168266492990856,-0.35159957160138017,-1.2647909666841413,0.040607995255507186
39.400000000000006,32.62082139094222,19.481397789321548,14.790764026448722,-0.07682526089235885,0.27865410537679547,0.07240875909986064,58.15779644182266,-13.390783595777487,0.1388131485375264,-0.3563808108524698,-1.233345731165827,0.016806775492393577
39.42894892002956,32.60334232554358,19.49510613926028,14.764431594629787,-0.0782581361903283,0.27912127140637816,0.06431665032864807,58.185078718401,-13.428182020708888,0.1921714437494312,-0.3424593792887049,-1.2287050167837699,0.02287376791041722
39.6,32.58839163653489,19.545159918022218,14.712640967009934,-0.07843283990911928,0.2794069713752996,0.058616023260549266,58.13385770279781,-13.645750543878158,0.1377313103291696,-0.3430917143956825,-1.2013417461386657,0.01829104530625056
39.82919532973232,32.577013682167106,19.614824718718637,14.723073239824217,-0.07764331268832024,0.2800417905606755,0.05774992240466286,58.02477745533917,-13.944552781067022,0.1478534428318154,-0.3592553325905215,-1.1689186899652582,0.01949192281775687
40.0,32.743196724366925,19.800398723691693,14.664179521699406,-0.06313343456002617,0.28993430281781674,0.051552925590576976,58.10560103046943,-13.873508178200677,0.08573553984506493,-0.3589453482501094,-1.076200457195998,0.014913136360727136
40.02931408514838,32.75957507109245,19.78211137076674,14.49840861883079,-0.06116273141527575,0.28647844269996575,0.03422750040170495,58.03057314276881,-13.812065659592106,-0.041206878930968915,-0.39005747504169286,-1.0259977596075083,0.005223817434098575
40.229429761435554,32.77159811703764,19.845779450833284,14.524260976536347,-0.05872267800419752,0.2872096830268845,0.03961232447328461,57.89023352737404,-14.044887323316726,-0.07398363383746767,-0.4210969228470675,-0.9958514477794849,0.0013395123463155077
40.400000000000006,32.76146873537903,19.894952317819794,14.50599200107207,-0.05873473806528975,0.2872248655506068,0.03724430549977283,57.818296961406986,-14.21205080937621,-0.09573495405553697,-0.4263797459568821,-0.9595678925890709,5.282641919084627e-05
40.429542276136644,32.7708832881952,19.912399047676104,14.503800320315653,-0.05751622891550377,0.2881690131227837,0.03629983099962278,57.76927516468649,-14.27284537996541,-0.08941143476268505,-0.44220425109025907,-0.9658036431688968,0.0006252242431115823
40.6,32.7612493283527,19.961224267058114,14.558028005531252,-0.057496849671098034,0.288145060474432,0.0408408674117515,57.69277324221247,-14.433588759174214,-0.04685911688698662,-0.4478875494818612,-0.9284824877608923,0.004367223740684928
40.62965154858374,32.76275909276861,19.964520476229705,14.557605418316069,-0.05706640536483351,0.2872639053834968,0.04016477211136225,57.656046199233444,-14.42503230881575,-0.04192145338631519,-0.4590764832916771,-0.9061497675636025,0.005160657073833533
40.800000000000004,32.753577360564435,20.012504864823452,14.712882124996831,-0.05700344677927871,0.28718252491964313,0.054284487464319284,57.57498903256402,-14.573357573318109,0.08912198946579628,-0.4650414928494707,-0.8673869352758785,0.016274432849071985
40.82975749993933,32.75646098438719,20.013006287816577,14.71175518777687,-0.05628709933950815,0.2855902627099616,0.053041770130490495,57.51341859850851,-14.523723845108604,0.09851730004654127,-0.4864458828685022,-0.8280548197286791,0.01771524319769404
41.0,32.698338369628644,19.695679453090516,14.686610838129859,-0.059779345078921096,0.2565942020988065,0.05017334434865374,57.33518027332446,-15.082868297707847,0.0630428152712725,-0.514003321102644,-0.8429669116892697,0.014634124711543194
41.02986005323568,32.67809775859858,19.675199247139407,14.717070013112279,-0.061784185826698965,0.25385234342464125,0.05843625225270051,57.36937062703952,-15.043790008411499,0.010086597974292823,-0.4932037442151961,-0.8099217064911484,0.008955649474499477
41.2,32.660601458091065,19.73013379873212,14.889511775674384,-0.06259945519924269,0.25552662889315586,0.07492233400763745,57.3175755358404,-15.230293402125366,0.14203582382621274,-0.4833433657752332,-0.7939096579807545,0.019086097444919372
41.2299591334125,32.67947598428178,19.7417842945706,14.909569387471903,-0.06054939359861898,0.25598456002884673,0.08014081790661737,57.25176962894742,-15.276072577809586,0.10805064735341406,-0.5052186312886784,-0.7954624054203986,0.01527639056376642
41.6,32.657098831732014,19.836462316767825,14.944761546986651,-0.06054633748599303,0.25598064493982636,0.08067676399553071,57.06239905616637,-15.554150405791185,0.1185709526049801,-0.5179207960515241,-0.7078315548305966,0.016121488154990152
41.6301465839185,32.65223060831291,19.850685265407314,14.949099369384706,-0.06107562327205092,0.2572790907105299,0.08161903970610958,57.08063566697518,-15.632248499870682,0.11312914517111253,-0.5036790823841868,-0.7262300697232724,0.015241077776742986
41.83023481398129,32.64068134521472,19.901565450090533,14.967783802561147,-0.06101314639641112,0.25722199371274657,0.08229145710661667,56.97731867774435,-15.771749592689075,0.11174625308558264,-0.5104907776853007,-0.6783960859209169,0.014801318690150557
42.0,32.52393131015746,19.719924790008925,14.989797772491041,-0.06924414792946962,0.23939766327922982,0.08252385512059691,56.741147186899596,-16.149920603473245,0.1277652000244275,-0.5403079639235001,-0.6728145002387458,0.015982933239999796
42.23039994833131,32.50849875260855,19.77389753499789,15.008596070999243,-0.06916707185223547,0.2392071282314749,0.08241658093765677,56.6121418460014,-16.29212897137676,0.13208265499387944,-0.5494593301942439,-0.6141159319081215,0.01673493667262379
42.400000000000006,32.49780051931677,19.812859607814943,15.147901747569458,-0.06906666449074937,0.2390722889025794,0.09478137561674195,56.515923815227474,-16.38928633911912,0.23896032435673037,-0.5550234271933672,-0.5709775340641652,0.025630764874500077
42.630549558767534,32.51521745863086,19.901668487266868,15.139584229869547,-0.06562520558733664,0.2423681847094633,0.08690268402360089,56.27775033976623,-16.62002178034932,0.2942917267830998,-0.6038051285514217,-0.5515571423748706,0.031351526554457575
43.0,32.598320181415964,19.729926102578133,15.137645185277428,-0.05672952657881575,0.22109368270253887,0.08340128097416626,56.130444800726366,-17.053939340136615,0.2745719987733602,-0.6177880189572112,-0.4776254716272904,0.029941905584742936
43.03068316770983,32.583334532811264,19.771804008662368,15.144604745247854,-0.05863152952853231,0.22618815539969483,0.08576156709365125,56.191178987752686,-17.21799150113015,0.26447427002204893,-0.5793065422572299,-0.5430409079368944,0.027574425458156866
43.2,32.57344465226869,19.81004392333378,15.162377977380752,-0.058628149810715624,0.22618349252601536,0.08608556299406085,56.09266702964869,-17.30644324317478,0.2717676542433105,-0.5835253518113572,-0.5028519266001322,0.028026535519556854
43.400000000000006,32.561563687714006,19.855519700918567,15.166204209836675,-0.05864202670523019,0.22620268996418644,0.0847476942994665,55.975755364478715,-17.402643805042835,0.266830014938354,-0.5885837867483791,-0.45467429197358145,0.027883487433179987
43.430800332454154,32.59951749621794,19.898217150436437,15.145508653244342,-0.05482987985625188,0.22948001494444503,0.0788950445791444,55.854267968300285,-17.50554998538908,0.3052403461785267,-0.6290584913530188,-0.47918966491232556,0.03151008847661207
43.6,32.589912007585205,19.93755641453598,15.12451096417058,-0.054859291203709665,0.2295195213879346,0.07550023386712366,55.748101238016034,-17.58422975055527,0.28289579686031013,-0.634217181488953,-0.43890732842494834,0.02964958719531233
43.630852619628236,32.62007184661932,19.95550980019033,15.144961350913503,-0.05187246755169895,0.2305209216009811,0.08012911281527528,55.642407815206475,-17.637826795769154,0.2520745531121767,-0.6668639303016639,-0.44528827477323946,0.02618703335487806
43.830900645917254,32.627086095311284,20.054740315053536,15.118399673293885,-0.050719532996132875,0.2371389889381283,0.0705321710609351,55.51760517840537,-17.98170417808831,0.3238271579826511,-0.6655743816494488,-0.4997760271370279,0.03223407857510373
44.0,32.23563063361425,19.817190928846998,15.148463627377792,-0.08090125187056144,0.21527452220199478,0.07171047718796256,54.91484288097759,-18.414005435741956,0.3533637561700062,-0.7421169518357507,-0.5107836456966602,0.03435442357057244
44.2,32.21896098161327,19.86101314039181,15.11492218908275,-0.08094371185069778,0.2153312917851737,0.06699452287463056,54.7664594386551,-18.51297065078393,0.32156519381800214,-0.7494134984942916,-0.4669325331667071,0.03150386668800967
44.43101871893338,32.202671846200175,19.902856437443365,15.129006896622105,-0.08056481957869648,0.21416851960917255,0.06636968652826342,54.57124576430303,-18.572813521188387,0.33219463785694753,-0.7673540321908024,-0.39664161983047824,0.03239972733319833
44.63104927274427,32.13138815341717,19.88083909808852,15.215373339337154,-0.08590688600698303,0.20839723967335197,0.08351695320769137,54.57839818211772,-18.49376007920737,0.23052292181057377,-0.7139087772834523,-0.2973390396704565,0.022668661797559525
44.800000000000004,32.1183066769555,19.91181303115835,15.205719193688399,-0.08566358796296006,0.2076948696901985,0.08079715307211487,54.440385424412426,-18.50882064507456,0.21951049379158177,-0.7251386726944152,-0.24339647856921312,0.021937765070445533
44.831075362861526,32.117928557764046,19.91073669869483,15.205684949536284,-0.0851980823025354,0.2062834625472959,0.0797388163715719,54.38229097113416,-18.449088131431317,0.22630176850264458,-0.7411114180804818,-0.20712593512827698,0.023167711040525486
45.0,32.17795208300654,19.93883739422969,15.197281661912672,-0.07931178569313745,0.2056878938231646,0.07821710345124952,54.35054147591419,-18.47704004489871,0.20133976206829324,-0.7324833772931972,-0.16234179681615987,0.02103807911238609
45.0310969557747,32.19001124087777,19.94799471405234,15.211305453087574,-0.07802460778817424,0.205930574604698,0.08085266059438169,54.301911579188584,-18.490441554628468,0.18529910733203195,-0.7431545498648483,-0.15763206462746046,0.019415545425950233
45.2,32.175095377928166,19.985625204351624,15.064505380616637,-0.07817238745109242,0.20614087387960478,0.06509674385835484,54.17882006282491,-18.51806436984461,0.0604550975639804,-0.7462982045640494,-0.11579471867059259,0.009478350516544368
45.400000000000006,32.15812811569315,20.029041406089636,14.95455372235249,-0.07828473818555286,0.2063013109275552,0.052974844172884825,54.03137284931484,-18.53984858923465,-0.034826439851616944,-0.750251507152899,-0.06497787044745919,0.002010908307547205
45.43112652788313,32.15322125907072,20.03122628692372,14.961849146220523,-0.07852533507567332,0.20593023496317958,0.05431716367023335,54.01471685848296,-18.533562153079806,-0.04398735805995666,-0.7482798465754529,-0.0539321561945075,0.0012347274959478944
45.63113445203131,32.136759188838624,20.074361998268458,14.973333907613648,-0.07864057790493063,0.20625396860766343,0.05455261902433444,53.87158919137007,-18.552464574091395,-0.045160784507861235,-0.7496196301057968,-0.0074420981579455606,0.001045550537599711
45.800000000000004,32.124307407997904,20.107824582810842,15.074481721367446,-0.07857006669642504,0.20615558406434106,0.06357273281128377,53.74297494771229,-18.54694202315292,0.028293553435573743,-0.753413076249532,0.03752880162107548,0.00736290571146826
45.83113776890465,32.11961010090224,20.1206929033131,15.078678846337684,-0.07897104147946664,0.20736821690384882,0.06447420053323684,53.7488199364415,-18.602629077878554,0.022871447712482725,-0.7415106148569035,0.02122344021290403,0.006309729621188848
46.0,32.07467186135327,20.244757872754036,15.16800520257576,-0.08153410405817513,0.21448481222525198,0.06956023637000634,53.59845432331279,-18.504764711867633,0.13427380371534375,-0.7457690706070876,0.07592367228111989,0.016219991418091537
46.231130497401004,32.06785437763739,20.26635901361062,15.35158768201888,-0.08012179975855663,0.21079972880245407,0.08450907298747523,53.36914413944421,-18.367775692463265,0.28028965153410684,-0.7745962904334811,0.18759176512732845,0.029580556209299107
46.400000000000006,32.05561386879895,20.299750146237052,15.460698374646412,-0.080015833485205,0.21063394233052102,0.09401959870478797,53.23593324869703,-18.328431567908755,0.35687775585813386,-0.7785409620435505,0.23535642029342796,0.03536558448155622
46.6,32.04031550790091,20.3406687665373,15.531179660200303,-0.07995848838688942,0.21054388537331745,0.09922597063698337,53.07870206278316,-18.273706653785162,0.4024797830128888,-0.7819341239720484,0.2909009599109073,0.03880116014506771
46.63110457098329,32.170405333183126,20.415540213326913,15.541496288961573,-0.06796986994739743,0.21644258052443385,0.1009234602597484,52.72637922815538,-18.44239611706619,0.38820858544853887,-0.9003660780424724,0.23950437496394952,0.03663680085027145
46.83108457843125,32.21391867273453,20.57151554715124,15.516785924195093,-0.06357373647339697,0.22987686083789913,0.09250319484926547,52.49869107166568,-18.895437700437196,0.46096425439189065,-0.9140510819558766,0.09413444630135498,0.039741499565349926
47.0,32.04692337555126,20.463996094662974,15.54041507148432,-0.07576462050066227,0.21833199187858818,0.09285438111766948,52.132004099279506,-19.05981372238487,0.4807807494905361,-0.9524319828237107,0.1083935697160123,0.04138180357789583
47.2,32.03011868634771,20.51056709854463,15.430082426076838,-0.07589803600670125,0.21853994687829953,0.07999114357156023,51.9430935896926,-19.03792627874981,0.39059783032197515,-0.9593086027581084,0.15351871031839176,0.03403371277698335
47.231030488749006,32.026368246340084,20.523186094976875,15.433484058367883,-0.07609838741634398,0.21935578207642292,0.08039116954218412,51.92356460697417,-19.05839930624452,0.3891141196151128,-0.9555089863635742,0.14901093422143594,0.03361532618280627
47.43099638070104,32.077278816122195,20.57561959469221,15.49863305169793,-0.07030184315991445,0.22008745748745245,0.09166818876735863,51.59458843440377,-19.062307781439795,0.3099382110535768,-1.011796494581234,0.18260647161020999,0.02566896933941222
47.6,32.066602564553946,20.610687556924596,15.629698140872854,-0.07020426128872884,0.21994051959802774,0.10316641367814162,51.420985706016985,-19.02401533185165,0.4039285245484309,-1.0186862643686905,0.22295868713115666,0.033108212006496496
47.63095756071519,32.06670800121429,20.624072405877424,15.62265875694342,-0.06996614110194375,0.22050231938393144,0.10076610851710897,51.38162885571901,-19.028866269150786,0.4235343473972686,-1.022799419411141,0.2261703625751253,0.03499463706685429
47.800000000000004,32.05380546811596,20.663201055613648,15.510750268671204,-0.07005384174333279,0.2206214435927304,0.08802385808161,51.21023090796439,-18.991466021992622,0.3273489229456611,-1.0286681961386142,0.2648758781310923,0.027288876735795248
47.830914029557135,32.08187769674004,20.698847660947642,15.487863144273224,-0.06715820035456777,0.2231241615654836,0.08188971278614011,51.08631894193463,-19.052665287324363,0.3763515712611015,-1.0626422575528158,0.2489912076010303,0.0318621511328933
48.0,32.138361049042814,20.56725243351332,15.368307676996718,-0.06182980137588383,0.21020498540186022,0.07353795086352068,50.99276219209466,-19.237097510332777,0.1828359439745817,-1.0542507983745866,0.24555369477529287,0.01445668973340368
48.03086579048966,32.1809150642556,20.58996669069185,15.302063977963677,-0.057849670920594704,0.2115610189888318,0.06853922683104749,50.879943389958854,-19.26360869733463,0.09430045301655798,-1.0869128739931062,0.24046796547747223,0.006854694540688929
48.2,32.165711831810626,20.643903293830615,15.386612433056632,-0.058505921700785495,0.2139942883507413,0.07683344894595474,50.72538662139937,-19.292305237904525,0.1389703335807626,-1.080498107405864,0.24421864465455587,0.009147232014419292
48.230812849275885,32.198803788396624,20.644807715878933,15.428007760517861,-0.05542629436832607,0.21352924727954195,0.086265816359192,50.62595554887126,-19.290078730570073,0.06415033867729135,-1.1064165210386612,0.24907688919221066,0.0019180772668987026
48.430755214181865,32.16479159374596,20.70499039679776,15.419645200122876,-0.057590547942037884,0.21563256703765482,0.08041160586368414,50.46767890519319,-19.291104255618677,0.10989359583744879,-1.090135621842615,0.267587542331953,0.005976813405957595
48.6,32.1556093090872,20.74048081902353,15.535665073212543,-0.05753960797377553,0.2155693120489766,0.09049991010880867,50.281247953081156,-19.239644238020556,0.19541989627317863,-1.0971232546716625,0.3045741501628107,0.01300435838181769
48.800000000000004,32.14487359285472,20.782218397911873,15.697759974072445,-0.057469610841749744,0.21548214892898318,0.1048025135359694,50.05908997558915,-19.169719927965122,0.31563017787619474,-1.1043434393437492,0.3489309306305075,0.022686391003733472
48.83062590794448,32.14404439050305,20.785317612918938,15.699227069123443,-0.05730778208173645,0.21470645568546942,0.10414885543107366,50.01075262081887,-19.121664663748906,0.32125874106402347,-1.1117259554468828,0.37186686402247526,0.023589374218148114
49.0,31.554486266721955,20.456561628665202,15.648939915384272,-0.10226303334640338,0.18619487805537435,0.09957985825634766,49.07826682989582,-19.49615041792589,0.22761547654832268,-1.2303048284418792,0.3465239979147922,0.014491970545327323
49.2,31.53605424303842,20.489775094273046,15.903521870041684,-0.10208947276752753,0.18590364401684425,0.12283209462249883,48.8277626485123,-19.41450035120455,0.416337798629138,-1.240392082094072,0.39094234080824913,0.029510850923754398
49.23047798803456,31.53988955603575,20.470412473328224,15.901717169377273,-0.10127447147420089,0.18214931785187616,0.12069209651757094,48.74772741797949,-19.28334506774483,0.43283403953153887,-1.261631740217903,0.45415507782357517,0.032183442463770924
49.400000000000006,31.522756190518212,20.501219486273595,15.926207383362705,-0.10127142819230096,0.18214393150650604,0.12110550366065387,48.53304586386605,-19.202988423585435,0.4414429286269035,-1.2700980995150075,0.49200809731386863,0.03266442248149496
49.430397095257064,31.52495367084145,20.505494358394827,15.936131316321811,-0.10077595606399,0.18204117064164468,0.12269423517760944,48.48190939963309,-19.188696861368168,0.42981225869357653,-1.2761584308632603,0.4985660763340874,0.031448168493894105
49.6,31.507461284859602,20.53717486446092,15.89758469824721,-0.10081204460083548,0.1820991718772303,0.1166282761109657,48.26576524077178,-19.103236673281163,0.38820866660814185,-1.2839701400963064,0.5360722623537469,0.027650689549092472
49.83022156061951,31.40675893095878,20.55150154407009,15.915735534359197,-0.1089061120498522,0.1793943466310234,0.11443556445156199,48.24129493693967,-18.85975035105514,0.4135856618787782,-1.1957547391050982,0.6260035912985148,0.030166641164131855
50.0,31.376241639987455,20.636988204878868,15.927458538049667,-0.11019608236982213,0.18585423976181795,0.11637201442183225,48.09552386695173,-18.8758657233462,0.3724268364780381,-1.174779433592555,0.5975988674389646,0.024567406967230428
50.03012697290962,31.40025569496173,20.643218497604582,15.962434616513269,-0.10761508718616587,0.1859475626622252,0.12216538148948937,48.00570800882967,-18.868532625556785,0.35077812761963145,-1.1971429046534519,0.6003456691392859,0.022324789544515288
50.2,31.38143595856762,20.675952775707163,15.901557408304601,-0.10766505555425823,0.18602944311274022,0.11375203839452253,47.803166435419925,-18.76628834509493,0.2897110022361627,-1.2008799501862233,0.6362454603488952,0.01725808305855288
50.23002787855113,31.382392016666074,20.698504203772103,15.879500947680695,-0.10712373838957605,0.18755922616438747,0.10731251150779537,47.75086400284272,-18.775048250326027,0.33926967289607274,-1.208233728938045,0.6320542089863274,0.021801199808558616
50.42992431088527,31.36129522885738,20.71393380870877,15.893220425106739,-0.10708021446178331,0.18444752546025112,0.10488814103090985,47.48992622833385,-18.535947684297568,0.36191773865359944,-1.2226995758446793,0.7229420866504968,0.024751591215453554
50.6,31.3396277772456,20.754775399026432,15.807017818219602,-0.1074507851006721,0.18589010659304153,0.09495462260211375,47.30302853941811,-18.46782000657349,0.27052311824358866,-1.2182697600472356,0.7356436815858642,0.016627825294580702
50.800000000000004,31.317699019096242,20.79287482302709,15.712437649471896,-0.10749842137432067,0.18595792029138838,0.08319475421058728,47.060785681651446,-18.321100907096152,0.18231985369747683,-1.2222478521336495,0.7772281536965219,0.009355420866460486
50.82970390151406,31.296945804286104,20.780475702290456,15.73758537749456,-0.1096200965037962,0.18421160765320357,0.08905905502940428,47.103298332239135,-18.244160067611784,0.13911190550194952,-1.193405897039842,0.8021929268037834,0.0054649011619423375
51.0,30.99254532569732,20.79660992445918,15.786000446497075,-0.13193852136929918,0.18380101334763116,0.09223233624512879,46.57236337918063,-18.186455441722092,0.175861473593302,-1.2383043926767328,0.8121340373063466,0.008140315808493408
51.02958713900325,30.986844554476054,20.80753984699461,15.822809142482523,-0.13211862387804912,0.18462411576424342,0.09614906386802356,46.54360987593224,-18.184970667313085,0.19866173503767212,-1.2351178711678295,0.8068710060057249,0.009766408200371805
51.2,30.963973582324645,20.839837222326,15.778921176476564,-0.13215471183937794,0.18469159182901287,0.08982732421665056,46.333858615560196,-18.046993078135262,0.15244256078821528,-1.2380409025121781,0.8417263305300082,0.006373157982844668
51.22946606157005,30.930386773576767,20.81362888702329,15.818032637016668,-0.13546365269443464,0.18173459748115442,0.09925139131013769,46.38570901992424,-17.957824192062915,0.0844371992150539,-1.2029714408481902,0.8717951876342847,-5.1078151573708853e-05
51.400000000000006,30.906837587316307,20.845657078803974,15.732975628868866,-0.13551282210190618,0.18181579397932202,0.08857294992967171,46.18204166223417,-17.810267801487807,0.0023327209064422094,-1.20415547526574,0.9065959412336528,-0.006694064084066858
51.42934071505545,30.90034952340685,20.85836613235616,15.738196050491753,-0.13578672399217784,0.18314654873784894,0.08958923645414621,46.16377885860407,-17.832393615145147,-0.004816033044539996,-1.1968991929327064,0.8897602301152072,-0.00781422576010706
51.6,30.876784389419335,20.890543253807394,15.66478280349456,-0.1358300491076672,0.18322302462297166,0.0802196799640901,45.96101842150754,-17.681726437980654,-0.076701984749551,-1.1976301521534967,0.9235999967044914,-0.013754321977322006
51.800000000000004,30.849651974778318,20.927108150629945,15.688629678727048,-0.13582630681638624,0.18321635084795443,0.08105132696559335,45.72119853728301,-17.492471724747535,-0.07333533171031528,-1.1992130863123969,0.9648822976334551,-0.013270942473835009
51.82907741061047,30.84778043802204,20.92496400553641,15.687407258174973,-0.13554811509386827,0.18131378622670555,0.07949202915866896,45.65646003516623,-17.37313825306549,-0.06324367048411002,-1.212007526981426,1.0117189932761692,-0.01145579738778296
52.0,30.797242672359776,20.955561342629885,15.695802202597582,-0.13766328612556478,0.1813125256477474,0.0792104146909054,45.4128949565727,-17.199206376889972,-0.07377212161135374,-1.2189219265638693,1.0469662179753172,-0.012478838099271092
52.02893955681927,30.793667189924047,20.959347275303138,15.697799748936031,-0.13762171856765731,0.18109416259360228,0.07908775542423892,45.37566406892682,-17.162740203074296,-0.07339376679679087,-1.2200879509818312,1.0561314237309571,-0.01232699881374024
52.2,30.769288201854458,20.99246563773717,15.611040376742096,-0.13770245653370008,0.18127597538768386,0.06816116765178792,45.168904563655076,-16.984494630218,-0.1507249320742319,-1.2208978916391733,1.0904608454320104,-0.018390206042019814
52.2287976422202,30.764240038034227,21.002117056701056,15.613926074631237,-0.1378191689162513,0.182003680052673,0.06858182877853905,45.14087018411444,-16.97614969033647,-0.15371633088311934,-1.2177759768535663,1.0852674504683046,-0.018774190630490982
52.428651725097026,30.70009307051388,21.04114872811764,15.597197908850543,-0.14150369911415725,0.1821583765610579,0.060992070158628085,44.99508932866997,-16.73950983420671,-0.10422562363872959,-1.1819770893532158,1.1319060705653325,-0.013585179236641513
52.62850186621504,30.670427249441662,21.083044998829685,15.611425349485199,-0.1416796796477235,0.18330540725029842,0.061858389003325485,44.77439633876943,-16.55667148666195,-0.11181892918555163,-1.1746664272336904,1.1514352952692974,-0.014765055453022959
52.82834812881892,30.641939941158917,21.12148296330483,15.62483075063664,-0.14173420423625402,0.1839109832631431,0.062368224744196635,44.548925688166,-16.352288608527935,-0.11728657820298088,-1.1691890650264811,1.1780948218760898,-0.015050413349107174
53.0,30.49578949615055,21.154452283159717,15.641702470016403,-0.1511187884261058,0.18415998693062766,0.0629517323885331,44.17996443884859,-16.161108080799046,-0.11272924842248384,-1.194424278444676,1.2075091447077584,-0.014288496993558874
53.028190578630735,30.628972983845816,21.219248771221785,15.622357239356116,-0.13757508212597447,0.18960233483083166,0.05810096713013087,43.85445310221229,-16.252098234096763,-0.08456441598394526,-1.3094501385972328,1.1672711357033687,-0.011843266247636515
53.2,30.605521066164904,21.254515284787015,15.694575959927752,-0.1375754293182444,0.19014551976659302,0.06517182030325959,43.63310655212587,-16.065770583535247,-0.04282754045063612,-1.309282748081719,1.1904666854493111,-0.008609504412826478
53.400000000000006,30.579109588747066,21.289545759584836,15.84167885581842,-0.1374702009717888,0.1898986251623695,0.07977740529787052,43.36809780154152,-15.815816979102014,0.05474428807984761,-1.3122515995545285,1.2296910908876468,-0.0005967108752504904
53.4278643151433,30.469647053600184,21.255235643008497,15.850391289738132,-0.14809274753199564,0.18623770718399454,0.08131698430692738,43.61102648863191,-15.672324802284262,0.046051362884364705,-1.2086671297007974,1.2720687861625306,-0.0011406498579972662
53.6,30.44472252908517,21.28498853156527,15.933488932289626,-0.14802128837476367,0.1858786453339333,0.08857310627044034,43.398278943101595,-15.435424381100741,0.10036048754795485,-1.2093092258902813,1.3106343013642845,0.0034221996754770817
53.62769574566066,30.407406160659427,21.292003120737856,15.90864783032251,-0.15132518612741544,0.18599749521673212,0.08213386130938109,43.45840690855679,-15.384925189601152,0.1445161472890424,-1.1754838082916568,1.3201395922914272,0.00783453841103909
53.800000000000004,30.381412779830292,21.323833880162816,15.94208347064771,-0.15131614770542345,0.1859805147470075,0.0841896384668677,43.2556616707541,-15.153643231214481,0.16097600680739255,-1.1734211414121805,1.3524715717284679,0.009451695255517308
53.82752365101704,30.331521237208868,21.30400817097694,15.965205657935789,-0.15625675151787483,0.18361185434279206,0.08917601461122829,43.386622486330516,-15.038146565144796,0.12769021148734863,-1.114701458238669,1.3835151503713812,0.006627277659877216
54.0,30.12586946187292,21.211654322375896,15.969496281252406,-0.1701719967979442,0.17463841980076272,0.08921363530829374,42.991136893931994,-14.992649765651004,0.1034511531415243,-1.135370818370008,1.3746742060474015,0.004187468185404428
54.0273481093005,30.179714017307592,21.2304576174595,15.98312421896211,-0.1644228268979287,0.17593729637073094,0.09178980223252972,42.83834882013553,-14.992440678211285,0.08645827564151952,-1.1827632903674083,1.3660686764060297,0.0024109395302937004
54.400000000000006,30.115025833870533,21.310136568625285,15.893040374870369,-0.164839411932716,0.17816713773328108,0.07989759170301969,42.424546471099035,-14.551495321456368,-0.026466061757268552,-1.1666238492880416,1.39541868229189,-0.007115496067637031
54.426987009357255,30.100464545785368,21.31544823230239,15.887419192067195,-0.16587661600186185,0.17820012849191139,0.07808910816382227,42.42038365532413,-14.50986262900948,-0.01515221852318443,-1.1558372099614425,1.4012728325632275,-0.005790691833551513
54.62680161966405,30.119322303971884,21.351116119345054,15.932644832464547,-0.16023984621498855,0.17802044916545887,0.08474215970035409,42.016743514076296,-14.241138218206064,-0.057863022812973716,-1.2165050281627023,1.4323731265530877,-0.009907481951758154
54.800000000000004,30.091368539399447,21.38293981981857,15.852674491426248,-0.16028306609393322,0.17821115175037858,0.07496533844416442,41.80998054387432,-14.002587026586001,-0.138553760215675,-1.2133943392119362,1.4561936174971664,-0.016671864985074773
54.82661311996683,30.08728269520522,21.390255953533387,15.858701013328758,-0.160359225139518,0.17927478578434913,0.07640719765746459,41.79368174793776,-14.017512306874158,-0.1464087864972889,-1.2060002541185204,1.435847715417124,-0.017972210676903088
55.0,30.0786732884253,21.41011787880623,15.88688247150683,-0.15884934759081967,0.1783621564602898,0.07745915475067491,41.607805939931986,-13.77915450436857,-0.12910944796788265,-1.2007388170329154,1.46091196864389,-0.016090120903477258
55.02642160071664,30.033754812203103,21.413821885360694,15.840987257284743,-0.16305483992815148,0.17822258354706436,0.06960958622595435,41.66823291400765,-13.725076338551089,-0.11944991954985511,-1.163213424086075,1.47071438419302,-0.014683970039356887
55.226227154841695,29.979694121592104,21.46309633116166,15.813881697771938,-0.16523726680839476,0.17946363440933644,0.06007851856673184,41.48831429674866,-13.44076671880321,-0.06698761499583764,-1.1386649649681804,1.4963929801679001,-0.00909494746741547
55.800000000000004,29.88488109835349,21.56608071064604,15.846031193367217,-0.16523799523213545,0.179464740296663,0.05983409989469881,40.83907577638258,-12.557911777911995,-0.0741652233976716,-1.1245597235799862,1.580256574215541,-0.009232080893333426
56.0,29.685373871088483,21.57661038807849,15.941057057053362,-0.17804715685480946,0.17754199475246574,0.06591720454683993,40.40738432884394,-12.281471717523377,0.03329275303375867,-1.1503048805051472,1.6022762562086952,0.000140029553882157
56.02542205052968,29.773244629743466,21.631560103673504,15.6822128161925,-0.16784769964968202,0.1823874880210728,0.03419222329261043,40.145632054903466,-12.361105373302669,-0.10479983714206695,-1.2466242211818062,1.5596606892309468,-0.010360305628792272
56.2,29.74393987274833,21.66340751831752,15.687388870247705,-0.16784800130738173,0.18238796088284248,0.03410873746857317,39.92812057303746,-12.086845245931112,-0.10727666009378786,-1.245240531918916,1.5825097043090197,-0.010744448278230925
56.400000000000006,29.710642665292863,21.699088344355324,15.793570031600446,-0.16781119733590164,0.1823303018558195,0.04461635870139847,39.67802964250572,-11.764091099289946,-0.03102708344518433,-1.2437233976764699,1.6086011216526201,-0.004586584657869751
56.6,29.67673570156203,21.736562973079106,15.672185610828008,-0.16785817172067277,0.18240385154551816,0.030767882967263533,39.4310867968142,-11.44494149538505,-0.13346118826290052,-1.2415613263750283,1.6325344136569808,-0.012702447164014788
56.624792415932916,29.68190057875241,21.74744185298919,15.666426385000943,-0.16671928279148288,0.1830512338792345,0.029190211810280454,39.36397302217042,-11.425153054778681,-0.124658344395501,-1.255113065056638,1.6279534545038332,-0.01192702902884007
56.800000000000004,29.65742266133055,21.753077554683845,15.55958720776628,-0.1661804640135856,0.17913341085888407,0.014867633658310559,39.10142851335087,-10.982248978943833,-0.1814361107501379,-1.2712295005069798,1.714378471614995,-0.014625884294931755
57.0,28.76236682551697,21.914314656168678,15.58741667738057,-0.23300008891969567,0.18962796643057703,0.017631410270444903,37.767046861962946,-10.522418914047167,-0.1590284588706287,-1.4271216233540627,1.7485187609743187,-0.012581872995319125
57.024362007718075,28.712411013397226,21.90729090502796,15.694743816012034,-0.23772130178055872,0.18853573286874925,0.028567692871418693,37.83835044112847,-10.445084494446292,-0.06909041281439303,-1.3838332601458618,1.764382703063457,-0.005308292302337067
57.2,28.670753407172906,21.940099566799063,15.750710813687194,-0.23770546579026997,0.18851185146398058,0.03393270225804532,37.59470566794771,-10.131482591995661,-0.029481478339746063,-1.3847890218429302,1.7874067825641202,-0.0020386395592695995
57.224143954314094,28.660743392247642,21.930635617823885,15.770894195803026,-0.23826594224222608,0.18717856547994471,0.03872607416351566,37.57617341735135,-10.061280823097892,-0.05821541103199304,-1.3786762257126106,1.8010510770293195,-0.0048665194746788844
57.42392416117157,28.609064884274765,21.98815163008034,15.787225482144093,-0.23867039417831942,0.1896819563494679,0.04117908387551275,37.32137040418002,-9.777483937917372,-0.07404919493461745,-1.3713438132571774,1.792629987352448,-0.0068376951800329586
57.623702751312834,28.556882695307323,22.0360532152761,15.77433148038213,-0.2391024309903703,0.19062947355840196,0.03606056441517727,37.059842573199454,-9.435613492721613,-0.04673075271136114,-1.3671841339513058,1.8089643495938397,-0.0039644642145028166
57.800000000000004,28.51576713507102,22.06436642514783,15.777405283647163,-0.23899903383223317,0.18995607262366543,0.035247314168855404,36.812130303891344,-9.089384061087786,-0.043039452856474814,-1.3701171608141307,1.8392139991334442,-0.0035351397440631085
57.82347985031165,28.55526903468523,22.096075105132652,15.741496992211866,-0.2330871226782959,0.19271821441450546,0.026149959513253676,36.56299417297044,-9.1466480869102,0.007751687148899018,-1.4516889021653205,1.8062871827812719,0.0014861885087190862
58.0,28.577226862181114,22.520150156297767,15.780052769657319,-0.22845784554665993,0.22381305477600297,0.029537625213411123,36.38778382708021,-8.394805731030912,0.04582312235878673,-1.4406738122976412,1.8759665955356863,0.00459462257395032
58.422803494612765,28.48304761047852,22.600147385978524,15.76408873636656,-0.22824201387848886,0.2220222109571641,0.02556629220791318,35.76581926792864,-7.537343329531558,0.039729498400933524,-1.4507808475726238,1.9447796348394513,0.0050345224111860275
58.6,28.442505061404223,22.640071303062978,15.684455306589076,-0.2282663858289874,0.22209406063794193,0.01669780860337761,35.509773558213695,-7.195946607874083,-0.026536061107437586,-1.4530979088124434,1.9620161766479856,8.905542054287938e-05
58.62257593605359,28.4005200010493,22.612694777354275,15.735835945745078,-0.2330100094840614,0.21887368855827213,0.02914948743109607,35.63494805497962,-7.056109849815247,-0.09243929327798939,-1.3920323471125888,1.9997563063325523,-0.006595795533544243
58.800000000000004,28.35916453561727,22.651500603470563,15.78051736282587,-0.23300336195201538,0.21886306005516648,0.03326430696721016,35.38738287961093,-6.697653182269726,-0.061383108233154245,-1.392858681902531,2.0194191086969244,-0.004303488996128927
59.0,28.254816567111593,22.492844899745624,15.781799902845698,-0.2373263538743683,0.20278693442800108,0.032390333963332504,35.03255997088882,-6.523429695689657,-0.0652889289943339,-1.4063647358751319,2.011567741585166,-0.004129518926643222
59.022118485650594,28.290947058697533,22.492383594503455,15.72683203066879,-0.23287762830043132,0.20234172263172165,0.02963498497845255,34.89925299890127,-6.485972659848681,-0.15678567249282835,-1.4489349819376587,2.011764181761227,-0.012166936815267624
59.221888878416095,28.243432409187978,22.539059892441262,15.735542740954767,-0.2329665259318222,0.20307351062984372,0.030417367632082137,34.6136795977253,-6.102290361665036,-0.1634538291124385,-1.449467477364566,2.022325836356315,-0.012485444020285152
59.400000000000006,28.201860149985283,22.575889670615517,15.636333116931393,-0.232993766584385,0.20315658420302612,0.019476260443873634,34.3566802050696,-5.746079785300642,-0.2502959844514398,-1.4509657791235728,2.0371165136819886,-0.019281841875475533
59.421658877204216,28.19854892050889,22.56802082691056,15.63106217707254,-0.23283906238798657,0.20165486633131294,0.01781987655626837,34.31637184170698,-5.655117623994319,-0.24153749206985128,-1.4547216771522349,2.0596205597917114,-0.01816353656638781
59.6,28.157114496184565,22.60322722494946,15.723915956772816,-0.2328138020678691,0.20156037203970495,0.027235541826308034,34.05539028532015,-5.280532996801122,-0.17293340498392162,-1.4571473601936251,2.0777656067715906,-0.012566091185545655
59.62142863077104,28.13163744542924,22.635475882613303,15.663677182362443,-0.2350387532502132,0.20426291795361598,0.012005987219030985,34.09441312296241,-5.287621800440359,-0.08967093643326361,-1.431099552508372,2.0599022481777536,-0.003752444887317982
59.821198290440954,28.081117672957127,22.708760031165877,15.688900065792012,-0.23538977305847178,0.2090024065237635,0.018875343942952233,33.843426962670094,-5.069341327224064,-0.12666979898193845,-1.4190429848019974,1.9938914939868977,-0.00831208032720268
60.0,28.066169917553694,22.60783824028902,15.663099386057311,-0.23318472785187533,0.19794254473455847,0.016306480420747255,33.61773835254044,-4.8601897816494555,-0.16103014768600515,-1.4167973958086788,1.9885960809077017,-0.010982823046897381
60.020968010093455,28.061955404786634,22.60606976999394,15.66097996798845,-0.233124492024607,0.1972301887541006,0.015573457960700303,33.58501077289693,-4.800347427584731,-0.15779529176268417,-1.4183264426114277,1.9986129550270546,-0.010566811611562154
60.22073794614494,28.106219240098863,22.67476719967778,15.636074923078109,-0.22291586925481366,0.2000809760256698,0.00899459934948647,33.0354964110072,-4.487125718762615,-0.12882627384213846,-1.5269068115361284,1.9771173316526143,-0.007665210547150317
60.6,28.023754070731233,22.712265905620598,15.648820583549748,-0.22273882371006407,0.19527080651789938,0.006142637666201137,32.43239472377754,-3.5627460177218815,-0.07555217141912203,-1.5437988941721967,2.0690889911294694,-0.0012983393698927166
60.620279105642645,28.00858731702683,22.714337774064788,15.650014221383039,-0.2240201162268105,0.19507399014699403,0.006397845374399003,32.4433294315946,-3.5105931984606618,-0.07672532242811671,-1.5279595212321295,2.0739919762346166,-0.0014252707820025105
60.800000000000004,27.968629699758427,22.76396566439146,15.646249672346588,-0.2240162239560954,0.19755513603095345,0.008851955700741484,32.1823344414375,-3.248386791722297,-0.11391305748079303,-1.5260355685728655,2.036223351087002,-0.0053133147908463055
60.82005065435256,27.997306901748892,22.768952860844998,15.652490554601883,-0.2197878916070527,0.1977041396616118,0.010293923336417704,31.99331713862352,-3.2330498185801386,-0.12162941070249092,-1.5863543337456574,2.028425948781579,-0.006157655278481572
61.0,28.320994706630373,22.483521847118077,15.698507340348332,-0.19109436557902604,0.17196070147983605,0.012666393483830416,32.116266408249565,-3.216928313857626,-0.061179634656395615,-1.5412981109648012,1.9968278902835122,-0.0010880777976553114
61.019823069901705,28.31704116600794,22.47259049104962,15.688775778143652,-0.19110248987170794,0.16989494084387613,0.00959816963526838,32.079538479156966,-3.118110826921578,-0.04912389838639765,-1.5445374232490954,2.027444240764562,0.0005762040725906718
61.2,28.282602833869053,22.50332925345552,15.676737849042196,-0.19110564226172874,0.16990913620961381,0.008196818827555337,31.80097699899062,-2.7527691693175123,-0.06050670660040787,-1.5491857551872485,2.0355259801165486,-8.183697606234429e-05
61.21959652087355,28.301091288687815,22.510815043329682,15.674040888199995,-0.18850835404486968,0.17031887737832857,0.007494917767968372,31.700129285329485,-2.729013303439125,-0.057331379592577024,-1.5788226998253025,2.0302982014981557,0.00022531739875956288
61.400000000000006,28.267149244574767,22.54192571993474,15.558734153559765,-0.18852535715418048,0.17037055360621792,-0.004262402703347598,31.41586211405314,-2.3672203856088028,-0.15672663043496787,-1.5839885522900037,2.036292415268038,-0.007766983155744088
61.61914721466579,28.22737727724286,22.588323498141534,15.569662198345359,-0.18838516834175836,0.172270297346622,-0.00046987666200204795,31.074235806509567,-2.0056453549727014,-0.17350684629384056,-1.5879866178089623,2.0045427133640974,-0.00984954034311419
61.8189248056357,28.190225155306067,22.624377103239194,15.572438316265718,-0.18833812728572186,0.17269788785360696,0.00045045684019456454,30.757582599831384,-1.6270923479420623,-0.17895955164110053,-1.593643153675657,1.9992140532245237,-0.010086198463811877
62.0,28.33096271320426,22.29980823614214,15.55183746694325,-0.17454382414582537,0.14425608252461086,-0.0024565576843057716,30.67202253262588,-1.65178793273083,-0.19176760397345236,-1.5727802273606273,1.9574422555492823,-0.010813962050934633
62.0187041281156,28.342441392924822,22.261998024211945,15.717342546943142,-0.1729902520645094,0.14020223417534527,0.024162026199250095,30.603569714869757,-1.5370344885290597,-0.190305969382679,-1.5889634503343308,1.9906300687875063,-0.01313687753543295
62.2,28.309925462068843,22.273523892601613,15.830826678455862,-0.17307727365435346,0.13818520151487942,0.033025000758502655,30.310217411976783,-1.1069508639408352,-0.07856275385656064,-1.5964291797873187,2.02528346393518,-0.003766781228446644
62.218485361032876,28.270482665411436,22.255090621477898,15.865487760499471,-0.17752658784327743,0.13608676654832727,0.041471101002640495,30.406299090182298,-1.0122527369725818,-0.11797106187509335,-1.543961865116797,2.0482669487259813,-0.008080154983671307
62.400000000000006,28.23809010759131,22.27928070797787,16.020399162219782,-0.17751381786856843,0.1360155092499189,0.05617225302674128,30.124626650759865,-0.6335252479797784,0.00749585627450737,-1.5477758440754614,2.054236095162929,0.0019291085863652954
62.41826868500206,28.19494755936344,22.27667333951778,16.02749107845242,-0.18270643368789574,0.13548487901316864,0.05775866165341992,30.265158229254435,-0.5657964844907621,0.00024401502284490152,-1.4785215308976274,2.0656807852058865,0.001112267650286229
62.61805428215129,28.188089293999067,22.319103861860004,16.0083584702842,-0.1782955181414655,0.1372306737353774,0.05000541792801359,29.802772270491747,-0.22143563306050676,0.03573867248613721,-1.5481222920280389,2.0432661192530053,0.005307637446275054
63.0,28.05129734563123,22.671560995811987,16.064324007460105,-0.1837837199698945,0.16106128514811985,0.05311557968160026,29.134790288334283,0.8965637938231029,0.0796645208911887,-1.5638547654555057,2.0895962384445124,0.008916539119866177
63.01763303086116,28.03913614685341,22.710652188904742,16.078017542969377,-0.18481430933689189,0.1649670817341532,0.04618152958196706,29.137256605921017,0.8515207192426967,0.19424488356461717,-1.5515469989685293,2.052615834883499,0.019841319228407074
63.2,28.00719885860259,22.76571300801132,16.12322743723664,-0.1846248953973351,0.16860786829728935,0.05478611851602012,28.860451972782737,1.1032356705566468,0.17596756154587218,-1.55218113093266,1.9943758721700342,0.0166869872605856
63.21742655234058,28.002121828986947,22.74903038049605,16.101753833293717,-0.18484353640014795,0.16546829977446062,0.04797237571910718,28.828975585052333,1.2488664201317086,0.20349475812373818,-1.5541620492312727,2.0474734773014007,0.020282143529240796
63.41722308630704,27.967812608092217,22.78542886393837,16.104397959318955,-0.18440160098404673,0.16584768194579125,0.04614497947342861,28.501931773378026,1.646010927668344,0.21504888188317933,-1.5644598018421203,2.0420097051289425,0.021509296597791185
63.617022818955874,27.944715408457864,22.830550422585073,16.078645769466544,-0.1816340888896419,0.16727490841067785,0.03693482043369106,28.068672610918927,1.9990831666609548,0.2553688098085196,-1.6190371359500526,2.0188692308621845,0.026197011322072503
63.800000000000004,27.912194286626647,22.865551672495492,16.132002750240552,-0.18152357858492518,0.16818880794659946,0.043349031297882104,27.772008955916995,2.3217445751826045,0.2819045005027352,-1.6242607937237246,1.9951884387860312,0.02756610825710246
63.816825936389456,27.904531365163255,22.866192819667962,16.142428599839523,-0.18279926188263637,0.1678688588036623,0.04599032061036295,27.810988234663544,2.373902627772085,0.27181198296529174,-1.597079352024407,2.0016215814326412,0.026388595915604218
64.0,27.95402349094627,22.474137323645046,16.147496804261067,-0.17615681222202245,0.13405066222019282,0.04494433102494683,27.606846319768803,2.283026122658508,0.27620755521843376,-1.5910849724981129,1.9447749857696528,0.026671044028288935
64.01663262423806,27.934383308553254,22.45844814019449,16.182536741835367,-0.17881196168196853,0.13201186409595683,0.054077645623457314,27.659817265885856,2.368920523418554,0.24367191743357822,-1.5538195616922936,1.9675171786054106,0.022625865126034435
64.21644306724487,27.895552155306472,22.477775318915025,16.207694912661275,-0.1794068729950629,0.13115801164549307,0.05790873298541252,27.369800679483657,2.786110671350416,0.23529060972520788,-1.546682148918771,1.9724308031932052,0.021484717698735757
64.60000000000001,27.826550233874663,22.528800310781353,16.299229212509758,-0.1794091852968575,0.13120848748014619,0.06465160411792732,26.775586383872348,3.5412803323543462,0.30556902165945105,-1.550398592115211,1.9601152933969896,0.02658757563476664
64.61607595052146,27.81963060140184,22.505386064478767,16.243328042823318,-0.18020615539516338,0.12599696835485863,0.047890577737307455,26.763419502881106,3.8210614954258655,0.3650894441115423,-1.5438061944004688,2.07150135088557,0.034192422799443414
65.0,27.906560595778874,22.717082705751363,16.360929579584678,-0.16794394940678664,0.13895129544645654,0.055612147258129116,26.345653777614523,4.796305217580732,0.48665666037262856,-1.5243251027740476,2.088184024360046,0.04352299388494742
65.01572602831452,27.88930366522568,22.722653733277347,16.31757302492883,-0.17047548666462534,0.13931510030271366,0.05131405739089284,26.403545357958542,4.825684388730024,0.44724265570474336,-1.4859263490287196,2.085753719761576,0.040295820900459994
65.2,27.864241271575974,22.798632618944115,16.39769070488816,-0.16945080013233038,0.14608164484358466,0.06921858117875303,26.11123595031046,4.986746026086168,0.4041545527733139,-1.4947256752517057,1.97894855593412,0.03364284599754167
65.4,27.830491756239315,22.82758912780597,16.36381792460901,-0.1694463163759291,0.14607907887294522,0.06457639734716024,25.81241540827697,5.380115258540104,0.36856943396752784,-1.494802950736602,1.9698446695559653,0.03057228656729529
65.4153946957273,27.82950710776287,22.8401683624849,16.37877105453226,-0.16913235660598863,0.1476897197488224,0.06891930480935468,25.78147578283847,5.347251939684616,0.35328735518901705,-1.498764574371746,1.9404041034786024,0.02862682974844414
65.61523641885465,27.79480777365362,22.86463795009226,16.384474508013277,-0.16932884550372088,0.14682018523224422,0.06640194148516387,25.488104889757047,5.773045816825316,0.3677568212100479,-1.495423003048493,1.9468279077946207,0.029778395262913763
65.8,27.763909476589536,22.891512103476305,16.28982560312087,-0.1693064619361934,0.14686973788755237,0.05596491709890526,25.21173653881235,6.125206022538693,0.279109995055125,-1.495045311614123,1.9348290006472741,0.022641556214548657
66.0,27.677324965139103,22.89601159107954,16.24391621968397,-0.17344517799117756,0.14488104900913581,0.051875311559900744,24.851242542071976,6.487368333822398,0.21933898900891388,-1.5029991939499674,1.921081565875404,0.017750924835787586
66.0149354347336,27.67462103302272,22.897407107988048,16.20380161020972,-0.17347737727717044,0.14478848344690962,0.047627282548390514,24.829748674958605,6.518048449775692,0.18597679747602677,-1.5026049666599854,1.9215602425542893,0.015128534807580805
66.2,27.642427437468797,22.923987233128994,16.231742896597822,-0.17348357434489386,0.1447565625450388,0.04952569488694191,24.551801275686444,6.874048582567886,0.2052365157465349,-1.5019571650445307,1.9111908010110983,0.01645727952683563
66.21479302466383,27.613846234273385,22.95142489369824,16.206974795241713,-0.1773448138665559,0.14756988985384037,0.04211643604287829,24.66223706405087,6.835337713669778,0.2316312092418287,-1.4441636946030159,1.880343688592251,0.01971856880221637
66.4146561883535,27.580710448037138,22.98886311076283,16.22676620895502,-0.17695158778497558,0.1488057576578766,0.045944929716382005,24.361681792128138,7.161484474703444,0.22306910073237537,-1.4469669939553054,1.844032180866987,0.018296591017965064
66.81439974353472,27.525684720272356,23.0007483397748,16.326244355837684,-0.17382952017786582,0.14294545635552494,0.06784109974725175,23.62184633954095,8.103709055600458,0.15549171634370765,-1.505588181683677,1.8973253127219025,0.009010652975307058
67.0,27.80489311461755,23.039248717793427,16.402253550713453,-0.14867776445270603,0.14471236572036705,0.0779456072217769,23.65525156308913,8.377519685330968,0.17796060288613627,-1.476113197677209,1.8502353533280336,0.00929577395289537
67.01428036452425,27.80493132702395,23.049047224192293,16.39217865470068,-0.14842273860778527,0.14554964030455445,0.0750134986099265,23.627672407593398,8.383871135325103,0.18769870567299854,-1.479012464882619,1.8404411745069134,0.01046197178402535
67.2,27.77695372564706,23.076093015648127,16.51807381121483,-0.14844368397580454,0.14552650212693727,0.0856767325395969,23.353064578244375,8.727251948896042,0.2898253671582046,-1.4784457450225004,1.8259938873872479,0.01840910337929908
67.21416701681893,27.781233390677816,23.053108658144644,16.54929648062376,-0.14742710568546707,0.14269288433506222,0.09372666526861267,23.294989719588873,8.828236394033839,0.26281292302800235,-1.4945461405445508,1.8575232768260257,0.014883184865975141
67.61395875442312,27.715738105038568,23.12395719357993,16.572771126118738,-0.14896544682017393,0.14451721603580528,0.0900587016926959,22.773234687691794,9.501096610456667,0.27988403343436163,-1.4616540574828054,1.7972727661644268,0.016412934171317332
67.81386397873769,27.68384074796979,23.154003830981704,16.567598315153912,-0.14957174587245065,0.14452267446249556,0.08363158848879244,22.513083678802662,9.866229604067298,0.30226514470505084,-1.4464543504016931,1.783157387295981,0.018883447767726682
68.0,27.20845204089449,22.92082130379157,16.554034709464897,-0.1853792624300437,0.12382479708975003,0.08161536538479314,21.768317818391875,9.90831815605954,0.2718626045706303,-1.4965899894909283,1.7312232914190189,0.016010291759271874
68.21369338856223,27.17130895449048,22.95264903753543,16.583724348840725,-0.18502032635129484,0.1245953868671803,0.08503281312059674,21.437919398882666,10.249581301610183,0.2662341775446392,-1.5000932311580837,1.697154493308095,0.014987205877573727
68.4,27.1370854515893,22.975469155363047,16.51682997968924,-0.18500436592959996,0.12458644900789037,0.07731230880966553,21.158401212950285,10.562321777032658,0.1943472862614886,-1.4989063801019264,1.67731222816645,0.008981888082851665
68.41361763332137,27.129577710743643,22.96664827227959,16.492206589429863,-0.18579515069127306,0.12296713118930502,0.06989481396410885,21.165408383833547,10.648387364628912,0.21561959008869552,-1.4863660226186513,1.7045576809908627,0.011733622887237595
68.60000000000001,27.09514659364115,22.989417792121298,16.45497096758671,-0.18577822517738307,0.12297592680014469,0.06522551329471153,20.888137466869086,10.962626550409222,0.17238861749913495,-1.484926366257431,1.684539657396426,0.008435237213839061
68.61354825401445,27.085811395248957,22.971998080189977,16.493788781383042,-0.18667761223230225,0.12039662177333298,0.07600326620915394,20.901329718757626,11.083153765056261,0.13994897031532605,-1.470300252688982,1.7236336095516676,0.00399123560300426
69.0,26.86318991867797,23.208942498906566,16.443239852644307,-0.19898846228721676,0.1351395251539092,0.06601250962790496,20.20486399486519,12.012460598994737,0.09774002743873551,-1.4709235307234658,1.7317036139435322,0.0012974912469928476
69.2,26.82361433179996,23.235957261952382,16.409387559860612,-0.1989703569495867,0.13515560546664596,0.06166672336160633,19.910697422125285,12.355553612900579,0.05564715916729321,-1.4675527071734686,1.7114077689614955,-0.001993628282629291
69.2133782406122,26.793090215422524,23.230962941935854,16.444309347773405,-0.20383177664752708,0.13466380068124773,0.07150594314821995,20.07121579700504,12.391168621012785,0.02287487285555604,-1.382377275618305,1.7117942921095117,-0.006119826337377433
69.61329628619035,26.7217094843472,23.295705766777882,16.52383698251694,-0.20191212150871898,0.1360714565521019,0.08580823683503769,19.435234134293662,13.008384976673138,-0.024973352384432115,-1.4060134887672735,1.6452161886162588,-0.012219283386898743
69.8,26.680436690506248,23.31576938896621,16.536541183413956,-0.20262245878595278,0.13509179238475535,0.08059194372589547,19.207642253322685,13.363129241034931,0.01306644928532726,-1.3860944646279303,1.645382933533745,-0.00872876612996766
69.81326453657941,26.67843687472392,23.318540529776513,16.534696846214928,-0.20246154470149294,0.13522226230289097,0.0797344206747437,19.180591012069765,13.379294121046277,0.015717417236637665,-1.3894369909026982,1.6417711424432726,-0.008381172809885581
70.0,26.6692145533193,23.346996230123764,16.601138758776617,-0.19928272616015144,0.1365602410200029,0.09483130873140955,18.873583099909666,13.58154087965396,-0.02992831470646205,-1.4118404824663688,1.5788517429598439,-0.014016922906146246
70.01323882318684,26.671810733182593,23.33801080263262,16.605731787514497,-0.1980941526947417,0.135021119525546,0.0958415386103845,18.810892439248352,13.646595357455446,-0.03259870050916734,-1.4335390576694598,1.599210569763449,-0.014469197600091145
70.2,26.634248332597668,23.36443794672216,16.86221322296774,-0.1981234466283771,0.13507107254084577,0.11736296478327031,18.543346967373207,13.94529948715221,0.1848886247070784,-1.4297117115080504,1.5769622607046865,0.0023920115764136506
70.21321904341444,26.63265710162221,23.364942950096136,16.863273634646074,-0.19783498782789988,0.13482956945832256,0.11722678856725469,18.51208074941125,13.974647731395237,0.18546410855270448,-1.4355302515568575,1.5796895770915786,0.002370652280646946
70.41320508265184,26.58802256504526,23.38193680106617,16.90070421107292,-0.19815366321221925,0.13312908156370365,0.12153079286802854,18.228907305301885,14.354515472878418,0.17374729668260958,-1.4311138228924696,1.5855134470567431,0.0005979693067022277
70.60000000000001,26.55097269642179,23.407326024557456,16.989571595696834,-0.1981452325598961,0.13316540252772138,0.12752710867598555,17.96115936258113,14.64840739049866,0.23465577429236567,-1.4282053904708645,1.5631693814345975,0.0049491918972702255
70.61319681500422,26.55709835968596,23.419637890040402,16.97469808231254,-0.19787089114278059,0.13573148526778328,0.12205609934450226,17.952431379995076,14.546377168639335,0.2500186279309325,-1.4216306598172082,1.5057933514001836,0.007409988223358652
71.0,26.568172505578183,22.876664028490975,16.870651644297272,-0.19070284301430102,0.08805168440292063,0.11194553689780187,17.47839630924707,14.478000586776997,0.08112984577433993,-1.4094601053268465,1.3798024298483487,-0.006437726704565265
71.01319680390768,26.57041232812214,22.898950391126316,16.92736898648575,-0.1915019106865628,0.09196191454309763,0.1153105861480593,17.507878161646968,14.368608132550706,0.1398564282219018,-1.3822374518902052,1.3120884077270953,-0.0010921682981943094
71.21320475973043,26.536964498431015,22.9224131506118,16.919612764445535,-0.1907579172767089,0.09287182586913606,0.10546179999609417,17.205954816054987,14.593734718091481,0.16765115608144784,-1.3889642810323548,1.265056100562271,0.0022763995047816467
71.61323578262065,26.46294001296105,22.961124691386328,16.957860191600442,-0.1905321609945834,0.09337279767256347,0.10406312064362498,16.645335592265585,15.060486527013099,0.17161067261849558,-1.3806254707364036,1.186860950088971,0.0024533818094137415
71.81325850528489,26.41298136825255,22.967407687167277,16.969949588932845,-0.1932121564881896,0.09098516604426679,0.10299697169851703,16.513772863160586,15.417154846554675,0.18106922933951264,-1.3121900729944704,1.2034377539233878,0.002858323995314636
72.0,26.37139243492707,22.638016505350233,17.00153140593913,-0.1936120807550915,0.06314183515934167,0.10396277728501002,16.255985840862063,15.27194181982989,0.192247291800345,-1.3079493515966345,1.1326658478879779,0.0036204618942047287
72.4,26.29374313998294,22.66274742210796,16.990127491728657,-0.19363340029715584,0.06311170544415837,0.09942915902043091,15.737061624731334,15.711630937688762,0.14534536573522486,-1.2897259118387252,1.064338026695579,0.00017517594351776767
72.41335335025754,26.29304334155127,22.664997113852674,16.98806947602834,-0.1932992586759923,0.06334302172862959,0.09824587573891361,15.706009315422579,15.716305809629128,0.14826864449269034,-1.2955789010561716,1.0578769560399288,0.0005923134971116591
72.81343694260634,26.2260649846862,22.70003317529725,17.059071294930263,-0.19204148000885796,0.06438552080360994,0.10620487665344924,15.13852289541563,16.086947490536303,0.1207259471936234,-1.2974318900844444,0.9727634618510209,-0.0028607405186462103
73.0,26.124935436088965,23.0677186501579,17.055419223149098,-0.19728501336408624,0.09290735066483702,0.10487846013649689,14.832095534971693,16.65076701463262,0.09336300462832885,-1.2952400981636047,0.983857878409394,-0.005372931701270606
73.01348427945452,26.140875854241653,23.06277405190073,17.042158163110408,-0.1939667772240737,0.09133400484862232,0.09825446999342907,14.702774816540972,16.718933221162064,0.12259891258705681,-1.3505841855472946,1.0118821521501185,-0.002315209009929926
73.2,26.10465786012762,23.07963813928723,17.034981236525315,-0.19396829829163087,0.09132950283281431,0.09596682487758461,14.451467049299517,16.904584888666648,0.09888784039100533,-1.344065182723609,0.9801764016428043,-0.004355564936968089
73.21353505751729,26.105872317941635,23.076338123239065,17.030951105792493,-0.19303637592647993,0.09029368655195696,0.09436351927139196,14.39535811569906,16.95817306054997,0.10378541395080164,-1.3621967342483894,0.9982582849910525,-0.003963953796078912
73.4,26.064990872250643,23.088926945562257,16.925362806821685,-0.19365137183645786,0.08987954650693093,0.08117917760717262,14.163579788447013,17.15246481900265,0.01052576135735138,-1.3468864059967955,0.9713646393073404,-0.010908290985869361
73.41358908890452,26.064621381340057,23.091824867298296,16.93179133691611,-0.19333003913278873,0.09008509074318041,0.08289036989958147,14.133190033906885,17.159301019845074,0.004657040436988752,-1.3517960115337062,0.9664392670313816,-0.011616189729463298
73.61364618781914,26.030292093706265,23.1193330325909,16.937431073103767,-0.19357248750054726,0.09303199029756033,0.07900631259362204,13.888783709758707,17.196403348327376,0.01340764140563646,-1.3324601433661871,0.8624932438185998,-0.009444664959096172
73.8,25.99041322800221,23.13334964550947,16.838957205189267,-0.19414876694411132,0.09266488940455986,0.06644612986117417,13.66821776773812,17.366639087936857,-0.07032674598885626,-1.3140604170863361,0.8327720645430866,-0.015616802289559261
73.81370617121458,25.982532658059473,23.133331678524552,16.85926356239613,-0.19542680459650089,0.092560147020642,0.07292808641294375,13.719983798410986,17.38383890264831,-0.0910774981618499,-1.28320079913456,0.8312559773094249,-0.01811589864656157
74.0,25.878250309456362,23.018654499752287,16.8386435134866,-0.20119308616344952,0.08179980304812692,0.06732557371795951,13.442166694827572,17.41291315867929,-0.10353415430047311,-1.2697479707817068,0.7872768987703315,-0.018528149540162343
74.01376885939636,25.87534501359195,23.011835282082497,16.843485791012125,-0.2010163785649648,0.08041625874520887,0.0686426352276355,13.417102019293983,17.469190451324508,-0.10779931611405716,-1.2731412411524416,0.8075271093232167,-0.01931276164900904
74.21383407656823,25.834778577771864,23.027738127302875,16.856434145930322,-0.20106940044253485,0.08038864054736695,0.0683724044056443,13.165270185192009,17.627874619651813,-0.11095852147492219,-1.2617094951069243,0.7709631826014108,-0.01958553311482935
74.41390165132314,25.795056795526346,23.048193528416014,16.865900567129735,-0.20119710574672853,0.08152520431282109,0.06703512806362519,12.921066724328904,17.727058783095192,-0.11067126300188193,-1.2468537487652906,0.7093024362558853,-0.018704006943706726
74.60000000000001,25.757647284362964,23.063343348553975,16.86581089877676,-0.2011934255124238,0.08152754323174569,0.06593854954721066,12.689839083876937,17.855639919554687,-0.12591560877455638,-1.2368299008165757,0.6737023450004017,-0.019779883479889012
74.61397141708045,25.75409838359771,23.06412958402095,16.864177566219023,-0.20134717454137616,0.08144990719534813,0.06500691537483688,12.679927161783652,17.868076052217653,-0.12362661653868391,-1.232685885032718,0.6722995849151863,-0.01949216779946322
74.8,25.71647151707114,23.07934911798343,16.92765031534984,-0.2013684677149578,0.08143711889191892,0.06949940376448051,12.452467690552986,17.990350102830934,-0.07922025292955609,-1.221627645964191,0.6365526344267435,-0.01583785898761283
74.81404321247086,25.722014528985998,23.080069468649622,16.903038701293923,-0.1992475822319997,0.08042403041031676,0.060974702259414086,12.32294621028654,18.060514089613495,-0.05300879390849238,-1.2699875064865387,0.6639552001187436,-0.01292327324010092
75.0,25.87662196289624,23.271495639864554,16.904697747450015,-0.18368209749585646,0.09465847470672809,0.061760145269874486,12.279910143672257,18.363027065310888,-0.07779350198598065,-1.24315408324905,0.647701666785847,-0.015415697439655034
75.21419227469309,25.843462018329628,23.305408903943658,16.900670453496218,-0.18305266207318455,0.09734052681601986,0.056398517902059284,11.994720179441977,18.394349804219626,-0.06379579921977645,-1.24090700088975,0.5577002744342682,-0.012805950643680588
75.4,25.809011540336442,23.323495771786366,17.022810943469757,-0.18308765931434834,0.09731135321531703,0.06624674354959918,11.765747803299515,18.495050756320392,0.03768481033268452,-1.231017020704386,0.5211764060442463,-0.004897560139340021
75.41426924762276,25.80230103322942,23.32080115753289,17.033258045452893,-0.18361601817133533,0.09636828455574317,0.06930126689509016,11.768055306432286,18.54494335372674,0.027480616030085708,-1.221587449820212,0.5382293594878103,-0.006362207171978992
75.60000000000001,25.76869664805706,23.338858152254222,17.043646890032676,-0.18352626281368783,0.09640753583851441,0.06945328552882317,11.537977998212156,18.640089768327883,0.021411811646480674,-1.2133553790606233,0.5016170202533842,-0.006653433410597279
75.61434766282404,25.762517246388388,23.340051536360047,17.05218620402882,-0.18412395411161098,0.09640292984271209,0.07200003805728364,11.546417774810328,18.648270463996095,0.013146819651405166,-1.2012324353630646,0.49880576213577166,-0.007565190065137497
75.81442738909833,25.71781465854087,23.357565724479763,17.027241091653696,-0.18640373963054144,0.09542166740597342,0.056983418233347884,11.43847167477964,18.789919074312543,0.05148640705720474,-1.131321377379947,0.4801691152797166,-0.0022565378957554623
76.0,25.572712949415955,23.272113772853046,17.021197153339806,-0.19528982205157597,0.08715604916101542,0.05570233932042383,11.110731362857473,18.765755709183722,0.03494596574032589,-1.1313011466068896,0.4328663261259054,-0.003495793319690119
76.01450830180954,25.56485346755725,23.271926086625164,16.998463295565895,-0.19606259783353286,0.0868594776474626,0.05129497063156257,11.119011628543237,18.78048742788671,0.02786394161153335,-1.1178616874487948,0.434314638532081,-0.0036333603198014965
76.2,25.528762847705412,23.28810690041077,16.970833996595758,-0.19603483572648084,0.0868769484074288,0.048012628774597804,10.91222197632532,18.857512231737765,-0.007338577918192795,-1.10421398288448,0.39899289334023524,-0.006338297772868655
76.21459028297562,25.52409931022587,23.288902610803635,16.96865246382813,-0.19633987825003996,0.08676011093863707,0.04682662162736905,10.907369416848566,18.867115181116887,-0.004340381417050993,-1.097683296670517,0.39802818853111477,-0.00591252871643941
76.4,25.487921164288547,23.305048984993046,16.95080932814816,-0.19631636087090532,0.086774042450409,0.04446911840667744,10.704515151306824,18.937447176166344,-0.029996496182580084,-1.083328096589239,0.3632356536188263,-0.007786178358101158
76.41467322132938,25.48865711686362,23.307145304781265,16.95783497918901,-0.19561427341129928,0.08703966738277655,0.04722651030876101,10.658554862550918,18.93279145466919,-0.037267986642510215,-1.0961899234871846,0.35586679218787837,-0.008745172666024434
76.81484155827712,25.416844990605608,23.33431970137252,16.968790614685552,-0.19443864096408695,0.08503524985915764,0.04457315749172155,10.174674546503873,19.169324000734004,-0.03407740407231336,-1.0859514472356662,0.3285091965593636,-0.008438260328844923
77.0,25.075419479789083,23.43870867944252,16.98276943095587,-0.21869915650041055,0.09240684867423272,0.04608771792388453,9.616371987479452,19.313881466347468,-0.03479174700117055,-1.1202131438295357,0.3021454366440599,-0.008744084808279947
77.01492676808243,25.086822108110034,23.407765361323015,16.976378002430344,-0.21676824900458277,0.0878316781697491,0.04377285116318606,9.549916045106423,19.455948034159636,-0.030670677748965283,-1.1434714791308156,0.36769057339169253,-0.00903531291626518
77.2,25.04943042544838,23.42468062014937,16.92320268480044,-0.21639753666067088,0.08796882856978493,0.039176691385771636,9.327071003150996,19.517787806693356,-0.09449714395445032,-1.1368805594171478,0.3353582719397573,-0.014151306003199008
77.21501255744664,25.053621202678688,23.419882431517653,16.91555011088974,-0.21545007156069929,0.08702300470258686,0.03649515920734775,9.28222014088913,19.55474285805382,-0.08668011133726984,-1.148589978453401,0.3485218638392545,-0.013294183550709276
77.4,25.011852832792222,23.4357181308661,16.865639303061773,-0.21582198628886995,0.0869194217013306,0.03013695158054508,9.086907917555768,19.6207351768083,-0.13321607198034865,-1.12885377199808,0.32068114328513747,-0.016773081552905928
77.41509884869821,25.011752033955432,23.437503423229785,16.872847323497044,-0.21516159867243065,0.08713182593829233,0.03299953254780551,9.040794226973349,19.618033030163836,-0.14047313100298103,-1.1414648093084954,0.314691123893144,-0.017743811299822013
77.6151855707434,24.962938121301665,23.46042738821226,16.887323191198902,-0.21598797070903608,0.08818837254558647,0.035587687310395036,8.843859893530688,19.630144234504147,-0.1516453983891984,-1.1149092429088365,0.2602163276878922,-0.018806420895470573
77.80000000000001,24.923192043843486,23.47680117084218,16.87185239048965,-0.21597453125011865,0.08820033657086922,0.033628020162313185,8.638665531071114,19.67534887584187,-0.17556709366039108,-1.1018398756954453,0.22957154782903913,-0.020413733908865934
78.0,24.963721218776396,23.560551054850627,16.814034558666602,-0.20924781497068562,0.09353319980739028,0.029388934410521164,8.513997122938836,19.79041683190451,-0.2514679626787628,-1.0753972809610166,0.2049829221522506,-0.026537961683103854
78.01536005519796,24.97629337318112,23.58479357306055,16.789011434891478,-0.20754832070943374,0.09658355507227227,0.02134031669552188,8.451268470822868,19.700757404023893,-0.22396070340985322,-1.0948947465911358,0.15762357745227226,-0.022763935451764777
78.21544770746748,24.94806802845279,23.606882540801855,16.812568312407734,-0.20560789547746533,0.0971756868546091,0.02821648750692904,8.165334369673438,19.711843548307154,-0.24591131583088965,-1.112114730783728,0.11506864613024655,-0.025432252198772154
78.41553557001731,24.908412789805816,23.626465113447615,16.81565030026838,-0.20542845417709532,0.0971872035804346,0.027420554130035298,7.938359646011826,19.730703939091303,-0.24856441615661323,-1.1006137607041195,0.07987093909479062,-0.025056527105892883
78.60000000000001,24.865254570108046,23.643416110393456,16.789089219518925,-0.20649039446546194,0.09685569763655846,0.021120409644623177,7.787828878563066,19.754844436422644,-0.25936710186969025,-1.0642769924941624,0.053488791189988984,-0.025175540633444835
78.61562360310302,24.856910581506394,23.6439908458497,16.774951601083814,-0.20778361343841453,0.09643452141735524,0.015418681141091992,7.837588495926644,19.77143859364737,-0.24616831245702106,-1.0326402540041786,0.05822944956131951,-0.023371715600708075
78.80000000000001,24.819219573246297,23.662052735405602,16.711894232025525,-0.2077288531357166,0.09647749210029054,0.009519315281889873,7.646870306200876,19.77902764527022,-0.31111444401257515,-1.017837125507446,0.02658733372430671,-0.028360162043524966
78.8157117728667,24.808042091881198,23.668623909866277,16.72553472859252,-0.20887326696387581,0.09759006582854424,0.013928105213622938,7.675994156662847,19.722599868486682,-0.3254266433928396,-0.9974488317701307,-0.0016110202140544108,-0.029785178570273387
79.0,25.098855190198726,23.886809620151,16.709964992263796,-0.18265790596984374,0.11352772487114225,0.01168976800490929,7.874603008368565,19.9406924537195,-0.3452435768824288,-0.9298402933066946,-0.0071741727281544945,-0.03109058667818018
79.01580005118942,25.10618777371293,23.90127430933538,16.69179017092254,-0.1816082999178375,0.11514393348658955,0.005907975651911114,7.8326116866309325,19.891594516590814,-0.32690333871223776,-0.9403767585227052,-0.03368109320652951,-0.02853466969606388
79.21588841553633,25.091208348779816,23.921013931443856,16.662095615697048,-0.17908032278632705,0.11452825602746651,-0.00365229406207477,7.574753299271903,19.900811881353743,-0.3036749245765446,-0.9531933536411316,-0.058286692984696055,-0.025332631078636522
79.4,25.0658333624879,23.94409615283773,16.642938633818016,-0.1777312633711928,0.11498381008792899,-0.0013265023885068398,7.3438537387406155,19.87406656741188,-0.35251775853578926,-0.9628691490173906,-0.09603697366399419,-0.02959328159064062
79.41597684879588,25.069259066249533,23.947617858831727,16.657349733439556,-0.17635494633575505,0.11544767763704536,0.004248021916402842,7.266197156863985,19.858116404492115,-0.3668621956437074,-0.9909470828898976,-0.10586099944101122,-0.03155708787223079
79.6160653391131,25.023694245318875,23.961895121735186,16.684468345797253,-0.17751409005536914,0.11398545862981163,0.012590579075477653,7.1139299305229855,19.90318518663899,-0.39984043242437595,-0.9562036503110943,-0.10852346067915017,-0.035701275466628005
79.80000000000001,24.99088083291033,23.98275680549078,16.710782698911444,-0.17752594415153197,0.11396986221424135,0.01472499460695356,6.93983080911381,19.880401530653987,-0.38425305903466567,-0.9401559380524293,-0.13892942243161668,-0.03437691686975032
79.8161538797179,24.99924518651318,23.98481955106003,16.6859913763608,-0.1759585562029443,0.1138382238405551,0.006583245968280303,6.8594949407994195,19.883481214682742,-0.35849653271796705,-0.9661040110154374,-0.13883713664994082,-0.03132920668281178
80.0,24.888038028138958,24.019377004954645,16.765409994948573,-0.18231175861949653,0.11490957473313262,0.011905315480048556,6.596561632600704,19.868794682200516,-0.27951643602724113,-0.9607846666700667,-0.16717073910173097,-0.024966689538867888
80.01624246874835,24.874934731091567,24.018544757026508,16.68721125256267,-0.18397542309324827,0.11440666988184438,0.0009506369965894728,6.636745843180463,19.87865918490677,-0.32596314942398147,-0.9312519985339872,-0.16306168417653552,-0.027794657803387607
80.4,24.803146285601972,24.06178658621135,16.828579963183262,-0.18406817070906495,0.11431143400336774,0.013723737320645035,6.2881919188874535,19.804700693874377,-0.20816438345774196,-0.895905158492149,-0.22273652920422948,-0.018255988371867073
80.4164198080892,24.79205057235755,24.052382458172925,16.846286983982804,-0.18490630248353018,0.11261348260108461,0.019488813630378913,6.303909381287535,19.870096936504783,-0.22812565910803048,-0.8816651372789067,-0.19295188308689132,-0.020958021730343612
80.61650857756692,24.762015370253305,24.07742422274608,16.86575276266785,-0.1833842240792249,0.11315793070263333,0.025184662338777773,6.052238385360508,19.81149808288284,-0.24793733216866706,-0.8977659964692196,-0.23005107127789196,-0.02306434180054449
80.80000000000001,24.727624948653403,24.0976726601067,16.976744338603375,-0.1834462020941109,0.11308272310384779,0.034821714428078764,5.891058645705156,19.766962106082023,-0.1553266028841694,-0.881046893686841,-0.25627471663046375,-0.015861935291439144
81.0,24.65922108496477,24.290997998960876,16.969672435449326,-0.185966522868586,0.12680084105782918,0.03388819626248305,5.6823082688888,19.90213569547918,-0.17451446046674385,-0.8671935002819946,-0.26179951163634885,-0.017450080809524204
81.21677548757108,24.634168822546158,24.360678962529136,16.835547305257148,-0.1846848123321957,0.13222645685034431,0.014049487987102129,5.452579354986852,19.662147127804804,-0.24244977032794346,-0.8647178438904994,-0.376482606614285,-0.020447457179148476
81.60000000000001,24.555196801869222,24.40875397593963,16.788294778213405,-0.18583512454758006,0.13185198525362915,0.006955250030732335,5.17741508850921,19.518522636521563,-0.2788058200038238,-0.8083501604901986,-0.428614265310326,-0.022532945725541778
81.61695417355762,24.53370340751448,24.404030036041195,16.765665584553954,-0.18885248759528528,0.13073180498461628,-0.0012017867979609315,5.304109673626137,19.54471215730253,-0.2549641446276291,-0.7448565326813209,-0.41479894647850113,-0.01952985816039513
81.81704383179354,24.51897158691678,24.43359705306849,16.71793645828015,-0.18612068338409088,0.13098613973710202,-0.015841234033748486,5.051153453075821,19.44547403208323,-0.2091440322933187,-0.7656273641759483,-0.4489710564090236,-0.013618366498041524
82.0,24.720303122098333,24.287687993567058,16.68548584236359,-0.1672566195297149,0.1172916362943334,-0.017393172139714745,5.175528984440424,19.173770004083305,-0.2470027650857844,-0.7151020430259488,-0.49670593573466243,-0.016571799848222567
82.2,24.687856255186233,24.311677406831738,16.596045663358858,-0.1671749667437172,0.11735961864062291,-0.02540307233802025,5.032740928749458,19.071472405964304,-0.3261294838689973,-0.6945164421752513,-0.5245364344455747,-0.022564358807209063
82.21722396178245,24.709071693509834,24.322381261846758,16.613799440023673,-0.16402806045098825,0.11851457128145011,-0.018941687738060146,4.913107802347941,19.035513888080086,-0.34653738150396096,-0.742209064113896,-0.540715693480543,-0.025054339914502996
82.60000000000001,24.64580726860521,24.367501972889105,16.638900482397226,-0.1640705756669612,0.11848452598893841,-0.01588732725202622,4.637364536466215,18.818644963226458,-0.3281198720167799,-0.7046827503317766,-0.5929566770285652,-0.02312935893589994
82.80000000000001,24.612535942798885,24.390963587300266,16.666124906634238,-0.16411087852245362,0.11845614543237716,-0.012993071510547807,4.499778054368631,18.69762736959002,-0.3066388701975801,-0.6841124242999423,-0.6192877121281448,-0.021506187625922952
82.81749681741319,24.578366855193064,24.418564953523575,16.701976811833905,-0.16794970564826922,0.12185738611169265,-0.0019481086095767923,4.621840109817379,18.534036993055416,-0.3492140918915434,-0.6273864093189148,-0.6840013766248099,-0.025501947602485215
83.0,24.478959948955993,24.550037132146972,16.765608902673662,-0.17434056573571383,0.13020393322552914,-0.0023503234213691805,4.541268966113459,18.563879805390936,-0.24245083972247278,-0.5745924924495046,-0.6812981308705531,-0.015621813318368902
83.0175886613533,24.526615798667468,24.57249820943093,16.797400150688542,-0.168273643731185,0.13265693488528027,0.008666186451279007,4.352575058544503,18.501471987153153,-0.27681843628608876,-0.6561830636163916,-0.710147940717099,-0.019842449366655815
83.2,24.49562283957168,24.596557258249035,16.81358929117568,-0.1682997521078744,0.13264075725624722,0.010047306188639185,4.235273379526658,18.3696955018758,-0.2677937151950869,-0.6368661476695463,-0.7358933607257291,-0.018814634990391134
83.21768103277371,24.498845965072675,24.599813206802285,16.805063618724535,-0.1676859573483776,0.13270683664558935,0.007469945809062354,4.208498461471934,18.354632051422477,-0.25797965496869524,-0.6414954349565665,-0.7393733105458128,-0.017760448702752934
83.60000000000001,24.423610570840182,24.645587904390222,16.845178201672848,-0.16902162493893066,0.13210150242100385,0.00894455287954859,4.024758421003386,18.0774552382015,-0.21433584677454862,-0.5780622834054041,-0.784180083409741,-0.013759909977712701
83.61786756363679,24.417717290918517,24.646381327683887,16.84245001336026,-0.16946586658301652,0.13187809187617314,0.00787591956839087,4.0350504504165,18.069781622872206,-0.21127530192095054,-0.5670315358121544,-0.7834588183593109,-0.013504816848466269
83.80000000000001,24.38575968820594,24.66978169724395,16.90820634644877,-0.16956257212767134,0.1318055007624828,0.013950027378851888,3.9369704670286056,17.925624573187033,-0.15807122590938733,-0.5449587336510673,-0.8067538075400408,-0.008946053059762154
84.0,24.5558853343608,24.767608048247087,16.958290177864008,-0.15319890479740822,0.1374528194238387,0.017675797472839955,4.053601008753824,17.840704811626036,-0.11149533751076403,-0.49508751820288655,-0.8222085217748394,-0.005394535599747969
84.01805683155129,24.544662045343266,24.765836173339867,16.89189029456613,-0.1543310819571156,0.1369115577267637,0.009825902822413227,4.08067630937379,17.838120224804342,-0.15858860072236464,-0.4753833050165308,-0.8178663851872913,-0.008610958815393126
84.2,24.518135905812876,24.791446269488898,16.84023734407267,-0.1541974810281915,0.13698604368901834,0.004655996695704832,3.9930743898280827,17.686599539883364,-0.2050912171293511,-0.45407000451395463,-0.8396975414599294,-0.012129523827012729
84.4,24.487971549174198,24.81914931981253,16.818431124707896,-0.15414007798321458,0.13701798786478586,0.0024348941775100947,3.903268307047537,17.515996411955232,-0.22640325173563125,-0.429550722752629,-0.86286446578177,-0.01369785149109747
84.41824926963724,24.491307374087903,24.825387860353633,16.821386236071607,-0.15326080340263437,0.1375137776543806,0.0037684684855952104,3.8596910514670655,17.48719624801532,-0.23016567182025652,-0.4433568715385466,-0.8712661444366193,-0.014228184873510125
84.60000000000001,24.46590350049696,24.8515071285277,16.743369294141797,-0.15305113934837994,0.13763032274044412,-0.003985022891742245,3.7752601453565977,17.325442800890748,-0.2973711949245176,-0.422746421829001,-0.8924677393295609,-0.019299147648370017
84.61834681423976,24.46690271600155,24.85671491833232,16.745083429156207,-0.15244996133517458,0.13800051097052426,-0.003076443171723676,3.739176907511194,17.29813622731579,-0.29985190425884073,-0.43299117607154214,-0.8995866529860638,-0.019577424234180477
84.81844531540436,24.43189365253112,24.880391275314086,16.74219792930253,-0.15328258565600977,0.137428917905994,-0.004361039026723012,3.701012084621687,17.134807420025588,-0.301409814041911,-0.38920198734220895,-0.9131002546668837,-0.019175062475666912
85.0,24.513296587460648,25.047324618026476,16.688923788375135,-0.14443081884392078,0.1487849526581017,-0.006188494650352089,3.760222270594876,17.15199813069063,-0.3864250254280649,-0.35113429266800444,-0.904597897513549,-0.026292497594453918
85.0185448273409,24.525615784661166,25.06010380556508,16.692079198496344,-0.14248836314177193,0.14999860596835632,-0.004254229910326371,3.6927499242839823,17.109200383813267,-0.3897056648660405,-0.37790405968954804,-0.9197088379380569,-0.026843955861720406
85.2,24.502554012707574,25.08847920415246,16.636456500608006,-0.142256990097895,0.15010763955614972,-0.009833566982328533,3.6211810785959786,16.93919858507632,-0.4373237238896947,-0.35744071115742976,-0.9384069580152049,-0.03012318179759864
85.4,24.472737565236933,25.117933217820873,16.660781753522755,-0.14236859989987638,0.15005505915286485,-0.007139106271929682,3.554819879436803,16.750361439016345,-0.4231953946247444,-0.33142912983481515,-0.9573675809924171,-0.02883238080467847
85.41874709712941,24.497267399399494,25.146411084748845,16.664076479251698,-0.1381922215829301,0.15329974443496755,-0.0031312787322715935,3.3712326810284567,16.645055497606176,-0.4241497456679579,-0.40930405605626163,-1.0001913385694043,-0.02952106507538866
85.60000000000001,24.466267491230457,25.171705436144883,16.775771072865616,-0.13867381988578864,0.15307214134352784,0.008459259453381305,3.310945902829797,16.465799308940703,-0.34467982610165454,-0.385700912547292,-1.0171250850750297,-0.02281917027423362
85.61884995952664,24.480277568368948,25.194608524273683,16.776289209231738,-0.13578422770081217,0.1556370755169777,0.011025718100289949,3.1604183138094903,16.36956284510237,-0.3419092886416475,-0.4466426432604758,-1.0538164497699134,-0.02295684501052329
85.81895404137309,24.452438319737336,25.224636000590586,16.77861119618662,-0.13592491213901425,0.1554919001537969,0.010914756128132818,3.0812316667862345,16.161427431045468,-0.3468276652663327,-0.4232658331452425,-1.0726916713965384,-0.02240760555753026
86.0,24.372683751210957,25.091987864764448,16.807523791724314,-0.14053994658625327,0.142684113202142,0.01123506495962011,2.955913360531781,15.719967836911023,-0.2978598157511924,-0.4075063508117895,-1.1317586197883778,-0.017567535995494966
86.0190593917652,24.452041355663876,25.02847892231018,16.86755806872129,-0.13314446291569193,0.13667480512595317,0.005962398466234583,2.8089733649143076,15.824873897443688,-0.09906623441596751,-0.46264582993708814,-1.0837568463123584,-0.000534026755801293
86.41927408625992,24.396449312300437,25.080634989314248,16.869063088499118,-0.13355641013477115,0.1363323960082986,0.0053907701472690455,2.6497478588803287,15.39290949846962,-0.0988341501472925,-0.4175417059926779,-1.1160742256347582,-0.00044801570693070463
86.80000000000001,24.34686179629644,25.13313445558653,16.84672327127315,-0.1334636149563711,0.13638273674172738,0.002894787189846793,2.495541869971689,14.961103671082132,-0.11747031849711717,-0.3815955419946483,-1.1480533960211226,-0.0017151055035948958
86.81949439995003,24.32447149431496,25.128201109612167,16.87843343449526,-0.13509662179363582,0.13577070735791866,0.010531914729663028,2.531059596402528,14.958393130443826,-0.15841382577647758,-0.36523659165649064,-1.1421184380696061,-0.005790215670508383
87.0,24.267868933920102,24.784754365639273,16.885957875090437,-0.13598201307816618,0.10742472841028027,0.015753907891859723,2.272279151047785,14.224962307223079,-0.17917108609445626,-0.41732393999800005,-1.247241034578079,-0.007815940783136922
87.01960676621415,24.279707362128388,24.800972969305494,16.895020311899593,-0.1337235734313904,0.10924787872287162,0.019378478477994267,2.1852974448808906,14.161085265148502,-0.18666282392357744,-0.45378355583270114,-1.2688706019038696,-0.009006404436296854
87.21972065514845,24.259111649562726,24.89235779166866,16.852037346539397,-0.1337695948394312,0.11522750710091409,0.008496181786022121,2.1030293378581133,13.764891994307098,-0.1338381883187535,-0.43161671836136567,-1.341051707486914,-0.0031341918613173782
87.4,24.24725294931781,24.927041860698225,16.82097222610474,-0.1316417514446709,0.11709301142281071,0.00854186718959626,1.9311309094670255,13.47335881115753,-0.18346998754684443,-0.4589367319925711,-1.3808529778369132,-0.007829386022234232
87.4198361007806,24.21366306977863,24.969714927776725,16.837205495172768,-0.1346341576549148,0.12076002619787518,0.012255690415067005,1.9895592656432997,13.347207357105166,-0.20156130669582176,-0.430673302891945,-1.42032035862945,-0.009214474207543776
87.6199531343553,24.15855630999937,24.979562699908026,16.888377288458383,-0.136878377866055,0.1195760631179654,0.023685277960269608,1.9553530718890804,13.094470559543277,-0.26012882850269914,-0.3976597408421762,-1.4279437477293846,-0.015043609258618404
88.0,24.09220234494667,25.006954387706482,16.91401913152158,-0.13842075063380563,0.11786543494991455,0.023596191666873108,1.8267663023222116,12.544175668026652,-0.23406260299651446,-0.3535539435516188,-1.4581771302596855,-0.011909462473105833
88.0201920756182,24.10362196873958,25.008921483442407,16.939085307499635,-0.13714623317953317,0.11776560551385803,0.023364017791790734,1.796177449023956,12.517282433239084,-0.17711935775316295,-0.361408003022843,-1.4589992246122927,-0.006913594444816136
88.2,24.077675802622004,25.029112473604403,17.009507491931508,-0.13722862186218704,0.11767775790511859,0.02969698036876909,1.73391733343358,12.253719997006042,-0.12140470656928493,-0.34547975378244317,-1.4746180193783192,-0.002292614911544321
88.42043766848965,24.03454863778576,25.087022376504294,17.009559691672568,-0.1390316392026824,0.12105084626125173,0.02808157018851679,1.705995683338516,11.820143917038585,-0.1127609322529169,-0.30473090784512274,-1.536601786540219,-0.0008787530520633924
88.62056300440153,23.989447363940435,25.139712618754146,17.009907730545784,-0.14163501583660962,0.12423246859240683,0.026636311927827547,1.7291129710091344,11.390504546702964,-0.10511172227781458,-0.2500284912119082,-1.6024229739702205,0.0008643299319790057
88.80000000000001,23.964230628696026,25.162243539072154,16.99531939018755,-0.14162295470442135,0.1242550786389988,0.024797385043901814,1.6855762386888284,11.101452564363525,-0.12186858730645302,-0.23159827492747068,-1.61935932511322,-0.00036205104527197015
89.0,23.870684212060635,25.10747336413794,16.98281613933338,-0.14681969036384418,0.1179733208906418,0.023427591166895547,1.568721562059899,10.686323957988627,-0.14192927110043307,-0.21942019997298448,-1.648788265623634,-0.0019093197195669059
89.02081881579383,23.895061917752955,25.102737265122702,16.957179599355143,-0.14395964120704385,0.1170127666916984,0.016985170121195436,1.505532950586071,10.68330915330705,-0.11544063173053859,-0.2429356553535978,-1.6366242300971736,0.0006783009152015358
89.2,23.86942381536564,25.123893914399652,16.942113761560133,-0.14395141780187765,0.11702991788422523,0.01525018019968097,1.4634376463444987,10.388770918854426,-0.13098586620313,-0.22554753070168773,-1.651824169884292,-0.00046064920679241006
89.22094930501844,23.847151292954877,25.122268162056315,16.967814965278063,-0.14586067667067737,0.11672908095373086,0.021742870058093236,1.5024462823056874,10.35701008873898,-0.15899551602049583,-0.20544690309405614,-1.65229804582577,-0.003377864269072825
89.42108151979389,23.8292540653745,25.14931286518432,17.01962288170717,-0.14313439632072705,0.1177647438361723,0.034200703730522045,1.3349699739296468,10.00198106454544,-0.21162831811115518,-0.24199170156577451,-1.6805328377425148,-0.00961871106855263
89.60000000000001,23.803538138524114,25.170091716036914,17.056231747982142,-0.1431410148064551,0.11773490941496269,0.03709164812746009,1.2934843932023876,9.699935527411562,-0.1864893129844642,-0.22508490365907366,-1.6944302885698996,-0.007391794489433184
89.62121545798387,23.812436210972905,25.166183601370413,17.048351695998186,-0.1414692819280731,0.11660629094952836,0.03476330490137816,1.2384047139659966,9.718714792980348,-0.178233767926118,-0.24448492836584335,-1.6731918933879115,-0.006611367874566259
89.80000000000001,23.793072973832118,25.19548749509994,16.965506139369293,-0.1401317163794287,0.11809302394758887,0.0289407240948636,1.1161618044478787,9.367566696486856,-0.28905846889807746,-0.260450302036008,-1.7074494816777774,-0.015637687783053317
90.0,23.85232848445617,25.17073547013906,16.98653662301116,-0.13322407284082213,0.11426259308264503,0.030175636411508305,1.1628680416315345,8.96989035302433,-0.27453774422730637,-0.23096670343525458,-1.7281560282902024,-0.014290019064525301
90.02148847773033,23.849331759698106,25.173068301054656,16.987061798056985,-0.1332431395972991,0.11424453970911246,0.030141645904835753,1.1585576026236222,8.933178283225335,-0.2747001068190423,-0.22884341907766526,-1.729346765346349,-0.014195724962503037
90.2,23.82654833311161,25.1953138924608,16.83810447786863,-0.13313019301314064,0.1144541087698302,0.01530866963806676,1.1148044061188946,8.622117778931598,-0.4115450915620247,-0.21465295241883586,-1.7413217696861976,-0.024645359001330067
90.22162753664186,23.81875029028419,25.193091622052886,16.833745442827635,-0.1338817322485222,0.11370434488066837,0.013968196556908327,1.138732493610422,8.605134617900461,-0.406127993724222,-0.20011720165306707,-1.7330023457048864,-0.02398724727741878
90.80000000000001,23.741517794383142,25.25925327334599,16.811928152227303,-0.13385611669214326,0.11374917323038292,0.0110398200574832,1.0368803633730805,7.592896069364632,-0.445345161734306,-0.1478182625689808,-1.7641153594733712,-0.025648521425637553
90.82205469637567,23.69960825080822,25.278187602541927,16.845742196278707,-0.13952115738852536,0.11722140642309685,0.020291447069088593,1.2259486804928383,7.35724422792031,-0.47730201753194657,-0.06751109733454459,-1.8430854231957847,-0.028498296944781936
91.0,23.9354641201009,25.306541009930378,16.84829867499392,-0.1188422173197138,0.11787643872129452,0.02098913609252446,1.5134576473020052,7.031172734411599,-0.48692835584463395,-0.010501141000529665,-1.8542559564681973,-0.028576322907528
91.2,23.910816453990705,25.32878322011779,16.946393554414122,-0.11893703764099527,0.1177380630023289,0.030260395534750677,1.5167495833171811,6.660403160839159,-0.41375975107867535,0.012972447696033888,-1.8644138774186216,-0.02234053041923253
91.22234753809194,23.92968615152956,25.34131202065339,16.91086817702553,-0.116747251233306,0.1187394687747569,0.020290144375321638,1.46500257696036,6.596072089535031,-0.37232622791642805,-0.005678920864375946,-1.8754390345081982,-0.01765787676356291
91.4,23.9081819701854,25.360578496374647,17.072898925518984,-0.11683872345799041,0.11855300002190164,0.03578645946282788,1.4697313655943625,6.262944966437698,-0.24101584723792988,0.014734612748025833,-1.884518416924506,-0.0069474765941462124
91.60000000000001,23.884685259731018,25.38396059091252,17.108438602875722,-0.1168548196442843,0.1185198034371611,0.038586012752399805,1.4756589740510322,5.8852284309160705,-0.21857696200674856,0.036984715675862985,-1.8941588020025117,-0.004808221658860206
91.6226465339091,23.881112019374378,25.403331057246508,17.090549241254454,-0.11731924760984408,0.12067277845681282,0.033282013881217994,1.4914485577088683,5.759739756877958,-0.19301686756329706,0.046798632024061204,-1.927803501190282,-0.0018266797201599116
91.80000000000001,23.860244198254517,25.42370757509462,17.208271315208112,-0.1173394514227632,0.12057313373410627,0.04425947225161366,1.5034868815401505,5.41676664126241,-0.09875974363615295,0.0675831631464,-1.9370156684751896,0.005758036682002975
91.82279824158371,23.869439171925215,25.406671446529906,17.220356662092218,-0.11540382901353935,0.11774764850200929,0.04742237123267145,1.4387124316411604,5.501368976279223,-0.11655541995820112,0.04288705218538427,-1.8888111240143532,0.0033812425792213636
92.0,23.968343070725023,25.43277891109434,17.176700452522187,-0.1059058707815154,0.11819670348633231,0.04418010043586831,1.5889309042244424,5.176328422390582,-0.17903844189420093,0.08058795684033121,-1.8930584020762424,-0.0016513107819026663
92.2,23.947010238381853,25.45694535773219,17.08939825189682,-0.10591025787988523,0.11824384469604053,0.034613875873823904,1.6067313391836697,4.798012644100505,-0.259434765684148,0.10319586190873456,-1.8994551693116355,-0.008041394982184183
92.22310585095778,23.94340303517743,25.467049016628533,17.08505773190801,-0.10613085589523874,0.11908920756707761,0.033171549690087655,1.614530251247682,4.729644767245903,-0.252672576520735,0.10842660193162412,-1.9101368517669386,-0.00735772548767108
92.4,23.90043324362218,25.462955934313893,16.940494040827648,-0.10893464463164768,0.11590549070490602,0.015152482437854744,1.732946606357802,4.483973806655605,-0.3412038085226158,0.168987876315725,-1.876833231103089,-0.013741770236878519
92.42326165271326,23.947873337327067,25.52174431199399,16.97775564973095,-0.1027514624722597,0.1233974593756117,0.02611697384600143,1.5086339301831515,4.222568220066511,-0.3971858842171161,0.07840597479959928,-1.9687060070749367,-0.019579055239012693
92.62341871400268,23.927649459665602,25.536431195237267,16.998425051873358,-0.10250931776968158,0.12221660628378238,0.030447123874450567,1.5167606963187177,3.870322733266527,-0.4215183769773235,0.09542980390302158,-1.9592841189559336,-0.021779701613040575
92.80000000000001,23.909568492238275,25.55708489468882,17.092510025788844,-0.1025397467115207,0.12210730151371357,0.03918154499934959,1.5381058791608486,3.5250619092118467,-0.3501113777513063,0.11503015541667097,-1.963990826129976,-0.016116195585111265
92.82357697716692,23.911646926921527,25.565553036362235,17.098073283804986,-0.10188623772691617,0.12298179327355255,0.04059906521334689,1.5090068079344086,3.4466319302634636,-0.357554570357968,0.10499581438986694,-1.9774190317498965,-0.016831093180541476
93.0,23.923907720963804,25.7620286898419,17.100721896025156,-0.09937581859191182,0.1368474695865193,0.04070636718105669,1.5560081721181818,3.2967673490718945,-0.3700363627360408,0.12481551022630147,-1.956758352253496,-0.017557512181181942
93.02373638164222,23.916972960618445,25.759340576901586,17.174828951173897,-0.09992330634849354,0.13611466766557515,0.04753870592574748,1.5752011679486007,3.2659390419500465,-0.3046212891432052,0.1339197072282402,-1.950317909290614,-0.012294087953736104
93.22389686406137,23.914061733863207,25.771604016369103,17.183647062056828,-0.0979346096079105,0.13439570297126674,0.04732982758859317,1.5557254162516472,2.9262478547499926,-0.30790489649427993,0.13482160470667065,-1.9332655721828693,-0.012725001562424808
93.42405835835821,23.892032311191674,25.795237183536546,17.191209809982546,-0.09827586520436885,0.1339049448161706,0.04670976147370933,1.5981643368694627,2.553930399070687,-0.307847314497191,0.16142439353933657,-1.9287389588220376,-0.012708180573212215
93.60000000000001,23.874123958517348,25.817121807327393,17.302366848770756,-0.09837385009701764,0.13371916504705317,0.05704810704656452,1.6329660600544103,2.2175189823623627,-0.22503287229601637,0.18131449619906329,-1.9284312471213068,-0.006201862785803095
93.62422079587546,23.85834015565848,25.830605875531077,17.306068613704472,-0.10000023488992316,0.1349742567944097,0.057687867263481324,1.6860233152798907,2.1239064014202484,-0.22654949103908317,0.20307804934379045,-1.9462834192036678,-0.006239313036811182
93.8243841054751,23.845996636488564,25.844304996404997,17.33164418599364,-0.09892154841821703,0.13335656475140398,0.06141873817459643,1.6911004892484613,1.7982591958701473,-0.24625336324099123,0.21000238805036664,-1.9230415847564908,-0.00849454083210715
94.0,23.68905905793305,25.533574338432572,17.317683124655154,-0.11073509360481662,0.1058727783993957,0.05672980182668026,1.649154342801114,1.1654503915594325,-0.24741499502759606,0.23825369342784536,-1.9384496003658755,-0.007867599370790112
94.4,23.645070368996212,25.576609298484094,17.30265502170187,-0.11069517241751753,0.10594273979856009,0.05293111871099319,1.7517683197368825,0.38983877328880256,-0.28135315313496556,0.2825417707171724,-1.9340540109266218,-0.009749148173923496
94.42487852055464,23.639385156313256,25.573789748828695,17.3012010257555,-0.11120907500407606,0.10504196772906144,0.05193047800577816,1.7811578055128523,0.3701690468659215,-0.2782186774878749,0.29518940573981967,-1.9210734304098003,-0.009269688479885655
94.62504456146648,23.606313598981604,25.59093124754793,17.337405773744752,-0.1123604704360288,0.10468557382779074,0.058385038907000746,1.874395209104621,-0.005578193093366423,-0.30743581043772006,0.330541465256905,-1.9131760340654278,-0.012308466583246346
95.0,23.448100544831625,25.296645429968127,17.28234815958873,-0.12068496858446211,0.07999061165838547,0.05544081302780682,1.7890081372249522,-1.242396588921645,-0.4255116632772652,0.3247866650500084,-2.0005636781945695,-0.022616548213548658
95.02537800922114,23.474615382088658,25.311457156938168,17.220913937631515,-0.11773122641621855,0.08116854129933053,0.04059887405983192,1.7377560222923194,-1.3152337831806302,-0.3674176323172852,0.30380686437034143,-2.0093326509050007,-0.016255815159761634
95.42571271262543,23.43833392113366,25.35762423813839,17.24452582833281,-0.11675497320445084,0.08235706325838553,0.042064196998963195,1.840801551267106,-2.145078683926629,-0.3808109501236334,0.3379807431036358,-2.008984054752928,-0.017712981853310977
95.80000000000001,23.396307345842825,25.39188482903951,17.108961382093934,-0.11656599341976669,0.08268499651620866,0.026883348708535856,1.967645819309629,-2.9009489552013314,-0.5073347145699928,0.37730654664820173,-1.999785119771476,-0.02704793592099002
95.8260479716142,23.43409775209538,25.362804799308936,17.105344495116533,-0.11188515535404973,0.07929886341677961,0.02595918230927472,1.823988278943239,-2.8311282356589587,-0.5074736337180445,0.32272614943791494,-1.9552341758925273,-0.027458095657394092
96.0,22.678157957973838,25.50033366341394,17.17863741848399,-0.1701725860961956,0.08861923467267649,0.028841758979245385,1.0042018346810684,-2.9785475046620435,-0.4139737180857607,0.22553327062516182,-1.915098777882524,-0.019526915999122416
96.2263830650873,22.66531822255807,25.512823424709605,17.04218613275875,-0.16754884092017933,0.08780977512364682,0.013110903928627125,0.9962606739370854,-3.385788893302149,-0.5081908071887778,0.222225655300279,-1.8938006355934582,-0.026190093454334266
96.4,22.636769381520367,25.529133869841004,16.99920709749511,-0.16749499784394573,0.08790442189137188,0.008655370227583312,1.0345533588803395,-3.715026088471617,-0.5491504103112638,0.23677266207615355,-1.8843275333195681,-0.028968438392206832
96.6267172546009,22.657039635496773,25.536456149791057,16.936797432349724,-0.1613980319898264,0.08651145439396571,-0.005837563053089056,0.9197280451248262,-4.090539432620794,-0.49431477383881883,0.19287728378856883,-1.852310820972502,-0.022901240401613582
96.80000000000001,22.629416739960618,25.551907286756844,16.822100268648228,-0.16146678282966856,0.08636624765510784,-0.0172354761904462,0.9605626507947916,-4.399263708659827,-0.5880784669628194,0.20920507763928903,-1.8357152861574355,-0.02966532648900952
96.82688377575724,22.624175778260486,25.550482890226487,16.819064401730948,-0.16183300366351502,0.0855563000703399,-0.01820623647955372,0.9897908730413594,-4.414140586712932,-0.5860941745381641,0.22120402224763705,-1.8193067277289923,-0.02921941224124719
97.0,22.85797401383952,25.719234480676498,16.784827697300962,-0.14102723808875745,0.09795320676369165,-0.01921036513380808,1.3318947244958643,-4.5667931516255456,-0.640490714398044,0.2717496399989007,-1.7889384303100957,-0.03329590413815174
97.02704978797773,22.838798112756344,25.75646953828153,16.850452214607763,-0.1427274988841624,0.10114542356629655,-0.01862936599954862,1.3818393518468897,-4.68267531444661,-0.5048317067563588,0.29174069483074766,-1.8131713299959191,-0.021248896131371407
97.4273799028168,22.778868902839964,25.787413693281092,16.839078001330623,-0.14343967820244466,0.09947616014154588,-0.020156740954041002,1.540251238642557,-5.345576133517189,-0.509075057311398,0.34020838774406226,-1.7561817217060605,-0.020129289767185043
97.60000000000001,22.75434659492823,25.805064091302935,16.81742080878771,-0.14341681560157327,0.09951814755476061,-0.021943655533341995,1.5995523451868199,-5.648038064760814,-0.526921871783181,0.3545241089922601,-1.740417528650744,-0.02161972702501483
97.62754381307663,22.767035157373492,25.782188782427873,16.842764606756603,-0.1415319633554719,0.09709036568497076,-0.015926757638568944,1.5483259001134262,-5.627944539745812,-0.5576899510501494,0.3331840364171745,-1.7133413457397961,-0.025087981969882538
97.80000000000001,22.744068337809573,25.80660102565801,16.933418472777575,-0.14080111306478374,0.09884282153543343,-0.005252749398525106,1.5587354507116347,-6.000251829859779,-0.49917030355120645,0.32690967493873024,-1.7293377756995856,-0.02059839449060477
97.82770682988746,22.752690602108927,25.793893186777,16.945775139018934,-0.1393686584581397,0.09734507261715802,-0.0022822718744498504,1.5175924542945651,-6.0010641877438,-0.5156388651449073,0.3103650477701101,-1.7102384203954886,-0.022370594441007238
98.0,22.531649261760588,25.695821919971834,16.95475122265531,-0.15498774925094266,0.08818367006346245,-0.002203533771318084,1.3447063749490136,-6.419211848867931,-0.5026814313816681,0.2950697012689331,-1.7083650358574556,-0.02105392785250975
98.2,22.499913063362133,25.71197670054246,17.00831429820966,-0.15505566832734197,0.08805660127316259,0.0030197789139072544,1.4068545254115794,-6.757180707710567,-0.4636973791108717,0.31056804734633275,-1.6876179796327218,-0.017702041921042397
98.22802979639695,22.500724207392967,25.73149125334793,17.014442946498633,-0.1538026144128055,0.09104400860256205,0.00557093235173036,1.3603841895727256,-6.898157739932552,-0.4724765773077486,0.28705639637916364,-1.7279867333252927,-0.01923993638797002
98.42818955274346,22.46790285611675,25.73913753312208,17.01169601328945,-0.1545980096062077,0.08894169849616529,0.0038165374725221747,1.4617103319454805,-7.166535264339667,-0.47105540098011506,0.3199654642924234,-1.6746191379532893,-0.01819796316053724
98.62834802912381,22.478556557182326,25.73765221302031,16.992435341587758,-0.15030614543759402,0.08697430143872768,-0.000813488259229308,1.4047772555927043,-7.438378781207292,-0.45222009589544576,0.2893739324353635,-1.6309256706944881,-0.015810120549401008
98.80000000000001,22.452584591840086,25.748846829803178,16.957900651414732,-0.15071421106622265,0.08590204266240062,-0.0050772751070180915,1.4845324663275563,-7.666015037723884,-0.4758572002672361,0.31294200879852374,-1.5899396389564944,-0.016939810874109434
98.82850512930965,22.41498727448938,25.772673539584368,16.962133701246152,-0.1542893097812104,0.0880450350788781,-0.0040607833900865795,1.6102412230537757,-7.781872182534228,-0.4804398395356069,0.35733674422421063,-1.6113871559203121,-0.016997909839889802
99.0,22.359678164921107,25.74903080566715,17.04581095614305,-0.15613262997731822,0.08585512507543705,0.0024229066629220695,1.6007986515817023,-8.176139098370758,-0.3830756366703895,0.3508502712396758,-1.625643570385124,-0.009037941152421763
99.02866075741242,22.355617080483505,25.753116530307874,17.046407823123523,-0.1560234663870301,0.08614238791531689,0.0026468407168881362,1.6064242151194625,-8.231003786578869,-0.38403810365411784,0.35080454531314526,-1.6263299388438759,-0.009298250893141674
99.22881481796935,22.27019371789636,25.792161430135685,17.07498950948721,-0.16139644405723133,0.08831770147013873,0.008963112956706503,1.8023278677956411,-8.609724131444922,-0.41599360089262266,0.41332973904501796,-1.6247734518518804,-0.011686118592941774
99.60000000000001,22.210581239836582,25.82562476290486,17.052638310704864,-0.16136987032659358,0.08837472674821065,0.006456573955690791,1.960462633404745,-9.205587929164079,-0.44061615941762255,0.44278585586667024,-1.5807982752800767,-0.012795946093918521
99.62911785722306,22.22952811381831,25.841715875865198,16.993609364896077,-0.15912243073068336,0.089463522954829,-0.007017018651232653,1.9195995275686062,-9.271960581493207,-0.371730557562358,0.42620369678654696,-1.5841358816598168,-0.005782981853344531
99.80000000000001,22.20264690877664,25.857810124244203,16.957912644910763,-0.15909452776189706,0.089530212337708,-0.010356132876179161,1.9926090789563102,-9.541911652959577,-0.4004880858612546,0.43929854965461523,-1.5632259424498391,-0.008013921754583727
99.82926664786523,22.164057756088155,25.88499993834647,16.954465563741188,-0.1628216916625722,0.09197998657041827,-0.011090204111594566,2.1318316071378867,-9.667004487526684,-0.39535787271909567,0.48771848045488264,-1.58772379307261,-0.00718538289815699
100.0,22.153338855407146,25.439476457500568,17.015666211648266,-0.16171311815273354,0.05544400501470648,-0.007818773855779115,2.2536934770601444,-10.47009617925037,-0.30716145482055773,0.511317042733874,-1.635104188190208,0.0003407988790789431
100.22955830653213,22.114657495492732,25.447294209457443,17.10233986335014,-0.161945416208458,0.054817360065518225,0.00031835195001304043,2.3821719745628456,-10.825806640675935,-0.23422053038773286,0.5348772779473911,-1.600472167097848,0.006236601628527669
100.4,22.08602196202141,25.45423147525441,17.190935871906163,-0.16203531657376413,0.054620679545098465,0.009005053575803253,2.476933861342658,-11.093976577189617,-0.16344978677476663,0.5502549144086405,-1.5786913011543051,0.011632253465495245
100.4297009912088,22.07576208054137,25.45409096329515,17.200523173352796,-0.16256298379785508,0.054490341611827746,0.011192586596199657,2.505701203461094,-11.13926461873018,-0.17505990936953414,0.5573144059399009,-1.5745779512290612,0.010512778146367766
100.62984145877962,22.04048090538268,25.44715749862358,17.193913040244247,-0.16365418485735495,0.05104012627036243,0.008113528021435085,2.685681499517214,-11.310753830526318,-0.15969574569177686,0.6039369398495685,-1.4893284221694523,0.012896325942295124
101.0,21.62928602502112,25.63117233394044,17.204206208643985,-0.19097961720174333,0.063835683036758,0.008305513344374855,2.4594785640137884,-11.632641794124686,-0.1447486250257211,0.5715310541838682,-1.40389852294851,0.014406463163541596
101.03011538681329,21.609188224234558,25.60327510520654,17.27486813571564,-0.19214368592177677,0.061327916995810014,0.023817988551710356,2.490235968602402,-11.633417580186167,-0.22148689104782351,0.5783908600746269,-1.384095233645875,0.006694479664718066
101.230248672204,21.569140113936154,25.60739073295884,17.276735964889056,-0.1925885422084425,0.05980824752765659,0.022716364069368104,2.6285894892382533,-11.856920150265834,-0.21582722007304572,0.606174121673444,-1.3301142019265908,0.007775871531817762
101.43037939047314,21.56525804057544,25.609288609845432,17.259409335654556,-0.1890945231730826,0.05875682420800131,0.018019269876291617,2.6603733910275733,-12.088227313712174,-0.19249785116441512,0.5906284492306187,-1.2859696371525309,0.009975096239850254
101.63050745719386,21.513983690446185,25.626018073200207,17.262034221768218,-0.1905993171766104,0.05901917833304074,0.01768554029169563,2.829983311167081,-12.344609267975326,-0.18869388958512648,0.6266321149366436,-1.252433062076868,0.010718237272253168
101.80000000000001,21.480553828165455,25.632425879250825,17.425639036662748,-0.1907020633568344,0.058720088870436116,0.033154317325028104,2.9414215261303918,-12.548879444406788,-0.057990798732644594,0.6418240939682197,-1.2224850393898727,0.020856805178139176
101.83063278929251,21.47516542564639,25.641745093371064,17.433752350721118,-0.1900379421201899,0.0611457095734644,0.035649665331728315,2.91245054869866,-12.706518736160199,-0.0683622800235922,0.6233787388062646,-1.2684392722892368,0.01916220096759948
102.0,21.02698246424867,25.21952466990537,17.445326667866293,-0.22309726514924907,0.026355224840444447,0.033922441660857165,2.5403500659509777,-13.370022754458741,-0.039453165842439825,0.5785258142377223,-1.2882327972781968,0.021604033502189132
102.03075530510668,21.0259124393211,25.240392879167032,17.37581358734496,-0.22214641337100538,0.029414702658552505,0.028400321026205107,2.524266006872137,-13.494688776247678,-0.10536254218354485,0.5649064234899293,-1.323364272462093,0.015869536221409783
102.2,20.987822679090282,25.244113752835116,17.421523836288305,-0.22218928324933432,0.029311022466342918,0.032401319481927995,2.621941177490765,-13.714883319054376,-0.07101518494488487,0.5772527716421965,-1.2970321473854622,0.018038991848007172
102.4,20.943855817130874,25.251186678077435,17.38874862031405,-0.2221485489392873,0.029410039863221275,0.0285413903507165,2.737791130891152,-13.97288186394058,-0.09742422479990549,0.5915806038002672,-1.2668507174818087,0.015948798222160068
102.43099156862557,20.941233764205005,25.27988576685202,17.39611902713482,-0.22081101711761,0.03498812005578654,0.0318063316635738,2.68520427008185,-14.220200243373135,-0.11148339027760695,0.5606129043690689,-1.355379336063636,0.013417217346975107
102.60000000000001,20.905260744505444,25.28929482770447,17.289073114620187,-0.2206947012750623,0.03527379882544123,0.020690260270755732,2.7776033614582314,-14.452498449736636,-0.19413862789575734,0.5708022363456705,-1.3333094596859294,0.007464005913770464
102.83121562478155,20.900285657820064,25.292280811287334,17.252332632761966,-0.21607331735909474,0.03458559067151175,0.011260919537785198,2.76918336193748,-14.723328044688502,-0.13860016924639937,0.5358959002099993,-1.2886077861479739,0.012706965365127887
103.0,20.92599666394896,25.34958126231965,17.34244040933545,-0.21140229960046455,0.03789940305092235,0.01609848864317607,2.949298396244299,-14.841402114278601,-0.010299232083055346,0.5626709823037547,-1.2384184755525687,0.023084185906243494
103.03132288749369,20.871154363008635,25.380075233426016,17.334569685355707,-0.2160811634001537,0.040521018175513644,0.014279449055147924,3.0692483884504482,-14.93149233896963,0.0012522165052505155,0.6043184172120538,-1.2532594677868079,0.024126639160498703
103.2,20.83546202018795,25.388953652777218,17.27167405794144,-0.21601771993839816,0.040682956596974705,0.007875315989809149,3.1705835621743796,-15.14323941258567,-0.044772058386603406,0.6150559713924673,-1.2287196106745686,0.020629197914518105
103.23142687663353,20.817031116433874,25.37447826285512,17.312497137836633,-0.21700855820587187,0.03939745381420806,0.0169042344889341,3.2057526380723433,-15.16134372043696,-0.0959627374400263,0.6224785709043753,-1.2168512749784421,0.01566592127345451
103.4,20.780866868634572,25.382368845822718,17.269260727792116,-0.2169734133519045,0.039495170611643246,0.012417960482610638,3.310599180267948,-15.365916923794394,-0.129307736248913,0.6330862001093587,-1.1915585752846731,0.012971163699824787
103.43152752191027,20.746749903665368,25.390476893678898,17.282929492750696,-0.2196345492871986,0.04018247357452337,0.015441232725285931,3.3986157037851314,-15.423763575199958,-0.1464473727472116,0.6600725122458315,-1.1940750042199224,0.011487659114284681
103.63162475485291,20.70075372148527,25.387626101496128,17.28096349112261,-0.2202007004986911,0.03780263558838112,0.013530079020402283,3.565119930776419,-15.55921195883225,-0.13438772158891532,0.688882751204172,-1.1199025301748065,0.013273083522023749
103.83171850885509,20.608407231220472,25.409408092152134,17.30566056418818,-0.2251750707478327,0.03926552751407402,0.018427336500524888,3.8642770069989907,-15.832372502647274,-0.15845360721093807,0.7591978001010193,-1.1053649162516903,0.011129736340513717
104.0,20.455707752379304,25.444586084629567,17.241984554402908,-0.23413039161784646,0.04151625500292201,0.014047356118309488,3.8537608125501728,-15.971238613481097,-0.24452050386377783,0.7528386978532405,-1.0709978981507502,0.0041355663849532475
104.0318087192184,20.44596169271128,25.45131292031358,17.218758339797034,-0.23438120318759373,0.04197775878672072,0.010882858269363251,3.884329622077073,-16.013034178401497,-0.24868030754836382,0.7579394807495325,-1.0685712841046673,0.003996861968381144
104.2,20.40699517280023,25.459938167974464,17.156379949518826,-0.23434195278260403,0.042100022642117575,0.004655921323021233,4.011718761929484,-16.19235730428862,-0.2989092732738914,0.770929487476547,-1.0413814078538794,0.0004555707669694018
104.23189532319468,20.402642882033177,25.474946033797,17.160887511424562,-0.23381347911080658,0.0443680878423005,0.006214193688939487,4.014202324284883,-16.29848338036077,-0.30714490732614064,0.7628170045246033,-1.0695709778510316,-0.0007914495387275805
104.4,20.363605804435274,25.483348939052497,17.124086817489008,-0.23378980815762154,0.04444373212913944,0.002519013312404589,4.1426902835465045,-16.477390966169875,-0.3369580358941092,0.7750720194020261,-1.0429991280332818,-0.0029113566837167364
104.43197826002691,20.339970136223386,25.510323906622666,17.089923652714784,-0.23559021528098167,0.04668126411584315,-0.00544793050666386,4.224355567942034,-16.557852484087647,-0.28787696128518503,0.799002093289154,-1.0545113503213326,0.0019215345293813893
104.63205747098911,20.270781376195174,25.53026517608794,17.088059663834322,-0.23791552799189158,0.047698344499803605,-0.005622781910521042,4.456850577239083,-16.794558079371743,-0.28587238254716396,0.8398895820720782,-1.0327754748097442,0.002226086118452153
104.80000000000001,20.232327711089855,25.545362392915692,17.127006287799894,-0.23759236002941966,0.049206390189968814,-0.000815305802270452,4.579276593286786,-17.034556989106612,-0.26445256427694386,0.8447717193944577,-1.0347089027548557,0.003211613570094458
104.83213289942509,20.22484850203116,25.547799531305767,17.127485404318776,-0.23755072050296586,0.04941979817794143,-0.0006315590931415921,4.603667018847016,-17.077866375148506,-0.2654068081657732,0.8460945355016156,-1.0340674105690353,0.003063939717908866
105.0,20.201938435062694,25.4761170279064,17.096089072414035,-0.23629737969216152,0.04309468911755867,-0.002774448773177116,4.7737015651065,-17.335176002671115,-0.3056958125839086,0.8639484733977724,-1.0184389905593922,-0.00021552297382152396
105.23227219266725,20.197532411046865,25.483411493762475,17.057890298160892,-0.23130600482885985,0.04267376092322451,-0.01119733515004106,4.860206622556398,-17.54806816862124,-0.25932300669122266,0.8380948813538865,-0.97487534790817,0.004493906466676718
105.4,20.159036492125942,25.49162764339118,17.168685565890684,-0.23123753311166395,0.04303941178090774,0.00014671287043574108,4.998610223071102,-17.725054441084023,-0.17303981974993676,0.8478087484297144,-0.9561967965801382,0.010689267901961008
105.43233595484352,20.150118131124398,25.486738074202925,17.166727612310833,-0.2314605370576617,0.04190104794087288,-0.0005852404787601195,5.036392791314114,-17.714625997407875,-0.1686870932259434,0.8549750263221794,-0.9326771975826196,0.011299157768169884
105.63239572930394,20.109751658524804,25.4832555376777,17.18782394017968,-0.2307375822640101,0.040863233392619325,0.004212336362705392,5.18170952772512,-17.87509256949873,-0.19406672249983453,0.858678580632824,-0.8925247000051619,0.008444546666065835
105.8324514702855,20.0663831758892,25.502640513741373,17.19420002175029,-0.23027834670309846,0.04320873068541647,0.0060470381324301955,5.327838764490725,-18.157483624789915,-0.20268775522120414,0.860439217758442,-0.9044268898856233,0.006814353069125752
106.0,20.049942356813165,25.387756859649127,17.13161858890289,-0.22867925088415925,0.03354342988053622,0.001646162198678614,5.512521464401735,-18.435520204695724,-0.28359138500524644,0.8790222824657868,-0.893086352003953,-7.337594805072699e-05
106.03250313430588,20.043632354871416,25.388798568357466,17.15720612842161,-0.22857459925131354,0.03353562269792147,0.0038475000490511228,5.539362293942699,-18.463924018570353,-0.25865918180009345,0.8803064755700418,-0.8878837675715233,0.0018074603263575713
106.23255068019543,19.97318588469338,25.37044287691382,17.209255295059084,-0.23095450587711586,0.030820801534713272,0.014809953016691763,5.769734209345516,-18.57742801183975,-0.31800261898964166,0.9134789164588033,-0.8305592736359028,-0.003318551795996659
106.4,19.933898922387677,25.372449009034735,17.352442461851584,-0.23101662070569023,0.030558131708401513,0.02863307091082115,5.926346104335809,-18.70863444436521,-0.20773539016107745,0.9250558290477982,-0.80206672733663,0.0052175979188905635
106.63263326465164,19.87951391630189,25.363183385362014,17.398394904302727,-0.23094025870913454,0.02913283748099579,0.03734682003755898,6.132934524261531,-18.862041251294063,-0.2551260146809306,0.9360427898602537,-0.7544393740791826,0.0006218797840971445
107.0,19.477112986663258,25.186686067340784,17.434775967368115,-0.25580621652096774,0.013981740050353181,0.03777758064000881,6.086503498362098,-19.31957342085402,-0.21633028785869116,0.9043582563257864,-0.7134314976505943,0.003759418621228778
107.03269894170879,19.47077363084914,25.199128727755586,17.447707432878868,-0.25554270296296494,0.015956021128219273,0.03976213733885021,6.1060783852739196,-19.39974774854912,-0.21498004232797535,0.9006843098080968,-0.7359981132255302,0.0033275929565200714
107.2,19.429110435817847,25.206587311957623,17.285788537245224,-0.25543884429415137,0.016353195474313447,0.022939761264043824,6.25423737037284,-19.52821037514919,-0.34238306475345076,0.9093517943100445,-0.7114892165455625,-0.0064298665847457295
107.4,19.377211392785306,25.206250479753564,17.417306152534174,-0.25551603174546467,0.016055938915881005,0.03567645184721786,6.43981532548757,-19.6612673009222,-0.24860996988209205,0.9207363548090481,-0.6784028529301376,0.000422535397825022
107.43274746832967,19.36759622669877,25.19373046254281,17.415503487542217,-0.25572683455874595,0.013550826653323765,0.034307281511820234,6.483289932764901,-19.59096923159257,-0.241644501509366,0.9295562326532848,-0.6307570692116008,0.0017359920051577152
107.60000000000001,19.323898751325288,25.191807003535043,17.567310462399938,-0.255815071298924,0.013203776068431336,0.049048152302878394,6.642760340853625,-19.68638821706626,-0.1333988008386825,0.9392962186408769,-0.6011008306173474,0.009741208418464743
107.63276523513517,19.368981906960652,25.212768265711087,17.485963105212356,-0.2506255500942823,0.014791370649287948,0.02994969909707966,6.537470582478279,-19.720673063305686,-0.015256853525374592,0.8930072930761974,-0.6006062969319242,0.020831151494766068
108.0,19.15957496457066,25.390707271932612,17.42491688921684,-0.25949722846521933,0.0284494533985329,0.02623637562210456,6.696565823654502,-19.713144521967557,-0.1186221223054926,0.8805284609471744,-0.5103569135588651,0.012135631246283531
108.2,19.10763147998313,25.396212917333457,17.43552956591507,-0.25950120888771727,0.028434713091933236,0.026782974804820302,6.873644565015531,-19.81157128273481,-0.11231264640923368,0.8888331459198736,-0.4764456732405217,0.012419379589965633
108.23279229792655,19.097731800453282,25.385059785983284,17.434645157143915,-0.259670090512762,0.026610968343525,0.025979113143805667,6.911025310254319,-19.770670261004284,-0.10797612292393856,0.8944970016938014,-0.4448392208374644,0.013234062211352916
108.43279251814364,19.05314523521987,25.395530277187103,17.423905325633378,-0.2590006629372207,0.027028852445189804,0.022529819644882255,7.076140121402082,-19.861860881810642,-0.08497022187687879,0.8975432402164838,-0.4117375635931371,0.014934885026284974
108.60000000000001,19.007044406182164,25.38049160995522,17.41206996593947,-0.25933332254105873,0.02388750541837776,0.019648233535214107,7.246083013600108,-19.808708761107482,-0.08092268282832665,0.9129974432739469,-0.33135156109894953,0.015973651097240582
109.0,18.741614456643095,25.778323229192452,17.44235391346227,-0.27138846252722193,0.05460336178537865,0.022168457359686356,7.3397070246145075,-19.46796492108389,-0.05650536081888298,0.8779675744029836,-0.19876953675440234,0.01776748165115094
109.23274911474903,18.678010962840215,25.794395835500985,17.552646423753544,-0.27141032812536536,0.05531622625583221,0.03305040349792671,7.542997722941904,-19.534498052322327,0.017576536544289232,0.8829748522075059,-0.16778089961638248,0.022341944795751353
109.4,18.6325275778365,25.80326336232056,17.5673681921132,-0.27141804374206663,0.05528601595808368,0.034002271015302635,7.691271190484284,-19.559415583513008,0.027529472403596662,0.8877032680462796,-0.13668733610849992,0.023059058007018587
110.0,18.657941539530228,25.98764104868552,17.614313795677283,-0.2568450847860034,0.06736918428407182,0.03631510427576161,8.541136533535107,-19.462884541124637,0.07344774252861398,0.9550795065623517,-0.011566909424756902,0.026230164379138363
110.03263473910614,18.585939284106775,25.976089556653708,17.582080440992495,-0.2622951773836207,0.06624863896320209,0.03928675433231804,8.669214654637688,-19.453837651482903,-0.07394907939210142,0.9910883753020946,-0.000913289343562074,0.013743806841753654
110.2,18.542624692649873,25.989775862883814,17.529794338197743,-0.2622468122363817,0.0664427586308147,0.03322140992956966,8.834492190631272,-19.454483415319622,-0.11074230599095927,0.9960980866175554,0.029182691068426785,0.011144968714792439
110.43255103927007,18.513479847116628,25.991275496429846,17.54830835796359,-0.2594731216110062,0.06529702453527748,0.03538871997206365,9.003285011141875,-19.41926217529095,-0.12282708435948393,0.9811934933761091,0.07932561256640328,0.009822090902861241
110.60000000000001,18.468520544780688,25.976188880301127,17.482187744355226,-0.2596283553500621,0.06194746183722407,0.026728553827400407,9.182646456517043,-19.2867674198492,-0.15398821284874883,0.9923201757742193,0.15861372973670326,0.008403881032935517
110.63250260629991,18.45864457219165,25.948166625792584,17.475604512923667,-0.25977216293594735,0.05797887644319173,0.024378862001209884,9.23194968733827,-19.140445156015787,-0.14014881806486446,1.000946256966374,0.22376268768130728,0.010746222866136464
110.80000000000001,18.415900072600735,25.96215231998787,17.366107320022934,-0.25970823161396056,0.05830267302521993,0.012796465208797094,9.397854245834239,-19.107281858361496,-0.21538380655616485,1.0047706688433329,0.2558992218349759,0.005557481568821496
110.83244980936415,18.373677424417373,25.96931817570975,17.371818621524977,-0.26265598867016565,0.05873186158915335,0.013879155309861316,9.509978966127589,-19.112340548841853,-0.22268220462211444,1.031872936594111,0.25869437053364713,0.004964897460563976
111.0,18.35240332302096,25.99142197591674,17.45923375952813,-0.26089969003138347,0.059596028643597344,0.018754058616941422,9.710219925143578,-19.069286780128593,-0.08562733815986887,1.0409209024684838,0.29098520680093876,0.015853074649659685
111.2,18.29955961051554,25.999710613933342,17.55282952661528,-0.26095386050968467,0.05932839583848868,0.027379474992627568,9.920254189970203,-19.002771014068013,-0.019613988001345686,1.047056254267306,0.3318183279017406,0.020925767973561646
111.23233121516779,18.22019595349552,26.008068828164806,17.56939448793614,-0.2670247876024525,0.05985463243957808,0.03062698015478378,10.076203010658624,-19.00721956248869,-0.04264737398261123,1.0912554251891033,0.3340554029197453,0.018932559822236947
111.4,18.175577844114475,26.019146787467378,17.54213853250243,-0.26701134558847417,0.059931195490975635,0.027359513653477097,10.259187722539309,-18.949917396010875,-0.06250575575622756,1.0967066183746017,0.36629928737803663,0.017222917590582375
111.43226547099681,18.24254232901381,26.03657436240435,17.488874423102995,-0.26053967821788465,0.06114890346483954,0.01590857303605329,10.154636117970428,-18.94816925498885,0.025554073731359504,1.0495252948237601,0.3676583253443317,0.02512081084072129
111.63219546907824,18.149408918646785,26.078333115610608,17.487707880143095,-0.2642031080370518,0.06422408167008291,0.015308455454231146,10.452280436401525,-18.964821123317652,0.036556035666661484,1.083812372514395,0.3703859227923219,0.025445043949958453
111.83212124334752,18.096791549637093,26.095023100869955,17.49239245175441,-0.26419658576253685,0.0647935001015241,0.015769791235378403,10.66702574127401,-18.910504175402387,0.038598061235907116,1.0887430769514246,0.3976964985537198,0.02499820866825122
112.0,18.237838859540858,25.983658593932017,17.50686210474452,-0.24992698246646147,0.05511329454061708,0.016277178119094966,11.090690993903182,-18.984048628384453,0.06394169707820954,1.1292849143805896,0.4104153172862477,0.026727500195207924
112.0320428307308,18.270363434337366,25.979447411589145,17.50492335013443,-0.24634464363811498,0.05462654491733512,0.015792430804782782,11.05801816056898,-18.959887926305104,0.06775849464976695,1.1044321815964735,0.419341759556767,0.02687956318305138
112.23196027116413,18.2216399996386,25.997919654204477,17.51039621982756,-0.24632330481730758,0.055587356227422904,0.01641830247780847,11.276508050159476,-18.900264531335726,0.06938227564467406,1.108083495613043,0.44213164364044927,0.026478527698855548
112.4,18.180369785590347,26.008874163780753,17.453222772570395,-0.2463097567125814,0.0557160771132043,0.01039607515464671,11.462308733108094,-18.826500843845242,0.029403929423775635,1.1123194835935055,0.4701381256089787,0.023482251362823295
112.43187360761222,18.156689612671183,26.01021479959469,17.459671108330614,-0.24775493379096955,0.05569157503503385,0.011647393287613729,11.532222887404094,-18.813743551657655,0.02176217928176023,1.1255194427070825,0.4751109107647156,0.022698320773867086
112.60000000000001,18.114970981155132,26.017133945931786,17.576766085177024,-0.24776867073543432,0.055496488714408036,0.023138901766405588,11.723258652749854,-18.726136218735114,0.11296086649930098,1.1300416240795936,0.5053763204962249,0.029211592278133157
112.63178288608754,18.176652416082263,25.997971946297938,17.598439472381017,-0.24113167644005898,0.053755825030317665,0.027558812045113037,11.574615135551408,-18.66549671465262,0.08170086244771196,1.064798219941234,0.5241413452146894,0.02626244768362406
112.80000000000001,18.133065750124665,25.97816036858642,17.470768457955952,-0.24119072355717316,0.04926642580473056,0.011931068502135855,11.772055814162176,-18.38816165500248,0.021497575678567707,1.0740751863363402,0.6322154794739627,0.023025479879962524
113.0,18.083467056524462,25.90786451852581,17.42161096404615,-0.2413542731046071,0.04294803857712871,0.008372421971299414,11.988551142927106,-18.339581172661966,-0.04706736693496999,1.0775656267739435,0.6592042958113269,0.017280488484326256
113.03158946852159,18.07345961070886,25.873426102023178,17.411961388029667,-0.2413667175251138,0.03824307203533564,0.005511504421598855,12.03263358338622,-18.193046012478327,-0.02915129887824209,1.0825618701803195,0.7252157201140517,0.019912520333749864
113.43138044823769,17.93949725617734,25.881449542291566,17.439803268369417,-0.24495380598593453,0.03768224544063068,0.010745246829454488,12.556871909502924,-17.886114108586536,-0.054002968968362576,1.1203624972127542,0.8040283374754347,0.01710480745406046
113.60000000000001,17.89819470909748,25.888958387054416,17.387697205384352,-0.24494863693224594,0.037777902515535824,0.0053111825133769445,12.745336048820223,-17.75050306212074,-0.09178170430049179,1.1226420515471287,0.8354254783214944,0.014069709550066098
113.63127023502732,17.87316581946177,25.878244136069522,17.417720583162943,-0.24661038840094585,0.036802088177125776,0.011543516442505283,12.82569133846174,-17.71065213210798,-0.13228993218085855,1.1392599197153328,0.846645385502506,0.010431583359892195
114.0,17.62589433309215,26.02444963779217,17.382605436414682,-0.2584666727976514,0.047253315899797275,0.009174931680694765,13.041744937535649,-17.224755285147623,-0.18670772026712684,1.1114508016805495,0.937425861146826,0.006220865459334633
114.03103872596142,17.609496122655237,26.008218736475865,17.283078910419935,-0.25917086104334386,0.04573041504722794,0.0034365561488771835,13.087858970905554,-17.175235013851772,-0.3454599828977402,1.11616970653976,0.9521913447619373,-0.006594466357985042
114.2,17.56645772146791,26.0416001085174,17.301069852438662,-0.25927966809083114,0.049063148619111076,0.006612461980079191,13.271542983426901,-17.109913354250182,-0.3542006259376242,1.1156150643350071,0.9392872716823271,-0.007835580787340528
114.23091756905171,17.558567735422884,26.0517826991122,17.304250747341626,-0.2593434224518336,0.05027694310190493,0.007461595989178511,13.30457082916041,-17.118353732913533,-0.35965689829416114,1.1153325717544222,0.9275423774487205,-0.008490638909831127
114.4,17.514728766103694,26.05965826626336,17.333470875836614,-0.2593451927103078,0.05022181182187938,0.010284105146507438,13.49357776814491,-16.95753143828379,-0.3398986938542574,1.1167205352991443,0.9573986326341261,-0.0070418854484499555
114.43079290853635,17.50675199653005,26.060270874325635,17.33344847957111,-0.25933356817151104,0.05007798957539118,0.010180805704838224,13.528081581245948,-16.922860231228764,-0.3394722106844606,1.1171263783214167,0.9649870919028197,-0.00688177576109086
114.60000000000001,17.462870648269277,26.06875609397315,17.334660382592087,-0.25933354309042095,0.05007903661066943,0.010128923551712653,13.717217654010147,-16.757134156682103,-0.3410553833214815,1.1183323616787268,0.9940478707701024,-0.007170216967831289
114.63066482193825,17.455547723823923,26.057730805968408,17.32988767231821,-0.2590667331785631,0.04782732553968767,0.008439475058218479,13.751577231591307,-16.63380625651623,-0.3308746328695186,1.1184726889029397,1.0402500704031141,-0.005512040839306145
114.80000000000001,17.411672595808092,26.06604066638165,17.3221578025997,-0.25906640701837264,0.04784647992751156,0.007502991209007265,13.9409489629353,-16.45572550573051,-0.3385838052814283,1.1194053458979387,1.0702317990588524,-0.005890898176163985
114.83053339003311,17.403258878751167,26.07154315151491,17.324424770147246,-0.2592214918119648,0.048778319451758784,0.008254189397980982,13.976178230334554,-16.46799720801133,-0.34325962422570905,1.1199902821280117,1.0560725676040923,-0.006638355204242096
115.0,17.392517965421067,26.07592931979717,17.30754415463434,-0.25670400473279975,0.0485018790118207,0.0072065906848497695,14.213801267082474,-16.28806565119541,-0.37328124007021884,1.1284985160791743,1.084458548170311,-0.009187533306808772
115.03039869686722,17.45467880788305,26.016390216491427,17.41472057050279,-0.24970875112634913,0.0434145722344868,0.03032049982147702,14.089361667462965,-16.175129335665385,-0.5287335519850888,1.0658754770112053,1.1172506661733124,-0.02360164423273899
115.43011987939592,17.38664362257976,26.00239460959405,17.48924900736168,-0.2464015309014413,0.04073084122737851,0.04344610091508965,14.421698542483739,-15.662855192134264,-0.6222130580087051,1.0277679826682928,1.202541039162974,-0.03127073465937422
115.62997593969125,17.336655152008593,26.019739019744627,17.504952951315417,-0.2467125561371156,0.042859868272072575,0.045656509374281486,14.627417430015456,-15.513750529342301,-0.6398591729067291,1.0250088551210303,1.193730147601592,-0.03336602876359294
115.82982910795981,17.287359627008936,26.028240810313502,17.51401378742905,-0.24670907646140527,0.04284097308468697,0.04563587804885336,14.831886744220846,-15.27111700904005,-0.6464685233072662,1.0214217376285777,1.2250525532771084,-0.03377020400957333
116.0,16.92604615350625,25.43029890937393,17.524339149979383,-0.27143115703710163,-0.005495053130548856,0.0429941450567847,14.574260683180468,-15.716972825902417,-0.6152937132986648,0.9534366098110987,1.1763222637390995,-0.03105938207218927
116.02967948485315,16.93569799205661,25.40812695243368,17.54617490627395,-0.2696536294999595,-0.0073490142595147405,0.049578656659186475,14.562247151176718,-15.653682297389796,-0.687548200364474,0.9369533944395025,1.1906635156681125,-0.0373419255668557
116.4,16.83536857323623,25.41643129547071,17.55735079043569,-0.2698224851179168,-0.005714728584275332,0.04969356902526858,14.907000134176052,-15.259973189667555,-0.7172746785366679,0.925893754044445,1.2181870550574083,-0.03984755163807649
116.42937228396839,16.734658875881532,25.412342571519304,17.573803509636747,-0.27903140104601565,-0.0060394076997090426,0.05275386789635417,15.178944099994714,-15.232500235678206,-0.7364032685981525,1.013912618724973,1.2221342163597164,-0.041449562640976684
116.60000000000001,16.68702996958455,25.411520481539004,17.573408696065194,-0.27903181156884965,-0.006021046844403011,0.051804643389674686,15.351591816816711,-15.022607311204304,-0.750691968923337,1.0106954203649179,1.2445037460797737,-0.04264004678575616
116.62921492437955,16.562488630487053,25.419911808933122,17.562863167346688,-0.29096111078138537,-0.005265692125015003,0.0492052278981935,15.737877319743706,-15.021557326425278,-0.7338666904531137,1.1370563602839237,1.2403594960389839,-0.04105160657652856
116.80000000000001,16.5127496131961,25.419291337670643,17.554029704245732,-0.2909626848594981,-0.0052409746951399706,0.04747808473719195,15.931884384848562,-14.808762455366718,-0.7543588708616538,1.1366463597097178,1.2621055649262147,-0.042587916019701653
116.8290552098163,16.481859927017187,25.425095657911537,17.54325822053441,-0.2933821221712701,-0.004712206787390008,0.04484161620600853,16.047135972015855,-14.788288651193302,-0.7378603321259453,1.1654049461055198,1.2610695986118003,-0.04098356400201216
117.0,16.866027913234102,25.372240167947822,17.5575849700052,-0.25962063488968956,-0.010397437184247722,0.04293567291025001,16.766854696518706,-14.499633065303508,-0.7038026262640299,1.2382910821631057,1.3281268756240938,-0.03713667957473286
117.2,16.81387999543372,25.372242107342295,17.47121730014388,-0.259626751628267,-0.010213088110621127,0.03337375229503774,17.014041479140165,-14.236160370748514,-0.7848146139256125,1.239844348766458,1.3532723475210635,-0.04305224301380811
117.22872918960036,16.754976772833697,25.374971975898507,17.466841706274618,-0.26486496771223916,-0.00998016912182422,0.032188844727295586,17.179443367941207,-14.206950984023257,-0.7782297172509094,1.289227547997739,1.3552185117852416,-0.0423861264611706
117.4,16.70972768297004,25.372641354815148,17.511488571891338,-0.2648612245752732,-0.010035517538877572,0.0361060857769309,17.400717551265277,-13.971199628399749,-0.7546339615543355,1.2916795620929382,1.3773879917485576,-0.04052816540985408
117.42856312941326,16.70367009470706,25.365862091305473,17.508598228912764,-0.26458855374445295,-0.011213304868386087,0.03488319935393746,17.43340905903633,-13.887217480312176,-0.7493172632750308,1.2901628080126863,1.400913657828902,-0.03958481325625221
117.62839520518902,16.65809502602703,25.367536976387964,17.508016283326516,-0.263803591110799,-0.01085843480481368,0.0332399759626901,17.666955127249977,-13.610655435573166,-0.7470808943653047,1.2836026011544512,1.4240189613739418,-0.039239892439013116
117.8282255482179,16.614453818449576,25.36778396450669,17.531637508920607,-0.2628669858775705,-0.00986299082165585,0.037345049004505165,17.883925050795074,-13.378541993940296,-0.7787367364771215,1.2713298744995853,1.424111895272078,-0.04217037500352122
118.0,16.41372528966826,25.337805644054587,17.488338863842674,-0.2748659746965837,-0.012041650793935266,0.033804906200871225,17.915567662147417,-13.164386419760461,-0.8513525489650058,1.2463821165197482,1.4381169188367344,-0.04752208084589342
118.02805429320814,16.405980583731132,25.33766147089112,17.489385200420212,-0.2748722742231271,-0.01201208892380318,0.0338335020273977,17.95062695179281,-13.124851780921286,-0.8528200126799877,1.2465209630890643,1.4408781240450454,-0.047628648685220355
118.2,16.358676790934396,25.3357964847389,17.48483178918576,-0.274874515616875,-0.011991981362736302,0.03279377998048076,18.1649727256604,-12.87604086124111,-0.8692836650462726,1.247031626923711,1.4597681746696234,-0.048695386919780564
118.22788157827758,16.359972273862393,25.346019709602043,17.465766939474804,-0.2739378331924175,-0.011054372344658616,0.028458978263311518,18.175781224534443,-12.84983681259322,-0.8458565490651161,1.237933324419239,1.457178333921425,-0.04639915616256665
118.60000000000001,16.2587823597566,25.33696825216443,17.40047748338265,-0.27373455005690134,-0.011919146534871248,0.020184907248702467,18.63166342071749,-12.265922025417087,-0.9152488821067767,1.2354802366255533,1.5118290054470733,-0.05018657113189255
119.0,16.396930075593794,24.997817688501744,17.417198459837465,-0.25501203044675325,-0.03842134065515376,0.0195249922359775,19.44839475574608,-12.025945499897901,-0.9096439954205703,1.2842879265288938,1.5080889549013436,-0.048510826502103935
119.2,16.346409196552806,24.987130593919066,17.533930773616518,-0.25498664192232157,-0.03870237964040593,0.031042263039357445,19.70555200632226,-11.715435377767088,-0.8337065632777779,1.2842409461105244,1.5282832489548501,-0.04265442176574124
119.2270011755714,16.24650797757262,24.979871397724033,17.5296059412863,-0.2650424752929098,-0.039340046699200486,0.02986583233906815,20.002589194495275,-11.671162616281105,-0.8277339446191594,1.3844958630657438,1.5356717986715225,-0.04205111846846638
119.42682279026107,16.196504435037323,24.962763064341825,17.530104620432553,-0.2645175988025603,-0.04088887462775245,0.02821398986230833,20.26706438382946,-11.306152290251744,-0.8289716398960869,1.3820273432596542,1.578310428725201,-0.04155355207436571
119.60000000000001,16.151102779637352,24.954062830192168,17.613228882844222,-0.2644915168080764,-0.04105238895151605,0.036111387068545026,20.506594432817153,-11.025978597186972,-0.7756633426661181,1.383980265401384,1.595543586369261,-0.03704738129269915
120.0,16.03394926207576,24.221199559122212,17.521186927352762,-0.2655342670617481,-0.09789220647052309,0.026043764804008267,21.03003678941463,-11.176085118505398,-0.8988288949032545,1.382038936951985,1.5338515694600237,-0.04647163357228812
120.02628589891316,15.9858626192259,24.218253983452197,17.512644467946824,-0.2697405500495039,-0.09797901814530667,0.024095422370750588,21.162049223660283,-11.135627699371693,-0.8899412501136894,1.419332100709218,1.5374290688612071,-0.04554462523709201
120.2,15.941778422331002,24.191416454482773,17.745447661178677,-0.2694468399090316,-0.09908626738995403,0.04673306245574042,21.403939587694136,-10.836411358883975,-0.7182357604860524,1.418626942305114,1.5613990838671634,-0.032425415886681755
120.22610691498012,15.94989915690895,24.152796208514193,17.727644954886255,-0.2670628822082626,-0.10476186347743519,0.040726785159402305,21.385748294388154,-10.613318498362558,-0.6945016157739078,1.395336682491026,1.6467631904613187,-0.028963793842353255
120.4,15.904155098345862,24.131691826535583,17.840444456352152,-0.2670143576454243,-0.10503757368317086,0.05138829357360862,21.628097851814747,-10.317997408470458,-0.6190177255796145,1.3956578401104933,1.6636197872496834,-0.022811532392986496
120.42592820754933,15.845917198102622,24.13417254614876,17.814685647757237,-0.2724385130909646,-0.10470821986399714,0.04544600580667857,21.81718098355924,-10.280192200822135,-0.5860012691063199,1.451694645305266,1.6664715130258179,-0.01942056368623631
120.60000000000001,15.794977686323252,24.123705010642485,17.837374078579487,-0.27304490956750166,-0.10332913481626732,0.04814665935826509,22.08726588810596,-10.044443875734064,-0.5908492102970065,1.4607338209264038,1.6567308437212165,-0.020133836911750552
120.62574995281486,15.828137492041291,24.14180777198497,17.813166410596512,-0.2687101390024612,-0.10136751041430889,0.04260006944191511,21.987530787491806,-10.041991576065254,-0.5591458115430014,1.4122698021644706,1.6421977782734483,-0.017065222609145562
120.82557232964335,15.756348001887078,24.13391214941778,17.787371507424524,-0.2708049122999421,-0.10031079342646729,0.03504397961814964,22.344511922790133,-9.735163935406371,-0.5196225163069872,1.4397137006862897,1.649362429215861,-0.012824119382801829
121.0,15.461054481337031,24.407820132964414,17.854974398504112,-0.29005045039056887,-0.07697940228256349,0.04066744551558987,22.31080069451469,-9.150865028152422,-0.45794516025079296,1.403203023668701,1.6892954713972952,-0.008094585600975023
121.02539551944125,15.477199736985746,24.408886133075196,17.859358625559345,-0.2876167120233099,-0.07665255173865952,0.04141731823024396,22.29007803842496,-9.113616323985424,-0.46216037488935263,1.3811237538396006,1.6876149880256246,-0.008593744058338305
121.2,15.425950196837087,24.39753846714797,17.712678924599334,-0.2876796057171269,-0.07643833337367076,0.02643270398600698,22.531433064763814,-8.825273681651357,-0.5906406037130243,1.3807100492664366,1.696325734747572,-0.018303598898950897
121.42504507536376,15.391302757162562,24.397068568169814,17.70099323165439,-0.2842793740536032,-0.07481463331508327,0.02262155216594493,22.73917113100232,-8.474425630113542,-0.5751843087136418,1.3413146088580654,1.6953603452462696,-0.01657350288106087
121.60000000000001,15.346042898595828,24.370639504100353,17.662422857257017,-0.28324044304438006,-0.07734301679919377,0.01581371699388882,22.94090758660371,-8.073174075426365,-0.5839566267650352,1.3251907954620445,1.7494141813855082,-0.016329100893484952
121.62487181558092,15.312878140563628,24.36432971023041,17.6565336703009,-0.2864053427774958,-0.07785014380860873,0.01434693619336353,23.082999208217135,-8.017538940750395,-0.576127039047567,1.3651605618587221,1.757018433657414,-0.015421859592230336
121.80000000000001,15.263381138922286,24.35027353333023,17.763420535030086,-0.286366734749206,-0.07792018852634859,0.024432024370744702,23.32177727431462,-7.704191446004968,-0.4910782030519309,1.3632151573447007,1.7678731211114826,-0.009191067812302042
121.82470011656844,15.288392157300684,24.337288373281318,17.80822919092004,-0.2820747208393299,-0.0788442497804461,0.034786654650651394,23.185913484045194,-7.640005503366416,-0.5489285979554671,1.3009402256530997,1.7737252342722254,-0.015190680604472824
122.0,15.494724948586608,24.007547348715462,17.749698793165678,-0.2620882948065568,-0.10429988356554205,0.028504297889543687,23.694249259741078,-7.63875587433479,-0.6142226364589565,1.3317927655533437,1.7557097765932854,-0.020299282323641706
122.22436216835888,15.428646562677311,24.011809217987192,17.743159101081158,-0.2629776027621585,-0.10169508752014761,0.020010596945094945,24.015787397381324,-7.291794827282361,-0.5227567423907901,1.3366999710831924,1.7470418155959566,-0.01169674099632699
122.42419630609825,15.400527195129852,24.01617408338593,17.718461610467926,-0.25977692217425585,-0.09918903004580384,0.013359293954602735,24.173111860205946,-6.996027157525712,-0.49271452397375926,1.29012112735228,1.7317831659789835,-0.008167748016043168
122.62403277793166,15.349224172070093,23.994306612455887,17.71858452819036,-0.25959605714262884,-0.09960246945746043,0.01262461384741426,24.423682433545565,-6.631864603285087,-0.4911824803599841,1.2810967953552024,1.7449175395700574,-0.0079779194923778
123.0,15.23128190728525,23.95518235432905,17.78239632176927,-0.26116478518821945,-0.09977879160141315,0.01680155917592248,24.87970476854249,-5.979744162445918,-0.4233120680764786,1.2652072161407881,1.75354525580769,-0.0022394467742943742
123.0237135055783,15.234629225456056,23.92917649304901,17.93961907982389,-0.25964976555590885,-0.10310715899669923,0.02964657468581756,24.87185232043933,-5.844411392684213,-0.2666840468878201,1.2470677280330593,1.7961983978722131,0.010271256166731585
123.22355815235736,15.201085178520588,23.924143698248102,17.931673499166045,-0.2572829923626799,-0.10151324463891645,0.026467479398929766,25.04664374595153,-5.517768266113634,-0.2510325536452788,1.2094006583578747,1.7865031906883384,0.012112694467500929
123.4,15.155245551317966,23.90662677432177,17.874980098346374,-0.2573139540448693,-0.10144964897455404,0.02048377446463932,25.259699818952186,-5.205148389559434,-0.3000826993256525,1.201233342589243,1.7892341354578027,0.008761234900372526
123.42340591442645,15.152048346007675,23.89642340059465,17.86883231154543,-0.25668929476787794,-0.10274714333955524,0.0185274948069907,25.266220831714502,-5.1167034649336705,-0.29156699290112115,1.1908980058246559,1.810074447945409,0.009794012959436665
123.62325698568874,15.099957998042518,23.87806670864072,17.874752616580448,-0.2569001130765769,-0.10233660630759134,0.01919043909111126,25.511732790047464,-4.7714082085177285,-0.2922604586227875,1.1842469657004109,1.8060106309133335,0.009904570034383772
123.80000000000001,15.055324661391008,23.859203561868302,17.97349851413378,-0.2568359192542273,-0.10246528982944887,0.028556170132712815,25.718823545715377,-4.44556271819652,-0.2121309667540885,1.174319674527175,1.8096451936623106,0.016259272161930086
123.82311155867052,15.01650744977682,23.84427841065537,17.959455027436285,-0.2618669835315524,-0.10395987486723009,0.024974995211921567,25.969083703326184,-4.3563730424144325,-0.19352188346873558,1.2555726888972558,1.830467887169492,0.018218887748856785
124.0,15.305887975240651,23.49038115823685,17.983289508389895,-0.23577482358923466,-0.13069831179931632,0.024874086413516846,26.583384210351817,-4.397916105379255,-0.153353705201296,1.3017430131817291,1.7916252647200166,0.021882764517878198
124.02296982407182,15.305496542950625,23.47797596159058,18.0534452116787,-0.23496625537600396,-0.13210807936411406,0.0304496750834388,26.590738831295532,-4.316652249746433,-0.08389644108401327,1.290673614045923,1.8097472944588295,0.02747464258556987
124.2228319702951,15.233896646545437,23.447992631688237,18.043438320283645,-0.23795790039132078,-0.13255039389861528,0.026610444313157636,26.937050948496022,-3.9426037427842298,-0.060278003846985576,1.3187669188260986,1.8168165562020577,0.029886988151902417
124.4,15.190948103603342,23.425335061057257,17.96211207869233,-0.23802058726550027,-0.13243144393716866,0.018260323258401746,27.17127906915205,-3.6255121959522496,-0.12692513988602416,1.3131916410051654,1.8157551075804022,0.024864979616045724
124.62256864436173,15.118777559510445,23.42222801200562,17.893363662586648,-0.24050087656557614,-0.12978356060513072,0.0008800478361373348,27.55222816416097,-3.2828191907555384,-0.0403012154421314,1.339919738047359,1.7936142907417376,0.03389115816902562
124.80000000000001,15.07497190879192,23.40237232567886,17.956296380078324,-0.24100728614417918,-0.12895704083632956,0.008223918364397523,27.8162289658523,-3.003033887942407,0.006440125466905637,1.3451842450207185,1.7749395543184816,0.036835661761707224
124.82244353300705,15.064113392755885,23.41045581370987,17.926899658582414,-0.24173027641783643,-0.12784227107612003,0.0009650064302501116,27.875061734316926,-2.9914204178627104,0.04228414803812489,1.355302496860469,1.7648484831646025,0.04071964881987497
125.0,15.333274550266601,23.80220652172322,17.95119259837772,-0.2172957744690915,-0.09495813900896148,0.0032981112201913403,28.473271644933952,-2.2083182700069446,0.07544444742598398,1.3953516530185581,1.8200868431811992,0.04334031882532824
125.0223230230107,15.279279223913885,23.766082980434316,17.962166115458224,-0.22311279212334612,-0.09850763521350593,0.005800359090372952,28.661516791482754,-2.0952141392883767,0.0661187847497682,1.4587450827547461,1.8518310646985139,0.04212826104465179
125.42209647842301,15.195555488241858,23.71792222036325,17.950831499253162,-0.22163336757488064,-0.10060791800076847,0.0014712840869245472,29.17973847017692,-1.2751422975219642,0.09768501839559551,1.4246707522137496,1.8817058764991594,0.04452878013847349
125.60000000000001,15.156183267542726,23.699984204668226,17.957176845696996,-0.22162871286304664,-0.10061475774484636,0.0020585129478422302,29.432700690877237,-0.940295069508098,0.11075669685196639,1.420349299381984,1.8790308286296693,0.04510302326189903
125.6219907652357,15.150769275977112,23.69861632309985,17.958923934961653,-0.22182219276082393,-0.10035445080962635,0.002626064688630282,29.473591077483746,-0.9105016924066126,0.10978071204334514,1.4238660211543237,1.8735162558150829,0.04491474248018651
125.80000000000001,15.110364577648522,23.681391894244832,17.864508275790573,-0.2219017369076598,-0.10023948330771189,-0.006570669203413792,29.728724045030322,-0.5832373804201814,0.03848462567645149,1.4201247924675455,1.8677693686007217,0.039414044161972556
125.82189029508638,15.07730459644767,23.65618487279025,17.865936744609147,-0.2262066205867151,-0.10306694055515774,-0.006341947254576187,29.95562876750685,-0.4477447915440697,0.03920104998363579,1.4919483953372765,1.9053374302522141,0.03932915683607208
126.0,14.905220368373763,23.91094593535501,17.885968604128713,-0.23608118534218603,-0.08197634841279303,-0.005496199635348433,30.038891236924268,0.23310183796908343,0.07789062321561319,1.4565996473180236,1.9539066002345225,0.04239970393556275
126.22170565180835,14.846757987192063,23.899133134597363,17.892959613948143,-0.2373638834341029,-0.08055631135847642,-0.002734177121375421,30.40987970032458,0.6171447705553912,0.07869869733212152,1.4730159435455934,1.9271025969512485,0.041462151251027764
126.42162174279902,14.806177623515113,23.893368472021805,17.88305228743966,-0.23646962512297495,-0.07942387067228666,-0.004872005178789469,30.672205050065397,0.972884529697441,0.09560596162188308,1.4571085634201382,1.9098922769099602,0.042815094025369996
126.60000000000001,14.760893649500265,23.882834767485292,17.906100103563148,-0.23734657481988983,-0.07840685525938462,-0.0008611142522630534,30.974681870558456,1.2692406353807415,0.10867124997126476,1.470771850544963,1.8850400425267013,0.0430952461740183
126.8214713453277,14.720911914560443,23.89282682186816,17.872873198190266,-0.23543880406635978,-0.07524918979801017,-0.008523791001968425,31.210796013397317,1.5865282645125027,0.15018775054813113,1.433489101315731,1.837386621855661,0.04741120623776329
127.0,15.063183433790316,24.196480145513405,17.87236548878292,-0.2053724292276122,-0.050023132020037206,-0.007980194391223605,31.915788983420818,2.2762018981117227,0.15781865879033552,1.4871510050849575,1.8736328321527476,0.047414569785607236
127.02140506690269,15.078753740271944,24.212113859571794,17.80228618867776,-0.2030376436363052,-0.04819770104696405,-0.0145559653811522,31.88408945262034,2.275364736571963,0.09896418741737548,1.4608714532412215,1.855014417575101,0.04294666270277601
127.2,15.043553556485014,24.202851150310433,17.895575293884754,-0.20296187724540424,-0.048287916434029264,-0.0054582271819178085,32.143402703836706,2.609095643883156,0.18868018497476485,1.4552995541598157,1.8456558752733672,0.049760829502835655
127.22134485871746,15.038775828775602,24.184304115119915,17.919914056456264,-0.20307845783767864,-0.050141872725092115,0.0004644871079488525,32.18054051759095,2.689934216171691,0.16345888063666714,1.4569084673807504,1.860997626837885,0.0467995325822774
127.42129080019353,14.995600279768906,24.18103381023681,17.90648011946926,-0.20337131422586427,-0.04941288699136747,-0.0028022904356465755,32.479963130509674,3.0431316276313614,0.18686712972973168,1.4542878805431636,1.8423837309589222,0.04876332973607161
127.62124295984228,14.957221977553592,24.168481926423947,17.9012492222083,-0.20297292373154152,-0.04989450457112743,-0.004051437566151534,32.75250444038129,3.429631346657784,0.20147464383049735,1.4410419515901132,1.8373221960967656,0.04959152214427737
127.80000000000001,14.921108011143241,24.1595547907689,17.920239967393865,-0.20295891118146428,-0.04990533394744667,-0.002202569525553472,33.009179888460565,3.7577970623490766,0.22752778849460248,1.434708508044259,1.825435335476611,0.051486775124228876
127.82120139496357,14.91096945077252,24.136641227702736,17.946537278798314,-0.20413782389963464,-0.052650443272787756,0.004324802767402415,33.10289806838197,3.888138469593982,0.20097201519183092,1.4575901629744208,1.8594051143425674,0.048248365299069
128.0,14.821564406010788,23.860758240657468,17.944450942926927,-0.2077453555513309,-0.07438408488473491,0.0019372168427830435,33.26419456594958,3.960326012600243,0.22559047725342207,1.4288324139954585,1.8270260848522741,0.05030567432047598
128.02116615139622,14.81289660827544,23.825849466276797,17.984062857071972,-0.208482397758476,-0.07800897821802512,0.011569515621062326,33.321472072415425,4.075756388524092,0.18872782467616028,1.4393193604145966,1.8579692890977935,0.04580911083346831
128.20000000000002,14.774876922192348,23.81201098905774,17.904950196740298,-0.2085405463924066,-0.07796123538459698,0.004003750286786549,33.579386571281646,4.404644647226156,0.12574423691827644,1.4331155054908147,1.8462672499285298,0.04118482373850217
128.22113726332375,14.765780518520085,23.81189089434627,17.89588104197479,-0.20912083442682447,-0.07784669405200968,0.0016757960908292025,33.62750121968016,4.442671985941869,0.13621452150505972,1.4395655162942527,1.844949541788723,0.0422820663983478
128.42111475313774,14.71646658030527,23.805445905972103,17.915578903176876,-0.21105656200528616,-0.07585877767576658,0.007436432800721095,34.00328131959938,4.735426522567546,0.12411409934962275,1.4705034364956364,1.7981154266400112,0.04028689237173447
128.8,14.636855176381749,23.776733759649595,17.960919503776438,-0.21102379481977182,-0.07588166194884503,0.011418206435581914,34.55713600388582,5.412515484881876,0.17658940933353712,1.458263107413688,1.7670316683723175,0.04370217293620657
129.0,14.793934165364535,24.04746103702767,17.992150564616317,-0.19549903410477704,-0.05325335499558917,0.013830608970417792,35.0850418769393,6.091616909602106,0.21689173638512674,1.48403016758943,1.7914200149590234,0.046303095114817325
129.02108553575877,14.797396173942804,24.040244681565216,18.056558536328666,-0.1941446459518157,-0.05434637423518238,0.018300851118415024,35.07018217856956,6.161237851752907,0.28606067900601595,1.4622342571973785,1.803966931280921,0.05189731960272081
129.22108852380856,14.758304878508525,24.01944232821958,18.07237458524276,-0.19426880986997092,-0.05549000481764319,0.02139733296013085,35.368716523091464,6.548386809505338,0.28437486685403884,1.457843502322063,1.7981856350600627,0.05098812964575378
129.4,14.724512420174234,24.009243868644944,18.160816436768346,-0.1941842865978557,-0.05555976467760877,0.02938897587446898,35.62686193952521,6.871695033110562,0.36646242122902306,1.4502513316677041,1.7827019151624364,0.056972999456032514
129.42109782429768,14.676412291773302,23.96652783698312,18.13286463566185,-0.20045262522564533,-0.06110125571821637,0.02182438042121953,35.896148314900216,7.081530276976812,0.40000097432341397,1.5441009726723374,1.8542864914952382,0.060228755109469165
129.82113516027837,14.595902910501394,23.924390764961206,18.171441798976414,-0.20090215373043407,-0.06335028195649184,0.029487788283422193,36.54533393464458,7.893338273621882,0.3947671049213002,1.5477210392672576,1.8505378740565273,0.05783025380185685
130.0,14.356717210916583,24.08420962238426,18.266452922535212,-0.21695567897486218,-0.04979378225865578,0.03625594922753038,36.59612508480477,8.409928969997656,0.5033643936765008,1.5154592139147374,1.8573886870876029,0.06623629683332148
130.02116306733478,14.357814529539972,24.113797467502035,18.243414439159974,-0.21609771374005138,-0.046288915955448484,0.030403508946103962,36.5984379091539,8.369543317396396,0.5258966626614717,1.50252828993587,1.8214634156222584,0.06895033217357446
130.20000000000002,14.318737642361402,24.105531428647698,18.201601876566126,-0.21612823282872531,-0.046268032679163476,0.025983775381957983,36.86720961054889,8.692828250558975,0.4971372716121068,1.4977029424525448,1.8049201364440184,0.06622281438920254
130.2211970306877,14.304807959879312,24.0593791042052,18.233955439143468,-0.21762214325177381,-0.05166508311193392,0.03404782678222626,36.957259881788545,8.87007624898785,0.4680145022702585,1.5204772658493926,1.8613492777951244,0.062305708329175175
130.6,14.221735319088527,24.03956671865607,18.15131538536724,-0.21765776141807222,-0.051649358283293444,0.025091989028253714,37.53164246495992,9.567453776205909,0.40896733621144515,1.5104592063471836,1.82817589369809,0.05721308629571465
130.62128275777457,14.230553237628738,24.01966231425053,18.198039016433707,-0.21597497420090112,-0.05392450114445065,0.037136110554604404,37.50295996613481,9.674275970389795,0.3632175302640993,1.4862179147998253,1.8519712342167725,0.051673819678539686
131.0,13.965546730577422,23.93558812549924,18.164602309899323,-0.2305486469329988,-0.058869037401780934,0.03437033527894648,37.863584442242995,10.291219546299903,0.32385180063447955,1.4506142820460532,1.8054035357299347,0.04766984841471382
131.02139151354055,13.976958855677223,23.961374980794204,18.16955350100746,-0.22845563520182666,-0.05557741243942286,0.035448189995376314,37.83173420000445,10.250263292265554,0.3207181111535605,1.4238401676337749,1.7679463766781438,0.047427776459584695
131.20000000000002,13.935396022631773,23.95115658672105,18.052553997519333,-0.2285064038754515,-0.0555498982989228,0.02393235901237143,38.086135029483486,10.562579450087513,0.22213784027316302,1.4165769551663658,1.7491209965575378,0.039451381636245605
131.22145423144391,13.920128491852928,23.943756253249923,18.04047523823384,-0.22982173242205256,-0.05640746540377561,0.02066389574437511,38.158793238069094,10.625097129708928,0.23533228850110552,1.4328210714057827,1.7582072998978038,0.04075177877837847
131.4,13.879019913407662,23.93358742064195,18.02291459580266,-0.22982432825506513,-0.05640749821821116,0.01868664317485589,38.41390248008151,10.937137094848183,0.2241150640303406,1.4255449866467274,1.7392334018120221,0.03953597641155138
131.6,13.833201887922325,23.92252183519427,18.071272025558496,-0.22981937197813768,-0.05640684293132768,0.02286877090854965,38.69833645625475,11.283232730447628,0.27057511490218955,1.4175462104946008,1.7171967356115834,0.04279011499729108
131.6215956908383,13.820809640668383,23.92594099273154,18.081011148130276,-0.23113382559602633,-0.05566317903705662,0.025581751786424783,38.788984468024495,11.2928393195359,0.2601897712580038,1.4407597159346037,1.7035513310798878,0.041564929198461276
131.82167415035104,13.770555429957172,23.917388420268452,18.091949033578807,-0.23194175521695146,-0.05522135585976438,0.027275930192731883,39.118557059900404,11.613281548732925,0.2616159344933286,1.449589334762956,1.6731242881032933,0.04120462366168419
132.0,13.725269320072035,24.192706428126446,18.093804382911767,-0.23241737134668972,-0.0326304200272839,0.027722114172044312,39.379892314315754,12.240970820452912,0.26150088569909136,1.4455736981366238,1.693771406549883,0.04025761359950647
132.02175756574863,13.76961819174182,24.16754457391778,17.90064953488722,-0.22566870784892668,-0.0357349092997928,0.0033299679777602266,39.206867855981656,12.3557546175595,0.1582335699286118,1.3557805783233379,1.725994370760642,0.03379189792532808
132.4,13.685781917231969,24.153718482790126,17.9975965401829,-0.22551338457910294,-0.035819634294185713,0.01251472298322783,39.71132623109007,13.003308500193276,0.251090702544699,1.3337134674751157,1.682550788131939,0.040881543597237946
132.42193864379374,13.696377580305155,24.146830687006833,17.988095679657583,-0.22294604695719947,-0.03677757496095406,0.009254629739238863,39.63796153367172,13.071397628686068,0.2643876523753557,1.2898679752507005,1.6930736589744997,0.04235172056807395
132.6220359865382,13.659902575733401,24.12346918310452,18.0234815393464,-0.22213279734455893,-0.03860328880093819,0.01804956008530402,39.87214169374544,13.462539059384266,0.23649442076551597,1.2685844600537661,1.6897758392246391,0.0381701708040704
132.8,13.614710716241504,24.11930172072503,18.163569091696754,-0.22341962075139082,-0.03815882395912197,0.03284247522270833,40.164848205677565,13.74373233830249,0.34210658319391346,1.283697411521266,1.6612425639008792,0.04526317453860347
132.82213764656095,13.60547641331518,24.10577274766102,18.162753072869528,-0.2240498878643718,-0.03976857723206426,0.03244648240949284,40.2231601738787,13.838304990428977,0.34503774570249934,1.2931294124759733,1.6806875679531983,0.04526381561722897
133.0,13.486220820461844,24.384231948434095,18.224316414018173,-0.2330671053836251,-0.016198597145804728,0.04300714671749272,40.603452680240345,14.396831045947124,0.35578968152252793,1.3600531142280776,1.6751404091252107,0.044501744147190825
133.0222434568835,13.471710256335028,24.35202983554679,18.269944861092853,-0.23417357001191405,-0.019699066496392834,0.04750517288425727,40.66546470373399,14.513652693120182,0.3916441889965842,1.3717935931266863,1.7058001531466274,0.04669415644628973
133.42246685212214,13.399909664187938,24.396029544189542,18.282580820316262,-0.23126793751117017,-0.01379303275325108,0.045603380924955625,41.10377465702055,15.020989137239004,0.4175392348307168,1.3103421625837621,1.5923921852925274,0.04857955822468103
133.62258409628032,13.350888987123467,24.393436272811186,18.297126502334798,-0.23227667972432656,-0.013540372723475573,0.047596536001329515,41.418500642891686,15.325424947715442,0.42126123047397274,1.321453843478755,1.559779762291384,0.04822441742149552
133.8,13.310267449056271,24.39101314455555,18.34612339212618,-0.23221962440840554,-0.013564147485678963,0.051412119952313394,41.65010409351061,15.600918892379765,0.46449991166199145,1.31054166771701,1.5347799299296843,0.05091939450201688
133.8227048102279,13.305279953487604,24.391316069239334,18.343872073302656,-0.2315128641449948,-0.013706228688494852,0.049963210289535716,41.63373090004108,15.644056839064913,0.4697986240617847,1.2899368283918817,1.5354150581073647,0.05153443200608855
134.0,13.17121778189062,24.32908690888425,18.420925444601835,-0.238888949291036,-0.018460538264632856,0.05457154477911545,41.76369713464052,15.83834712415342,0.5581219567063874,1.2678049766891601,1.499359550551416,0.058238399500072
134.02282882319813,13.172404391783958,24.386472449536967,18.32243515472814,-0.23805966359459016,-0.01216962423862561,0.042166581906280726,41.76697167843394,15.731036040288778,0.5113887483611053,1.2562835982609906,1.4371154849159302,0.055910110284431436
134.22295596508312,13.115745638393312,24.37015831431903,18.36226659931626,-0.24045483601165762,-0.013196446227322878,0.051522727963511136,42.11843427919323,16.033490429610886,0.4879169516287607,1.2890090774740066,1.4102700765528553,0.05177055078341244
134.4,13.072955493031664,24.36781985915664,18.37211813574931,-0.2405191848292875,-0.013183232813755072,0.05167541121711077,42.3487118011276,16.280065159552795,0.4971680056538949,1.2800437783622058,1.3812283206634375,0.05210235699637222
134.4230860668433,13.083564975194887,24.34741910914246,18.42405303000012,-0.2388850196389543,-0.015375426142804228,0.06491489358964361,42.334946261994745,16.371436939434744,0.4390254648694058,1.26232920187297,1.4001452782347095,0.04560263712902212
134.6,13.04113123772415,24.34491865317054,18.386041022769806,-0.2386187117530119,-0.01541555655884919,0.059773329839566326,42.54074305086643,16.61917940076459,0.4078250137127404,1.244303009083995,1.3727976472116208,0.043183866546732244
134.62321896088955,13.047827640634292,24.34387797490697,18.41819681041988,-0.23730690866507614,-0.015404463200301729,0.06801756768833905,42.52839153974184,16.648913615532045,0.3707315184947601,1.2276087288107231,1.367490100580232,0.039182616681602014
134.8,13.004690949391655,24.340915014814396,18.33186049685908,-0.23758106076219165,-0.015328497579879582,0.05919427263468597,42.758911230735514,16.884426183357345,0.289486381677999,1.2216278951490154,1.33737607742898,0.032496484377798916
134.82335448143732,12.986490216838284,24.343318367814383,18.297165347084405,-0.23897731511328751,-0.015095119783488894,0.04927333342049687,42.835922333641186,16.909349049832233,0.33738733120572467,1.237652335376229,1.3319038732701223,0.03762122048814869
135.0,13.112298969440152,24.03158591127547,18.297622137957358,-0.22438870582976345,-0.040002141849626575,0.04584986004731815,43.16175494384551,16.81096378371373,0.35605259793854116,1.2162227539369672,1.267024006282497,0.03979433418867706
135.02349246483337,13.10738921541781,24.0625926747002,18.28223970960778,-0.2242979183565194,-0.036409809066331913,0.041497259321290905,43.18568039464199,16.757602976009778,0.37673388546163844,1.2127891607051484,1.2277323092659131,0.042235018775641765
135.20000000000002,13.06187668901495,24.056183848659554,18.137059219072466,-0.22561213562138538,-0.03611111268051426,0.02877077658713226,43.450383407368584,16.96077200585018,0.24026605460279107,1.223601414030813,1.191029392630229,0.0313706087752387
135.2236327498557,13.047832720202381,24.05388766473401,18.120179427443485,-0.22651663738420408,-0.03633682988555107,0.023965478854459977,43.50218269952573,16.995340893357348,0.2627392295993985,1.23093431741404,1.1898254032972453,0.03385212782161818
135.4,13.00853749470411,24.047486837994622,18.172312797150543,-0.22646065835661494,-0.03635889868805567,0.028425909226869224,43.71691039271781,17.202921373790804,0.3109578023904927,1.219493091884399,1.1573078225290119,0.03755826146217225
135.4237751779866,13.011027650381457,24.03599866158745,18.196862751923263,-0.22562893886788082,-0.03763637957644938,0.035117383873652,43.723237788857915,17.268063982558335,0.28061304474077947,1.2091382199333491,1.1679001273068106,0.034069394814454035
135.62391959366087,12.96650647781218,24.035831602134795,18.20078041835054,-0.22553427738876858,-0.03662950132009839,0.03425486583992006,43.95974433030019,17.463694245105508,0.2915525924800172,1.1943493207043374,1.1169541425442693,0.03523224895203704
135.82406584448887,12.929827989111972,24.024510509476706,18.235608288010493,-0.22448449404130807,-0.037154430613341186,0.041944170562230314,44.15836111402263,17.70362171167083,0.2653169327561761,1.1664714738978035,1.0863747121873712,0.03197779011247137
136.0,12.627399956623009,23.86852236982253,18.23372316084822,-0.2451532420754717,-0.049072970447383936,0.041200185639691,44.05999737324369,17.727031096465964,0.2613119578491846,1.113768581873722,1.0332099028164508,0.031647817470380625
136.0242137814561,12.628158427167886,23.855337872222705,18.253336158832113,-0.24445852840092322,-0.05051242766257549,0.04633006346734494,44.071437971447835,17.787445865459834,0.24030595175350924,1.1056335421904648,1.043685884746279,0.0290980792491588
136.4,12.535979785764617,23.836337979593143,18.242245811422176,-0.24448326363021705,-0.050501258267139096,0.04362893833409947,44.482091991912355,18.165632659388848,0.22641438136163022,1.077190738623721,0.9700601707995706,0.02772722448061285
136.6,12.48845394938528,23.82632351693542,18.376965126521025,-0.24437515110400157,-0.050549679943070046,0.05567627343761584,44.6934115336449,18.356766605865545,0.3412401842860624,1.061304611279074,0.9298936121908647,0.03666460027261212
136.62466627324818,12.47217117725867,23.818211595534304,18.357427076906117,-0.24565824926547694,-0.05163324368469957,0.049686847713167205,44.764232923432544,18.418113521445793,0.36777678387330714,1.076472156112118,0.9409010844785356,0.03933566165143043
136.82481953789082,12.419492811841927,23.807172341203323,18.384249963065503,-0.24866099438994077,-0.05113790225864145,0.05564599206608638,45.167219899329446,18.57694523819886,0.35468613769064666,1.1391071686516345,0.8894980661127938,0.036947826229277975
137.0,12.415415351048255,23.272757372637614,18.34330808757028,-0.24535467481095277,-0.0925871186300304,0.051755280124022,45.399592485921595,18.12109391948501,0.3052958139117215,1.130183360784301,0.7746697089458632,0.03333020081074813
137.20000000000002,12.366210464318238,23.254244372040713,18.34529506022286,-0.24536712378696243,-0.09258283906245122,0.050941245313260615,45.624662673114045,18.271581862445398,0.3048666993475353,1.1175798753723112,0.7310378458444566,0.03278977038165083
137.22512893293816,12.354684586682975,23.280654533866908,18.32470692109156,-0.245876899010261,-0.088987889264005,0.044861561624624374,45.663867986106546,18.189430305514247,0.3315361836727442,1.1202644228276668,0.683580057833611,0.03614094232730955
137.4252848160486,12.326002124396002,23.27422511090977,18.376171934945447,-0.24360975046315203,-0.08738979152488513,0.056388021817658146,45.82211400154837,18.273277336087872,0.2932512251308743,1.0828420286038867,0.6169712093750608,0.0316732282835338
137.6,12.283240643683753,23.258946289305705,18.366928151900957,-0.24362685275919654,-0.0873821373024203,0.05454417947924945,46.01072774057785,18.377359377329928,0.2824472209764895,1.0712204109926207,0.5759971467104001,0.03070106774202946
137.8255983670599,12.226262840432906,23.21141489928683,18.38550199301775,-0.24395268967673994,-0.09137787382318523,0.05629300692344729,46.265028641466785,18.65716533342094,0.28071179252799994,1.0609683403517074,0.5828594087045237,0.029384470690902696
138.0,12.540719035874664,23.074638040770733,18.383721917239196,-0.21715496154160735,-0.10064887290849416,0.05770878350674619,46.99280209813087,18.6012119487514,0.24783519796163572,1.1504046765676887,0.5198671701672187,0.02634719796404623
138.0257558133116,12.545381824364021,23.071177835178304,18.38012701960499,-0.21562930995488422,-0.10083544587928281,0.05611749985700089,46.97554024195536,18.61959833911596,0.2541245213740587,1.1280841766841603,0.5159721233560304,0.027061077480029786
138.20000000000002,12.508485057059364,23.05358603466703,18.43067967649318,-0.21556426284480276,-0.10085619383667002,0.06010122385395452,47.169576751080776,18.706250937148404,0.2930544104479963,1.1169762264469296,0.475114465442011,0.029989734040835183
138.22591356618278,12.49809358206798,23.092604986609732,18.408883779324242,-0.2159628799796884,-0.09595072182290394,0.05384452499703025,47.20556572168664,18.585556514488363,0.3205140014889486,1.1179840936025167,0.4145968844798249,0.03374425221107147
138.4,12.459264466610762,23.075910517249035,18.326778466363557,-0.21608048789395115,-0.09590778671191624,0.0449580638940226,47.40250306082695,18.65341790849012,0.24920081588758955,1.108503077171989,0.3717593937087518,0.028005720824073203
138.6262295961994,12.407475396282333,23.034995231078078,18.33588798393655,-0.21643508426777894,-0.09832372033696093,0.044707255593028024,47.66365132544854,18.81155128897044,0.2556272042846899,1.0990559258334918,0.34657526763685625,0.027690146633720637
138.8263876863837,12.363025730352653,23.007498391094668,18.328148516276798,-0.21620396417777665,-0.09942543535590692,0.04022368774819826,47.86138109531983,18.91593684615161,0.2787884707645794,1.0781275342770482,0.3129293774543032,0.029851841729107317
139.0,12.61868649048759,23.014238389013318,18.37575586140233,-0.19280468125936356,-0.09757753574654382,0.04220364160681137,48.375863845860756,18.996671067886517,0.3375333006661468,1.1062931924568822,0.27536220351703883,0.0345660019005637
139.0265457092288,12.61744243275942,22.96589882495476,18.396882821019286,-0.19248954437438967,-0.10262523553986003,0.047252221362612035,48.40031858839236,19.12293914927423,0.3175798514927281,1.1027683705215818,0.3182261681644996,0.03144126931769831
139.20000000000002,12.599198806826246,22.947095865682833,18.40013578490076,-0.19034998350514498,-0.10284243245030658,0.045213005454007874,48.521464675411856,19.180538356823952,0.3345388755742583,1.0626010163126538,0.2794353104470247,0.03292379878194815
139.2267035819901,12.594781051239885,22.944311571424844,18.40097904458416,-0.1902446535632429,-0.10285267604255983,0.045097534598530574,48.546201450537566,19.188204480381323,0.3358575464080862,1.0592166980456685,0.2731163712905288,0.03303442149799266
139.4,12.561531907834945,22.926496426031733,18.39040075664488,-0.1902724570711786,-0.1028432894206399,0.04331369397703823,48.729528360417824,19.23182246996026,0.3262048522193463,1.0477024350284554,0.23137736782487447,0.03235530619584957
139.62701856742052,12.52075262276704,22.903081390457782,18.39860582811294,-0.18975404110400032,-0.10288965881824058,0.042742218342087926,48.94202477656651,19.279699990444207,0.3357594779071172,1.0227246313828233,0.17697522612300237,0.033094985855374306
139.8271755356057,12.48782011421231,22.916836941202973,18.412943062457014,-0.1891542268572102,-0.0986897131873441,0.04413452945924506,49.12397859940962,19.160949851328997,0.3389229704588131,1.000899356877717,0.07233416483964333,0.034163738864800654
140.0,12.399111533698248,22.73472508148691,18.47414834573973,-0.19354648258164728,-0.1117627459941478,0.04775743682164978,49.2359951813371,18.968419915136987,0.4090510674022318,0.9810187523411767,0.0008896619544019012,0.040203033476269565
140.627798416211,12.273584008944983,22.616530475736074,18.435287541193983,-0.19400244654458687,-0.11697457585579656,0.04223581409387198,49.85186908531218,19.07776559089948,0.3662877615983617,0.9384519075078085,-0.10265936597458986,0.034980318457902976
140.8,12.232495007929309,22.596534434935737,18.5203422869408,-0.19563174312752457,-0.11685673975342935,0.05113567490514164,50.092295602171504,19.050703683283675,0.4238746430444015,0.9578593758718614,-0.1487315935165585,0.03913752139390306
141.0,11.977372026683168,22.846229407849833,18.512459637020264,-0.21291110030033172,-0.09534703778730352,0.05086690474905152,50.04055496659289,19.363446143530542,0.39875975364219424,0.9147533865511374,-0.15070271347795888,0.03664575102197487
141.02810608874128,11.959867934526091,22.7985548839879,18.497944877629195,-0.21403264709446457,-0.09987710574077237,0.04723986178847096,50.08940313831586,19.455462023317274,0.41271644147317815,0.9215487791791047,-0.11909572013958486,0.037444026037016416
141.22825881669615,11.92882762784837,22.748230917280143,18.540269592385545,-0.2129396193744476,-0.10290333029617935,0.05465219394270404,50.24935603322545,19.50204948878777,0.3887246175946468,0.8980158789637179,-0.13879060203763416,0.033910138903972806
141.42841075223856,11.881418678326845,22.669046030572254,18.580080373637085,-0.21395247283205907,-0.10880361697317115,0.06142567697798125,50.47094216329052,19.6273150723495,0.3658732646692765,0.9004679527528442,-0.1274959419427895,0.030320871196652797
142.0,11.731442342871155,22.588720106032063,18.61277558602006,-0.21614263606677053,-0.11023345143382757,0.06133231559700468,50.9409759450829,19.493426877638367,0.37981502460252603,0.8530670356771536,-0.2640890058269873,0.030420095340102475
142.02886146437393,11.6546954368129,22.58643004812943,18.639074021711046,-0.2254864677298701,-0.10967276236233267,0.06841018388471118,51.22652957021306,19.46865029956808,0.3581371640898134,0.9666640290341139,-0.27722705658001456,0.027398497980789666
142.20000000000002,11.614923423912144,22.567761000083728,18.60778133597856,-0.225585969102098,-0.10964708777217025,0.06424607985855287,51.393133388393366,19.41765741280746,0.32899550440912995,0.9574943168991604,-0.31772941398065,0.025221595814939615
142.22900990715868,11.553843570599874,22.46418569684788,18.495652856456424,-0.2306235645721963,-0.11976340113384626,0.03975658690285139,51.52538217645548,19.634394976277385,0.4229900802081193,0.9942101942990549,-0.23640285560252555,0.03400122115351181
142.4,11.513038971798196,22.443846313584,18.442229864057992,-0.23073591456054324,-0.11972706171402464,0.033998920031551486,51.697021013985236,19.590666751341406,0.3806355133554578,0.9859895663998521,-0.27454223286992646,0.030512267674754283
142.42915741258312,11.487560913661266,22.389867951092217,18.406789984583817,-0.23250874751263015,-0.1248490771082418,0.025987339836222124,51.76689262150962,19.711390094023308,0.41347872572922184,0.9992232595701306,-0.23223678578156798,0.03321425422681604
142.82944953702338,11.3781185258506,22.33959902916446,18.42514665426206,-0.234743196955803,-0.12474603093508303,0.028070705873982645,52.255747054055654,19.596560945480835,0.4185349278917931,1.0150322174872688,-0.32087743314614564,0.03243910620029625
143.0,11.052499464897975,22.27500331309377,18.404650610738216,-0.25754778460593564,-0.12812892196275438,0.027461934655676465,52.11135591026426,19.480004379016,0.38272380323113625,0.9704194006200694,-0.36740045320975356,0.029312147706313997
143.20000000000002,10.995121567876641,22.24988485674871,18.21763068539578,-0.2580307720774339,-0.1280124926529425,0.00897600410221331,52.313625358119744,19.401975643659124,0.238985575614836,0.9630484536083382,-0.4117428328676994,0.018556544091103334
143.22973771856246,10.958399881022759,22.20301584615834,18.15433010159925,-0.26063279093405134,-0.13229507282677935,-0.004575783266131275,52.39312727849779,19.481658822953076,0.2966445948498008,0.9800856919527237,-0.3825263820340249,0.0240190451285323
143.4,10.914396770498605,22.180451509023406,18.16813401259349,-0.2606028274710378,-0.13230416496371694,-0.0031931537979200883,52.558717993324706,19.413430992116737,0.3123096081542999,0.9719811625185808,-0.4188013773175358,0.02529927822243771
143.42988030593682,10.884223525190174,22.205504023499696,18.110739400175124,-0.2625591063633365,-0.12954729144514981,-0.01573523137768941,52.628240275897625,19.323134368686738,0.37454953481375913,0.9850005349441352,-0.4542174093295855,0.032332334043058894
143.6,10.84124901604909,22.18323974677302,18.187319944489374,-0.2624271686372196,-0.12959839550434415,-0.008291093749868987,52.792323874054894,19.242545937752737,0.4437562126337329,0.9767025848062377,-0.49170181494545684,0.03759780679011955
143.83016244761254,10.763857263002414,22.153810555894193,18.192878926121924,-0.2654692770528088,-0.12935632120745777,-0.005776323403513935,53.15275120363731,19.114537968893956,0.4428327207972587,1.0209777415796766,-0.5454153472366158,0.036791023640082
144.0,10.81223873323124,21.9546279470233,18.179942601499057,-0.2579804940305117,-0.14325614271217763,-0.006814288873743845,53.42676517274358,18.789388086035498,0.43840432739977003,1.0264631280623069,-0.6163927020777787,0.036295105945403014
144.03030199892996,10.770610918836343,21.923000770417563,18.024187835518052,-0.2609020056844524,-0.14592672628421585,-0.029253636338090146,53.50771957351569,18.820291303336266,0.43203824039423294,1.0433975766616883,-0.6032291185492535,0.03731447421351027
144.23044053919511,10.716889231765464,21.902645501720777,18.0139526336265,-0.2610195323165844,-0.14508687460208078,-0.030215598946419318,53.71777319930731,18.675362425821668,0.4448726751755008,1.0374347473848826,-0.655560880608073,0.03810207494701969
144.4,10.711670778132879,21.87568357700305,18.03095709741,-0.25582575797086743,-0.14555725256629212,-0.030654883740914157,53.72434833786638,18.573268449235304,0.493831608590163,0.9611564005483159,-0.6891575927550533,0.04224196142508309
144.43057807269057,10.752458883604048,21.87916961005265,18.141236023121646,-0.25168496041992094,-0.1445675507029325,-0.00560095654594055,53.672752866765116,18.542423726806412,0.36258551985303095,0.9316531631409325,-0.700025658542114,0.028840534782177817
144.6307146058259,10.704398680672204,21.85003648991448,18.139005422280032,-0.25130001390616025,-0.14460945930885702,-0.005943161907659071,53.84288896889766,18.399093779436754,0.3698070419659454,0.914755067028129,-0.7442444558293325,0.029423533025441782
144.8,10.658630785604855,21.8261220421551,17.98195740478035,-0.25156222870803113,-0.1444969550822025,-0.02057192676664842,54.00332492852772,18.270381678830738,0.24947472201675486,0.9064508906530923,-0.7817508869137475,0.019974885446838626
144.83085014703457,10.660360706695716,21.820623173138706,17.976370423123,-0.24969951423631376,-0.14472344808274903,-0.022221119018772315,53.94635365447506,18.253508456442297,0.25687375936859447,0.8699874183492997,-0.7858486894498548,0.020802163934828602
145.0,10.54221301772552,21.83716748154248,17.97293206826172,-0.2557741122401197,-0.14150660027623543,-0.021940535580414457,54.010763757328945,18.168622379048763,0.2578160880436697,0.8500200147754253,-0.8165579846289356,0.02066223512866803
145.03098470667038,10.55779244532538,21.830197579244192,17.966503348165006,-0.2524963312596627,-0.14189359102969462,-0.0238746285499017,53.9473916102378,18.151688681053496,0.26549094614913626,0.8067473650140957,-0.8198928792542013,0.021506031036414873
145.231118296903,10.501002143112242,21.775250916038996,17.95044710783478,-0.2530743897661165,-0.14445462175029794,-0.02631327061816944,54.11871536767236,18.040602532528773,0.280567355856055,0.7962603530145027,-0.8415249509428674,0.02271527851780484
145.43125093161268,10.421390573515497,21.749888518359505,17.896853983702638,-0.25613811422602484,-0.14413728637295908,-0.036382450687408405,54.35667639934347,17.852959821716905,0.337548268514738,0.8135710779980394,-0.8904688592998046,0.02837629100894174
145.6313826262849,10.351471180329716,21.650415457803412,17.885798042471965,-0.25908592773750433,-0.15099115688421666,-0.03655930900347906,54.62767637801046,17.86413439701615,0.34059277419697354,0.8448796247661878,-0.8626412575525734,0.027002829039596957
145.8,10.308134969828231,21.624877994529648,17.89685031290412,-0.2590573601438595,-0.15100505972206105,-0.034957718625919516,54.7685787247703,17.71568433892837,0.35912472565896475,0.8345316922638578,-0.8972057392951411,0.028352834007390016
145.83151339790408,10.304552620889266,21.618994341752405,17.890657350269866,-0.2570186628927906,-0.1513118360856727,-0.03689333304344188,54.6880963660161,17.69677853575563,0.366385278598043,0.7864289783402234,-0.8997440339731542,0.02927178303298103
146.0,10.511568803737168,21.561635768566795,17.899754546141224,-0.2370296173445359,-0.15381549935663663,-0.0367620171788397,55.09024791710634,17.50638181493987,0.39957158693357253,0.805242481321246,-0.9381666265078513,0.03180973264541457
146.03164326484668,10.513914350833494,21.533441058655992,17.835542258523873,-0.23625990011033696,-0.15593327893018452,-0.03856771559556165,55.10507252726886,17.526255283567053,0.28499149827931514,0.7989142899604865,-0.9246548010282384,0.021794353597206825
146.20000000000002,10.47186914148821,21.507578496959663,17.74056851870005,-0.2364417896389231,-0.1558639899365477,-0.04685508264879609,55.24185350513781,17.36807723242566,0.21773728180812868,0.7878138938384244,-0.957775898921957,0.01660223535811397
146.23177224677468,10.463483228054955,21.50278366940726,17.73939260823133,-0.2366243229402114,-0.15583632289853272,-0.04672985751070107,55.27319606059397,17.3369320553211,0.2178513524969588,0.7885359757271231,-0.9642753418211254,0.016538051115041644
146.4319003645279,10.420161189571399,21.54440963098034,17.728524221365713,-0.23606324932434375,-0.1487043033902442,-0.04712963255191606,55.4141079387452,16.954585674610968,0.22919380591694188,0.7679795966534578,-1.0737151252522759,0.018616367438326356
146.63202764001682,10.380099029801267,21.51056370957507,17.738691087889322,-0.23546606778664697,-0.14907702594830954,-0.04279935737956376,55.55414799119353,16.749532594694166,0.20906105010226728,0.7489886671453438,-1.1095770999633994,0.016096156130946226
146.8,10.34008012712212,21.485646839748526,17.7075897067812,-0.23550298092912542,-0.14905659020272025,-0.04502931947164664,55.67973578099264,16.56038818456935,0.19236332882794693,0.7363994338810227,-1.1439861126631685,0.014825733040646613
146.83215409611483,10.335357978531677,21.43394074994714,17.721236842073964,-0.2354457232163675,-0.15386540277099164,-0.041536618556538014,55.706363745996136,16.683025297809074,0.16809705924635562,0.7355423353642692,-1.0925083501588473,0.011334278766759803
147.0,10.473701184119372,21.560152287618845,17.7761934260848,-0.22133802437780123,-0.1419977758524396,-0.03808483411402068,56.034274491022224,16.68375058870435,0.2519910692032495,0.7487187552541741,-1.0986032993247379,0.017882646144123396
147.0322797565507,10.460429016187836,21.581536598954138,17.757378525972257,-0.22180087753545602,-0.13952053558249283,-0.041958576475690186,56.06526070749857,16.593384855648733,0.27495699099397364,0.7487210422848163,-1.126957911530309,0.020391271744344262
147.20000000000002,10.42330822064394,21.558117088723108,17.754279101662004,-0.22179491029092913,-0.1395237618131742,-0.04159095095544804,56.18971681138148,16.401655821932742,0.2815933366834085,0.7365307744353261,-1.1590578289409648,0.020888169122387324
147.2324046458012,10.423126461641187,21.551870106232816,17.75013211884671,-0.22051335395196295,-0.13977087267226374,-0.04252312462534256,56.1700896313022,16.3691963882841,0.28574904553780267,0.7141135955500416,-1.1628186692867888,0.02116387576358339
147.4,10.386670494696268,21.528321623549086,17.766670978602306,-0.22047336715983737,-0.13979101307689937,-0.04030022903986735,56.287920109480886,16.17150806673793,0.3084389664008018,0.7009194176187777,-1.1949051178136678,0.02289662415624942
147.43252878898357,10.410730940590062,21.514876857823957,17.75225648979309,-0.2141964775015755,-0.14109693054240122,-0.044855529753899205,56.06955125506987,16.163167234257273,0.32661044676947815,0.5906816585600043,-1.18719039693108,0.02496133788403072
147.63265221174873,10.377540665109203,21.483206878771806,17.738376951915427,-0.21190535266417665,-0.14162272367809337,-0.04657932662582217,56.08519520111804,15.935668353293439,0.33793852806851615,0.5272369735295314,-1.2179632673243184,0.026040674232963322
147.8327749401747,10.322440539442526,21.484274281712224,17.688089669367837,-0.21278805879302315,-0.1386094430712454,-0.055943715061769164,56.20359633259204,15.58003323719819,0.3986094074544988,0.509711125237434,-1.2940526265425267,0.03212595456643499
148.0,10.394649848198167,21.6451869538107,17.73519483866818,-0.20510753078876792,-0.12417110528900914,-0.051978054822075036,56.48412983709976,15.585526813425975,0.47137769345341785,0.5348155068507991,-1.2944798606682342,0.0373730341641849
148.0328970006604,10.392041955437698,21.642667370185126,17.74300994199573,-0.20476279760295168,-0.12399878292275066,-0.04989386111092767,56.49634139803175,15.540180922230402,0.4618495038624829,0.5296153539666895,-1.3016947440156257,0.03639978796909317
148.23301841982055,10.36989410394249,21.589022578073553,17.787746569103987,-0.20332492039395095,-0.12673752637160063,-0.038008634294316127,56.578134394684604,15.348518756158548,0.4061451104967022,0.5018408776541179,-1.3100031911538588,0.03001045815344558
148.4,10.336319791804744,21.567749090805275,17.79969784322259,-0.20329397624370918,-0.12675434198256566,-0.0362847819051452,56.65984006404601,15.127226867203612,0.4259168006816937,0.48409650845866437,-1.3392785229629331,0.031133403104920052
148.43313922438082,10.327989656124412,21.568229973160733,17.793329945154674,-0.20340675539183112,-0.12629181339504505,-0.03744192211479971,56.67757902583747,15.069541771166325,0.43361677368716584,0.48112183813374276,-1.3499548698004726,0.03201523646039985
148.6,10.290707063133398,21.548349073491593,17.92272674979466,-0.20435784041955204,-0.12612250998804253,-0.0240629837383737,56.79983933008508,14.833667658804071,0.5430706672515647,0.4835875115078647,-1.382272239006966,0.03985952533718366
148.6332594410744,10.298025842783016,21.53043903827093,17.961956286335823,-0.20325906977292116,-0.1274656318854401,-0.014846917260304291,56.79546305928479,14.835003881611106,0.49094197142742335,0.4736783794420299,-1.370360898379462,0.03438534511749646
148.8,10.265732359704057,21.508492445516033,18.06223334554466,-0.20312344764233994,-0.12756750806589165,-0.005232820562401831,56.86961684492736,14.603526716743692,0.5809197654531103,0.4557766703088765,-1.3986322101451998,0.04059053999152244
148.8333790965393,10.264583937549201,21.50115082979748,18.05695293891563,-0.20133089829132778,-0.1280953391184016,-0.006939180714401899,56.793865931990986,14.572131020005235,0.589486836833173,0.4136635877129276,-1.3975113400676342,0.04142749308360218
149.0,10.385018455079333,21.42021592007423,17.939068179981568,-0.1891488591461236,-0.13259220039873437,-0.014553131484860702,57.016655118230254,14.269648970676842,0.4474725904512692,0.41211853192245057,-1.4328702818440706,0.029803263922128172
149.03349821721687,10.394229248924754,21.42217178206268,17.97215761357024,-0.1878228759238522,-0.1318836111462776,-0.0069225028867033345,57.00931005512164,14.209843286466517,0.40712906508490404,0.400627726312811,-1.4430642302632073,0.025886933318410237
149.20000000000002,10.361508520220797,21.400679194243768,17.89953562229864,-0.18794520167440487,-0.1318152070809184,-0.013689503743089077,57.07680837812866,13.967641570265195,0.35378518031329315,0.38295646665341776,-1.4702239785874314,0.022144413329476705
149.233616829252,10.360623801510886,21.363422802274897,17.920694713251557,-0.18764031039728238,-0.1350865014856903,-0.008605102839199772,57.08670119403142,14.001565392384036,0.32284063010851644,0.37890563055181453,-1.4430170379153375,0.01856705280623187
149.4,10.29390602387508,21.352894758147624,17.711668948447226,-0.19331963011689823,-0.13341640916312006,-0.025423567228845215,57.347237678102836,13.727175981972367,0.12824114387112306,0.4469815090594335,-1.483725109705671,0.003313862971057957
149.4337349583941,10.286617442057524,21.368754410805465,17.702778651680028,-0.19326928307543922,-0.13131999916203904,-0.027379212120806865,57.35925235832534,13.617790104884207,0.1417678704687653,0.442309416532118,-1.5115157524698941,0.005072058332149925
149.6,10.261414888493144,21.344315291326573,17.62882711794045,-0.19183871976536873,-0.13170248255530928,-0.034797547127652345,57.37127081329014,13.376275692580041,0.09466556796894049,0.40023359116444923,-1.5324304967552524,0.0015555827138231644
149.6338526299006,10.238869410364284,21.3475807434776,17.63673019890075,-0.19568552615916066,-0.1304564088474901,-0.03161928954034634,57.553404952963135,13.290527540919458,0.08060411324445312,0.47064761368815516,-1.5529893837798103,-7.939536018650552e-05
149.8,10.20657266305027,21.32580277830627,17.64503441679325,-0.19566544144632936,-0.130470791717029,-0.030328024010497275,57.62983365867548,13.030261823102235,0.09154112563288494,0.4559254186638594,-1.5790212277445874,0.0003315702688806196
149.83396986844144,10.217448614574764,21.32254428531626,17.68781265723965,-0.19419248759602264,-0.13023600673900443,-0.019311606381848027,57.61374700322815,12.977556864343876,0.02290209926232173,0.4423615751077535,-1.5838487811853144,-0.006370705601356138
150.0,10.685730869606369,21.414617262750003,17.655852163197746,-0.154315207103418,-0.12137727700090865,-0.02255434431837392,58.228744570511324,12.868045578197036,-0.005355044837268043,0.4891858500453539,-1.584736270246778,-0.008712150335325282
150.03408669800578,10.697559244957912,21.431267078714594,17.68538296514764,-0.15276929168694733,-0.11920429109032478,-0.015273041188983101,58.219566311660124,12.769049611240586,-0.046540457594689034,0.47624200832822755,-1.607820963443424,-0.012405661744313309
150.43431922221308,10.603186911488002,21.39708083312618,17.6913727675346,-0.15827604063327547,-0.11736212260391157,-0.011485823323227368,58.60313004678013,12.06862129529401,-0.0679474808910454,0.52922578477954,-1.688048189244785,-0.014489750226228393
150.6,10.577460360121364,21.377427202392717,17.715353222146117,-0.15823014193893217,-0.11738991852554102,-0.008967398592873543,58.68869086844013,11.786746346071201,-0.04987876991059667,0.5170405384929024,-1.7134372974985044,-0.013200523465360697
150.63443496062078,10.589741420882067,21.386414291084883,17.755418870783142,-0.15663410457852123,-0.11589275550986135,0.000701340677772843,58.672414700586955,11.687534356009893,-0.10478741322978928,0.5024172204842926,-1.7333249340043553,-0.018267114363327147
150.8345503774107,10.559461727283043,21.362317084788312,17.754754516139723,-0.15628051660636286,-0.11604821311509,0.0004025657519274072,58.753439215082935,11.342655435074779,-0.10728140592609699,0.48011669860040984,-1.7609013240212008,-0.018022516001592583
151.0,10.675606659965402,21.635642609920286,17.8165264412818,-0.14502969788774972,-0.09354097069017803,0.003669080161745983,59.00510363870093,11.436759578022917,-0.02576620921289119,0.4907244279743759,-1.7262629745808205,-0.011608650163159151
151.03466549184577,10.678875287911826,21.602820282770246,17.859315768957195,-0.14447585094391818,-0.09642145778176398,0.012039937715617358,59.01580131949282,11.443368379491025,-0.059094172776675086,0.48657832191960376,-1.7046330195921182,-0.015400227378222997
151.20000000000002,10.657279827687596,21.586009941722192,17.963917263496946,-0.14427075699371392,-0.09653313555481505,0.022093690338191727,59.0910831505078,11.159398348042204,0.01881995317313067,0.4727990339539008,-1.7268852586717112,-0.00949790448286692
151.2347803219968,10.638254159531872,21.58969701971186,17.968647419927247,-0.14673314772327611,-0.09554913832568798,0.023610173291016764,59.19019287240724,11.076681162616477,0.012568951588156557,0.5085456405508211,-1.7421689402809428,-0.010169037324876206
151.4,10.609995913938404,21.57546835153531,17.79608723162546,-0.14709678639300916,-0.09535296393168428,0.006192445211887842,59.28135643178628,10.787441916263493,-0.1258287573887692,0.49971774235624056,-1.7639057098572288,-0.020615462664377214
151.43489488466605,10.618846795288071,21.563763934616674,17.79239063596763,-0.14432570064325106,-0.09656396419125635,0.004522741244185719,59.192419272671955,10.75712646666841,-0.12032313827221738,0.4493071373564377,-1.7542466806830304,-0.019770312035962617
151.63500919531464,10.587009553388809,21.57809816499452,17.768660414863916,-0.14434481186170822,-0.09314138039024498,-0.0014090461623616872,59.27567552131872,10.297055025435132,-0.08593586835400398,0.43132593267203045,-1.81805140719427,-0.015606874851315051
151.8,10.56187666327322,21.563352412426966,17.70168270820989,-0.14446601753942012,-0.09306484416676085,-0.008014303330800733,59.34901749170292,9.995510064218827,-0.1401495342572565,0.419153345898879,-1.8390512220907653,-0.01965870185647957
151.83512326799254,10.577501544930534,21.598909996110255,17.7345755021652,-0.14243357047570557,-0.08888992292667941,-4.2573573363948944e-05,59.312466732654286,9.797493776552608,-0.18592913401693079,0.39790634863504803,-1.8903029261196773,-0.02348062475340065
152.0,10.78319773875316,21.668969184879508,17.717291439207802,-0.12407673806061825,-0.08238592350729884,-0.0019197777222112412,59.62022041991621,9.608719114800232,-0.20688547201051488,0.4106363027006463,-1.8913220828363349,-0.025481877863822437
152.0352371152721,10.805285319220609,21.65017968168808,17.71130500054723,-0.11980200369121025,-0.08441986785397293,-0.004302793211979112,59.507503109215584,9.584355341651912,-0.19939489859012097,0.3467431504433883,-1.8754020152562885,-0.02444810382922374
152.20000000000002,10.785068505243594,21.636450866072767,17.6926079467252,-0.11984458874296651,-0.08439843753794973,-0.006101743624859886,59.56424331552066,9.273728826628583,-0.2171189181632371,0.33196539385147217,-1.8950463135704707,-0.02609241099647009
152.4,10.762392420144156,21.61907605111055,17.739898842365555,-0.11973015608067397,-0.08445600712630781,-0.0012156781737884216,59.62629241772623,8.892337594155126,-0.18606580243801507,0.31254100943699453,-1.918490969323134,-0.023873722434605768
152.4354641761618,10.730974055415649,21.588843527566986,17.690802355571172,-0.12215684865203877,-0.0872654112174914,-0.012898506970616844,59.68506942128097,8.891584360771159,-0.11630551117622805,0.3266441529019039,-1.8983924273632928,-0.017513201406234233
152.6,10.722328073222894,21.565560424700376,17.62494529792391,-0.11969705809351894,-0.08851866957686744,-0.020551592755405537,59.631412139808475,8.61522581492453,-0.15847587524317364,0.2649989407951693,-1.9002871978223879,-0.020275162497146317
152.63557740697718,10.740865888731635,21.60628933186378,17.65465440253764,-0.1175225811993769,-0.08406383337699051,-0.01323812711984973,59.59104249879936,8.423134352208235,-0.20253262508491768,0.24317502698339383,-1.948059285054018,-0.024006387197128613
152.83569044669616,10.683296221186183,21.511107681714268,17.634512775428377,-0.12201452497515462,-0.09180309933965553,-0.01677144527739465,59.795194564665806,8.275724290809174,-0.1899287139253158,0.2849939675913604,-1.8875267722546423,-0.0240182523521137
153.0,10.810199337991394,21.393395690450777,17.647551308554032,-0.1083653491973137,-0.10052176090983615,-0.018099220967056216,59.859199794846376,7.892583687959305,-0.1499245812220243,0.23010281922306866,-1.90022976680983,-0.020377097216360537
153.0358032996258,10.7868745174924,21.364144224927813,17.616783599134962,-0.11009513982208628,-0.10303810940996008,-0.02495887406224914,59.89596622920288,7.87453017201029,-0.1117949027421127,0.23733817338989333,-1.8844287632253667,-0.01690640886966967
153.20000000000002,10.766852490085478,21.348154628506375,17.52901337224799,-0.11026918671811133,-0.10293106797766649,-0.033313645979223365,59.93712670915176,7.564038291873747,-0.17916144287712532,0.2218564438599554,-1.8980068423586682,-0.02186875572763313
153.23591596827026,10.758335016786173,21.267730093408595,17.56151634339432,-0.11107422992404165,-0.11023393820308985,-0.025403642479291867,59.96846807595907,7.668789199962235,-0.233039906659744,0.2288482123450884,-1.8365836666547737,-0.027730459325638487
153.43602845328968,10.725354517787936,21.25320402319174,17.560912048885307,-0.11346669700457702,-0.10906130301060514,-0.023623162397791643,60.10889445149368,7.267684017335185,-0.24534634898980848,0.2533331170529611,-1.8658749144002043,-0.029025551700332913
153.60000000000002,10.705196662299466,21.236189203986537,17.480773222004046,-0.11360880599543927,-0.10896264198517372,-0.03126753471451969,60.152740431770226,6.96081202416935,-0.30878802619592316,0.23939787375889918,-1.8775826156826338,-0.0337951720501458
153.636140753463,10.697826157252319,21.235179237521482,17.481185900705736,-0.1145054498531802,-0.10848600874669052,-0.03059648474277717,60.20304672794001,6.8781405293121685,-0.3124924725006087,0.2547369300769959,-1.8868467797425712,-0.034356944388418714
153.8,10.679806982137848,21.21697809093774,17.512606878726405,-0.11443684408584157,-0.10853354375666062,-0.02692033462854399,60.241782250225434,6.568080218438394,-0.2905100559413937,0.24002800595581145,-1.8978380611978465,-0.032887374554659385
153.8362528656546,10.67789474613752,21.209958992935903,17.510183777815428,-0.11352730532026759,-0.10906705712726879,-0.02762267258177473,60.201143228455265,6.517922597468457,-0.2892106593915437,0.215577098918892,-1.892030774774728,-0.03257310499232446
154.0,10.829436619109515,21.57012807498986,17.491793159287884,-0.10020518803246488,-0.07992862086242322,-0.028875362754930987,60.447290119371736,6.7290688172869775,-0.31479768486395304,0.23069628878014367,-1.8218075457870053,-0.03522881574130442
154.03636478478535,10.821368513814436,21.570498216512146,17.518972522130657,-0.10103535416750663,-0.0794883793617029,-0.025638931794974156,60.48237141506555,6.6522660586199756,-0.2974363724088017,0.24075103185853622,-1.8289500274846728,-0.034051743695753936
154.60000000000002,10.770070575528209,21.52327772459327,17.68556358239902,-0.10054929129327639,-0.07973366353340755,-0.006772825683101863,60.593754166503956,5.614267760875937,-0.18972283601460013,0.18974205394945803,-1.8555952050876947,-0.025520848994847266
154.6366993033656,10.779634656489566,21.614993066260574,17.651701142524328,-0.09891117893755981,-0.07076033610828807,-0.014485321058963371,60.5510665107772,5.2964947936249045,-0.1350660327412902,0.1670357731952904,-1.9438748440664786,-0.019360534794426634
154.8,10.759895782026188,21.605204739982582,17.514782730693224,-0.09922033494055353,-0.07057927856486373,-0.028378780024905445,60.58468001187508,4.977920239847532,-0.2348421451079082,0.15432450575459405,-1.9525962778613812,-0.026832058498296334
154.83681035979177,10.754424865778342,21.606681910738246,17.514575858868486,-0.09997700919631933,-0.06999892772932824,-0.027868164599607535,60.63257411914581,4.885814574119244,-0.2373056621608234,0.1694176284321418,-1.9629927907384663,-0.027049487387474758
155.0,10.835314215606621,21.4414745626519,17.623685815224476,-0.09190136949247887,-0.082091734048789,-0.02239708266052269,60.77289794776911,4.344425050955603,-0.050213230242212414,0.16658240843419014,-2.005821271779779,-0.01124641524983691
155.0369211678667,10.83106797814854,21.439326849584855,17.622949281489703,-0.09204335233150221,-0.08199047679902814,-0.022338357038561036,60.78347313221914,4.268121327634124,-0.05077158457803686,0.16572841955421175,-2.008756635404131,-0.011332947554648157
155.2370317104619,10.824010063219498,21.40850244518226,17.617319446151505,-0.08990734183098262,-0.08366287666934259,-0.023244804384502746,60.73701807827325,3.9060519552030377,-0.05122786078870822,0.11274053627348124,-1.9998617946934811,-0.011291241858869856
155.4,10.809953495837624,21.394628659291005,17.629014911299485,-0.08985811088057025,-0.08368558148144618,-0.021611436865400197,60.75323858196079,3.579684865744971,-0.042689178695775785,0.09764024306304808,-2.0066403161807305,-0.01052550471128183
155.63725192052638,10.781743635492706,21.300382487319833,17.66459153197074,-0.0908381297641695,-0.09032224558637925,-0.012880450010543023,60.80898980975187,3.2767658528831944,-0.10514112316954947,0.09050851143677578,-1.9563238532975058,-0.01718713409273481
155.83736154357825,10.758002276921836,21.283491342875003,17.646476911326772,-0.09127232368428213,-0.0902543652552867,-0.016121168571429194,60.83353556843681,2.8816755167924364,-0.08800781607816976,0.07544898499768363,-1.9623786333295796,-0.014835475564884003
156.0,10.622755773126986,21.54153673963595,17.600936601075972,-0.10109983103754253,-0.06900202850058418,-0.01809318970817812,60.72432171062375,2.9333576346062413,-0.1669706902243404,0.050726198303154224,-1.910243603978565,-0.02190037079504112
156.037470812333,10.572551834374776,21.582503614846626,17.60954557117784,-0.10849986046872862,-0.06406738144151404,-0.014259742529019634,60.96038760408471,2.75239079691501,-0.18052208294201785,0.1585179135001873,-1.9629025779870997,-0.023835031343524705
156.20000000000002,10.555904515782037,21.571660945227343,17.63278685814829,-0.10842033553976264,-0.06410703972467147,-0.011596881577733845,60.98395525005079,2.4332887880298624,-0.1671178393861957,0.1477858683279609,-1.9659520581651762,-0.022659538399324806
156.4,10.537616533812551,21.5573489977691,17.71841453075995,-0.1081493189558555,-0.06424242824213461,-0.0024085761080039052,61.00732480467278,2.0404693471141333,-0.11310214923622249,0.13357846868176726,-1.9685865915455978,-0.01838343151904051
156.43768817602037,10.554362536086467,21.527923830025095,17.71426267976499,-0.10414067117909759,-0.06734937299475076,-0.0044964251469633894,60.84588476730286,2.052150068090468,-0.10698533738468288,0.05689003870707589,-1.9310940786240631,-0.01749805375231534
156.6377962105527,10.522864677141035,21.509018658544594,17.69170611603399,-0.10499394277378377,-0.0678850257381275,-0.008874500664021583,60.8717746127438,1.6778296138297668,-0.08226810198099324,0.0461821462821021,-1.9275350841741563,-0.015208467190470537
157.0,10.389099385327397,21.242809919811794,17.655546245290203,-0.1125070811977783,-0.08643275009267229,-0.010564453096639155,60.735910582727826,0.6160706932895267,-0.14071298264070722,-0.00619260990518607,-1.9840068282288763,-0.01966736663875151
157.03801081943988,10.377856341429416,21.21311319478944,17.61859352728345,-0.11316826554173487,-0.08867549034752893,-0.01339745484248862,60.7490453982007,0.5831042140574474,-0.18604927689343728,-0.004148973520265064,-1.9689436683905832,-0.023345161492827924
157.20000000000002,10.36512420563046,21.19610679285994,17.76646858964005,-0.11273252248734136,-0.08890973373382412,0.002079497428301741,60.740385160876855,0.26524167748371175,-0.08848849926427364,-0.018903427042313542,-1.9676718063535348,-0.01600717931968465
157.4,10.347070134117072,21.176188061984046,17.887624842596217,-0.11238600236702857,-0.08909645625107118,0.014580927401652202,60.7291343527253,-0.12719009518986435,-0.01136264718958871,-0.03628956560651174,-1.9650479715855569,-0.010250851106024493
157.43822323858674,10.32539596883762,21.192036431564826,17.892345895807374,-0.11520891736214856,-0.08698621606078313,0.01615867568151633,60.84066929940067,-0.26042677957718086,-0.01894527217037283,0.009545596353538806,-1.990005651185131,-0.011236683749109001
157.60000000000002,10.310605446495234,21.17607756837458,17.99691551413268,-0.11490919137227734,-0.08715031700874341,0.02675517962341953,60.83563771295144,-0.5811732346429882,0.046006367901816066,-0.0031718307983917343,-1.987771708594291,-0.006545841638597634
157.63832852904397,10.32390511905363,21.271248692795883,17.957436425387304,-0.11299035761444211,-0.07873196144948547,0.018348202124034277,60.77604652538633,-0.8621556454756841,0.11219826193730001,-0.028116211058759305,-2.0544350550318584,1.2413817816183878e-06
157.83843315093782,10.29040944775867,21.20805435953052,17.97664767318719,-0.1141090914799835,-0.08283342822076743,0.02153400396298009,60.804307849192064,-1.1637405611541776,0.0868176734488834,-0.030360289646155763,-2.0183796627993313,-0.00268745600537025
158.0,10.336159045540244,21.575484832769007,18.041993362314,-0.10909366828306244,-0.05350366948026574,0.025161398758396233,60.912957949395775,-0.9766667282733462,0.18360600466079693,-0.022111609257505858,-1.939532131328723,0.005040729735362416
158.03853706024546,10.339450440790698,21.56654287311662,18.01123188556336,-0.10804895614801271,-0.05422628565707127,0.02152341347437377,60.879306186466806,-1.0345500786544133,0.16637145840390513,-0.03983583255185919,-1.9306900541042633,0.003964937495655649
158.23864021127272,10.306416378942421,21.610845547037407,17.94568841674378,-0.10861151994660839,-0.04968543749187252,0.00762629368172933,60.86587520382155,-1.5123146527983264,0.2680440668579018,-0.057235988265033476,-1.9568492651009624,0.013569541346475453
158.4,10.289441366075302,21.602511611429847,17.964629817525896,-0.10856829019062554,-0.04971331547355127,0.009440324597162028,60.85494187657043,-1.8275960827864628,0.28249074503463845,-0.06885692342842543,-1.9525663824713553,0.014635713061046956
158.63884404764852,10.28518273477059,21.60221296811461,18.00376183712411,-0.10682623775514206,-0.04858914540280719,0.016773274485670488,60.80189086151987,-2.31974165066943,0.23301737595307417,-0.09802532391574087,-1.9537617243461907,0.009869507640319856
158.8,10.268054145726651,21.594326072293168,18.009853994370907,-0.10681943192776067,-0.048594105896113016,0.017119576412338577,60.78496445527454,-2.6341432018860016,0.2369953512084465,-0.11024245012066833,-1.9482225755007974,0.010227962724524508
158.8389446337048,10.238333768720677,21.519621088248226,18.019960442275583,-0.10927027953737974,-0.05505418616781501,0.019075134526398266,60.85205832515475,-2.5353240470364407,0.21958598317449857,-0.08824947511716963,-1.889994422011003,0.008415849749215951
159.0,9.96264753284218,21.332141454948342,18.038026925494165,-0.12898538030673104,-0.0689373732352587,0.019812183520730577,60.45004910303277,-3.0472471655622844,0.25248407649502713,-0.16891032178396773,-1.9063065704334352,0.011326676696364814
159.03904426300593,9.967826126585914,21.34224500474998,17.94112288123956,-0.12814808186053284,-0.0677655861646681,0.01162796207219218,60.43016267176901,-3.140692485791339,0.14589093290787852,-0.17733612140934174,-1.911175549691662,0.002880832007165672
159.23914288228266,9.894570221274142,21.230567515126314,18.00966095813494,-0.13374043975099278,-0.07595986374264896,0.02536178823642727,60.561561300728336,-3.3626700309923216,0.04460287756454494,-0.12445099720975608,-1.8501823716710666,-0.006768508497915278
159.63933687103034,9.832155248077816,21.1863060958972,17.984960266989507,-0.13405673891123396,-0.07744380639397701,0.018362189801891533,60.490261754602045,-4.055509337965438,0.08972369013162879,-0.160223138612625,-1.8092896575724016,-0.00283119610906274
159.83943212749338,9.803079231394284,21.173557802563163,17.990149165254007,-0.13458451025162477,-0.07704951065375219,0.018806110450874367,60.486535991014726,-4.432519174448324,0.08644432270992414,-0.1623650358493998,-1.8023248222552715,-0.0033495958856122826
160.0,9.539060824858238,20.89349424585692,17.939024962264764,-0.15371135447597808,-0.09721357285965745,0.01574617073047049,60.15137355738729,-5.088428168568718,0.0017909140379296778,-0.21673642409716803,-1.8482399029454872,-0.01014380056652057
160.03952614804402,9.551771438616031,20.91141364592474,17.95923718392391,-0.15209348789954175,-0.09517398133517452,0.019449477775715138,60.11428640025994,-5.201265490721002,-0.0212973154994728,-0.23035354496823818,-1.8600258173650766,-0.01217822492150605
160.23961887332663,9.50261808526701,20.909213400303724,17.969443761810094,-0.15472358979644302,-0.09325926282362335,0.021088230712546695,60.16067913385434,-5.625047553725148,-0.03324655252405997,-0.2046874758665476,-1.8703370396942849,-0.013397396503593922
160.4,9.474763401846308,20.89649697201272,17.852640000338106,-0.15498531542140806,-0.09306198491017388,0.00886095189075021,60.132567931259345,-5.92571816356919,-0.12114833012191159,-0.21426479712119884,-1.8599477459485183,-0.019984707727418623
160.4397102429645,9.468617804980234,20.855323725280098,17.898583164916587,-0.15530946453959982,-0.09642992083391032,0.017622892019846674,60.143630443754624,-5.919990750386586,-0.1799660050738771,-0.2087660108780705,-1.8294919547705106,-0.02545516149864022
161.0,9.458625352319485,20.419390494655005,17.88517509703545,-0.14808253030275992,-0.12597823256365032,0.014836237310226387,59.98247142604796,-7.389897033252865,-0.20831450017891234,-0.2773855699867298,-1.8446405535450554,-0.02711699878936708
161.03997560036612,9.46567055461947,20.425352754211904,17.969221191571588,-0.14695197389209744,-0.1249126504912904,0.024195166446476797,59.950758700798474,-7.486476517342835,-0.17011434630747035,-0.28773527428675477,-1.8498300043816154,-0.024412497513132552
161.24006092564323,9.478084140071084,20.435359054415137,17.95841465509274,-0.14133983683413462,-0.1224104216098517,0.020431838591244263,59.70289577910783,-7.885572794597375,-0.15180783402143005,-0.383885741069924,-1.8349514166194902,-0.022371752068354206
161.4401445804935,9.451785873165923,20.411071469018758,17.962515356862255,-0.1414442012870196,-0.12221050504882941,0.020589344717808614,59.6364034078819,-8.260694852218846,-0.1568798087819141,-0.39570205675793013,-1.82221463083582,-0.02269163202150441
161.64022649987436,9.374270941765177,20.30962605425551,17.942485990364048,-0.14612576959800444,-0.12980084219341592,0.016178897030694913,59.68160654800686,-8.417219122650426,-0.137911649201335,-0.36858959867625074,-1.734559808533497,-0.020997892783058653
161.8,9.352120669673585,20.287838065482987,18.00473023140752,-0.1460194878148109,-0.1298910885496808,0.022127771434531932,59.61882549240788,-8.692144788662725,-0.09782482670672982,-0.3825699185261833,-1.7177925125770452,-0.017762185041417945
161.84030661821467,9.365649431494305,20.303347841485667,18.028934702521287,-0.14423497103998492,-0.12772685656459093,0.02650869032397441,59.55404918383505,-8.827789924452897,-0.1252992986994704,-0.40281113946318653,-1.7354714315228565,-0.020223271090161806
162.0,9.422998497378568,19.893073934692772,18.039950039613807,-0.1382745288555592,-0.15707532433269542,0.027086091210776785,59.60742958526202,-9.643809389685075,-0.11872907070964142,-0.3903286823840807,-1.8099948975289686,-0.019928098977361256
162.04038486948699,9.427189167841748,19.871087161219233,18.036886489394487,-0.13584032164574428,-0.1593625860131562,0.025498164375038188,59.49288463846689,-9.649282310277513,-0.11178783936689875,-0.44055261894734177,-1.7732550911389802,-0.018822594831431585
162.24046118727975,9.362750505582051,19.80313196758812,17.99568526590941,-0.13914431392350765,-0.1629632122273031,0.017095779624581864,59.470491363898155,-9.919911242551294,-0.06836189360991748,-0.4342377247513798,-1.7234902611327723,-0.014392430502400107
162.44053550486942,9.301331225970634,19.737359168127607,17.919627458194498,-0.14060910572869142,-0.16717806962276902,0.0020565179462998222,59.35203781674337,-10.129938555843692,0.011404168029417142,-0.47130862870742024,-1.6482797087557715,-0.006279693695221324
162.60000000000002,9.279321529578295,19.710329534116962,17.941086636911574,-0.14057218774768784,-0.1672095178165494,0.004131783995595635,59.274804138071275,-10.390918229117542,0.026079467732599823,-0.48638754781889665,-1.6286170417977535,-0.005015511135316682
162.6406077552928,9.26536960650295,19.706356506967886,17.914189076005883,-0.14121669426698807,-0.1670313498764794,-0.0008880741101732386,59.26660483579018,-10.459915475642154,0.056000903837572766,-0.4864792083917179,-1.624586830202314,-0.0020857380573950915
162.84067787141876,9.236684895693234,19.67244529543254,17.913585971811173,-0.14103323710581447,-0.16721244303853608,-0.0010761532829221612,59.15256714553407,-10.772199169376222,0.05657539003891067,-0.5114498486876347,-1.5945768770346773,-0.0016237401677809803
163.0,9.183554599670273,19.62207772914629,17.876372562509633,-0.14347893040091544,-0.16893293685181066,-0.003522999216174452,59.02863329198108,-11.056829834533785,0.0051533919546481385,-0.532208833141314,-1.5787827442942912,-0.005911795103139489
163.04074578602012,9.148080398898896,19.57343583023402,17.861173781316403,-0.14623981210708856,-0.17299671995556348,-0.006223065993846137,59.06331310848247,-11.037944766879432,0.01892644281005073,-0.5144703185010933,-1.543090115828095,-0.004455503955728949
163.2408114318448,9.11374016839079,19.546741891133415,17.863215787657584,-0.14749466699695826,-0.17180395951324792,-0.005224077371915776,59.014460926252,-11.383776978980181,0.013133161343729157,-0.5073374014914813,-1.5334998562947262,-0.0049809270931606385
163.4,9.092087055401224,19.516851936723437,17.87777432347287,-0.1470047084892162,-0.17222728168317109,-0.003979537672583014,58.90895680661469,-11.61038566824111,0.026379844758912134,-0.5312485723102706,-1.504470044332172,-0.0034533577425797566
163.60000000000002,9.058347473071125,19.48636309092225,17.650417977379426,-0.14739403609634813,-0.17189938402517824,-0.02598488719181794,58.81023940887217,-11.912050171856981,-0.1427593360000739,-0.5468985624425546,-1.4772577509100124,-0.015851411243077276
163.64093564845567,9.059093016404015,19.48360135194442,17.660868807001517,-0.14678318371906615,-0.17140842280551125,-0.02380326053385759,58.772749866935165,-11.987222377953929,-0.15666864023483953,-0.5557875399652369,-1.4765118497957779,-0.01704656914021218
163.840994085248,9.030874277805712,19.451928503004936,17.65808116441455,-0.14765725937337695,-0.17054357652827531,-0.022952333501490674,58.72612949582829,-12.327396298673262,-0.16457388243487847,-0.5454394322518129,-1.4675978049090712,-0.0177844992311265
164.0,8.737373545354888,19.505960236163524,17.642576909264747,-0.16917723838856405,-0.16380412457306692,-0.022833671248935407,58.33297938597235,-12.48898077291138,-0.1931883271583819,-0.5955161746973777,-1.4397243860347932,-0.02000980670628705
164.44115391095877,8.65793699639118,19.446462736766538,17.78020085296201,-0.1714984245653988,-0.16141520820620514,-0.007743836076294321,58.187209795954175,-13.206957358986704,-0.10568776994925187,-0.5766682065815432,-1.4165551772312157,-0.014241818879978404
164.60000000000002,8.630266794416436,19.421177326660565,17.761358255477784,-0.17153521771718658,-0.16138703198981524,-0.00947427448606451,58.09545968857363,-13.430498551375825,-0.12038770790206803,-0.5882382779840636,-1.3935773070806032,-0.015293002993107126
164.6412018049235,8.645862487538349,19.491287618922975,17.700130079699594,-0.16888289000855744,-0.15392273090496458,-0.021060582616285538,57.975303359474054,-13.683410116887172,-0.047561959893302294,-0.6258844983444639,-1.4524453380234212,-0.008537964502665373
165.0,8.826456678323073,19.01237244827892,17.58438346620004,-0.14931199021226857,-0.18644943589789065,-0.02897364321249942,57.95864577815128,-14.73886192098295,-0.19256065913828543,-0.6384825732889279,-1.480127293199223,-0.02044241122995084
165.0412891305296,8.778205224513933,18.963287400027237,17.62468726966689,-0.15307164556073272,-0.19048020162109117,-0.028970215181751933,58.00486691071792,-14.718682295495238,-0.08049189225597943,-0.6147734845055443,-1.4454287799775205,-0.010999559650971831
165.2413284340887,8.745739232224496,18.969565043544407,17.589912608198283,-0.15375378760555952,-0.1859835156881058,-0.03399521651814508,57.91210647495956,-15.11251931795457,-0.05104050504754909,-0.614872711083246,-1.457440188024225,-0.008381073739287216
165.4,8.725725706415343,18.936300480273097,17.780133953404235,-0.1533813987731168,-0.18627564251667908,-0.015051638008460475,57.806429698742576,-15.33857897192829,0.08904411554383562,-0.6277818401814492,-1.4337880389023347,0.0017412786978310002
165.44136474724542,8.750495567828997,18.966299047696044,17.79698518501163,-0.1504950287677981,-0.18257274032278892,-0.011705132280637626,57.70934740921254,-15.487745747073797,0.06733835663994714,-0.6556459624339188,-1.4582656554889422,-0.0005235198316853331
165.60000000000002,8.72367889623379,18.940002665198456,17.642273030730003,-0.15074741363371721,-0.18236649072652744,-0.02642496273387905,57.609739379361045,-15.719812415636074,-0.04502525524874486,-0.6665609624151777,-1.4363996230472513,-0.008908427219868243
165.64139800777426,8.71600358306317,18.93483549111734,17.641879329565217,-0.15110444046383495,-0.18199904282437732,-0.026169205920463758,57.600375627130134,-15.793852602564012,-0.04695425377858125,-0.6622282937815783,-1.4363865949789851,-0.009128682833320575
165.8,8.69334031842072,18.90477193858224,17.705510186847835,-0.15099111931388434,-0.18209253639570822,-0.01961008946704133,57.49172672179928,-16.01852331133751,0.0008045020771684785,-0.6748740115659405,-1.4130323124317148,-0.005535219689460071
165.84142815428578,8.65558402172202,18.8590950398444,17.68775764292201,-0.15401017448612173,-0.18597663511059737,-0.02302325486939827,57.555253763174896,-15.96186349885095,0.0251609407668005,-0.6472944987598942,-1.3698374385934724,-0.003182448952186833
166.0,8.708798800540018,18.58016082476468,17.696701683265633,-0.14716983873139466,-0.20544233613417595,-0.023113925461910836,57.48855885509453,-16.468756276544855,0.05342843553332177,-0.6659368115251546,-1.3817259924430019,-0.000912666815228661
166.2414788642351,8.682592591567483,18.547932455462636,17.68639869080697,-0.14626420082086256,-0.20381750080014757,-0.024026881086432746,57.30336014582109,-16.83198278174892,0.059233473074961636,-0.6917113302145612,-1.356500474948213,-0.0004645277301765135
166.4,8.651366190068337,18.52485835541893,17.619112238983718,-0.14748933128621713,-0.20265227390367427,-0.02971666014122694,57.23913477869053,-17.08175624604919,0.007425582356088027,-0.6843369276283304,-1.3475895380955696,-0.004505320001134017
166.4414993096026,8.658845367776077,18.498624676790758,17.67473775600372,-0.1465329092508083,-0.20412554594653262,-0.018451600918042647,57.20147620749663,-17.11063572079048,-0.07109191096765914,-0.6896254763469383,-1.3324667893714797,-0.011870702137068201
166.60000000000002,8.634713178658682,18.468155224807866,17.80292100168737,-0.1469505918424486,-0.20369042617457908,-0.005469228102760281,57.11533287413769,-17.340541509892102,0.019513053881632186,-0.6896898045178463,-1.3171470197568103,-0.005579528509958021
166.6415164049249,8.60258450372028,18.45517478944596,17.751168861158675,-0.14914342644350834,-0.20436308463569408,-0.01593950798808453,57.133378216343424,-17.36933553519088,0.09532200145516084,-0.6773071794935848,-1.3019164292975398,0.0014364529382638004
166.84153009385855,8.522720275576658,18.372514738705487,17.695672358325336,-0.15378428992883286,-0.20878024389044092,-0.02648480983143046,57.12768305301461,-17.48992530499694,0.17050027639481585,-0.6471485307537249,-1.2263145718064266,0.008325324810100716
167.0,8.728345690004012,18.556405436657453,17.771633168416162,-0.13462359566399826,-0.19361785798740544,-0.022940187137015726,57.22033701617071,-17.30464647694597,0.3060692281921264,-0.6528470937717861,-1.1221301320103643,0.019924270318302316
167.20000000000002,8.70005536252307,18.5189357807905,17.699830815786925,-0.13474488439475954,-0.19352004598394337,-0.02947970306372323,57.09079891068964,-17.526829708895978,0.2609398882607315,-0.6648440879541463,-1.086846015496316,0.01679735010237298
167.2415470331059,8.655309422873835,18.436598020120286,17.72496513419216,-0.1386142121085965,-0.20051809088683517,-0.02421447242107752,57.159995724651196,-17.425115550348064,0.22565764323464854,-0.6321447053055037,-1.0283270314623882,0.013771530631553376
167.4,8.634422801213882,18.403788976484662,17.782522366550857,-0.13851691263066845,-0.2005984226830294,-0.018260005499808628,57.05707913693379,-17.584507778303323,0.2733142736121803,-0.6416809877671641,-0.9979674850267479,0.017067568402332076
167.44155017680623,8.635340294278098,18.41974544538008,17.760083884527933,-0.1377469471584429,-0.19832074887428783,-0.022701079504781375,57.00452403797823,-17.67683393685439,0.30580330702844594,-0.6533781763737252,-1.0075131620414361,0.020052871770967984
167.641549700991,8.595992997039628,18.367051695298866,17.730459088993722,-0.13836274839930104,-0.20003516014269537,-0.028027876161361313,56.86962670047751,-17.814338858667583,0.34707118242493507,-0.6689104853904558,-0.946241671701582,0.0241113115311186
167.8,8.572541823321302,18.337009079523625,17.60680494643411,-0.13851073058628988,-0.19990620570482193,-0.039542910985272836,56.7669107565078,-17.96418759670483,0.2606267979237944,-0.6773238077824902,-0.9157862672798271,0.017650353009860138
167.8415455556891,8.596773701621434,18.356164522512238,17.630028406281046,-0.1356204473633053,-0.1969649827148453,-0.03433457002128124,56.653618024527304,-18.094222053864836,0.2232766729471949,-0.7082972183185405,-0.9376059370429041,0.014120896894718047
168.0,8.41140437006121,18.083533257732732,17.537527403927985,-0.14711220851091628,-0.216083493673541,-0.040732668870730585,56.220538282762824,-18.467861035044862,0.11379990681819228,-0.7892190603939858,-0.9213279979544768,0.005954664883463308
168.0415376923488,8.413559352016424,18.066404422880925,17.533454376088567,-0.14579064130635752,-0.21729226544353342,-0.04151162870630764,56.145645468086066,-18.471426655787052,0.11893557692229893,-0.8114501055149199,-0.8967356773359266,0.006712432457524284
168.20000000000002,8.389533220921582,18.032864919942277,17.474655068129284,-0.14587727506399573,-0.2172215089142078,-0.04661716292844043,56.01781126268432,-18.61204319361759,0.08129425958598738,-0.8236681362610224,-0.8645886432579785,0.004027370750083024
168.24152606388276,8.357066397570248,18.008591952327713,17.439859272748986,-0.14825541618474167,-0.21884515904188648,-0.05343140511642448,56.03188973554844,-18.606987130623647,0.1293551284292229,-0.8098603283235921,-0.8416712914795345,0.008675861011484357
168.4,8.333435836562803,17.974048246212,17.422462716087516,-0.14826848734161507,-0.21883431308726412,-0.05430286300252185,55.90287927372631,-18.737942880665095,0.12406608218027705,-0.8220765474483626,-0.8086047632813178,0.008624479981070585
168.60000000000002,8.303192955450927,17.930881875991588,17.37236498708495,-0.14832517324394315,-0.21878717253266824,-0.05816114561468175,55.738318611357265,-18.896351716766524,0.09677096943524917,-0.8370021642213645,-0.7667547626540707,0.006448670142072171
168.64149133080704,8.292860749183816,17.92663875299883,17.371729217329527,-0.14938376960506894,-0.21777046124528823,-0.05745012472050816,55.75494179300965,-18.97139350942653,0.09213752559553998,-0.8183758485047098,-0.7769531591026076,0.005603974225957853
168.84146813973192,8.264174226585427,17.8814207952934,17.359521210587907,-0.14895419886307318,-0.2181988241591538,-0.05775592201239293,55.56554862199876,-19.10165762363418,0.09530009775955399,-0.8428295259850633,-0.7259539869222269,0.00577726456543505
169.0,8.153045408937484,18.165548594962484,17.340309551098123,-0.15655442874905104,-0.19362150971969405,-0.057431132303681215,55.38130102362652,-18.810618720933256,0.0704103115121369,-0.8500166133859158,-0.6351720776633896,0.004079851263816023
169.04144101068087,8.053548930410537,18.021009132019522,17.354690185597622,-0.16550467334620447,-0.20659583951134447,-0.05401467466241958,55.5385390857283,-18.58326337376132,0.04868931819994899,-0.7810552321675986,-0.5344434081322956,0.0026087507547953885
169.20000000000002,8.028806981739873,17.9868361715838,17.421693298950856,-0.1653658343487905,-0.20670709372052845,-0.04645882006261463,55.411251289123776,-18.66324542297213,0.10324091069387198,-0.791055962612511,-0.49655962445388613,0.006752639251702739
169.24140990451826,8.03263608769812,17.98931369676505,17.424990224143293,-0.1643646603847047,-0.2056229887263016,-0.045361159079486964,55.35624034868326,-18.708103614020832,0.09557574169370796,-0.8015293684584156,-0.49556308290360435,0.006127251395699507
169.44137478381523,7.9996743833648845,17.948278628756654,17.41595200502525,-0.16438360757192882,-0.2056067532478185,-0.04534924936223045,55.195534304075146,-18.80309544493548,0.09674417710942917,-0.813168122910892,-0.44846760566346483,0.006417962102392058
169.6413356128856,7.95159069552097,17.897691010180804,17.38768563761749,-0.16579104370623426,-0.20662121253954832,-0.04928187009104201,55.06700053487905,-18.857084073334896,0.12505291094683832,-0.8128150518084332,-0.3897178367688473,0.009118262016977931
169.84129235781995,7.9375022546824,17.914360082780508,17.325313489601,-0.16378030294459467,-0.2007919220694575,-0.05978055462468331,54.831193001703056,-19.096191733597454,0.1960460762678699,-0.8481427394286938,-0.3963954095665316,0.01541470908619972
170.0,8.207252900773327,17.708998839113892,17.35557584292374,-0.14037817603732328,-0.21458366680481702,-0.05816467014788133,55.04730943486364,-19.353153719465656,0.2653576685813528,-0.8112758207334329,-0.3836706027698523,0.020899445004564768
170.04124498651888,8.211366890737525,17.718659812649243,17.287862727362498,-0.13942221050395445,-0.21286543764521754,-0.06509668959893367,54.9928073606573,-19.401529239480794,0.2276929428237229,-0.8217631148135837,-0.3856943007746261,0.018280303340168717
170.20000000000002,8.18943989073118,17.684666405214262,17.28964478737254,-0.13940239719201572,-0.2128810935740938,-0.06389250695591227,54.861212899872434,-19.459485513793112,0.23951077151630282,-0.830860800534161,-0.3478158721296333,0.019107390486969755
170.44113777605162,8.145854471988406,17.648020818623362,17.22667134295839,-0.1401620428451729,-0.21160689477152006,-0.07358269882108656,54.668108597389434,-19.55830902549322,0.30958771835611654,-0.8416054868790029,-0.2971975242347838,0.025767463926664964
170.64107788201514,8.116977116990935,17.606334245989995,17.21208471576569,-0.14018986084184665,-0.21159350963240317,-0.0735860607193671,54.49814959393689,-19.61236157144476,0.3147171126077404,-0.8533900759919751,-0.2486428454658656,0.02630243592082356
170.8,8.092712830363375,17.57470333891441,17.06266357023004,-0.1403872477202166,-0.211436602988414,-0.08734702323606403,54.36725471345388,-19.652770803511398,0.21907554527240822,-0.8607073505522344,-0.21138765633054882,0.019382363977527316
170.84101376205967,8.088821046622042,17.562755094944944,17.057400220292102,-0.1393258706258481,-0.2124868321602814,-0.08812944666376415,54.26850559684325,-19.607562760538432,0.22485709210871702,-0.8895829252281731,-0.17846005767556658,0.020455291737100312
171.0,7.912379346189553,17.263977705664196,16.99997423434914,-0.15087928502799258,-0.2324214071769009,-0.09078036696647958,53.88483828607342,-20.001834120646663,0.1611739253350567,-0.9408237140683317,-0.19696598590470715,0.01495069561119772
171.4,7.855025104995486,17.168269302745802,17.098070719534505,-0.15060961302752793,-0.23263279818418986,-0.07731326727747515,53.49806070986225,-20.05720661149232,0.259116703573517,-0.96752869904457,-0.098615867275182,0.02175304459122329
171.44079583060673,7.839001035532469,17.172408296328516,17.097533596971108,-0.1531954217339484,-0.2299768193205974,-0.07588180610708456,53.57394467774313,-20.162428177218413,0.25137268362330134,-0.9191961814945165,-0.13388760454782167,0.020040756213895474
171.60000000000002,7.81488757528235,17.135541913712935,17.097825864644747,-0.1531704617910136,-0.2299964590229255,-0.07461319257396631,53.42636288981056,-20.18033259477659,0.26286734857948224,-0.9280361308192548,-0.09609016220475639,0.021208875989893367
171.64071460090133,7.735668134050191,17.08044864779734,17.012175642226882,-0.15979330334803107,-0.2345924374105541,-0.09180532654355646,53.549792867413515,-20.04670325099381,0.39268619141523636,-0.8761800665564622,-0.040282319482078506,0.033740686384549495
171.8406290523183,7.701611856068862,17.036345882679047,16.99474506071008,-0.16077557829221512,-0.23367948788834716,-0.09121080831029586,53.430916249410345,-20.096657506493735,0.39582734616607906,-0.8613704961255402,-0.011299424250314265,0.03313052516532067
172.0,7.702939944941928,17.17446145016966,16.951566585187123,-0.1591156677531852,-0.22028394366155374,-0.09242235318293562,53.36508036103838,-19.84455127879421,0.34884266409834624,-0.8507442221294897,0.06593426470039382,0.02944693117726982
172.04053917238923,7.826071887118081,17.310542408278522,16.981864900224473,-0.1474424591499212,-0.20712071779618219,-0.08571392854711668,53.104647036157345,-20.094068160086785,0.3010687409122637,-0.9341386917854898,-0.013915516030306468,0.023974134023101206
172.4,7.778304544711919,17.22978735995149,16.91585150545326,-0.14649064029144684,-0.2080931002842109,-0.08970638218871599,52.72750686663309,-20.049877611595132,0.2906513288751605,-0.9680983944171686,0.08506539970374152,0.023301566768200943
172.4403463790802,7.776483934756777,17.215864851377695,16.91104197699281,-0.14546129648276976,-0.20914922371620112,-0.09030456227976262,52.643271073100536,-20.00639663980588,0.29515462047649704,-0.9899758104131648,0.11258343933194284,0.024145662023972347
172.60000000000002,7.75562272606729,17.180342814022303,16.99661230381749,-0.14525414904188458,-0.20931063117899987,-0.08004609125876658,52.48017777954118,-19.981904100831432,0.36489083278635037,-0.9994843659291678,0.15183244879527977,0.02930038212894517
172.84013616331356,7.721076877846928,17.129409633048315,16.977188015195566,-0.14507401137362044,-0.2094991209245619,-0.08016653789676371,52.228031922379614,-19.9291853663893,0.37276107930616026,-1.0171381588184103,0.214312844163064,0.030281677010172196
173.0,7.807695088950243,16.83962912556342,17.00218653764178,-0.13579525167907214,-0.229477341938899,-0.07926816251248989,52.138534398039056,-20.236875377257753,0.4596852527784693,-1.0270916873318916,0.20455273679936725,0.03696374475442661
173.20000000000002,7.781924577138739,16.79251825352199,17.027928751528783,-0.13567707655947914,-0.22957067909526732,-0.0745926316108459,51.93003116329419,-20.189512126301217,0.49143751829156557,-1.038482749914125,0.25342403040493494,0.0386452531753756
173.23990850164273,7.892332314584428,16.948764451215837,16.993280393983902,-0.12538992070551103,-0.21526325162034715,-0.08084696686029631,51.669390090941576,-20.45524863934184,0.5371432123681059,-1.1170987950727236,0.16965832997369143,0.04161973175396817
173.43978813073306,7.865973742955782,16.90803402382855,16.977499437998986,-0.1257087484126306,-0.21488335057586072,-0.08065616750609818,51.45860432800871,-20.430184596370438,0.5443777918265904,-1.123911784019235,0.20941879850004866,0.042046069894352625
173.60000000000002,7.847308332424513,16.87230189223539,17.017876745528632,-0.12558568254141542,-0.21497961099506455,-0.07514067348983494,51.275317387209284,-20.391722794781998,0.5846144449096675,-1.1345897691660383,0.24649076554899413,0.044936623002129354
173.6396634052822,7.791152350336857,16.812025025825136,16.995045447568653,-0.13005030342327473,-0.21950281972060598,-0.07904276404520699,51.337203444081176,-20.27132921084863,0.6191326273206834,-1.1020102722169265,0.2912676557992778,0.04837896646572533
173.8,7.7750300059428,16.771031231184043,17.0428862606771,-0.1290679428850313,-0.22049345327612668,-0.07330018793141108,51.11271054826109,-20.179505935258625,0.6715438096274899,-1.1302112158027828,0.34601306635984475,0.05256069673764581
173.83953433216942,7.878840152173048,16.8640696609924,17.0959189605451,-0.11955840245779754,-0.21150749640750197,-0.06212689621641851,50.82194847651762,-20.41118929619948,0.577347230195971,-1.2113607921969067,0.2774447326610127,0.0433184780476574
174.0,8.048758900218246,17.07276986887447,17.037640344835193,-0.10527742183732755,-0.19304027166687826,-0.06473291519287788,50.89534055801569,-20.011554720844256,0.49944820251483435,-1.1791996470983785,0.36798632277188514,0.037334713069262594
174.03940092048373,8.046062478279437,17.053435991150888,17.146083724715798,-0.10519499415064386,-0.1939928541015205,-0.05234653344010302,50.84974252407495,-19.982071204913137,0.5487402670375776,-1.1807831205066186,0.38186053710514034,0.04060541272396678
174.20000000000002,8.03027317013462,17.021304594575543,17.18605078088538,-0.10510179689812596,-0.1940623498448177,-0.04743206388158068,50.657646896034684,-19.916332904397663,0.5883176210240522,-1.1915188805672117,0.4194967633631375,0.04347939224087939
174.23926318153187,8.02363562828038,16.99839583869215,17.20166588137161,-0.1053776060515001,-0.19534933105914162,-0.043910869518828805,50.619657263979526,-19.878080544156497,0.5607272768958687,-1.1906894087316704,0.4358995777404872,0.041102502451274864
174.43912112884522,8.035712801259777,17.00665038260626,17.200918334175313,-0.10283407259644008,-0.19087558946412045,-0.04210130803178952,50.33619774160451,-19.894824583177346,0.5532358830128459,-1.2153550157876347,0.4434690422015899,0.039305821180840236
174.63897477818625,8.088024874771165,17.01543972946035,17.26040979385071,-0.09645952606615295,-0.18660431105122072,-0.02864876545069657,49.944872872151734,-19.921555227823188,0.4515042417919628,-1.2767437962413486,0.4490211223833373,0.029247167244924505
174.8,8.068232128819112,16.991115749787937,17.29255446049301,-0.09751363703820305,-0.18545409869774884,-0.024216457568416304,49.79152892856967,-19.896340170047726,0.471608366888992,-1.2656402001041602,0.46346433088530564,0.029634368787523842
174.8388241475533,8.090955372164856,16.982470123344417,17.346384469572662,-0.09527757114256649,-0.18545910888131942,-0.013109187275878492,49.69313513423362,-19.894410365530874,0.3812786416152713,-1.2839853569922282,0.46627948845237416,0.021438704054737506
175.0,8.127068734838144,16.939039981682104,17.41296520810826,-0.09113786133605566,-0.18663804760182995,-0.008809338082081604,49.55149134585075,-19.833082743422015,0.4933581404238467,-1.2868450623043415,0.5003954632910259,0.030261607346171338
175.20000000000002,8.107667293628745,16.902745239504263,17.342390654174977,-0.09124371354276153,-0.1865642769650908,-0.015793191842946173,49.294872982993745,-19.730584178481898,0.44989613989255617,-1.2995157660399368,0.5434313244049965,0.026942545237160997
175.2385101295638,8.095975303774468,16.87455058147189,17.358528358955656,-0.09207043439848074,-0.1884251835497155,-0.0124279288953876,49.26594702706166,-19.674470959650627,0.4252774122724992,-1.294257563814728,0.5642085843866593,0.02484695783294228
175.4,8.079580769124176,16.845443124716333,17.246892363596388,-0.0922113532774027,-0.18833464023947158,-0.023524465320466117,49.0592460279417,-19.583467937487196,0.3489805499894863,-1.303721021444065,0.5988819767850704,0.018997986430755925
175.60000000000002,8.060647270672364,16.808200265505075,17.206228775459447,-0.09225672685864575,-0.18830553237758502,-0.027190471403809147,48.79831831591719,-19.460356263448297,0.3268283382453442,-1.315931198760313,0.6422799079368009,0.017256196096296184
175.63817926372082,8.02847300045769,16.829461549152317,17.21822758123975,-0.0971463930968942,-0.18338381090336395,-0.023200058149656835,48.94869627590526,-19.622805426148837,0.29588241507156643,-1.2334181956754673,0.5703053998466548,0.012327543841492268
175.83800758169767,8.029312431924103,16.789361911054794,17.25797442185377,-0.09537175663562872,-0.1835810171818852,-0.01399917710183427,48.660401837408685,-19.514563354387217,0.22480416980636708,-1.2557564783325676,0.6073046092351052,0.005739352771216416
176.0,8.004246255604375,17.18509391293438,17.23715588125156,-0.0966472086130251,-0.15114157897809205,-0.014862057203560802,48.44708835389056,-18.844918761327975,0.198372788133294,-1.2639862278845932,0.7300247015467622,0.0044813270977050014
176.03783177481873,8.028834367541101,17.197540578587546,17.25896897389847,-0.09408002638477173,-0.14943084685887334,-0.010379591602360367,48.351599876129825,-18.855488032756696,0.16463425189098574,-1.2833483768426146,0.7236178286100565,0.0011886742027925
176.23765187680164,7.981817530683967,17.156300799074423,17.22282800387984,-0.09664567743988221,-0.15057078063325574,-0.017156369038815976,48.14528822341865,-18.673412448469904,0.214221399945503,-1.2745595020074323,0.7776101833186543,0.00595352660557562
176.43746792360864,7.968210280392418,17.101793294058655,17.270865939232163,-0.09634104140754818,-0.15278347006922893,-0.0069817365225309826,47.89323179613238,-18.473144190518944,0.14531794854539432,-1.2819279797251875,0.8334664899197699,-5.696248440034864e-05
176.83708800675223,7.953064307259312,17.091450896830228,17.225645779671403,-0.09357034827733537,-0.1477082380620489,-0.015249538157826991,47.277675004111096,-18.2691340939329,0.196734948876426,-1.3332319509786734,0.8670262244210594,0.003705466366281419
177.0,7.576877350913236,16.74815041406834,17.16560781613838,-0.12140837587115709,-0.17119602530483521,-0.018625864811043318,46.63946085338682,-18.584697893002204,0.10335633486767243,-1.3949361333293748,0.8180042563836862,-0.004727709392931007
177.0368921262102,7.518307887323544,16.664826069217515,17.244700882192298,-0.12687911947092875,-0.1785120124477721,-0.008470563444302269,46.706547008036324,-18.40697815344167,0.12127941488469016,-1.3511273669978592,0.8805833688001999,-0.003206491485818041
177.23669235672634,7.446172783664679,16.624004461390367,17.277896759314846,-0.13229444327229725,-0.17816603456698216,-0.00114635770086805,46.5854082733798,-18.254499144563983,0.07430903086630818,-1.2975079204458755,0.9029631101116238,-0.00804188820753464
177.4,7.417619007360813,16.601017681392797,17.501448505730185,-0.13319362358234113,-0.1772266227831583,0.021954617779837197,46.402435556977686,-18.129973799933072,0.23484447035578232,-1.2888059620825305,0.922171658031881,0.003539839806540124
177.43648874543294,7.411604619646284,16.596452498968823,17.496581237845035,-0.13327981145121487,-0.17705377643234627,0.02082054107375601,46.356338449346204,-18.098995669552185,0.24232546409394531,-1.2897876093521219,0.9280467164079783,0.0041753636870648664
177.60000000000002,7.392379826735476,16.565318564113376,17.485230308605605,-0.13292841040273543,-0.17739269175541317,0.019136039258762654,46.132316867061675,-17.933333466117066,0.23484819468352566,-1.3000001203329354,0.9640574192916994,0.003721813079102045
177.63628134168064,7.4057110116654865,16.562886526884668,17.51581343509365,-0.1311338020204837,-0.17682608470829309,0.02528271535606697,46.039633187073065,-17.926777606533744,0.1930279971106334,-1.3170969786651565,0.9605918265404167,-0.00031601558664477985
177.8,7.38386355566388,16.53417084045299,17.461246699536268,-0.1311855486590409,-0.1768056269530554,0.019407313346645513,45.825549275881514,-17.769066628266888,0.14705141009785144,-1.3217963830956074,0.990829679075116,-0.0036419219694117898
177.83607019703138,7.378203996037678,16.528561651716203,17.462547701607093,-0.13135579094816363,-0.17663878016791196,0.019592179248519834,45.785463344159176,-17.7400782804057,0.14565747004649032,-1.3197669945146548,0.9945395321928702,-0.003880696372648462
178.0,7.093429233621163,16.71173076466999,17.43727917913017,-0.15240023565227753,-0.15964136325417386,0.0186964937035779,45.28149295266083,-17.34828307968702,0.09418352620867068,-1.3565066163333888,1.0493432643354472,-0.007925364620671487
178.03585536525117,7.082672972288155,16.71082519029079,17.42030965531838,-0.1528477876762654,-0.15921295502032526,0.015084267466160468,45.23926522006513,-17.315184883244328,0.1168708851449709,-1.3550883074355535,1.0541997948689141,-0.0059193712344619695
178.20000000000002,7.057448068895031,16.68479659148869,17.410606795888203,-0.15286319819440175,-0.15920398725707482,0.01385519090924006,45.016797388281496,-17.140057752697412,0.10649867079526683,-1.3601070700211377,1.0846439214253867,-0.006729065282634562
178.4,7.027006303652213,16.652855024228153,17.425243325842622,-0.1528483746919194,-0.15921261727059208,0.015059672314662032,44.74376837501981,-16.919023879258706,0.11417704823719432,-1.3661175417305864,1.1215210423832178,-0.006301112838276339
178.63518931767226,7.001351316070502,16.65180349560045,17.386133665570807,-0.15133722446432868,-0.1553734570279541,0.006027605142006521,44.3640912027923,-16.753230427652063,0.1702553004604265,-1.3938270339423275,1.1277890076310941,-0.0013077583383037756
178.8,6.960823377951728,16.640448829599915,17.44448627326055,-0.15391502765852783,-0.15275815065908657,0.01359358333390465,44.24527743874743,-16.66513203498412,0.19105295304058467,-1.3517629855363968,1.1127734360826407,-0.001321567516649001
178.8349603188153,6.92022770466101,16.622705632243033,17.397265025805506,-0.15772861297657717,-0.15447877813427593,0.0032348710405873705,44.313412536083945,-16.541855869308364,0.26283496391839034,-1.3124710066615033,1.1478972350694165,0.005873581663764308
179.0,6.962907404627606,16.380106589035883,17.3820724775451,-0.15192019093234566,-0.17138966084639767,0.0016121829373924442,44.156243375827394,-16.60544547406499,0.24655900022026966,-1.3116004336391551,1.1415258960662373,0.004218354459110231
179.03472793441682,6.944821274372714,16.345882996723727,17.51071866076763,-0.15337064581229504,-0.1742131754431311,0.016530192827589683,44.145453854877225,-16.50584604403065,0.30967612535481365,-1.2981884649936488,1.1699078514983052,0.008745599758958224
179.60000000000002,6.909341101848922,16.20194702191093,17.493765516699966,-0.14704252608904994,-0.18023806815966853,0.01069854340049754,43.188497268764145,-15.625541688375801,0.3413490215036594,-1.3957324224713066,1.3454534833452918,0.012697321778861917
179.8337659094286,6.875449328795191,16.15938170106778,17.496034965235538,-0.1469596580198818,-0.18031762061499743,0.010620162596719909,42.85776915485059,-15.303157685718903,0.34474584317772394,-1.4037198478165005,1.3877822855281472,0.01249711663984484
180.0,6.783526953254479,16.151172890198627,17.533986061712557,-0.15221822921903083,-0.17848089672671608,0.013134753245124007,42.54707833364959,-15.05628439889406,0.39764335502156467,-1.4182179801476436,1.4164009530337236,0.01687988250672723
180.03351764190907,6.705502785845613,16.126782598103784,17.435482600558213,-0.15922564915423004,-0.18060843806475563,-0.007256228851165215,42.63355215862689,-14.935024779201315,0.5201633446468175,-1.3684777463874704,1.4497941198527062,0.02905275347014631
180.20000000000002,6.678777149995408,16.096887351229476,17.420630040226545,-0.1592479403106996,-0.180593764771058,-0.00866365055395001,42.40594360895741,-14.691767299473428,0.514978938070895,-1.3715540165381261,1.4785975167566094,0.028639290704830376
180.23326642147094,6.64586520476381,16.114272524884658,17.428358556484433,-0.16287762045871226,-0.1773367104281296,-0.0060378883464802325,42.46939903619572,-14.729188426822203,0.5021781773286552,-1.323108373676532,1.4431412896857945,0.026498475022885867
180.4,6.6197079527071345,16.083909779187117,17.487056107098027,-0.16277467837041568,-0.17740611983188478,0.00014287783491902673,42.246190073242715,-14.483754215911395,0.5499910349539093,-1.3252162798221745,1.4712629657469212,0.03011927752561985
180.43301232755348,6.626558726839317,16.067792124549996,17.48344147944304,-0.16106221685313515,-0.17892948148551863,-0.001128989489280675,42.144091805069735,-14.389647683887688,0.5576622926172518,-1.3510859733853608,1.4977312876882696,0.03124735669763757
180.60000000000002,6.596389621445879,16.040510015191924,17.292808153689375,-0.16139890660091363,-0.17869953511787612,-0.0209276100893189,41.92713965050248,-14.14610627850059,0.4265377374514657,-1.3510707304539544,1.5230056712089006,0.021156066344953164
180.83249584732846,6.545126767868792,16.01017693412836,17.292793610997403,-0.163766743462461,-0.17664416666058227,-0.01898889205830542,41.71734851191269,-13.864995573914998,0.42201991613700185,-1.3104629142750364,1.5269705342245483,0.019396850135488378
181.0,6.632637074347368,16.28050278359969,17.290413814956768,-0.15571036894143817,-0.15386255543304808,-0.01840482430090929,41.72136732632975,-13.166941278525172,0.42171476735023106,-1.2669126288311865,1.623915327424641,0.019675654801300492
181.03223363014817,6.626432811097909,16.254906856279714,17.319133370841797,-0.15594507080588835,-0.15577300810484537,-0.012411562424097803,41.68932881467654,-13.081939500144356,0.386004225583174,-1.2634470484279405,1.6411273382768854,0.016271989657079933
181.20000000000002,6.605256760679613,16.2250364686662,17.338240927928496,-0.1553267666751693,-0.15626170584336332,-0.010486316848730198,41.45988757720697,-12.791692406874905,0.4065921330074676,-1.270301361304789,1.673665991138587,0.017834972646138755
181.23196887771428,6.6093646014823975,16.19842121813198,17.386800421122807,-0.15465111340255394,-0.1582239398403342,-0.00032427453396672266,41.41205861698626,-12.706991535937611,0.342176807670838,-1.2725981220446227,1.6900144359354743,0.011706717649062098
181.4,6.591410245576341,16.165747033532295,17.4281498551594,-0.15355672578293147,-0.15909686409008802,0.0033009541155922134,41.16224539361693,-12.394679201849318,0.38129066744286216,-1.2874400205430623,1.7288371219654894,0.014814993768705235
181.43170167962825,6.584817263381838,16.161973032113977,17.429048624689678,-0.15383831696701206,-0.15887277217385237,0.0035787655872607277,41.1315761816768,-12.346710184648177,0.38043839673937574,-1.2830064342743517,1.7306502812012938,0.014682124399964093
181.60000000000002,6.558641169657414,16.13544790936124,17.41455401646286,-0.15386654764888105,-0.15885463275564543,0.0020204380465699773,40.9163668393239,-12.053845918708912,0.37200644387566234,-1.282941353456568,1.7578357852071154,0.013765723139571404
181.8,6.528483860810694,16.103219341777457,17.447520441733953,-0.1538062079171807,-0.15889346546852903,0.0053998371828111,40.658159974248235,-11.697472027001952,0.3978825300159186,-1.2828931195233813,1.7900618162483501,0.01538753803237438
181.8311603148306,6.566754758336345,16.185234452091308,17.38872082705824,-0.14914393471708148,-0.1503790522888986,-0.007380773546515272,40.46790217496176,-11.88177015716162,0.4861183188983057,-1.333163177964346,1.715023441732882,0.02296003559015746
182.0,5.955403459301973,16.080747835297057,17.412643101073122,-0.19579821249945573,-0.15472245107757795,-0.00300568231997684,39.61699275715691,-11.827158287727894,0.4925425681102225,-1.3960108161818805,1.6775210236531235,0.022077451468121078
182.03088633719972,5.937192329291703,16.08675595908685,17.315533025553417,-0.19756666031719447,-0.15320440047759523,-0.011994063076290097,39.6234313040231,-11.812443180953013,0.4146998493767019,-1.373205253412156,1.663500282746889,0.015652607242648022
182.20000000000002,5.904947512428733,16.059948793098386,17.36140206353075,-0.1974574278037104,-0.15327900959026192,-0.0070135594200487995,39.38895302433195,-11.527096581171227,0.4514318002148198,-1.3740921918371725,1.6863196388723167,0.01814759733036035
182.23061029204612,5.903381578222033,16.051236077081043,17.359388863590517,-0.1966554492082953,-0.15396956728450686,-0.007760689540885438,39.31980946900281,-11.45639495164337,0.4551908149014245,-1.3867385170571889,1.699952251682241,0.0189315370618271
182.4303322787526,5.878915580176848,16.085645788216983,17.290080020635926,-0.19493765873696942,-0.1479440375542215,-0.02233061145102886,38.99067168848847,-11.2411902310089,0.5608863752959442,-1.4057323333995124,1.681801494324317,0.028572766969525716
182.60000000000002,5.846696426821066,16.058678235206546,17.177626490654678,-0.1944824331570948,-0.14844017138394694,-0.034113379555957446,38.72885966390688,-10.938152417149396,0.49128480172146505,-1.417565292893665,1.710581522666,0.02379828189513096
182.8,5.8066040195441015,16.029823655971136,17.10981557519164,-0.19459669715608696,-0.1483713626942469,-0.0404633619830667,38.44829800937414,-10.596690584161488,0.45224934397895994,-1.4184622040344614,1.7333640891636843,0.020466570583343145
182.8297707547942,5.8609268854471965,16.04874997310773,17.174676562203587,-0.18895633208568338,-0.14585683976027164,-0.025798417627603543,38.25796884130453,-10.650879941539143,0.34021301986185504,-1.467800924999176,1.7018664330445414,0.009581090799001993
183.0,5.7391622396971975,15.849970594180903,17.22505759671968,-0.19509233788664593,-0.15974476030632317,-0.023456719930658586,37.85412873208858,-10.55617238164013,0.4379658353793265,-1.5039777790108766,1.7014290913953167,0.017656779377641704
183.0294874523595,5.689205140657156,15.822120672467264,17.135011075920104,-0.1991096404077105,-0.16198248533963777,-0.036344795656606574,37.8829636466824,-10.452441005381527,0.4481029647211329,-1.47802459923303,1.7244342917884445,0.01968643850259991
183.20000000000002,5.662029062808667,15.78825293862687,17.228876766125087,-0.19804422290101129,-0.16287740948243443,-0.02672736509142818,37.596924736385354,-10.13140928339235,0.5333402819916346,-1.4955492909756252,1.755030548913545,0.026139292180601653
183.22920259820913,5.666876326264585,15.800181041399584,17.222783155917377,-0.19700208703243474,-0.16130857481882577,-0.02790747019788769,37.52996973550504,-10.113881769723305,0.5423708992838744,-1.5044593307495402,1.7461890612243376,0.02686596680733941
183.4,5.6379641228348785,15.767212005056805,17.222332996707642,-0.19595994795898053,-0.16226463638081903,-0.028419315002733217,37.23160421505812,-9.78444463423837,0.559841715583831,-1.5264027585306,1.7791293862795214,0.028661588865727505
183.8,5.559417845649412,15.702398759051205,17.200543641597637,-0.19597610937058685,-0.16225696823785868,-0.029506132907893667,36.61989275143874,-9.06471903991165,0.5635406737774898,-1.5343519232055973,1.821503241930645,0.028336292948171398
184.0,5.651106179582236,15.679622932466236,17.19254935583949,-0.18577955447989966,-0.16170385192325756,-0.029932073537193276,36.470077409111,-8.672697849572245,0.5703020394062416,-1.5168057309145244,1.8477376589003316,0.029003068486966748
184.0280498663421,5.665903298224212,15.657229302670991,17.18240989523427,-0.18233939905516755,-0.16448515376514378,-0.03331433279465093,36.322501411838175,-8.55348370659263,0.5853582815126493,-1.568166377074,1.8865256610804755,0.03110455929081863
184.22775892070206,5.6341423522006835,15.614653693844895,17.194860468641984,-0.1819748174517078,-0.1653665506524722,-0.02917281712948383,36.003550825661826,-8.160249668256792,0.5634998124196442,-1.5751931490282465,1.9131433149819583,0.028598514858384744
184.4274671025995,5.584105989796624,15.55711294516982,17.232218969118186,-0.1842915736579672,-0.16715227840344163,-0.01929097781114262,35.774457232468336,-7.748425098580573,0.5089276616579372,-1.5434949770996627,1.9383867551469824,0.023065322339384173
184.60000000000002,5.552091319124751,15.528383063187047,17.21395828552405,-0.1843136597302373,-0.16714322683066732,-0.02084250200124335,35.50848185936567,-7.413056460061583,0.5014679649197469,-1.5465993579317578,1.95597402038314,0.022697332823787456
184.82688132795,5.532208219313862,15.496603811309141,17.237318119228135,-0.1821447713956066,-0.16632196610547265,-0.014755999606818677,35.09580483191968,-7.007018687345804,0.46585209471599054,-1.5723702589939952,1.9645577088139279,0.01891556545136608
185.0,5.221042582060649,15.334281624539193,17.19626987050716,-0.20390028537406332,-0.17635542821092,-0.017199092132661544,34.48687051776462,-6.8349771178316505,0.41171632713026474,-1.621368785707926,1.9547128149889945,0.014249036319486569
185.2262935169456,5.146886085671704,15.25186795709394,17.20345461265604,-0.20680216851017275,-0.18064775278985956,-0.014928894396547373,34.18759676184073,-6.28929785227166,0.4030814131457235,-1.6009381581446753,2.0120318936163706,0.013574063823100247
185.42599915950564,5.088079160833847,15.232536653432515,17.216068049421512,-0.20968866077444231,-0.17833254341480104,-0.010795830835268697,33.97581614270062,-5.952409433648149,0.38676981908990626,-1.557531617399772,1.997976354288687,0.010911262477832641
185.60000000000002,5.053121499201298,15.200809314273966,17.322639722554815,-0.2095221800858493,-0.17839899411101617,0.00041881845614149746,33.69981185619745,-5.599041887082406,0.47273076716353085,-1.560421532596356,2.013104969028356,0.017319161298961466
185.62570467018506,5.046087646884197,15.203624789516324,17.309530441804686,-0.20960839670000453,-0.17767169892282525,-0.0023518253431627843,33.65958548386246,-5.56431528823031,0.4893426371813197,-1.5607805365426086,2.0089749491861935,0.01886912216649566
186.0,5.004037996132067,15.204812300553618,17.342898979999944,-0.20682311745651352,-0.1724657763864258,0.0001901440141850396,33.124125787493675,-4.726246152178221,0.5413223124219418,-1.5559682061507518,2.048364914973818,0.02292559369208902
186.02511581334173,5.0141191924034105,15.262092056322762,17.292275172891216,-0.20493439875758507,-0.16629595458175345,-0.010103973690356828,33.03790454885565,-4.799940175438362,0.5945942987399807,-1.5747195098423765,2.0010196903526265,0.027990371031425886
186.20000000000002,4.988590992623981,15.224495996467486,17.41405865760505,-0.20356532486037374,-0.1672853096459294,0.0015741881884329349,32.72070932531745,-4.422474120904312,0.7098677293872069,-1.593749648023533,2.0239630268764386,0.03691625087100157
186.22482170824776,4.979494925064825,15.244678305698233,17.37744737584952,-0.20373278764470845,-0.1648885399121116,-0.0061056600752093385,32.679086933759066,-4.421034364485308,0.7522262729834239,-1.5950529525063097,2.0068262911085233,0.04097203877642448
186.60000000000002,4.903235924690058,15.182799541142694,17.395787909064722,-0.20371095313192705,-0.16489164646916793,-0.004014363187065386,32.07920579313219,-3.663304444233308,0.7842130041020242,-1.5995053720218269,2.028648225769086,0.042395321602965254
186.624234811485,4.901201999054076,15.187670533784626,17.3889693082556,-0.20329105231461314,-0.16387210142438677,-0.005447806464343014,32.02557798131127,-3.645100394015915,0.7926512220026543,-1.6053718220830233,2.0186672551827187,0.04314508996437408
186.82394229061293,4.860559316701041,15.147439310522158,17.423309177220116,-0.20385590512103052,-0.1645688680723696,0.0023744429431229756,31.742548872822937,-3.225854774232038,0.761337952272575,-1.5917169171890884,2.0323780789505412,0.03922787262989838
187.0,5.0144662986389985,15.127978616180805,17.44401849949201,-0.18891593228163997,-0.1640955181339086,0.0035827867388532747,31.67734431716003,-2.8521993169185085,0.7954302510476352,-1.566556643791945,2.044453882361468,0.04150489225216385
187.02365057076503,5.00318620695687,15.116797900702476,17.396129356587902,-0.18968869883773665,-0.1649461628078642,-0.0013884355019689856,31.658244716543226,-2.7835654115428143,0.7600872056863248,-1.559522794953829,2.0538813867374035,0.03878780425433508
187.20000000000002,5.006084823647792,15.053508702847527,17.290676143278475,-0.1848564275934946,-0.16865768092444244,-0.016159563340434113,31.231886729887886,-2.337722527761489,0.7377800702812716,-1.627491513595181,2.103257137823657,0.038233351043585474
187.4,4.968589846991017,15.019652339653414,17.20203884965706,-0.18493884793242302,-0.1686541319741702,-0.024686983951300125,30.908789831917648,-1.9186910784884779,0.6745063046430183,-1.6302127150135441,2.1125843119263266,0.03324406297282726
187.42307008946466,4.971358506510448,15.070762600606797,17.15009915348147,-0.1832552323832584,-0.16208609871075128,-0.03648158163738273,30.80507307199973,-2.0547446551534794,0.7362757022203932,-1.65674293360672,2.0421093672006294,0.03933344825610158
187.62278160847603,4.9305959850280185,15.011104769940921,17.127817209761528,-0.18372569579762718,-0.16582336370119416,-0.040296457605345226,30.480633284384353,-1.5151627721404077,0.7650062384281513,-1.6602939011494326,2.101094501869619,0.04225184098725523
187.8,4.897926858113966,14.980810570638523,16.981296223820877,-0.18380278613375176,-0.1658719249167369,-0.05404381008545063,30.190254734311623,-1.1463398320923899,0.6536036363208148,-1.662683347595174,2.107126431178481,0.03369222176092778
187.8224944892938,4.912697019712862,14.978879736020163,17.01280680633498,-0.18125639501849033,-0.16470810602819108,-0.04621742930875807,30.05877266521934,-1.1730665406346632,0.6126142150481096,-1.6979691974014024,2.0808641183947527,0.029036810376160474
188.0,5.1041969991420055,15.164763324925488,16.984742662657574,-0.16390308566929654,-0.14814453465514404,-0.04774242829314773,30.009952906980793,-0.5584439039935998,0.5947554981505546,-1.6688185229861277,2.118931323728863,0.02744159517445794
188.02220887461277,5.1238380613476755,15.171748579454658,17.007462258021345,-0.16115709470602838,-0.14642814358384634,-0.04217709506057729,29.906685312402946,-0.5674395462856516,0.5681769002619403,-1.6969146502320198,2.0968758578456357,0.0244175901529389
188.22192490795675,5.063372420800689,15.107375346662135,17.06040318546788,-0.16593801624646579,-0.1515630471456531,-0.027503033935096698,29.729493369974843,0.004468762009952637,0.5087714012771295,-1.6320919319664098,2.1609184182632357,0.01787445885711686
188.4,5.018597483292358,15.09586437396092,17.005569595587367,-0.16824103434262777,-0.14992097769600476,-0.029701533012208608,29.524914909793523,0.34718217303930815,0.4338357123866158,-1.5970123996442753,2.1465466650825045,0.011098105289030203
188.42164273357878,5.022183144595614,15.083884741237807,16.995836316680148,-0.16697397197618635,-0.15086095116810222,-0.03225855351324514,29.43947182403403,0.4168252632541569,0.4457034192332087,-1.6197638857769738,2.1590401838466318,0.012458972568610746
188.60000000000002,4.99242597394818,15.057110915312983,17.013617121184353,-0.16695669507502378,-0.1508564017308166,-0.029948806063087172,29.149513775459198,0.8031281491418085,0.4683074894152168,-1.6218445096062846,2.1644275668221247,0.014029474622770098
188.821084341651,4.956648139888155,15.03706146477366,16.992281287002687,-0.16603694749964534,-0.14826898359158128,-0.03357026762976947,28.740852796796034,1.170396634395009,0.4861458452425172,-1.6424451245075842,2.1271569973778695,0.01575973664590552
189.0,4.484014996991225,14.652042329582954,16.906411475739574,-0.2006049984959715,-0.17573380656784934,-0.03918812462728697,27.941609829984873,1.1387274214266923,0.39228448005722716,-1.710331607309574,2.0737380943835224,0.00723328907162951
189.0208084152201,4.454754752448221,14.64048884441061,16.87246991306093,-0.20379505879769377,-0.17748039683117323,-0.04722062518692224,27.98760411320635,1.2450929057567293,0.42618301696616173,-1.6760795672838014,2.099802850068138,0.011302147564982806
189.42026383113424,4.370999231069541,14.568436047323727,16.857864669886826,-0.20421662567820426,-0.17777247914365593,-0.04617472699907914,27.333651332070733,2.0961747662320662,0.4266369559917491,-1.6729480279734863,2.1072242761715607,0.01050852111584758
189.6199954654756,4.32641675300327,14.538742391715923,16.856586350135313,-0.20508839576793306,-0.17717221441686007,-0.04394746594848494,27.04221782224956,2.501098137334547,0.42078947717274123,-1.655475273313082,2.099531770067656,0.009432786494318944
189.81972991172714,4.269302655019698,14.507751848793117,16.796525521003424,-0.20776039253345835,-0.17794199587875553,-0.05611386714410907,26.823830374103625,2.988827753387188,0.46547111506975747,-1.6128731774678604,2.1238254757287414,0.014393619535003416
190.0,3.9340392588595776,14.618332671614887,16.687010446687676,-0.2314078243543591,-0.1664013841934018,-0.06311060684870785,26.194654697034256,3.5321618222909414,0.3547862494054386,-1.6542245706875014,2.1429355817694704,0.004681134238523772
190.20000000000002,3.8878582999284657,14.585105119162469,16.693669716547113,-0.23138743279715793,-0.16640238500099885,-0.06126068211980762,25.86320719690518,3.9612090501377786,0.3723738629226447,-1.6536866409896849,2.1423193719800566,0.005730665094183312
190.2192078200331,3.8882414617514733,14.577116629350433,16.687035155745217,-0.23056676852910316,-0.16685957652399092,-0.06288989390728239,25.80105850638885,4.011793751894375,0.3781473582175321,-1.667689296965849,2.1477287351694594,0.006500909084189968
190.4,3.8463954912216467,14.546905628600992,16.65011333229388,-0.23059858608423314,-0.16685550376081218,-0.06538549547287179,25.500777963103786,4.3992199636169405,0.3574310253610539,-1.6666656187294393,2.1466641989112025,0.004794865731283637
190.618698707831,3.818035825035756,14.541694753861783,16.653120610437767,-0.22669081140822991,-0.1609816593180926,-0.06096959439538228,24.983526078255515,4.629232529495544,0.33919225417219523,-1.724963643617667,2.052058125591998,0.0025753445122126293
190.81844937400544,3.7647876237930857,14.509674681179803,16.66646238892043,-0.2288052472489342,-0.16175077254386347,-0.054046074003244314,24.75353939156049,5.0821886969442085,0.31567280712622947,-1.6795362892769516,2.058946566026541,-0.0005337747999628645
191.0,4.448879671064163,14.524136690881516,16.60707615163905,-0.17188645952868964,-0.15890066560347885,-0.057053648551883246,25.300996911980654,5.493298020593954,0.25161336313517163,-1.5621904028696616,2.054111248371221,-0.005495738551903917
191.01820370787658,4.43760655583159,14.534089812200008,16.35963638057774,-0.17277049798771324,-0.15737795625878795,-0.08393021273503655,25.293865896432678,5.492796877289357,0.07544888083530775,-1.5537627031250405,2.037937911675723,-0.01807617544366484
191.21796184659473,4.395554030916915,14.510044668193288,16.354866606667485,-0.17416626108017366,-0.15668894233228522,-0.08030369408617367,25.03787511527492,5.884593593310785,0.060441180035913665,-1.5246021271235295,2.0215998681694476,-0.019939790927077254
191.4,4.3637198298209245,14.481429968060043,16.31478598896201,-0.17419266734737596,-0.15669007445319105,-0.08272602158545274,24.761682185549127,6.2512657976710075,0.03444439606824522,-1.5200247491065637,2.013757889994117,-0.022052438011169212
191.41772392493047,4.374220748569856,14.479365924517005,16.341130091590596,-0.1723913634067723,-0.15605604404629392,-0.07560193548696441,24.676537143747375,6.253675910578748,0.006992670272296088,-1.5428876984707045,2.0000371390779486,-0.02538964272483721
191.81726042551603,4.302927125272503,14.422654876339047,16.323343389772305,-0.17341966595474123,-0.1555456646486522,-0.07181527475602144,24.125416023166274,7.033938811615013,-0.014907345860807993,-1.5069394931779,1.9722675183599596,-0.027579669455110905
192.0,4.2792918263964665,14.21248164024614,16.27934285804915,-0.1726807325365195,-0.16986463268561777,-0.07431444028997507,23.855016555035693,7.188266495207255,-0.052648469496100414,-1.502260448532507,1.9362075431003924,-0.030266704081615355
192.01703510215432,4.273532236950804,14.210693015263212,16.164000445390755,-0.1731136245967703,-0.16974072272169224,-0.0847945322900231,23.842672376278443,7.216764624505753,-0.1555895301700895,-1.4960675200750388,1.9332448005009077,-0.038223739750303895
192.20000000000002,4.241337545535034,14.179644772664222,16.10245731778681,-0.17318904527979406,-0.169728579094928,-0.08920272807680875,23.57165858646936,7.568241626430508,-0.20233798656309826,-1.490036589704698,1.9212944371275025,-0.04155890061613071
192.21681422638727,4.259342962124661,14.190781804152019,16.12907594837219,-0.17050792464615616,-0.16727432983519594,-0.08184384368844237,23.468791314842484,7.518175382784985,-0.23134712620881226,-1.5215061308906113,1.8863974600941502,-0.04509618122286155
192.41659791543495,4.205057758000999,14.142219870286176,16.083012578566482,-0.17326768689658006,-0.17015103666038175,-0.0895415668293106,23.256734014566092,8.001065396052532,-0.21148472972529012,-1.4797474583581245,1.915191614296888,-0.041673318153139724
192.6163862817457,4.169158519548769,14.11011762969444,16.070050297685775,-0.17367053983400277,-0.16999824521643325,-0.08800777800031226,22.98355542226033,8.378457742616478,-0.2244144990857376,-1.4637131090435052,1.8989493220385507,-0.04239756233983775
192.81617943253738,4.133760579983737,14.078037544935881,16.05771167971163,-0.17406320456891905,-0.1698554300125311,-0.08636909134216422,22.716986716183754,8.752600742244024,-0.23761689973219685,-1.445730581967729,1.8821908976521318,-0.04343832037962243
193.0,4.079840019261588,14.32879179977519,16.012836590489833,-0.175937283620943,-0.1475673765459225,-0.087980785776228,22.43003345590689,9.414797106544619,-0.2812691407395044,-1.440563902381699,1.9071070245616228,-0.04685127712467876
193.015977469327,4.089445540587254,14.311564884667282,16.03876660590342,-0.17460399148695932,-0.14918516435023105,-0.08082421867861311,22.37452314574428,9.47970578182224,-0.30859889095211424,-1.4538830360745654,1.9215551029455045,-0.05019776457423887
193.20000000000002,4.057236924962124,14.284078097552321,16.013576709282642,-0.1746154354079126,-0.14918585035007614,-0.081783249554552,22.10790730394835,9.831915329084243,-0.3270358332096924,-1.44725619073004,1.908169806856988,-0.051201960516043296
193.2157804874501,4.0365257851568686,14.262481375569156,15.990890877167798,-0.17693489891342823,-0.15238953942481878,-0.08748018173048643,22.154693916315814,9.9641129288547,-0.3063984668677716,-1.4176297475003483,1.9500864401096296,-0.04854583528872494
193.4155885755744,4.010302837633965,14.237693386370767,15.98818550128073,-0.17569552502549207,-0.15112386862474878,-0.08357816654626281,21.829650432945776,10.303791887745533,-0.3302111361137462,-1.4268833224541713,1.9161751102121904,-0.05073792174843328
193.61540181521073,3.9901673080044575,14.21129156246372,15.987067063545895,-0.17318041347426735,-0.1492667220923958,-0.07971562712133802,21.436044184300563,10.598338678887032,-0.3546952954694382,-1.4644390192870371,1.8666270822386073,-0.05298022241913378
193.8,3.962678028511451,14.17607368569982,15.904235859982656,-0.17147476379748805,-0.14976014716429784,-0.09200843946980163,21.060046992201954,10.953444552307996,-0.3716579935242084,-1.5046232925430114,1.859050156783989,-0.05231610589904869
193.81522028022562,3.960552159656502,14.17248554383879,15.904809831431145,-0.17142893443352508,-0.15004433742501885,-0.09147276354632362,21.035857871526105,10.994178052983852,-0.37430521916468956,-1.5046959502393715,1.8629012418204913,-0.05268235762905569
194.0,4.340228062446952,14.189155686493502,15.78533490421693,-0.13863048269375222,-0.14674575311744037,-0.09925313981129581,21.201631082752648,11.383031611863087,-0.49416442522257664,-1.4488712410691196,1.8517404025654396,-0.06177403576407403
194.01504403636022,4.331050465773049,14.18367850131992,15.732084251747565,-0.13955674955190928,-0.14752203496191119,-0.10588952549127893,21.206104435386052,11.43526472041607,-0.5231693627983288,-1.436834997008494,1.861637531939091,-0.06347810303664815
194.20000000000002,4.302235210162589,14.158391602284974,15.743585330095767,-0.14008355417605065,-0.14740171722115694,-0.10168780180903156,20.961394292285732,11.776611739843789,-0.518928175923804,-1.4211274141314807,1.844087136510572,-0.06311578483096945
194.2148731407605,4.309865139573773,14.161377529779852,15.758633898109998,-0.13868873718434413,-0.1457649713114057,-0.09675812618093545,20.89329443208901,11.743574673655347,-0.5373776612153146,-1.4412565599916418,1.8155405468847703,-0.0652194759147571
194.4147076415239,4.2885037534717645,14.125556171302266,15.714459257234546,-0.13695049455320957,-0.14610677582392717,-0.10474373378887732,20.52120832398028,12.108803738588936,-0.5250241878732905,-1.474452536177919,1.8008242006052106,-0.062459537139371066
194.60000000000002,4.262823173696554,14.099763755100621,15.873189410636657,-0.13689861392500746,-0.1460366665031275,-0.08862636092767393,20.245370956752602,12.44272669009652,-0.37261660338749925,-1.470690297850479,1.783225664183867,-0.050402594341435215
194.61454757726906,4.264999692383986,14.096057578906363,15.883869336894952,-0.1361369549785253,-0.14562627124629893,-0.08490633232884452,20.18936172450436,12.443960174363825,-0.3860342077777195,-1.4849015953305063,1.7711880802980209,-0.052050634705042786
194.81439297673265,4.23501444578256,14.068969497489073,15.876503197633243,-0.1367062606919558,-0.1455171808783778,-0.08218738261041515,19.92483761600962,12.793276135168524,-0.40663058150503195,-1.4672354910844367,1.7486461257903765,-0.053696598283509915
195.0,4.177819346195512,13.34204492170636,15.866227032578191,-0.1391719753257751,-0.2011581634381903,-0.08220372839533088,19.61855471227016,12.366707681293818,-0.4105778318141611,-1.4672147868077496,1.6440534202648536,-0.05355144001820008
195.01424385840124,4.1927236565517045,13.329640281031068,15.895647310171015,-0.13691341943704047,-0.2021182678310964,-0.07296925515996937,19.53277107533733,12.41026336022772,-0.43869005182502985,-1.496399868331353,1.653233836299189,-0.057336314091169675
195.20000000000002,4.172043321429229,13.29040719947391,16.031891359469032,-0.13597127688526214,-0.20216087723870071,-0.06187747260003241,19.21795436749748,12.716308159866488,-0.2899662955138279,-1.510080166963768,1.6332914363986235,-0.04470109193126979
195.21410023018296,4.170288876355833,13.28743380231182,16.030552629859944,-0.13593443143407394,-0.20216417510529194,-0.06203508133447063,19.19511250051308,12.739254622546808,-0.29012605319635143,-1.51058732545697,1.63163352966938,-0.04470438133552201
195.41396208912477,4.151749974519774,13.237390287518956,16.038152376444035,-0.13465825019956154,-0.20421178255605044,-0.055824461228405974,18.848606041111207,13.13969125196533,-0.31714937712251157,-1.5265621144218864,1.6445251367555667,-0.04786917454209676
195.61382942118144,4.125927741663142,13.193929398962613,16.016093647379098,-0.1340429153943828,-0.204242541909791,-0.0594972347512035,18.506962348126578,13.462409969733447,-0.31667621603575963,-1.540821935131041,1.6219088746431412,-0.04684193902330173
195.8,4.101028220128022,13.155625880942932,15.959145331494838,-0.13406454522424568,-0.20425814347852012,-0.06364381474950562,18.221692222924403,13.762075913343446,-0.3678019233884967,-1.5384307629431142,1.6011207901372242,-0.05035850211258949
195.8137022010408,4.098858562261443,13.153634336858456,15.96280599492649,-0.13394472491203555,-0.2021950006038656,-0.062267613818385845,18.187147190423737,13.669383193015227,-0.3731629548124807,-1.5442992748125877,1.5496256158516977,-0.05062539197869219
196.0,3.888217308808873,12.973078248552245,15.964662746986583,-0.14878484663635,-0.21350443197605293,-0.061103174161582216,17.698386295970835,13.804257963746208,-0.36944461010443475,-1.565725330785391,1.5098090015055707,-0.04988827700328636
196.01358039201023,3.8770962922930226,12.978037264479202,15.949897747506837,-0.15004284225358824,-0.21238046395274188,-0.06536220214444632,17.714027095786687,13.794433273123666,-0.3583943788055567,-1.5486613829338365,1.4924173986239389,-0.04807883623372809
196.20000000000002,3.8491089602757773,12.938516336255331,15.948736946565562,-0.15004095074468302,-0.2123773139946103,-0.06436371001928841,17.42547508215417,14.070431484400471,-0.3571642423077259,-1.5460311142628425,1.4678018569171394,-0.04714275068467888
196.21346394596787,3.8525012903620155,12.932558696305184,15.930848676492092,-0.1488583358906471,-0.21233347899106725,-0.07022609354236098,17.35522041037243,14.08233854716774,-0.3413706048712736,-1.5697092797992043,1.4640026205538503,-0.044883502877286596
196.4,3.8247464463536223,12.8928156128984,15.894827749899198,-0.1488672752310569,-0.21234026101180445,-0.07230028086143327,17.06298220242891,14.352966755827278,-0.3709627359465529,-1.5679049571556307,1.439150537975912,-0.04721813521248172
196.60000000000002,3.7949113363344753,12.850927497813121,15.978199301034316,-0.14882976167593298,-0.2123112426680184,-0.0633692104249175,16.747702662723064,14.638722214506219,-0.2907870526484398,-1.565862282621877,1.4118971667513565,-0.04056518081289288
196.61324689340032,3.790064475994574,12.851184644941622,15.991600722610123,-0.1497688009562889,-0.21237884414309022,-0.05819219185567025,16.77913670948918,14.667747710519054,-0.3070141031298335,-1.542079803924976,1.413247780791624,-0.04270451044885496
196.8,3.7620905674143694,12.811742684305822,16.021880391803496,-0.14974549621969524,-0.21236602180461198,-0.05443194823042672,16.4900961005218,14.929457799611258,-0.2773858105482019,-1.5391990332424024,1.3875207161076606,-0.04042721884146546
196.81314613401182,3.7613668390801003,12.806699006297658,16.01176361324637,-0.1491446641614734,-0.21230807887935996,-0.05795454274439926,16.43127143701906,14.93896842661569,-0.26697371709808765,-1.5557945256540886,1.3828791155714564,-0.03894945461500789
197.0,4.371925486284095,13.237931784606756,16.016928029211346,-0.09814308584393337,-0.17523152384356924,-0.05910013382851912,16.850559013768375,15.712359699691417,-0.23960045657955037,-1.4670538291555384,1.4175108026002121,-0.03612952696654389
197.4,4.332519084126282,13.167760279719353,15.975210924949375,-0.09816739523665652,-0.1752368243555953,-0.06079760041280163,16.26648479825238,16.268375087303113,-0.2704456997103995,-1.4573430568792136,1.3624144648923742,-0.038346077728253936
197.60000000000002,4.312085190736925,13.13230538870231,15.869428551768673,-0.09829433773082877,-0.17526432368759678,-0.06966397729109028,15.980464248654227,16.538036137588282,-0.36100789857111604,-1.4503841508673505,1.3345801732969305,-0.04546632460412501
197.61279258659528,4.30809999998111,13.171250159918236,15.877392146241682,-0.09890636048080684,-0.16759209526569613,-0.06684623879368184,15.993252595554875,16.248025129267482,-0.37105661314479027,-1.4370651248809594,1.20021016997233,-0.04559655366527748
197.8127159796315,4.2963260126545455,13.135598116933341,15.877068739346825,-0.09768972028087886,-0.1676033145445995,-0.0628783230403564,15.650047444762068,16.48161488695901,-0.39376306520210186,-1.4535291540642241,1.16666055085419,-0.047748611331749895
198.0,4.310022417419412,13.318717105320319,15.912918822034165,-0.09513570106956079,-0.1504052375535234,-0.05954235305354348,15.417486577116286,16.924141084876663,-0.3506783775008728,-1.4430884256899155,1.1586459685922046,-0.0438930237941373
198.01264381470816,4.307804774933106,13.312860082140022,15.910453731776716,-0.09523231362224999,-0.15098927980105184,-0.06005050076213506,15.401254490139364,16.95462892823175,-0.3496535604269139,-1.441916196689697,1.164016807471853,-0.043771832454580904
198.4,4.270820054377345,13.254441287865493,15.903174344821398,-0.09524141165941952,-0.15099041087948673,-0.05853786522233684,14.84523658610556,17.393131289260406,-0.3525909222526239,-1.4302880152643194,1.098829856271475,-0.04303955376262006
198.4125122041634,4.279083501628245,13.257660468292066,15.91272941787139,-0.09409830874217819,-0.1498399768929186,-0.055376997347205734,14.789716763640333,17.36465560921558,-0.3629487847778806,-1.4454699527009178,1.0784123982076785,-0.04416857187304314
198.6124524370987,4.25659660313773,13.229558026870533,15.963129510782014,-0.09480927106088043,-0.14959559334782557,-0.03687047922134563,14.539777668968453,17.57335773250607,-0.4301745206957565,-1.4231193910448816,1.0396395610022684,-0.05183742694402693
198.8,4.248955291172132,13.201352301540346,15.785427879202738,-0.09325002271173419,-0.14904922425515382,-0.060663647202992846,14.197170393322617,17.731884846500222,-0.5202290509385653,-1.4491201685500767,0.9945923163004213,-0.05646965246404207
199.0,4.473113149024304,12.935470207446828,15.784409878849742,-0.07374119380123526,-0.1681646981756324,-0.05997248366814009,14.167432242037792,17.683296065889635,-0.5201095017678862,-1.4152335672360565,0.9331335292030223,-0.0554045913778804
199.20000000000002,4.457579755886391,12.902313101258983,15.931292255315794,-0.07377185108822397,-0.1681668075030246,-0.04530302609819811,13.885375956478097,17.86711920210652,-0.3883371370178901,-1.4092523597293976,0.8961870575886949,-0.044751414010097613
199.4,4.442801154265965,12.868693419155893,15.926930500654041,-0.07377281499996025,-0.1681668808423234,-0.044865699979089874,13.604136226330056,18.042621330377035,-0.3931462741108955,-1.4033418703216531,0.8585179701087846,-0.04481381381241705
199.6122070361015,4.420148796772874,12.829760686967681,15.908345045570556,-0.07462530775504168,-0.16908647118920136,-0.04776484129964911,13.336733384679572,18.258481704900024,-0.39406061328843317,-1.384734098962363,0.8356540070615527,-0.04422158821585838
199.81216735997972,4.400337361538647,12.791691102811013,15.849718780625974,-0.07501847157287395,-0.1707611453469423,-0.06247918282561284,13.064474052190745,18.49792596256599,-0.35549902602559436,-1.3774602457903076,0.8335411364610832,-0.03896801941180188
200.0,4.408301727077834,12.7350849567557,15.748690514628095,-0.07326952389943582,-0.17272701486542855,-0.06864364857974103,12.831224457764803,18.626974337921034,-0.4613091928185753,-1.3677316780718212,0.7974501063735261,-0.04724344039544523
200.01213037830144,4.39938263156789,12.71224144518138,15.710416145448642,-0.07365363188534335,-0.17636590059364127,-0.07605188446631599,12.810466848121347,18.738644444739972,-0.46137653518392663,-1.3715051195243122,0.8477252701080515,-0.04697448496737962
200.2120958996982,4.383970286222022,12.681756788755832,15.673960747251062,-0.07423716811271275,-0.17540963081368488,-0.082442673202581,12.564325241625927,18.87076160124718,-0.4504163761682222,-1.3511801426838115,0.7954201054759429,-0.04469139218346046
200.4120637327752,4.380037350425096,12.650231085459803,15.619475439820347,-0.07275928412396754,-0.17444918030309653,-0.09407845376201485,12.243182490822273,18.985241541836334,-0.4232185893586049,-1.366082262948822,0.7431822975968272,-0.040121221739135675
200.812005572388,4.351395609324202,12.58110422675386,15.586303798429904,-0.0720693513680052,-0.17459761583841205,-0.09259086558426056,11.65624462959382,19.279932009939824,-0.44284889754842716,-1.3705934467546947,0.6787220632679907,-0.041260052162134554
201.0,4.284207621313255,12.608814728146449,15.523786374477002,-0.07639775830833294,-0.16967524294532474,-0.09581153297325193,11.343763269055351,19.4672822749067,-0.49899663274393397,-1.3699046905936294,0.6516293511171841,-0.04570930346237505
201.0119792020863,4.276274326566096,12.6012321569007,15.712104605443384,-0.0771026929450613,-0.17078402120562702,-0.08077918415831253,11.343161908702845,19.505400793568146,-0.3098827346889534,-1.3624757939006467,0.6643470973320925,-0.03059579585116582
201.21195439101373,4.263621762823924,12.56854782579143,15.686914330905767,-0.07675510840225222,-0.1704972855338409,-0.08349415881900123,11.061068995784026,19.624340559737593,-0.30800974280910354,-1.360482824099082,0.624385043639461,-0.029638062109914386
201.41193095739442,4.247729697270456,12.537480994277207,15.670683773968905,-0.07841924183604107,-0.16923093462496286,-0.08362609440195037,10.877216365710504,19.69176709992643,-0.3145056524002689,-1.3113175224945957,0.5583694792682665,-0.02955980748917743
201.60000000000002,4.232926279780772,12.505650319707632,15.665176387776823,-0.07842153441678729,-0.1692346192111758,-0.08271189027632099,10.631424369042682,19.793576111205265,-0.3106673911464557,-1.3026446194518049,0.5235745659922693,-0.029022600353860034
201.61190872308092,4.229820300401033,12.502206534225008,15.659433397051552,-0.07871444282404137,-0.1696922188787784,-0.08425102986299617,10.626186852640249,19.81864964743324,-0.30712470763163874,-1.2978647735678808,0.5299546755002239,-0.02860573724641701
201.81188751403357,4.2105367156668985,12.463874722417854,15.599944812086868,-0.08059217396647253,-0.17137319316045255,-0.09777043641789368,10.470634979980707,19.991629719201057,-0.2777106906178792,-1.243765397404465,0.5224535505625658,-0.023974031742291853
202.0,4.777013033248979,12.009819580067871,15.600712272037248,-0.03397072866014738,-0.20630666009833476,-0.08954351319318847,10.876215279819435,19.699005418884834,-0.3224707917586603,-1.157858869011802,0.4637813851432222,-0.02806595640581664
202.21184749872424,4.767144479561238,11.966148878373588,15.576692339541129,-0.035628191775068575,-0.20603869298120422,-0.09126678659675634,10.702889531616275,19.780741663426085,-0.32490429797233567,-1.1083330910326887,0.4165831747047636,-0.027480804397736657
202.41182836869788,4.75062564118537,11.915015592159268,15.540506607468561,-0.03808244666428302,-0.20819494423508883,-0.09722904441928065,10.58285720880912,19.93488058670728,-0.31924036191630195,-1.0472216860503,0.41327423562090987,-0.026147015140349315
202.81179109629804,4.7343174585360925,11.831127610127,15.509324614183525,-0.03826976455534941,-0.20840770913064466,-0.09493049703455088,10.178907463060675,20.097944510332635,-0.33550449887787903,-1.0091197630730535,0.34857524941987256,-0.02720594511772064
203.0,4.753122014429063,12.06655177632178,15.456607481547628,-0.03622545258522904,-0.18635441358634486,-0.09757787636556015,10.023584741509854,20.45336142117239,-0.37715476879607795,-0.9871025118459474,0.3480034606319384,-0.030788270756216284
203.0117726648427,4.750255563764468,12.06216052422836,15.624105996337763,-0.03647763035835743,-0.1867228418116681,-0.08131933435847451,10.017958184440248,20.466882040652347,-0.23233267551354875,-0.9830730206028495,0.350435601665314,-0.01987124155925307
203.21175418772594,4.737843911779559,12.019433332433307,15.627251057648731,-0.03718917386473403,-0.18765498632674846,-0.07533701202712792,9.844381760790906,20.56571779742827,-0.25155186055084094,-0.9550340881277329,0.33124315581369906,-0.022374087758853075
203.4117355365681,4.7353568964273505,11.987101085865675,15.59095467205267,-0.03643839486416228,-0.18663159833392826,-0.08197108479910792,9.629650313427957,20.588392433458196,-0.23966825566608072,-0.9471787434718625,0.27988164419666234,-0.020080573050103738
203.60000000000002,4.72847297775575,11.951729956864384,15.470081659061924,-0.03648250326887575,-0.1866582473793919,-0.09112868161269644,9.455074497763254,20.640756095134485,-0.34191130513760204,-0.9283702711402089,0.24912308002515957,-0.028016761700409162
203.61171658979535,4.725529045627768,11.940362963143203,15.460594358133749,-0.03349010976975883,-0.18908124433722023,-0.09374654177767519,9.280582610784876,20.747798700509573,-0.3369832215048912,-1.0048264727075307,0.29875915618854343,-0.028115354521112426
203.81169723278896,4.715331949128493,11.898984727282242,15.462058683747271,-0.033991958917735335,-0.18984142325111245,-0.08754944197502594,9.10145534896573,20.8422408072293,-0.3595664897372284,-0.9807712604463145,0.2830920548647834,-0.03062439890199654
204.0,4.701603951338319,11.574684892208653,15.312418074430841,-0.03454159731182056,-0.2128710464305875,-0.09641312580130429,8.904212283478362,20.579491214534645,-0.5092974677090523,-0.9684072034869409,0.21905638634222196,-0.042277607255568776
204.2116568651199,4.699340250966986,11.53795863996196,15.442277098912571,-0.03378051714528755,-0.21151420866028545,-0.08872918662457116,8.677801129209437,20.574899216927342,-0.3442478670793685,-0.9611388204288394,0.16367349426758004,-0.02822035225137766
204.4,4.692694105072301,11.497590369968224,15.3438171019079,-0.03382902072957793,-0.2115620651714072,-0.09581707227024282,8.499717396741444,20.60550465460495,-0.42569899075831474,-0.9455124436888345,0.13470853090834992,-0.03440850053706205
204.4116356610405,4.713454802369313,11.489795980930628,15.353045675947778,-0.028326703574099273,-0.21254569632349285,-0.09289663437109008,8.274026897969435,20.64841065947772,-0.4362181699499661,-1.0438460863380754,0.15545515675367463,-0.03620706729852585
204.60000000000002,4.7079340587195375,11.449485312625235,15.536541192717255,-0.02834771683468276,-0.21270960021033591,-0.07471351226676724,8.079853069501612,20.679191459030406,-0.2611805268879932,-1.0313747251060306,0.12851914209308132,-0.02256382248248987
204.61161366005442,4.707726545716964,11.456797415229468,15.548552865311775,-0.029117602059813976,-0.2110166892820582,-0.07052512478600499,8.105019764082114,20.618712826521136,-0.2732404372225487,-1.0126048167909119,0.09902977416659366,-0.023682887585406754
204.8,4.702307909252055,11.417150579283074,15.598629491583825,-0.029105480453014795,-0.2110283813456981,-0.06511818141561729,7.915129032570693,20.63385166268245,-0.2179678092664385,-1.0002185315688217,0.06868869961554355,-0.018882101152381064
205.0,4.937556537522368,11.592187267104377,15.636626104816367,-0.009674091059083557,-0.1938334364663037,-0.0618075111863632,7.973210587556116,20.883444122465338,-0.1653105714375454,-0.959233352457961,0.06498426952685211,-0.014239197004641404
205.01156696156025,4.939581131440844,11.595546576038773,15.623701283309716,-0.009346950300653653,-0.1929596431949946,-0.06652584236190483,7.9527778761013375,20.85805870080356,-0.15276369496025788,-0.9629281749297548,0.050406138501764404,-0.012324301679813167
205.21154212981403,4.936172640534565,11.552605316742566,15.62089228578894,-0.00960634759410321,-0.19368874990494625,-0.06250882484526005,7.770135476010735,20.88968820041214,-0.16579131850732598,-0.9453457920082107,0.030893330605828287,-0.01385447996635307
205.41151623274285,4.941272319610024,11.5067868221801,15.603516934646548,-0.007565122684518495,-0.1947527954689494,-0.06417994157726259,7.506071334572167,20.927973950477206,-0.16478700151149406,-0.9681487837328107,0.01669927603690023,-0.01349532873903613
205.61148922200587,4.940803312274682,11.47168628337819,15.574836482119414,-0.00733176725875638,-0.1939750280684786,-0.06986131477554376,7.303437685674854,20.893774604864,-0.15268066995147495,-0.9600416056633488,-0.028518113038549012,-0.011377270072735224
205.8114610567975,4.9406810505162255,11.438085364133233,15.569857354619051,-0.0072392218150017125,-0.19313827428862065,-0.06714347089292913,7.109016092297455,20.853811186716307,-0.16233778273702057,-0.9484887757243162,-0.07152764932353417,-0.012416231687415723
206.0,5.0882868849184755,11.349963102957402,15.514435365265044,0.004805070387311185,-0.19737139695107048,-0.0700995638902881,7.0852534895070125,20.783419870172867,-0.20968399753341227,-0.9210818274891321,-0.10548388977278153,-0.01592795135708895
206.0114317038512,5.084263325032471,11.363151242057668,15.527346411558545,0.0036281441741580337,-0.19538724857781703,-0.06599414777846607,7.108837225494758,20.734188599954567,-0.21990073558354814,-0.9016937558193288,-0.13001031623750975,-0.016924870833878822
206.4,5.085920289942615,11.287356190788,15.668564384051656,0.003649810229048908,-0.1954575630207585,-0.051657611936462275,6.763898601332809,20.671618953593274,-0.07062503936048473,-0.8741926743910668,-0.1901453503925456,-0.0051600435567537295
206.41136933936497,5.08708236754421,11.272476755879717,15.654810541369113,0.004829986684719839,-0.1972995528768799,-0.05579154554589481,6.70798759722439,20.726807602938745,-0.05998396303795364,-0.8974177597684849,-0.16603155647839898,-0.004067441035568787
206.60000000000002,5.0887427074554115,11.242858623975849,15.57376873783881,0.00510947676905307,-0.19583050754495923,-0.0706524379166423,6.525776224851831,20.627894224760183,-0.06230980577143201,-0.8912130514502926,-0.2226426313594898,-0.0021430305241846173
206.61133629896077,5.089057660488897,11.245304304933429,15.548456712110124,0.005306240138010885,-0.19475269199274062,-0.07968219188206971,6.505032222264269,20.574811823829588,-0.03750701765045547,-0.8951758492669022,-0.24736863595501143,0.0014180216626084397
206.81130201307192,5.092050067775578,11.213216571409738,15.543782320328146,0.004603182797786434,-0.19355274550516963,-0.0759600836002374,6.364507985815928,20.474836002007905,-0.04730626177109316,-0.8639250270847056,-0.298577985802268,0.0005028582730936795
207.0,5.259054749980798,10.724768342340088,15.3943456478607,0.018287016323200084,-0.22879307975816238,-0.09723201990060368,6.35478616720856,19.841410690053237,-0.09961395229466335,-0.841963654586053,-0.41792836141441064,-0.0006270331501473268
207.20000000000002,5.263034710534996,10.679084954770108,15.658446743390998,0.018322710095562834,-0.228897254946716,-0.07317751005946646,6.187757265108137,19.7527761273157,0.1667636241554245,-0.8287396369866522,-0.45126868261743347,0.020123843741117205
207.4,5.26672435391754,10.633307850083101,15.66565885737075,0.018325413597785865,-0.22890536332981715,-0.07131076532437343,6.023365915880085,19.65907320923871,0.1912206136799146,-0.8152358674582801,-0.4842036960713876,0.02180015597880037
207.41119176340874,5.274921237655652,10.673697304814318,15.705907125398397,0.020760165546464062,-0.22256115879259303,-0.0570608552171797,5.91141375960444,19.460192828906784,0.1516516312305759,-0.862017878740879,-0.573255066755881,0.017664950691458146
207.60000000000002,5.278798709611754,10.631776314589889,15.648910133478134,0.02075578746966334,-0.22252970346466958,-0.06101848352662119,5.749676569649132,19.3485955598769,0.11189342498232144,-0.850834951385377,-0.6074930120210664,0.014772450213004374
207.61115261386695,5.280563855936434,10.645969531792012,15.665253544479665,0.020431296726672862,-0.21982963978954223,-0.054854768602220425,5.75284935546246,19.24588318376992,0.09399561439705668,-0.8419075598329679,-0.6519391627401552,0.013060102229653987
207.8,5.2844350245194285,10.604397090636953,15.670820538158669,0.02043267709953974,-0.21984367675929783,-0.05348398688540426,5.594971796821419,19.11958015615139,0.11129720981684585,-0.830565370460734,-0.6873198618043005,0.014283621040368734
207.81111231529434,5.284550532263164,10.604772771617288,15.651616157603993,0.02047579027769894,-0.2191291414197144,-0.06064684944167877,5.582110212731725,19.072469713555964,0.1350047987591993,-0.8311139667662301,-0.7067562647539398,0.017411075590897593
208.0,4.986528232165172,10.729535070994558,15.613429303265605,-0.003931530088339068,-0.2056346923426219,-0.06240693085115141,5.114849134951387,19.11368878912788,0.10884147610707524,-0.8511520188414365,-0.7227376088360028,0.015335463352712284
208.41098497837245,4.984181745227811,10.62296248494979,15.444080141679905,-0.003968461949603747,-0.20886826063631095,-0.07897377102628327,4.776228386103195,18.90693935320924,0.012688415614846205,-0.8254837290818955,-0.7498435787902465,0.008578861054171764
208.8108953011103,4.983765201818705,10.55256298260316,15.459600758635924,-0.005330137280260332,-0.2065384479717614,-0.06319410077501521,4.517411069715048,18.502332672911656,-0.031295132659116716,-0.768185855524629,-0.8577435425115693,0.0035909172609653486
209.0,4.820320506983426,10.24474530668501,15.431497500116935,-0.018492599492273085,-0.22817702735525186,-0.06095396921188855,4.205866023736112,18.073005970209014,-0.07353878738121906,-0.7723145068683683,-0.913483864780755,-9.319211529455794e-05
209.0108492395017,4.824946245026212,10.269092250306539,15.4482140155281,-0.01701574935362113,-0.22450726753540834,-0.05488912827693069,4.145581372705717,17.97161721485999,-0.08685736529581445,-0.7981412309171066,-0.959887461182327,-0.0014426993300435031
209.4107550971478,4.8169856167439775,10.191194462679247,15.365382978983817,-0.01897414285764361,-0.223678239319328,-0.07283798542253825,3.9176951031355536,17.537657450622994,-0.03524447466236788,-0.7290862000698626,-1.0460913301166548,0.0056763017797970905
209.6107072084318,4.814512540682654,10.128506864009532,15.40535530502671,-0.018427859867944284,-0.22626994980572226,-0.05653985321933355,3.752363259784015,17.435441709770128,-0.08266605819324542,-0.7266164571181748,-1.0341887960631724,-0.000679606196511053
209.8106589143532,4.811039207488026,10.081450149935378,15.408056509597698,-0.018368532227195058,-0.22660968970748435,-0.0520860391331177,3.606022196213788,17.24434294999547,-0.09490592009576954,-0.7142879091060974,-1.0596063394635962,-0.0023328520460389936
210.0,4.841189926702355,9.667145347818874,15.343420799447776,-0.015685592942454894,-0.2563438953660819,-0.055589568328283157,3.5080114855000524,16.64575423367151,-0.15304109795225354,-0.6974520164983609,-1.1337309577438337,-0.006492146481418763
210.01061032824023,4.84075568524253,9.666243518752609,15.293912503128519,-0.015727780610574303,-0.2561016628110726,-0.06097324185998832,3.5014999882728195,16.627366781578527,-0.1896747938138795,-0.696138034210878,-1.138595332547603,-0.009023035037707903
210.21056157013808,4.836309933879615,9.626935381140216,15.293568897727816,-0.013799784235287223,-0.2535115813809186,-0.05705531070188428,3.279382631900933,16.31753962691791,-0.19734725508164594,-0.728173387296077,-1.2110194981328521,-0.009527105489377363
210.4,4.833760978687698,9.578352791428228,15.39329996702873,-0.013789928471277843,-0.25359454044340685,-0.0477984558532147,3.1424615363530135,16.08416082619732,-0.09458479949616765,-0.7176698481307977,-1.2438294458858792,-0.0015960187367077983
210.41051276666178,4.833817990539874,9.574641162584005,15.398049105755847,-0.013746099122458841,-0.2537598089052015,-0.04596079132806856,3.133502825254528,16.078325860784616,-0.09982674004738407,-0.7178511330226275,-1.2422397154699172,-0.002336916944091352
210.60000000000002,4.831261723193891,9.526082874568738,15.492355330177492,-0.01373974286334599,-0.2538272269385147,-0.03736125917814344,2.998608498858688,15.838535370858173,-0.0025755538192423627,-0.7070432979992775,-1.274543664551931,0.005112107551971513
210.61046405082465,4.831471297743802,9.521816367637138,15.50168910203224,-0.013650832306870765,-0.254126535627299,-0.03377917212407859,2.987995669563374,15.840629937177694,-0.013218050043681524,-0.7081628660605161,-1.2692186552727143,0.0037296664936016565
210.81041556183925,4.828276565119888,9.472853466706812,15.479294349199607,-0.013798108799671392,-0.2536899203740202,-0.039555884689947494,2.8535231863635353,15.556916723044898,0.004208230130552611,-0.6936320334048633,-1.3141454753594206,0.00570018772897473
211.0,4.995278198376563,9.517158388026138,15.362927255295535,-0.00012189439231278035,-0.24629225304484634,-0.04718793064273093,2.9000712448665253,15.402892023471187,-0.10840235888458245,-0.6638349010920299,-1.3343686215089312,-0.003064749468023293
211.20000000000002,4.99526590894882,9.467906504107976,15.311286790755883,-0.00012034235680532099,-0.24628535418619432,-0.050569072787674155,2.7683975032561827,15.133751457122818,-0.1490708325362119,-0.6515136386149276,-1.366205704579929,-0.006053815542899079
211.21031985086313,4.9983393792443325,9.465478323125863,15.309711757797302,0.0012690716969954796,-0.24584731955467717,-0.05105961301320027,2.710161612168532,15.10612302557238,-0.146621857095106,-0.6783066754343031,-1.3751812233605514,-0.005809218517727619
211.41027293606194,4.999754792420988,9.407386627634306,15.291647014145815,-0.0008197292775505162,-0.24836725759340642,-0.05344233906185923,2.6761856276650446,14.917421833736183,-0.14400115730345572,-0.6155612008112984,-1.3640087541000812,-0.005673162929181791
211.60000000000002,5.000255896747619,9.358618479240132,15.283074621418063,-0.0006640540167162661,-0.24862877113029913,-0.04983333680848877,2.554480647587809,14.670907342793509,-0.16876360471017038,-0.6061790022936219,-1.3855879034922618,-0.008020050212501652
211.61022686185336,4.994392921802213,9.367637813222258,15.29601472288565,-0.0010873750738561046,-0.24625294715712928,-0.045119412611120895,2.5493992223047486,14.560157326311426,-0.18126796698875616,-0.6051757193485737,-1.4306664108795941,-0.008996571410269844
211.8101817942933,4.996854851401957,9.316109948093647,15.282861053410798,-0.0009362612074594716,-0.24701964894029177,-0.04652951712963586,2.430377784695992,14.308386733349614,-0.17968248064414802,-0.5918055411624339,-1.4443110286627547,-0.008648509292175524
212.0,5.183738157222333,9.339470955268489,15.164850286654618,0.014234507166095043,-0.24128657096329903,-0.05513127027243131,2.5107949291489726,14.098210839237701,-0.2884519410088034,-0.561499672299,-1.4669949950766217,-0.017012787423102763
212.20000000000002,5.186572841751826,9.291273046926039,15.142522593725777,0.014232928951549503,-0.2412764251691324,-0.05615179063832061,2.3998065863778515,13.801994611247117,-0.30242549245366745,-0.5483522387292037,-1.4957412043997769,-0.017773585567292555
212.21009536416796,5.187577231813511,9.287450324945919,15.151143167293355,0.014396755566842981,-0.2414988404292844,-0.05239795089216846,2.3893899032768564,13.797104773210867,-0.3138237906530047,-0.5502697953116695,-1.4921559260457822,-0.019319633137232898
212.41005435306317,5.196283849526727,9.248212612445391,15.1459540334218,0.012481470367338009,-0.24225357163898095,-0.0500756321409008,2.373432183401412,13.536826407295942,-0.32639618206828935,-0.4861641261965036,-1.4953854068984964,-0.020399963197113152
212.8099776383455,5.195871993629111,9.141814570810642,15.104164844339543,0.01367934179146922,-0.24248907798422137,-0.05792251769424981,2.1160739866115374,12.924299631443272,-0.3111586878241329,-0.49110308134400255,-1.5529246857255565,-0.017884074410108326
213.0,5.2421433575035845,9.231426633006318,15.080062700511663,0.01727333683637778,-0.23156040953890156,-0.05880722664234254,2.0661477535567734,12.767626953259546,-0.3289180981081251,-0.4749816634864889,-1.562599484013434,-0.019170277196531527
213.00994230028584,5.245877579434855,9.226196088713564,15.076704155577207,0.017219592706713405,-0.23261025111862965,-0.05920429523209061,2.0704439983148606,12.786237607449936,-0.3314494319614311,-0.46827183499762237,-1.5453018760896937,-0.01952579407585176
213.20000000000002,5.246130054103085,9.185793032373955,15.123490247722152,0.016631637644780484,-0.23220535283522564,-0.06373140278969262,2.0016196898558407,12.46674059571303,-0.21212604988022166,-0.4451719023313095,-1.5784836548415482,-0.008192065768390194
213.20990922033982,5.2526879358852945,9.175499669066072,15.1173248999264,0.017753437448832874,-0.23359837883532958,-0.06591646251137237,1.9679341915255777,12.49822423054514,-0.20718201845128734,-0.45951989137550714,-1.5572441238816686,-0.007809142267840417
213.4098785824489,5.255897565480217,9.12917014104125,15.092070366247173,0.01754016727136045,-0.2334871794275316,-0.0712655362027935,1.885814888614379,12.175621539139946,-0.19542388776102648,-0.4410542376843437,-1.583516160932864,-0.006212903784066301
213.60985056956935,5.251830866667362,9.072568335452226,15.074730718837898,0.01801337418183783,-0.23276715740190668,-0.0724999265581986,1.7603535419081173,11.805590964055472,-0.1914687503053887,-0.4481373109520469,-1.6336820856070642,-0.005341783387331438
213.80982536279606,5.255204712135352,9.026626596012349,15.045935605967106,0.017822774496759754,-0.23268791644418893,-0.07784286323604588,1.681700728114538,11.468199893227117,-0.17823883746460237,-0.43037353750563445,-1.6594081161827792,-0.002987011253271758
214.0,5.560574709838467,9.039986260870844,14.987881906572714,0.04226080704908534,-0.22798270638161228,-0.0808311558039045,1.9130790329588945,11.203788996087507,-0.2241924560233998,-0.38635289897862696,-1.6763051529132647,-0.00705153863815125
214.20978407712678,5.579344874697668,8.981556297235443,15.0081989319698,0.044369493934440556,-0.2296319124752725,-0.08018043636944144,1.7728730672806523,10.902428495556785,-0.17636064251182582,-0.4029102494666451,-1.6739884645205405,-0.0034860927416986683
214.80974751109167,5.609422699241095,8.838789637020072,15.027137158229406,0.0453848652974321,-0.22992295413125047,-0.05856237384521242,1.4940829549972907,9.905452818668705,-0.2362602425306147,-0.3871567093301167,-1.720456055472004,-0.010963089751954423
215.0,5.191794176251121,9.11421111435676,15.041305920934127,0.011266499651065374,-0.20433015339638944,-0.0572123034248255,0.9590095562802692,9.92015688195167,-0.21071526460141557,-0.4292433004013089,-1.6983409454585796,-0.00905319809814161
215.00974272136997,5.179453719610477,9.119865455991203,14.931260485589886,0.009568992251580073,-0.20198339667390414,-0.06573951929455264,0.9908193060119546,9.831484139662866,-0.31680316973604433,-0.4112741985864611,-1.7374041712200825,-0.016848763454928087
215.20974187373784,5.1664253608495105,9.088096561787825,14.925752911869022,0.00675132725436392,-0.2002467753900013,-0.06299453823838867,0.9903812590608055,9.424675332002833,-0.32507852735027015,-0.36037461404603377,-1.781288508335564,-0.01735735440605279
215.4,5.167253017613319,9.050579727203466,14.871826269926997,0.006668536130809143,-0.2002149825648311,-0.06765923928415289,0.9258385903115663,9.084262468233096,-0.3597265294485263,-0.34653904701857235,-1.797389662618864,-0.019483712929916474
215.4097451000545,5.17870276623937,9.044348313837236,14.863975037102033,0.00938238541685665,-0.20154158203823622,-0.07034935577061328,0.8321351858634044,9.118076407340222,-0.3545908305785591,-0.3893997612916652,-1.7742752421964298,-0.01916899957518042
215.60975252179335,5.17911599252762,9.00346750301791,14.83366519370715,0.008954048034012967,-0.20139288054751361,-0.07574115996907925,0.7724977249934717,8.750446042651983,-0.343319832350856,-0.3707418616216839,-1.7952526055894176,-0.017256920035251373
215.80976424922463,5.182902538994475,8.953380566839172,14.813740677819155,0.009043087449588405,-0.20103506752667064,-0.07747171932848916,0.6943663105878773,8.353384536474746,-0.3414740058932149,-0.3612474063648872,-1.8305815567275305,-0.01666083725136289
216.0,5.259898399950132,9.108965356957473,14.874549048566472,0.015436427749682288,-0.18510751663796546,-0.06464436627615738,0.6834657987601696,8.198256437961817,-0.32228677369814135,-0.35225323582210116,-1.829127629109221,-0.016226858071996916
216.0097803806697,5.254880260646945,9.109595836716165,14.742727762181941,0.014628668760413405,-0.1851966459429532,-0.08487053400768549,0.7029606870175799,8.184616798049074,-0.38207959106581996,-0.3403890382169865,-1.8268279065365989,-0.01899539400438903
216.20980100183834,5.260105493618207,9.07403499617399,14.724210814473706,0.015394244516186095,-0.18545823731120492,-0.08546635637713748,0.611829796085602,7.828994575015845,-0.3848689426587175,-0.3411371387288691,-1.8346859978380863,-0.018955181966520785
216.4,5.2636689476601335,9.03898650698879,14.622150614810884,0.015506594008842575,-0.18532804113987753,-0.09090394186760192,0.5430301245328492,7.47815008110491,-0.4831123965591145,-0.3330893073058243,-1.847944239551124,-0.026899796541855262
216.40982618525902,5.259659294518256,9.040985905610997,14.626069317190048,0.014773033684976882,-0.18554335212294965,-0.0890226341761101,0.5649879429069772,7.475616685017571,-0.48849134147027906,-0.3209973327529498,-1.8389647054947604,-0.0276566392104616
216.8,5.2662648226829,8.968220862200512,14.586100778531323,0.01490942234608632,-0.18547533682858372,-0.08750749926170931,0.4377801380761846,6.7513623980298165,-0.5198611487773751,-0.3018432269437049,-1.862761740335211,-0.030253363631843055
216.80989046036794,5.266893640036879,8.965966736084495,14.591046187697218,0.015023877582200466,-0.18542758356037142,-0.0853284195094641,0.42929679235348656,6.730804298068964,-0.5261987688553531,-0.3036988679174744,-1.8644920848182414,-0.03111947354280384
217.0,5.39588214048768,9.064431387272073,14.711342814280595,0.02523555914446672,-0.17472938110375819,-0.07594085124990897,0.5063607357400546,6.512730660033351,-0.38854550851078373,-0.27922906630670236,-1.8613810358896972,-0.0203158146915646
217.00992962754782,5.401749026744392,9.057487484884449,14.704876263788334,0.025009639930271502,-0.17339128249632685,-0.07815393943091963,0.5140460006981652,6.443037417368875,-0.3820990467353115,-0.27099241405149316,-1.8931724507228174,-0.019131764842545584
217.20000000000002,5.4061870538260965,9.025219718641477,14.57665425184116,0.02497655776340644,-0.1732939415235944,-0.08777348944992268,0.463712940237292,6.083088143316277,-0.49273474285274876,-0.2597706015902447,-1.9036723012971124,-0.027302184776501842
217.20997350758958,5.398061944899681,9.022507275791723,14.58305484938097,0.02303225799217814,-0.1734560133334233,-0.08484977103378877,0.5223630631815791,6.072017222001579,-0.5004289946878901,-0.2291744490109366,-1.8999124453579537,-0.028326542199970873
217.4,5.398158142028599,8.990187184670512,14.529173217504384,0.022465395967144395,-0.1737921122309233,-0.0945170232749133,0.49936389873098175,5.722695686706161,-0.4945583627715198,-0.20820817580084683,-1.9030930631332454,-0.02611182089859093
217.41002210233842,5.396306800809342,8.988819161068017,14.516231844127375,0.02215668889585234,-0.17398796489647866,-0.09916140844589436,0.5083120360116792,5.710826711807058,-0.4816079112719739,-0.20268015388552996,-1.899769712241665,-0.02436177352308589
217.810133372103,5.402840076940596,8.920869777257348,14.47928002849173,0.021958285791188265,-0.1742444187975572,-0.09807180656747366,0.4395417308822907,4.9633192377405075,-0.494369819369281,-0.17247549872351753,-1.9087796193495075,-0.024608756437828085
218.0,5.357949782675081,8.757576012357344,14.51501073285395,0.018152094821135074,-0.18450918099221683,-0.09004139296063264,0.33823581011868364,4.454099872347147,-0.4724188034211859,-0.17095241208231102,-1.9343110628762747,-0.023066215184473254
218.01019598032036,5.350112149552224,8.753119458116565,14.606030378103478,0.01721208518769351,-0.18549146871877858,-0.08000008854709538,0.3604205292419085,4.463267617409878,-0.40031248021230786,-0.15957420392337393,-1.9184470584749675,-0.0180335720891511
218.41033487583456,5.3374513530825585,8.674564274179938,14.548606191039056,0.015079013289093807,-0.18781930960635293,-0.08764853793635045,0.3675314828099286,3.78178089717422,-0.38469730814117364,-0.10496009883209162,-1.8841334579934768,-0.01566771715430551
218.8,5.34294984282802,8.60277967433603,14.296706557901823,0.015039890561301441,-0.1876094821027882,-0.1060125065261013,0.33158393499559413,3.048109988715883,-0.597767046191811,-0.07541215830497541,-1.8866553596969469,-0.03131546684932521
218.81049150644378,5.341300760992618,8.600395192580901,14.284415089297985,0.014750210152881015,-0.1879139924028323,-0.11022026321830578,0.3436781241913343,3.041618352010443,-0.586840019641518,-0.06931538141788263,-1.8805721927276469,-0.029770917993071848
219.0,5.463779279735893,8.476976091517821,14.181526100682335,0.024378979621041613,-0.19496506414665563,-0.11579511729964902,0.4560288000949727,2.5956912804220065,-0.6791599761257894,-0.04208504120298499,-1.888734609926657,-0.03674666736958599
219.0105762400491,5.469063923885864,8.476637445070828,14.352200630219075,0.025400420238381242,-0.19481585393692613,-0.10252907920981534,0.42772629503300474,2.56547745006306,-0.5083246175356138,-0.055289945077181955,-1.8931606484564245,-0.023427227615616223
219.21066510738373,5.477898919192279,8.440563003481905,14.327849428463526,0.024370799929938822,-0.1934210342890506,-0.10405339734310423,0.461535537453578,2.145788944288467,-0.5085056726898929,-0.01707089670348045,-1.9150218086173711,-0.022559009563407208
219.41075798766337,5.490097023929851,8.407293211512059,14.296503496527755,0.0254464432636399,-0.19224827802986116,-0.10806652982031427,0.4248507607053568,1.7210200464171845,-0.5025741208776544,-0.016000685905458983,-1.9341162669084175,-0.021003658502104748
219.61085475150753,5.493373016838583,8.369674366427803,14.229239883004384,0.026378922981193518,-0.192332969702421,-0.12402963120435449,0.3799310108145598,1.330178445391671,-0.4650271922909114,-0.021460852299738507,-1.935063005953585,-0.015719654327916773
219.8,5.498519610933353,8.333086911998352,14.249208945279221,0.02639736787143563,-0.1923598254892414,-0.12030703048911787,0.3769035118323888,0.9635575968358004,-0.4271921633540553,-0.007969696241491943,-1.9339963197663457,-0.012458697577707442
220.0,5.719540919123851,8.377096360709787,14.243171804677903,0.04380499156394653,-0.1857386189438162,-0.11933925726949228,0.6027180214051975,0.6672447423410133,-0.40847255915291075,0.029498145312672946,-1.9215282170875045,-0.010733691907774595
220.01105937419922,5.717891456681549,8.365175569166276,14.359648145641348,0.046803886925381705,-0.18848962549744325,-0.10708558393027659,0.4961325386777462,0.7031950573025607,-0.31328253094933567,-0.028140842542547936,-1.8874190872213399,-0.004190789863936717
220.20000000000002,5.727120394790629,8.329487718527629,14.407179448234134,0.04684523000942696,-0.1885043640346273,-0.10115695534288495,0.4912650397198072,0.34556072409823263,-0.25136254775609435,-0.017478860654217016,-1.883534175871379,0.0006526412039076076
220.21116693851155,5.729077415238518,8.329141653322509,14.406147386498692,0.04509093447467049,-0.1875736591499691,-0.10104444504130475,0.5614110369546466,0.3049916541474959,-0.2510411122294688,0.019693112789032217,-1.8953673624477057,0.0009817648285656002
220.60000000000002,5.746328815077964,8.256215991475024,14.324736814618449,0.04506139796410031,-0.1875705210774931,-0.1047872536972013,0.5747484325931693,-0.4287833271345357,-0.28905847566272935,0.046182492330739344,-1.8844958319908984,-0.0015308422355674765
220.8,5.75604758377749,8.218696021542394,14.405724420573678,0.045134277683528366,-0.18757606904101662,-0.09564427851325795,0.5837921830472879,-0.8082858739944911,-0.19694675465052375,0.058877249660205994,-1.8789394198266107,0.0056859265488386455
220.81150876194818,5.760907648151906,8.217631303210128,14.402120125997019,0.044570687315692144,-0.1869927810955431,-0.09661139781367453,0.6221962372062937,-0.8481339295178861,-0.1935679748573751,0.07788094088831406,-1.8880734338297522,0.006269324213119974
221.0,5.749582277012132,8.11150061291154,14.421428467020634,0.04300164452737164,-0.1927352972096623,-0.09408938317446693,0.6167941212268324,-1.2778279354418522,-0.1522053659758217,0.08888033644792506,-1.8890764110874727,0.009396271463647791
221.0116285325047,5.7507230975979535,8.110165958357827,14.42215955278678,0.043068556839893246,-0.19261773017206948,-0.09348232323858677,0.6161520957127107,-1.3025256803076881,-0.1540619760603329,0.08897800111845706,-1.8899281530581493,0.009126396141676178
221.21175093617973,5.780237912512377,8.101904894968726,14.467305063796339,0.04532040749724141,-0.1885895731404781,-0.07287808676575079,0.5717525625946955,-1.7844887229237296,-0.2185323113556425,0.0761102800695251,-1.9296603632096887,0.0007585126303080985
221.4,5.788814080373715,8.066380539739267,14.46346623752663,0.04532385656961028,-0.18859550291849886,-0.07201001909582276,0.5872397193746646,-2.1472448015751695,-0.2093235630575379,0.08798677177177479,-1.9236738128156359,0.0013461993246532008
221.6120029520611,5.793194732745807,8.018341711382625,14.430493668914659,0.0446993813202982,-0.18977081357549602,-0.07772018330180167,0.6299198832601548,-2.51617156740051,-0.18995909329801602,0.11066987805500648,-1.8995508309151996,0.0036999699462340486
221.8,5.801884683837346,7.982209858249653,14.508631660712489,0.04471488656539379,-0.18985912847956443,-0.06953578421022584,0.6527221128941338,-2.871987715378586,-0.10406741019775352,0.12301147126529784,-1.89067782966813,0.010412663042352308
222.0,5.717351510123406,7.567646773596426,14.561558454114497,0.0373093123784722,-0.22010077128598782,-0.06579377229599509,0.5707283082248528,-3.662458215100135,-0.02414123144487361,0.122306840260501,-1.9284025773624298,0.016662879501818453
222.41253092944513,5.729678770100192,7.471246474831428,14.527491804632607,0.0369525681720861,-0.2208345594224508,-0.06793311696726423,0.6377987206942568,-4.432677459583526,-0.01033949732648546,0.15216418203154747,-1.898143339829221,0.018335243527099917
222.60000000000002,5.736585474184578,7.429556287319502,14.541155719002987,0.03694640624110589,-0.2208765265889981,-0.06553511641980443,0.6679201846268082,-4.786820859309813,0.016713144952022016,0.16363269301799274,-1.8871205803515387,0.02035785091832737
222.8128040966043,5.750268096444457,7.394179882004786,14.54066988012662,0.03768491501413227,-0.21922178857520225,-0.06120081493541416,0.6743352267688228,-5.246045942157893,0.007193409955382309,0.1650511825883462,-1.897862490667927,0.01887050296486959
223.0,5.7085993620307764,7.602283460926603,14.611430411935613,0.033916743630763246,-0.1992848276513568,-0.055128608950644836,0.644794822346068,-5.322445265998084,0.09489080528391927,0.16626627774911898,-1.8539820780768699,0.025541601317162585
223.0129423694204,5.728857653602852,7.6417772223549605,14.561512597589772,0.0360913657050191,-0.19430640883880557,-0.05384310101279426,0.591910439315934,-5.458828686137329,0.005905644610925274,0.14363013772723643,-1.9045036336806336,0.017373767376080044
223.20000000000002,5.735728999210487,7.605777972831432,14.537621903071694,0.0361044732266504,-0.1942664011818369,-0.05512416303531366,0.6192602181329475,-5.814740062633241,-0.0028781613550436774,0.15350757458241307,-1.8934457247247296,0.016494802215951652
223.41322144486352,5.682755901732777,7.543997118530903,14.597000037425564,0.02759401246750072,-0.19660130495172692,-0.03433089416650845,0.9263386587761557,-6.1310948761380715,-0.07316413995864102,0.27760485777578703,-1.8475323992014239,0.008652641141746244
223.60000000000002,5.6874323534032944,7.504969408122131,14.741693033961264,0.027561594462940823,-0.19684668431852856,-0.02068345371925847,0.9816971617311249,-6.471375845823232,0.0632298762181487,0.2918863270759354,-1.832729085619926,0.019518318205803437
223.8,5.692996701106899,7.46584567118565,14.7219478452733,0.02756503542077971,-0.19682118555545672,-0.022105130146512456,1.0412797669334224,-6.836797708511891,0.05336037626137455,0.30641086855587196,-1.8176066951020595,0.018746582013917767
224.0,5.732717374121424,7.265252045842321,14.638177367359553,0.030289371375455423,-0.20970957247131355,-0.027171926519959373,1.1434903207397336,-7.3791963462930905,-0.031627264288638886,0.32569001867571035,-1.8231051574403287,0.011688650738354506
224.01364389691997,5.749578059928561,7.316324701770475,14.665775076922072,0.032124940611133926,-0.20347151927188886,-0.016946331944541683,1.0998218197103884,-7.545262647827716,-0.06191162920016548,0.30626202223806126,-1.8857086696968517,0.00757695207665221
224.2137850915004,5.812020471104413,7.254069083271178,14.655726778031525,0.039085709427137384,-0.20568546146734573,-0.018599965954507264,0.9702120095630542,-7.885708585627032,-0.0542395558415357,0.23915653160298414,-1.8544039691575225,0.007834749374274419
224.60000000000002,5.827515486466039,7.176394941204685,14.537959154493638,0.03909961874577943,-0.20552947029791804,-0.028703311486108676,1.065676001527889,-8.597943445504308,-0.14850781624693177,0.2598459669818849,-1.8256547510188945,0.0007639559285928183
224.6140671078588,5.826506993394054,7.143686088485077,14.572964602473045,0.039095682641798316,-0.2087572926977118,-0.01882423900397527,1.064947622464893,-8.533911100671716,-0.18824183015490042,0.25793528569201046,-1.788992309177676,-0.0035249740912944435
225.0,5.5044542743956795,7.195302349741882,14.724223709142453,0.012049756335134307,-0.19817670651634667,-0.008563638938361434,0.8011822562241078,-9.074044215024061,-0.009618804520589358,0.23732195403776754,-1.7385327666233112,0.01128232281621502
225.0143476215629,5.4941385888897765,7.2418044369881205,14.684122708001926,0.010582634701198744,-0.19315607497773002,-0.01922524098421411,0.8439643858372622,-9.197941737647563,0.0300729199190854,0.2562841296232975,-1.7803428594276058,0.015779239316070004
225.20000000000002,5.490594412198606,7.182345014364232,14.752001883696488,0.009950780860144557,-0.1957894819472755,-0.017013657268935136,0.9123689738418964,-9.463612970412512,0.13438902655324314,0.2733078087418542,-1.7372615374660247,0.024797469443111217
225.21448694886067,5.48949778566787,7.180452595568731,14.751336447713786,0.009787806286868062,-0.19569494301702164,-0.017135246985762267,0.9209008689560727,-9.490514443914794,0.1352102212508995,0.27595201702985644,-1.7366987932169466,0.02491383327155725
225.60000000000002,5.485785898738862,7.069997131407101,14.689689425889206,0.008831745161204652,-0.1997320541510027,-0.029340682928469378,1.06858091472514,-10.030389456335952,0.1659390746611273,0.310598224961301,-1.6513495994009013,0.029107937068387508
225.61476303876668,5.4639248678575765,7.077844808886051,14.691711783607147,0.005305726239829828,-0.19866492229436228,-0.028732231666451512,1.200862413350966,-10.07300193617385,0.16398224348054716,0.3644640454062881,-1.659029814216335,0.029147899877925487
225.81489952844254,5.479774244264731,7.031294498687166,14.681483090061684,0.008138772889920171,-0.19929983449804356,-0.029938557180615017,1.1568327160525491,-10.394475661046824,0.17437878924795802,0.32933850582239066,-1.6318937459288125,0.029567026366072852
226.0,5.9187026895196775,6.840054447013986,14.709440052538907,0.043335695006665134,-0.21166988156114303,-0.02703083035842309,1.6787059382549185,-10.868715568371602,0.21145787019924622,0.388501534403185,-1.6315858494204045,0.032473032899844045
226.01503480454952,5.906575785110333,6.810685433124501,14.719788756441194,0.041681115059193335,-0.21458293214138144,-0.01759207999435796,1.7245789568228502,-10.829163438550259,0.1391791692679833,0.4068977482236619,-1.6024500892881948,0.025398628746421632
226.2151687385109,5.918122408467442,6.772885010548194,14.680525770537617,0.04210280966378613,-0.21403286935193533,-0.028135364510888026,1.7979205506810974,-11.158461441972696,0.18134975586003982,0.415305279519486,-1.5832435341220927,0.029835486619667284
226.41530120493857,5.929349121670886,6.746263846043346,14.64341524529034,0.04246542415617577,-0.21199002988269858,-0.037467527127897665,1.8722249173396182,-11.528192427423464,0.2190782556110227,0.42371794799151424,-1.5825353139697793,0.033817810509452303
226.61543208164508,5.933472590952006,6.705570599132787,14.639956086835372,0.04125224732067526,-0.21187815834246052,-0.03625973804418803,2.009173521220026,-11.840883067022583,0.22209988266311484,0.45807154996302774,-1.5590505806345443,0.03393866010758439
226.8,5.941133145172134,6.669852621180487,14.511627910648388,0.04128872232485424,-0.2113620145615488,-0.0458464194176808,2.089963471571777,-12.14439669716913,0.1057259019513272,0.4679650264191758,-1.5444578452416386,0.02469837439853076
226.81556124965178,5.938477437461313,6.660209774579819,14.538737535571356,0.039997535403508186,-0.21254136168932392,-0.0370922117786983,2.1587673927615554,-12.121357631340944,0.07698509317242941,0.4948879817001968,-1.5242408397482892,0.02150959851844927
227.0,6.287009678657121,6.282030414709033,14.413643973004518,0.06739179777072299,-0.2396741959257932,-0.04527371925019521,2.6086533017713487,-12.764651765888685,-0.047957599484278454,0.5450777581329465,-1.5418050389926374,0.011063984637527967
227.01568859319534,6.288175895793457,6.279129816015251,14.413842804033273,0.06741265976803984,-0.23955124605322925,-0.04499882522193127,2.6164489129369217,-12.791986101140935,-0.048654161588703684,0.545756897735914,-1.5413588054109746,0.010938542528058487
227.20000000000002,6.300624541788184,6.234894332558419,14.425864443675655,0.06741826521356259,-0.2395597791971969,-0.04321050719817632,2.71823579004081,-13.073960423441966,-0.02785233691656363,0.5584395290053134,-1.518172586462291,0.012276094699710347
227.2158139997316,6.308389355944685,6.235042190361078,14.409362786266868,0.06894314373107893,-0.23885346095839918,-0.0483072713896511,2.6756350920391787,-13.12067625665746,-0.01163918773174645,0.5355561045310575,-1.5252921774550958,0.014092923376450394
227.4,6.320246837117119,6.183224209047456,14.370519753294277,0.06874711430019986,-0.24006064990027176,-0.0529792499006051,2.784280158273596,-13.3606298219206,-0.01790641016615328,0.5507240819249638,-1.4852982092631695,0.014160525930966464
227.41593735993845,6.322272915457344,6.178707278095756,14.369452245941831,0.06904392214520258,-0.2401268244113016,-0.053059331963118066,2.7811749622573756,-13.383457212543941,-0.017486840226383627,0.5462751685477033,-1.4825898782695734,0.014177486614946002
227.60000000000002,6.334687306741682,6.132972627024441,14.248415916395896,0.068962638215499,-0.24043125747010954,-0.06346017839943748,2.885315404417064,-13.6414405551111,-0.11261137447979834,0.5587072497072372,-1.4526385086060127,0.007052368772605873
227.81617752019508,6.350421252260632,6.07808960417871,14.233427456803808,0.07013588890446594,-0.24070097874227134,-0.06391928997903515,2.9440368233887395,-13.94844481036284,-0.10999755440716807,0.544073463013288,-1.4200611668462275,0.007157918161400487
228.0,6.390752745489018,5.96982936398333,14.232176350439408,0.07226003485410962,-0.24626620633042398,-0.064641946920707,3.0802949792859597,-14.243625874833869,-0.08481113285991701,0.5599247488369605,-1.3889970411470423,0.009892626305602021
228.20000000000002,6.405257830316012,5.920325080921675,14.264031347849473,0.07227073392857487,-0.24629415458742848,-0.060581062850547096,3.1935782746381736,-14.518150606038676,-0.04166300360992863,0.5710290704034641,-1.3599655110073792,0.013465084733218833
228.2164082638809,6.406424098829314,5.916007072670821,14.262772813391175,0.07226396467535351,-0.24634704433522392,-0.060678114172079356,3.2032681359856365,-14.53878404044278,-0.04110702439359146,0.5720562744040517,-1.3567912467663534,0.013512349105417872
228.41651986547396,6.421163893076765,5.874727040014402,14.259643205045375,0.07247347505731977,-0.24453841497468948,-0.057339472509808205,3.3072103433840008,-14.872421307384185,-0.04946738498143051,0.5780014161336958,-1.3560885951932198,0.011815805840359683
228.6166288325381,6.435361121001656,5.826767340996442,14.245735533787116,0.07237646906936111,-0.24438566674814743,-0.05814432474159092,3.4284444576211754,-15.145588342248573,-0.044478757209214674,0.59056933810399,-1.328982860788476,0.012095884369603124
228.8,6.448655280368953,5.781858338967888,14.250527008733398,0.07238024093938085,-0.2443966449573837,-0.056746135028266934,3.5376994476063723,-15.38652345923144,-0.028106975180705658,0.6000783244574468,-1.3016897880496399,0.013387685476270951
228.81673507834043,6.450093167291378,5.772621908846787,14.26741077916533,0.0725053884519846,-0.2453711534453652,-0.05073334803459688,3.5399798610535114,-15.37239760952845,-0.048201338880730395,0.5975835469176352,-1.2842054850115883,0.011065781834583222
229.0,6.4597941578679565,5.757583660390101,14.23379733851361,0.07220049831128325,-0.2430291774586679,-0.05244948237372249,3.6468571619949013,-15.56942119454166,-0.07237155965419305,0.6068739521012901,-1.2511697515123623,0.008963571341667276
229.01683851938276,6.460848805715026,5.750786585778252,14.230843695632894,0.07215250509268263,-0.24351533323119665,-0.05322988172235354,3.659085701275176,-15.576802739467674,-0.06988268252832279,0.6085950088050454,-1.2420439870745588,0.00932097789640896
229.20000000000002,6.47408472751082,5.705901587012041,14.250183925178764,0.07215750786485942,-0.24354577383408754,-0.05057617163666928,3.771573214124948,-15.800988286863815,-0.04172441217412054,0.6178933890343926,-1.2127847252910657,0.01144289568789568
229.2169390754059,6.456979302004816,5.728610507889394,14.202790271977923,0.06894682651470904,-0.2400701577168891,-0.06585135369950765,3.8886915879986965,-15.903908774835923,0.009807214242825303,0.6667895498651966,-1.2484932659288503,0.017636806468208033
229.4,6.4696097312265834,5.6847170367566315,14.19765010011932,0.06894997887108392,-0.240053748590814,-0.06519347796576475,4.011686652892136,-16.130563944493762,0.01910451308487006,0.6776144860813682,-1.2209344926591315,0.01809063344477945
229.41703666939455,6.451622853107368,5.696382458174685,14.176080202996184,0.06528692771788815,-0.23819428701894896,-0.07204585444475652,4.158556436043567,-16.194984999289645,0.043889690169007956,0.7372745170597917,-1.2391453495571911,0.02113894114860533
229.60000000000002,6.463214741393124,5.658756322794679,14.105079057190704,0.06534091415178594,-0.23678390972644103,-0.07513818245529003,4.288082771009422,-16.475677667614853,-0.020864313931085732,0.7474417698152198,-1.2361744663910454,0.015578251903050216
229.8,6.476198914282388,5.611859703524515,14.02934653937101,0.06532585908197629,-0.23673793406281238,-0.08068282617388102,4.438534497363458,-16.72131513918191,-0.07298103849998575,0.7607031371347729,-1.2071170609749178,0.01122854232263771
230.0,5.998596486287414,5.939183274580818,14.066923175877408,0.026258498704233524,-0.20677439780444212,-0.07672057054647237,4.041911653457539,-16.55132453509183,-0.014951630206672104,0.7072898419888503,-1.1298431724697247,0.016096201247567523
230.0173109578075,6.003509241494162,5.941517350615881,14.042707554823163,0.026911396614997474,-0.2059392220073717,-0.08195577545281886,4.036858770053058,-16.590872162385676,-0.00833186084661353,0.7006698293714719,-1.1359009862609706,0.017101371591451565
230.21739599864108,6.0190551894137165,5.883858841223284,14.081274003000873,0.028530216326662607,-0.207553598013203,-0.0632396047920421,4.1235616340847585,-16.788850612593176,-0.07096559171027465,0.688078932325683,-1.094208270815454,0.00950035984467118
230.41747774129746,6.019263443306197,5.8554283009303,14.063300601449512,0.027701328978098842,-0.20541445662723606,-0.06458310774330034,4.289178145870051,-17.072373500604925,-0.06340372568961587,0.7098658575842199,-1.0926896322517474,0.009610749200980742
230.61755612840884,6.02214593303431,5.805046427788436,14.079092892967399,0.02722053922705877,-0.20684413453745396,-0.05542766323576183,4.44914165627685,-17.24311625608434,-0.09234243191877506,0.7277511358527683,-1.043965607778056,0.006111182232839776
230.8,6.0273053497651246,5.766583156765334,14.190088318674096,0.027257228581616652,-0.20688426649179792,-0.04431081361007115,4.583301706544879,-17.42991613902174,0.019122808145408607,0.73770762953344,-1.0149754533773025,0.014777985877941508
230.81763110592576,6.027714197081886,5.763291208014852,14.190158561708586,0.027258151025122346,-0.20673869081917998,-0.043968525507587015,4.595841711957537,-17.454776240433056,0.018334979796035187,0.7385141267331932,-1.0152555023816707,0.014645032234580658
231.0,5.976743954051676,5.475685008072411,14.280078182024862,0.022852959264047734,-0.2266580091586932,-0.03768792702391267,4.670158661071429,-17.910801286797735,0.13268687185732247,0.7413907454672709,-1.0177036318533181,0.02420732122073338
231.20000000000002,5.9812624994838774,5.43085898772496,14.220632191122,0.022840753707085465,-0.22661863937991142,-0.04259146629721205,4.819283506542674,-18.112109270908086,0.09122704334386228,0.7519646119223842,-0.9866863628474634,0.020604487015069724
231.21777063267382,5.982286834295164,5.399496086292549,14.202453992027218,0.022777574082546014,-0.23157842581581328,-0.04972565515854781,4.840745380694463,-17.975428611963586,0.11397491910703028,0.7566132510247343,-0.9132326084665963,0.02426400496316221
231.4,5.986275717321046,5.358946394267518,14.043572032180801,0.02274281496800208,-0.23143306796631477,-0.0639015593205831,4.978737081132627,-18.142901681609835,-0.014445370585958128,0.7658540480617119,-0.8833848817610193,0.014200747875349678
231.41783509055793,5.9623265019389216,5.353642012059752,14.057136792063949,0.01903689643262725,-0.2319439409837185,-0.059068615668104354,5.113749626233288,-18.138516516849034,-0.03147028416498705,0.8177200898405241,-0.873257089530421,0.012551644723992348
231.60000000000002,5.965812063728141,5.311285116291497,14.058851057523746,0.0190403065188101,-0.23195169776999908,-0.057893831344543394,5.263804278436292,-18.294464853017924,-0.0180285379136663,0.8290652430879831,-0.8413033689761276,0.013695850092085217
231.61789595619553,5.966498415748489,5.302800167525752,14.05376696871665,0.019057744950722967,-0.2329303727438377,-0.059573170396613105,5.279792926762616,-18.270631892660305,-0.012153396949688752,0.8306488022343141,-0.8213618354729109,0.014696850590103536
231.81795319241465,5.99207779827998,5.25287893361147,14.035596053980402,0.02283734310902557,-0.23292583354495996,-0.061544233805211096,5.291579836677854,-18.440260985902587,-0.0027066789943935585,0.7807641964828335,-0.7876026095726746,0.015205567749882685
232.0,5.837711817725949,5.234000575329169,14.011681452595461,0.010181949958827062,-0.2313170123456559,-0.06312583370849956,5.258780677612898,-18.531056594599356,-0.008828883643430062,0.7690258304426031,-0.7429840715772379,0.014787285799343599
232.01800676548788,5.8785003019115685,5.214027032836158,14.076535473042863,0.015409384234333821,-0.2327908773845996,-0.052815876064233706,5.140844777480547,-18.52072241058972,0.01207544255624549,0.7114971112001898,-0.7281446363144135,0.015470056984233658
232.20000000000002,5.88176607862024,5.139137347185034,14.0870790748852,0.01542251639826932,-0.23775746173063136,-0.05643619784803624,5.275890692563564,-18.504584763065356,0.07645197289576755,0.7200234916884222,-0.6291161468589913,0.022435588479347252
232.21805664515932,5.876827815565799,5.1330250037866465,14.09131882222397,0.014720573754260448,-0.23802011549151045,-0.05472563800667435,5.308389636930199,-18.50918058562144,0.07042955432466792,0.7289746106743895,-0.6229092362734721,0.02170848398229588
232.4,5.879505781387745,5.089720397413231,14.081162753962783,0.014720512309404955,-0.23802000994606926,-0.054744390060655734,5.441610962595371,-18.619295642173864,0.0742035002411843,0.7354481887006752,-0.587600468003346,0.02166813542722689
232.41810280467362,5.889034219210863,5.0693889601660285,14.110881335271586,0.01606253759565921,-0.23988845696251343,-0.04458117417229257,5.410052681852278,-18.58540657419575,0.03453271725481056,0.7171714716762784,-0.565415961920906,0.017196504013378144
232.61814522080695,5.889906606503297,5.02285000429907,14.099573284535387,0.015691971000052027,-0.23973436635734086,-0.04535910399864285,5.567676813541205,-18.698227058956544,0.041024192306065486,0.7285602235667189,-0.5272644127294326,0.01772428151195739
233.0,5.905281841234499,4.659957554952356,14.069670415620852,0.01644752896732956,-0.26132884056009426,-0.04632898980022597,5.858352393980052,-19.186266200753554,0.033385843884791724,0.7412874342339674,-0.48557494617121016,0.01667296021573862
233.01821874789073,5.905252676991787,4.663838828671888,14.019092731214583,0.016396382664404865,-0.2600901954844014,-0.04980267544303601,5.871519110671982,-19.2278484429485,-0.020797475606302674,0.7417586932393649,-0.49728847059727577,0.012018265884838765
233.20000000000002,5.90797678777734,4.617654375281238,13.868918098813594,0.016352643490464936,-0.2600151132447028,-0.0633823977880684,6.006401420417946,-19.317548958783355,-0.1432417775377768,0.7471399612913098,-0.4624913389538581,0.002151236887396834
233.60000000000002,5.914581222003102,4.513399809588745,13.875786303784626,0.01636266934851065,-0.2600322365808396,-0.06022231727191691,6.307596978114795,-19.486014849594508,-0.11450633698912113,0.7581770285047548,-0.38308609575952546,0.004128532071196352
233.61830058941572,5.915152451485791,4.503986804448633,13.871588774989903,0.016408965904156584,-0.26082539610225425,-0.06134167659605691,6.3209788490907455,-19.46363853069049,-0.11023151929708716,0.7584194552213288,-0.366858821588838,0.004850418008765359
233.81832025969786,5.888832128308039,4.473095713384455,13.81405028179443,0.011754449251284042,-0.2585579180267294,-0.07521158503182944,6.65917397675463,-19.59298219454221,-0.0560980031569298,0.8378803378218915,-0.3508962834028704,0.011052537136875217
234.0,5.924136154479187,4.705574871388431,13.872221364478909,0.014412721360152168,-0.2362668584759582,-0.06995791997833084,6.849987164132597,-19.345464575054507,0.02684507030503367,0.8495685184946015,-0.27888832547620274,0.01836401418980149
234.01833612591352,5.8915110606139125,4.7103325395287605,13.85727616486404,0.010403682285153974,-0.23546492072440425,-0.07396275978283899,6.963073838118506,-19.36309734014242,0.04214642500295234,0.8935150295999749,-0.2811867092083057,0.020140898677390398
234.20000000000002,5.891237944805811,4.696218934440693,13.892917558414894,0.01009602365210588,-0.23171623313304096,-0.06572815320611425,7.131183976367377,-19.51445581820644,0.05623280502401911,0.9045307118941149,-0.29134948336089084,0.019905125456486494
234.21834819443765,5.890479360430646,4.685457832757383,13.904823360675104,0.009978054694109692,-0.2324548319160065,-0.061844154291484765,7.150556863836401,-19.503865491605552,0.04236940295261507,0.9065458702288643,-0.2813356699162655,0.018342722694799897
234.4183564755445,5.859124795587186,4.670601673902097,13.834479544751858,0.005514822170624939,-0.2290144434474206,-0.07870048752116161,7.471248848016094,-19.637024840603626,0.10737163683486194,0.9744176534231589,-0.27745606718905885,0.025664214635121627
234.61836098345944,5.854536520274149,4.607610182798227,13.86355217198207,0.00470657727591906,-0.23114434753694105,-0.06585842860139625,7.693923482129388,-19.63214724356252,0.06817617418635576,0.9966330211322337,-0.21837030538303423,0.021093560219193935
235.0,5.963709436267526,4.421619733670793,13.936240505374547,0.013310504007846844,-0.23900496680999817,-0.059155761548653096,8.197050736382522,-19.80511482575499,0.1882310185048648,1.0330166272114538,-0.15698388207485392,0.030687583677634703
235.01835875669488,5.953279489466421,4.410956470036138,14.060529913732006,0.011979806180883403,-0.2397450659810419,-0.04516651258196819,8.24979430377583,-19.791186427075466,0.2802497788596884,1.0491745067171754,-0.14663796897575315,0.037770548856759054
235.20000000000002,5.955150428435159,4.3678479379288,13.929929060278692,0.011936270112424503,-0.23973789751148253,-0.05687034562165327,8.441034015142895,-19.816392084301285,0.17874042358824965,1.0603587550355311,-0.11293953738319454,0.029270151854877274
235.21835207071737,5.964727021716482,4.3611899339955125,13.934092022935985,0.013175260602135964,-0.23992412821331158,-0.05535014321815873,8.42595515380303,-19.815362104606947,0.17356702567598337,1.0463590363700306,-0.10805346468392671,0.028637025864895343
235.4,5.967196835377986,4.317587726523439,13.955002464169585,0.01318587781147413,-0.23991596212708088,-0.05239871628622265,8.617092880289558,-19.831710985341,0.20630653523445486,1.0570833780913336,-0.07432388933144962,0.030820581171927364
235.4183417090711,5.972578174908051,4.309308557069354,13.96250478179445,0.013920210019186157,-0.24033498545117662,-0.04987840584126668,8.61312928673801,-19.823333343023904,0.19749675339609604,1.0481021990272321,-0.06668473316414886,0.029781268741890486
235.60000000000002,5.975032428356495,4.265590084950042,13.92297896726951,0.013910208256205401,-0.24035186510417417,-0.05277811396530026,8.804330368862063,-19.832347043620242,0.1757619457699776,1.058314318096435,-0.03251056356353786,0.027601948770215743
235.8,5.978055212353389,4.217744992470759,14.008547059675639,0.013941651930180815,-0.2402969354657121,-0.04354685446507694,9.017550957306781,-19.835175865166807,0.2662371105944923,1.0694227933848526,0.0041967255170277514,0.034491487765054916
235.81831010242098,5.977954560335266,4.215566270909761,14.009753367523716,0.01387314926962763,-0.23992622687035225,-0.04288803885453053,9.039049834271083,-19.85054706330351,0.2640444508093394,1.0712259480446904,0.0010144046111345536,0.03404652157730126
236.0,5.975703354134902,3.425956513653656,14.027657172421703,0.01351967402274452,-0.2993784273829114,-0.04224811895987565,9.228646361299417,-20.67191546004746,0.3039747278266355,1.080439003369978,-0.06195117843801541,0.03664701819334547
236.01828894008275,6.013832382702581,3.4074146763410815,14.056821787483903,0.018426499444929856,-0.3006114608061526,-0.03328250470806952,9.125161343775702,-20.651480050375728,0.27100610586883267,1.0251883157577557,-0.04899194533146247,0.03261679765722297
236.4,6.020534216661423,3.292620556299746,13.913452838189817,0.018381213645855283,-0.3006446807485571,-0.045996471695065426,9.519185009723792,-20.658683754772234,0.16952184228060557,1.0410875888471973,0.018168340273007226,0.02372492741459747
236.61820460642386,6.052407212036529,3.2492394952091046,13.86582579013366,0.022597450352321972,-0.29763624716201365,-0.05694846608286417,9.595534777302229,-20.737488818846213,0.21115597778895984,0.9871146568708533,0.020649475934568777,0.027442256357730167
236.8,6.056452383681777,3.1950100154662846,13.828626536159835,0.022589383039865057,-0.29765526373995865,-0.05956265299717433,9.775294329153212,-20.73096134720369,0.19282742516043375,0.9920752095774611,0.05096794520168775,0.02563702702060497
237.0,5.530097408074606,3.5913242611992433,13.801746946884018,-0.019453382711952228,-0.2614291234548935,-0.06068847234009376,9.363753095406578,-20.169834658638806,0.18636309737785653,0.919073983815932,0.15821145572911327,0.02528468682954754
237.2180902514456,5.552662898693036,3.542079745232949,13.858351834062669,-0.016050777906986117,-0.260420541446437,-0.05464207362754469,9.471346307329858,-20.154192728253335,0.25689175904477873,0.882935039295083,0.18545980438481538,0.030127281164339506
237.60000000000002,5.5409124309853635,3.472933439924636,13.774903641182576,-0.01676392967963724,-0.2571408222447577,-0.058186338746004956,9.825977886227442,-20.17643300899824,0.18159233179326562,0.8941199823275738,0.20786876889385528,0.02227784022628762
237.8,5.537415136676057,3.4214586194698193,13.713404031299685,-0.016783007665607454,-0.25714991159376566,-0.06312752754930791,10.004908004452458,-20.132633510714495,0.14385432055254732,0.8963214252501644,0.23954782471295372,0.018800862712753576
238.0,5.552039224524866,3.19813854166869,13.708884616500672,-0.01536562964518742,-0.2707642572908708,-0.06286866619810662,10.206042317102096,-20.285818943545603,0.1582334119787426,0.9015356108200546,0.24453370196262847,0.019398074998354293
238.01789446927,5.556850115786176,3.1689372508155325,13.699413711966828,-0.014747258855499355,-0.27334263037967926,-0.06520725002101511,10.210473663374174,-20.221443589316184,0.16929117942026758,0.8962887812766018,0.27386217994431505,0.020887512703390967
238.20000000000002,5.554033614182018,3.1194713453623963,13.65847183049788,-0.01476361340425034,-0.2733143326121969,-0.0681345520579761,10.373951182731329,-20.170115530112366,0.1491598901953869,0.8982473171788777,0.30224865864401845,0.019256344750406378
238.21783836609492,5.562805124526541,3.074577833191339,13.643696287497315,-0.013628800311339374,-0.2776682187230024,-0.07209364374974317,10.365833671500924,-20.05086765763323,0.16818222011391357,0.8876820904682101,0.3539087106125519,0.021991287303686206
238.4177795961209,5.5109218885876174,2.996824903207895,13.653608877253307,-0.019372297805723394,-0.2801889242579484,-0.06550494192966627,10.711108431401437,-19.916305927196202,0.1495169008846215,0.95653477538885,0.41160921575412585,0.02022428571299325
238.61771826688764,5.4907413914550585,2.931189951719284,13.679432817159132,-0.021357410300455307,-0.28127352144113105,-0.055130847629409806,10.965775306529848,-19.80872779031793,0.11386701763028262,0.9850898146961515,0.4538315011497509,0.015828246285627727
238.8176544914508,5.485175367837857,2.878991447691219,13.671688525939482,-0.021556058187910156,-0.28072436074188806,-0.05416586668750015,11.169147791905283,-19.73655892420861,0.11312056338058293,0.9921144440555891,0.478716567494491,0.015185604851883453
239.0,5.39020659194446,3.321828631497909,13.65599231100264,-0.028845389402839018,-0.2412721602862061,-0.05311321612184097,11.253542779145173,-19.115905742305905,0.09536133576624883,0.9852854486077605,0.5674248399360904,0.013422211267717452
239.0175883884661,5.390255881653907,3.3160530353848623,13.65426572622346,-0.028769974225685575,-0.2414658448846446,-0.05336101573444707,11.269345390569402,-19.100839021809428,0.09645810317536987,0.984971461069907,0.5727788952258375,0.013637630127094754
239.20000000000002,5.385151895915838,3.2716693013972242,13.665963463548316,-0.028753611469309718,-0.24149390049337097,-0.051255053194614576,11.449241027879587,-18.992474564785077,0.1169917756959077,0.9889361615226534,0.6037003386696115,0.015077739810962866
239.21752008227003,5.379876569313725,3.27843102453463,13.671173277579655,-0.029451206602794808,-0.23991014084212958,-0.0491388989303897,11.482658781393019,-19.030649850699113,0.11003302324217998,0.9968473679694307,0.5837452293831049,0.013958191777558516
239.41744970295775,5.35807484297368,3.219873605239884,13.676993163843306,-0.031246191257820643,-0.2410875117800979,-0.045240922056155736,11.7339989451804,-18.882592116220042,0.09896691081377636,1.022002200373262,0.6278294934641944,0.012772974677133496
239.61737738645618,5.329912428812651,3.1668497856518214,13.664115735464295,-0.0338065614484291,-0.24166940266287576,-0.04622064788762394,12.02084587931189,-18.73755803093634,0.10630290944267523,1.059558425829945,0.6667265636073123,0.013594077593640395
239.8173032745914,5.324475486899495,3.117142991000452,13.65126079112427,-0.0335272286129968,-0.24215844764141461,-0.04744600115511325,12.22411335461906,-18.57528989363874,0.11271728693331955,1.0616771521859056,0.7102048982413905,0.013933382808125805
240.0,5.456266981837088,2.735177560968464,13.690898843873773,-0.02253716689930741,-0.26903290567562277,-0.04476977439195602,12.571154532640996,-18.80983832162516,0.178228062554389,1.08577503783817,0.6968630416091921,0.018921353236558695
240.01722751514913,5.449482814166201,2.7414838619208775,13.698662852032626,-0.02349276856539999,-0.2672148482007632,-0.0419006085750298,12.610256115046704,-18.852549848953686,0.17059689522185734,1.0962060993742397,0.6721700358888525,0.01755993346592405
240.21715026192678,5.373659445591416,2.673501126836736,13.671171331072552,-0.031454366616138055,-0.26898047881610604,-0.046562478863359624,13.036993117937994,-18.67238423685819,0.19241394013260338,1.189171645243905,0.7219438327811188,0.02021170017499159
240.4,5.363576895945506,2.630414639685986,13.50938921595996,-0.032079912691077614,-0.26801175663311383,-0.059805340285987524,13.269520341188315,-18.577988174568514,0.05248851051242659,1.2042279808519194,0.7315662833020405,0.008303538752687474
240.41707167477503,5.351288096885337,2.6122092387625084,13.532601327792046,-0.03346795507822786,-0.26957781091283484,-0.05398310039079294,13.332068110138918,-18.526609217984962,0.032321500672688186,1.2219226010363886,0.7505267086000122,0.00618630849663869
240.60000000000002,5.3475304210212435,2.560374835602326,13.428880514788753,-0.03300600374483983,-0.2703838823789159,-0.06413958435563624,13.541355095730735,-18.3510065942808,-0.03803433817081499,1.2251684764610233,0.7939277023246397,0.0006464700364032872
240.61699191962822,5.357328117861712,2.549155294317567,13.404248276928834,-0.030771786098983622,-0.2736257864337276,-0.07256774862524387,13.49216044568799,-18.171399078189957,-0.012763064588139757,1.194368101049583,0.873562279688664,0.004759482892675077
240.8169111685199,5.3481185854742,2.4761374764835504,13.44033262002047,-0.031248381307354436,-0.27586339826654044,-0.05998069060933264,13.753650819448048,-17.9262150563523,-0.0579361825378021,1.2112069640718564,0.9322081903942698,-3.420760216463724e-05
241.0,4.927146577644838,2.4810074253076615,13.475296516618974,-0.06434512705442175,-0.2712408316674852,-0.05621874746118548,13.524361441585063,-17.702946466021892,-0.01173870818513597,1.1674230284453468,0.965843331370061,0.003760072456351712
241.20000000000002,4.914205977878764,2.4268562356893892,13.453997833795906,-0.0643523619413841,-0.27123592770463745,-0.057114937785828934,13.758706517074238,-17.50677306679016,-0.019906529892166548,1.175576151046502,0.9986477274865291,0.0031757464100398876
241.4166647511227,4.9008040736621625,2.367676134573868,13.440778592064538,-0.06424205596833676,-0.27137941652037645,-0.05743223996290679,14.01115830796145,-17.280086429610435,-0.018323688978323458,1.1830551267802134,1.0367983596516819,0.00304346180326851
241.60000000000002,4.889238309650314,2.3176571693869352,13.45683046139828,-0.06422007535590815,-0.271395468350916,-0.054922433398718246,14.228491995291566,-17.086247096178923,0.005312169714810001,1.190376050210324,1.066010313378149,0.004822690910606454
241.8164989200539,4.86965651328571,2.2601529946154435,13.454841282095115,-0.06566248877228217,-0.26982308487883894,-0.051006929982720633,14.541040892905622,-16.94745741469223,-0.0051239642138245015,1.2227926625107035,1.0570142925325525,0.002689225240446172
242.0,5.235750999449163,2.0564028316395007,13.416608854134065,-0.035806948176661024,-0.28229319042461654,-0.05384135885590266,15.206888825266592,-16.906613957154573,-0.02847591015559463,1.2884053722672584,1.0688364414736946,0.0009299409731782535
242.60000000000002,5.212500736656591,1.890000657470913,13.231745044933376,-0.03597328848772688,-0.28207917109185304,-0.06823895831632969,15.99123827132837,-16.248401774483582,-0.15483457601797182,1.3185730420624875,1.149337486010613,-0.009813644272587808
242.61617095886692,5.257745229278925,1.8843815167795583,13.275022660397791,-0.030547016906707233,-0.28194790908430806,-0.05679932666354535,15.83486618913302,-16.24293636536621,-0.20494699903058383,1.2502425578794503,1.1439450245387262,-0.015576502689998668
242.8,5.25320132968216,1.8317860940236248,13.267275651214161,-0.030361628856789794,-0.2821395892577061,-0.056886017310875996,16.05886769789511,-16.02024036115164,-0.20271137637965198,1.253994333219318,1.1721326617172034,-0.01509323809191251
242.8160910235229,5.259446794348806,1.823777591879562,13.280006840109627,-0.02955052634239053,-0.2824639343260467,-0.05329235820035807,16.050196998301416,-15.994167884173518,-0.21903850724277749,1.2436158467662886,1.1765265858329577,-0.016809913472610207
243.0,5.587515949906518,1.9732048868772105,13.315885145963959,-0.0027076495879521517,-0.26687615002309756,-0.051331119967835556,16.631977593063862,-15.520739065408183,-0.157067377064176,1.2866174129587624,1.2396919073296466,-0.011191277121531076
243.01601237043656,5.60188360245596,1.9861165039242268,13.233981811429176,-0.0011002154434487487,-0.26508074397288445,-0.0605773408869165,16.611618659067574,-15.540183862061406,-0.2077421284530802,1.2701508503807188,1.2248428753772955,-0.015063289321000052
243.20000000000002,5.601573039504523,1.937427685344545,13.208413345648898,-0.0011096813529291889,-0.26508058157250075,-0.061911492459527706,16.84590194736541,-15.31297223052838,-0.22330960584618162,1.2758502978052118,1.247765901456444,-0.016454128587922695
243.21593523755325,5.605781456358701,1.9327520363017974,13.211648093355615,-0.000628195018662436,-0.2650964204867633,-0.0607481588168237,16.85344782215396,-15.293739083798148,-0.2289299998992019,1.2710846998345653,1.2490730944017177,-0.01706113556041591
243.415859866653,5.592330217640647,1.8887657370373048,13.173454281753164,-0.0022369060142801585,-0.26423049842677004,-0.06788899925800902,17.155271253872847,-15.059416699071377,-0.20119298661342122,1.2963300972302583,1.2670357734302657,-0.014137420667759871
243.60000000000002,5.591904558879795,1.8401029809143392,13.157469565590173,-0.0022378169091855273,-0.26423309612321855,-0.06820890932316305,17.394516919115812,-14.824092796474469,-0.20691969535060648,1.3024257379439108,1.2888531046454172,-0.014074010192148398
243.8,5.591776440167361,1.7874758711968333,13.226869485436858,-0.002216893773769368,-0.2641694856038095,-0.06051268811890747,17.656360856741223,-14.56390684727761,-0.13560422364355038,1.309736126526439,1.311210728554018,-0.008281655166878357
244.0,5.919022189641567,1.9399633698468164,13.296742313811551,0.023816279765337206,-0.24789318271746588,-0.054850967833305446,18.28056885498653,-14.072905805712422,-0.04132980056903514,1.3596171273631115,1.3613189915407735,-0.00030632347773176284
244.0156467908601,5.939196366393603,1.966933310561295,13.283537573947514,0.026579323661354903,-0.2441897293002242,-0.05833568788716967,18.221364025279076,-14.13768961115871,-0.02896132081560948,1.325016061394181,1.3234282830318038,0.0005407007866436223
244.21558094465829,5.948084394970711,1.89773153768497,13.246905062344819,0.026972317226295436,-0.24701365530203515,-0.06554518757274226,18.486166960719864,-13.781257527562259,0.001488199751040543,1.3305206426945133,1.3838045634862948,0.004370802880863939
244.4,5.9530169331280725,1.8520496950512377,13.21389949308914,0.026968824915088067,-0.24703298574225135,-0.06748338596408247,18.731915703728976,-13.52425230711827,-0.016547855465367835,1.336071699524403,1.4037331597122549,0.0026091002735336415
244.41551810831086,5.935811475969873,1.8665198758575385,13.237257271588808,0.024227350548161924,-0.24428438624611867,-0.06008533577122179,18.83291814801391,-13.604732943840016,-0.047868864760087365,1.3711950618051518,1.361448223474659,-0.0012958916935741542
244.61545853464798,5.946771140258199,1.8113833324946216,13.2156711207048,0.025286076374397372,-0.24530305079840115,-0.06295455224558874,19.072459478801466,-13.288018641389717,-0.036135319903331006,1.3634432274812902,1.3978782406288468,0.0006377701162801138
244.81540247579323,5.955070103230941,1.7590145473677716,13.196941877395439,0.025959205271533406,-0.24591425646741932,-0.06480152559071803,19.319777361121,-12.97765025337764,-0.028542432150126813,1.3593525509670117,1.4283718530753649,0.0016399320102975226
245.0,6.382074124003027,1.5673133209479029,13.159710939872628,0.05946259263181185,-0.25776473846917974,-0.0675516545707783,20.03496066571762,-12.862084071401075,-0.04920795827851207,1.4203394221926482,1.4315618831522035,-2.363055293341798e-05
245.0153501822805,6.373998393355465,1.5691771696285521,13.111515381182336,0.05830595808262346,-0.2572053571187326,-0.075917639403948,20.085841569350254,-12.849511918116582,-0.051630035703213464,1.4338477608465374,1.4295383838269116,0.0004009274284617506
245.4,6.395968794598966,1.470097578402127,13.011475178558042,0.05825262228621327,-0.2572249642503736,-0.08258324282563606,20.640749137284725,-12.294799578727751,-0.1145077815884178,1.4482281018606302,1.462576886781018,-0.004972213772566927
245.41525787980694,6.399071438707961,1.4606819940184854,13.021031995945853,0.05849641087287584,-0.2578915905319446,-0.07937496515166276,20.657345033462438,-12.254952957208053,-0.12629121687463804,1.4464500346288471,1.4711110666292373,-0.00624868615463474
245.61521835531403,6.418480481320403,1.4325279067575833,12.994790004797695,0.0606452125218754,-0.2544445994797997,-0.08249014252545195,20.841996379268856,-12.078115545504312,-0.12032503745805455,1.4106999471691941,1.4371532631260906,-0.006056021627435234
245.81518356301763,6.435390910782842,1.377048484199926,12.967521251900811,0.061786351985719,-0.2553099332976913,-0.08576720929913809,21.077631253545484,-11.74902072014076,-0.10919476120816099,1.3972726134062274,1.4678209431944587,-0.004544811580939974
246.0,6.405510701936102,1.6527292156721416,13.019883657550277,0.058489352448928736,-0.229547210447848,-0.08036746987713127,21.292187116348646,-11.124172351329282,-0.035679720771314385,1.3969423244214658,1.5210649301831152,0.001604306294359501
246.01515373062438,6.416529260640859,1.6404616004906056,13.008698431682298,0.06002652146284379,-0.23070735986328972,-0.08330851168236918,21.274247803377662,-11.069529211465698,-0.025377893954345105,1.379321216382365,1.5365507844340658,0.002862109456424058
246.20000000000002,6.426439401149234,1.5974189928666658,12.826003279466486,0.05987775656009726,-0.2307430095737691,-0.09898812146092184,21.531837100878455,-10.788565416068039,-0.17399163583199112,1.383740884404001,1.548255295381062,-0.008763640683413988
246.2151290780737,6.416751633496832,1.5964638950572967,12.7999367143754,0.058321806080261024,-0.23054803523208212,-0.10608651857082302,21.600467654457866,-10.764701711923474,-0.14928468423492858,1.4045613462826252,1.55028821090321,-0.005805180073477885
246.41510981643907,6.452179125656952,1.5308949962598077,12.745691573660642,0.06293206990154888,-0.23365889757400776,-0.11631363437372481,21.726679903014194,-10.34320646396714,-0.11506649593586299,1.3414008177128962,1.611567234415453,-0.0013840896278854565
246.8,6.475810787463218,1.4405838844271492,12.61490523201268,0.06285362483325388,-0.23368695127205227,-0.12435085681788685,22.24539360947525,-9.720267694011467,-0.19224903141631156,1.3456591781101632,1.6378499254286505,-0.007346174891682128
247.0,6.3766317289397705,1.485597006658765,12.580605480437411,0.053986754934981424,-0.22638671085562911,-0.12460088917562265,22.390768128705265,-9.290869767435442,-0.20740887912355913,1.3320835002302824,1.6619430669985593,-0.00832839269081832
247.01508633208866,6.392376027626329,1.4734969822449622,12.56779717227476,0.056493822092312185,-0.2277214938186988,-0.1282470920306597,22.342276615800557,-9.229008406866742,-0.19653807384728653,1.300460892547998,1.6801956230255046,-0.006937293586385595
247.41510100419194,6.39466926635595,1.3386219396174763,12.520229605059008,0.05310264614416865,-0.23339386550369062,-0.12728801920923047,22.994507998507792,-8.378095739284646,-0.19709533104410015,1.3528753749206583,1.7785119056214849,-0.006166206344159463
247.60000000000002,6.404556578094691,1.295487696910171,12.504518103688273,0.05310977477477423,-0.23339178628885174,-0.12655865672226482,23.24465104157051,-8.047830542860133,-0.19132292741968707,1.3540791892158193,1.7916617128357888,-0.005709935762080538
247.6151178909436,6.398210610752442,1.2947276026750159,12.5128331202616,0.05137378721146578,-0.23265217264224902,-0.12308560650650191,23.335623669933963,-8.05156687390314,-0.20161004759319512,1.3838947764692866,1.7791147371512028,-0.007144708712145802
247.81514131101736,6.414971973234645,1.2548726154150753,12.500904711624338,0.05249440238142743,-0.23165344793116255,-0.11964821578551303,23.561747361919114,-7.7361913682959305,-0.21576880988533503,1.3667690496934735,1.7743506841629744,-0.008777842011443025
248.0,6.513758460949779,1.1527048429403741,12.42218214508499,0.05954790698168146,-0.23638948310259225,-0.12375618877448441,23.911984812267388,-7.471540006656817,-0.2787301417757808,1.3801022800938734,1.7765493681741793,-0.014014681475219951
248.01517136899272,6.494853539167711,1.1287297917871035,12.512619311840092,0.056986214369343736,-0.23882904971033442,-0.11876756452815085,24.004512481819052,-7.379952757876599,-0.15971527591381832,1.4104295726313725,1.8059940217094532,-0.0037577443485546274
248.20000000000002,6.478451117878367,1.0955515639873283,12.596373044022336,0.05263604102196811,-0.23694810466428648,-0.10314271252433614,24.39795983533643,-7.101244144226635,-0.11658050488222142,1.4709740228216055,1.7894266642133443,-0.0016573801513565557
248.21520815273286,6.478993148639508,1.070111519905031,12.614038950523506,0.05246665677417614,-0.23969461759993402,-0.09782874349044435,24.431032837340815,-7.002395076978877,-0.13414340454743617,1.4754626974236407,1.8209635293047721,-0.003611446073812718
248.4152517329661,6.490989251503135,1.0291151918067907,12.616830301776101,0.052459781131205085,-0.23855004647586658,-0.09129547761049309,24.72733731281632,-6.678067862992313,-0.15752448256719292,1.4814162238418707,1.8127405948827433,-0.006206630031907038
248.60000000000002,6.5010189043293645,0.9854552785500237,12.66325717005418,0.052492628209802675,-0.23850628911169522,-0.0856218980821343,25.001248696536038,-6.341551518851599,-0.10079750720422095,1.4859673105021145,1.8204876378397912,-0.001968079200900914
248.61530216299198,6.504772368496402,0.9882216971953608,12.664802405815417,0.053031348634124835,-0.2374704718841766,-0.08473774822604324,25.000507304944332,-6.351798853996376,-0.10478857413313386,1.4771041921597436,1.8048968103420298,-0.002511208899437942
249.0,6.909386115173357,1.052309328567054,12.638160051094559,0.08353525612696706,-0.22498087619666776,-0.08413988593721988,25.992788634497906,-5.490201271562171,-0.10026750066237872,1.5360165664855678,1.8352826864331189,-0.0022829540852192486
249.01542369760745,6.910938798094143,1.0322723312824504,12.567871810451786,0.08347636903111119,-0.22727403085714135,-0.08838065662423492,26.02115888232103,-5.40680510160306,-0.1808585447528396,1.538320824564103,1.8614191959052018,-0.008835415855382155
249.41557283131266,6.954940748630693,0.9382513949748488,12.51920942475377,0.08549345665197697,-0.22792416802638868,-0.09244004046047292,26.56626433507374,-4.6371858340345335,-0.1715366117374142,1.5182331387793204,1.8830374251462842,-0.007288588867244586
249.6156576953618,6.965890936174238,0.8994631229241762,12.476193807863181,0.08460428759127638,-0.2267454924474297,-0.09958461938905232,26.90095714573664,-4.298522192427256,-0.15138972620596453,1.5347426442933385,1.8717582585216814,-0.004649812513089048
249.8,6.981610626353499,0.8581455133524885,12.516490546294937,0.08461851653054923,-0.22669944958253246,-0.09428390832512501,27.184505140127442,-3.9526153715990664,-0.09905446930838088,1.5389558179918539,1.8748527579172392,-0.0008543381776742482
249.81574936264101,6.995943054464319,0.8497351388334187,12.570393851375847,0.08698655693962581,-0.22740105920986345,-0.07751729145895314,27.106447130136683,-3.9095692292504545,-0.15393298699402766,1.4990236243262933,1.8791705528143938,-0.007660467707047678
250.0,7.2142353256135765,1.315242212153139,12.496679680492736,0.10299727981708214,-0.18690261674966757,-0.08128735173210579,27.60453933505079,-3.0157027654979442,-0.22074621984422016,1.5279079646882967,1.9436876454366505,-0.012932076954103974
250.01584776685903,7.1932100422628205,1.3176187722869184,12.472034091682636,0.09964541318517191,-0.18606909392335882,-0.07953301692790567,27.720764585055505,-3.006761707574317,-0.27716808357065476,1.5689431824386977,1.9342195644946094,-0.018086732469266006
250.2159528263895,7.214969542275392,1.2647745150114338,12.46321295394378,0.09972418950737769,-0.1885062606610727,-0.07736297176260036,28.03856144809075,-2.548615858221564,-0.28638221272442993,1.575864945588031,1.968226485184347,-0.018457129162275196
250.41606444499925,7.229444088161647,1.220578858153806,12.435834400027725,0.09876071793631551,-0.18966148759596277,-0.08092995053425549,28.391266310182516,-2.112561467788063,-0.2783449713134279,1.5961739338020393,1.9894500879064871,-0.01727186305081667
250.8,7.26747938611288,1.1483787325961416,12.47878586004623,0.09878483997408419,-0.18960831021620117,-0.07426865264859549,29.00604715773188,-1.3469710341400387,-0.2178141895054149,1.6071171225485226,1.994351807948163,-0.012410252745417509
250.81630690633213,7.276081128694309,1.1354341155184247,12.507459916278481,0.09987112052986358,-0.19176234061870778,-0.065047618139875,28.991750033105806,-1.2290035446546066,-0.2460305543290215,1.5915948979172199,2.0292961133004592,-0.015908031117017815
251.0,7.262408422444447,1.3843803503976866,12.381364917455407,0.09726398331362587,-0.169133554331903,-0.07274053537521019,29.24836281134923,-0.5473837101138335,-0.3733229028494086,1.5914954372555101,2.0667481695033243,-0.026227281631236832
251.01643749100376,7.309400053215123,1.37585599358843,12.429498898029832,0.10401603156571401,-0.17000064932774234,-0.07541263210741572,29.08607701028276,-0.4947655231054624,-0.2650469479634733,1.508116468155358,2.074441733075728,-0.016531077868472646
251.21657412047892,7.333712145335122,1.3531506435574903,12.427397220877703,0.10463753947471473,-0.16824274373593523,-0.0715139740819779,29.36473054855506,-0.13319946909018332,-0.28165200792458617,1.4996155965402052,2.0526298274995916,-0.018754644374422022
251.61686487917183,7.378366025668801,1.2658319904335795,12.39962812497423,0.10479788930546949,-0.17191144220338403,-0.07112945380793875,29.970244720113744,0.8253317968606321,-0.2881490051434956,1.5028124217738639,2.110333687343015,-0.018902557769879685
251.8,7.39758559066059,1.2324796004479233,12.15843084614858,0.10477964210380042,-0.17206698638446546,-0.09167017809318093,30.243947495844065,1.209795481129527,-0.49787387621939205,1.5023961550998273,2.1111819344733513,-0.03467975055850381
252.0,7.293301976034933,0.889538278649701,12.164638856253877,0.09491874868042628,-0.1966256280984933,-0.09023946675429409,30.40000279295275,1.289158365595965,-0.4769088964368904,1.4840257795191973,2.0699646539308065,-0.03265130492271992
252.0171778265471,7.282077279112138,0.8907157652850063,12.135262620400871,0.09321717310126637,-0.1959397972926188,-0.09842449116310586,30.47089686882705,1.3108973347165311,-0.4530759070587019,1.5037455106650783,2.0641705635004746,-0.02960581189503117
252.21734216436798,7.302848019480066,0.8654750317532394,12.128545284127767,0.09358513286466402,-0.19391293671421214,-0.09474294090552735,30.75715249638918,1.6645964890258216,-0.47084250071328954,1.4981984922817544,2.0357274415429454,-0.03153048496840099
252.4,7.3199576433139875,0.8297221286955541,12.065340589501288,0.09357913178598777,-0.19393992608865884,-0.09885464589270959,31.03070351337232,2.035725882374217,-0.5181260701055994,1.4985935521999199,2.0319013939246395,-0.03519675801522112
252.41751148929978,7.31915543981622,0.822685817437836,12.053235709925504,0.09318708497685518,-0.19449315758083344,-0.10193421507918841,31.071749988680534,2.0905188786715247,-0.5087536560309318,1.5046989980038648,2.039832277044147,-0.03396424182653524
252.60000000000002,7.336081285393392,0.7875380434133458,12.081090422250547,0.09318409036316885,-0.1944652115066117,-0.09778687719908886,31.34690719899312,2.462790581980414,-0.472885500565943,1.5060332144780948,2.0356291331594707,-0.030992671411635447
252.61768560356865,7.334564763685389,0.7958870704291348,12.075335323205037,0.0927499578696434,-0.1924013476684279,-0.09911375763686261,31.386178276899503,2.4248819120813185,-0.47006375153756663,1.5111935935475498,2.0043282944440084,-0.030598471412044997
252.8,7.351123470337432,0.7617339395199406,12.179516679120896,0.09272121653474229,-0.19232680841914682,-0.08821585786189591,31.663902862635826,2.790858267222899,-0.3648327683524934,1.5126767924436588,1.998034058948418,-0.02254132443679465
253.0,7.12856055110279,0.7124475055208743,12.156929361028176,0.073674430556417,-0.19323667961958554,-0.08881544857963036,31.685054300218326,3.1767881593642646,-0.3712556288616099,1.4770103171105116,1.9885835798088343,-0.02296125632095316
253.0180473905834,7.143603082632558,0.7135345712116111,12.186079887118256,0.0754893680250756,-0.1927006593506737,-0.07938430151113929,31.661862108203728,3.1959018387489504,-0.40249686871764223,1.4554374106620622,1.9799173966116246,-0.026871619773553884
253.20000000000002,7.157945161210255,0.6780299973416396,12.099571073634392,0.07554505876745368,-0.1927348171675981,-0.08589859024615058,31.924714587238913,3.554783129642583,-0.4719145460009576,1.453704159054809,1.9718074717097813,-0.03234931552776234
253.4,7.173963482400297,0.6388418068607782,11.97897272837702,0.07562693105589781,-0.19278361564301663,-0.09532626172433555,32.21239839088232,3.947244547547837,-0.5701805949301404,1.4515917577046216,1.9623008110542928,-0.03941586559089508
253.4184258800022,7.161347899643552,0.6763356225265926,11.97041321684568,0.0737183437552794,-0.18633228031880641,-0.09785016737752095,32.29597674110766,3.7817118978870665,-0.564752146264277,1.4747158744009576,1.875267538879484,-0.03862373871355892
253.6186208660202,7.219376398665406,0.6425524776158407,11.92010910557316,0.07967523411608828,-0.18588430093121897,-0.10665816167443896,32.37294290558201,4.130790795608392,-0.5369218097199434,1.3895208761523752,1.8516932461197382,-0.034666448663350544
253.81881939954334,7.232022675332762,0.6050165639800474,11.901587251390625,0.0791388892147705,-0.18593320870803917,-0.10583359371265755,32.67380479965533,4.503173061144461,-0.5470356104541569,1.3948395816364818,1.8378768374655858,-0.03501218716279846
254.0,7.079084894002117,0.9193673824673442,11.867712695796676,0.06579748739248646,-0.15835773709857728,-0.10642400834235674,32.741692567722886,5.230654401715185,-0.5719495064924123,1.3700196214496962,1.872753857639898,-0.03675359318091126
254.0190212705383,7.09764602752536,0.9270116639243311,11.93502277205082,0.0681473875592633,-0.15715293866728103,-0.08606727356434102,32.70174857096097,5.232594844563832,-0.6395469407648944,1.341175938774508,1.855908178864388,-0.0448467103079828
254.20000000000002,7.1156490892993665,0.8994594177476616,11.921882985637348,0.06887290447943595,-0.15705196590606008,-0.08642547292251047,32.92288050448105,5.563699694728773,-0.6397139611357627,1.327803069728629,1.8400160259831635,-0.04453735886258629
254.21922626956302,7.109891063886293,0.8684887013496733,11.869271185975165,0.06779225944528085,-0.16071997319389586,-0.10162310765611139,32.98569486219512,5.702119834536592,-0.586919031752822,1.3430370038844452,1.8831412777902676,-0.03825848087825272
254.6196448195135,7.138556113647867,0.8085421392292234,11.841897000892455,0.06806858216872305,-0.16009448731427792,-0.09779456340124072,33.50970581029995,6.427700027692248,-0.6153541307802184,1.3288602683060984,1.8425306694357553,-0.040503264663788306
254.8,7.153023071769879,0.7802182274838818,11.812795838111251,0.06851648830197316,-0.16001183634569197,-0.09933564678054208,33.72796012414071,6.753819174436215,-0.6284809879647627,1.3161328693595107,1.8248448689795982,-0.040979519106489184
254.81985795829644,7.156369016133187,0.7728009861584969,11.820824886422011,0.06891043086776877,-0.1607262588474507,-0.09635651822567314,33.736154648681186,6.815941431193161,-0.6397795702543688,1.308593027369392,1.8335238248325252,-0.04225697353106118
255.0,7.629544305922614,0.3509831912735565,11.730603133300791,0.10558154933032474,-0.19195533406037543,-0.10166416220696882,34.474132994959895,6.707467567796031,-0.7242894339458646,1.3625345567658185,1.7655010964030278,-0.04867382568876073
255.20000000000002,7.65118120674315,0.3131403636472389,11.800384710285448,0.10564819116977726,-0.19191348255282015,-0.09359675357156867,34.744928322427626,7.058878664975177,-0.6539636047353066,1.3574302046293694,1.745765011527872,-0.04287618765680808
255.2202909484745,7.655258777119248,0.30994530629540734,11.797381840652038,0.10599755647254222,-0.19182694008129722,-0.09399659403400301,34.7602987559645,7.091144495132204,-0.6535533862713632,1.3516127874992698,1.7423698454218544,-0.042739865559146856
255.4,7.67413858473414,0.2753171505275232,11.756882766124743,0.10597523018780043,-0.19183912216889315,-0.09616487268713952,35.00327794810062,7.402582708061586,-0.6819948220016061,1.3469351669695966,1.7239536476352326,-0.04466107876318328
255.42051040120202,7.676604977182395,0.2332923267745004,11.728253468670587,0.10611425429627326,-0.19687844604744484,-0.10431682022126296,35.0251757648647,7.586246273645563,-0.6504208965945232,1.3438199978372707,1.7832964131104079,-0.041126705643313104
255.60000000000002,7.685068932126812,0.19321208260722172,11.709954420128371,0.10387896724561356,-0.19748929783294275,-0.10208663362286609,35.3639237141624,7.931779608345873,-0.6746624435381428,1.3794737943056832,1.7770039088680734,-0.043008861425413235
255.62073156454105,7.691403988794581,0.16288843551736237,11.707761904382842,0.10467769679812354,-0.20117137552714254,-0.10209032741828662,35.358730914262296,8.087564670279463,-0.675459354534901,1.3654519333150126,1.8229968613387755,-0.043093895804388826
255.8,7.710178828143662,0.12683494836802547,11.691059771560091,0.10467886538965226,-0.20117057691171444,-0.10194462936265687,35.603130800555235,8.412939794750253,-0.6817806159468154,1.3615589027423536,1.80694250738057,-0.04312941852310749
256.0,7.936793346470359,-0.13148334737092757,11.697623901651303,0.12099582821673872,-0.21844064239137942,-0.10049209567804174,36.105719785037834,8.522731049470627,-0.6562845166685497,1.385618061326206,1.7569397944759502,-0.04035406790076274
256.02117825790543,7.937742005430827,-0.1055355814239841,11.794075737948033,0.12067875230275407,-0.21481058484428903,-0.0890695795788501,36.146502258642194,8.477796155938982,-0.5937120630766015,1.3902693106994528,1.7189434400029358,-0.03601368244330812
256.2,7.9596592292691675,-0.14369274107895713,11.821458849737775,0.12071222043381087,-0.21479137852323768,-0.08505723475480546,36.39434414329689,8.783574147902742,-0.5621488618707366,1.3868438950619406,1.6999557408333927,-0.03335818610999235
256.40000000000003,7.984249820512547,-0.18631642738070375,11.860782623190245,0.1207557872480091,-0.2147664372600301,-0.07977642299158867,36.670647925521386,9.121467890852179,-0.5198971379296372,1.3827856610626754,1.6778302595689263,-0.03008247834400644
256.4216295312188,7.9997647062850765,-0.1834368687119832,11.90473009532516,0.12258369263392227,-0.21393602281558102,-0.0651458063409008,36.63750307138445,9.131539935014278,-0.5859020852591169,1.3570077315323013,1.6647564192985156,-0.03732770463140591
256.621856432474,8.030753591125976,-0.24302242480988212,11.877289655974815,0.12405996097787203,-0.21615374055238123,-0.06990559838613988,36.840166210418495,9.528052893424285,-0.5742936529613563,1.3241182141401613,1.6678675681525084,-0.035324720807397875
256.8220839424394,8.041955385015418,-0.275862455795396,11.821602865866438,0.12146277364216855,-0.2145631362424889,-0.08253974760131925,37.226863934599216,9.809425540069174,-0.5263304228190553,1.3651503786672394,1.6246756166601233,-0.029212795297006322
257.0,8.152006736802564,-0.34167443264269887,11.788307776947118,0.1284914145255423,-0.21674401459284107,-0.08380251565240165,37.566341800342435,10.064681572432034,-0.5524720134116419,1.3728238369351176,1.598711476881406,-0.03099892712999618
257.02231188995864,8.148379863015291,-0.32391483975809027,11.780670672949284,0.12758572430623152,-0.21407406420243166,-0.08498359144144074,37.62377883950007,10.040539537581942,-0.5511822123474527,1.3836638839820354,1.5700520140481857,-0.030688752246348008
257.42276843180696,8.194652726623527,-0.4210210567468937,11.729692457985477,0.1269589461512875,-0.21546445460731745,-0.08990617521395279,38.196420220149705,10.698634724116076,-0.5438849897010365,1.3837219231838565,1.5326632886851534,-0.02925706699082584
257.6,8.224821866486062,-0.4541596838127087,11.792631779326463,0.12868853157345328,-0.21479689708059194,-0.0840406300012751,38.36384680760322,10.941402738237317,-0.4678361932246746,1.3485621812201227,1.4974454349857929,-0.022837706366169015
257.62299670269084,8.228758240431226,-0.4647182933517983,11.789987741716914,0.12888341194465996,-0.2155403746768592,-0.08425382871322226,38.38586463556362,10.998989135730483,-0.46765547359449905,1.3443653002312432,1.5034127434000109,-0.022837983846746172
257.8,8.25844932488668,-0.497052602337046,11.814295173136003,0.13115482578627174,-0.2146410033017799,-0.08297722187576116,38.502493336905964,11.219691564125199,-0.41825985968154034,1.2912441371277803,1.461498817672475,-0.017931118597893148
257.82322476427686,8.256800287288065,-0.5115783141997743,11.83155456188838,0.12632650861760578,-0.21660934811262755,-0.0755092369919231,38.81987955609913,11.359794535496418,-0.44208222987264223,1.40840695830025,1.5007137832356607,-0.021219341346856112
258.0,8.247453266907689,-0.6502228143402429,11.824223361262538,0.12377804046408224,-0.22459629434096026,-0.0750236986605638,39.03735045592025,11.510187322970422,-0.4396477760351771,1.4034047323574073,1.4624210489387302,-0.020687097254063456
258.22367965469914,8.269576661506884,-0.6809033838273688,11.806020659470216,0.12297266810902499,-0.22225198131131027,-0.07542911545465789,39.37813161951854,11.775335851843645,-0.4421322824010454,1.4119481636761635,1.40546930532431,-0.02024411545474518
258.6,8.298725167005655,-0.7759759836712,11.763080687782272,0.11901441851939798,-0.22391015040535275,-0.07390638469013705,40.088838156738205,12.362214779754805,-0.48456054784313146,1.4808684296642785,1.3750231779109847,-0.023726772914456705
258.624131931579,8.301725781526217,-0.7811885631397087,11.761071335987952,0.11910519995063144,-0.22386929760234267,-0.07400294534479553,40.119737468319485,12.393400184498576,-0.484889440563912,1.478843315036337,1.3704857671969268,-0.023673728794148557
258.8243567405097,8.325757264339366,-0.8269376634849249,11.747604442027301,0.11854153596394912,-0.22413516401745667,-0.07338858262465249,40.45140977849359,12.679415020484281,-0.4910627791269039,1.4941006550984448,1.3450588731461344,-0.02408997179010711
259.0,8.349629836112591,-0.5347919305769543,11.6638139840573,0.11892876855007298,-0.19796796799021005,-0.07811888123918724,40.69486642566939,13.310921002996395,-0.578791416116855,1.4886288460640313,1.37061450448348,-0.03110684744857036
259.0245804843023,8.307009096235017,-0.4659436277063862,11.582792636262262,0.11360770021284569,-0.1897483029027959,-0.09894817783366858,40.87067952768069,13.162919981510969,-0.4988801031397694,1.5458075907769493,1.290374260870877,-0.021560087963214333
259.22480303354786,8.331214067969848,-0.5020457146049756,11.562031637921706,0.11451598035483503,-0.189312567999841,-0.09958194764455536,41.140813074470955,13.40114156169798,-0.5022399331944843,1.5307066624060919,1.2488699850097453,-0.02134146699838283
259.4250242625592,8.3761878279732,-0.6079327727179826,11.547469283704414,0.11739089284626004,-0.1970187975288612,-0.09820035614865336,41.3480279422636,13.853404426770519,-0.5138214303373165,1.494218078348087,1.294753289224861,-0.022988897908829957
259.6,8.40115068352915,-0.6390921287600673,11.781367501064723,0.11824391192611879,-0.19659115508723224,-0.07426011032261427,41.57463226282993,14.062393627161514,-0.3066964577215402,1.4808773624880445,1.2596581186546545,-0.006778564111877827
259.6252440493433,8.411555879707445,-0.6590505099120061,11.792811820172606,0.11917970133446108,-0.19833309875859015,-0.07083033114573307,41.57821899454765,14.14627429534857,-0.32087198104858067,1.468110171371384,1.2753594574978269,-0.008397766093494324
260.0,8.191521199381716,-0.85473862367231,11.74191602877499,0.0981220033227449,-0.20801907409766282,-0.07190068509327213,41.83786971221229,14.47972920849532,-0.3588160873622652,1.432979749792097,1.1971780778513317,-0.011689113853044957
260.0256788265547,8.188656147852123,-0.8412771544366094,11.744800124701849,0.09747701515832768,-0.2060399664387417,-0.07075665940251138,41.89219806030929,14.46857013079549,-0.36276944067481776,1.4400453556319486,1.1754775582373875,-0.011832686455123724
260.22589359120184,8.222935327470784,-0.9039108134451698,11.759036165530958,0.09912153656230593,-0.20833403129361525,-0.06397581981980065,42.13568344583288,14.755862114370043,-0.39023269134824423,1.421822853439713,1.1619142714457151,-0.01467738312459253
260.40000000000003,8.243355248162477,-0.9361119434844251,11.70082618107648,0.100636370681414,-0.2074915474066245,-0.06957312887163426,42.31149927113912,14.92221270476624,-0.42535390797292516,1.389035031767635,1.1165537586120624,-0.016557063655813914
260.42610646199927,8.24466348065411,-0.9443614660680564,11.701563524848023,0.09942803973520278,-0.20817781135196387,-0.06843012263878462,42.40798482167808,14.979539748237402,-0.42863347580757716,1.4151939429696063,1.1244683195819996,-0.017097259812568388
260.6,8.26185519212502,-0.9806150862314961,11.682884557639344,0.09941977419297676,-0.2081814770576174,-0.06907912279952486,42.65409567125411,15.172468376064948,-0.43723138245163595,1.4135303184324364,1.093679033121206,-0.017586768512611286
260.8,8.281808459216496,-1.0222141557345354,11.673827153168695,0.09942555598196827,-0.20817891036527028,-0.06862119613481023,42.93649930619975,15.387543034218442,-0.43679860306064044,1.411756809000476,1.0572882533575747,-0.0169625482003269
261.0,8.14657550262558,-0.7726863385823972,11.652648822792445,0.08720990112406958,-0.18527582701341092,-0.06903275808656044,43.026263759280994,15.961958994521511,-0.45071115415347895,1.3831031819614736,1.071662293522044,-0.01788555152560625
261.026732689077,8.151270266322257,-0.7759732020803476,11.703711077114109,0.08761280778646677,-0.18505317906334548,-0.06402158513260557,43.0507584220627,15.98453344037718,-0.40805993911676236,1.377285658299517,1.0640956489068116,-0.014482730148235428
261.2269369796825,8.166318530821032,-0.8154618252037054,11.69143694688039,0.08688155456732426,-0.1854878931912562,-0.0636449931021306,43.3556725160273,16.208409283028516,-0.4118547095080556,1.3879642561836174,1.0339164078275231,-0.014628492581052801
261.42713889135496,8.20042839660392,-0.8981966651089448,11.67452604244916,0.08878963108809072,-0.1901775962841337,-0.06464816993023483,43.57502078963123,16.529648310323676,-0.41200648052077304,1.3638924004064932,1.0413622935823126,-0.014583474919750155
261.62733833735666,8.258895125235815,-1.0006704465793512,11.690352959315504,0.09469206520657542,-0.1963188164651862,-0.05848232533349487,43.6215395838335,16.89147777992155,-0.4461833492870385,1.2729362747925634,1.0602221252910695,-0.018191969527668203
262.0,8.294938909462934,-1.29597204941953,11.649985686055624,0.09558006700127548,-0.21341772355408084,-0.06020875402370923,44.04236629629729,16.961893228829673,-0.4717626306283124,1.2397445550004051,0.94350517435673,-0.019434440351636474
262.02772950214205,8.292187305900624,-1.3068973278972553,11.638398305048353,0.09436259099795775,-0.21420468623445427,-0.060658355829659144,44.118197200098145,17.010183559330766,-0.48289306508079116,1.2578664952794416,0.9487593409184795,-0.020625483979344102
262.2,8.30589967028941,-1.345116884218267,11.511424426931143,0.09416242839614573,-0.21429524236547634,-0.072064336176921,44.337752193861235,17.1725738275784,-0.5774477976795067,1.2534932706697228,0.9180146779793905,-0.027645425741762417
262.22792106410657,8.291100731271127,-1.2979185514100946,11.527086160173587,0.09223873461326053,-0.20908294945734326,-0.06786659114690573,44.42499143182054,17.08385680004826,-0.5958987534097655,1.2728148157645676,0.8693455705345325,-0.029221167457121205
262.40000000000003,8.308961550607288,-1.3324714543836371,11.565849452939581,0.09258928126745322,-0.20888293510932343,-0.06312198920245668,44.63057116586807,17.22393130509837,-0.5599726190580682,1.262390211298809,0.8332672936113805,-0.026024914527263854
262.42810984670416,8.31215845372031,-1.331596187022084,11.5754917973158,0.09258939472524673,-0.20822002179833887,-0.060359594047834475,44.66790031691961,17.23235755306338,-0.5739878473007227,1.2623451663447203,0.8221622571275021,-0.027332814426235065
262.8,8.354229235743928,-1.4020413017261124,11.643010498462164,0.09489521769376823,-0.20685300058886308,-0.05293771176247415,45.01627540003301,17.463482925401557,-0.5027897329008952,1.203165155712436,0.7238799012338647,-0.020689396086573296
262.8284787959903,8.316094119758462,-1.3432965484342148,11.594221697868868,0.09062945709005073,-0.20019507897473648,-0.06442781817383189,45.19044140453732,17.277271444988983,-0.4419322763024181,1.2508053147149854,0.6448684324345453,-0.013602358755014358
263.0,8.978028331343609,-1.5125539528237073,11.621349669060622,0.14223469442788883,-0.21054778579566208,-0.06319410094479244,46.12674821906561,17.180755702053442,-0.3838363429518624,1.3300266887765952,0.5733107703802754,-0.008111677783677848
263.02865883177674,8.983318988013947,-1.517883035867739,11.619278247851687,0.14249722158515418,-0.21041077606217,-0.06332555151856877,46.15621870800455,17.192968172574723,-0.3836000187669328,1.3252484182610176,0.5649858399359178,-0.008100767821299253
263.2,9.008096817157357,-1.5537456385200061,11.626349682402193,0.14252507530872854,-0.21039880355924523,-0.06158713390306626,46.382444841525434,17.286261891333027,-0.37084836477953514,1.3206648160601235,0.52669927625306,-0.00686909346716119
263.2288358263386,9.029322886855589,-1.5733349645972043,11.657932919890333,0.14409542878224207,-0.21173657450903827,-0.053643760656307854,46.38623987381975,17.335104080959564,-0.41170211998322426,1.307408280967915,0.5333432325196446,-0.011061551591669069
263.629180464619,9.087102283107988,-1.658037661517582,11.636404697430793,0.14413835137108882,-0.21171365918307716,-0.053670294210395604,46.90532298262438,17.529665543242903,-0.4160002563529815,1.2954727075455263,0.44280604443049626,-0.0108255073475954
263.8,9.111831963782917,-1.6941466333838946,11.633292844985016,0.1441465469618876,-0.21171036533747048,-0.05308125238615823,47.12601042975519,17.6018976577861,-0.41310831837342793,1.29037676633604,0.4039359287611779,-0.010286597487237703
264.0,9.031819560389794,-1.501775730125002,11.645771781956947,0.13564383729577095,-0.19334823393879164,-0.05178227210680864,47.23911550046095,17.98906788258412,-0.3846056138722268,1.2632598032874656,0.403344172020904,-0.00787342701656219
264.229673274052,9.043266031130063,-1.5578075366927027,11.687425248902015,0.13151651132018247,-0.19556575939223367,-0.04530667230351201,47.674924537646156,18.148613862746508,-0.35390371399539794,1.321679725226801,0.38512371198181916,-0.006538619088419385
264.40000000000003,9.06874469512035,-1.5895014243776295,11.80806475193712,0.1317484107914657,-0.19546185746810396,-0.032511685936372534,47.895761129736734,18.20879125237356,-0.26002136001552767,1.3173393060247376,0.34664339657167736,0.0008501287896009423
264.6,9.095794554019456,-1.62822645551781,11.830673967203875,0.13180076790157227,-0.1954383728612319,-0.029594118414931963,48.15786433364198,18.273142269137757,-0.2385943337787636,1.3131247127555743,0.3018209834551541,0.0026396371301613346
264.6299851863968,9.110280737504539,-1.6807164530105707,11.796026893372128,0.1329892040184391,-0.19989934210277563,-0.03750524070724026,48.15746124418194,18.3930963205426,-0.1947697808548253,1.2983848431850062,0.3341092661874348,0.006485324999723869
264.8,9.13227929543196,-1.7150171819403743,11.759816380242277,0.13294457994178216,-0.19991744560889071,-0.040455418553929534,48.378760453318925,18.447214024408012,-0.21599391225982295,1.294768197436556,0.29682751709468236,0.005028268833136146
265.0,9.393588825776062,-1.5222815563675993,11.776048695312973,0.1516717824433635,-0.18155821591892154,-0.03997083926416127,48.894526517688334,18.78977318092855,-0.17078832549645712,1.3205683860975195,0.2910209253170729,0.00852415359719153
265.0302834368498,9.411117868959483,-1.582456363943109,11.7984381463934,0.1529782395104702,-0.18660625798886624,-0.04257524052241574,48.90404366868334,18.890919056044147,-0.07597663642461377,1.3085983726223327,0.319204457904624,0.016512011334493905
265.2304273571339,9.459728327418404,-1.6509766658252532,11.796972811599924,0.15464336618300267,-0.18948396015265137,-0.0409429036081124,49.128171525396844,19.01243924361126,-0.08353536803844104,1.2908412257275617,0.29901726467737316,0.015356759485354882
265.40000000000003,9.4835695955402,-1.6843017779483278,11.663245198470168,0.15448099521387804,-0.18954009617438358,-0.05343028578659184,49.34902701306657,19.061569009824577,-0.17736567775629508,1.2875299047671545,0.2632543611523278,0.007663054406488399
265.6,9.51480845716683,-1.7220386569106416,11.670916056794383,0.15450422779045514,-0.18953209281885292,-0.05160827891315748,49.60574001352197,19.109734015351393,-0.16205090112191078,1.2828706941419037,0.2204569379506896,0.00880788159770672
265.6307046496749,9.542411939009643,-1.7140050851555992,11.665015517185946,0.15833065127091905,-0.18742346301363036,-0.05330173373258678,49.49413334077609,19.03854776136253,-0.1522119393084928,1.2212188559417558,0.1818017528930979,0.010340879097323088
265.8308379752389,9.56313164598407,-1.7693140267019625,11.599200908276611,0.15754510419422182,-0.18907556965392694,-0.06617812101073553,49.75127031630322,19.10521417040281,-0.06941978763674653,1.2177523440683102,0.14919358270667937,0.018291897957790376
266.0,9.606178276187856,-1.8259563932105918,11.562346794944022,0.1592260168337714,-0.19078802883056167,-0.06795543009581001,49.93468208415865,19.072742879553786,-0.0995870764114295,1.2005471687463636,0.09964228105350285,0.016009780572706994
266.0309677272367,9.637202678282275,-1.869760947971237,11.633747806460278,0.1615457128239476,-0.19428901593166029,-0.058800753627453406,49.926960562320716,19.144858437814804,-0.07638527016067279,1.182978530923558,0.1189198398788554,0.017021072698867146
266.23109388933364,9.729795660735938,-1.96789131169471,11.642341576538772,0.16768205351729779,-0.19950377496128965,-0.05438835452937299,50.01311336395969,19.271649865623704,-0.10321326728145376,1.1171741444917516,0.11247446137710723,0.013608199623312254
266.431216447954,9.775266067579993,-2.000421649234891,11.628530107126904,0.169555057554971,-0.19844889419106335,-0.05532156615888607,50.17121682498244,19.255847141480256,-0.09502554392765677,1.079467941352184,0.05486173782526902,0.01460656585943998
266.6313353922541,9.806900780214304,-2.073365962174155,11.559050723760913,0.1696383878456523,-0.20157555372272407,-0.06829885636655587,50.373133768849705,19.332277085433013,-0.016726615454123128,1.062498460148945,0.035327114401493206,0.021917706572881016
267.0,9.894288966023172,-2.0466356251165627,11.535692625155324,0.17221498435346155,-0.19337182293897315,-0.068749460243716,50.72953882975496,19.425522590253244,0.0007034123606710014,1.0229240334424599,-0.03767565168942601,0.023394495948047753
267.03156240802076,9.88637018210305,-2.0607074860717245,11.674739733637876,0.1700601538520162,-0.19458659807039586,-0.05410026205732488,50.822784183828205,19.45544557183205,0.10129007714076525,1.0491705460924416,-0.029581297686027203,0.030771773555275096
267.2316704712186,9.924332066950823,-2.1501189923271578,11.597434652093366,0.17074450144906816,-0.19931367537469355,-0.06843980976462495,51.006465496033904,19.536782365423036,0.18712674670474172,1.0278369194450498,-0.03920517640061505,0.03829816023345429
267.40000000000003,9.94453186667959,-2.1888475203551394,11.603994519902038,0.16934802237013172,-0.20009017165895143,-0.06625559657789165,51.22573827727741,19.552066716932256,0.20289570619856448,1.03805685295726,-0.06360972650318945,0.039267414113846
267.43177490350206,9.927217334904405,-2.1415213265760435,11.616136789350016,0.1670749593272733,-0.1949226643941146,-0.06313002352655427,51.31914741270491,19.42773945155401,0.18817825641000957,1.0580866286703487,-0.11438532031802076,0.03833727989682408
267.6,9.961362937912709,-2.1711698440038294,11.639479517300334,0.16815322643899264,-0.19438889998366513,-0.06010858377038413,51.45571952484887,19.384803729620355,0.22479554844144198,1.0326028179581213,-0.15935139517631353,0.04100505139726937
267.6318757072758,9.96209583966506,-2.179654810782899,11.638887583823088,0.1669971765702302,-0.19495527425733902,-0.05958375426169695,51.53646092746944,19.403401658106137,0.22299556332389217,1.051478913603832,-0.15575517610990772,0.040478945375734175
267.8319728875063,9.972681236935545,-2.2058149817860744,11.571360504791167,0.1649953690092981,-0.19355766877297734,-0.07194211827027631,51.797701243234364,19.311629857634752,0.3072680397532273,1.0581434610585105,-0.21909544668556735,0.04873103737998482
268.0,10.078769896860688,-2.3958412284075177,11.518797956315195,0.17106175685775546,-0.20578229961416758,-0.07447328332357858,52.07144222869283,19.07224227038975,0.2603727271477549,1.0633939535080161,-0.2847241308981888,0.04507513863587795
268.2321564098265,10.111988612665487,-2.415220407390794,11.522482999411332,0.1703268603813738,-0.20304397675883798,-0.069417967534125,52.337451252865876,18.943522986314978,0.2370936260604234,1.0589868159478608,-0.358057471234266,0.04301202499248732
268.43224277437463,10.174153439135763,-2.475461757633103,11.54217995603156,0.17349612432487602,-0.20476204685925223,-0.062332009075471345,52.460386187750196,18.910582337666973,0.20331622561428758,1.013638574158475,-0.3894871553085981,0.039043600847593805
268.6,10.199387940281127,-2.5113479913243926,11.55149899553112,0.1725789789213785,-0.20517751499942768,-0.06007114556172569,52.666756888374046,18.85971670988135,0.22185099944878528,1.020245628984209,-0.4194695785411489,0.040185941588968634
268.8,10.235647826220315,-2.5517363062815717,11.673751915566664,0.1727237839583406,-0.20516119046227294,-0.04674661888310747,52.86639427217525,18.768854466299654,0.33347624563487493,1.00870257124479,-0.4651897165362335,0.04867824153542355
268.832404784682,10.269853398302983,-2.6140753614499963,11.673591538099547,0.17567436551040966,-0.2110268606969072,-0.046404105268566816,52.80400272970255,18.93624506909222,0.3287787400162531,0.9743869952621798,-0.40842415710675106,0.04718354361756469
269.0,10.477213529588278,-2.1463567845753917,11.594934569448343,0.19088920377320928,-0.17123222860768308,-0.05220189879545249,53.07091857066096,19.440677372830972,0.24879003622110982,0.9542254890079098,-0.37352143404682714,0.03990869845752673
269.0324804673833,10.485278571626603,-2.130845390350639,11.631909858594565,0.19090292874656695,-0.1692066699248582,-0.04377178605244307,53.106543690656466,19.39348867131332,0.20176330840796491,0.9540749109044291,-0.3935297779990285,0.03547213747523822
269.2,10.528468945679249,-2.154107670847207,11.7393044678417,0.19274796662806506,-0.16839096720712934,-0.032921199467705366,53.20985593042627,19.29663181260447,0.3030256934221765,0.9183453681210473,-0.44157680582472186,0.04358611098313414
269.23255263030796,10.570794966444925,-2.217626962073325,11.758821786135943,0.1962079895733854,-0.1742464843418909,-0.028302224980143807,53.16068928595075,19.421356239826522,0.27309778891455944,0.8869182874703878,-0.39561212139001967,0.039781636656340345
269.8,10.688033110860582,-2.313215130788655,11.592004158167121,0.19753872918583687,-0.17353778819842533,-0.043800774736465806,53.592348076414616,19.134818894735844,0.18616601110245784,0.8190617214064126,-0.5240825623037888,0.03295708414213361
270.0,10.541828450129813,-2.30268455710732,11.596251171801438,0.1829428083138182,-0.17028104005693082,-0.04271293971122899,53.53798412281705,19.10216181618972,0.2076002916818891,0.774583155934605,-0.5508061072579342,0.034018016400927026
270.03280660283747,10.549445976496829,-2.2958762470649035,11.619405192931758,0.18301274026117895,-0.16906560557230998,-0.03742650337789874,53.564756966466305,19.062709327594693,0.1795648794253981,0.7721769687172219,-0.5656591096172132,0.03139139972847994
270.2328615750269,10.577261929411971,-2.3334269539812773,11.613683308829987,0.18141110457303994,-0.1697614092534317,-0.03681903647245609,53.768241060528425,18.96948605515879,0.18271495430201853,0.7785722983195446,-0.5953569676255956,0.031379896483413244
270.4329132058162,10.625316721315876,-2.380626778267153,11.624520691247765,0.18252307120197794,-0.17114700571957375,-0.032984150755393946,53.895552286251,18.88596784144576,0.16729283953989485,0.7526346315234987,-0.6206214488535154,0.02920529626759565
270.632961532285,10.613964566030887,-2.3136387104959666,11.628272003354471,0.17756914226317297,-0.1605019427974279,-0.030893928930526705,54.192321595970654,18.45436531124828,0.16980756895593976,0.7875009713079018,-0.7691200637022387,0.030223970221462587
270.8330065934889,10.683345968873088,-2.3830264183151892,11.659268945645435,0.18147226423852741,-0.16440320838775338,-0.023349699434036912,54.21588711753466,18.42370585164596,0.13325316360673425,0.7234214407502183,-0.7682698455675849,0.025990544235132102
271.0,10.64690819024772,-2.4463580324930723,11.676200372865212,0.17540690825443156,-0.1676005773562868,-0.021267151437271217,54.323048672449275,18.279532502082382,0.15646769262821628,0.7231794875544191,-0.7968874507179402,0.02754587711761977
271.2,10.683787606427208,-2.4792840956835875,11.800474544565478,0.17556671882464897,-0.1675841026347482,-0.008567299297879779,54.463198937306984,18.11386961113263,0.26078135232389876,0.7058550697096658,-0.83796169630885,0.03535642554939023
271.2330870859007,10.683652714811354,-2.486999595128577,11.801454601639428,0.17460019372398994,-0.16795564630679813,-0.008182755203059316,54.515802526245785,18.098895239434132,0.26002100655092325,0.7164237011861743,-0.8387241601565839,0.0350636965908597
271.40000000000003,10.713040711676852,-2.514954010139105,11.81724953200693,0.1746222632949358,-0.16795312534681878,-0.006482531210649453,54.63381461915977,17.955807040401393,0.2789319417784176,0.7026074018331054,-0.8718985089476342,0.036228530406197744
271.4331226046398,10.721134492337912,-2.5184151223038014,11.829080551050149,0.1748066522729451,-0.1677513393095354,-0.003950965671952841,54.65401999376527,17.924152733063732,0.26637183871013176,0.698822096270982,-0.8795233691383927,0.03489552953082232
271.6,10.735768262991824,-2.55142089779409,11.85954655853991,0.17222731693103696,-0.16871843646064463,-0.00010322873427430967,54.86537002341694,17.81596063095221,0.2867384331437144,0.7260435357460187,-0.895043461595387,0.03547387104925968
272.0,10.834491439609636,-3.008120970273341,11.900939295058116,0.17415473410616072,-0.19872261508596245,0.0029383231514503853,55.23053029348107,16.922892477268306,0.35729235464321285,0.7135704241684663,-1.052107807114553,0.041489318846020286
272.2,10.870635142442229,-3.0473710134928957,11.975226703696014,0.1742688991743062,-0.19869824250282797,0.0103161833052008,55.369825063303345,16.70700953011925,0.4195501805180418,0.6982204137068926,-1.09278140458183,0.04575040632145627
272.2332342661854,10.857978803463695,-3.058559502879545,11.977907579517947,0.1714374908035273,-0.1995352877823357,0.011179035802704195,55.47649117030081,16.701454431107713,0.416888571558642,0.7336589747496864,-1.0849722782292983,0.04504848700901976
272.40000000000003,10.883377768558562,-3.093016244522431,11.804346899922596,0.1711580141054197,-0.1995958194576206,-0.00644078473902979,55.603028285468724,16.521490818057902,0.2977167337716721,0.7233262266458864,-1.116799460659028,0.03607514745266015
272.4332548310799,10.905657698554107,-3.0963878614803853,11.802320446251796,0.17388197154076887,-0.1988687704504862,-0.007221244817065712,55.53672410915495,16.452548874677486,0.30267756940068996,0.6810549373253855,-1.1376848499264773,0.03689734689754562
272.6,10.934676809745849,-3.129539105185109,11.802483576356051,0.1738841731279539,-0.19886829096966804,-0.007083374894033224,55.649154558598084,16.260056511498412,0.30977568814434653,0.668034440496881,-1.1705626258701871,0.03658612967686988
272.6332725623128,10.931574667969771,-3.104088192965192,11.822729774136288,0.1729608848833492,-0.19568207287775952,-0.002661959632929426,55.70072906491907,16.13811098346023,0.28550269046271043,0.6752820437876125,-1.2059428266560526,0.03448731106252968
272.8,10.960307253930536,-3.136744027386168,11.815513822315467,0.17295161062296383,-0.1956830538089675,-0.003336995157843721,55.812406262435886,15.934425982346095,0.2862918124404461,0.6619239748276875,-1.2390681231942897,0.03417940801124062
272.8332875156691,10.962114779458124,-3.142861556590028,11.802551450907451,0.17261308502255004,-0.19562988258052635,-0.006175140932695418,55.842300125605625,15.887842671920264,0.306171032554862,0.6618594625435552,-1.2474679633343229,0.03607140558879085
273.0,10.856729755718147,-2.920579060040495,11.791905720040093,0.1622534029710982,-0.1760591502525779,-0.006807720038842669,55.77228765715728,16.025084392732786,0.2961152407676596,0.6217869523408348,-1.2268599446868267,0.0343462084048932
273.0332997482658,10.850020404041244,-2.923832903628178,11.771787461863415,0.16122454327237506,-0.17580952917276316,-0.012625537692856514,55.809932591850824,15.973226188776922,0.35226027829656176,0.6251599208021216,-1.2374907488186377,0.03936567021534421
273.2,10.874408606433022,-2.953842457183477,11.609474188664091,0.1610102822043279,-0.17582556254579745,-0.028479852090402973,55.916460943442374,15.767071663645034,0.23867831554824215,0.6118882181746634,-1.2685228263071182,0.03049753728329481
273.2333093184833,10.885066394089742,-2.989519576339272,11.585165860944812,0.1615588813430134,-0.1786707008846423,-0.0336850098545308,55.92118997729138,15.78305353612348,0.27312549161359445,0.6036493046949338,-1.2534134800844443,0.033357465903153534
273.40000000000003,10.921780971559784,-3.016628936990945,11.549059383965615,0.16298766761042488,-0.1782382349886952,-0.03707454468131136,55.975454039418786,15.555079762177382,0.25991363431409026,0.5694986752669959,-1.2916130365026153,0.0327341830405892
273.4333162858945,10.907732443767765,-3.0272426943880064,11.551071435227637,0.15991678927459504,-0.17908356851782206,-0.035908248180371534,56.09487965987168,15.547913306164194,0.2544048579687851,0.6108934394375736,-1.2816366037960618,0.031612669640656024
273.6,10.934191557305109,-3.0571309170478913,11.5309902989944,0.15989892746574522,-0.17908329714410096,-0.03730859584319518,56.19595725419097,15.332052829015227,0.24907604716006665,0.5976218190602981,-1.3117580846664998,0.031016338531482016
273.6333207111917,10.940071881720437,-3.07976008227213,11.5089526667344,0.16002463719109747,-0.18071579422551534,-0.04212772905477839,56.20812955716481,15.327102693525761,0.28333124499338563,0.5923755931950399,-1.3041459269150133,0.034103305668435384
273.8,10.95094721619762,-3.113455989106099,11.487573787413632,0.1573139442238244,-0.18143616656354808,-0.042738488348539,56.41376927221035,15.146061859421046,0.26871733276417353,0.6235229403889704,-1.3176031044275243,0.032148974612559514
273.83332265611295,10.955745028046856,-3.1219383622227994,11.481394037116553,0.15729013336262446,-0.1816777395325955,-0.043862176925437146,56.43410804954256,15.107881873877412,0.27779990539100824,0.6209365918006413,-1.3213551628457174,0.03282448171376238
274.0,11.17704301713992,-3.165996493166717,11.456408192643732,0.17461765669172863,-0.18195473244495342,-0.0464024858264136,56.59688775292291,14.80396818904029,0.27522118799319706,0.5751412192665935,-1.3772495748318112,0.033261174503537154
274.03332218336556,11.195531739954397,-3.2143223898614526,11.417833847652842,0.1758209686740813,-0.1859829226503196,-0.05187949534159766,56.589070307858414,14.837051908510821,0.2784364575649766,0.5625306717833749,-1.352958737538564,0.03352791162857921
274.2,11.224246683479654,-3.2453980008900776,11.36390825140124,0.17576564618818594,-0.18597790853161902,-0.05638493643584823,56.682619229584645,14.609993444270376,0.2490189499182287,0.5482322904195813,-1.3809255764256292,0.03103358209454049
274.2333193565481,11.22799318867863,-3.2521105182809955,11.362352470440724,0.17542377679871915,-0.18606668522975023,-0.05626112502129478,56.711081462969744,14.567360255660017,0.24935429786388447,0.5500230399954096,-1.384965104357598,0.030926414688749442
274.43331424007107,11.251532317246934,-3.291540205711653,11.353097855127457,0.1732987685319227,-0.1865556370908868,-0.05546964767084402,56.89223566716833,14.310314045113921,0.25125215824900793,0.5656159001793684,-1.4076714607648722,0.03022065390311936
274.6,11.280377823052712,-3.3226408471300863,11.340786066623906,0.1732948531366354,-0.1865553404898729,-0.05578066410871861,56.98545116651816,14.073477014545334,0.2539837297109926,0.551771339051914,-1.4347732144214855,0.030166472688826183
274.6333068990753,11.261041596208777,-3.273827568148808,11.330522175463955,0.17091467482961797,-0.18096145126340937,-0.05784688248987743,57.070380906222894,13.866771085707592,0.27410514563280675,0.5714285412013472,-1.4969021751299798,0.032627313529343706
274.8,11.28871387766339,-3.3039796860147614,11.247959993906695,0.17083410635543442,-0.18094407457541523,-0.0652260797604427,57.16644979356246,13.616449378468891,0.22385010980003303,0.5586693079220597,-1.524525177601145,0.028807904259550113
274.83329739934936,11.292290402493297,-3.309908314940548,11.246365766375241,0.17024751117280626,-0.18103152469404496,-0.06497669683275376,57.211496819074895,13.572771964586533,0.22346775426218682,0.5675257602686534,-1.5269194628462113,0.028637423321899107
275.0,11.68663544134133,-2.8208488689666735,11.275065365337404,0.19994900927839274,-0.14038261622795803,-0.06407634537096502,57.665245872605176,13.956598220116401,0.30016223255834446,0.5871177384292587,-1.466937148099536,0.03396025134382048
275.0332858072451,11.687082321229974,-2.7603959274465137,11.331130497550186,0.19921470096511562,-0.13411470360371985,-0.05054595681954458,57.70955177529414,13.790995298940352,0.21211965236969127,0.5936100421108274,-1.5168464178092802,0.026089867583430605
275.2,11.710233194332739,-2.7840605581840596,11.211106220993594,0.19774049971642052,-0.13434263462277438,-0.061657865709420556,57.84922091314406,13.54858757846083,0.12900724044587436,0.5997685834494055,-1.5380809851270654,0.01949542437357614
275.2332721895913,11.73509884177721,-2.8550420418388005,11.186214702149416,0.19950512955750907,-0.14085800827481554,-0.06701570243419708,57.82342753247908,13.640542205810862,0.16306938355619732,0.5812085273096363,-1.4896549113624635,0.0219380880239387
275.4332566136065,11.779239459487519,-2.8678459708665747,11.210356279831622,0.19969967932773783,-0.13936749010234192,-0.05822499780994401,57.9423301598672,13.31189706235636,0.10878174332717613,0.568209774787058,-1.528962838956401,0.016819243049578724
275.6,11.812911268995293,-2.8911225193487247,11.235343029200417,0.19973750289208964,-0.1393783688260247,-0.054685181094575375,58.03519977980884,13.054208237613894,0.13840592755698983,0.5557684874465977,-1.5536342669343866,0.018860008799377
275.63323914680984,11.828742167959296,-2.945980423943929,11.200760135080357,0.20073428525307396,-0.1445288616851319,-0.062426904174090345,58.01596369862332,13.13986082023978,0.18883820248983624,0.5405753898214611,-1.5093003962962683,0.023151017881240507
275.8332198569312,11.863553132903162,-2.9746768347690975,11.19094512475324,0.19875713293560074,-0.14483368377726455,-0.06141594487650911,58.21701242443035,12.860667451876383,0.18805895693221614,0.566263294350764,-1.5256806165296504,0.0222519791396965
276.0,12.091511171776693,-3.1073377215659166,11.138818827945299,0.214065426871878,-0.15293782073710527,-0.06430711222756404,58.527552584179446,12.455736149130908,0.13419389205894572,0.5807784894845412,-1.5716286603447713,0.017891420054993383
276.63312582340404,12.205106581606499,-3.181191235680294,10.998755052001849,0.2120438986093851,-0.15053766574320893,-0.08013358390489425,58.9316341440918,11.35580527685481,0.17770088628158215,0.5530467393106311,-1.683101951854828,0.022811537353952638
276.8,12.239745891268825,-3.206246187081147,10.920891551997892,0.2119720800910701,-0.15051981893928637,-0.08686513421006596,59.02463418324978,11.074483211277963,0.1336584350047738,0.5419726624111604,-1.7042706414092046,0.01924713881110799
276.83309843496374,12.261295743997987,-3.246631226533474,10.926897414732453,0.21338756193893632,-0.15423972938043323,-0.08482250574747496,58.99623392061371,11.137675636881902,0.11827153354053413,0.5244587634991331,-1.6665369422030107,0.017369770689058747
277.0,12.206066824220356,-3.1379166542010135,10.881768742280228,0.20632606451375576,-0.14394315132859256,-0.08682972589515786,58.967063953972506,11.035515150963802,0.07516902436744262,0.49580180712402006,-1.6588256062942084,0.013487086365642678
277.43300803055126,12.277257433261655,-3.155584535663773,10.832503182086127,0.20463470131879735,-0.13952475026148678,-0.08932171244747988,59.21896044762191,10.193121267231382,0.09823302487239058,0.4781389374980977,-1.7485259925031882,0.016033460853366346
277.6,12.316952561084005,-3.1784442751273496,10.895460700470924,0.20537019322663905,-0.13945266862201955,-0.08136818276415862,59.273104181407916,9.892926939866763,0.16029207215029212,0.45606236781378134,-1.7697031872835838,0.020885245802180236
277.6329753694102,12.287305767780632,-3.0662085317522396,10.891861887164566,0.2019902833708476,-0.12769301880363607,-0.08169011224847589,59.39057525509836,9.504425802116842,0.1711476186516831,0.48707840128838037,-1.8910611001478455,0.02309990229189279
277.83294155345305,12.333530526738242,-3.103246853841965,10.854692860290735,0.20293922799709332,-0.12879920218370977,-0.0861769759298131,59.44345986811619,9.149310116626339,0.2010010832943897,0.4556465211966222,-1.908060250207394,0.025947173404903573
278.0,12.311518509352043,-3.2237186050423974,10.876495956132732,0.19719687419829024,-0.1367298128347909,-0.08271103205755936,59.58681732331128,8.72810281121331,0.242120835564097,0.480555805441168,-1.937629535148258,0.028892124886973916
278.0329066464898,12.293201387716714,-3.1842797832056666,10.893588196537745,0.19507800984542248,-0.1325118387906998,-0.08622819110561065,59.6416592602915,8.568644092955704,0.36031997183494285,0.49191104113758477,-1.9786592184030463,0.039635752355124114
278.2,12.344086413435589,-3.204265186594082,10.673999725652655,0.19745476796756262,-0.1321513400406749,-0.10772786174461849,59.65493001844185,8.226533649596924,0.21744765780087816,0.44985663734537285,-2.0041086941965007,0.028932490482734684
278.2328707113928,12.354574201420665,-3.2084353806028956,10.66987495390438,0.19801795255084562,-0.1321060019845724,-0.10790728953531238,59.65302263376729,8.15801650948729,0.2193964048224492,0.4400845504928917,-2.0092847001974308,0.02925191964194589
278.40000000000003,12.388126036901133,-3.2305882670468287,10.689431586745407,0.1980643529856402,-0.13211887715704973,-0.10404712245107503,59.724480638251634,7.819844435966337,0.25263652560554767,0.4270449661288294,-2.0296199912619888,0.031453087093240746
278.4328338100004,12.414871210211244,-3.2800072715416384,10.720400843923938,0.19984045777061754,-0.1366328945049054,-0.09642712955487664,59.696043235484616,7.8752141564022375,0.20342084496864665,0.410327634719485,-1.988569968094075,0.026062876887558838
278.63279600301985,12.4744102944457,-3.3069026022089054,10.69693776133645,0.2031116950038053,-0.1364017499602465,-0.09770644103459857,59.65179960098811,7.457202504999789,0.21606081708371824,0.34198033475210426,-2.0182184819791744,0.02742815865046372
278.8327573499323,12.537493005521718,-3.371826563678099,10.740328567625577,0.20510728558312094,-0.14039233585867358,-0.08411271051824985,59.663451075156175,7.192299495954945,0.1380879139489321,0.3058921836166462,-1.9904595976338717,0.018719442187729904
279.0,12.424925981933468,-3.1082764380610652,10.730525764977848,0.19368593007035476,-0.11837980634994284,-0.08382320954806545,59.54075047665504,7.22867680360724,0.14472509604634465,0.26778872847357815,-1.951632900293274,0.01863618846033206
279.0327179088979,12.430062167865966,-3.104205894562429,10.730536518722653,0.1935734132333654,-0.11760711800560644,-0.08325471805341615,59.55263056246294,7.149122030909206,0.14259891390345278,0.26567861651688207,-1.9607322335176032,0.018455581289968357
279.23267773666214,12.464941423519718,-3.1276166919519293,10.714761329466562,0.1928808425077454,-0.11763333949332123,-0.08297984497256677,59.62642879441358,6.7576728226667235,0.14497574375825212,0.2569059137122089,-1.9775333335723337,0.018558602070817314
279.43263688846423,12.503604993092218,-3.151150690921879,10.698143927098027,0.19290106901262213,-0.11763334693741186,-0.08298804420600438,59.675123567627224,6.360446580234203,0.14879311534953982,0.23726105503928907,-1.9949097156334292,0.01910818302505831
279.6,12.536188894674915,-3.1709098244683833,10.70913335828402,0.19293158790905907,-0.11764294536810538,-0.08044539999843599,59.7126996422805,6.024963112548239,0.17066708482728593,0.22079194224533233,-2.008676954332645,0.020808958271756554
279.6325954179459,12.564710328987681,-3.188447537530021,10.799438144038723,0.194873921764174,-0.11907358532044901,-0.06104648322561808,59.67808922743377,6.017197492740835,0.06296658920158144,0.20384121867299865,-1.990079967666206,0.00989438629432566
280.0,12.589143620891758,-2.8669898580003683,10.735801416510341,0.190549704302199,-0.0910646695952261,-0.06355849357164481,59.743041740603736,5.769797086782325,0.0035499236351411237,0.1818563986507055,-1.9413742166656043,0.004465781484448244
280.0325108159997,12.613155578858963,-2.8727447259802537,10.816369044649297,0.19361819101986238,-0.09119135103629435,-0.055881644092832215,59.65842732508046,5.70135325668404,0.07191591111256256,0.13544897169233916,-1.9455924175925643,0.009932727002638331
280.2,12.647376180437,-2.8881565708167556,10.917002843725628,0.19378955217371047,-0.0912170805178876,-0.04461120192054264,59.67621011863299,5.372809707804366,0.15406409437155544,0.11690808446214355,-1.9564095311268679,0.015843790982130825
280.40000000000003,12.683509138851392,-2.9061833784925604,10.74721144674352,0.19354103729478134,-0.09117977185414304,-0.06115074448318823,59.70279713310744,4.983080211427759,0.04110817416734615,0.0972344019679474,-1.9675343391082243,0.007014637022158021
280.6323804852131,12.705636050134581,-2.855065600979233,10.690536529076864,0.19148207246085056,-0.08401601334499381,-0.07013114282860572,59.7810655894085,4.3190197572829,0.10023520574624478,0.09159003977281804,-2.052450843301391,0.013224262777120379
280.83233630690523,12.743756560531702,-2.8717142734840118,10.67657470626829,0.19142336068957516,-0.08400605219353904,-0.07010593000420093,59.800294634945494,3.9072892904782157,0.10277446096265758,0.07142826785249592,-2.064695592627066,0.013477328505728631
281.0,12.659240301947445,-2.5198870622834857,10.818383429789991,0.18255884061802122,-0.05616909103031228,-0.060582371815104945,59.672843899179554,4.084040237050347,0.32547986498843656,0.03434356517322714,-1.9916496835211355,0.03151305262036787
281.0322918298786,12.66171801876687,-2.460422006886208,10.846983755840574,0.1822811789957289,-0.05040424858152605,-0.05451085868626968,59.68549823075518,3.9075463230369376,0.2956890062480204,0.03426343068189127,-2.0353905972682735,0.028790808916384077
281.2,12.693820780603646,-2.469022696184628,10.928761231730757,0.18241853963287116,-0.0504285036528271,-0.04527575927152883,59.68706318030184,3.564132063841726,0.3668192188913454,0.014875050967818203,-2.044403342420806,0.03399835433841085
281.2322470920003,12.704582855350191,-2.455437522040798,10.958068748430122,0.18284473924004183,-0.04897341900321591,-0.039011732791069044,59.6823731500996,3.469707133028516,0.33231485018546975,0.009208528660802465,-2.056251158690299,0.030631600354153233
281.4322021288327,12.740578934635481,-2.4659835342550096,10.950244521353726,0.18296151796728335,-0.04903617967291198,-0.03907500307213582,59.67505359898944,3.0588715642239235,0.33857476326552177,-0.01636848238605368,-2.0654413475675875,0.030666061178563683
281.6,12.770872157168373,-2.474122762411237,10.915562694312838,0.1829237641634927,-0.049025225671571554,-0.04190951518043006,59.67165406398106,2.712083053853463,0.3229936859002254,-0.034632222527149994,-2.0727300814067253,0.029245496623442602
281.8,12.808503031911354,-2.4841646104613977,10.979604026690264,0.18301992804244266,-0.04905326968154861,-0.03458562015430229,59.66001973077796,2.2955434151883782,0.381599222863372,-0.05778372031763723,-2.081346720405676,0.033392066784036806
281.8321116569801,12.811743008868262,-2.4835411838464014,10.979334849235165,0.1822483518566602,-0.048896237476843865,-0.03424922842320733,59.69760686295219,2.2262611161325268,0.38107317797645335,-0.044815338069604235,-2.083364923372325,0.033160221646016806
282.0,13.059613505576475,-2.5243130777839116,11.00540313316657,0.19960685831344668,-0.051230294708031913,-0.03282712262620129,59.92797040219729,1.8207323753633315,0.44085367977873946,-0.036305416754733505,-2.1001518053530366,0.037912541337899466
282.0320662073487,13.058856881654972,-2.5537775170325294,10.960867290472471,0.19898500063883634,-0.05383476481779186,-0.04161379568309623,59.93344800170923,1.8003180597764132,0.4929494070711025,-0.03696912562602889,-2.08394786605999,0.04273093908142997
282.2,13.092490447521895,-2.562845297985235,10.965990331624768,0.19900411337717286,-0.05383845488570322,-0.04039087504976118,59.92534685435353,1.449772828271998,0.5089283429579218,-0.055253131033938065,-2.0890222573587787,0.04364746769416706
282.40000000000003,13.131454965478607,-2.573504055403067,10.911258880643077,0.1989312245326574,-0.0538243070714615,-0.04512175764466021,59.913626568515156,1.0320733716097357,0.4843201699213878,-0.07656668407452696,-2.0939359535894293,0.041639520526053
282.6319293048102,13.178885628715433,-2.605598640380571,10.89629275291279,0.19902510646841942,-0.055686478422902086,-0.046037933689850805,59.88899292527762,0.5942592570317609,0.49905622978981573,-0.10252125245779864,-2.0820388200729463,0.042386886750501125
282.8318835545635,13.195988363766228,-2.5703696789171535,10.881714381020139,0.19532934613585212,-0.05143181828776502,-0.04665247943369063,60.03296793244514,0.05974993727828305,0.5147195558575921,-0.058527261954970385,-2.124906028518241,0.04324813209971875
283.0,13.06690514473971,-2.33073329370934,10.795351683654777,0.18253005106591613,-0.032326134944013485,-0.0515785733530242,59.83114261674221,0.02974516905060509,0.40730245812952937,-0.09838679451258024,-2.0780890648402712,0.03393170572724423
283.03183777386795,13.060610096879616,-2.328263790344763,10.79549891663229,0.18078949688779028,-0.032072424358663115,-0.05100342286791239,59.87878741951493,-0.039387120909164464,0.40569783095293493,-0.07851030091216593,-2.0797165547210765,0.03360997716103757
283.2,13.091181467511595,-2.3336854333699466,10.796341809858985,0.18080406148807385,-0.032075778309527465,-0.05005612650004396,59.86391893801436,-0.3893172233027018,0.418181525688222,-0.09489614822261798,-2.080592726402881,0.033910305596956965
283.43174616836666,13.114448629152236,-2.332573825729243,10.787752803648685,0.17768196501804936,-0.03139793252572782,-0.04898806417820509,59.95778144117193,-0.8840902103181238,0.4210376552544705,-0.06635764508952441,-2.085892125300734,0.033198944537268245
283.6317003603176,13.14938848825932,-2.4636793283070446,10.733109198540946,0.17744183736319613,-0.04320200778504171,-0.05772467501146405,59.94106180981639,-0.998411468173892,0.4753821229429215,-0.08160079769500284,-1.981983258392078,0.03745122449110254
283.8,13.181624025053628,-2.4718401656965105,10.723754107569993,0.1778906042096244,-0.043268280202958385,-0.05781405804201031,59.90498575864968,-1.3303479925112685,0.4832658447749202,-0.10484531817273622,-1.9780958876891919,0.03762964734410371
283.83165455530445,13.185741817504706,-2.534544503426717,10.696216324885416,0.1776704589386127,-0.0491620556785472,-0.0629412240394465,59.902526312367954,-1.226458630137419,0.514420983903701,-0.10569523580119691,-1.9216779952523764,0.04033977222422762
284.0,13.14519027924419,-2.5757120290195528,10.613022426180475,0.171966812777716,-0.05170180044948983,-0.06749859174853941,59.802530515832935,-1.5915287144510548,0.4173035800418746,-0.12966805120883929,-1.9214783103560993,0.03207467357021576
284.03160875478903,13.15829711847475,-2.5456354960573813,10.662656489291452,0.17263552528778717,-0.04877247547788278,-0.05876560010066754,59.78998629155067,-1.7063391357575117,0.3866791107080715,-0.13591595868491627,-1.9401988178334464,0.02893023334182533
284.2,13.183257156958536,-2.552939277527531,10.638228280875802,0.17204729176222444,-0.04870131569618142,-0.06005637219706944,59.78474535557298,-2.033424670669699,0.3789312172644928,-0.1427226237112466,-1.9350554910878353,0.02809210487119367
284.2315629574595,13.191762606368743,-2.585592391278183,10.642649548370867,0.17225678942021244,-0.05160276628849865,-0.058730668668616495,59.77631924484972,-2.031378822121367,0.3703528785473306,-0.14618591805590436,-1.9111595083325879,0.027282752221878443
284.40000000000003,13.22166828843073,-2.594657181561379,10.705185934991402,0.17233407284426008,-0.05164109351425585,-0.05162626186047209,59.74859717527946,-2.353342364517231,0.4306715436663547,-0.16175303780621372,-1.9037951498327927,0.03141960266552115
284.63147135327284,13.267682846286991,-2.6091482905976937,10.691374831006689,0.17370163927547397,-0.05186807740031622,-0.05225565826389073,59.645113484676806,-2.7868673800118358,0.4415069151002835,-0.20928471753018452,-1.890166195807465,0.032390699958582216
284.8,13.297850754932744,-2.618288835834404,10.75549874258201,0.1737807662161573,-0.05190690212278362,-0.0450124289843873,59.606273611314315,-3.1054108703711534,0.5017671262397593,-0.22563146215576316,-1.8814683934258092,0.036492271596687005
284.8314255299884,13.321728115804007,-2.596302398591933,10.834714222852147,0.1753515498410178,-0.0495115064817135,-0.02767472041125515,59.57036326254196,-3.22598326600511,0.3853485340565155,-0.2384688209299033,-1.9004051970504403,0.02520214922404431
285.0,13.595765559066603,-2.8522403869224595,10.797080335575348,0.19470449209014892,-0.06842548543141798,-0.030090001658417864,59.79535288051198,-3.862272801566825,0.34667135286989703,-0.22368540521280578,-1.9389978434218165,0.021790783206174155
285.0313796770706,13.578689520043142,-2.9041609179030656,10.832474700250762,0.19269238111081313,-0.07320178724592395,-0.03711342434633533,59.81558932136683,-3.837116384829106,0.5758594440551688,-0.21558221350648837,-1.9053294222762287,0.041454843290956694
285.2,13.610644696807706,-2.9162795567204145,10.782309825379604,0.19264659945753948,-0.0731796900252723,-0.041456094786561704,59.77896368303952,-4.157239403308196,0.5491396157644621,-0.2302663815237323,-1.8956905559131498,0.03929451718726676
285.2313337795096,13.617486794518818,-2.8495724542063057,10.786419569405002,0.19279074739740934,-0.06649090112687267,-0.040294744401147116,59.77134943170852,-4.365258543493976,0.5439253560882295,-0.23458268441285168,-1.9485293192400914,0.03873931490454057
285.43128781962696,13.662950411600026,-2.9151651419380507,10.762445997799459,0.19408896766287326,-0.0716850141807165,-0.043939976713413015,59.66296537163437,-4.625252991529893,0.5745280091921375,-0.2777020552554389,-1.8907582728162655,0.04151184036397115
285.63124177711137,13.682868597382969,-2.922546343571873,10.760284097525307,0.19012078246508982,-0.07099911943996812,-0.041921773714207085,59.79245967382278,-5.023051579464696,0.570592437865205,-0.21832785046356085,-1.8888875853302103,0.039767769406310494
286.0,13.623676690256968,-2.9121302424783275,10.747281237706053,0.17979461136386235,-0.06824039218187003,-0.041524843716715686,59.56709381181436,-5.6690578527250715,0.586370781243967,-0.2649082369339189,-1.8577264963393914,0.04051330354079699
286.2,13.659548251339135,-2.9257438914749114,10.732653255982456,0.17978678678488375,-0.06823727341801585,-0.04216140219156282,59.51257815353938,-6.039118260292621,0.5897139781435183,-0.2820529597400039,-1.8431500015647309,0.040321901128079665
286.43105628475905,13.69788521142679,-2.9915494342732876,10.718409420361699,0.17944305339897162,-0.07336494445632326,-0.0430964837642966,59.45100652672076,-6.331936626980935,0.6036355151010324,-0.2983200596986372,-1.7781733842080087,0.04104707420485351
286.6,13.730666873046006,-3.0052887016191416,10.93969343066195,0.17966271399358832,-0.07348376162641908,-0.020192773039302437,59.39321883622104,-6.632735146454265,0.7841100948586157,-0.31375596875469747,-1.763668958476981,0.05401338502609348
286.63100943537773,13.727495159357899,-3.0424713993699752,10.908662359408313,0.17884347138202858,-0.07715955079172762,-0.026741227742002077,59.3994946798055,-6.584771877193046,0.8256815499162246,-0.30984317198023886,-1.724896810228271,0.057888597930528835
286.8309623288181,13.77346508184555,-3.0645084125505857,10.952318976489922,0.17976449558448107,-0.0778523712390721,-0.016266378587801417,59.31475862242967,-6.902178426198857,0.7738229272486081,-0.33387158786117965,-1.6961135585350855,0.05179902143621814
287.0,13.786971609493818,-3.0272591054310034,10.85326624849948,0.17838636698445837,-0.0739573333624292,-0.022761874031437,59.23336292168351,-7.123864663849975,0.6530791309161812,-0.3510601399636173,-1.6695256680325041,0.04156724961294459
287.0309149277411,13.777577459613552,-3.0248637525279998,10.756604769156283,0.17635059072164602,-0.0735115368982086,-0.03181181860608501,59.28504436137586,-7.1837876261213065,0.5740928828731497,-0.3258124590587714,-1.6710005118502074,0.035330696935430526
287.2,13.805991311523492,-3.0365787507620148,10.626537565084332,0.17622374284496595,-0.07344930472052155,-0.044285033118824445,59.231925076393686,-7.4641281186975705,0.4847447069236218,-0.33863952292214516,-1.6526551963097547,0.028735723375819186
287.23086719262864,13.796352165203407,-2.9839499730917693,10.551181725274297,0.17499390558690459,-0.06790996728611168,-0.06050478161326388,59.240828647392334,-7.647290158618745,0.5869659003918342,-0.3355445617061231,-1.698625267447159,0.03869750291688924
287.4308190818586,13.829545836369592,-3.036345782962718,10.494927495017606,0.17540357690060815,-0.07197283073708358,-0.07022982425946576,59.132826899194434,-7.880013494924939,0.6530067360776539,-0.3685800095656898,-1.6393460190283653,0.044674761856241994
287.6,13.858374093672916,-3.0477595035376077,10.36067564452184,0.17532054344160894,-0.07190698894830484,-0.08233601866580328,59.0722512524854,-8.155079141458346,0.564056409114377,-0.38222338557297564,-1.6199529298339062,0.03788008497235405
287.6307705517837,13.874789634816144,-3.0545321374859107,10.355196337283223,0.17741595160711135,-0.07239880296240257,-0.08325748722853674,58.96094473596618,-8.18779205116689,0.5710799359115046,-0.4262487267378095,-1.6084049650762025,0.03876410400728305
287.8,13.903916201875957,-3.0659637358513074,10.213304452124177,0.1773242557396323,-0.07232901310190161,-0.09598117971191183,58.89113529374198,-8.457655796737573,0.4779570590389304,-0.44119604566590587,-1.58824307504273,0.03128474886249034
287.83072155681367,13.921984593586968,-3.075310947220706,10.206207377083794,0.18041866447483845,-0.07315526908644539,-0.09738992769775824,58.70436493964565,-8.473265826170222,0.4881165356250183,-0.5146608661416259,-1.5695684455875112,0.03284195956275588
288.0,13.993038212154243,-3.306553223499437,10.144041555041229,0.18360624760405522,-0.08984047334380028,-0.10030908377925951,58.65097428647439,-9.021189780524185,0.4298367228077372,-0.5303414361904681,-1.5908932936027989,0.02769977459881517
288.23062198062496,14.039996878831552,-3.216828876528485,10.0857847843367,0.18422574076959375,-0.07850159577265459,-0.10793627638098995,58.50900142332301,-9.651594659825202,0.48182404307080395,-0.564045210596722,-1.6611292672011784,0.03281424505333373
288.4305712992902,14.075888150755745,-3.267642459339229,10.07959621845155,0.1840713460004912,-0.08218112577610966,-0.10463293811138197,58.3993391072593,-9.885227964732689,0.4693089328310384,-0.5830337967326615,-1.6037456948246145,0.03142289070558502
288.8304678878119,14.143367448667647,-3.2954780571682694,10.040170777381846,0.18247073423526922,-0.08159726956854232,-0.1038673667687687,58.249411727340814,-10.540098609550762,0.47744150158270243,-0.5896484957674626,-1.5645376902438652,0.030837143017701206
289.0,14.141722023350432,-3.009693861281516,9.962432270834674,0.17987245157670256,-0.05875515276990549,-0.10779796333298322,58.11775212341639,-10.404588494322493,0.4003408125521448,-0.6086200617088892,-1.4823634441153921,0.0245752770613874
289.0304150483214,14.15982714663831,-2.9838409020703636,10.055306714546816,0.1810390132891835,-0.05594061411303586,-0.09440399729125225,58.07875600725449,-10.509320545262,0.40870903065010517,-0.6197869454866531,-1.5007192593260532,0.02411213905978716
289.23036137787284,14.188782547946776,-2.991299758193732,10.037868785152822,0.17990674349916955,-0.05555337093296977,-0.0939754907834985,57.994492770644825,-10.817253646208174,0.4111363738281178,-0.6227104879762355,-1.4785917736071301,0.024027781533646
289.6,14.256618066098916,-3.0126113230439664,10.127250156879047,0.18003105922529397,-0.05561327902929446,-0.08148721466507124,57.75351499474397,-11.35441853246676,0.5125860629092055,-0.6613625218380401,-1.4268276125222237,0.03086389149199849
289.8301947967754,14.332835783135373,-2.87768237097194,10.1634115204263,0.1835529285450976,-0.03970927360528577,-0.07016226069124093,57.496770815061836,-12.177313504377155,0.4578371258795693,-0.723294212764575,-1.5622842645977009,0.02394534632887672
290.0,14.866768367953643,-3.058080509410301,10.213270824928884,0.22355538512789525,-0.05310965983039732,-0.0669936084656818,57.943311740651424,-12.658540402136808,0.5539779842457799,-0.6711677927939473,-1.57347985032734,0.0313613473602064
290.03013721342666,14.870833971408151,-3.1187769361039277,10.349457665514393,0.22321862911923282,-0.05888933846985948,-0.050723082616075325,57.93260766527467,-12.588898705026935,0.614465498078045,-0.6691612435216688,-1.5260862051791437,0.035199618825128405
290.2,14.90801662877798,-3.1283609157503136,10.266605635891407,0.22315572650931056,-0.05885872885914772,-0.058081886023837986,57.81902666594738,-12.846125855521692,0.5639413701045924,-0.6864296098218496,-1.5038466537035478,0.031236063727382486
290.40000000000003,14.95329257094404,-3.140506433112931,10.32102462767233,0.22321078120641086,-0.05888563230627236,-0.05150472714448592,57.67817789501609,-13.144325540148023,0.6198900076351083,-0.7072438370876122,-1.4773555074724172,0.03511613408945804
290.430018593831,14.9419249886052,-3.183654035393833,10.276639017122793,0.22147817273292575,-0.06311913731913829,-0.06075109052063161,57.69639410526529,-13.081533818252124,0.6770611084042948,-0.6953787256329655,-1.4355679189393789,0.04078197376468969
290.6299574323884,15.000326101451675,-3.1469895908125785,10.286494690127594,0.2228842730711928,-0.05797319953188833,-0.05604979023107844,57.517665697891125,-13.509941935276826,0.6571654849392532,-0.7291400270684946,-1.4569905216899295,0.03804603950135995
290.8,15.020921019511073,-3.1472630674926934,10.252546412724996,0.2202323113976407,-0.05698829051107364,-0.05759093022503525,57.518840773342745,-13.791340106691642,0.6314484719219446,-0.697959207706223,-1.448115695261809,0.03504420979412719
290.8298949521922,15.020826332705903,-3.141925032170239,10.213783053144633,0.21965038159063982,-0.05626232666808226,-0.0657210709717769,57.50888197885098,-13.855950493058472,0.682322562230971,-0.697265109052039,-1.4513094771998367,0.040019615804283475
291.0,15.20092339947319,-3.179422390259879,10.185257219810847,0.23056088258383323,-0.058363871450143816,-0.0667066615420463,57.601829054586666,-14.14917120208944,0.6614487807447418,-0.6750116334122958,-1.437828783966003,0.03769178401228505
291.0298310895107,15.200953479114213,-3.1779394307080393,10.153115867358743,0.2296846167796316,-0.0580397614474326,-0.06944642101665971,57.60782606323267,-14.199589500917623,0.6360339139080547,-0.6663843672455699,-1.4371951018613358,0.03557730910259859
291.2297657803447,15.24577602229215,-3.2077772951147465,10.152500403440994,0.22952641202727023,-0.059891943333340504,-0.0665537403466401,57.47931664283855,-14.442057887487648,0.626224923306825,-0.6808792600847363,-1.394404650100559,0.03402680125947999
291.42969896053046,15.270288014680142,-3.209923807235122,10.14387304380021,0.22668687068284518,-0.05887239112516357,-0.0653389360594495,57.446106872394964,-14.749010684381936,0.6250572524932948,-0.655988512913408,-1.3787323305733366,0.032997030618179525
291.6,15.30947488212397,-3.220449801755315,10.216488703870027,0.2267469132595915,-0.05890825918732782,-0.05708844660670351,57.33079116418388,-14.981473490689261,0.6960820670332595,-0.6701325167708073,-1.3538947992827495,0.038240796636423595
291.6296305658416,15.315876726996397,-3.2746514467276726,10.274924246013883,0.2264931746050183,-0.06454349089459546,-0.04377039856079894,57.33280800943896,-14.86304529866322,0.6183204870595802,-0.6629552603884095,-1.2942341329360425,0.03071819259044288
291.8,15.353756341503527,-3.284836482636436,10.121973414359264,0.2264153697613772,-0.06448728448895764,-0.0580134552154068,57.222804663223734,-15.08171547870063,0.5081977181089582,-0.6750389710869913,-1.2681289385419365,0.02231614815948863
291.8295605320904,15.361141908527015,-3.2873606951287138,10.119753033484571,0.22668737887702098,-0.06460063841364158,-0.058184200010394524,57.18683644416462,-15.113623516384866,0.509930477316495,-0.6840147350973286,-1.2610816407961734,0.02250891341102409
292.0,15.759167965327523,-3.431330278800344,10.009826927030925,0.25546048313057584,-0.07499504706763122,-0.06525771167748562,57.44385653125875,-15.473701252133093,0.38311958023502196,-0.6571098168319593,-1.2530817131588472,0.011711328771887937
292.22941529144174,15.800595293800955,-3.48500986902835,9.772276323330972,0.2537725803960558,-0.07883190242629363,-0.08959316450014279,57.33003812575904,-15.665294906170686,0.2608556158462675,-0.6599913406318981,-1.1831464164352703,0.0038007678197443753
292.40000000000003,15.844507330461267,-3.498924246601325,9.835224558993652,0.2538326088459739,-0.0788630349957952,-0.08183175577332641,57.21426408806048,-15.864409055536894,0.32228539545957835,-0.6731325345873063,-1.154502997692496,0.008129508286135834
292.42933995725593,15.86794012725195,-3.474655954602968,9.870853891273049,0.25540750003883517,-0.07601870296200994,-0.07315406302314187,57.158296230531896,-15.974183539911529,0.26869767266594374,-0.6887629839203995,-1.1768751191212474,0.0025231885835270973
292.6,15.911759640809061,-3.4878157340460465,9.879791975284807,0.2554461243445066,-0.07603732211854772,-0.07105057935544523,57.037802682516904,-16.172087676929397,0.28614736942300206,-0.7025305927182249,-1.148340387361754,0.003532833978346003
292.62926272962477,15.919828658392934,-3.4905759112490657,9.877356910407011,0.25567401035409304,-0.07614147242223399,-0.07118274288056448,57.00517706905848,-16.201009827424848,0.2870468720356673,-0.709951640509284,-1.1414786608064533,0.0037265947873435863
292.8,15.962576045552552,-3.5027091234520182,9.71098438861871,0.2555769437519223,-0.0760844250458625,-0.08651492612779513,56.88757129663171,-16.394249402585718,0.1673003268375608,-0.7218311615269424,-1.1132152124528112,-0.005240004065375113
293.0,15.787476070449665,-3.469853151076144,9.726672659907878,0.23752694611646283,-0.0722596940548409,-0.08409102156369527,56.4982813022337,-16.565593903188105,0.20937714462883059,-0.7654474822232661,-1.0732454797640416,-0.0018294506147320429
293.0291023445682,15.777495969704812,-3.5654573859434735,9.763447121658869,0.23573108948025465,-0.08176862088352661,-0.07514328181755701,56.52130810120983,-16.39929038771492,0.15644065424352804,-0.7487452924059882,-0.9932718946735007,-0.006650493440081184
293.40000000000003,15.86675445746417,-3.597030430857666,9.940136547115348,0.2359016620319569,-0.0818466745000551,-0.0545115608102748,56.232589442316836,-16.753883705456342,0.31015610495077794,-0.7793118639283135,-0.9239648016137862,0.004684508741873394
293.4289336440936,15.88597844271574,-3.5745796301851356,9.959622653832898,0.23715829060424412,-0.07921088479623782,-0.04966588630641278,56.179509268603155,-16.8504559453387,0.2801059048760664,-0.7930397661997056,-0.9435592791930331,0.0013921867673392743
293.6,15.9153351643135,-3.581147833624974,10.044483760364582,0.23433367178418976,-0.07795681680796931,-0.03921042128608389,56.177867011232685,-17.062398087660938,0.3397498111473038,-0.7499969601398004,-0.934641046733074,0.004730300498313293
293.8,15.96227674162412,-3.596801860778479,10.048056992709045,0.23434112085645442,-0.07796056197430085,-0.03805931703963533,56.0261715059044,-17.245592785142218,0.3494306357800842,-0.7637215489404965,-0.8977873800000319,0.0050671542620307295
293.82875614881294,15.978432094901772,-3.5700613059496877,10.04927422266958,0.2353824968235206,-0.0747157831141885,-0.03750216560828902,55.96979586266947,-17.375739676300878,0.34516614467504925,-0.7782486009765993,-0.9282419426385812,0.004438530605042788
294.0,15.926867550757168,-3.7400687907129804,10.036098479177083,0.2297111945141593,-0.08735190120058717,-0.038898693453320324,55.60080945820251,-17.67762431033911,0.3490627991368715,-0.853695310422347,-0.9051228258696651,0.005435988024596061
294.02866395749624,15.92812257756756,-3.7394320441762723,10.036148581875045,0.22878736987711348,-0.08690970791992951,-0.03849742864976762,55.60630960680213,-17.716139588370734,0.3469743457454187,-0.8423983244932279,-0.9058466500537736,0.004960431835795741
294.2,15.966323058339809,-3.753689762968497,9.931079773272632,0.22869177530321136,-0.08686956290416811,-0.048502377235013897,55.46368717296696,-17.8694017742488,0.27273317937717156,-0.8554647624294984,-0.8748965573553057,-0.0008969517360292497
294.2285693949113,15.969599248349002,-3.7591639280609517,9.920880580822791,0.2283762815287969,-0.08718174405719613,-0.05056005302017669,55.4454241630734,-17.886303556997834,0.28557026623054454,-0.8552238182645048,-0.8667615310450332,0.000468965889137866
294.40000000000003,16.008575159581518,-3.7739811581789016,9.888987429356474,0.22835934388085297,-0.08717441002890285,-0.05290357479819472,55.29828144055747,-18.032360993451505,0.267614065983979,-0.8686291862064737,-0.8351057855299169,-0.0007605876980797951
294.42847240595137,16.005438801620603,-3.8479476938198762,9.94124794912084,0.22717534108328943,-0.09469731822384805,-0.04013122328905368,55.315673506728245,-17.866192924658883,0.18810345983521692,-0.8540493412652791,-0.7614271778097678,-0.00800807025510917
294.6,16.046946260171335,-3.865668897123033,9.959433905891357,0.2277381964442319,-0.09494800206351872,-0.03783965785798655,55.14197386816446,-17.983443612738814,0.20929319018103434,-0.8782503677337782,-0.722759143474481,-0.0062275067803827765
294.8,16.091702787365872,-3.8839438154928767,9.80265130165487,0.22765447670750344,-0.09491045886094177,-0.05295542945331228,54.96914629815185,-18.1252240034417,0.09154723076512619,-0.8928199314530822,-0.6830031056590414,-0.015429181329107065
294.8282709350506,16.094117844136772,-3.8987858989805853,9.801514829711737,0.22719407585964307,-0.09628731904450172,-0.05286911038583876,54.959397439763634,-18.099763336680855,0.09096297795659168,-0.8892947361151594,-0.6619038115453426,-0.015328781621727879
295.0,15.99800454564392,-3.8800048470881556,9.808702659963988,0.21546884901647997,-0.09309261538879157,-0.05093846139715154,54.7314891045916,-18.204745135053706,0.10070634436822835,-0.8916806294468124,-0.634249810547724,-0.014878917993221833
295.2,16.041713643334536,-3.899028652471287,9.86992388252115,0.21552820668399578,-0.09311526192608352,-0.04362798779233672,54.54966453864805,-18.3268973877591,0.1528355734242552,-0.9074203291649223,-0.5927785106106809,-0.011142043614837973
295.2280591312817,16.044033574845177,-3.8995482376073265,9.86963913613445,0.21479670462334613,-0.09276703015291346,-0.04328051208139156,54.55084575881282,-18.355050212473138,0.1505568719455378,-0.8976270908135391,-0.5922614197196868,-0.011510869335420473
295.40000000000003,16.081985669522286,-3.9161696578503715,9.977777361530192,0.21489803395418558,-0.09280629195526093,-0.031351763300808536,54.3918655587548,-18.45269206426997,0.23659555352820932,-0.9105084396238694,-0.5563163531544126,-0.005048801496688653
295.42794923194236,16.09562433535426,-3.9236122101995607,9.97458231424796,0.21670628540171719,-0.09370874471363155,-0.03226264119385333,54.29039547153042,-18.433995196085416,0.2416396135077465,-0.9454338034545144,-0.5353518563254904,-0.0040095742333420385
295.6,16.131954474987925,-3.9391054074358993,9.861880242814236,0.2166095693419775,-0.09367083952151047,-0.04341242962192512,54.130325996735046,-18.52420095017446,0.16051772231425687,-0.9577542793815152,-0.49953407589900906,-0.010240886493209776
295.6278366054698,16.153573260831003,-3.897577020306448,9.859620576242719,0.2183331037154162,-0.08887958955787248,-0.04366672537693196,54.05200093986644,-18.67714958694848,0.16035715409842902,-0.9792075259442461,-0.5427031766597238,-0.010668975093680219
296.0,16.433844728888264,-4.093295883899013,9.82275812290543,0.2338477187075109,-0.10134956664179876,-0.045097544536146686,53.92708238789048,-19.07739138601216,0.12674890823985366,-0.9733703147434675,-0.49942052828497563,-0.014089608337345808
296.02760299499715,16.43530646877644,-4.092729588536591,9.82253161713299,0.2329129467548182,-0.10083266989704968,-0.044692782703804744,53.93012499203784,-19.105924316673995,0.12431650967189607,-0.961493450562005,-0.5007240829208947,-0.01446472229033218
296.42735796590085,16.544892208992987,-4.13538523018097,9.874695004446451,0.2344713360348654,-0.10106229755476194,-0.028985418614237847,53.510324577724695,-19.292416363042165,0.02766142772033832,-1.0011038884608234,-0.42017813281286476,-0.023924090561234252
296.62723107333,16.59723117693507,-4.173667061678164,9.921620887437188,0.2349369661474149,-0.10294328806409335,-0.017349651774077254,53.30390392169877,-19.325822968656787,-0.04231470981409256,-1.0178819235317011,-0.3625157681888245,-0.03021506938476271
296.8,16.63299807399516,-4.187856295827445,9.915072251881712,0.2333826968408795,-0.10211985472353158,-0.016904822031093964,53.207908491578635,-19.424127531268866,-0.05962481373525828,-0.9978643078725576,-0.34201180923978963,-0.031948214903081536
296.82710121485167,16.651280183805156,-4.163244939321111,9.920910182913737,0.23468743568229783,-0.09917155755912717,-0.015489133339110171,53.1399879214605,-19.527311099110523,-0.07000080082998421,-1.0143934678353699,-0.36861173718647733,-0.033330350994940056
297.0,16.617668675810492,-4.211382695958612,9.896692256952855,0.23048551206654733,-0.1023158955847805,-0.018285491062772604,52.754743682488325,-19.566118097196714,-0.08809499820735617,-1.0863226648798034,-0.31531073919802366,-0.03372465469185204
297.0269683576427,16.658761800053046,-4.159941244636834,9.946239081239394,0.2339331565380135,-0.09692895734300158,-0.007394582838891052,52.658476633996344,-19.691461661693765,-0.1500864587210489,-1.114593392005979,-0.3540409990974182,-0.04028013576090579
297.2,16.71103730641084,-4.183902392873812,9.916887824076658,0.23603320457163196,-0.09806032079930083,-0.011159573333887458,52.39310400484737,-19.714154570716858,-0.16830456297841112,-1.1614799414040275,-0.3027322635456431,-0.04086724236214749
297.2268324710224,16.711452892823477,-4.1826880121749745,9.919304223128982,0.23476951044392821,-0.09736411499014724,-0.0102864484557339,52.40746447297181,-19.745376636130654,-0.17382668892831687,-1.1429992548160823,-0.30782757847729253,-0.04171508149242125
297.62655149785274,16.80331827540261,-4.219937785322367,9.916898542608202,0.23402851810655115,-0.09692790528201048,-0.00970599120751616,51.97918849743475,-19.870853303939356,-0.19350112220210783,-1.1620934093812012,-0.23341160919457635,-0.04308508918018825
297.8,16.84477683461745,-4.237273987280634,10.030269842375773,0.23411805494135102,-0.09695226027472287,0.002146247531592588,51.77214377039725,-19.90638762646979,-0.11319445636713671,-1.1778371604223195,-0.19707842900240977,-0.03695089666540709
297.82640636112296,16.84922705782391,-4.23763670516977,10.03327458587749,0.23283421777436167,-0.09616591134294508,0.00322550546289514,51.81239520416901,-19.950648851046605,-0.11954458883675513,-1.1495133049441062,-0.20822037561289247,-0.03802793349144553
298.0,16.881611911424237,-4.389140878863216,9.986325873525823,0.23234953611389558,-0.10654433344687703,5.4389505423492295e-06,51.58582587602869,-20.157296684398425,-0.19153125738171373,-1.1692027193694239,-0.1984030075399554,-0.04389970669860013
298.02625809472056,16.84341801527816,-4.495009512536969,9.95770827568045,0.22777500862305938,-0.11686938395655459,-0.00297307869183793,51.65296284169438,-19.94593618765269,-0.21005891994090253,-1.1323491776912684,-0.11011327869281018,-0.044239430716953
298.2261066794439,16.82196631891043,-4.577727826818573,9.88470937992622,0.21964993442098518,-0.12223802891307958,-0.018116272607108675,51.63786545700955,-19.843482360284845,-0.13301285088444803,-1.0580107320715413,-0.026683847430332586,-0.035629392855840845
298.40000000000003,16.853399747613253,-4.5964637261274115,9.945644502935442,0.21818477641460693,-0.12155958118613941,-0.010946241567319475,51.50879744407562,-19.870645752474022,-0.09575545508495806,-1.042066728736835,-0.0001491796704982236,-0.032899526539117555
298.6257943377129,16.890102648203392,-4.606883718176076,9.862848811384726,0.21705268905291442,-0.11974960762078285,-0.028595310019816012,51.29081844589332,-19.904436594763602,-0.006938663649898244,-1.046779211565748,0.03525400675698497,-0.02389676461286376
299.0,16.755511833824226,-4.55611248804883,9.816197817122648,0.1988608027717791,-0.11168022675965857,-0.029904077234596784,50.731943581325766,-19.8058742892745,-0.07578103480672625,-1.06270955415523,0.114985087977741,-0.029452159911351913
299.2,16.796113494036796,-4.578864161794148,9.881790883929813,0.19893586798482005,-0.11169950762019264,-0.022585687050125487,50.51631738407865,-19.7774424376053,-0.026985432677196206,-1.0717431010392209,0.15856075357390573,-0.025383153319434672
299.2253018713304,16.779068955653667,-4.598966544831096,9.831684979636126,0.1967319145830602,-0.11348485450976904,-0.03357216856486249,50.53421313543607,-19.723644132100652,0.03424425192982719,-1.055808925195955,0.18267437967485373,-0.0189051996773745
299.8,16.891388363436782,-4.663835237799379,9.718512616967036,0.19666655837327685,-0.11347820741190874,-0.04314256245482032,49.92414444535248,-19.583597700494305,-0.048722637477621775,-1.0765463883548088,0.3093835905173427,-0.025120234237280156
299.8247805201521,16.908870405078446,-4.626793775041773,9.698152214046436,0.19818142949565268,-0.10901034359027063,-0.04739446163359106,49.84473054288192,-19.719686915389644,-0.028190153736299958,-1.096537407835288,0.2643511235405009,-0.023618961715637314
