time_s,rov_pos_n,rov_pos_e,rov_pos_d,rov_vel_n,rov_vel_e,rov_vel_d,asv_pos_n,asv_pos_e,asv_pos_d,asv_vel_n,asv_vel_e,asv_vel_d
0.0,40.22511296625675,9.153101964656631,9.892982347645795,0.0,0.0,0.0,35.77215992501929,0.16196165323520662,-1.5223366436119974,0.0,0.0,0.0
0.40995386996825683,38.155417206109874,9.79924909858248,10.867675999078584,-0.008487905292356528,0.0026498753021076903,0.003997257742768703,33.7722146122836,0.6067988292169045,-0.38444220503821325,0.018216869765711755,0.007575524497174276,-0.0007591617861443291
1.0,38.47851859965672,9.69745516448624,10.716393206913228,-0.007145562670552931,0.002227025334949309,0.0033686893826195673,34.20233704194901,0.43857548289820303,-0.5694334044666909,0.22982652802702788,-0.06667960100003575,-0.0025215236976658135
1.4090391838719665,37.43475234166286,8.245202376600517,10.091279624639858,-0.07914059890673718,-0.1299183811614772,0.1451057978970544,35.36014625450394,2.3127320759831056,-0.4968403631068471,1.7776752036403323,2.6659069487049787,-0.026685813088612665
2.0,36.36363104092892,7.625782540415833,9.50769419728119,-0.13843341156508804,-0.12386297466516465,0.15766342716884654,35.30473706997321,4.126754933973765,-0.5215278750102142,1.540809972484188,3.570629123858184,0.06315432941453777
3.0,35.92585779113507,7.102587389133398,9.716912341169586,-0.15330231490759608,-0.14304975287467114,0.17971111973961884,36.185722265607694,7.825457026027019,-0.08998385044021173,1.5619565356011682,4.818294562332283,0.169478464755829
3.207925217550714,35.51199155695285,7.611446371799932,10.353673681523945,-0.2001911839115151,-0.22122259745464587,0.09081927815733656,41.440249816731985,9.54242031523978,0.1228594701270003,5.611459566579603,5.719491063684342,0.49116078374121125
4.0,31.802064412363382,4.749942749248438,7.685673444622076,-0.5374360829017186,-0.4318292332439688,0.025946158593956117,41.42550948364277,9.580989890423549,-0.2526050699052995,4.8933502166059775,4.3233191814681575,0.22156159535667463
4.407664587238941,31.838939976728067,-6.260627154036708,5.933958899935555,1.2697190704534453,-1.7606627026673922,2.7388313627438348,36.59962894525448,-23.17384771608463,-4.757283731433881,1.6885828048436053,-16.481681327961574,-3.3170058557530777
5.0,32.67111875431087,1.891741926873669,9.65478068326072,1.227346482928538,-0.5201259146490993,2.7906949929452076,39.927637925738956,-19.656434609804805,-5.336310907687914,2.744998586207701,-13.850676799580263,-2.5521479933473716
6.0,32.64176361564462,10.259287583993377,14.571074683219283,0.9450980768514996,0.7743058140625196,2.8471958728390385,43.944253416775844,-17.240842951297562,-6.127476135051574,3.100402972589189,-10.381835006050766,-2.22205812204347
6.007932169495257,30.059440214684745,5.0287217258722725,23.412982231778933,0.5278148026337202,-0.5833648315114661,3.3815164512612155,61.90100216961869,-2.24426099745617,-5.102670139037922,11.442347293771792,-3.231488020041719,-2.05607342214655
7.0,23.81545195437454,7.210920610802477,26.849202804474288,-0.5789179584263731,-0.21050373069229894,3.2270668008038674,61.74861944725511,1.613662630166437,-6.4656960980507625,9.38942511260459,-0.985042944843082,-2.2165986477133988
8.0,18.183432271663815,8.342897997157054,30.287059038301912,-1.3894620790105616,-0.05253568205373374,3.1286243987164855,59.8966640995783,7.439678649512822,-8.282022145449718,7.5989358451226305,1.774683340710327,-2.3960457850533814
8.809547183918529,22.673108725622544,8.034142450569103,17.40556438571822,-1.489595219176344,-0.3107566800557945,0.9162065794876133,26.25714745523851,14.0704379128506,-10.223944437164,-4.95570338269204,7.562660988943786,-2.776455938748476
9.0,25.260003764764,8.403639798649458,17.862962881103282,-1.1106210139337303,-0.2383403638440869,0.9115094192105013,30.15883878645009,14.661128594302136,-8.887507189175732,-3.797859865358312,7.663123320079603,-2.3815391646998303
9.810283613740044,20.818994986674983,6.933162160958326,12.199353378528798,-1.482264693935268,-0.42519429176925294,0.0458377299645063,35.44335994212347,21.537329717690916,-7.925313854824546,-0.9808315004665973,9.02047898773233,-1.4076246307705116
10.0,22.472128197794852,5.976726860364326,13.58420055708618,-1.2532865247277043,-0.5186791005150789,0.16300172111307815,37.32328137997466,21.988816216300812,-6.561782306638856,-0.6251092086759535,9.25234018762212,-1.157868598469244
10.410735016173065,22.67262183429559,9.327702097098449,13.359073887596209,-1.1011706947757833,-0.11802281551121063,0.19599955837543231,38.659904120947196,22.20412081790669,-6.8764600533130285,-0.027064575604251462,8.702625154953662,-1.0666431837651058
11.0,23.70766400226166,8.231146270455094,14.646229371622454,-0.9085819538340385,-0.2240309558527344,0.29740063838059666,40.69634096814282,26.416687837387226,-6.175951597336203,0.6680104559593648,9.77205425952343,-0.7212204786663925
11.21133500024096,23.913559727357406,10.714088828985311,14.729687076661659,-0.8128506720782527,0.06894535950858657,0.3487985377568702,43.22666742134493,26.46262397917295,-6.439541602410911,2.1961179600463145,9.11640058843124,-0.7458016240102958
11.411483438977601,24.010618412717672,11.970298072938522,14.575158381772814,-0.7672655848639364,0.20276821680694082,0.34311649925422666,44.26998905469962,26.83625491394825,-6.571111231704916,2.6453503038553436,8.783214692254653,-0.7421153563876398
11.811777396483738,23.945135073343916,12.886952999678849,14.713934438391492,-0.7251391772042881,0.2994088614996595,0.36055712614520746,46.586591889813704,29.059625269789198,-6.957117581833964,3.6357976800092002,8.715144769327443,-0.705401610329295
12.0,23.92069639648731,10.849335352889701,15.03841586066221,-0.7193338300079932,0.06725217739184866,0.36020633268258906,46.831690187957705,27.942732781871467,-6.419074148737969,3.487161101877807,8.473370839979504,-0.6221638913080005
12.612350309122057,23.340508611731078,11.347734808914035,16.078157086568094,-0.7195689297585792,0.13948572891309968,0.4658169758910091,51.042146333217026,31.78838187117952,-7.347022470787177,4.965216445001698,8.304220276603639,-0.6769239191134109
13.0,22.520279851605128,8.837966411194401,16.80656881480312,-0.7837223363271397,-0.13478769451082268,0.4783231786202467,50.437195531324406,30.778051973989598,-6.11097475948514,4.317604404559454,7.887504939198195,-0.5228783556037723
13.613030964562261,21.21039663322292,8.978753356532344,18.358183541964337,-0.8522446288467093,-0.07774342104788332,0.6171999316606348,55.89061130805912,33.381894516645986,-7.346860591542756,5.8387711380902925,7.03748125063804,-0.7051746224441964
13.813161734626442,26.41282714733113,16.01235704649176,10.230310805918728,-0.38443148265260196,0.5053618462813775,-0.1738792460057877,41.781785717306846,24.651484076274862,-4.806834856398531,-0.8036235017365454,4.201641316718529,-0.5784662873011742
14.0,28.236835426234595,14.965084959929511,10.688520628476473,-0.19831168885943934,0.39720069997420565,-0.13451883310499224,43.767792766481826,24.19922406092731,-4.397262590610452,-0.5199236253306355,4.0570156806837465,-0.4866762629253995
14.413542638343937,28.462004230563654,15.488168008912968,10.074115719202835,-0.16865459926305207,0.4315971787316594,-0.19986358111005306,42.49358512620942,25.213563642836956,-4.259484969239723,-1.1025682304594897,3.8321758762058744,-0.3668130336511423
14.613665734451834,28.097659521728065,15.871654230626584,9.921328494598372,-0.2016992331982092,0.4734536421243812,-0.21851744291662642,43.4705322627996,24.380568539699745,-4.24917958604186,-0.6417172733627056,3.026812381231708,-0.3392353771736537
15.0,29.398368889610076,15.544284775823181,10.450023083668167,-0.07175509939621214,0.4276923934625562,-0.16911777464449396,44.77972496920653,24.9935185016873,-3.7064373840711085,-0.4975072083010715,2.8974389136953373,-0.1889901802138462
16.0,30.767357080443126,15.26101411087091,11.203266593235849,0.05809935647209333,0.36676072499008544,-0.09834089569013868,46.0807532420599,26.880665053426952,-2.7821259491269545,-0.4355616910323794,2.508917978557478,0.12355750080773786
17.0,31.817445534285888,14.387767676607547,11.186574635429057,0.14307232970064598,0.26341781116178187,-0.09327297105148763,47.397547679722955,26.831402580522752,-2.555654633743183,-0.27823089509891197,1.5640731589327292,0.32815259602953006
17.215092571525858,30.575480841922893,16.00949667925366,11.361690563282483,0.01817712715591044,0.42183316561307993,-0.07850015869250164,50.150846301422675,23.70910850865632,-2.479152704546279,1.4165414825884084,-0.5863186309531441,0.33906145580097535
17.815380283713363,30.668731351697577,16.46268682070389,11.375449017159974,0.02592700550233116,0.4419095353501905,-0.07149165147652664,50.67412631955691,22.563672553385633,-2.344225312571713,1.4062615305735713,-1.4263757721257448,0.4750698576585531
18.0,31.27305013731263,16.147585098404477,12.178007212681665,0.07760649846136583,0.40854445256687616,-0.010521572362073378,51.76846950104995,21.87651719166397,-1.4325832518583903,1.6057850147208572,-1.671519753469499,0.5972349978828261
19.0,31.768477025537443,16.068671669332524,12.350361017728165,0.11241024318646839,0.3678219782545418,0.0040134333703049,54.325490000665816,19.086362305438083,-0.5856326854570006,1.935785439593965,-2.8518220628811157,0.8785249210943159
20.0,31.70664195858108,16.97750318302156,12.186588071846206,0.09805241339073813,0.4119762312151717,-0.006822395983090394,55.63692258712999,16.64378555428527,0.26163327429015093,1.687522846316834,-3.775590967829331,1.140955181478537
21.0,31.770917097712754,17.723762528217136,12.015195001408935,0.09531220449427188,0.4392959488841459,-0.016324348169659185,56.975454922363994,13.265079045641855,1.2937618209601562,1.3498365258604825,-4.681411175847273,1.3897702395990303
21.016754056939167,32.53597048713495,17.788185371471002,11.800779214992176,0.15513018852229377,0.44343186162074344,-0.03710479885595733,55.922850349886225,13.26277666829503,1.4674234099332988,0.8437878476279491,-4.6171555415072705,1.423785390909924
21.416917728526442,32.04741004512789,14.958157707532818,12.951457642402575,0.12096652283842252,0.21048894669614093,0.08909748099111042,55.87849341905968,15.899559697688009,0.735202363784327,0.17913529111480508,-3.184594051578684,1.1953698587461508
22.0,32.2493894502847,15.608698617249832,13.14229454753818,0.1310102115322667,0.25263383015219426,0.0989550014921443,56.03843648543782,14.627286928866042,1.6242433149653488,-0.15022560193548207,-3.4819754690065006,1.3466753903421125
22.217248153040863,32.46338964491067,15.079116797301701,13.79376119934187,0.14909888851097466,0.20919335295208122,0.17095828301957394,55.24258916844742,14.714240734907124,1.2568467079864096,-0.6786154199969475,-3.231005655583298,1.2591006265326787
22.417331971438227,32.56858322059422,14.729519037365263,14.012695751150657,0.15641218166152646,0.1791489867589951,0.19165345979106413,54.70725585945799,14.765737896025303,1.2943280535350166,-1.021717181689009,-3.029750113206277,1.2531115313415984
23.0,33.080707074040575,15.126780701160573,13.836979968743664,0.18872489327085074,0.20169404266937968,0.1742665953074384,54.64241917521706,13.240593672913356,1.712676461076913,-1.3457845457441562,-3.2670495971689983,1.353133925482974
24.0,34.09938625570482,15.965033552983694,13.20649723192391,0.25087460573736187,0.24986971394335017,0.1260636253479394,54.642731776485675,10.52858775456037,2.153433284035857,-1.7999928794212234,-3.593949691924273,1.4817691253809697
24.41822226404722,33.99295498107959,15.416345372550088,13.520946055788913,0.22740150718548802,0.19186651665885798,0.1586584556700924,54.560032153434356,11.012831879726814,2.3747113650561786,-1.8512054345234885,-2.909883625560402,1.4583196747126155
24.818416029172482,33.07688432717889,15.842962935109025,14.167092685214357,0.1473493711076611,0.21980034321706865,0.2281703680548451,56.76288645521066,8.93022438378533,2.3235291656189627,-1.1308539375544013,-3.4624327670493744,1.4129801053925848
25.0,33.80252624131739,16.408042968088072,14.19614637312181,0.20040669894953675,0.2597671010553558,0.22718165089006362,57.378708800043334,8.964299653928729,2.5789781614595206,-1.1316483213610127,-3.412942278821346,1.443920643721374
26.0,34.503973843874114,17.689502551893025,13.979768579513205,0.23616441625767753,0.33757261155997265,0.19943917222172253,56.579668792334104,6.984669015624936,3.6156300305925386,-1.7643317342562093,-3.3777140113586546,1.598867301024809
27.0,35.649559354372265,18.328096818348094,13.413486665411005,0.30278412402310156,0.3605733038142931,0.15211391683784867,55.97324951611714,4.194818821042052,4.451810194674134,-2.2842904494869822,-3.3945886750965117,1.7245648038090438
28.0,36.79434520674377,19.212356154973175,12.252987266565205,0.36273882437259813,0.40178182591481026,0.0735450841340231,55.26468343953348,2.41820599047186,4.677689357097666,-2.7000392565318885,-3.101562446368336,1.7772960103261943
28.420496149296287,36.07838358743532,20.686201636802817,12.30966433206768,0.29268012236893876,0.5061397168787978,0.08410794471231017,55.99997724218003,-1.3140775465315444,5.359602668862773,-2.4303604821232825,-4.013809933283807,1.8332876825357556
28.820767594859262,36.19743619351596,21.002026797637054,12.32005457200061,0.2926754868051326,0.5153409177927614,0.08209864555918842,54.99994821151403,-3.2079465710868607,6.133830079455569,-2.745894076334571,-4.15189796082082,1.91906617656431
29.0,36.59851923941242,21.93788550346266,11.689846971409636,0.3149890873756489,0.5832668428783179,0.0448273749133819,56.56028166433395,-1.5193329655515386,5.547032508946753,-2.3617999470195308,-3.684290928015127,1.8427134458625798
29.020906258415,34.17039443405248,19.124004199318932,13.889857746788795,0.11515879648997823,0.38121628279149533,0.2950330001923227,60.703210466131594,2.444535354318549,3.5716565468682995,-0.7088392375133241,-2.2933232627451057,1.4146933113603994
29.221046836519314,33.933336576436446,18.660262193331853,14.88337115872786,0.0950016027634609,0.34291633099812174,0.40206216855936605,61.11883750290231,2.9175487556783937,3.088186227526921,-0.5663457437333332,-1.9391721597452638,1.305817791643046
30.0,33.94256231499179,19.27660582307377,14.324860409322678,0.09020829545527578,0.36999431185519915,0.3492815938989262,60.4947132299659,1.9210302439749785,3.1864348529784383,-0.9061746918424253,-1.6984925089308731,1.354931613832977
31.0,34.25691389016935,19.816418454399965,14.197480259435583,0.10693095970910173,0.3835438330591633,0.320989667470361,59.759730883358664,0.6460418385722506,4.0672421529561955,-1.2945009186098575,-1.3634399412625886,1.4691252277417377
32.0,34.73199504278618,20.0211622221627,13.916378432688681,0.13439818793472086,0.3718210491656432,0.28614489425124634,59.02853423971619,-0.8202079426712392,4.889542742320281,-1.6194322259948208,-1.0646610607922384,1.568149333754398
32.8238397548883,34.387238646884654,19.472346930420866,15.58761522527959,0.10040151061481027,0.3071348177490415,0.4419406914783267,58.64274238177317,0.3464553844756191,5.17754839390382,-1.6285033228717145,-0.11191122740527715,1.5392868476410881
33.0,34.62026891458513,19.00368491550405,15.460506709252218,0.11659461473753688,0.2696656583218087,0.43169521794998944,59.10654631416872,-0.8070842605792584,5.128658797989306,-1.5363126857195093,-0.2621993911338715,1.5311387999140125
33.824668191206094,33.72033431788901,20.077323977985316,16.140119865247456,0.03745667205674193,0.3478985418005769,0.46574265916598295,60.166627315655575,-3.047626970539315,6.05860105858013,-1.0969692246060763,-0.5988895274621973,1.5650028072943971
34.0,33.766761023205,19.419290004955382,15.564714515388742,0.0420615415620128,0.29267493942406453,0.42713141412349986,59.816692085569116,-4.206740984396541,5.627651037338387,-1.2126442179873884,-0.6975118966117709,1.538820150755436
34.02483439242073,33.800529279385664,19.17914951727962,16.36140185960279,0.04521363597008164,0.2735398217491647,0.5109310743482542,59.83748594612179,-3.8766767077268804,5.23984024351598,-1.1931547126824353,-0.5656767362199389,1.4766564367849373
34.42516647983432,33.76997036625952,19.013467160103197,17.171833057341264,0.041334608657398395,0.2516028679946924,0.576997533745655,59.523083215293376,-3.556233346611834,5.479531920727913,-1.2533110248661674,-0.20978567935400289,1.4807013625750418
34.62533215502468,33.76979254638625,18.990055350401533,17.453737120757747,0.040578301209006254,0.24552111822893127,0.5955765313230401,59.31738945625359,-3.4273734300168757,5.674412244461125,-1.2992948696459758,-0.054857138613360334,1.4943223615442671
35.0,33.964359126171665,18.328945671225412,17.224242341695096,0.05542144158026499,0.1882150355398864,0.5686631701232946,59.06122589922412,-4.385973790646441,5.747151544094472,-1.387909957332897,-0.01156281505197218,1.5077006011659888
36.0,33.808431915160995,18.1414260291581,16.607786761794284,0.040960882724683595,0.16015324579061216,0.5010002457110754,57.21305397170392,-4.7016749463982235,6.032315461854252,-1.781225791898359,0.43741920225548325,1.5570665531160306
37.0,34.48751242269335,17.558113352144208,16.53487375458539,0.09044018214089025,0.10497516314434305,0.4673678041444838,56.58772470138192,-5.501862078394511,6.941778109490512,-1.8727726404582934,0.7315490030069847,1.631271925698459
37.42756234623692,32.84064428952367,19.474522574743283,17.227631575915165,-0.04496099120145469,0.2671878007094946,0.5154477302071994,59.455632765671865,-8.847480824348926,7.092174868323288,-0.7156356108892059,-0.38488838054892005,1.537315278906218
38.0,32.90278399213315,19.432251389578568,16.535156433940482,-0.03722082927531658,0.252104016197124,0.46073942190389133,59.04775523646465,-9.28579219542904,6.877466465787803,-0.8079093829585368,-0.2041805444209582,1.5269487360399707
39.0,32.86653863454184,19.34044829010679,15.57313139268797,-0.03538187924259291,0.2259617010024936,0.3839352352590642,57.72814107207607,-10.10695548604219,6.811365378041479,-1.0682016755751285,0.0681011937695441,1.5287821571287914
39.228821439208176,33.268704165039196,19.278026696539985,17.136937201761153,-0.0019015645403656911,0.214911384277994,0.5471480771940921,56.95941401559975,-10.027074003726502,6.473815661441511,-1.2834110414052122,0.194794229394471,1.4600503037598942
39.82919532973232,32.98817026984143,20.260275138620052,18.24525819275226,-0.02718404917034853,0.2906316595758169,0.6366838824665757,57.453623348098596,-12.20902583636285,6.775641271763012,-0.961270290496866,-0.34553558032927634,1.4173609934197975
40.0,33.148904957904634,19.746373866986023,17.234424209346415,-0.013603321738013326,0.24741293865825242,0.572905831631522,57.448112187720476,-12.981223045659753,5.804496893532332,-0.9631501422220878,-0.39664224565578404,1.3469767701751045
40.02931408514838,33.02645112702405,20.00275627299777,17.299944800456338,-0.026532246055562505,0.2734915635833248,0.5807388669890807,57.858033951846416,-13.61842230834375,5.762114142823911,-0.7911223319772058,-0.651859958916351,1.3271119982991735
41.0,33.38364255918236,19.98532518865076,16.87284640460784,0.0031649259952880107,0.2516773207661654,0.5251849425068684,57.565625539306495,-14.387286688508693,6.008553597059897,-0.7941225285414761,-0.3580689172655833,1.3499414406984396
41.2299591334125,33.32553743767499,20.212527144011425,16.980548277194206,-0.005365611308723487,0.27283825031600545,0.5269973940806357,57.7843123943151,-15.092191266152783,6.2667402970626975,-0.650601985520896,-0.5371567777970656,1.35629047131411
42.0,33.39054404668489,20.110737609411725,16.430144436270997,0.0007399709075360363,0.24880309957467653,0.4749565411177051,57.24091940468721,-15.834258085549232,6.257505658077626,-0.6951276376587238,-0.33587400056154765,1.3569204953323022
42.03031929045632,33.35514735504124,20.24970257472204,16.417174115696664,-0.004861138192571063,0.2650421008565286,0.47435229684001795,57.46613842292973,-16.278255900169373,6.2711041463811155,-0.594809762523409,-0.5119709115043362,1.3496868224634484
42.83061839192092,33.347207681426475,20.195985069831256,17.833890314173857,-0.005984068455292713,0.24473896261000588,0.5838763438902529,57.13706211430347,-16.2749729702341,6.91747219689891,-0.5410717701459936,-0.14152775829827402,1.3686242715166381
43.0,33.227156503464194,19.88333885514481,17.280711814979867,-0.014354558814241778,0.21766493211829327,0.5479864624365375,56.78818540328212,-16.789307212989677,6.425194247858478,-0.5891009568799381,-0.1572070987336191,1.333193599234823
44.0,33.24598573699786,19.270675393986696,16.977503144644682,-0.010417079830954384,0.15510432133488866,0.5009605263261151,56.03032094123805,-18.075124850684823,6.839931047435844,-0.5999006574572372,0.014047996085590181,1.3583437607473097
44.03094436611201,33.65989775650327,19.420832597066074,17.438789157336355,0.0215846838017809,0.16561492736798644,0.5458871945800201,55.50141782940219,-18.30035050886021,6.714821709333437,-0.7754229501784617,-0.0448093358043582,1.3375060795878682
45.0,33.521147717587425,19.30114035419188,17.035256921779546,0.010320159142724711,0.1446147118975338,0.49606213941766314,54.47938587189602,-18.659677901643125,6.996853180385366,-0.7750475498452406,0.26166528674180434,1.3538381243003341
45.0310969557747,33.61380167912117,19.063977013063877,18.0297469004229,0.016705992741680505,0.12573866758834576,0.5955017240711642,54.392466564391725,-18.441156802444603,6.692847552556953,-0.7914343054262181,0.34530714571545107,1.310614786268019
45.63113445203131,33.34698797734986,19.72665148008345,18.555331750682637,-0.008929874684785823,0.18294215181517742,0.6148385818417774,54.84138031270943,-19.839190034709635,7.335767916581978,-0.433206857848774,0.020484860039691077,1.329565845081741
46.0,33.0259832690068,19.666026858640716,17.54835032050072,-0.031997932363634664,0.1732649968142137,0.5494605621701898,54.14057673314424,-20.02736161284863,6.457990172791441,-0.4760410839509487,0.11297215645203919,1.267309662261922
46.431119873422524,32.98378733946188,19.799775709863837,17.793802518624034,-0.034479593906856426,0.17909451195450354,0.5505408690200688,54.02873784688646,-20.100444139196277,7.00145481654724,-0.37188709562874145,0.21577044384294208,1.3023005409309298
47.0,32.42272543925802,19.450986349441635,17.27881854127549,-0.0728757051909576,0.14568469391189798,0.5069519836763838,52.57626983785493,-20.753729007067758,6.810607331982244,-0.5142014105486669,0.2735379614968363,1.2827258526381429
48.0,32.31987031626968,19.703106061095674,17.180954470264894,-0.07534565309137643,0.15356815129885326,0.47675722796766606,52.14215823936698,-20.134215616515924,7.423972036522501,-0.27977044601339074,0.6633138096296061,1.3204247272769707
49.0,31.94357097002805,19.983760062535275,16.850788351354613,-0.09817284356480367,0.1633016437729784,0.43780689530894645,50.90865464890628,-19.36929438326454,7.787161863986521,-0.20506834291707654,1.0004830523180037,1.3353926816603707
49.23047798803456,31.824075957039238,20.255937825171095,16.935913146260074,-0.10609630070466289,0.18546394397016358,0.4375056336367905,51.09020347834553,-19.654178135806855,8.080316553195983,-0.05072272115950577,0.8791336730373802,1.348506919600142
50.0,31.483019088284415,20.483883429601654,16.255783918021695,-0.1268311807432693,0.19157514770164494,0.3888349113610824,49.478796009092456,-19.371046972569935,7.836252359297886,-0.13157057061778232,1.0089577862520767,1.317189240969694
50.62981630575717,31.35272743280305,20.78838438676748,16.459724099064413,-0.13133364303688716,0.20989086949207755,0.38621051561782516,49.665287522136495,-19.223165880610594,8.674742031575045,0.16840313858934577,0.988390377744635,1.3638793098628066
51.0,31.201077877431988,20.912700094885285,15.727548696861502,-0.1420795616903897,0.21187770343384912,0.3447536846878774,47.87839283673598,-19.539194255385585,8.008514604319306,-0.08801701750016327,0.9350845211431711,1.304428475533207
51.02958713900325,31.62253930548359,20.528190891844247,18.833329625151105,-0.11542402938306684,0.18780033938117532,0.6140083347530347,47.578919264662595,-19.475156099106748,7.211328164557624,-0.16318170180973673,0.9392735096057327,1.1970064267617297
52.0,31.20706470443612,20.717060444485156,18.553177102317427,-0.13799094124729155,0.18854555263128203,0.5701544115469789,46.99175241279238,-18.52262902532226,7.381098239418811,0.0927944292903089,1.1373067968831059,1.1971512484419853
52.2287976422202,31.177856674454162,20.73872772466111,18.668193767077895,-0.13764866478751445,0.18628153287942015,0.5687487625650495,47.004897978354855,-18.197086317776872,7.66269094663385,0.1763011682050205,1.2092841913739276,1.2146111547887424
52.82834812881892,31.850813925588987,20.828150713559445,20.817435911347093,-0.08578667705277371,0.1848233578560125,0.723909372925461,46.16773767931963,-17.56764962419371,7.855926711558155,0.12872428085462184,1.3082819082025168,1.185761213714288
53.0,31.84273486679214,21.22032538341417,19.990534363162453,-0.08641187673866609,0.21190093816676303,0.6761011029794971,46.220906415148534,-16.878511761857844,7.003365828053122,0.2047095011406398,1.4088275616399866,1.129254748575629
54.0,30.830114419143403,21.59829973039513,19.785326704121534,-0.15310577614287818,0.22650455946719816,0.6331537900745855,45.00743635663312,-15.244471301738688,7.1405021944745,0.3252361844449124,1.607130197496476,1.1229127552043414
54.22716920107034,31.413468673150597,21.696559999045153,20.781927451888865,-0.1071981858337414,0.22956804675625034,0.7071628697697081,44.31123119130228,-14.979797236375811,7.150128257683303,0.16563075940662064,1.6265163758080579,1.101072671027984
54.62680161966405,31.49769546632583,21.640912221732883,21.838327450173026,-0.09795435063330132,0.2184133515486799,0.7764951358471087,44.17644843310168,-14.145973178863757,7.373346041936488,0.249591411256557,1.7543473680117738,1.0982437415785617
54.82661311996683,31.580874715091653,21.694274635021,22.095906186528612,-0.08940070051753599,0.21915014461630009,0.7858553018600288,44.01375086384592,-13.825415049921233,7.555249371018062,0.25939484534741913,1.780823079657179,1.1043796637288188
55.0,30.558838387285526,21.784757495611487,21.088587301915847,-0.16122023471952787,0.22519708155422913,0.7264936064308547,42.7723470812731,-13.313371385760709,6.5753193629928965,0.1084471823488477,1.8482339628132611,1.0347978815528782
56.0,29.78119203681306,21.895638493372402,20.915916835041795,-0.20330517628749595,0.21827688684735289,0.6809794821132442,42.158875475034876,-11.512507658338851,6.675069294449115,0.3319189052013628,1.9800457592357057,1.0275886075689173
56.22521445237957,30.062929004976922,22.038582546754704,21.140060129358687,-0.16925880531362741,0.22806633798682982,0.688259827087264,41.442204547310624,-11.352641919691674,6.847117365486425,0.1327870592209447,1.9156784629012928,1.024615789499174
57.0,29.560236908195932,21.889305358791383,20.4097380008993,-0.19360791672501457,0.20361372453795398,0.6227477162273181,40.99682090548862,-10.02930451209823,6.358387639267082,0.29214875676989305,1.9949019590615535,0.9815896892571988
58.0,28.873470977249998,22.04191045167249,20.56439754972673,-0.22662706080004819,0.20148837793654262,0.6000606640974127,40.57540910383128,-8.107334855036905,6.836441022211081,0.5120343097210212,2.062134396252992,0.9971888601083634
58.023255586300486,29.582542443783193,22.115131001404183,20.971174594740926,-0.15540578309532885,0.2108492639199918,0.6451403606703111,39.09334709686928,-8.399837439211824,6.66328065833392,-0.019511589139286856,1.9561358629074574,0.9582959585976201
58.422803494612765,29.776785470543963,22.104007983949177,21.596828561760933,-0.12918824749405866,0.20408868015101184,0.6891230590327014,38.40382587072746,-7.565422442352129,6.890408153259611,-0.1312277156816772,2.006675350119633,0.9528684109255718
58.62257593605359,29.728936183403945,22.2063636453222,21.77881731560166,-0.13097563567626347,0.20983255712167742,0.6946007929687604,38.43020010152798,-7.322023956333539,7.064064776960181,-0.05575845158054031,1.9617858069834058,0.9601660527116755
59.0,29.17981125050346,22.189024597782737,21.301582676249023,-0.16662752719861665,0.20330509001008,0.6573852097553157,37.75167848618583,-6.702968381225066,6.639883566071058,-0.0502045068628372,1.9599863968531512,0.9251636130509516
59.421658877204216,29.094601308912456,22.31541264844602,21.602271165484254,-0.1679372629640998,0.20743996231305611,0.6608667458629544,37.79335235109084,-5.985902329713706,7.023803656509885,0.0956049866494728,1.9315866197664935,0.9440749678811226
59.62142863077104,29.4368628843154,22.335206482008385,22.069776470072586,-0.1252917326730566,0.208445865151076,0.7046679279419731,36.51548504050098,-5.816137535829419,7.0212883616753015,-0.2843413782310654,1.8732125368247632,0.9189154692178194
60.0,28.615882447799365,22.326077418020112,21.476288205857177,-0.18143946790521076,0.20279248640809297,0.6614657279830648,35.407739143337885,-5.225554368592693,6.451220742504249,-0.34323924123587823,1.858228680091299,0.873748192280756
61.0,28.03658535915099,22.560247726713317,21.07147363701712,-0.2101765648752093,0.20534274812407455,0.6094835710741525,34.570071765306984,-3.3301112381458506,6.186480820185291,-0.17696303302043914,1.8565508537667916,0.8414028197267692
62.0,27.425363092909805,22.848685098643347,20.770418588933783,-0.23895221963928126,0.21169184103771804,0.5663088196512269,33.7430825303504,-1.360296619303755,6.024828637397836,-0.03045400865064138,1.850300593625154,0.8153095474168798
63.0,26.32618506176817,22.96044688420848,20.631335978536466,-0.29994346186442394,0.20468451041689736,0.5329896543327193,31.555180566229524,0.16292497048934107,6.0063219465084465,-0.18666895829296765,1.743585818423583,0.7910436224662909
64.0,25.59801909986412,23.420415856864487,20.604482307187432,-0.3315187633623091,0.22364567587478157,0.5082949904460292,29.88575789884997,2.585333195349829,6.094709317272035,-0.23607976257305485,1.8168673360591039,0.7761111959974087
64.01663262423806,27.488222843950897,23.175170577138434,21.371023407968195,-0.1801588947242357,0.20181755254835065,0.5924682442803142,27.320566523711147,2.904226359891521,5.797874502352758,-1.090230448680093,1.9366708756176316,0.7202723316497999
65.0,27.599578866098334,23.619123626051675,20.837174542986023,-0.15870202167668912,0.2204453592467735,0.5366166804122897,26.690099332008618,5.215240763490796,5.3529208481867165,-0.8761196376429412,1.9517532669188014,0.6818572170548037
65.4153946957273,27.89955130071864,23.166618880847732,21.074224049958836,-0.1280428508626192,0.17707260158351718,0.5406996548285259,25.633336863460716,6.8542561693034365,5.606711846564095,-1.0401414638020765,2.195906554645446,0.6864978459383202
66.0,27.510556394142164,23.088948683603384,20.599821894518097,-0.15205805102746564,0.16252426254008537,0.5082313376928438,24.671988376344586,7.554587889485835,4.990957568065196,-1.007380352513639,2.056476689458418,0.6385936359756166
67.0,27.249143584087836,23.352200112748363,20.461103933526523,-0.16046446403698944,0.17005216431410272,0.4765101557569539,23.599712914217843,9.728249671952616,4.954597811507827,-0.8563986606402922,2.0105703694810284,0.6250453356357538
67.01428036452425,27.255303546069513,23.70351399114645,20.792057528141378,-0.15957941229421413,0.19589636356071072,0.5096660079128956,23.54754010927349,9.355549680908222,4.878287951060903,-0.8723922953960803,1.8806907024790578,0.6145577344981789
67.61395875442312,27.286075751416647,23.70247026622613,21.11674733131287,-0.146264588282154,0.1860721421401974,0.5143803636010339,22.58995443636778,10.645329769377588,5.226797246855546,-0.9295121405105108,1.8763221080186483,0.6254718010564224
68.0,27.199941684139677,23.978939205746233,21.040824998149596,-0.14865461424950066,0.20173538534770877,0.500666558201884,22.2164303798462,11.608930286459893,5.184558832470734,-0.8634763616401908,1.871270136114995,0.6181049258395774
68.41361763332137,27.20187271678701,24.07202367980643,21.156126468214126,-0.1400499867482835,0.20246428630091973,0.48832404028239057,21.550770850656736,12.322401881063367,5.470173199557159,-0.9155995549402522,1.8053343009151839,0.6314884991522769
69.0,27.137031358829717,24.126990421940533,21.24813595477112,-0.13874881655612986,0.19757624579775065,0.47881642330188046,21.057666810701154,13.276281610562712,5.637405647487921,-0.8114958959999499,1.7153507176052596,0.6351103373517432
69.01342858520155,27.190177818659333,24.322382317584154,21.593581864267783,-0.13256928453363298,0.21379341482958308,0.5231420464801236,20.848039601536854,12.96625137593315,5.532126564553791,-0.8915222166926235,1.587440528469848,0.6198691686824073
70.0,27.192624121606617,24.11623073606697,21.766665281864647,-0.12265425579875301,0.18256490348904586,0.5053831266286622,20.216281711033776,13.907353467831589,5.812862918826988,-0.686316177902442,1.328987538739435,0.6266378868937895
70.8131941040914,27.184638924358246,24.180138855385586,22.140624758117248,-0.1042244434134845,0.16755376246720086,0.49860732174773587,18.730998855946282,15.552130574124439,6.327035571759188,-0.8877607300281949,1.3979700505525345,0.6408406929315632
71.0,27.18076655424272,24.248494913616003,21.46947537073345,-0.10314634694670374,0.17041627705969375,0.4606395378289497,18.579029994132043,15.844592871095942,5.64583465517262,-0.8582607577359823,1.3676356750710579,0.5961375737996188
71.41321780906601,27.13548741111147,24.277721285712595,21.658525921479242,-0.10242687866305075,0.16461431313894725,0.46021091179262175,18.189021374058562,16.59784315511856,5.892116944254498,-0.8110877448112059,1.369001219865791,0.605188799154002
72.0,26.832935253485438,24.61592570436544,21.246651852434397,-0.12155038727203762,0.18330628906196222,0.42708835171827564,17.453745451558913,17.61304899433963,5.518706069082272,-0.7476215557832206,1.2876084464611675,0.5729507409770007
73.0,26.598237637930733,24.552375514505936,21.071791135885398,-0.1303306444275977,0.16467232224249376,0.40095128796486446,16.570683015711797,18.409598639827507,5.4069252400508905,-0.6038411214526705,1.0130550874720818,0.5530092743763605
73.81370617121458,26.62211714486915,24.702230454534003,21.275967219943585,-0.11427133087373223,0.1621045289524613,0.3765145066191295,15.477518894778289,19.341298277391747,5.921055898127585,-0.6857007819253984,0.8975419869104408,0.574723773232482
74.0,26.289731881614852,24.44938688684939,20.437576308245383,-0.13887512381281333,0.13972327941878346,0.3397719653346889,14.824372209741387,19.08603728845439,4.9235375342379895,-0.7449938692219678,0.7930736195535294,0.5084049250266975
74.41390165132314,26.5893907558537,24.7833894010919,21.344682972480577,-0.10923839720643426,0.15883668670460566,0.43835788662431097,13.79747295008036,19.074408069256716,4.869156328711878,-0.9244516339809826,0.5970587613109163,0.48076969361457644
75.0,26.79516664054514,24.4732760630639,20.95376936267765,-0.0880354877811557,0.1275424501662023,0.40661384723456584,13.60400079610543,18.90468147365333,4.476733827516202,-0.7971788020673382,0.372403956650378,0.45184463628887545
75.41426924762276,26.79604975412884,24.43274386142112,21.098006920328867,-0.08339012557085498,0.11525720721925274,0.4022921771676749,13.120848514803114,19.457413049381852,4.665962131297176,-0.8016553679482703,0.41924413729252935,0.45623823941893954
76.0,26.237770234135166,24.610289641715298,20.413312643498692,-0.12396807264676953,0.12432577462026222,0.35738629693410345,12.024733181862363,19.750031325169978,3.9493574119232657,-0.805198447396009,0.2636465444820124,0.40492891538020687
77.0,25.830557686381947,24.74995939274183,19.997925993010128,-0.14647600410629888,0.12587838418435582,0.32049253675138994,10.86475282011959,19.857954988016303,3.522144098855451,-0.716060644905684,-0.036234085562297264,0.37047518630423315
77.21501255744664,25.890475996719985,24.81575880840414,20.168315660620035,-0.13882746688912365,0.12903965477373783,0.3343492767928259,10.539052752231617,19.78367869013061,3.565587818741277,-0.7458279441377893,-0.12351209195348589,0.36843578250950787
78.0,25.507983466478944,25.113185951239682,19.722323317723596,-0.1606452745962432,0.14448120627558425,0.29814177869824376,9.641950043345377,19.9053499366357,3.1226477161992157,-0.6691676697855347,-0.32066499191081393,0.33556932656456673
78.01536005519796,25.47563281605565,25.104191073476212,19.70723465551746,-0.16326141022451432,0.14343877082932363,0.29494343716232885,9.689602925502724,19.921104125983177,3.1360746458914055,-0.6434445044290443,-0.3176650518555203,0.337006861852213
79.0,24.80857303685781,25.105939871754302,19.617651446960004,-0.20293747356151917,0.13324911035889025,0.27143513146865084,8.4079274118546,19.24283980497404,3.176189836844144,-0.5830704157115864,-0.6826116708337394,0.33480584497585436
79.01580005118942,24.98011086351728,24.551282905905875,19.637638577770637,-0.188085426552228,0.0836532209284167,0.2707438657759322,8.098339232646461,20.289910045146875,3.147992459233843,-0.7030343806493262,-0.28079686679385973,0.32083343135508424
79.41597684879588,24.965003613332456,24.600700409309855,19.811621708945445,-0.18210345536245207,0.08580762308496456,0.28415308150309015,7.632864698077915,20.095028799268434,3.2405883214329685,-0.7165011927246,-0.41975067242627767,0.3204433447139549
80.0,24.820195010136636,24.73327072831964,19.779322254262993,-0.18520721946733987,0.09242495912263758,0.27414191053681114,7.197936946228026,19.906033048964403,3.2216577942300977,-0.629602965539528,-0.5803754705398321,0.31510801062870497
80.01624246874835,24.892073478458165,24.756651514502177,19.833488308603723,-0.17760231486598804,0.09529539429328678,0.28600209254979186,6.982577565833156,19.830377386898206,3.1956165761338577,-0.7141835145711904,-0.613251418801162,0.3102632333450701
81.0,24.40104022604224,25.20598202643383,19.59074389099459,-0.2026167962756692,0.12371235507481157,0.25874219412573013,5.943298919662947,19.619939941372124,2.965235324360278,-0.6194021409645758,-0.8347044842609647,0.2883214479107219
82.0,24.03586302160584,25.67190043694915,19.114615343953076,-0.21545180011685633,0.15106300649673762,0.22274705004034853,5.171981847203771,19.292225683055864,2.460262333185346,-0.48593857324205064,-1.028098354774449,0.2504299555586608
82.017133748078,24.040539387855283,25.385448615105798,19.20806320627761,-0.21453983178105282,0.1270499538480362,0.23313861859920282,5.1440459850353335,19.758894686713816,2.4213720923265956,-0.49703171024330134,-0.8499762047343717,0.24067724545714936
83.0,23.47673201043151,25.40674238447784,19.246637770119847,-0.24175773563176559,0.11960444543876002,0.22554309286986546,4.174596833732232,18.61212205460167,2.439237903529026,-0.41540069819212505,-1.1627085804324904,0.23708498504331407
83.0175886613533,23.649617230037354,25.300131767663437,19.11307469991954,-0.22670315037086752,0.11000824844028648,0.20755644118370153,3.8846361858104546,18.800849288370134,2.473373785943182,-0.5210772659295638,-1.0854359055056801,0.2380533845344786
84.0,23.263001256244085,25.39891557837289,19.448356711699116,-0.23928889376011314,0.10948695173234524,0.2153850715821484,3.1784132939338967,17.561490991237076,2.8234103022347825,-0.3952567491780207,-1.3692524822139818,0.2543731728839992
84.61834681423976,23.12821373295228,25.292376385471766,19.6567435360069,-0.23663519815508036,0.09262259732409556,0.2265233405251856,2.879809375740269,17.24293272798707,2.9277745573774125,-0.3200701698141212,-1.324587418003077,0.24961347393110397
85.0,22.74676107170351,25.462745587119386,19.473431666690388,-0.2591837981822053,0.10380475189484921,0.2171055979551954,2.2240481430941097,16.806574525510527,2.650326703745862,-0.3488158166114103,-1.4150704395289757,0.22838376869240198
85.21864540365387,22.765045789256156,25.353814898789153,19.532189740120497,-0.2515613791657592,0.09057311710415722,0.21830852709961043,1.9789913684909461,16.875895234030146,2.6777129959470694,-0.38051991178771216,-1.3144889134030076,0.22361638803204342
85.41874709712941,22.901052155836865,25.455053206178604,19.802014566403336,-0.2358782986617548,0.09829234326478314,0.2472628667142032,1.515669868803358,16.450506979927866,2.644228215608462,-0.4763846192768476,-1.4151012803065581,0.21455968144201054
85.81895404137309,22.81930633708992,25.492229817440382,19.875199571180556,-0.23464183238497954,0.09789246714179486,0.24316788399456998,1.3012905802581474,15.884373599375754,2.7403594194887004,-0.42479984265493254,-1.49899686030179,0.21934039038807635
86.0,23.08002979514268,25.145129396905833,19.490860442043303,-0.2111081327389877,0.06942582513096279,0.22231606362826647,1.580268865646571,15.192403748704434,2.3394576597161905,-0.34576066468108363,-1.5952682944456973,0.1959106998020535
86.21916605817455,23.085474370488335,25.16456889542946,19.442230705894605,-0.20615279986882223,0.06945997494840846,0.20663475318278482,1.3939537004948521,14.837793442943017,2.418959451642671,-0.3532585501086074,-1.6458287929205149,0.20184391209418384
87.0,23.348882734487237,25.29297746703776,18.96431805488851,-0.17360292110969722,0.07519230721586076,0.17536440449903704,1.7262460772559196,13.599229016235558,1.9264673526803013,-0.1292468748373517,-1.7994631147143414,0.17000651724159155
87.21972065514845,23.271728410245252,25.28887556361056,18.963540055732285,-0.17715668970438958,0.07307990611058042,0.17040458183901636,1.7908043161861769,13.243918441555582,1.9772351716809695,-0.05356181907295058,-1.82950058500856,0.1736135843994639
88.0,23.41108794674801,25.084364982131852,18.796736751589293,-0.1561676672774636,0.05316503307804563,0.15687660839226072,2.1950022747604434,11.377157735509678,1.7972258750248986,0.17305857512374156,-2.0572458253290633,0.16286038947717169
88.42043766848965,23.53290613080469,24.852493630683803,18.854764153399554,-0.13531132523272907,0.025307714237457528,0.15432098312222942,1.733120918502085,11.41077755330792,1.8268670239760054,0.04771241458560305,-1.801268936369735,0.1522506422452989
89.0,23.18011771586731,24.765303679011204,18.66611662807684,-0.1564039840287608,0.017823445694712486,0.14004685765834282,1.4094887442336894,10.189963745020535,1.6262077198585756,0.09457406253651274,-1.9171816991504371,0.13784758468051142
89.62121545798387,23.113985518645784,24.814341480793125,18.663021110325694,-0.15325018423958012,0.02160647427272375,0.12621324583280033,1.4045384837221104,8.842787588320558,1.7508050281110568,0.1784307078028647,-2.056890420304212,0.14674732018519004
90.0,23.396426026094396,24.842470647207108,18.931746471658684,-0.1235431602299549,0.02695008419732789,0.15787418378182425,1.0106779638074979,7.401046187217171,1.728607608357905,0.05428438185366197,-2.3064747334953264,0.1381560494166563
90.62191066830842,23.326455783913072,24.866435313734353,19.03503683082366,-0.12278873445241946,0.02776415439503174,0.15884507787909694,1.0485070072394567,5.90912146570303,1.8130022127338732,0.1477000860601515,-2.4229534060973816,0.1421162028357647
90.82205469637567,23.30684982460786,24.878152870025872,19.07045271456915,-0.12217189904827837,0.02851278846490677,0.1596575573932287,1.0538450382860032,5.395729262511554,1.8391835582737803,0.1714477084017093,-2.466588068917565,0.14332314618994718
91.0,22.925895895448615,25.12333495873064,18.595402427696197,-0.14994002351509558,0.0473034355135183,0.1338132731253272,0.586840206406858,5.355150787668177,1.3362796027306003,0.12060820498613764,-2.4277756875268146,0.1104163106315717
91.02220033009101,23.061398719821177,24.935026574906406,18.646614560073584,-0.136523033057405,0.030205792407919718,0.14075240825584875,0.3188081912749301,5.673343307384451,1.3046337696306127,0.016094413628192444,-2.29196693248658,0.10283363562025558
91.42249628548647,22.9751468462986,24.906222672548424,18.678955566130234,-0.1411613790473063,0.024610432194972366,0.1338599402430525,0.5252436817254261,4.908779699317274,1.366230962262616,0.14993077159524096,-2.279457765563861,0.1074749362833282
92.0,22.785130845743954,24.63452838837713,18.472463116307594,-0.14972244702882337,0.002453741239316333,0.11878229032845981,0.5386565690948493,3.2109721012142916,1.1511577442564398,0.23274931363560744,-2.39969293998718,0.09366306419368996
92.02295136339359,22.844696197495363,24.505369521390826,18.581982783703612,-0.14373101952272255,-0.008913721845326938,0.1339110621312285,0.42295207299224713,3.3975715430410824,1.1073787638209565,0.1871716057976701,-2.312100663963566,0.08590503421674457
92.22310585095778,22.810082159981842,24.49320255682957,18.602882044868235,-0.14479795259197553,-0.010427927970286098,0.13200400324500627,0.5070397188660146,2.97475403720468,1.1300144410666206,0.23697536264634028,-2.314597491916203,0.08731628977114268
93.0,22.413880806603462,24.80946944213002,18.719453977695604,-0.166562809450073,0.014893285794239656,0.13237737529086346,0.33029639269428196,1.6085272293451047,1.2086931126299916,0.29605795823086334,-2.316064874779647,0.08908327771153804
93.8243841054751,22.308179774576658,24.706297046800987,18.987803707499793,-0.16343916790595894,0.0049363370158296595,0.1543377228645988,0.5279540812299409,-0.027198694030722226,1.2152542292308681,0.39014825410156867,-2.277830413816073,0.08155574981189213
94.0,22.55859821366928,24.60598481608508,18.799863128810873,-0.14196761485962245,-0.0030718220124841406,0.14407531602714885,0.9757704196529255,-0.561306085763833,1.0001136542557694,0.47478109240508337,-2.3054855028169836,0.06909446160113786
94.42487852055464,22.462562222818587,24.53411573157582,18.831583235496513,-0.14684657048442118,-0.011327792995680082,0.13648293620159754,1.3826057067940285,-1.3125814591168754,1.0512830399360453,0.6196298246917009,-2.235932352227436,0.07299171812620572
95.0,22.03166955131003,24.698968063574952,19.086423356897367,-0.1733865115494194,0.001965492438446015,0.14424764294800774,1.2297755500248444,-2.3096468588479713,1.2854528540579253,0.6329766247958828,-2.201636667055527,0.08477843321213505
96.0,21.65466053994639,24.65455493033586,19.148153540460473,-0.18908505502605824,-0.0015465253230849884,0.13934132202190927,1.596280806827875,-4.5347507650567795,1.29279385481089,0.7457058790336344,-2.208711867674064,0.08212472447687869
96.0262155848292,21.789920579201524,24.554596727010296,19.130483838503004,-0.17721290701809939,-0.009493116812134422,0.1368115394169125,1.4051491132870286,-4.448329573644912,1.2947121980096277,0.6735649909125555,-2.158445965149346,0.08116385649972419
96.6267172546009,22.002625107629704,24.47165892967204,18.936331769064868,-0.15052266609452383,-0.015809822332150038,0.10221380130817709,1.2422200182035645,-5.5779177450851645,1.4209523099391628,0.5693855004359352,-2.0974907906739335,0.09020797996577004
97.0,21.66434888588627,24.504819043308466,18.94786988462592,-0.17241247376310728,-0.012660630239898413,0.10091455870592347,1.0615114059607305,-6.332565257910512,1.4171342039163601,0.5538737127869396,-2.086668321683825,0.08784219053282942
97.22721519567027,21.684716983476363,24.606770680340254,19.024820485491677,-0.16686935781806142,-0.002797648532970093,0.10895037700688404,1.0476824537016889,-7.023549378201764,1.4154679706145097,0.5274770690898961,-2.1604388056388104,0.08531861596013642
97.62754381307663,21.612797461040515,24.59591482156481,19.063631075203645,-0.1673562496934552,-0.003765582724369803,0.10822179061804538,1.283831739149213,-7.8594412016372095,1.4517935522264924,0.5793142481665734,-2.140263580290359,0.08598241185225586
98.0,21.221084819538852,24.64987065677808,18.989163810893913,-0.192882856662676,0.0002763671320725608,0.1015971418632984,1.0067173659872717,-8.50719102214467,1.362888738273885,0.54116066808456,-2.0959753461818647,0.0782471305997658
98.42818955274346,21.12305314886697,24.611462367571317,19.02243326664693,-0.19443131838323224,-0.0039318852573368,0.09972124863541636,1.299071834115939,-9.282393928493121,1.4018573017334028,0.6088760688084994,-2.0301294350935057,0.0797760116278268
99.0,21.095705993935,24.788561397263795,19.061636479244335,-0.18769466802206258,0.010073517959217387,0.10023641737121974,1.751752374823281,-10.210657383642,1.4087254398118714,0.6820788775169794,-1.9622132352287809,0.07808936144633698
100.0,21.032452975794442,24.76436990741495,18.75255069713508,-0.17819881110867136,0.007578229022418847,0.08176822680581941,2.8164142272537176,-12.253485382361122,1.024639527911092,0.8574842917780299,-1.9067582489788628,0.05074959058868972
100.22955830653213,21.417496967202265,24.615226251981838,18.5454080489476,-0.1454113435050799,-0.0041048801949644005,0.05623867312519153,2.458507596390515,-12.47108010896425,1.0901611228248358,0.6987496191361249,-1.8188121630782064,0.056075467338369975
101.0,21.08429318130546,24.68718725420878,18.151062921512313,-0.16262197827603694,0.001719553055429519,0.034997865543581495,2.6346555738975836,-13.673729921490775,0.6474225674085676,0.7019178702723949,-1.7068053487090373,0.026426064559765247
102.0,21.110458642019452,24.761886704871994,18.02489289000425,-0.14795280464953858,0.007198685780128098,0.02836240132364255,3.7894758698698863,-15.194072957559658,0.4858951401574444,0.8631782014430103,-1.5534925398112063,0.014781159526563347
102.83121562478155,20.96133697261713,24.666421164260893,18.031383249401745,-0.15019541884430893,-0.0016912327530653843,0.025874718910491215,4.620556537088958,-16.186479840928108,0.5067605425626678,0.9682875727590623,-1.346175364252527,0.015703456685664325
103.0,20.9956512234027,24.64035144514555,17.8351137388658,-0.14557467829576823,-0.0036443591612684944,0.016850915143439865,4.9813670633851705,-16.481104247117507,0.2787427710388784,1.0230783365971108,-1.330256181172419,0.001647148578759694
103.23142687663353,20.96185016258031,24.638802105537497,17.838910300187706,-0.14558488881259427,-0.0037067277264018353,0.01683529472013337,5.221090414815399,-16.782956467672257,0.27908501663222063,1.046035947871226,-1.2891352909372789,0.0009389610948485458
103.83171850885509,20.874334107136885,24.637308342343577,17.849050602028612,-0.14559123465226015,-0.0036319950498194123,0.016848837506554706,5.866444203515284,-17.526243870185702,0.2793246382746507,1.104036407496715,-1.1789823831254669,6.860068747597162e-05
104.0,20.92099986037447,24.808033522194435,17.668778205370415,-0.1397091791538009,0.009834895137652629,0.010300168902671148,6.203034809746165,-17.53498904999363,0.03324370343925395,1.1444118079295356,-1.1236488652239982,-0.015442464232514042
104.43197826002691,20.82819839732813,24.874185505309324,17.67271995843394,-0.14178071037188458,0.01661938825878897,0.011301200810732468,6.717128210492228,-18.19703718666249,0.02174388459742309,1.181521111742135,-1.112875208767361,-0.01756593832063853
104.83213289942509,20.82946751190312,24.829891141959934,17.68695805447021,-0.1379311042214982,0.010247835733323257,0.010978801738628925,7.1535603347705266,-18.38595605444129,0.01801449689224991,1.2134201413838426,-0.9445123298741733,-0.016724742507147554
105.0,20.748754807334517,24.853766880169093,17.859171956311773,-0.14322887878112775,0.012303228466568644,0.018264528031090167,6.868013391151235,-18.38687558427796,0.2197751603451536,1.1263289572598194,-0.8792897572390004,-0.004847680469627906
106.0,20.543028773540854,24.786105600236258,17.859491546067094,-0.15096254265619835,0.0073233183129713594,0.016310564489592255,7.015240508113823,-18.941970398338675,0.20105658995401876,0.9906354854649693,-0.6039501151092888,-0.008159213417968061
106.03250313430588,20.53775019221101,24.782541923877435,17.860606526366837,-0.1510086010365721,0.006772680286221576,0.016246391630221617,7.049866135160748,-18.94562773096017,0.20126324365608958,0.9937595817361787,-0.5891828834175453,-0.007998939759675644
106.63263326465164,20.44117484092721,24.79608910562316,17.86812126792117,-0.15135860211151045,0.00834102008318999,0.016427441836277906,7.652342156082594,-19.317876956960955,0.19457307442984287,1.0181534196099749,-0.4639799636675811,-0.009352050591205256
107.0,20.305315065101894,24.287984522961175,17.804883517704504,-0.16195538979063434,-0.030195996776711007,0.00816896184453482,7.05531813624521,-19.82614301112951,0.2153203480957614,0.8437186009654214,-0.40796173456725543,-0.008055785348032913
108.0,20.153397368658993,24.422024176936354,17.847990496318957,-0.15962978010122167,-0.01797767738371858,0.011305735092861197,8.184655501751283,-19.959382537661654,0.21241202708695608,0.9146277561746324,-0.1282588970012105,-0.007941447085743165
108.23279229792655,20.103311931010122,24.505994123238782,17.85214159948053,-0.16017648453889582,-0.007272705058867164,0.01326702013719882,8.36988543547543,-20.28911417912204,0.19807699574504867,0.9008249017510661,-0.1898057257225343,-0.011664125981841569
109.0,20.031287108049675,25.00154279221935,18.174020640896117,-0.15375604901173,0.03118758200100677,0.03146301021383035,9.330762410433175,-19.79005848198537,0.4810846126127307,0.9546110914885122,0.08775551961382425,0.005671534787986614
109.23274911474903,19.979133790224083,25.034566840642587,18.184247936595444,-0.15472768019583114,0.03389269881463863,0.03206193723081808,9.556700240091134,-19.83168646162839,0.47912475327700077,0.9570994184289319,0.12442458327635651,0.004614132218087021
109.43272717035279,20.62827990073592,24.609492195435863,18.8815764817077,-0.11188900217236858,0.010098489142044718,0.08332873298270307,9.215688976733974,-19.623904651297526,0.35258254923229626,0.8199775266609344,0.2110340709179009,-0.010894088572022318
110.0,20.275373120981904,24.88444784167193,18.83659940418004,-0.13151592588780203,0.0300342976449421,0.07991045245795053,9.161422836305437,-19.081896865619463,0.21941540214126726,0.7147512623585284,0.4259877953442723,-0.018545858421993213
110.43255103927007,20.17740205491496,25.16768545008985,18.112031616058776,-0.135156919302069,0.045162420161318384,0.02425249822852031,9.55005700661549,-18.996498348680504,0.34409359664499506,0.7287198545347773,0.5209235365712661,-0.0030279349404023874
111.0,19.918411723770532,24.910622629908705,18.313605314554653,-0.14878341555316188,0.023087249282643506,0.0313897963411984,9.68316441670342,-19.034608990258924,0.5495342845548056,0.6678456250806447,0.6278217259297171,0.010402585613099345
111.83212124334752,19.786897034598134,24.910663161603107,18.32366167631159,-0.1492438447807744,0.020870713226956907,0.029978239525051936,10.239584486914316,-18.331160971452306,0.5650157506265827,0.6396262522505576,0.900369193431652,0.013385473009963712
112.0,20.01651416778789,24.7690945631135,18.53800176363565,-0.1331909063062323,0.010922916201194517,0.039335356791768625,10.814655126458591,-18.39506564712842,0.8119102745375893,0.728174149620653,0.9163807437457008,0.02843370394996479
113.0,19.800805780963028,24.5263305351578,18.32913931802079,-0.13975781750947947,-0.009086232283930521,0.02590028023810495,11.372491811918946,-17.644655849483417,0.5788920500105568,0.6597478250334754,1.1755618889684303,0.015083635019043262
114.0,19.74618467847846,23.870609411011337,17.951645307213262,-0.13812758552217785,-0.057968167279308785,0.002931924959086854,12.420857843597352,-17.375229646970418,0.1831238479481408,0.697622003233588,1.3048217859207745,-0.008885186939074169
115.0,19.768555577118928,23.80019780810821,17.806535373681605,-0.12859060513075365,-0.057828798669118546,-0.0031307230926765914,13.83526692761147,-16.02089823053812,-0.010198836788706644,0.7873771942100833,1.5859922370956905,-0.018398563939114806
115.03039869686722,18.330791309843235,24.135184201345425,17.663373421369926,-0.22901330716667928,-0.035529423858556106,-0.014297435757698988,15.200769148528906,-16.244780385578178,0.00757466807709283,1.1966118113063324,1.5275019217697292,-0.017354039483681073
116.0,17.999709671609775,24.236678718961294,17.50769213483473,-0.23541556552270013,-0.025777620045642668,-0.020487621539771555,16.170883017472537,-14.313914781666789,-0.1469516945755481,1.1417806381954436,1.8799855163221717,-0.021605343202842332
117.0,17.708724773456062,24.000964562917453,17.320595529078556,-0.24018107406275757,-0.04235434959877907,-0.028623525722140206,17.13392681277719,-13.00986381311247,-0.4239988487059225,1.0698047922035303,2.0472263539621816,-0.037910426022379005
118.0,17.320569582967373,23.682807922321565,17.362361878632054,-0.2513652562219595,-0.06588645642081223,-0.026684361854588372,17.627497619722828,-12.386739163308686,-0.5218258071108128,0.9009034180382018,2.0241081686450793,-0.0451764589195144
118.22788157827758,17.174113676792842,24.037412029217208,16.777042585305075,-0.25842908687632593,-0.04159019466723919,-0.07228721033464489,17.94319489872264,-12.225089865516557,-0.43519091839596824,0.9164797950684043,1.994250270266191,-0.03434636191219005
118.6275323380916,16.69362424606639,23.978357483981636,16.74115132309338,-0.2871659418000361,-0.04449452975576547,-0.07285034184519712,18.866596406255532,-11.356143649583307,-0.44794926445039746,1.0490313893662409,2.1195064888587316,-0.03266356180138409
119.0,17.11158737119973,24.806763064423706,17.4185329989102,-0.2525926813965262,0.019005871223513333,-0.02127582956819689,20.013063905706037,-11.766517997768696,-0.49025257337796985,1.1555162843331275,1.8697149309185639,-0.04864606318436516
120.0,16.97831600476831,24.484282223702294,17.664337988708983,-0.24565634486573815,-0.005916708513682482,-0.011108424970077458,21.313297788099725,-10.242626617922213,-0.2359711644323792,1.123701146197476,2.023722116528213,-0.029256621456654933
121.0,17.061781162627273,24.363612443445458,17.876061427799755,-0.22519900215269528,-0.01315801549811081,-0.001554889756147414,23.032757696679823,-8.286567735874675,-0.009785959526518728,1.1698727763549022,2.215839307481031,-0.011536469078775202
121.22521970600657,16.95702077324592,24.577688194056492,17.996966429732126,-0.23155986651556215,0.007316940166659952,0.011802203729470944,23.435432201645373,-8.260368254604936,-0.06253235187072198,1.203360833791937,2.09226345679655,-0.020287699928982238
122.0,16.715497531134428,24.59987103909785,18.015899877016903,-0.23542304008095077,0.008417557605167452,0.01240329048005271,24.194394541296493,-6.571715871538277,-0.07128655660315823,1.115950404280589,2.243089911664328,-0.017732648696831298
123.0,16.55190786469304,24.431375124298725,18.012563945638572,-0.23099876159796912,-0.004364911120548853,0.009870352811350507,25.44964138932423,-4.501896505734716,-0.06594131933362057,1.0619510661896456,2.3926828496037174,-0.013913123268706957
124.0,16.502611188846625,24.390861778816976,17.956718339119163,-0.2194349466589313,-0.006492762775679752,0.006662305541798808,27.45038041455577,-1.9624739430046754,-0.13760992775450734,1.1640607525341653,2.6012392722164592,-0.015312918012672146
124.2228319702951,16.475405151786255,24.501567720836118,17.760347487599383,-0.21794082906069245,0.0018685052450199153,-0.010820580604574088,27.687341017953877,-1.5006391997388366,-0.10180617718000332,1.1385604932529247,2.6060744036650156,-0.01028308008872049
124.82244353300705,16.060615998805513,24.60729870226438,17.418830153714474,-0.2400960813639991,0.009280988001436341,-0.04226667181483812,28.83838463744481,-0.02338769623087615,-0.03132956648972261,1.2236160110444942,2.6881160569565226,-0.0002652321989831258
125.0,15.973647946568965,24.706939803696557,17.56074211786938,-0.24305833666182464,0.01635279189130402,-0.03632773045766754,28.962009288053018,0.6515513595553228,0.16442006653503405,1.1909849169104734,2.7591116329048897,0.01331158909388595
126.0,16.00624156562283,24.73775141312302,17.483324591569083,-0.22392803626237442,0.01754295370530363,-0.037076501269296,30.53294158256476,3.43695703250024,0.09879447525362163,1.1723182595442654,2.9336463140366154,0.011363121816892176
126.22170565180835,15.57816920863591,25.30886392978776,18.04948584900739,-0.2546906814394448,0.06742322254450689,0.020797725396117954,31.32909584796169,3.0228312029458717,-0.07357568244075686,1.3249860932717386,2.62351154051489,-0.015160868609047357
127.0,15.585040832558734,24.953053619528035,18.377468874738206,-0.23965318015561046,0.03709444334104181,0.03106361511844507,32.58660926697435,4.536399178456441,0.2974878167403547,1.3032079066142597,2.6489798514831384,0.009850296125502972
127.62124295984228,15.519248225308115,25.22031392244254,18.138543052395303,-0.23091410911287719,0.05826044674995716,0.0023519231837068923,33.13116956538066,5.764244936404625,0.37188433252473774,1.170690584427041,2.592551299046909,0.018723878697099204
128.0,15.190993179624309,24.84132603504606,18.482968299421444,-0.24796310402032978,0.02859722327097213,0.01710937238483506,33.252862277118574,6.226200583340465,0.7416691276265263,1.0825385272893138,2.557821137003324,0.04146025585450941
128.62109863136143,14.886286476841773,24.99744650769452,18.69499033752906,-0.2642537486402266,0.04177700892820823,0.0422681429175538,34.40670118500453,7.428349518012116,0.6891529828231242,1.1843100846395913,2.4864144600752103,0.031163863664026716
129.0,14.978639901476972,24.52744816881548,18.682708649999974,-0.2495227312899004,0.00530271043288702,0.036638075602584676,35.04777048865863,7.720363817487053,0.7160675720946911,1.1732461208536642,2.419787071771055,0.032841571571373726
129.22108852380856,14.945930387744857,24.49893060893743,18.772413434853625,-0.24762660664591318,0.0028534481281072143,0.04609743888454006,35.26589931751842,8.294234349901812,0.7006351475492163,1.1375043336604616,2.449363006118937,0.03062218621072042
129.82113516027837,14.775470439259493,24.513850195262574,18.838840107379276,-0.25078545895777715,0.004495953403082326,0.051843414335410766,36.0597177103209,9.700898215603418,0.7012078678951134,1.11747765606057,2.469618610569822,0.02902792767682765
130.0,15.334563728636788,24.607219855286374,18.696973647078874,-0.20642777558933603,0.010692608224387418,0.04266648727831736,37.02313494716763,10.312090258029537,0.5819761549943913,1.2145700838233469,2.5159730016095057,0.022275137754867377
131.0,14.998190523482245,24.192833619374085,18.797764242708272,-0.21530519254887473,-0.02045290098415085,0.04349048616023356,37.94161159698053,12.202160339272702,0.6799665917896931,1.0604859143643637,2.4823508993612613,0.03014059713382555
132.0,14.87826974496241,24.151620779479252,18.670495578302663,-0.20837381396708887,-0.022213715307549967,0.035161342842306834,39.0990648235599,14.702633381064556,0.5338260034595341,0.9558369039387362,2.550093008152429,0.02154612706499376
132.2218457829606,14.97285810416875,24.76240022571461,18.35858462715176,-0.19593700596969743,0.03205746839532613,-0.0014678450995979433,39.07046650104569,14.204964411807467,0.6191276507587367,0.8483644523040212,2.203106959566561,0.030429933018873742
132.6220359865382,14.743375809150296,24.834445276942326,18.09076521443046,-0.20884789180642838,0.036883503617859116,-0.033524343784014955,39.70646877379699,15.00892604702962,0.7130332544655691,0.8835124691232523,2.185176696456135,0.040899802170681246
133.0,14.735502404182894,24.378546903030113,17.887972802727983,-0.20370400251904044,0.0012075207987648565,-0.04153400535197114,40.22096965651398,15.226426241574424,0.4860556434220209,0.8670008828449307,2.096431345471671,0.02632540730746998
134.0,14.528783594833085,24.056177208428025,17.745598358317178,-0.20389717532379953,-0.02300516097291161,-0.04566110997087976,41.088937021007546,16.840927034727894,0.3742840542695691,0.7222839018313695,2.0191087457555734,0.020098753119038366
134.02282882319813,14.448223357569098,24.343484576212287,17.620816323127823,-0.20956219203620685,0.004402034369061544,-0.06239279974336495,41.19089678232735,16.33708200661739,0.41023349455290875,0.7448254363815999,1.8159172599536824,0.023464087637080883
134.82335448143732,14.2228081073015,24.360745401809154,17.506048672114716,-0.2145198337827071,0.005379434766766576,-0.07183551600660391,41.85903770552728,17.77085023705427,0.45433878301310326,0.6386996475437439,1.788088051380751,0.028238239732567793
135.0,14.445785761194855,23.944482362006593,17.520961257311704,-0.19489969750682384,-0.026579381999951114,-0.06440213846876608,42.694137483662466,17.46430658435894,0.3197490955911107,0.7480595414477997,1.680365305256339,0.01647214695510956
136.0,14.504110446301727,23.89461956974113,17.41847096481084,-0.17556159605033214,-0.02881928250193528,-0.060861566028649665,44.16302373212995,18.96482695293329,0.13389705998620022,0.7179485314513205,1.6060300126783922,0.0032383243857085423
136.424514135668,14.443731973143013,24.021358975753195,17.519288104024543,-0.17290332884227225,-0.014606716389538293,-0.045215212442173164,44.34737446699768,19.25125706728766,0.09437919004892156,0.5943388569520938,1.451103210356427,-0.0010098361125548353
137.0,14.545043155021936,24.228731085590404,17.81522369214685,-0.1574912793917967,0.001399091946362386,-0.026204253002443015,45.226376712522736,20.312115132597473,0.335308056363607,0.5780485876087418,1.4528202712810645,0.013157088817358236
137.02497379970438,14.410012633553952,24.385629834894296,17.799196641479863,-0.1669878087449323,0.016013012133518946,-0.031950461902634245,45.370070738372426,20.056457181485634,0.34789474910755475,0.6124792820643561,1.3436862901333075,0.014311151360545171
138.0,14.30704170025609,24.08495938430663,18.02843509023595,-0.1613297119021877,-0.008434346796655095,-0.01621005519973429,46.309933148694476,20.832682112479045,0.514241518829472,0.48145100424268716,1.201326303290881,0.024468810762944188
138.0257558133116,13.260423969796403,24.272479557046346,18.667778088483207,-0.23703998907127166,0.0032336265514790307,0.04532561522193945,47.37321155166566,20.712817839403048,0.3525309646600467,0.7924107311356261,1.1557600483637462,0.0005673720956559346
138.4260715256929,13.185032971045228,24.27037045957246,18.67457179648033,-0.23551721456697983,0.0030387171847770394,0.044156445920073055,47.64389973705646,21.17265625233451,0.35635076018588213,0.7002551793779435,1.1296742571635683,0.001906537876586628
138.6262295961994,13.050615741326473,24.284956728705243,18.7321280505442,-0.24311219479648594,0.003720198706004119,0.04987084236932609,47.978715203085706,21.389754184604897,0.3389417754434912,0.725803752290469,1.1134956531689273,-0.0009331044062713856
139.0,12.940346018722897,24.0890706710301,18.672819912516065,-0.2443278359781377,-0.011133286746024115,0.0459052373923285,48.1996329822529,21.467823090548897,0.2528525517023814,0.6381374304880052,1.0326779499413643,-0.004689656093005324
140.0,12.987156343485736,23.763958200359355,18.85289937132113,-0.22249861330532164,-0.03464440420786225,0.04926910394425587,49.09560133710127,21.8210047788274,0.4531238429042902,0.4581420605985912,0.8556732561387752,0.011553720318301099
141.0,12.855189003609867,23.55535896090835,18.564855447611706,-0.21563598308718518,-0.04794328590253086,0.03291581352761892,49.52760389844074,22.1517817040377,0.10889980891177736,0.20169772464171487,0.713120835635232,-0.005691296431646595
142.0,12.984585840672288,23.245687326381237,18.670086650176582,-0.19080700075850185,-0.06850606686645741,0.03274997279714547,50.278214109957396,21.74162600993591,0.29697123102239137,0.033415929178114506,0.45904145197758284,0.010341761413828601
143.0,13.032523756283947,23.046333157917527,18.817670253190308,-0.17378429329823447,-0.07996775663523299,0.03535795121240475,50.83151427817399,21.2077103774049,0.5431504803530282,-0.15460037753245195,0.23872481249329866,0.029452923202686006
144.0,13.224585902918621,22.917850006504587,18.411228441661564,-0.14721456254939197,-0.08411338144186614,0.01290170358186624,52.08449425187825,21.08931209789651,0.21267791767228816,-0.16692077904832764,0.1658470291942177,0.00916564732476477
144.03030199892996,12.210114715398284,22.91424497150797,18.38286151927139,-0.2322468439675202,-0.0836251216054567,0.02547594366952743,53.64675075255738,21.028663648864654,0.1432673287126885,0.3418560481152516,0.12239994654658867,-0.009656122845116884
144.83085014703457,11.867271810342114,22.83152537533488,18.350150774886504,-0.2461818556618476,-0.0844004937311735,0.02348858263785989,54.214687722799134,21.137998320027535,0.13218759958033804,0.2544174142912424,0.1492507523442958,-0.00947659321709787
145.0,11.982689806757861,22.832364991166127,18.26159454706655,-0.23391625356609577,-0.08552534101912233,0.017744721115682458,54.41304320918731,20.593324514539688,0.05619826039041714,0.2299938244392262,0.03962160216192619,-0.01294143020380097
145.43125093161268,11.901068994011577,23.420539977272924,18.231176574157157,-0.23250464475653854,-0.04364610501559571,0.014324076796463574,54.47640181845588,20.021655643052554,0.06138868756100357,0.11587099489242633,-0.10074717977156163,-0.009847545478594778
146.0,11.652716525110604,23.025434446781034,18.219500434251657,-0.24142763607913828,-0.07247829667663619,0.014007434620772526,54.339599522460304,19.28226321536052,0.025034187848757918,-0.05934196369962893,-0.19008004198702555,-0.008928390271550447
147.0,11.726271618206384,22.431118068722668,18.059099759079,-0.21746237037587188,-0.11256274677349368,0.004209789921663529,54.575669669537525,17.932558503010135,-0.15729986198838308,-0.26149579582287574,-0.33914186071616725,-0.01548284306605016
148.0,11.661819117344173,22.339117305374096,17.5570763805515,-0.2060958682815187,-0.11089964237993773,-0.01943933707355657,54.433355250550115,17.71350863099503,-0.7682265314577901,-0.4760080180212323,-0.23352392414764891,-0.04788034994516832
148.0328970006604,11.676678084584244,22.89417751346433,17.50825851037539,-0.2042401681242875,-0.07292147029385496,-0.023512329409133524,54.3883647043246,17.216478789189708,-0.7599721604382823,-0.5013913679842841,-0.38111038255089746,-0.04681185255559401
148.8333790965393,11.425934947768972,22.847999549128893,17.287788612164015,-0.20999310888313416,-0.07201845671533574,-0.040775239520163126,53.98554822290547,16.93447754611178,-0.7530976408882545,-0.6864751711498603,-0.30097855952076197,-0.03882271476763456
149.0,11.205054890769814,22.546927611012645,17.883746378932937,-0.2400091717543618,-0.09109611453663771,0.016239265001819683,57.324758507573804,15.940180898084279,-1.0875378151326418,0.28038605708998837,-0.4568985525579284,-0.09060600383842489
150.0,10.836205447570428,21.664444660749105,17.726931900683503,-0.24954938986247843,-0.14554082135387475,0.008543304801676773,57.31473538762379,14.203957671614864,-1.3682840546403385,0.11603099446489659,-0.6119493283630351,-0.10253845651804636
151.0,11.291315021175036,20.97813282396254,17.840950345347473,-0.19599966557791199,-0.1814902203100954,0.008576983877953817,58.4599295891264,12.60200456990951,-1.334703976028492,0.18452024029383265,-0.7153513612321301,-0.0971153059485785
151.43489488466605,11.096087543235441,21.21816309100658,17.42362974020755,-0.20248713881808214,-0.1561665422080621,-0.028805432988552822,58.577908702656494,11.805836869248013,-1.2894467418439206,0.15220266308123698,-0.8281710661730834,-0.08759502210125204
151.83512326799254,10.907371313703793,21.3561049006292,17.03548455969546,-0.20902170276618048,-0.1396333147555334,-0.06275231176579366,58.699767487962916,11.08785139025564,-1.2407918922353562,0.13181436870791768,-0.9118758319491894,-0.07816957192237396
152.0,10.834244493462705,21.00510067172197,17.12683850672107,-0.21195020255610203,-0.16207557761921093,-0.05783861652515712,58.664608337506344,10.46278265094141,-1.1442818252936495,0.10535686523708819,-0.9830020087108156,-0.0719183098297423
152.0352371152721,10.904411680466808,20.91675320981955,17.348734149826583,-0.206966424657246,-0.16878368371181407,-0.03763959455718191,58.62033558514181,10.534209921157828,-1.1923323006729187,0.08728249052213335,-0.9453937789451997,-0.07713707145171556
152.63557740697718,10.624829914369114,20.85213180049174,17.411898092345105,-0.2205312468361348,-0.16515061616183235,-0.030101113074998145,59.004200528337165,9.90917093880451,-1.2655029136749574,0.15330394905406425,-0.9230969818346358,-0.08086545863654272
153.0,10.784317320598408,20.51355443965792,17.19498715063233,-0.2016707372642738,-0.1840385881259437,-0.04156595549542683,59.32131851551308,9.173310439673301,-1.5079607916475168,0.1604349035729586,-0.9631359142283491,-0.09405059872903844
153.23591596827026,10.66520448198208,20.62366903332469,16.84158166887901,-0.20569594919662432,-0.17022667710733877,-0.07479269056143922,59.37706110213672,8.679104960563214,-1.4526689173217053,0.14881417356107213,-1.03110453162066,-0.08470654783862326
153.636140753463,10.424225345631621,20.59518282671249,16.892583351771446,-0.22128051213765917,-0.16501455662292103,-0.06708290154651479,59.88473231789799,8.145933653838453,-1.51510352905496,0.2888930363743982,-1.0497120669346443,-0.09013100144256986
154.0,10.424668705620476,20.642835615173468,17.164814687555364,-0.21537922686252373,-0.15787644161039238,-0.05360332186196543,60.10245296612952,7.949424504894351,-1.22412244122666,0.2941553151274975,-0.9880438402877839,-0.07019040465894114
154.03636478478535,10.375709371617695,20.647996757943154,17.17700768612279,-0.21960121165980706,-0.15639820576919616,-0.0520729059203167,60.209511925790224,7.885071198040509,-1.231960782495825,0.3326794695192785,-0.9977136164640318,-0.07124866231612556
155.0,10.317078563093196,19.829663677297145,17.43434243743746,-0.2074534629833246,-0.19996862590933356,-0.03978079025352582,60.592789747492574,5.672140339039184,-0.9384330568527885,0.30409234821785036,-1.1529538958086714,-0.04898810883182451
156.0,9.779585347254656,19.374992512306502,17.238810700341322,-0.23169584454125602,-0.21586674171935163,-0.04473916206597082,60.305075370407806,3.7839269631593773,-1.1894200466938802,0.17581311666383437,-1.223660145600874,-0.06068730111095413
157.0,9.45596606731606,18.920543725606134,17.09519167158138,-0.23815496379452242,-0.23093847903948267,-0.04875806733772215,60.16707594337415,1.6540281967283688,-1.3713003571554274,0.08625274091730467,-1.3298304368824745,-0.0682437527529306
158.0,9.173601013217029,18.546273585040932,17.003378355061066,-0.24126592737483554,-0.24026926625109257,-0.050529211274583145,59.98875498614464,-0.5557474460602065,-1.4957751740302756,0.004584172883489918,-1.4332814297071583,-0.07247571428207224
158.03853706024546,8.903521617372217,18.712724287501697,17.015162868243277,-0.2653383336647763,-0.22496558897990745,-0.0462525415573297,60.48649096510834,-0.8617680948724207,-1.51403283275548,0.18775783986442718,-1.5216943513052241,-0.0757545053907142
159.0,8.393135968607684,18.531352839582492,17.18372261996526,-0.2850705277919219,-0.22255240656414557,-0.03498322371781197,60.067595536402784,-2.9796874253354866,-1.3716000254527907,0.07811105346599027,-1.6017295384429415,-0.06304162381364187
159.03904426300593,8.424427478204409,18.474724912206646,17.18416203376089,-0.2809701632534302,-0.22653482067153655,-0.03549758896858117,59.98257455481823,-2.9790234352116953,-1.3719390481795326,0.04398890213800455,-1.5767229018393498,-0.062418985250451794
160.0,8.420426105894043,18.116535976632633,17.200046176182184,-0.260289049117674,-0.23788410517172512,-0.036253103002016146,60.12469756692326,-5.231071037934359,-1.3141721819457521,0.029922902007110203,-1.655373318532145,-0.054555447477641794
161.0,8.02924308197361,17.965277184774635,17.34083251960273,-0.2706592057099078,-0.23267345024817698,-0.027685393940877948,59.817790241523646,-7.121516397958754,-1.1691937006983082,-0.031984564323385804,-1.6438364444488138,-0.04153312369691528
162.0,7.750656334645085,17.79312884568549,17.657427542098493,-0.2717134579309768,-0.23051784499653347,-0.013780657294522861,59.56401584718543,-9.268400067508445,-0.7395827100570356,-0.07335866548789069,-1.6762268836440637,-0.011138311310057745
162.44053550486942,8.27495885609614,19.48156808371297,17.381631517111458,-0.2284131441053036,-0.11811338741988092,-0.0359001501127559,58.93413534759574,-11.2977502024542,-0.7007011847787926,-0.23245447944013628,-1.9654090915154603,-0.00608189884630139
162.6406077552928,8.378803391956605,19.054227341879745,17.034243850427348,-0.20998839542187225,-0.14842236638178496,-0.06623370070058537,58.24153024871279,-11.104480653574585,-0.6215442499062921,-0.46354877152548063,-1.7727577062021305,0.005038929988186195
163.0,8.524618889258168,18.79864128815282,16.98746679032377,-0.19239394117403158,-0.16301383161906413,-0.06867678920044207,58.342844449129785,-11.978555897105183,-0.6347382685067572,-0.44072698327816084,-1.784777756553856,0.005081261739206524
163.64093564845567,8.38204891607974,18.70740233247537,16.95354461251699,-0.19435915101960766,-0.16154045141347192,-0.06761839107399763,58.114991775604324,-13.152616997085365,-0.633988660040644,-0.43381081151138606,-1.7532329897410237,0.005906284068880269
164.0,8.425483061131718,18.606804854063284,16.699016366044106,-0.18550814510380548,-0.164728734898524,-0.07874818651367219,58.09955161767055,-13.792581126330077,-0.8928668249497584,-0.4182061015628257,-1.7265069603760022,-0.008955046615931782
164.04104998541467,8.395280234492562,18.65033049707207,16.527773033687545,-0.18645827353050864,-0.16154942487471202,-0.09171152603611196,58.07781697819353,-13.895016598699254,-0.8636398349095252,-0.42124984108333063,-1.732293910311356,-0.00529922331220691
164.8412468995694,8.259869323866937,18.556625742841494,16.42948090302398,-0.18532780838404297,-0.15913735745232588,-0.09370217957162956,57.71460682971244,-15.298737995992393,-0.8624456237382048,-0.4265149694029508,-1.6801712066666794,-0.0032737256857796574
165.0,8.110555498727889,18.547612484873117,16.177632869920625,-0.19434036465942017,-0.1577894127487865,-0.10419419955120658,57.479542445248725,-15.556073944044696,-1.1249385981254822,-0.4507037039832946,-1.6669361337246094,-0.01915144835997042
166.0,7.749964088898203,18.748449158343853,16.22342115434778,-0.2081768519825442,-0.13390130192715227,-0.09600932556625529,56.808318960319085,-16.592794454022933,-0.9759353414594667,-0.46176696870045625,-1.4660796602792554,-0.006785158446797406
167.0,7.69492060442925,18.87255206318187,16.222310875295893,-0.1981438777438891,-0.11796240241034939,-0.09198548191323114,56.72022091030227,-17.39016101283458,-0.8719870239444485,-0.34727217855018916,-1.2350011189268943,0.002487125370446836
167.04154032123373,7.804541765327585,18.782189738613727,16.183462966660752,-0.1875836105221425,-0.1268591637983976,-0.09543580264585766,56.491578099192665,-17.245520897284052,-0.8632972348065053,-0.42372097651357715,-1.1590572812949922,0.0040229174190767
167.44155017680623,7.765701699371189,18.646824786440334,16.471718168424133,-0.18618806663582346,-0.13253807867152215,-0.06883525618412638,56.3394465526772,-17.618689189055313,-0.9256566891131159,-0.39362459581030335,-1.0838612537650576,-0.0020517376696091525
168.0,7.572768032748757,18.548791911970568,16.385685621604928,-0.19247124425759166,-0.1341709945784637,-0.07091304980720173,55.91033610692728,-18.219551271140883,-0.9696317019455188,-0.3952914520240944,-1.0093715303179391,-0.003656798932360812
168.84146813973192,7.287750601801034,18.40992588957261,15.967444663872252,-0.2005257268140893,-0.1367488739315867,-0.10056211202983398,55.735050333256616,-18.945721509856156,-0.8950245404483328,-0.2814419371322112,-0.8779186347679984,0.006871531374814754
169.0,7.417714330833402,18.13950796545302,16.17713796259521,-0.18747574228820776,-0.1541230927117026,-0.09162321889185114,55.88244719316763,-19.438160754976145,-0.6318198966075119,-0.2390181529962986,-0.9172940764818089,0.023215755602886183
170.0,7.130047442072417,18.106316202484845,15.736438776371868,-0.19526812276072647,-0.14573141341108428,-0.10640621059857819,55.55603929983767,-20.091268416430935,-1.0135826596413484,-0.12749781498274607,-0.7638622743834346,0.0017175151930445727
171.0,6.54083971221329,18.148370300611624,15.813206878278265,-0.22485164960075185,-0.1316203539055932,-0.09612934198098257,54.70340266844577,-20.547233231178314,-0.8168297035342311,-0.10866009231524287,-0.6125894905130563,0.01603524858863646
172.0,6.045404939996286,18.118115536931672,15.725921944198328,-0.2450837507043328,-0.12370642868031251,-0.09419498840072606,53.9015289871081,-20.994441814028665,-0.8070682796477365,-0.07966291056065378,-0.5026623620919111,0.0184075440274011
173.0,5.623090220889951,18.125164221916837,15.773577424449535,-0.2590647057757584,-0.11415046361645166,-0.08697203479468446,53.241233613861716,-21.026533250072745,-0.625456973559731,-0.022449386193816215,-0.3523075475576383,0.03187067984128031
173.6396634052822,6.460045763670059,17.16266572823046,15.565584043233285,-0.1823927890527206,-0.1838804017981912,-0.10428697981742993,51.62073804170482,-19.796693876299024,-0.5633433410698051,-0.394217327246395,0.1273274605667466,0.03803994214830607
174.0,6.261554695044098,17.153609074113625,15.626227374920715,-0.1928457024607417,-0.17938224748612902,-0.09918418230159058,50.96269962324296,-20.12955587160602,-0.4474562510402937,-0.4420990692886792,0.07221839355000449,0.044326889262119515
175.0,5.725187589145258,17.277703195958914,15.7115549961047,-0.21953779901833725,-0.1562334275388022,-0.08831516741158761,50.179093868559654,-19.57040823149046,-0.2335360504575555,-0.3597080429535971,0.19844086758570026,0.057652228410634505
176.0,4.845485797860478,17.752517729921106,15.86361262631972,-0.2714965952672285,-0.11014507734384642,-0.07200870973462224,48.376554496508184,-18.906650282638655,-0.04165160526890696,-0.4844692079358737,0.2899166772306322,0.06583189592753172
176.23765187680164,5.395210933669014,18.345600121015146,16.190392392250388,-0.23323235638999085,-0.07168835108537144,-0.047924675030200196,47.85633109267326,-19.254741291934995,-0.0888033146361109,-0.5635068859446766,0.18584375561839583,0.05794866664744665
177.0,5.165357608938737,18.388843029765116,16.10006937167762,-0.237364681094936,-0.06462802849586384,-0.050000836102826164,47.36188968083508,-18.917010314262622,-0.10813906765764944,-0.4935412669629156,0.21445259776690556,0.05646856140313099
177.23669235672634,5.303737868824828,18.250316283773778,16.968898021828114,-0.22594977581878423,-0.07169183256973068,0.012113359821037194,47.131516257487476,-18.800671459403613,-0.2397199081529549,-0.4994793324563375,0.22914846990209278,0.0401722314878643
178.0,5.20095368324136,18.955784560930034,16.993155843131163,-0.2248192292393471,-0.020015157999054574,0.012973941957290236,46.647652504947565,-17.075779353833948,-0.12316417292376498,-0.43855011094279783,0.510840492492619,0.04886416973898904
179.0,4.62024032960753,18.84611493180971,16.45353120087078,-0.24900504579570032,-0.023955450911626857,-0.011335777874059282,45.25769458907845,-16.576697755033063,-0.6849590840349592,-0.5290548194047515,0.4882576407305641,0.011888956095031426
179.23449223127895,5.729775577765751,17.763510516836426,15.89978694606905,-0.15716039350869931,-0.10681636457098004,-0.05592829658093616,43.48950453850341,-14.983454280529557,-0.6002693748541946,-1.0212240983948009,0.962538641941469,0.01825915711128418
179.43425327834038,5.750315751801078,17.698216842895825,15.855274966151262,-0.15285594791616158,-0.1104370295721733,-0.05867395691804212,43.19631826003636,-14.713873350162574,-0.591322862578527,-1.0442465200154532,0.9913895422093786,0.01902955189324898
180.0,5.3943659967888875,17.56762586823412,15.673969327501977,-0.17100716426622126,-0.11314679214122647,-0.0639901569981818,42.014711728660394,-14.530626394193133,-0.7909466483311929,-1.1461314995996539,0.9102349389157212,0.005899364390344816
181.0,5.0696401805750595,17.491664038593697,15.759966438695892,-0.18170847089594788,-0.10968084742502729,-0.05667436484821963,40.53525342150659,-13.747075626713645,-0.6288062414740421,-1.1952511254334,0.8609861355820082,0.015790402498670846
182.0,5.077159255329129,17.353435315625234,15.88160098041325,-0.16886112072729648,-0.1125970759833065,-0.05038167847226406,40.0401937735977,-12.564491488674403,-0.3325102165591277,-1.0351275043903954,0.8896138261868368,0.03639166722846417
183.0,4.808137435474276,17.36552329833305,15.883587266887238,-0.1761970528276937,-0.10387198332384592,-0.04710845385809703,38.95889768149781,-11.294178763135307,-0.2732690205065045,-1.0070373596021744,0.9106897847809559,0.039743224689954795
183.22920259820913,5.45221682743459,16.998884613838737,15.724568218213351,-0.11197526316031102,-0.1451775510188301,-0.07011021654498871,37.340082944253304,-10.050979234505045,-0.22679019189951805,-1.501938645583333,1.2765539910394077,0.042757122904028125
183.42891630108215,5.209792477882396,16.513976911324544,16.18935410370277,-0.12632774871057634,-0.17302113015014953,-0.03748243377783599,37.22667192177047,-9.458620032059738,-0.29247623188625277,-1.4554617666870104,1.3635973178030896,0.03500111921632242
184.0,5.42907299115144,16.466941622816318,16.145388900798945,-0.10623721126027158,-0.1714856883649074,-0.03947481596901433,36.81001430640156,-8.562336129063207,-0.2836168982306025,-1.3970566992496178,1.3842846379833362,0.03673464031440111
185.0,5.272429091761345,16.3609323913037,16.19626096099792,-0.11017459216942072,-0.16675719583733822,-0.0350693154980854,35.34030329047831,-7.089501795330338,-0.14726928444809687,-1.4187622691575752,1.3740790391022477,0.04575034983763714
186.0,5.220584049787816,16.33069197655939,16.321096290249006,-0.10725854539977325,-0.15825086732495386,-0.027941564353586135,34.09447789796914,-5.427256163888939,0.08638258046523581,-1.3901406530266376,1.3871299898855214,0.060457700863652215
186.82394229061293,4.95459360564984,15.694723585396465,16.812957047344103,-0.12005240964407123,-0.1924081336174875,0.009152656097071277,33.18278819591933,-3.7117822592727787,0.04504501976143324,-1.3251869380996186,1.5033369341576397,0.052835350724884975
187.0,4.967037276298896,15.661852728638424,16.08077272164274,-0.11158432955134756,-0.19762108175183135,-0.03814157793212426,31.668009932849813,-2.553890840602214,-0.21757270388555963,-1.662572256163267,1.735851037101711,0.03994272521124127
188.0,5.14211660854907,15.242809491468655,15.997524212231756,-0.08990385258039302,-0.21479079992440256,-0.04266312547233432,30.366864570500503,-1.1408417704400964,-0.19440670551574535,-1.6347731362023088,1.6598361003633075,0.042794693375259284
189.0,4.7560288158646165,15.135503199515085,15.978316399686536,-0.11106202672740302,-0.20524196258338184,-0.039453579388440935,28.237287480792517,0.6486941903864099,-0.1571901941946002,-1.7376278565109524,1.6278159092721303,0.04495675804857134
190.0,4.603633975040501,15.044165474910493,15.714782550808344,-0.11475256842547792,-0.19748756007835275,-0.04816902217559779,26.426283985124588,2.518821155362715,-0.38551342802871663,-1.766745912888619,1.6072671410012367,0.030542665740238187
190.01946731508062,4.392392099794564,14.719733437105065,15.715548506933033,-0.13062898147987154,-0.2219881050674689,-0.04820176192128214,26.616580954274433,2.9118333900580144,-0.3860659910215077,-1.6954777210073142,1.7190224939066647,0.030073927382728384
190.81844937400544,4.279487884549668,14.419421454873298,15.738891079305255,-0.1324651971120602,-0.23318800480115073,-0.04249321258531778,25.318959122332583,4.548969149361597,-0.37770478920996825,-1.6825041536666434,1.7501535906563346,0.029370194727823193
191.0,3.9206407416683384,13.935828507532792,15.914247312101459,-0.15454990053399928,-0.2621370716453531,-0.033202079624946784,24.66395052309865,4.329534178247253,-0.20644507393844239,-1.734773649159102,1.6503681477513013,0.04003087430802869
192.0,3.803250583830369,14.390166011765318,15.710444390260644,-0.15572475145051645,-0.21315381606523104,-0.03858221039569172,22.986262734207717,6.900599649492383,-0.35054336316683754,-1.7205085753303633,1.7212829325527588,0.029500838973472655
193.0,3.7395068507751326,14.088412454302773,15.868066534965154,-0.1489388365704739,-0.2195524547359573,-0.030708716899170787,21.40994472326604,8.432444981630912,-0.10379909072871221,-1.696186066830026,1.6004162938257445,0.04451090456875638
193.2157804874501,3.6951572355967928,14.045988371313129,15.87351903477965,-0.15018674896476542,-0.21919549360279011,-0.02919383763809382,21.073841531228773,8.769165869485795,-0.09798752208722962,-1.6848576084269495,1.5740375925966916,0.04460452537024644
194.0,3.7208608373414425,14.012208652677536,16.114496954891568,-0.14096380264923702,-0.2106073208770103,-0.018620182924505048,20.013434920629273,10.265565932029233,0.2461885061183865,-1.631699068816602,1.5377373850683023,0.06566469336048386
194.4147076415239,3.7291913959673746,13.758034383914069,16.28585305888268,-0.136100138310956,-0.2259608407859652,0.002715627273989007,19.25038984759492,11.227316598734774,0.21619042250758064,-1.655369416255039,1.5936351435180822,0.058361737014085625
194.61454757726906,3.6999721918720545,13.709796853139137,16.283947423881983,-0.13631465909869656,-0.2263062237175533,0.002414688288976733,18.925083042289383,11.5534194368918,0.22861299833512264,-1.6515768252532703,1.5726916834347002,0.058750024777537664
194.81439297673265,3.69126381074608,13.625660779221812,16.32113241708204,-0.13482626641036155,-0.23144725624021908,0.0072977124322894755,18.55665712408301,12.046156937777216,0.22575275304850131,-1.6620280984068867,1.6095545718354822,0.05729823629656728
195.0,3.9705908111853643,13.501759377119964,16.380139173948812,-0.11218823075870087,-0.23802566589026666,0.011098169080766346,18.62175650635976,12.250531858588221,0.2641224280270655,-1.6053243786594802,1.574454741704765,0.05910900013280464
196.0,4.049922250249921,13.284611424285188,16.51377938573626,-0.09821200821195059,-0.23671091380005765,0.017601714423082393,17.291887820039623,13.778670613568549,0.42857132596597547,-1.5456336397476975,1.4429398063911973,0.06718688610982554
197.0,4.286722264675785,12.687513530420402,16.42389816608639,-0.0737092482220322,-0.2632530541750094,0.014500478677959212,16.365654517136875,14.640386243558329,0.30786352234850567,-1.4106398940161549,1.2015006380124273,0.05871347940888382
198.0,4.187631359100663,12.647369467991199,16.450809545078485,-0.07546630943481719,-0.24720902804487702,0.014884704211323247,14.903642932339249,16.124493359010277,0.39354473144491603,-1.3847095493691424,1.08645751030257,0.06109917044195645
198.8123964706043,4.041524254517133,12.400337854311461,16.424834237750353,-0.08310301229112604,-0.25288376593768847,0.007021590222372028,14.011608190237686,17.17500215551476,0.4636409866410546,-1.278951527393854,1.0066525041924368,0.06456880202720261
199.0,4.383585165399052,12.50558748026757,16.353676125771063,-0.05482228816648904,-0.24148880564799077,0.00985205621975561,14.302018853683151,17.589992191659995,0.28502943794759195,-1.1901237670951652,1.0081020209249223,0.05106009189818711
199.41224959728936,4.394422053113612,12.465881198655657,16.439403362037073,-0.05232063162499865,-0.23444407657867472,0.02260494190061938,13.758469140991664,17.75756095852449,0.2748909185307129,-1.1884669284256302,0.8391967422853659,0.04857905427991968
200.0,4.43484789847826,11.99114435462181,16.61503039169076,-0.047531580298388124,-0.2607179350887844,0.026530183567104716,13.068141288135262,17.80667299697085,0.556791246364276,-1.163851692112911,0.6556288744787989,0.06631233066486773
200.2120958996982,4.4528554704181245,11.94582731897773,16.567001173471418,-0.045660469756561434,-0.2596971815885081,0.02016054884633539,12.793928173585286,17.91728547762563,0.5874039828376642,-1.1615284940504236,0.5976366306276597,0.06892141154217823
201.0,4.697779510846593,12.254520127056148,16.73685464356387,-0.023236154394405722,-0.21918274164902618,0.026600095185099402,12.276682365477892,18.93855499628755,0.8148009891552871,-1.0599578630250506,0.49365048237931414,0.08021093568238968
202.0,4.792096848589145,12.381935356611095,16.769801473338187,-0.013436982570930577,-0.19199878411297228,0.026118748625814345,11.449131073342668,19.7950669057123,0.9126972495986309,-0.9644207832277295,0.3221457428693452,0.08456913881334617
203.0,4.755150674734267,12.109725662303642,17.194835488365662,-0.015598773722262371,-0.19832163953219134,0.045066643724514625,10.463914332776014,19.848674541920534,1.4299057393022039,-0.9142804163792594,0.0347129133466091,0.11513579756968893
204.0,4.5407562856817165,12.062140710683657,17.482443120963403,-0.030251002093208232,-0.187038961072395,0.056018599018549775,9.110198171215364,20.056258299294818,1.8004712079889063,-0.9479094894480192,-0.1853476667803805,0.13303096897109207
204.61161366005442,4.407311797390175,11.803018356171565,17.694953800393684,-0.03756077500709916,-0.19875547833834398,0.07869921402207498,8.688382575332382,20.181439703454455,1.816929440917879,-0.8677592312489724,-0.26260468996256475,0.12630882348062847
205.0,4.369464661254743,11.813505343037601,17.042269174823602,-0.03926282879486785,-0.19179467707881453,0.045175282852078044,8.169329325659684,20.19498450224921,1.134522191750275,-0.8869931282134333,-0.34785473854368676,0.08270069899811998
206.0,4.375451567457495,11.572735241105166,17.04176739441273,-0.03566084139483207,-0.19567114202980337,0.0436745957890246,7.581601877488756,19.5165648605316,1.165778354388635,-0.7757611035103539,-0.6690751727146799,0.08290576179527115
206.21140113743868,4.814361584819877,11.126890149030162,16.91564816086479,-0.0010596753856314742,-0.22766621340469895,0.027286186289834785,6.8229661947741125,19.945289339333353,1.2097645188266237,-0.9533511945518889,-0.5459148256041317,0.08331435520795052
206.41136933936497,4.819190421860313,11.100071836317401,16.853458591714542,-0.0006311227058178538,-0.2258871136712595,0.01714206601500557,6.613922345868422,19.778625900913426,1.2541529283799666,-0.9537014478475799,-0.6209948915653873,0.08815884616592214
206.81130201307192,4.817864954004795,10.999534848368668,16.915571978609158,-0.0008565150702824547,-0.22715148848722047,0.026348441723344718,6.256175586081349,19.56491922618625,1.2630249674303655,-0.9308469796566381,-0.7109645724894135,0.08602320143294613
207.0,4.516577062890397,10.945957204625692,16.763056617418986,-0.024241752418572453,-0.2278821810243748,0.0181252786434329,5.748950304430817,19.401731609489325,1.1140667108583533,-0.9689693143489844,-0.7697172615397785,0.07705390223171912
207.2112297297231,4.5120340239384165,10.905358816849379,16.733550424603877,-0.024034932111587064,-0.22681954300042775,0.011910922124375181,5.532664027373461,19.19457836455384,1.1473626019101506,-0.9668482054157461,-0.8463926844836497,0.08036927831786571
207.61115261386695,4.51124447122992,10.808888796235927,16.727637316123072,-0.019887992986124113,-0.22773301625510145,0.008958103173177235,4.908661702443995,18.870012113840367,1.1857867099350905,-1.0572606099802488,-0.9452731084341802,0.08210034443781898
208.0,4.064513230864241,10.552506330976705,16.446302133470937,-0.054117772814829455,-0.24067489859087488,-0.005847393431238371,4.0301057602227335,18.289097359741326,0.9286621578133473,-1.1109445556501556,-1.0860120035004635,0.06609584446998755
209.0,4.196289674176554,10.5109773167946,16.14199799027647,-0.04002372061638786,-0.22536261318520723,-0.02037833592056916,3.1461964056018217,17.311693987625816,0.6821848616335775,-1.0645840467886676,-1.3406877593158182,0.050252777191729534
209.0108492395017,4.208188962842868,10.476977254165917,16.3110383074958,-0.03982265193848703,-0.2319887579795474,0.01647720231823928,3.142756087776121,17.556312605461322,0.5815719965795223,-1.0672796499801838,-1.225332807452648,0.03348777680709556
209.21080247401616,4.179279363042068,10.312936171734654,16.22494845083426,-0.047358178383101246,-0.24572475516715392,0.002144238071460674,3.2676078596558695,17.663171593959348,0.6129407472884998,-0.9170128680374041,-1.1358435364223973,0.034650265273193266
209.8106589143532,4.144566041607359,10.161939350619221,16.153960579644075,-0.04767963026456579,-0.24446087765098282,-0.014140019451370327,2.7378515217482287,16.82067809742824,0.6834494676987393,-0.8822589922301924,-1.3346654683087222,0.043226085323762924
210.0,4.040808570210181,9.833985096007227,16.21202191256176,-0.055101628207462096,-0.2664363518603574,-0.010201340440713805,2.473209925537194,16.235063990467705,0.7533913477258355,-0.8842913469555483,-1.4303708141461082,0.04815101031428297
211.0,4.003934443054088,9.471090698635326,15.82271273599618,-0.05372878933021113,-0.2736827150213157,-0.028612082409592888,1.6378795340959613,14.538790290436213,0.40816403045573885,-0.8294443515087262,-1.7222945303863824,0.028568519016817867
212.0,4.039980760780282,9.567295000126196,15.788888311729233,-0.04706304176638829,-0.24579529068118028,-0.030555554671937796,0.945480163312522,13.274436883652694,0.4345526194394007,-0.7547165174961574,-1.8926740833740707,0.029834911921369778
212.41005435306317,4.0161967637823714,9.472319571420577,15.755743832116988,-0.04750291670687026,-0.24518769319030853,-0.03466292627478652,0.6561428635487087,12.45394080164255,0.45873791663609004,-0.7218698732316566,-2.0100675052174783,0.03288667640440412
212.61001505042486,4.039705539997505,9.393634048534484,15.895842252361494,-0.04409538948819569,-0.2482433810427466,-0.004915898585200522,0.38687259878770897,12.179302668346745,0.3795434130394408,-0.7584164456452873,-2.0168265586598313,0.020929463152436482
213.0,4.320071663543322,9.458408376074855,15.74155361640201,-0.021615672449436445,-0.23640297887881867,-0.012965347037179718,0.5809112737206268,11.682657993325659,0.22082650364457732,-0.6501886895384983,-2.0584322275318496,0.011216532136882708
213.20990922033982,4.353367436881636,8.94054906246745,15.576078976548002,-0.01957814510712739,-0.2793543012554712,-0.040789148441685304,0.41127371810535346,12.16545138909254,0.26169333541418843,-0.6500278250382343,-1.7865889732248095,0.011573842459653365
213.4098785824489,4.259166665956041,8.930328132414235,15.591616094009604,-0.02949359700295436,-0.27788164480275257,-0.03896538216241212,0.5722842561946773,11.818195841216925,0.2600093642908906,-0.5234241094743671,-1.8106950483605802,0.011420822199375857
214.0,4.0097148606532995,8.755107885848076,15.383644199199848,-0.04808861237153664,-0.2786911957526907,-0.04800214033739046,0.0280463941393983,10.711719059185642,0.07176672283387356,-0.49501245725226256,-1.927872335091017,0.0006254257321621128
214.40976834274142,3.97480376576994,8.643895092859994,15.26694413855482,-0.04959908059262613,-0.2782923764722222,-0.06725162033988714,-0.1192088616108576,9.870245212654256,0.12418977713690661,-0.43634728115931254,-2.0238378826058807,0.008695924893702828
214.60975610153412,4.017281401418701,8.671314963406216,15.278693411308437,-0.04728022927328888,-0.2833483957818503,-0.06687519319991801,-0.1824552249459766,9.928917030550377,0.10770539740561733,-0.38733486737325096,-1.839061352914529,0.002702104572844197
215.0,4.509115838738764,8.547768481012366,15.006948022848155,-0.006548243931236548,-0.28432672106332957,-0.07975542474129323,0.22977025718696198,9.17819711092829,-0.13923566618440278,-0.27926209716505085,-1.9015497249439601,-0.011361755450325325
215.20974187373784,4.509142449994535,8.487541371391881,14.999715848607872,-0.006392772196848836,-0.28433006274148165,-0.07784762275268253,0.1690858828787146,8.77677803605983,-0.14653522981228054,-0.25621566075000796,-1.933618970865112,-0.012027618084944465
216.0,4.738605215996871,8.383118837182849,15.044030173127178,0.012213772699982979,-0.27490176110915227,-0.0724255645798426,0.2802699872561821,7.3261600489237875,-0.04747515911039754,-0.12215357421997397,-2.038143696806709,-0.00455156961114963
216.40982618525902,4.734840478192081,8.279138201242842,15.057196973844057,0.01148426486508565,-0.28077685541381725,-0.06511467316063776,0.27067120747025986,6.789665976428791,-0.07837402483976802,-0.054903632672184184,-1.9517035677986452,-0.010619984504904522
217.0,4.786264913802254,8.037631690902376,15.259295245243496,0.015060382996886402,-0.2869958627151587,-0.053000709093597956,0.31022645164564816,5.540242564084532,0.16698649978272376,0.031377073000445684,-2.0263873325045205,0.005918746692935177
218.0,4.458267934268054,7.717341744138465,15.721137457124623,-0.011955996543611057,-0.28976405926405996,-0.02713411076151713,-0.012660510821070059,3.403870889642003,0.7088665254979983,0.11363294555337303,-2.146465514606042,0.03958189299228321
219.0,4.098902233269618,7.387171854726774,15.397306558711849,-0.03913723502115977,-0.29261199965369544,-0.04057552372673858,-0.3476713879066853,1.1226606180660483,0.4133172453445252,0.16986346509335512,-2.266384880308234,0.01965284298579596
219.0105762400491,4.270144444342291,7.348833256133065,15.457662238963294,-0.019545890473728473,-0.29807639801096875,-0.03204982406567694,-0.7966485686307536,1.2399808869598563,0.3840593735939771,-0.02964484931916403,-2.189178971099287,0.012957448854454833
219.61085475150753,4.2638625634508225,7.179896336109931,15.320582146336266,-0.019188154591208262,-0.2967498966286107,-0.05115183560761235,-0.798808708797424,-0.15019446312276352,0.4441141687567806,0.030307460843732217,-2.2673818900020812,0.020148703628828805
219.81095526174178,4.265004460014241,7.124263348102098,15.33156108629189,-0.01882237911770618,-0.2962174594476474,-0.047555295995125924,-0.8000549021891197,-0.6226819468890724,0.4385653805633201,0.04792871667869476,-2.292065860534285,0.018894146337763103
220.0,4.114443291822943,7.27653490581287,15.480375289426588,-0.030556794194721862,-0.2795427580921352,-0.039527069437590844,-0.9386546030462479,-0.8346128894314754,0.6046952427498159,0.05156559394931924,-2.2856586120759186,0.028708364060484895
220.21116693851155,4.1200579526849035,7.175613238239744,15.504391880204833,-0.025322897198609272,-0.28504547966643506,-0.033345823001568124,-1.098376827926712,-1.1715596473631567,0.5899364003567403,-0.016273852794662758,-2.2325173061487797,0.02473797859875008
221.0,4.550209805904402,7.150050692461398,15.570678141367514,0.01057588007551865,-0.2692305101191294,-0.029252645204640236,-0.5861744279422173,-2.7157553476781655,0.7142923644143685,0.1094367046254199,-2.2548019158703654,0.03226087956923039
221.21175093617973,4.545536936436751,7.0581079416712935,15.602787556939557,0.011649740566224009,-0.27332989707079824,-0.021259173142289187,-0.6100776468540675,-3.0851341177015765,0.6985481343098948,0.1004567762463973,-2.217431765145919,0.02897933933971993
221.81213221576328,4.539195556227533,6.875202043223246,15.539178287664003,0.01056231128847979,-0.27549115830699367,-0.029975445831453368,-0.5036225648709787,-4.358424880980091,0.7392412737188417,0.1627624133808348,-2.2196655455002614,0.03264095325005168
222.0,4.549550098666568,6.5719059618745765,15.607442233863887,0.011212005463183326,-0.29563818884059717,-0.02626268792226755,-0.4677904285850367,-5.058176114906982,0.8223058929383148,0.17911756453501537,-2.2599211703917006,0.03763584152138321
222.2123963793907,4.561104012098778,6.4719369345561555,15.645227007852943,0.014168683041210273,-0.29985127685364243,-0.017131065926790513,-0.5234385575437622,-5.426956226220685,0.8045251941370826,0.14977576724718122,-2.2168600438411765,0.03355962507447037
223.0,4.803555515936403,6.081851042992709,15.781622291078527,0.032555105029709056,-0.3122327792004057,-0.009380631518524219,-0.12428174517766749,-7.353939054643638,0.9851904758498595,0.24443695732507925,-2.2555391044611723,0.04335691659364079
223.21308154146735,4.835048057508443,6.018700034107496,15.76462234673176,0.03602986309144703,-0.31172408476944397,-0.012532752747768439,-0.1641985339058909,-7.852915692234095,1.0012825148383617,0.21957420149634455,-2.266647479009986,0.04407614033492952
223.61336191382958,4.810969414349857,5.8141967035478075,15.623390607779719,0.032924623833942214,-0.32019360302081795,-0.0361058321899949,0.014889947713165319,-8.522371606868381,1.0799162080502156,0.2833606803553318,-2.183469879997941,0.052699924514061615
224.0,5.222715391531445,5.786858739049444,15.530092890557253,0.0645974021329081,-0.3126587154783526,-0.03989936391549989,0.5872038375708735,-9.249125463861075,1.0156055038070115,0.37469417749206513,-2.16541767076501,0.048541832300322885
224.81420762650276,5.254893273629627,5.48204847830736,15.440934017998218,0.06281475997447089,-0.3183198289244791,-0.050354742185575285,0.9837172356022422,-10.821013051328357,1.08290397061121,0.4752673168122528,-2.0875317466567958,0.052498113908018014
225.0,5.433490699343407,5.2295351762298905,15.317727893581468,0.07592093667365432,-0.3337477080456743,-0.056571183184386226,1.2857754553690923,-11.436303114366753,0.9812628412627927,0.5246188739806343,-2.1109701620948793,0.04628826171103698
226.0,5.383483977558985,5.352261803524431,15.399321574860991,0.06610417117804548,-0.2978134848850185,-0.0478838698747383,1.6745598213659083,-12.92256768525875,1.1408823849214202,0.6024974608303638,-1.9876045885920486,0.05347449609829898
227.0,5.496500455492134,5.222173922419786,15.385883741894466,0.06973957276419208,-0.2848499160739469,-0.04523844884452421,2.4197521203422925,-14.616333078415833,1.211414982640471,0.7291412481404395,-1.8865378980931102,0.055572352099789724
227.41593735993845,5.790654203386157,4.973197775140611,15.463838764762968,0.09296544342911786,-0.2951096355550222,-0.03023653429045065,2.221422556990612,-15.180308015768881,1.1898901887879207,0.5910135041957427,-1.779727495676946,0.04874695322708693
227.81617752019508,5.914975149866232,4.664581828024144,15.445809547405657,0.10088292894589773,-0.3118845845465858,-0.03343182043036687,2.2674281347757645,-15.421511466011566,1.2150528863862728,0.5581044615944201,-1.5881673496482631,0.04878363846937553
228.0,6.078407962906357,4.606257121850415,15.393490235174129,0.11247628156611529,-0.3120295707210139,-0.03579417060145246,2.535846258998399,-15.71136952732378,1.176109963562205,0.5929580474549916,-1.5668614875775855,0.04607972535761691
229.0,6.178986211044498,4.483491487140377,15.327052640848596,0.1114887608870885,-0.2972415944820032,-0.03758167148924934,3.1605458112081193,-16.966745721756023,1.1907661822198086,0.6791492613038017,-1.4086933717020755,0.044444559628914165
230.0,6.054284196822765,4.122300056570379,14.94711416510802,0.09288208572376384,-0.30184198779367977,-0.05411832958603581,3.537449953385486,-18.418789529759827,0.8668967859106482,0.7128273442339411,-1.2902782138278353,0.02209990027253298
230.41747774129746,5.853977360545567,4.065151019559445,14.874822355274686,0.07193632356891669,-0.29709910923281524,-0.061487065352855454,4.318247192791229,-19.024930947451764,0.8994008198994823,0.9301728238401157,-1.259568815615544,0.02584788645496967
231.0,5.968443273786378,3.9700412924187445,15.028788626741548,0.07768892666862745,-0.291206284027371,-0.05295208103727762,4.979835855481112,-19.58212219590849,1.1296734698303612,1.0137614723684227,-1.1455017700284356,0.03859102174678823
231.61789595619553,6.016417447500758,3.789720284157428,14.99583460736072,0.0776867014749405,-0.29123947707228237,-0.05298425185261893,5.628916606893063,-20.259114265796505,1.1537495121125836,1.0880304147698743,-1.0471534086399192,0.03891103415140448
232.0,5.881745115134967,4.468878399002081,14.940596740797941,0.06486475640767493,-0.22930733225198477,-0.051273714067798355,5.817732176449236,-19.68218660153995,1.0829464983171668,1.0976927551529572,-0.852211593705007,0.03317916492787757
232.61814522080695,5.922859427702777,4.251298113896602,14.875167707621014,0.06505663386099321,-0.23651656295796858,-0.05639007869549553,6.517179498303279,-19.986004077299672,1.118747105511073,1.1709390432776927,-0.6720477081793164,0.03656945301073183
233.0,5.903894478563505,3.851085126945303,14.929698053998056,0.06162023797595478,-0.260503582611774,-0.05483947622798929,6.882780823983795,-20.60561706790838,1.2483699403103543,1.1992459704097584,-0.648371856517283,0.043665567956619585
233.4182771125422,5.938880447262795,3.706412187103741,14.899872311805364,0.06243782743742891,-0.26438182238499836,-0.056584507971303946,7.378582598675651,-20.755315111030065,1.2722729734311908,1.24351432667039,-0.5254969518881094,0.04539607057965652
234.0,5.933352944855922,3.545650048742128,14.796525268919467,0.05914077106681008,-0.26484686419511233,-0.05997011690711506,8.015215871189856,-21.032466634645075,1.2210639411611652,1.2915442503734227,-0.403779749392443,0.041549426951671284
235.0,5.910377058185487,3.375230977253514,14.642226136270011,0.05251461007526122,-0.2575095596097422,-0.06351351305820495,9.071644129601015,-21.191254380218172,1.1350695457373625,1.3492995970616741,-0.1635125715371011,0.03457241991247395
235.4183417090711,5.9731067143641114,3.227614761147981,14.622345990994017,0.05565032239810637,-0.2621329867669306,-0.06433526976131773,9.589057298044125,-21.10635806774211,1.1534521089581484,1.3772747516460562,-0.017931363737641474,0.03634014162299711
236.0,5.8019010076548625,3.18379068383954,14.67447563641782,0.0379883283230916,-0.2527071973766701,-0.05905692631597447,9.307142029202412,-21.034541611892106,1.2466654005041937,1.2119673080598556,0.11562332611977295,0.039081043571347396
237.0,5.916264532272118,2.6610081490303568,14.596452298772599,0.044907093558946,-0.27363949057989523,-0.06300272284282807,11.030858603761166,-21.181466032556198,1.3439210085900712,1.3909074276919284,0.3005188919358526,0.045780720881991685
238.0,5.955271038252957,2.4307697470554626,14.188292078046965,0.04388402653845833,-0.27009298799014325,-0.07740392925844289,12.313660979448558,-20.640063810971796,0.9454476950828058,1.4511680397304594,0.5689878456327209,0.020262001484914065
238.01789446927,6.057218817891777,2.3517690253566372,14.185947434854777,0.051119858919973504,-0.2773115284582103,-0.07927394212539651,12.24331140071934,-20.476196662488725,0.9527681741852065,1.4214215025167614,0.6316192746479278,0.02185111889936583
239.0,6.058962950735643,2.244099196377172,13.984097252596593,0.046081919722262235,-0.2640481064221522,-0.08204883000782139,13.300943696399937,-19.53458117544756,0.7511214347758077,1.430088922335225,0.9180294249660329,0.009822728632175747
239.21752008227003,6.975894316252588,2.1511475387866064,14.454157010229343,0.10624175917725265,-0.26333708383171955,-0.03701922999742838,12.84691303240432,-19.419637502608015,0.632365827497439,1.2311001226191953,0.9394126594030506,-0.006582467175436382
239.8173032745914,6.849044859008887,2.018124591711178,14.295769792765842,0.09250433432367867,-0.2623895259195397,-0.04985307790619821,13.872273507283305,-18.803679383552154,0.6663821308331932,1.347067977279809,1.1085525561387715,-3.890399711830184e-05
240.0,6.674320667106515,2.295542979257787,14.153973783121149,0.07848946485215127,-0.2377030314618836,-0.056913231790329886,13.875690160812617,-18.147084019483497,0.5678313305618377,1.3174254621072798,1.2304945206573508,-0.0046612566353253235
241.0,6.771519748068161,2.0431753253686478,14.26929978300968,0.07984902220857674,-0.23876626275599358,-0.048503407727313264,15.246668161134176,-16.78972255845926,0.7454702915482208,1.3788153728673889,1.5220557980429437,0.008850571757061153
242.0,6.834913370209015,1.5164307060957651,14.236996412200622,0.07872784736946413,-0.2601439397687978,-0.04762718763111072,16.682116876516563,-15.711752222492446,0.7112549832816925,1.4410759629075902,1.7122090641828307,0.007615404389487308
243.0,6.866402395060586,1.4089414240083562,14.083114060824137,0.0754600016410427,-0.2487403061160121,-0.05268324091021315,18.000054228023146,-13.413797098244283,0.6533660117195632,1.4607655927485175,2.0968874947635845,0.008647863045062544
243.415859866653,6.5215438709932,1.9413420226268363,14.51239905695109,0.042790393416207,-0.1976475550398879,-0.010311321341494872,19.31423425966016,-13.573892963725356,0.530150263003005,1.7173063972958484,1.8980905427822274,-0.009691030140834323
243.61578650287873,6.538443948415124,1.8893350997288074,14.503785821221353,0.043578279933903785,-0.19865962926656486,-0.010937893963930505,19.638921533086155,-13.16540268678957,0.5303275663269509,1.72617358521063,1.9605039818719434,-0.008792195359830486
244.0,6.4381112555221405,1.640941159241035,14.42995593554327,0.03645669499966758,-0.21160145608507172,-0.01567102729541277,19.9148699565483,-12.801525593898221,0.4448439297956774,1.6691627545856171,1.9891832467809898,-0.014530402533340965
244.21558094465829,6.854807235667472,2.165727134721621,14.202639596035244,0.07441287738773829,-0.1656874420915503,-0.044115846661523725,19.46287844844108,-13.150261606594114,0.48006584983617984,1.4143915920323566,1.7856609983142262,-0.014655945951073081
244.41551810831086,6.884671810379281,2.1135640215589713,14.164458662380222,0.07654951742490043,-0.16771588753566383,-0.0482481517421856,19.681951544698183,-12.724962654515645,0.4889380779961909,1.3961445784732802,1.8567739881228416,-0.012775495142275954
245.0,7.190456796670148,1.570918119819059,13.850692692886136,0.09579414837766552,-0.201986377993582,-0.06480976673005501,20.80782090987228,-12.121135098624766,0.21027356558277632,1.455356238210483,1.9238565328152801,-0.029045424386099736
245.41525787980694,7.220908216886534,1.4894280060236869,13.833783319997604,0.09419891051277114,-0.20130898204830486,-0.06275921093128102,21.46609123196437,-11.336539114869643,0.19245143398888104,1.4856734955910078,2.008349731765267,-0.029048900207577943
245.61521835531403,7.2866416123024464,1.591647537417166,13.652547187912184,0.09955774270429725,-0.1882171268742942,-0.08377444022786029,21.60614293238287,-11.244745467584721,0.23029091356593412,1.4409462943583917,1.9472089266056984,-0.02523190219647988
246.0,7.001621949371245,1.4696512440972145,13.849392083281774,0.07561042607654361,-0.19183484084205546,-0.07246081112390346,21.7797972985804,-10.537715698539124,0.45430502044641496,1.394643512287759,2.024266258922749,-0.01130506261688659
247.0,7.283159599355557,1.0865053826204025,13.42370353023046,0.09056143781687169,-0.20637989634024403,-0.0901807991855277,23.46076580450909,-8.657275336847235,0.07615718855522019,1.4543286061553262,2.2054538430539528,-0.03200645852257833
247.81514131101736,7.297086752489909,0.926848522209369,13.39979164921855,0.08171063207829776,-0.20402562860872006,-0.08054053057802268,24.970565917573634,-6.9335279882179695,0.021634135919985458,1.5761910988433014,2.3321574407193686,-0.0355690220947259
248.0,7.067608222076474,1.19535039503436,13.283721741695302,0.06288264781837263,-0.1810864103272797,-0.08218571917604489,24.980839244460565,-6.053724129075191,-0.12335327047523124,1.5461030741665063,2.4432665701441234,-0.04363601557654573
249.0,7.395969397232113,0.6800540641886192,13.125020215738973,0.08315310197081545,-0.20594910171624808,-0.0894724828260593,26.86624315633075,-4.096175946091177,-0.2077283789254703,1.617214911906951,2.558847440209432,-0.045950209626081866
250.0,7.697855027569874,0.37132709093766025,13.147640253542365,0.09944917148744227,-0.2136800832234271,-0.08666726733927313,28.876809601334198,-1.6256246969511692,-0.08986968946093599,1.7088346445660794,2.73820114764413,-0.03353562210649753
250.81630690633213,8.046455151252879,0.3276292999497107,13.049086035046919,0.12398960998018407,-0.20329404400728904,-0.09384902427394001,29.628796548930712,0.4637999143223412,-0.105576996239596,1.5276775020679267,2.8507291394809027,-0.0311446241360733
251.0,8.087804007013503,0.09770914803312694,13.303508804753692,0.12530330763384345,-0.21747578462651868,-0.08287702905395845,29.94976460391144,0.33076743374184747,0.21098305341569365,1.5379794108563234,2.7584492710358712,-0.012634884776691988
252.0,8.617096155050195,-0.1276391372034625,13.34476238629367,0.15649481021744727,-0.2184057659698295,-0.08283296060689603,32.10439094857288,3.021690824820079,0.45165926098119724,1.634393474213738,2.9182943036677,0.005905237385603513
252.41751148929978,9.012373051851256,0.1983715333056712,13.337998821551993,0.18602879406882533,-0.18613263898782684,-0.08489915105763096,32.119487226349726,3.675905907955742,0.4429514396040599,1.4062851316393472,2.8276954013295703,0.003213696131099183
252.61768560356865,9.013476594447015,1.0849806761221847,13.333842017840805,0.1802058380497622,-0.11721320706383442,-0.07858805341288257,32.613309728875414,2.9637487007157652,0.39590413680860087,1.4810949578526964,2.493138764841294,-0.006828549897073277
253.0,8.965694054818327,1.366997808690181,13.087872045668773,0.1709994640405691,-0.09202032497255644,-0.08825155836806242,33.03335236435224,4.3474535677070705,0.166969335501672,1.4546496548180672,2.6009681946526704,-0.019712082026670137
253.21823465162385,8.978499847921643,1.3425973026898403,13.086076402682464,0.168226512235316,-0.09255006507902194,-0.08561859029771937,33.422880507849314,4.930791315363405,0.1565918051940864,1.4782171065430867,2.6340815562351643,-0.02045705877785271
253.81881939954334,9.070744789213347,1.2831509942064223,13.042170096761721,0.166756460756889,-0.09311570270247876,-0.08426548635634801,34.370603336796904,6.558530180747714,0.14129918893251986,1.4908832157807534,2.7225725594278622,-0.020767029410631868
254.0,8.819540041329851,1.0231815964727446,12.912323232051879,0.14504179832709563,-0.11152414623312798,-0.08843376431382043,34.32096042283701,6.72084244103198,-0.015662148826992656,1.446148861301486,2.6946228064097744,-0.03100586165274529
254.0190212705383,8.627129007482225,1.6256248366269062,12.610695910053678,0.12949294172939796,-0.063489775174076,-0.12123830965009363,34.601881226069466,6.043168443048414,0.04878206360616037,1.535934894633629,2.4500966135110507,-0.025480342453462965
255.0,8.20107642605837,1.4906100334903685,12.731775260305945,0.0874526598771864,-0.06831834377387078,-0.10761932822339841,35.41811469339165,8.409951175735792,0.26518301036781483,1.4201149382544824,2.529580042805385,-0.010654520336062671
255.2202909484745,8.255979449242208,1.4782276573470912,12.806593740016359,0.09008920843968952,-0.06798034358431555,-0.09603766861052514,35.68768720162006,8.950091899636407,0.2335841561964579,1.3996435348128153,2.5439235803530478,-0.013922946132549208
255.62073156454105,8.314287584712115,1.4539419060159884,12.74002381753329,0.09444174136272196,-0.06656255899696327,-0.10023406193634493,36.05915038140492,9.907783921805596,0.2374977287761319,1.3152461318118236,2.559400150419206,-0.012771477118654404
256.0,8.50100392211208,1.1270197824753305,12.779510930757619,0.10613780238002156,-0.0890227073704101,-0.09758603470970355,36.745465045838564,10.48042062638226,0.3119156141785636,1.3263360427689628,2.5303171099396016,-0.008124638832431126
257.0,8.688116566700717,0.715113371188917,12.777819873366864,0.11237196523772458,-0.11255535296411073,-0.09391279237842111,38.1769561154263,12.543142186472704,0.4020053957229159,1.3007079520041958,2.53197027552279,-0.0017320826470297304
257.02231188995864,8.742985896852234,0.7347433707092769,12.75933872641874,0.11894579871479923,-0.10930409225548901,-0.09653977786378934,38.03208812064888,12.507838692692617,0.40686336889111535,1.2293564216719017,2.5008294837108864,-0.0011996428840931137
257.62299670269084,8.808891376027702,0.665671088279028,12.70279786648493,0.11808486226277573,-0.10988619816519458,-0.09624448615828511,38.79217531326434,14.04779945409658,0.40590666888155263,1.2031832665478757,2.5592951767522907,-0.0006261790362270394
258.0,9.138781193560416,0.1229904355110969,12.817518426375724,0.13965007468298413,-0.1459208295804226,-0.09152002572841482,39.757154249003335,13.988605858673447,0.5646627259049983,1.2728290366017945,2.395273880387764,0.008249316169866709
259.0,9.558848734775124,-0.25205393638567875,12.778641578981558,0.16099355555834977,-0.16217440575473147,-0.0914019921213653,41.53975717982666,15.694650641739141,0.6380246951865157,1.3111997996201803,2.31917016534675,0.012464956045391216
260.0,9.961624654716978,-0.4307432578315132,12.82772859240419,0.1794455266620366,-0.1633119237568143,-0.08711587774197933,43.31260444410705,17.749972933171158,0.831255178313389,1.343573289744429,2.3194568079623212,0.024620170455550608
260.8265261096612,10.38853113417353,-0.19615689651810558,12.8178845639854,0.2099814662292987,-0.12831229618644927,-0.08538611624573188,43.36711642133994,18.699621289427853,0.8408013036984551,0.9399308529450698,2.0752104318748423,0.02365024576859396
261.0,10.288802677025368,-0.5246430840314826,12.763614299931064,0.19892745946950077,-0.15244336200461675,-0.08653896783138101,43.82192630046247,17.872960238892826,0.7674208584239572,1.0076981263436215,1.854193775561881,0.017114103232216123
261.62733833735666,10.411437732003925,-0.6213871505761897,12.709269863167355,0.19870365174128113,-0.1525750243613979,-0.0865161368779574,44.43948373134131,19.043457068083967,0.7782933674595871,0.9413454278628214,1.8669280127986696,0.017576304082736957
262.0,10.199552677779277,-0.91405695525791,12.552727625208314,0.1762573647226578,-0.171701790626761,-0.08978724168225077,44.70349731804383,19.004028706352557,0.5887949964869351,0.9150441677775754,1.7437535675444968,0.004308127530250078
262.22792106410657,10.232364300148092,-0.9572580478399566,12.531765477752371,0.17546934494666186,-0.17219470476515217,-0.08973534226000586,44.929098632277665,19.41520384081625,0.5896847189748783,0.897088803167082,1.7528533789875076,0.004460480452427157
263.0,10.142181840348417,-1.2349490096620863,12.29427181514302,0.15880397788449307,-0.1861931235830167,-0.09549675636600068,45.83929028946028,19.683216178996602,0.33860280126718106,0.880922787902949,1.5646210011570205,-0.012768202021845042
263.2288358263386,9.756207351507433,-0.7771909186191408,11.729342684737924,0.1303382825721908,-0.1513893470992528,-0.14601630261687154,46.40704117372571,19.59978425060597,0.4547038609539362,0.9570730619395752,1.4443580818536574,0.001058502792635866
264.0,9.902499544795969,-1.2311981637409646,11.535541177231476,0.13388911502831566,-0.1769203853204,-0.14965111006610363,47.25696024517082,20.11927181926661,0.35243248777586256,0.9037813565287658,1.3525153357669715,-0.0053445688624710035
264.02951228740244,9.888141344876868,-1.0298881061040033,11.867928983114206,0.13163758288584473,-0.1630281548378669,-0.11891285571637074,47.342313409551046,19.986345913490563,0.2777862930741277,0.9196874210545991,1.3015552581150256,-0.015034352664455537
265.0,10.083733727434621,-1.1772670020514149,11.985711774445365,0.13677369541853612,-0.1621508936774396,-0.10806666794541228,48.29384519047977,21.27132331394784,0.520919487121723,0.8339680885841271,1.3218875845686322,0.0008166763839692823
265.0302834368498,9.980291066358378,-0.9503882440180498,12.059664641862922,0.1285532319088901,-0.14543047701056178,-0.10103932578429249,48.44873104806995,21.083485767300665,0.5024203981787427,0.8720087178823737,1.2494615272579672,-0.0018527251204711204
266.0,10.30954425321245,-1.252578197958202,11.822144666576389,0.14373136253457458,-0.15685833416475134,-0.10800332049671095,49.59260409371395,22.06758501945661,0.338845298879612,0.8337304848551563,1.2436401554037382,-0.012216312055825802
266.431216447954,10.481686018883359,-1.2623024232116022,11.741839221146583,0.15371269642178426,-0.15103053136620523,-0.11130728129725947,49.703302173483486,22.458771956795236,0.3434699171704131,0.7088222356295948,1.2167587535608195,-0.010089324501375648
267.0,10.670445003148581,-1.7675519777586794,11.451109867476848,0.16014190898766179,-0.18071126567054208,-0.12164965475859144,50.36311137993196,22.38519092187598,0.07359496520992875,0.7087828120632084,1.1091544161330902,-0.026714434155771263
267.03156240802076,10.284474293880853,-1.2309458860736633,11.138511975775032,0.13007671972909488,-0.13740083139754444,-0.15145199301014148,50.86058650026397,21.726641158759705,0.13779162132311856,0.8599583879885949,0.8757335465956839,-0.020126517392150624
268.0,10.617262581558187,-1.756904056793381,11.066609436167028,0.1445099640742677,-0.16460046974513992,-0.14817184416833673,52.03317944077854,21.897748021997604,0.1961863198220572,0.8588574144092188,0.7926678968397007,-0.01562005029831018
269.0,10.709716264734421,-2.544112633214913,10.88724725938863,0.13847555909757675,-0.20825092489633024,-0.14851479465438022,52.94101718394046,21.419893579127848,0.13368482573948776,0.8329388221036634,0.6149943231636498,-0.01845235366885816
269.8327482541924,10.472478854770696,-2.0261364968001345,10.932239297821162,0.10999534507476949,-0.15381469742192191,-0.13290833094363036,54.289884289799375,20.740272391276083,0.06809246598444278,0.9927376067770941,0.3190094793494769,-0.026027424285977173
270.0,10.42259247137905,-2.2412583472392376,10.59216196301344,0.10451555569060646,-0.16756475491802597,-0.14752662251740153,54.29616560530078,20.4438097716598,-0.28145016998415673,0.9622354003580964,0.2633926176753313,-0.047410356146012286
270.8330065934889,10.32714563109535,-2.0856254599269097,10.364742979743726,0.09032440921079721,-0.14390163317377788,-0.15765181250242777,55.40011400951661,20.152674269907056,-0.29808204202248373,1.0486381609648276,0.15204869350135544,-0.045030509141122915
271.0,10.167094590579419,-2.4911276662633712,10.313583850495094,0.07615172896130971,-0.1718199679916496,-0.15911951686215928,54.96303664072431,19.400945500432474,-0.2867807341718116,0.92868372986458,0.016197002388460946,-0.04386137485663882
272.0,10.227726834450552,-2.756041616631484,9.952220386771273,0.07465185576722046,-0.17854941929869725,-0.1684992681110388,55.770212085356896,19.204385464786938,-0.5462964525829561,0.9186263447034305,0.014474666081628666,-0.056742453352280335
272.03321081324407,10.825496286722721,-2.473672386591055,9.830611405998997,0.12025444557049982,-0.1563633613074183,-0.17910160295084168,55.098501851675636,18.847140165798262,-0.520351745891064,0.6870163409046552,-0.0988372850028253,-0.05335917695817653
273.0,11.056053285803896,-2.7759029275708866,9.876430371794607,0.12821686445708438,-0.1664780944834321,-0.16938167822119415,56.011283387581514,18.375298659351426,-0.3206262377756145,0.7369777951209554,-0.1339656765330245,-0.038210418978866
274.0,11.131990360621286,-3.2143316523857006,10.133438766243204,0.12353220258914924,-0.18559213858140225,-0.1499051145610342,56.89621400381004,17.467171083046214,0.1302465672289646,0.7980702443834599,-0.2373494402757565,-0.007695921510889062
274.43331424007107,10.901079761863885,-2.6320006999495376,10.23371635703863,0.10261954565075057,-0.1367438266281003,-0.13504856473203009,57.593021468765464,16.56499752977545,0.08484540480427016,0.9177919524623491,-0.45613607208817314,-0.012901354422787475
274.83329739934936,11.048707090459704,-2.3658194002410875,10.391061909786758,0.11321775071124326,-0.11222628105239002,-0.11670614386876492,57.631150377297516,15.8390645301814,0.027669597585399636,0.8226845052876832,-0.6104299639493933,-0.01924315111944646
275.0,10.918243499457535,-2.882498761706017,10.384016868048104,0.10117801007524914,-0.14844577790936392,-0.1153360695288828,57.64232251511178,15.02220330184173,0.029783601528538112,0.817906974954908,-0.7277201538933337,-0.019271316824052965
275.0332858072451,10.909278228094616,-2.834131236624972,10.442916026758166,0.1002450891679913,-0.1445189222194296,-0.10966477499973162,57.684033836661264,14.942378703509851,0.015390706277813195,0.8237677014891646,-0.7456425791000474,-0.02106768196407074
275.2332721895913,10.854321254309175,-2.719934993207864,10.33782942980925,0.09481456318188003,-0.13345565370215348,-0.11734226629852532,57.93001751428749,14.615201278387037,0.02881371099289922,0.8579868220540847,-0.8042550850051081,-0.019129492609897478
276.0,10.58303154935646,-3.181204180064552,10.259620308586268,0.06907512561395197,-0.15969863622187502,-0.11614864338005304,58.139733809378185,13.491923909539329,0.02657424189677919,0.8248096376032705,-0.8962507318493163,-0.018121654999104165
277.0,11.096499802176137,-3.5482072336726844,10.067665539017632,0.10071183206624476,-0.17286816434869828,-0.11997070568785734,59.75563133754411,12.21501011569876,-0.07558466222205643,1.026787596126807,-0.9796279242387598,-0.022096663196641112
277.23303947222627,11.77783068334415,-3.4381819838095926,9.907180598998346,0.16650444561836542,-0.1572206430381656,-0.13610424022877546,58.43407467146344,11.548694088847855,-0.05388526551259324,0.47485147555716334,-1.1301725532203917,-0.02015104760082484
277.83294155345305,11.862913914405366,-3.357012481126656,10.162865586190698,0.16518596483797449,-0.14239847632035862,-0.10196832608438373,58.77593101110932,10.501582532911906,-0.1578975656699665,0.49359902594007316,-1.258554969708045,-0.030754256772757817
278.0,12.070279539707652,-3.4490813403807596,10.31701690006988,0.17844880043022598,-0.14673523217398832,-0.09432464203789591,59.09729382220394,10.165545776990925,0.02711733668883029,0.5325011196216303,-1.2894481184504492,-0.018784646484414552
278.4328338100004,12.234635259712984,-3.4998407572167083,10.25100390940939,0.18849007813834337,-0.14510869733583548,-0.09762020770719423,59.04310887757906,9.545602305132583,0.024798747954931852,0.4350260291860314,-1.3244141920914676,-0.017931002778408565
279.0,12.39470927673156,-3.979507102544398,9.8806164554986,0.19178448040932705,-0.17256068105868164,-0.11171636693484382,59.44308701395753,7.988799588084143,-0.339040624844952,0.4703934386523825,-1.4964805084839963,-0.039179606118575336
279.43263688846423,12.414049730663601,-3.7591049279476665,9.99312062598583,0.18711142939513895,-0.14840118947575448,-0.09548954528712734,59.748664978011554,6.860350708956284,-0.39764711174966294,0.5067792091263977,-1.6688034475109412,-0.043693054186464235
280.0,12.768080713308253,-3.8271554375678645,9.550031188504803,0.2055585931329937,-0.14666844525440884,-0.11389252906011013,60.37046991617395,5.905401891892871,-0.8443401544468674,0.5715890160774,-1.7047200017977782,-0.06915436531127206
280.6323804852131,12.86238733875903,-3.800584226867015,9.455092635339899,0.2029550018489857,-0.13688413923204978,-0.11625726468561348,60.794050376497175,4.606595936424202,-0.8816977708525461,0.6093960974384434,-1.803253853841834,-0.06756185110111895
281.0,12.878817171734765,-3.9663166387297615,9.482710992158013,0.19856808049356986,-0.14527364635536139,-0.11290807551572637,60.932850652550236,3.75400803921075,-0.8295846754461016,0.6092183322749576,-1.8562042576770361,-0.0629818944500249
281.2322470920003,12.874430044099666,-3.7779074829791797,9.46831819298637,0.19500584845651148,-0.12718730750136667,-0.1117724068117907,61.13891998649996,2.9976598032763806,-0.8467352982937237,0.6371805190386767,-1.975394322305864,-0.06313201228714037
282.0,13.079575631370078,-4.082918133569439,9.454871492928666,0.19880437202204393,-0.14191714191052968,-0.10832427040581709,61.74522672205588,1.1233005240527267,-0.8168032751252258,0.692147765427136,-2.0853393313782758,-0.05823649992770242
282.43197500939846,13.212596305311529,-4.105304956023563,9.637919918276932,0.20257788600908674,-0.138784904283899,-0.08423779542633922,61.98317782702363,0.15656607029659564,-0.9035727619556279,0.6949995536683533,-2.1324545395586942,-0.06582896896859182
283.0,13.092564365573354,-4.34412779179886,9.480139832082283,0.18535663639912187,-0.15073815947794247,-0.09010974786468604,61.741507559504974,-1.347342256587471,-1.0338600089439312,0.6011950205433985,-2.2169187136058777,-0.07218859148422264
284.0,13.064949790363592,-4.263613710216046,9.723249967934569,0.16984377782306276,-0.13492798003009568,-0.07584076020309616,61.58513221066019,-3.1623405754128355,-0.7045786944757346,0.49516615124805946,-2.196898617362207,-0.04715978338555407
284.2315629574595,14.023058159898603,-4.273158268846701,9.542612588811586,0.24303385118298065,-0.13285047519863535,-0.09260179667842869,60.41968277014444,-3.733080687931295,-0.6828399434689346,0.10076611132714525,-2.225142569060486,-0.04421581677471589
284.8314255299884,14.165203481508692,-4.394346137823371,9.463482000648542,0.24274913523019587,-0.13619273206220958,-0.0950780025138439,60.482018090199176,-5.000507742329456,-0.7027205198397531,0.09855947410535365,-2.2311230163073814,-0.0427565515640447
285.0,14.291764876419164,-4.417180489233925,9.60163335843811,0.2493193366106417,-0.13605003814152467,-0.08812998625450258,60.60569180621204,-5.376526056633059,-0.5376972726530449,0.11328875584040883,-2.2386543665015046,-0.031888229692741875
286.0,14.339476559138287,-4.596796930934115,9.92490070997207,0.23393801092323369,-0.1395889298575035,-0.06889134331206416,60.44802986593629,-7.728154005047637,-0.11458759194472318,0.07639511272005142,-2.294313577812119,-0.002866636965078811
287.0,14.510404843821355,-4.632706990497987,9.833308049623245,0.22940418939566795,-0.13225165816800613,-0.0698000253768432,60.42068241066437,-9.766701167840788,-0.1477297756389388,0.06910277747327098,-2.278192525189116,-0.0041759831256846115
287.23086719262864,14.827075866005895,-4.746722530058045,9.784452587633773,0.2527674451455397,-0.1393713329126963,-0.07426481326620213,59.94733739474613,-10.169873876230042,-0.14061037849610036,-0.09996524884254453,-2.245379264672119,-0.0030219785438908237
287.6307705517837,14.949823216551302,-4.814298001498613,9.752157599346509,0.2549518489177899,-0.1404041481912595,-0.0747203756668619,59.843844706565584,-11.047322320831784,-0.14091787895197694,-0.12409893741205312,-2.247050447629971,-0.002388741072597119
288.0,15.08764687184194,-4.750584498216225,9.417259048419641,0.25842341537932645,-0.13184781559663108,-0.08833987074919214,59.87442981316983,-11.441362724092498,-0.5053276200064651,-0.11064783811048137,-2.1676775865523275,-0.024784224708641226
288.4305712992902,15.156254129717796,-5.059441573938963,9.283541969287105,0.2551195510011946,-0.1501919264117567,-0.0973781806899866,59.884709309400044,-12.07697251431848,-0.4947197924637342,-0.08979665602752737,-2.084678778447187,-0.022210940563918986
289.0,14.814634714521056,-4.962159759747753,9.24031188135002,0.2186442170288888,-0.1373960442537678,-0.09569566255954796,59.22730474066731,-12.978975802638448,-0.5199332843519175,-0.17725686669147728,-2.034394064637226,-0.023811127734950737
289.23036137787284,14.846540949645773,-4.98136912424198,9.221656799145254,0.2160294497425791,-0.13617590588699707,-0.09495356761779601,59.267665541281474,-13.472271412894269,-0.5268714357447014,-0.1438209631221262,-2.0411839052560667,-0.023916030231619565
290.0,15.353842507108116,-5.172502434783694,9.319956707479616,0.2419066105562852,-0.14221349045800433,-0.08835915843158082,59.58487311188578,-15.154056166811365,-0.32234332249597997,-0.06779022690060846,-2.057287728698416,-0.00951247167027521
291.0,15.324473441355789,-5.114543251624829,9.111256069530892,0.2217313654887933,-0.1279377970766084,-0.09274301302172491,59.178297644771675,-16.717905007038972,-0.5016091185779259,-0.08960452247493758,-1.9629478821239397,-0.020142784638300788
291.2297657803447,15.415278510399892,-5.3581362873495495,9.53279923283748,0.2240452574295033,-0.14320529339533383,-0.05320067510001607,59.14256553549258,-16.942521635525793,-0.6037731709198817,-0.08431551152883635,-1.8940501858826535,-0.03206044268416887
292.0,15.112787856514245,-5.139274846799867,9.81345857718359,0.18923010743741261,-0.12021969699552902,-0.03808738633802099,58.2799103081265,-17.806711924162556,-0.2710299723272442,-0.19720791641543,-1.7761873978166807,-0.010268432075844415
293.0,15.263500699054774,-4.942610854398554,9.920409485028342,0.18661164115413925,-0.09812080856841612,-0.031623471416249264,58.012605829518215,-18.847896951138296,-0.11549742108143571,-0.17587657709048554,-1.621678568027481,-0.0011224942032473286
293.0291023445682,15.807553198825543,-5.229680950863672,9.819510933903503,0.237398488878614,-0.12118773595531977,-0.04385743511064884,56.95796050106802,-18.532397663517276,-0.08874726600090509,-0.5480525388748704,-1.4961725953996459,0.0017406709118759358
293.62884602518926,16.003699801433957,-5.338210886403749,9.77979667801264,0.24293438565273262,-0.12435090828069068,-0.04553840487943005,56.46479781256963,-19.349616672579785,-0.08410047680027093,-0.6088575406482799,-1.4498555810571638,0.0015763494443351393
294.0,15.806667635455335,-5.186438089654271,9.679576260088442,0.2202577234742899,-0.11021145781616162,-0.04774332800256415,55.94546568972142,-19.5425898464555,-0.21319123325248276,-0.6439556140375388,-1.3767997646639105,-0.00668184835523006
295.0,15.524825206680143,-4.929792012364553,9.859773400195984,0.1811763300464098,-0.08436209302988534,-0.03513359902865534,54.79544538829595,-20.07533912995733,-0.006308666302232174,-0.7109158396460145,-1.1938602895669659,0.0063360622964851645
295.42794923194236,15.697878436031203,-5.0813148100448355,9.83029727613071,0.19266545425556,-0.09505075904803864,-0.03798529155279699,54.12605853736419,-20.3345444145808,0.002712261502599326,-0.8553354466301638,-1.094350568402439,0.007364732623944991
296.0,15.742228329130956,-4.972402026835824,10.026593322567166,0.1875635118882002,-0.08323823190465812,-0.028115864681396235,53.79842038187511,-20.150749096548918,0.266083326090095,-0.8268195719869195,-0.9180061893749174,0.023474237840641808
296.22748192747537,15.824161292476624,-5.156898221212528,10.541085433113267,0.189294584339154,-0.09428490115203934,0.013780633316932751,53.613130696071956,-20.215945085366787,0.17125675779079727,-0.8292168901916305,-0.869205758100523,0.011810075507194557
297.0,15.933569189721535,-5.212323335891564,10.713074019787896,0.18644214180880878,-0.09307798179941333,0.021315949383662068,52.91953687372423,-20.856765834455803,0.361535604471693,-0.8524555634480607,-0.8425793602472134,0.023736109711801838
297.2268324710224,15.987638599449964,-5.238743373251872,10.712210961509639,0.18774103011357768,-0.09374966307881472,0.02070224195735296,52.68971869080032,-21.02886016405479,0.36838951546187126,-0.8720493590150792,-0.8315997365055903,0.023954608064620707
298.0,16.240669043036036,-4.712759077115617,10.701122834520941,0.1949223487283952,-0.05380815495862833,0.019742571149187642,52.33780812704299,-20.4490827887707,0.3431587623318463,-0.8218817098340376,-0.5982438296811802,0.02184792330581022
298.4259520985325,16.473559383937392,-4.802349681178669,10.659042510402246,0.2120042774876413,-0.06314713252199053,0.013268820367314138,51.45992099136084,-20.406786783367178,0.3692482577396235,-1.0329056263875862,-0.4813025124929738,0.025042578967608618
299.0,16.27007662592378,-4.90489792413937,10.349070626088363,0.18688592515682617,-0.06639123715639433,0.0007620533207871281,50.320172842300394,-21.06019575819653,-0.022701181036882734,-1.1555538988011118,-0.5504267399798931,3.728736082803455e-05
299.42513129946826,16.056183287545664,-5.443552165046873,9.969733428994955,0.1663471357938241,-0.10240347367616924,-0.02953207003821579,50.144405653040025,-20.747902448068885,0.05063148111369352,-1.0919519671814095,-0.3940643585289042,0.00894169947401298
