time_s,rov_pos_n,rov_pos_e,rov_pos_d,rov_vel_n,rov_vel_e,rov_vel_d,asv_pos_n,asv_pos_e,asv_pos_d,asv_vel_n,asv_vel_e,asv_vel_d
0.0,200.92320248142323,100.09513742761763,1.7184812794555056,0.0,0.0,0.0,-0.08582870713517265,0.1616981016754806,-0.9637834920435241,0.0,0.0,0.0
0.14913921907577607,200.97211701115035,99.99671824113382,1.7206070842688388,7.29889041047383e-05,-0.0001468583793896671,3.1720669611124987e-06,-0.09424987027443449,0.17876311725865665,-0.96419464922474,0.0006073302383603661,0.000509360978808997,6.006061055253987e-05
0.3489318622302212,201.21739245871566,99.47265419727488,3.7208748404971135,0.0010792204767156508,-0.0022965767774525566,0.008236607269245074,-0.13641986739859396,0.2696383615739112,-1.3643778452676316,0.0018801211589973372,0.0015674125788720326,-0.001987948915208692
0.5487236186049793,201.52546652272977,98.81140074434927,4.3223813310673025,0.0033537726568933276,-0.007116893749185171,0.01265011910238815,-0.19027535146558539,0.3866444343657599,-1.4849952348650242,-0.0011774993213922377,0.010937247405144013,-0.0030375613468888035
0.7485153822475187,201.28361639938686,99.32688073357502,4.140949147756174,0.0006257999180191102,-0.0013957606729635115,0.010588734652782334,-0.14388371026128852,0.29003048375871404,-1.4484285054143957,0.01122619739737451,-0.011677831305013953,-0.0025396290702221326
1.0,201.28337438027023,99.32651821142336,4.172623637889307,0.0006230524166964862,-0.001394662995609638,0.010716884271234425,0.017920885763777622,0.36638993591751295,-1.3900708364462646,0.08106667614862892,0.019497967352254123,-0.0013826460565448118
1.1480989314585677,201.50218060348186,98.88380112200238,4.107401588999755,0.0048504248908910865,-0.009931677095315472,0.009408128783703678,-0.019412358675890126,0.4708730671970708,-1.3802967595794546,0.04755713021515977,0.11330654272274462,-0.0009377246087351454
1.34789071708882,201.3496401047081,99.18321845948347,4.394999076944854,0.0011870203031392516,-0.0027260858415061326,0.016396479871213954,0.04508016388420456,0.3891645050967646,-1.4271922461486883,0.11308702027591677,0.019240064538404267,-0.002883555412233876
1.5476825101103395,201.280545686179,99.26798612233563,5.2079048263123076,-0.0006575446959844187,-0.00016269357172552174,0.04047347466182437,0.10566910103867314,0.34388679236684216,-1.5637771504243354,0.16855503615034487,-0.03262340867124007,-0.008389484328293336
2.0,201.30010928115598,99.22783340724527,5.213432517053805,-0.00031706799983255744,-0.0008499596966425167,0.040303134959818375,1.9320809214803016,0.9034820709079596,-1.5739377065416194,1.728705367503124,0.4561279947421073,-0.0012956060362397893
2.3468497567378526,201.37195163433688,99.14478048311292,4.595598915547658,0.00262800737707496,-0.004835705110716019,0.008573235607918998,2.5020153863616845,1.187532326535497,-1.4795732398467787,1.949289745531826,0.6412573387275824,0.01892462168464377
3.0,201.4558298564367,98.96350942859355,4.870155416719707,0.006275264627690399,-0.012361642717419817,0.011346246434625985,6.152689364071981,0.0493060893568702,-1.007991642279362,4.017053464900542,-0.298120357180386,0.10123167745809199
3.146017124162046,201.14432813329145,99.55442374030746,4.717286189479598,-0.011599048415192645,0.02294233389525844,0.0007534652858750754,7.097137453697652,-0.674358005403081,-0.9648844297596237,4.4746159275395785,-0.8348788022132487,0.12243350827523862
3.3458089851350907,201.13807334682653,99.54227986519933,5.161886570339686,-0.011800275145990132,0.021938427259252723,0.03271168140244402,8.011401978866454,-0.8256684477901033,-0.9997467078104708,4.7510582376269275,-0.8733838364296953,0.135874856680087
3.545600853820523,201.49272891165805,98.92875558469794,5.3157737599463255,0.010245163213858946,-0.019561083287367057,0.044124537448960936,8.325786163368655,0.25333686837461755,-1.0058721936079222,4.595508082909254,-0.08953991982475629,0.13664474372366456
3.745392730251464,201.37255041837102,99.17280881948689,5.095694458528707,0.0017540686858978447,-0.002011898696699148,0.02559664636376,9.609196350825753,-0.4315414792364214,-0.9354396382355479,5.064106455407262,-0.509104023534935,0.16803565832125825
4.0,201.0655270992778,99.71733125073773,5.365700294636861,-0.018250447189905546,0.03621448167926557,0.03102043901267793,7.772101040179807,0.7123760484897189,-0.6037550764203456,3.697139745525384,0.12714088977968863,0.11630680922774508
4.144976506483302,201.1652489876184,99.47228734455243,6.314614775021366,-0.010403597632519752,0.016986076936830508,0.11392821381587956,8.159904660825426,1.0142250221395817,-0.7156970386171708,3.732863233207666,0.3043447250343334,0.09777236961646762
4.544560314099371,201.103550881544,99.6093092714571,6.161975033696981,-0.015334032993635158,0.027840526680073488,0.09511405765533812,9.847322754349534,0.9057416293897947,-0.6410054909854066,4.158060154706993,0.20666705160468118,0.12250976285976041
4.744352229761325,200.91967830030765,99.95047201641789,6.085412875292051,-0.03068530930209743,0.057576081216600024,0.08565064217055084,11.106182100673884,0.16130445749918065,-0.5856932808456873,4.5495468475320635,-0.18669556194018266,0.1456639420753992
4.944144153371522,201.04018970769255,99.75956688790532,6.127388178918982,-0.0199594799283197,0.03831007859128134,0.08823520790472614,11.698495566190132,0.745138752774777,-0.573337354976883,4.578365114229037,0.10775654175504532,0.14478124419075258
5.0,200.84047761184183,100.12514026963471,5.908560204303766,-0.03574190950994345,0.0688108740965831,0.08097189986244832,9.470082566952378,0.855302103313109,-0.9631575504569083,3.5211688402570576,0.13959967430783052,0.05316096333142027
5.143936084964435,200.7220402184836,100.3130882231541,6.210796278918104,-0.045563885835468554,0.08561376345354295,0.11095376599100314,10.079370741035671,0.6787472103396357,-0.9899681234388813,3.669303905330963,0.04280976115540992,0.05243472122476762
5.543519972237281,200.84195390079674,100.10392695354412,6.348616606244805,-0.03273634391169307,0.061369657911593614,0.1211055572941217,11.390050505155905,1.0925796731548434,-0.9905673142417455,3.8545804057327455,0.22898898750386062,0.053715026026573534
5.743311927987152,200.96375776679588,99.89548332180638,6.325019157022102,-0.02035316294113347,0.038648159969766636,0.11584786511236365,11.947221882478864,1.57771414321493,-0.983261768556965,3.8928255432956638,0.4307957542731039,0.05408565614636762
6.0,200.8419229264666,100.10010603183196,6.547936038410598,-0.02993800820285641,0.056466368483744485,0.12210806959496256,10.591246180064525,1.1852817711055836,-0.8146105639157393,3.165308787215265,0.2516828911853635,0.022850511239280773
6.142895863890151,200.77569140311283,100.18738891867935,6.8896306167675805,-0.03576845976488344,0.06497141092115787,0.15887692378769586,11.082883348493407,1.1403775592975047,-0.8548033406423984,3.253410269470241,0.22218653104010988,0.016461445671323224
6.342687844114436,200.78505077018804,100.22678436381277,6.484313653709043,-0.034828739929907995,0.0672307516207288,0.10864547215588796,11.765967102450562,1.163236487301219,-0.7863842500552091,3.3673044262675593,0.22037386054316505,0.032975848878768824
6.542479832568362,200.77240578688577,100.2152566570955,6.8713514160267515,-0.03507473228726495,0.06483609969938617,0.15114617365926036,12.420618647292564,1.2367157199605106,-0.8364453765057404,3.4586198290692556,0.23962618993413812,0.02371609255860864
6.742271829288024,200.8265143408016,100.13706385591748,6.775774543044358,-0.028911359747266392,0.05463272119853368,0.136348643214908,13.047421059380666,1.4363792087853224,-0.8155481745423258,3.5326531614300904,0.30651592664124294,0.02878195330715591
6.94206383430973,200.87068638094462,100.03363205093895,7.042310535739072,-0.023206645146406104,0.04198485622981462,0.1648018207099155,13.639601628055528,1.7132786960797677,-0.8558631070558727,3.5875520886693333,0.3964309249157938,0.02066184070600271
7.0,201.1057114046668,99.61628449736276,7.18348314297717,-0.0011616482486987469,8.236206203203478e-05,0.170887610509493,13.382114217205997,0.24687885055025416,-0.71662832624941,3.4579438187905907,-0.08805912857531456,0.025193761056604876
7.741231938150562,201.26448195958483,99.36522231959228,7.315945253080433,0.015243739578532554,-0.028606519335640696,0.17154395426161248,15.893231465139996,0.5173025848019459,-0.7062351204969701,3.747583287302041,0.024720988109723147,0.029571310106863334
8.0,201.01038334750768,99.82509244838477,6.9827432780146825,-0.009278507526251797,0.01848487462665353,0.1509548432320317,13.850636720630696,0.5613530298939826,-1.3637058384199299,2.955453670329369,0.0308797903912681,-0.07360419223002475
8.140816040842909,201.08506437848885,99.71990181237996,6.827855064946407,-0.001586435142700707,0.00629265330319829,0.1300463935640201,14.228823794377105,0.6490636174938755,-1.349070145592301,2.988639789399268,0.06312393391184869,-0.06783809817727574
8.340608105013475,201.11335947669502,99.68803457136421,6.720609993623423,0.0012429965294648198,0.002472552483061641,0.11427022955112574,14.819335262527131,0.6916802450616042,-1.341815040535494,3.0514455947500396,0.07642830981556503,-0.0627523866724209
8.740192259193597,201.33774837110087,99.32332711504314,6.645254397698784,0.024540798292927338,-0.03823851237489248,0.09996186378213245,15.856676424272678,1.1197436069854325,-1.3573063099102691,3.1150162014690244,0.21730671875318758,-0.06036616718189916
8.939984349279916,201.4019001652028,99.15071761809533,7.17264348057561,0.03147559573473658,-0.05597716906603993,0.1594974333837564,16.37093371034071,1.3551146323740737,-1.468473739883033,3.140820102513154,0.287394349087837,-0.0799460293393178
9.0,201.1505908803856,99.53508878331985,7.833282784026151,0.00836665048419959,-0.01565178549583727,0.19632919393092027,15.457918401908644,1.9292471227211576,-0.6355533996656159,2.8632464034615066,0.44034910155029366,-0.003105690221279045
9.139776448081955,201.24083201682322,99.36225807493051,7.838325323931097,0.01805431733081366,-0.03404574230661886,0.1937142295112291,15.80421799402132,2.1014462824973204,-0.6355297985258636,2.8814849592636786,0.48887869306938725,-0.0022489720231997578
9.339568555638666,201.12123395541695,99.62990467891109,7.691647200101891,0.00413466185873422,-0.004862225296611608,0.17232800008866725,16.488599188193533,2.0045462927058773,-0.5987941192245974,2.9719605219529392,0.4350238757359918,0.007227680236941084
9.739152797173048,201.33208239499842,99.24391523067018,7.8022224470253265,0.02628202116253883,-0.046158466822823534,0.17705931216703658,17.507713006152304,2.541030572976619,-0.6139419856110717,3.0175738263811493,0.5791343191355116,0.005399030018948029
10.0,201.43449130203874,99.04858256466756,8.08230812022653,0.03598434403141981,-0.0651681343472189,0.19070325478514866,16.579716168714246,1.2679955964067104,-0.3842991827933644,2.6276142279639636,0.22260168315180484,0.01675781756262066
10.138737074199296,201.64348990535316,98.68302218218386,7.919184026568995,0.057208746031039384,-0.1029496492606,0.169357469869302,16.83504436112901,1.5129152135809822,-0.35640692112153183,2.615353910463753,0.3041628128166816,0.022509265498226367
10.338529226121725,201.7821427688646,98.3828173112817,8.188742119400775,0.07105191560505059,-0.13196911209695847,0.19565980851333495,17.263158651411434,1.75821721439071,-0.3985101851923067,2.61808844844292,0.378131662819563,0.013937486367890422
10.538321387037424,201.90828865566087,98.0775477484024,8.517649900070884,0.08376400865333969,-0.1604876545082968,0.2278477981834134,17.68219616364,2.0382458034468103,-0.45471136553502484,2.6163989466617688,0.4603240655300206,0.002837494622779966
10.937905736011272,202.01075410000593,97.93749167212428,8.23791230650196,0.0904173267443511,-0.16865011923452933,0.18711215344004584,18.702926804198487,2.3064013976511,-0.381084418566087,2.672191467460565,0.5154178930455446,0.01860228391389524
11.0,201.8931676125414,98.17582048879389,7.946678111885584,0.07813118089340122,-0.14397123569588785,0.1665095425393975,17.94604702575108,2.483295043113719,-0.8124100314041673,2.438685099170582,0.5559409602989323,-0.03353121700065147
11.137697924151352,201.72072598579425,98.53839598603277,8.147078213209841,0.0582535622079765,-0.10548483489284767,0.18571213275432547,18.391604183198186,2.347725343368,-0.8419758100162661,2.4976801152117263,0.4871547801721908,-0.03776710972475933
11.33749012144857,201.82922102394954,98.37958743949277,7.867943321920683,0.06774628319362748,-0.11968954286538268,0.15168379422911746,18.845590804817753,2.5383043979703315,-0.7943884309513938,2.507269727567312,0.5352416935050929,-0.0263805055615655
11.537282327944505,201.80911192869794,98.39185053019888,8.141553069416158,0.06446409228388363,-0.11594170271577157,0.17770415219502395,19.36283539922088,2.6185277579852317,-0.8453794203509062,2.5377903222372926,0.5402048559500933,-0.03462817615225984
11.936866768700117,201.891252039767,98.24891166385734,8.132351307708943,0.07008189893009581,-0.12560468982541584,0.16921902909821043,20.338043063614112,2.9332950871568166,-0.8445323369469763,2.5716051565273865,0.6033917560154479,-0.030408173287752173
12.0,201.9543875552161,98.08783043199729,8.597210900227985,0.07647637398881231,-0.14028242157577137,0.2000896078293376,19.974252795343844,2.3315270318668686,-0.2876932135233643,2.4416046622264997,0.4399633526940184,0.027458224566378246
12.536243499877996,201.96000085829016,98.12063652169165,8.416911950958372,0.07273823862528167,-0.12998913484161212,0.17058248577328994,21.337630786260828,2.4990993588049504,-0.21298862660233014,2.508923380634411,0.44176764255758283,0.041870540257187255
12.736035762453639,202.07690576196995,97.90184950920656,8.560160714157536,0.08245924373023505,-0.14861804027480685,0.18168209882035927,21.75339036586347,2.75215794753459,-0.23111179301708973,2.495555587940192,0.5150928344999843,0.038090294179960654
12.935828034526196,202.1356574088273,97.75774157720613,8.87811614730392,0.08667292211335687,-0.15943837484717163,0.2101786012985266,22.1980943804539,2.963541552281208,-0.28754211825050474,2.492365907519433,0.5683419318060484,0.02747997873748348
13.0,202.43314706702475,97.18097786710821,9.114497266492462,0.1142105100816221,-0.21275040998890085,0.22533080590583204,21.076237316337366,0.866604689041341,-0.06984558941216029,2.1433872737452866,-0.005904342273658103,0.04398498713522127
14.0,202.43172114709037,97.14974567043045,9.685057118634058,0.1042499085221861,-0.1959057917878716,0.24843933684644187,22.358322231374093,1.0923778973303302,0.42845651494729814,1.917299707926769,0.04154790520864058,0.0973251101262742
14.334374208647128,202.39015801422414,97.2085474873446,9.786681513293816,0.09769385528712689,-0.1846747670162322,0.25019917906716443,23.043214714378127,1.0210035924065508,0.4591088106969437,1.9244294700108369,0.0018721218199326262,0.10012181793018156
14.534166558288586,202.48315154111134,96.98212716488446,10.3351923393207,0.10417034644489993,-0.2013709390939433,0.29663109038843194,23.36011873845682,1.1604412119715053,0.37257991911796995,1.8901934725780782,0.055160457662716274,0.08195446921834089
14.933751287315816,202.7355097953734,96.5983519222135,10.28714254296585,0.12128937132779094,-0.2281928850204095,0.2813186406506156,23.94393939064338,1.4870915517523982,0.4403269553823401,1.8076054713928822,0.1710981466864852,0.09132070336363826
15.0,202.98226307251653,96.17675110861947,10.105029807105156,0.14198764190688445,-0.2647682371853385,0.267717543154222,23.83193883820332,-0.01881534671597307,0.15211889556303088,1.729285218128463,-0.26070104963665686,0.058662978008940034
15.333336056310925,203.14727449182402,95.89756222223316,10.214155074145244,0.15153975749655718,-0.2812576222281432,0.26947296255700987,24.333769822516235,0.02230517739716649,0.16660372819446415,1.6728813231330613,-0.22387772998227626,0.06001369417684361
15.533128455913301,203.29866903422666,95.60972988126551,10.402907468111572,0.16161920921153,-0.3008345398758897,0.281431662161083,24.57586317243307,0.15294576396022555,0.14798498337129584,1.617614456073406,-0.16089628631749975,0.05580378124416858
16.0,203.38947529027604,95.39354222418685,10.948498050621252,0.16363023858355188,-0.3071207280642858,0.30934937944988633,25.69713988694544,0.03609529925987824,0.7456635388289715,1.6754120242033708,-0.1863849659009805,0.12086413768335268
16.13250571570769,203.59523838779,95.12055539682363,10.66349042019693,0.17773908688642417,-0.32682362096563367,0.28123521529969314,25.83011931425818,0.16034532875658591,0.8253611167477817,1.6247318788149825,-0.12583109473803566,0.1343270212498968
16.53209060687253,203.73687958853148,94.84498608196766,10.87469269351902,0.18348177141361122,-0.3385141910802695,0.2896164280161776,26.41486019953696,0.21978701313455512,0.8573945731493143,1.557787601962212,-0.08978645563557983,0.13434007132782144
16.731883067990854,203.86420151709873,94.63744453329107,10.796915642449113,0.190582491544778,-0.349802410263503,0.2781892096849307,26.652266158719797,0.32769743125974615,0.914859063325271,1.505176277162623,-0.04297451094758399,0.14234799854723906
16.931675539531746,204.06690330648905,94.2491757329807,10.800498228129179,0.20394599055759519,-0.37492714197745225,0.2738514883709005,26.783684296855863,0.6358732082961907,0.95396965429345,1.4152107723560041,0.07769748772553467,0.14615334658574622
17.0,204.16457736729524,94.1198478300969,10.482936046252162,0.21027031278709063,-0.3838523242935438,0.2513553913748596,26.67732486148496,0.17908654678672986,0.5163642292832973,1.3434961390524263,-0.05355254295847904,0.09933388737042875
17.33126051407898,204.23593705557752,93.99369574694825,10.545342973116568,0.21038260858719685,-0.38378534192523994,0.24964296554903984,27.113021774316838,0.16040525831006888,0.5543150784445707,1.289388776057823,-0.056871773755979814,0.10336178043774603
17.53105301718497,204.27977762355818,93.87393707802131,10.770878319588023,0.21076644274270243,-0.3870152448073426,0.2639817341483005,27.35816348256239,0.18019383526819924,0.5350554329635704,1.251910473257043,-0.0460353086412085,0.09762844840933209
17.73084553091282,204.3470698286259,93.67312739343814,11.05891003618656,0.21335959323542245,-0.3962377895423925,0.28309831286612536,27.562501866904757,0.27588910859113347,0.49778025339215803,1.200904579961095,-0.006077231992583969,0.08934464659012525
18.0,204.23460584992014,93.8895767416571,11.063383215804816,0.19948284933367116,-0.3704355201311197,0.2784165474398023,26.907677826905136,0.7500141991897858,0.4123334978640655,0.8788545010214243,0.11925173553396311,0.0802483360136835
18.330223136335285,204.34969508239914,93.71322704082804,10.983361730498492,0.20304652036436263,-0.3746573150238262,0.26476662612847474,27.155127860414755,0.833779808461984,0.47786214510459635,0.7899214427418098,0.1441729484057561,0.09019862297155905
18.929600839195835,204.51819909750301,93.4237410457415,10.973948541517837,0.20656472154446648,-0.37948896562890994,0.2516463663041366,27.53650401948919,0.996231102063496,0.5779509801273739,0.6237118553975914,0.18551372208480485,0.104369580411062
19.0,204.7542900457099,92.98147591518041,10.798308940333817,0.22417342748481717,-0.4114931123466983,0.2392940006786007,27.75373152106491,-0.3296554061906547,0.32153499963299387,0.64427574195718,-0.18094221580364175,0.0771126038056297
19.129393428711914,204.7367153611953,93.06560189802292,10.71696296570629,0.22021292846866242,-0.4015130045856972,0.23060329740691848,27.875167794777685,-0.43986497307169514,0.3565900184215436,0.6269749299282761,-0.2205605109668421,0.08266206520432441
20.0,204.9447845574054,92.69832415201549,10.83285528101676,0.22138282234217285,-0.4029827505190976,0.22516432897659452,29.31161518887897,-0.20629028706847968,0.3343398700908057,0.6697549584052944,-0.1277583220238685,0.07931837331185058
20.12835654289974,204.95713952648924,92.69185913727675,10.81236012948899,0.22010845359718537,-0.3997718870789886,0.22146758088619883,29.40841207033911,-0.25161815042265473,0.3558212796135198,0.6441434161572277,-0.14181713969404702,0.08242832555385053
20.32814919943625,205.04637811582054,92.51207038413038,10.899281600427228,0.22349055071538013,-0.4068669139317707,0.22464804203644878,29.496231961369528,-0.20744302328992476,0.36226275900479465,0.5815126893626894,-0.11779576100717559,0.08238191471736758
20.727734546645834,205.08015139970328,92.44067103623077,11.088010136552702,0.21951738854323422,-0.400440155719697,0.23192784640699377,29.760073347121942,-0.34157663922601733,0.36946226189534603,0.49836872810896543,-0.15580137365321234,0.08139719838596107
20.927527237429903,204.96790446468626,92.70809336366406,11.006915212772194,0.2080381821709313,-0.37626488328432206,0.22255116772920952,30.03112343566752,-0.7317283683474006,0.42106976582136485,0.5074171344371935,-0.2860277272275683,0.08836951010164948
21.0,204.95180913536856,92.79774872283312,10.776895962927904,0.20506649399224455,-0.36816310383998846,0.20720778811307972,30.67442799156235,-0.08241868286119503,0.12124135100432543,0.6575783292326699,-0.10995806714456802,0.056806319742290105
21.12731993974142,204.74040895426708,93.14199839191375,10.79177593631893,0.1889533572678316,-0.34035789884039747,0.20638370596943637,30.89820153287655,-0.36325237633380414,0.13052328123773801,0.6822916138261992,-0.21619847356494248,0.057720413970001085
21.327112653636785,205.0589153046842,92.80266796585883,10.418008020337107,0.20629240040678778,-0.3605295647086107,0.1762717235231819,30.87785577584751,-0.17289452004808104,0.24620486990215595,0.5813156821425999,-0.13469365044310888,0.0777745658741772
21.526905379172753,205.11109218217194,92.72070991128459,10.335260254703021,0.20715007495219717,-0.36116868223157633,0.1677649883135034,30.977850973170106,-0.19260848054682927,0.29281043795483097,0.529339692371702,-0.1354287875073456,0.08487546738402656
21.926490865395404,205.20519583936343,92.56085543359197,10.20956392139997,0.208238404150553,-0.36207701742590287,0.15393730501948896,31.147774858637124,-0.2359462894086664,0.38387369170350494,0.4231259554883931,-0.13904589924094318,0.09770577684327769
22.0,205.20602125852687,92.6381755132084,9.816868916784559,0.2064149956413024,-0.3551792417315366,0.1294629457714238,31.152624487334283,-0.0008524204110342271,-0.12738474541873268,0.4013816748961362,-0.07893154031290311,0.046405130262624786
22.126283626197466,205.20219723025184,92.65020779038377,9.912003952095423,0.20417521519148965,-0.35134565228108744,0.13506441307099837,31.22511890290114,-0.04843789312431096,-0.1408714688407348,0.3781843567905389,-0.09464843456459006,0.043735996904323955
22.326076398870903,205.31459185554718,92.45803163918951,9.663459900747196,0.20951271072404218,-0.3595150064466898,0.11549874677156838,31.23103785527564,0.023399176206091832,-0.06006730493505642,0.3034490039476221,-0.06397549749848305,0.05814021050449923
22.725661980066803,205.28983586531,92.50995895563678,9.48543681937483,0.2025913760466604,-0.3458697128216597,0.09961706067364569,31.421628843514704,-0.20649995104722826,0.028394755159230553,0.22777197555783388,-0.13840494796337877,0.07221697533580035
23.0,205.32758048306505,92.44466238956358,9.55143567470731,0.20146229733666687,-0.34393879451551257,0.10151683470995786,33.286521446321636,0.8210909467083055,0.13820770878684635,0.6221735192520508,0.1318282364190341,0.0790870433254259
23.32504044237431,205.4440603199068,92.26553238267027,9.698840279881594,0.20436206157241174,-0.3488022814462315,0.1095170957447631,33.451650645222976,0.9262360509026747,0.13366319430750023,0.5439717370258976,0.15945574144541091,0.07700055576957145
24.0,205.6979580846373,91.83361215964625,9.563475404943711,0.21226995252141473,-0.3619754807286346,0.09741340528116209,34.382688514242524,0.5735320037155637,-0.09272517274626149,0.5441446214157325,0.06414166992805083,0.053852345182966416
24.12421189694606,205.70373129305216,91.84477130545142,9.753400260676662,0.21030769298529667,-0.3585384642889355,0.10967754206261983,34.47641465013224,0.5481117905322878,-0.1334213576984301,0.5275258877116368,0.053385144595152444,0.04620754312119986
25.0,206.01459699852234,91.37965055984053,9.25032799660139,0.21831686352188062,-0.3689058364214376,0.07590561871975215,35.9800739219593,0.34789484051681213,-0.9292275226324717,0.611635186549488,0.003486929802690733,-0.03141835728838888
25.123176496339497,206.14493318154936,91.16705077353502,9.30417737635756,0.2247187974069801,-0.3800249191621841,0.07891301829377874,35.992436949049015,0.4676571830413285,-0.9443960727725178,0.5668115217078555,0.04498334206418287,-0.03250753834111053
25.322969454340054,206.29131938437186,90.99595213453702,8.805213003634998,0.23122975374505927,-0.38624784963492265,0.04408912310800175,36.02658849762198,0.5519894366109216,-0.8039008818950362,0.5018990117400565,0.07149958868778679,-0.007289157434048683
25.52276242519792,206.3757769567837,90.82173099142132,8.733447603345562,0.23420108581096216,-0.3922720393510222,0.03867497222264171,36.077772754384156,0.6410113827528543,-0.7810245683564101,0.44631258581034716,0.0972376762760348,-0.002563471310637942
25.722555408978263,206.42180226952024,90.70037923063026,8.573732486252759,0.2350335448398116,-0.3945759356185321,0.027423101594264143,36.13622810207001,0.6870104234040877,-0.7290600039714243,0.39581087259552816,0.10783103674058922,0.006866499424854344
25.92234840574668,206.3984161129736,90.8860096777829,8.708882884373097,0.2285777926773491,-0.3785600992785519,0.036063286839434223,36.34689227375636,0.4694836243614129,-0.7708816061300227,0.3953687348793694,0.03610981505882628,0.0007044781603587633
26.0,206.48923554275908,90.66685394432638,8.93081124824145,0.23404766241337094,-0.39063916252836106,0.04797298633792233,37.84340580773002,0.6986639371446727,-0.4592655357357757,0.7279456828383286,0.09795039903283087,0.027331034211095114
26.72152052402843,206.50231235089294,90.62228552027516,8.770995583412763,0.2250982847623565,-0.37497279639779746,0.03502739845924277,38.43528379910412,0.5363941937722401,-0.3777487426023904,0.6390117593922372,0.03166955923721623,0.04036232911807565
27.0,206.66252775505941,90.29282397872439,8.92246437097463,0.23202347991463818,-0.3891716261690699,0.042689902889232266,39.16157510384431,0.03574367810922008,-0.17106408441518042,0.7181666200942566,-0.0814468867469241,0.05889257972309954
27.52069285548303,206.83741281312615,90.03417845610228,8.966505124615965,0.2348577099358371,-0.3930062848398731,0.044103519051892845,39.485666148009784,0.04591164678107308,-0.14571056878331223,0.6257756959587412,-0.07097361135168477,0.061128345733340424
27.920279102525402,206.92983659053834,89.85197374711353,8.880108504821228,0.2353193203482571,-0.3942874074440802,0.03727977122433679,39.70535538192807,0.032582290375597844,-0.0857492724818514,0.5527846874799529,-0.07057965002348883,0.0693670355501466
28.0,207.02415201418484,89.70495553451296,8.699746579554349,0.24010721105831292,-0.4017317310764829,0.027379421857572306,40.1960485939624,-0.18620997279934637,-0.3306522474128216,0.6412110562375433,-0.11674298121884388,0.045840850936819305
29.0,207.29266840531125,89.23780664931533,8.836937513936592,0.2420809348868448,-0.40586968878523405,0.03299176554478411,41.499218333642204,-0.25155860929586743,-0.11721864088869763,0.642901612972351,-0.11821226881921604,0.06561154250360104
29.318831403739058,207.41521422887882,89.08903713964263,8.987150292827145,0.24381158331549832,-0.407614545561529,0.041909070240731074,41.6898213866833,-0.26344873134962293,-0.13613459036460177,0.5918395157924884,-0.1140911560708558,0.06176790812862783
29.518624646030116,207.41261398084487,89.06627175402292,8.956762714276532,0.24118449487958094,-0.40376818788265867,0.03944740669342439,41.830649953217815,-0.3388675661745683,-0.11233167787009458,0.5684057225930088,-0.13302810554091316,0.06480356657396202
29.718417902643623,207.4181157590838,89.0700132914802,9.130295170461416,0.23819130410657227,-0.3988508880939311,0.0500325622484911,41.988058341745045,-0.43220002930683343,-0.15211973424988443,0.5509939587759626,-0.1556396317012343,0.058017401058081876
30.0,207.47778686585173,88.98749547954816,8.78892446808835,0.23784563748828855,-0.396894444418781,0.03129923506266223,43.10741678575543,0.1485845747845928,-0.6229412537243895,0.7266092983225649,-0.019439278701122886,0.014655932898903434
30.1180044591391,207.52611773321053,88.924234808261,8.330772946020833,0.23969571641439455,-0.3975535340642793,0.0019805631203435488,43.165210364602004,0.15124111867574416,-0.4928016553683675,0.702282318669559,-0.017951968657819624,0.03545153158783232
30.517591073832953,207.49920972126807,88.90730770357499,8.273214533400886,0.23339713374761012,-0.3883752424071003,-0.0016761153202545362,43.49855244632681,0.018212217360704636,-0.4616009149240947,0.6666583334810294,-0.056986747207576294,0.039847804859149086
30.717384403196416,207.75248510664633,88.68909300776168,8.533427290353721,0.24245331318269048,-0.39868670917859256,0.014718984600438377,43.55349792499062,0.17829998008035872,-0.53378912351896,0.6165482601095567,-0.007070132542334011,0.029025998202872588
31.0,207.99929515904935,88.3395867101381,8.577973782433622,0.25244049638211824,-0.41401935277690594,0.016520480840232426,44.91415734714599,-0.062173775254644015,-0.4618336978475914,0.8382970745466983,-0.05434130842773003,0.034398765304591135
31.116971106345417,207.8725035264628,88.4657562836092,8.590612712063807,0.24434685734313882,-0.4027368094570865,0.017259276738640257,45.08137363481289,-0.19850479349202999,-0.461894687627804,0.8471926819227343,-0.09628577140126132,0.03421850019656655
31.71635127330752,208.12019089660112,88.14923784389967,8.79937522065442,0.2486942774582538,-0.40820366566098265,0.02975886145795327,45.53245520993927,-0.16612006464571283,-0.5026559632735542,0.767186545954796,-0.07641110541506442,0.02780520709262137
31.916144692544645,208.1862338930928,88.03447324116604,9.017083336665488,0.24932792643761478,-0.41039699188964707,0.04319540922252753,45.68017102345316,-0.1440537601451813,-0.5671594337083775,0.742340604014742,-0.06710254240215932,0.018821673705892678
32.0,208.3924216120341,87.78778843084105,8.883154720021167,0.259251493024696,-0.42417477953869476,0.035852661630464154,46.928621211775265,-0.2658225899750304,-0.7395680012395829,0.9917583597248882,-0.08864001093109136,0.0025695435487144806
32.31573157687951,208.8351309171219,87.33819084000106,8.891721261344676,0.27665601600214107,-0.44557419517038166,0.03546971884212931,47.08150371819025,-0.0018259266980655275,-0.7346352995464457,0.9145218609148801,-0.00011916219684771079,0.00458878179703456
32.71531852290946,208.87913734053146,87.31856420281275,8.85068343718547,0.2722407204112148,-0.4362083888623868,0.03193339461711426,47.50631400842939,-0.14128187823317795,-0.7150878215403141,0.8930244752298624,-0.040973013684140025,0.008887029202554277
33.0,208.77296123950973,87.39226005893313,8.784686987728879,0.2629407189362668,-0.4231569458943002,0.027950701343997107,48.529645173249484,1.042977713790105,-0.7869561946456124,1.0336611948650065,0.2235471413470953,0.002672096553877271
33.11490553129986,208.59665704258856,87.64548386500222,9.094798078885898,0.2508269753192376,-0.40467380334247544,0.04738118311721219,48.77624418237327,0.8516243597489422,-0.8741298986376189,1.0640542470911447,0.15740188135536132,-0.010233955265955032
33.714286162290094,208.51696073130142,87.64395052389406,9.20283948537103,0.23909808533311522,-0.38888052842701154,0.05255369472178609,49.54181656614181,0.6838839854682704,-0.9075938730808059,1.054889149130764,0.09040963733348742,-0.013313029240162654
34.0,208.80721408864477,87.2840223968471,9.33266096631238,0.2502738504793547,-0.40494849062288607,0.05799463399784539,50.90802210927558,0.2956510219263304,-0.7498661120282338,1.2619363141939077,0.0029226356856911218,-0.00017232974470814295
34.11387332955515,208.9143725471961,87.18936810851235,9.362640996053333,0.2537243353228866,-0.40859718707361975,0.05941283886401551,51.02589719849853,0.34659638571219786,-0.7557776738607729,1.24746991178287,0.01910854079287935,-0.0008298037475529071
34.313666937430455,208.90449030375922,87.15325477925519,9.350225009215896,0.2509695296830956,-0.40534216720336746,0.05791260991208982,51.297840168819526,0.30195359784613796,-0.7492911300517003,1.2433272041447827,0.004321696775449479,0.00037570107291299334
34.9130478590897,209.11159018743908,86.95062016528416,9.236196660554109,0.25270234611628906,-0.40380205999811913,0.04827528768018287,52.02567610043474,0.2912355747987502,-0.6980568087153844,1.2054653531945347,0.000666505557451437,0.00877350254371597
35.0,209.43293862037004,86.66007066765793,9.296479430685801,0.26665518008708355,-0.421146498386901,0.05084176654976031,52.71716039082784,-0.4438074253494489,-0.630268390037486,1.3253837008245788,-0.16096312290488055,0.014022659129651782
35.91201639405045,209.536218925411,86.38028332249013,9.12098128771175,0.2606553853819506,-0.41344421971016593,0.03670700284440854,53.968870749480985,-0.7587823649656145,-0.5440555684327868,1.2968749059078235,-0.22799048374651748,0.026920587984445757
36.0,209.3752972443057,86.47665080022132,8.99712281626881,0.2525913006552727,-0.40398498711562486,0.030629984757446195,53.80284806986261,-0.2513383411460891,-0.7079699643913798,1.232773474422466,-0.11313836572445853,0.013865076473734611
36.11181015169935,209.39173500210083,86.47862015764338,8.755647711785862,0.2519565786730781,-0.4010749900557605,0.015001276385367142,53.94520025424883,-0.2998918263626244,-0.6376795390829644,1.227373882029231,-0.12638260555738087,0.024399520042105105
36.3116039264523,209.8513981273986,86.25848838541796,8.991118881582404,0.2678539478377703,-0.41439891623282454,0.0294116843080131,54.08086985074547,-0.09231395787919727,-0.6963716451149436,1.1826182143743145,-0.05654268762625811,0.016381045929582276
36.51139771840427,209.85968875321095,86.20653561548016,8.98580454322303,0.2658490363853724,-0.41211891591118394,0.02873068112549233,54.33507592512517,-0.14296906342880045,-0.6900504893976067,1.1747166189099363,-0.06993923424338326,0.01737142212570464
36.71119152765096,209.86228509407476,86.15923968502614,8.96208698471354,0.2636301260541427,-0.409513885706045,0.02687529993605494,54.591528992365994,-0.2068234953138668,-0.677661893470347,1.1676138211553064,-0.08635065512736706,0.01937435936610151
36.91098535428876,209.91776790953813,86.06163070041849,9.050087382725332,0.2638050109778701,-0.41048106149337094,0.032227298213960254,54.82125510227095,-0.20647447885109632,-0.7009934515637237,1.1531520373805124,-0.08309493971342395,0.01655867107277639
37.0,210.31149005490144,85.86798935856488,8.590756036766784,0.2792258924602917,-0.4233287778664456,0.009123139314121013,55.91119761346337,-0.456842204955668,-1.294744968590593,1.3565056464772782,-0.13383819834800287,-0.031528911340938465
37.110779198414754,210.53925523033197,85.69092682159331,8.813357615096356,0.2875839213174259,-0.433306181387632,0.023224651631767096,55.99846089947289,-0.32550119486023077,-1.3589595541351898,1.3317745041665254,-0.08870300159108888,-0.04005740864258805
37.51036693952337,210.50233763535215,85.5026246203652,8.982355377826476,0.2822347022442739,-0.4320754559409275,0.03384734050375083,56.56218932839483,-0.4069183251168128,-1.4256295140663253,1.3214740732121724,-0.10629939891426735,-0.04622421166869501
37.7101608367038,210.85269930348377,85.44092910101038,8.775444371263964,0.2924790354901412,-0.43485541010961365,0.019417348720680433,56.75207050661461,-0.3233437556593318,-1.3626995687559667,1.2903755547521345,-0.0764392765377857,-0.03607238192437159
38.0,210.52561701849936,85.4503015581891,9.321585524827857,0.2760273424181447,-0.42257820042753774,0.04587725722511801,57.07983384228291,0.4585190597578053,-0.6509379112211024,1.2655185695916333,0.09779458610159637,0.021771332084701868
38.10974868481689,210.62656069039429,85.35025760040409,9.275962342417788,0.2794082351186501,-0.4264757479879792,0.04250142241698757,57.186405508407006,0.5267760582338178,-0.6336292509988771,1.2489550392283573,0.11814046129969973,0.024261038330287706
38.50933660527506,210.6836531702421,85.12209000263597,9.492857742937597,0.2780444646684407,-0.4289942768492591,0.055883294767662246,57.681823514683025,0.6042404987698344,-0.6863515848018324,1.2238942846031495,0.1349569956387964,0.017321966849109856
38.70913059288964,210.7328378720399,85.17346134613982,9.431205624713257,0.27575395220481425,-0.42134235366259354,0.050908744275185255,57.98097830844294,0.5034042393449318,-0.6586706818964374,1.227239085739726,0.10013399005067308,0.021057633381782744
38.90892459889937,210.57447217907375,85.24185847802696,9.598248060696836,0.26553463636886165,-0.40981023987936843,0.06161254988580189,58.369094087284914,0.26134364746295236,-0.7090284742675075,1.2561153275932113,0.024956892055240765,0.014174588634447555
39.0,210.52137766881623,85.22193193008029,9.769408334612063,0.2625331442740993,-0.40800603202078933,0.06985983826070781,57.88491613024138,0.050482427371196154,-0.511655829306872,1.123821331840747,-0.023019490100327583,0.030139195925069896
39.10871862340877,210.49915384805465,85.30227184172894,9.622883876843742,0.25906282251345847,-0.40024487303408396,0.05952458493579005,58.04977482153613,-0.05820739578915753,-0.46399890523829285,1.1293917208533808,-0.057504479046321846,0.03691206939339341
39.308512666523214,210.47422620141904,85.26503746920726,9.59002048112709,0.25580384606029555,-0.39664501985781614,0.0565937530295543,58.30361725905763,-0.13444507426142555,-0.44379971473954516,1.123716418457443,-0.07956255053780222,0.03952144944077265
39.508306728348835,210.43962756937455,85.2639107125225,9.410532752525963,0.25193075996486725,-0.39075683044822695,0.04372419822148476,58.5677562301943,-0.26184028880825355,-0.37683139893285633,1.1210570355204872,-0.11616222727491293,0.04810746445050989
39.90789490856216,210.4992427647622,85.11679352696103,9.392209812853416,0.2504280967363402,-0.3895339592671409,0.041319842390582326,59.02396855099683,-0.34428592272248015,-0.34548616366921736,1.0945629956314757,-0.13291816882893018,0.051764117334170946
40.0,210.77313191951677,84.9901707033574,9.216352912056758,0.26027007418045184,-0.39770758059266054,0.032765406938752524,58.46447497559582,-1.228448643555807,-0.6022022192527992,0.9468342193780445,-0.3246087932039603,0.03234782111284039
40.30748316491397,210.84871547292363,84.86254131283303,9.324724485773306,0.2599970179662359,-0.39804465843325804,0.039554457664096,58.7556214212633,-1.3249128402685622,-0.6220060732652526,0.9184171745237272,-0.3353861367248165,0.02946485452127213
40.50727732191577,210.87478127799113,84.78818705071322,9.306841350764568,0.2590704426765631,-0.39729255718535417,0.03780332052132105,58.944314382425,-1.4105536386956952,-0.6081943531787634,0.9012598581325456,-0.3486543425010441,0.031099326152207323
41.0,211.2242913796075,84.50296514540555,9.456007137731303,0.2673993863089784,-0.40506468785691335,0.04369840641316923,60.06681223070233,-1.700069777027904,-0.4242190334527923,0.9964605971391653,-0.3912855737849148,0.045772910685490886
41.10665990955991,210.8412582311682,84.44937631798456,9.613552372032085,0.2531368563887557,-0.3988704085588645,0.055118546616375094,60.263668578940944,-1.8925605640305472,-0.46900923054264515,1.0159189814931546,-0.44449454526492593,0.03939692750917209
41.306454144696694,210.8081424644029,84.34200239096106,9.738714200970096,0.2505073702826772,-0.3991312124744816,0.06332363750787373,60.480321864533444,-1.9930535287183935,-0.4970456053466331,1.0038074593568107,-0.4582338634769875,0.03528849630799888
41.90583696947593,210.70480062587595,84.06921063268459,9.801544747580643,0.2423689058021403,-0.39661012769658616,0.06560672918999855,61.13048027239401,-2.3909335245362255,-0.487510783091383,0.9696334987907876,-0.5236414838164548,0.03607143222771045
42.0,210.80254412522686,83.99500240554593,10.027290753836311,0.24503281983137531,-0.39968305592241676,0.07573126609794938,61.941670642754886,-2.2103286019249206,-0.1926377123936991,1.1127218573361723,-0.47867252237176117,0.05790021530533404
42.70501435207379,211.11230642024805,83.75308179409916,9.98923571547192,0.24916234187919378,-0.39973199216044736,0.06886282920415036,62.68164691525083,-2.5318241295691597,-0.11889407364309992,1.052488981341264,-0.5088835096510997,0.06503279021827105
43.0,210.7564797533062,83.68325702508126,9.934276576354948,0.2346905939891344,-0.3905814920347505,0.06552510247612332,63.34675979603901,-1.6208534846855707,-0.1578051048328058,1.1075509235055494,-0.29670934315010156,0.06146743403672188
43.50419206499643,210.8792052474159,83.50124720911566,9.897373076732167,0.23473068503515643,-0.3897421202895581,0.06048804326160867,63.896601306413174,-1.7872978792454643,-0.10471146009761506,1.0714613054860456,-0.3155690872043721,0.06656142522801967
43.70398654575872,210.8730414039919,83.40510971533594,10.015438799538188,0.2330375839077383,-0.389965403759412,0.06822356284264912,64.12308973895928,-1.8565125107423137,-0.12565911058870016,1.0607144886057502,-0.32349581903864427,0.06298968682041896
43.90378104778335,211.10483814867624,83.37984474199028,9.833589191648542,0.2387279479891113,-0.390036675206572,0.05371804813351196,64.28916610589638,-1.8817576312970574,-0.046210911173763414,1.0337653713464652,-0.31806831206930564,0.07263432022251902
44.0,210.17038914415255,83.35140700029037,9.874325723973639,0.20762470362609164,-0.3740098777080795,0.05587323212887705,64.90267173535908,-0.16112466896935773,0.0885736144961726,1.1403953857875748,0.04771992404047598,0.08147125922986513
44.70295927105132,209.8564462234782,83.26196689715391,10.22134331815276,0.18845241585452088,-0.3568701555123101,0.07868548256581287,65.91161259376396,-0.48764512262348925,0.047723250078295865,1.1575422626842884,-0.0473209312976004,0.07236489021070523
45.0,209.93725501643922,83.15884292100178,10.206127397319564,0.18921393959255214,-0.35704101427953183,0.07674677010083521,66.64234650212273,-0.30162546518490196,0.024843675944906836,1.2212824729310807,-0.004449479060775488,0.06947344095804843
45.10254851359742,209.64261050559753,83.10303754992685,10.284430093421834,0.1790692940533058,-0.35271433660777407,0.08240768596478792,66.82774261412266,-0.40035711429068993,0.009213640327660696,1.234309984601709,-0.034204020677784344,0.06694018317510435
45.502137844822286,209.29528814481617,82.93156346644696,10.352937770852074,0.16581845521105745,-0.34711716049778785,0.08581972818266675,67.40732883648442,-0.5688296095077077,0.020940669928434075,1.2399446045889633,-0.07895473631311825,0.06649501861954597
46.0,209.0436494397665,82.76789861950198,10.126200294909053,0.15522821464978825,-0.34055718484487324,0.073354451459528,68.67046422397189,0.395619721000408,-0.2599858437572426,1.3531154133609826,0.13166055090504408,0.04533682892252912
46.70090638139538,209.325610941676,82.47902570581964,10.275588219597825,0.1615107521706921,-0.3464006811773313,0.08005907661676681,69.55090821057225,0.6168616439650783,-0.25380143570630337,1.3093103304391067,0.1832774019462724,0.045190955512228514
46.90070121811593,209.8030765041571,82.513514804292,10.081059890695967,0.17447203090452632,-0.3482972937443012,0.06400890182930251,69.72002820810582,0.7715535973603309,-0.17607067745120442,1.2756041685904471,0.22199350792648226,0.05402313675764739
47.0,210.47883093918352,82.52160430606098,10.067247885405859,0.19471909520559788,-0.3575202223620282,0.06212930711642326,70.90610860783507,0.47830019642682947,-0.2233330491663726,1.4904420789772759,0.16436056192394619,0.04975881819547288
47.50008586932535,210.5927181254124,82.23849647963226,10.340649995748544,0.19658127008736243,-0.36370841588649017,0.07938902329926853,71.6202128832832,0.6551710408260633,-0.264154330310224,1.4705831655580617,0.20401905905437287,0.04339561518672873
47.69988080056052,210.5941435680959,82.18538713630555,10.337359470890414,0.1950549739619419,-0.3619791555527552,0.0780824929717471,71.92992918101992,0.6635700674426126,-0.25036469117729987,1.4700701563897032,0.2011335989086255,0.04488575971591303
47.89967575578936,210.9157766575796,82.15370524154231,10.254179099170555,0.2035806993446344,-0.36461739108366087,0.07043834581073159,72.15634579410802,0.8014802806696626,-0.20935888793251353,1.4464790051172516,0.23408958451274878,0.04932674869020764
48.0,210.9527463624227,82.11404968270293,10.283571455700363,0.20417459888337883,-0.3651787378033605,0.07171393421208504,71.84131206661404,0.5184517985420609,-0.19030805517243604,1.3476876519370704,0.1721976459548995,0.05089956671937044
48.09947073516023,211.08012021996987,81.99361418974868,10.384533974916081,0.20893507701927663,-0.37168466091570873,0.07822061767754773,71.93210572439207,0.6258064246838844,-0.2079312292568234,1.330779420827571,0.20178243258955678,0.04863168298976461
48.29926573882275,211.00099624408477,81.7434139803432,10.630399906308755,0.2078080281294077,-0.3792732389587071,0.0949796162031196,72.17370499151963,0.7469261780053531,-0.25950927047897576,1.3158044012539802,0.23124145450276393,0.0414975509206646
48.4990607669277,211.17090196543094,81.81028286889594,10.529120125152355,0.20951075707038194,-0.373749045201509,0.08599170816094913,72.45398781464368,0.7369340310955304,-0.2170499553813907,1.3132446872907377,0.22113417513468503,0.04613806525069161
49.0,211.74302315968717,81.66031741329971,10.391440884350793,0.22379512862742576,-0.38006116575381144,0.07728806784297512,72.91838435290727,0.19007287769458936,-0.46214229537477447,1.2518446875092457,0.099984418328006,0.028592961924376617
49.498036279454254,211.82210298097934,81.3842544961047,10.519255504501434,0.22421576153211056,-0.38427161139124405,0.08385465364450309,73.51416191240409,0.2971115784390672,-0.47173208652051224,1.2208524522067792,0.12369236652629259,0.026780337700298248
49.89762666098044,211.6469348116526,81.3954977565298,10.560292471409431,0.21251076651039438,-0.37054883014897483,0.08473783277609717,74.15879828835328,0.06156217717850632,-0.4649412743926759,1.2453500678378229,0.05007392607549861,0.02680350704871216
50.0,211.89991285740604,81.31769222221077,10.788659162770669,0.22012453078145844,-0.37684079717366775,0.09420745622728559,75.46702119858628,0.3520892251342934,-0.170013898539428,1.4850212576704624,0.1137064057284457,0.046713489641920874
50.09742189020452,211.94387226742342,81.1844115809559,10.941752721449992,0.2223549018853202,-0.3826679086723444,0.10455065785795688,75.58171561769949,0.43654714734300626,-0.2000671779776596,1.4735676053877014,0.1367485057510727,0.04270759622553761
50.297217145285316,212.2266423246062,81.18263285193704,10.882605757770806,0.228679588959227,-0.3829215378076354,0.09821287848671975,75.8446062285666,0.5031173598876985,-0.16886525214481418,1.4596467614715158,0.15154810409758238,0.046096108751869945
50.49701242638651,212.21120010561134,81.08241044176762,10.933237465384655,0.22712021523837683,-0.3831142475928487,0.10060508702159761,76.14337933669005,0.5265159965085384,-0.16825829611082943,1.4570164322267074,0.15256784086363845,0.04561695791646649
50.896603067311815,211.9406426169318,80.8271835081801,11.110088018134919,0.2172648312513698,-0.3820571576826411,0.1114476585317393,76.79467139303233,0.49796308088043445,-0.19159284006826424,1.4664663553564785,0.1337771586056635,0.041635833287120755
51.0,212.2219211703419,80.78871963135883,11.075703879714629,0.22536310125371029,-0.38671223404718985,0.10936248811487623,76.532908552925,-0.058366690016686595,-0.2789522004983789,1.3771946237455661,0.017318677793463425,0.035631272950548576
51.29619381431767,211.63870575565258,80.43803415752738,11.301212274108792,0.2089028162306165,-0.38750914818264154,0.12510612136993748,77.01392674983123,-0.1423073510880991,-0.32333804915012204,1.3896107818826948,-0.009617833450224947,0.029316626343191498
52.0,211.87870526630056,80.05548243823225,11.828504388050765,0.21324872796884953,-0.3952227338398932,0.1453172330320643,78.12926739139769,-0.47898527917407674,0.23990451594886958,1.3956486850785055,-0.07890412895519401,0.06740040511902771
52.49496670553117,211.83705391868523,79.89654900908695,11.810228664659778,0.20807322311133952,-0.3902217044110799,0.13903214663246616,78.86509566453935,-0.6185106406817418,0.2943539685770479,1.3936869243992627,-0.11292957093144962,0.0715055437489407
53.0,211.90606364674971,79.73034467832609,11.759095887444511,0.2065341046648608,-0.3878658312491628,0.13347745929085855,79.61150491629297,-0.49630009399843755,0.18227446428881108,1.3869212630973848,-0.08201039766978446,0.06318930061306216
53.09435352559317,213.06493928403455,79.94801199136299,11.792584646859318,0.23720304589388058,-0.3961689052922657,0.13198712893048828,79.58477424983744,-0.2458245668248164,0.19643850064658303,1.3360693889293092,-0.003790914874590934,0.06471727930735198
53.49394488097455,212.43400221828023,79.73249735600571,11.882169673873838,0.21538237459339493,-0.385242279998301,0.13644364876599882,80.28461208909746,-0.5235333991666439,0.20557392845667966,1.3690640436812325,-0.08439087748061554,0.06333091839474775
53.69374060182443,212.17965284080256,79.64550095434285,11.818510400366733,0.20648910628528827,-0.37983371169357194,0.1305361264182654,80.63160883158275,-0.6806189707906529,0.23704804470581325,1.383131518319256,-0.12634324306756506,0.06581586222887652
53.89353635169847,211.09308507510974,79.2022533996746,11.912768053818489,0.17840561104727815,-0.3777981338065913,0.13874141386904948,81.0807959360901,-0.9649118047759091,0.21789241243285604,1.424674099640118,-0.2024691070360902,0.062288463070257385
54.0,211.4047950774997,79.28893306718963,11.563639043222704,0.18534152110978824,-0.3762925960588999,0.12140621015395447,81.54472379360243,-0.9040570315748816,-0.23282059796523474,1.4864826452459663,-0.18702240288136485,0.03178252684308276
54.09333213078722,211.89898908644898,79.37009338649862,11.691522221648698,0.19755229473925826,-0.3795294943428527,0.12856161237347075,81.6269605280985,-0.8161152237494883,-0.2500127434064121,1.4671299748929703,-0.15718794130205208,0.029738111643696885
54.4929237773793,211.63683066313823,79.11757174577632,11.715127319858606,0.18902367772545486,-0.3782138272997481,0.12750813033852748,82.2568241212795,-0.9567018316586428,-0.23570992402753743,1.469913349834396,-0.1877417062473264,0.03088308802546502
54.69271964527202,212.06235802401704,79.07944412353876,11.930464375139227,0.1998684991996604,-0.3842478095205366,0.14044077376661115,82.4674483553014,-0.8249988875790761,-0.270538518529827,1.4409677451640441,-0.1438616843128242,0.02640570369872893
55.0,211.8832525251704,78.86039447371877,12.232962485316325,0.1941956800460846,-0.3851625808682283,0.1524218451133187,83.31415741943172,-0.5241011559569724,0.08764665032993868,1.5156638363173351,-0.07728492665766237,0.04988540212847875
55.09231147123701,211.42067736762917,78.75849426891529,12.146278189134843,0.18077079812488803,-0.37897195454846727,0.14631974468651635,83.53341319600727,-0.6743616780907142,0.10892920131899433,1.537894530362402,-0.12214837726104372,0.052127290971118255
55.292107429708906,211.2840479692805,78.72839787961685,11.999325406422416,0.1748919743971288,-0.3726638756614276,0.13370497471082907,83.89105532344703,-0.8120832976185858,0.1572356395785802,1.5494423062305236,-0.1590948715936723,0.05690657150695642
56.0,212.04222942480024,78.70847916771613,11.721207665660804,0.18962407404865317,-0.3714507333050661,0.11505535205120294,86.48238586330385,-0.3320045501993061,-0.25543444690273365,1.8459878401071668,-0.04543615130080775,0.028438347038340486
56.0912915716035,213.6130016865086,79.31935956410922,11.680754018523814,0.2247933643374546,-0.36780399348523196,0.10625776391951927,86.52522241366754,-0.16217945030514558,-0.22265404098216673,1.8089121036329565,0.008849227262683237,0.03216154249808667
56.69068000725082,213.76811089199518,79.13321894178752,11.684708937196884,0.22488309527698888,-0.3662150927933964,0.10168161300762116,87.61677586495982,-0.1793634391363483,-0.18860721055740265,1.8152084247684357,0.0034881561303489288,0.03498023889258513
57.0,214.19061117202833,79.15999190597321,11.4892379122849,0.23298860155670864,-0.36551909264566584,0.09115571475387627,87.845595156074,-0.5726721013623062,-0.4987644124972583,1.7480422367263542,-0.07754681468841998,0.014735726805302773
57.09027245764335,213.6015612500715,78.94221238804317,11.42117437710084,0.21807323528263212,-0.3628682431524799,0.0873954500101482,88.0739519329953,-0.6985145398956375,-0.48846491860385877,1.769769142824345,-0.11471800070646554,0.01592144604547551
57.29006873147939,213.24272575424615,78.69865794909336,11.483405468312103,0.20899875478888968,-0.36398395165107705,0.09209804054129592,88.46510423019716,-0.7679707991196234,-0.5001678670949654,1.7811747517883678,-0.13117038216804164,0.014491396066920363
57.689661377536176,213.23167095830928,78.55486127060148,11.403443016965989,0.2063898597281714,-0.36165515693624983,0.0835737008290272,89.1980711227091,-0.8785964649220988,-0.46848368156488107,1.788271771921165,-0.15287470752392474,0.01764150638528994
57.88945775020494,214.79472389303604,79.14159585080135,11.336079141542262,0.2401157331692034,-0.3572854614057401,0.07191399895060704,89.3781283367315,-0.6779841364364032,-0.4232598203948901,1.7391662194030215,-0.08943099263735935,0.022773338167906245
58.0,214.6014797783827,79.01302886113022,11.440418548760261,0.23519529610874862,-0.35774808900691296,0.07661245721891763,89.54584518829412,-0.6042592735827185,-0.2866385463610095,1.734157303190487,-0.07375884000269459,0.03176137921857814
58.688643577136745,213.78540775533736,78.42366096390332,11.602830740768256,0.2114867734071777,-0.3561003884338061,0.08826512399201852,90.89313397900415,-0.8637681503568424,-0.3020777012310635,1.774341494204924,-0.13946796516709925,0.02863513537560045
59.0,213.20772705991232,78.09572171209439,11.65182529567344,0.196670498380802,-0.35489933033608717,0.09006747393729217,91.29756951226766,-0.5554139749691731,-0.20940831615871944,1.744269874178767,-0.0730026920708381,0.03473478840274469
59.08823669561441,213.40638675001597,78.10817362065103,11.752890423184313,0.20104903846432617,-0.35655546698199675,0.09649869788798875,91.43000086139975,-0.5149063738992113,-0.22345229497214622,1.7369729206934899,-0.05953807000639984,0.03285882548855404
59.687626634950504,213.28413410851192,77.90089776406387,11.532788133791444,0.19429099945676165,-0.35036096588588933,0.07607274388298238,92.52778050065565,-0.7008572203421713,-0.14369015331603835,1.7490395347155074,-0.10581084740246627,0.040662150535967626
60.0,211.7609520569982,77.20686042503549,11.673326381647957,0.15895935116931498,-0.3496426638877182,0.08359876559496325,92.48923597154165,-0.09224967955932739,0.14658988310634086,1.6292205743410761,0.01891499412311899,0.059300614657583794
60.28701689409922,212.81809708472846,77.45619413919165,11.6152483655833,0.18327253536083793,-0.35191608857163076,0.07380499965341095,92.82135759379216,0.09593668798347069,0.19324349504228877,1.5838031268356798,0.07544548369838354,0.06342234663923317
60.68661058120771,212.61637502570196,77.26229500031195,11.594764654372028,0.1759760733649875,-0.3488279305150895,0.07091369676160603,93.51124087561533,0.02710998612998211,0.22653820990617551,1.5906280937983142,0.05109082848042076,0.06502222288541609
60.88640747983088,213.16728713853416,77.32886717839065,11.626967904235634,0.18913847029449726,-0.3525011903732336,0.07050664524083916,93.71937064015867,0.20435176286638068,0.24209566098739058,1.5548908925090748,0.09977970447684693,0.06592320013393425
61.0,212.95830703329284,77.25025842989413,11.413338180892138,0.18334683760054787,-0.3498409705420652,0.061229828292873156,93.20166097050466,0.0024270804384738387,-0.019303305473479165,1.410001993306107,0.05467032100997442,0.04885694207131238
61.286001388515565,213.17573379503108,77.15860337218653,11.381886640782026,0.1886299015892941,-0.3527686192948748,0.05701488237357165,93.55676845951369,0.08140750277366733,0.0065128787240734285,1.3832381817783785,0.0759561728339154,0.05114732909022082
62.0,213.3979011311968,76.91741749733369,11.535138163751409,0.1908823916307225,-0.35410449422500173,0.0621487027039255,94.22233585015196,-0.18022269627703075,0.1589019805322561,1.2844381267103615,0.01713055021978023,0.06077642964865216
62.085189659074324,213.5729474926622,76.93211441876842,11.773255976280076,0.19381097131702904,-0.3557095642416883,0.07923770565813673,94.32589685567602,-0.13429766324647222,0.12003715192625447,1.2776158733938263,0.030847594660946293,0.05559861185135642
62.28498682270666,213.2626396290824,76.86411548068355,11.915510068788995,0.18200432782678957,-0.3484289832895555,0.08988613673097695,94.68988765931311,-0.27496618579347404,0.10225392971093904,1.298635227379975,-0.012084798632341104,0.05261520258951053
62.48478402528729,212.52239815840775,76.64287157706389,11.932075847264434,0.16084324830362187,-0.33989564944481265,0.09244355000448558,95.11700132516219,-0.529804630426229,0.10414717656603573,1.3374735892401288,-0.08620539647960698,0.0517989662795832
62.68458126709636,213.58472012697686,76.98713937830969,11.882478244411972,0.18410620687870907,-0.3397882029874192,0.08322729967692039,95.2397778743972,-0.36207155726948126,0.1431991790959366,1.2867736042900497,-0.034302961054211434,0.055893822325651064
63.0,212.3683004365263,76.4461649994091,11.937012233129831,0.15518430583591164,-0.33628871140775407,0.08643917579544515,95.26681900881465,0.1995778530117197,0.30691600699688987,1.1961945459605547,0.07596873074709024,0.06620990696218197
63.08417586953372,212.33302336122478,76.48109256617695,11.67552505758726,0.15333171441738594,-0.33109810283508495,0.06592425394077867,95.38509745724231,0.1322239840846248,0.36515654071936765,1.196589917377575,0.05425653701192588,0.07257024146221386
63.483770632313295,212.3455563707035,76.3289162867083,11.648192415809246,0.15251305396201206,-0.3309486234182491,0.0619879943920391,95.85926538846738,0.14319551620057155,0.4049389257443017,1.1719003666796894,0.05369152828494259,0.07523742410315042
63.68356807456037,212.55449686368624,76.19925617197096,11.475185713616023,0.16082064916777597,-0.3377812556436531,0.04723750773576385,95.97410516511785,0.29576072574853074,0.4610248566717914,1.12518142750944,0.09567483079712279,0.08078784772421317
63.88336555777332,212.55132035355948,76.20637475283921,11.504409711829654,0.15765314118469162,-0.33300022205406926,0.048718343071990196,96.2595053972358,0.22202627523336538,0.47314889250809794,1.1289908290441917,0.07138749463314385,0.0808223061663141
64.0,213.47453750655885,76.48613922731094,11.329545947698495,0.178158504628447,-0.3350664358585415,0.03943334483057534,96.2445765105253,-0.3784640198119502,0.17682051228854911,1.0880171165452586,-0.048049401749464676,0.06148728465109418
64.0831630822514,213.35179235873173,76.53102265796142,11.478941255688477,0.17112481272393193,-0.3285195263264962,0.051010708290907966,96.41538376295694,-0.4822665242917266,0.15257228855146196,1.1067090435443705,-0.079629063129715,0.05836729690541134
64.28296064829678,213.28295047080388,76.45011610173417,11.54296650480481,0.16788762294475632,-0.3272063065779932,0.055564290454762466,96.66465687320272,-0.5322221126396655,0.1522420217205904,1.1014247710191654,-0.09187531328756733,0.05769949902505513
65.0,212.7252450741198,75.9483909536645,11.884230803129718,0.15301744926740304,-0.3272185227244179,0.07018069005938825,97.27199782126453,-0.3403789188079115,0.6064725881995772,1.016357136831837,-0.049396168906270514,0.0856193380737083
65.08215133429584,212.3620469090001,75.83798884732877,11.893725484731403,0.1428306507595102,-0.32324341172240456,0.07190736463890043,97.4291197568675,-0.4513074998401161,0.6083959428999984,1.0329375268738656,-0.08342728139593332,0.08506599485286276
66.0,211.62559235001797,75.28782906271232,11.913615139364975,0.12256914693702764,-0.3182442003537076,0.07064682244461731,98.84711561296072,0.5860338695643436,0.7421472459380888,1.0649397286054332,0.13433492806113115,0.09173624638146029
66.28093866353493,211.0181424040264,75.09306326449986,11.78026427166049,0.10503716334821958,-0.30880584605055345,0.06094610501900093,99.28584622681666,0.3872939579312228,0.7914037679531157,1.0888077956477857,0.06654992764564698,0.0954014087794069
66.88033293240088,211.70786109041998,75.19636802361765,12.18050359953629,0.11608007280472236,-0.3087587733149955,0.08698959456049808,99.88687988897837,0.5642658084794039,0.7792642901193025,1.0380176848267493,0.10925948088651172,0.0895944929611742
67.0,211.82205180190712,75.16299566375363,12.311302296753226,0.11886515887518137,-0.3107628741214194,0.09222677632177476,99.99140082314598,0.41209372039834946,0.921289634552221,1.025494218753905,0.07736233390339094,0.09823263053903794
67.08013111379711,211.66139008045423,75.0968324620525,12.28471762561715,0.11456412309166226,-0.3090081253372537,0.09022864457611598,100.10193467219486,0.37156355153406956,0.9336909835812307,1.0288169683483275,0.06373675026430317,0.0989918295523078
67.27992934165984,211.87532285926872,75.07325520129314,12.512681155345497,0.11870407087674562,-0.31198246925240364,0.10606204725232535,100.2828927835998,0.4581298718354008,0.9140196746633766,1.0077190062101011,0.08711995122739931,0.09540019182546866
67.67952593819948,211.5134613457894,74.88651812926545,12.503446299505633,0.1071729895628364,-0.30576613484442916,0.1035293895794843,100.7963888775505,0.31338342677415215,0.9580614253728286,1.013154341919907,0.03863356521325714,0.09708904556609851
67.87932430759246,211.2082569637209,74.71112334895597,12.490730797284803,0.09964422612821104,-0.3042811464812617,0.10229056938392941,101.06049749708153,0.2261277374815432,0.9799307435329955,1.0177315353795087,0.011610477651154128,0.09786995639939278
68.0,211.821497865918,74.86606745229386,12.381796816092798,0.11375241462888735,-0.30712267698077644,0.09571522552266824,101.51874325674729,0.033025552366726496,0.804552074639291,1.0763397294393184,-0.024698228367480174,0.08636446889713573
68.67851826784127,211.66058581377007,74.50123409217568,12.675567479325936,0.10887616919733896,-0.3107809025549966,0.11521297213608345,102.26465600391474,0.034088565557081965,0.8111774763681124,1.0441228662788644,-0.023573489385145578,0.08182800951449286
69.0,212.03350201767324,74.47352305773491,12.771693368627522,0.1174806817597186,-0.3141665736938444,0.11634953702618049,103.81986076504647,0.49696416530375276,0.9201552491503031,1.2728655620639238,0.07380366382141132,0.08722780732901082
69.2779142553234,210.22732526333186,73.43485020789915,12.977141416081059,0.08166804810875147,-0.3230965496424847,0.13905188646262792,104.33417089171292,0.3554152722412488,0.8824168763503271,1.3108941250176105,0.024659754851742717,0.08057773188818727
69.67751183240202,209.9529439036453,73.05205738822178,13.166977972027532,0.07767918182397894,-0.32996831449859093,0.15152243688946615,104.84642040861111,0.42227652026096496,0.8810749799207453,1.2953816799668938,0.03935825154402721,0.07791752008000365
69.8773106977496,209.50819153005656,72.67328519901059,13.269037468742853,0.07058580282848348,-0.33621170761189034,0.1597382997812237,105.1156894729084,0.4491088388969583,0.8729269120318883,1.2920908020816175,0.04392394809873137,0.07518344215548581
70.0,209.65149065807276,72.66352403912394,13.349659273524196,0.07384151518762895,-0.3376854821576577,0.1630142829011879,104.60698852205027,-0.12358332046148085,0.9068315429922984,1.1509404092872706,-0.07380488726788526,0.0771740159343408
70.07710961483703,210.031082087665,72.6923817159562,13.522395970622549,0.083790278583563,-0.3439488750533623,0.17426779721711008,104.6221520233843,0.004103684465239871,0.8866687575924496,1.124736234710256,-0.0338306683479885,0.07423976247616632
70.2769085840701,209.82460352950358,72.38535733222211,13.6415594737609,0.08244174297144721,-0.3517240238156685,0.18243357222595497,104.81376395230383,0.07023465860278519,0.8805267901323297,1.1049189886329112,-0.01387061661448772,0.07194796111963199
70.4767076058588,209.03629504748758,71.609012533831,13.828633487073935,0.07429810708017762,-0.37108826582112603,0.19932768539471368,104.96990858641945,0.2239991633022133,0.8492354558745342,1.0756880503461652,0.029788748907107726,0.06684344317403126
70.67650668061732,209.25201716232064,71.82201468955098,13.829039545809502,0.07323692995901657,-0.3602983955999205,0.19462688561003913,105.26702334292344,0.0867640071163015,0.875663193451247,1.0889251117478733,-0.011154421335510156,0.06877204009328039
71.0,209.57140471182578,71.73708169786427,14.179445309435073,0.08114612537313148,-0.3653696318493976,0.2071095159363734,105.70557707318788,-0.1739769487922163,1.1973580418507033,1.0882587934953276,-0.061963042808137844,0.08843603274198579
71.07610499072184,208.64228272138052,71.36094390302397,14.115238718060024,0.05999625506451266,-0.36157084638365866,0.20506319603161763,105.9189090484167,-0.36714208778048624,1.206227181149206,1.1249157743116338,-0.12221008449547091,0.0887475272743531
71.27590422691769,209.1037848637265,71.61898144663577,14.102202840130014,0.06611751096914507,-0.3543515254802966,0.19807315460644212,106.1461147836312,-0.42243913188310617,1.2427088277001495,1.116601630791837,-0.13439962838079325,0.09135103675966649
71.67550286375418,208.84426235510364,71.32910074391408,14.161482169749853,0.06075484265184184,-0.35535838236574313,0.1979573251359635,106.61877106078926,-0.5179169004129153,1.278713659502159,1.1064609299035961,-0.1541608387597689,0.09236866263881426
71.8753022652713,207.33164894073388,70.23756672899562,14.326239899201653,0.0374567098771318,-0.3740461164751502,0.21719190580657236,106.88810754129938,-0.524127629116825,1.2403622951863786,1.1109304777524134,-0.15355946027439027,0.08620785048561087
72.0,207.57696029778108,70.31775013959776,14.258235161244738,0.041941472254294426,-0.37281351727282663,0.2123162963914976,107.16844089560935,-0.5136796956463874,1.1245203998120674,1.133880707503152,-0.1491943055324343,0.07846839655309105
72.4747008075735,207.12243931712965,69.84955659385493,14.354513704089392,0.034171132688857644,-0.3769422349657697,0.2146859901382085,107.72693016282173,-0.608583214905944,1.1543468584665022,1.1210819327694133,-0.16615147766924804,0.07818590800536333
73.0,208.0530415793605,70.10419789105713,14.220694719222408,0.051556971760957214,-0.37400557629734754,0.20200298022844299,108.55892661745813,-0.8945626038243449,0.8162278467688986,1.148513079101703,-0.21525282905847903,0.05561316957260126
73.0740998660957,209.78736691059578,71.08141789902398,14.316801786188075,0.08119537219308699,-0.36257296488479457,0.1987660741298402,108.54218432112896,-0.7943184186229957,0.8336796895252917,1.1132997754064418,-0.1783949424447703,0.057362684583103514
73.27389966916229,210.38169819703728,71.27729682702297,14.412501319696913,0.09295613467953334,-0.3625916388067288,0.20029722460643062,108.69153216058801,-0.7292567567136338,0.8433520138299861,1.0821927332873749,-0.15107610872677835,0.057832125309552396
73.67349945349997,209.8825501781321,70.99943576267572,14.40596763823801,0.07862988746641103,-0.3559348474238341,0.19558433924920124,109.27852029495422,-1.0273072248776116,0.8768250963463994,1.1106530751098818,-0.22799392618736358,0.05946794750478753
73.87329943574406,208.66153249874606,70.14288624357575,14.467011515251157,0.0588251802051061,-0.3677900179122803,0.2051397925062581,109.57551041459365,-1.12136432343515,0.8586371848115651,1.124966300431442,-0.24904982976635742,0.05590190543407393
74.0,208.10723210616047,70.07688343750276,13.83464788153018,0.042932344096347705,-0.3556411871171369,0.17563259691594735,110.05339906522136,-0.21480313878912838,0.212238762436183,1.1934100694872125,-0.06738884152814156,0.01518590359370308
74.07309947869561,208.0799556711971,69.96427164881574,13.891020801850729,0.044209128105052224,-0.35978496727127696,0.1797250887235152,110.11207876188769,-0.16658766976313782,0.20344887226959618,1.1820158625413817,-0.05131193153736048,0.01401108521933131
74.47269974872464,207.4864584511346,69.53932120460681,13.904532488404488,0.03154776587055305,-0.3593709637554618,0.17825893530752684,110.67390120655105,-0.3144713072004133,0.21058986702714827,1.1968778997138592,-0.09317593702109181,0.014117002090314091
74.87230026764789,209.26790708713256,70.51125084849224,14.011489305348855,0.05983141607107455,-0.3436446174254586,0.16986312865117528,111.03227431766842,-0.25523241340410086,0.24528238958945464,1.1508693100435299,-0.06726031808615185,0.017540421034253902
75.0,209.65132194623078,70.66034278322601,14.232647471046505,0.0664228347551098,-0.34234360156693694,0.17565481772576996,112.80445587968194,0.761850340170843,0.5291196908529454,1.4760994856235248,0.14344890545949435,0.034535364841529304
75.27190103961397,209.39575932974748,70.60097924956519,14.154517339635373,0.05643139519698688,-0.3328979596516511,0.16586044611019451,113.32474490464165,0.6040629209686623,0.5617104934158214,1.512416413335084,0.08482855641634021,0.03741337476368495
75.47170152180901,209.1604166074987,70.35519236636227,14.213360103204646,0.05301100071229167,-0.3365131323868251,0.16980715102327043,113.63044148156166,0.634581856681469,0.5583489228228186,1.5139408101246021,0.08909428560262128,0.03627183210902634
75.67150206886139,208.5058619057853,69.88299284470321,14.223924446554511,0.04193898664161696,-0.3414442010215973,0.1721794021175161,113.98568355135305,0.5998900447279202,0.5569324651658818,1.5299925447294658,0.07324391650622833,0.035122538101289236
76.0,207.86457222861566,69.4951623190496,14.128804899796902,0.028681985791957625,-0.3402508239334155,0.16675009529799353,114.2256190812942,0.7944081348785448,0.4682223497846896,1.4797527735124258,0.10475622990025357,0.028771693493285858
76.8703067440776,208.4125214143446,69.50139874633395,14.308468862743268,0.03784745763924883,-0.33749662876650655,0.166230284896702,115.4527895645738,0.9563129827227033,0.49688221313497277,1.4583638416143194,0.13026850844542728,0.02934429932793869
77.0,209.44206676930042,70.02643900935705,14.26118665192239,0.055533946989433064,-0.33241876108180674,0.16034860270573018,116.41068964259502,1.1773683345884016,0.3250297062540518,1.6125366600268056,0.1762365609912399,0.018562793215846203
77.07010776070811,211.12081178735963,70.91791853215541,14.416871959838852,0.08612207085216314,-0.32655437101162454,0.1618158865202509,116.37195592735239,1.3815182602969913,0.3285696084267593,1.5644704220124326,0.23984815847307328,0.018923280378031083
77.26990884672051,211.70767796674428,71.15495137674985,14.457476589894853,0.0971738603207857,-0.32485107649791667,0.15875051343761076,116.61613541875741,1.5055007379820553,0.341924979974383,1.5436806280644932,0.2685276623969654,0.020504280077699492
77.6695112292732,211.48971477781853,70.90153811815148,14.527391825646612,0.09165423582339972,-0.3249551150628314,0.16101289433188762,117.28195322798544,1.5612461353079317,0.34336186771372124,1.5580862604830086,0.2623956717641747,0.019851653733249736
78.0,210.6938844611307,70.39884046975226,14.541713834497955,0.0758212588597592,-0.3254104436800355,0.16038325829941297,117.89907551985705,2.13776487459989,0.43167194727914027,1.5812841060790361,0.36643189714529956,0.025113319112936867
78.06911389656665,211.24892094140645,70.92917578980858,14.469921767228135,0.07890286105525765,-0.3093515996845453,0.14832539045302529,118.07201844540452,2.0260577004440057,0.46438040187596563,1.6016653004850678,0.32630431010989597,0.028822623059036708
78.46871685354017,211.4607617956204,70.93486707826683,14.506445213364811,0.08156437468922037,-0.3069050761893141,0.14492754693886234,118.70496288205337,2.1525307663590656,0.4852233968694317,1.6018562420860263,0.3365035232627571,0.030397439766084142
78.86832010524417,210.99899420056084,70.55912925137791,14.566246232322749,0.07140994218284148,-0.307748240597418,0.1485486744246158,119.43887787762205,2.1884461848489605,0.48589391225300005,1.630645207224849,0.31737630472160333,0.02914723507366138
79.0,211.97039539461187,70.91708910009045,14.622626575354838,0.09159378049908344,-0.31088321637050925,0.15116675830855,118.3434655996276,0.6695782817291707,0.2972565687042125,1.3618517341320509,0.0074413738355080805,0.016638632035426856
79.06812184322949,211.86735280968344,70.9032679631315,14.528873417882739,0.08826111280924609,-0.30708304231638944,0.14249515107113583,118.46907566060844,0.5973957697785384,0.318765924018251,1.3710523945522117,-0.016249143497299244,0.019268915682329607
79.26792365684328,212.79772527834575,71.43094897030079,14.49273959750593,0.10352722445006149,-0.2986501937697645,0.1298526849489506,118.67297435307478,0.6271052027591131,0.35701239679661056,1.345175386895457,-0.006743280173393176,0.023585640809383825
79.6675275136195,213.21633576142042,71.47879866966927,14.705176463701019,0.11064557626841551,-0.3004783887324303,0.14158833344403832,119.15275986017673,0.7431232986904321,0.3375383460051007,1.318470796001602,0.024576128722386112,0.020134481984053296
79.86732955813252,213.77695171952334,71.7592274535454,14.642861188849734,0.12051361493045085,-0.29562814012671806,0.12927463718824472,119.34173673683972,0.7773581102522413,0.37642067001290025,1.29177045171956,0.0333808955892167,0.024002237099146253
80.0,214.85640868750056,72.29856272893882,14.612988528188486,0.1394464668751024,-0.292005552531604,0.12486300443250924,119.7127192158555,0.554749495525467,0.18144234060016573,1.3251222246323406,-0.00860618759292562,0.011728163934359725
80.46673616443731,215.35144565571233,72.33025976391427,14.803541385530538,0.14881685518340199,-0.29506017967997333,0.1337809981791707,120.2446284116971,0.6913575585805243,0.16604702006767597,1.2861151833325668,0.03038863001934721,0.009535369983335736
81.0,216.45664003441937,72.73396903639056,14.884706687374903,0.1669514814628909,-0.2915336570321384,0.13100605615701086,121.72184314140087,0.8822154880089933,0.07607632487328,1.4285238386146089,0.06818870047132776,0.0038766992083077486
81.26594610242527,216.4087878243885,72.7386813436616,14.753280222550641,0.1624096957355846,-0.28369901433682654,0.11625642907326698,122.16470215599618,0.7593707760897654,0.11310714271576827,1.4446981379094317,0.02463983178488493,0.008139608358702909
81.86535442870631,217.11907546985577,72.93267626039281,14.690282578598357,0.17496033133293418,-0.2793791760965839,0.09946357518349247,122.91267448319999,0.8310338703062828,0.16510664358820562,1.4037248486935308,0.039216526226753964,0.013697113213871697
82.0,218.15045332821956,73.49481689839321,14.549961638144602,0.19175851985165465,-0.27383246841170145,0.09058019724681708,123.1347547232404,0.524227978427699,-0.16842360304960396,1.4062036225639474,-0.02180737564702078,-0.007391602942030945
82.86437002941578,217.80410752216787,73.00440191732883,14.713876192002079,0.17987710063606527,-0.2746345986104088,0.10203392236755818,124.470181774613,0.39998222515751336,-0.20708380818712502,1.425264479131781,-0.06127784915745539,-0.011181225720044308
83.0,217.87711074680723,72.93729313220908,14.862722173653056,0.18208197312081245,-0.2775970576785708,0.10875758553797818,124.18525536485865,-0.13460814158935863,-0.08867515089230098,1.3253614836419934,-0.17009453470421373,-0.004014183367189178
83.26397689151685,218.321130636094,73.0914586876324,14.906666431161378,0.18934325991348536,-0.2759604864347912,0.1069651323522917,124.49012013233452,-0.13582769204145442,-0.0837721785867098,1.3046171333265713,-0.16271980020343832,-0.0030285197658551566
84.0,218.43533331629004,72.75932842599906,15.305750148843083,0.19168477710337828,-0.28211712197334743,0.12143172483384833,125.3292787430581,-0.646614890594574,0.29065770022877363,1.257894429510493,-0.25811799475113495,0.02062990731124815
85.0,219.99018972377567,73.25544916520113,15.440452702505597,0.2155088389655952,-0.2776920831725354,0.11880641023975512,127.00666910586833,-1.5731356813290063,0.10356653471460436,1.3093589939977923,-0.4212853394754371,0.007246321663046441
86.0,218.72018436032252,72.07305483284898,15.62518110985594,0.1905592979078562,-0.2843673837157566,0.12454953429861973,128.3907947596345,-0.5810035153263191,0.47223586606016854,1.2995119644698534,-0.17673943043908358,0.029345231878121467
86.06123554529955,221.14131597469517,73.42814737102768,15.743313922117634,0.234287044256447,-0.2755177857243569,0.115340005513343,128.2446379646155,-0.36410770561569394,0.5050665052830302,1.2276844862226037,-0.10626230391988867,0.03350833636067684
86.86044253204561,222.09448568899484,73.54749881131092,16.11869033171702,0.24848186817191198,-0.278922679942134,0.13263521927695696,129.0745913592457,-0.23259012195589857,0.49063683450600165,1.089321310962846,-0.01270736713613399,0.030382759093133486
87.0,221.81616141514684,73.34025878795705,16.069960963215934,0.24270100736466124,-0.2789813210723001,0.12991693572393784,129.5474064673303,0.26222513247800505,0.4858532211151938,1.1357457546842344,0.09356705325518441,0.030016176646169145
87.26003598825993,221.7756743950749,73.36662640365415,15.908230359171421,0.2380464642819999,-0.2707473155167676,0.114629374710898,129.88922522210132,0.17140299840754586,0.5301611987766627,1.1147134508176355,0.07645600521698308,0.03463991470770786
87.4598303070778,221.30123696131005,73.16353895191773,15.92432456998788,0.22408571352510404,-0.26590360667452234,0.11729379447249991,130.23426328074947,0.04407533008251044,0.5286804876648743,1.1222882879599263,0.047445117955804444,0.03308701629750251
87.6596230605198,221.3558429190512,73.10313699672992,16.197120391933332,0.22219063363213765,-0.26818675812927273,0.13680160161667135,130.4854820385419,0.09317778301980928,0.4862761645180504,1.103271013863698,0.06795187875185162,0.02723025403562625
88.0,221.67522461042736,73.20795735616309,16.09203424439698,0.22508864860594874,-0.26464855399489595,0.1296634115786804,130.67178826091566,-0.0185995167001195,0.25916375866628083,1.0209523754311882,0.05708079897085555,0.013215098399553194
88.05920399674736,221.94296879548492,73.34730733677878,16.059418366601196,0.22992318038999957,-0.2629618456843354,0.12461232612060197,130.7057750526029,-0.0010686310109195019,0.2727252066530093,1.0049539230947382,0.06423925586072383,0.014941569012498853
88.45877905299486,221.44588507501047,73.03798510248332,16.020151440885737,0.215837876478461,-0.25842531479779407,0.12147822853624421,131.217297317222,-0.12742153444854892,0.28401154906095094,0.9828562110129563,0.037500068098339535,0.01529368356505508
88.65856445840365,220.18699844314204,72.28821731899626,15.869537029349697,0.19179800120345572,-0.2598110972203715,0.11740474428620182,131.58461240736887,-0.3290429353581954,0.2913598509589071,1.0045212436704554,-0.015429697026123644,0.015205548537747663
89.0,219.68955988858627,71.82473708595509,16.086619079024857,0.18292389918529423,-0.26411905684025616,0.12698568243915095,131.88833258935986,-0.21560675898243226,0.6003622410970217,0.9532417319675854,0.01552555891291926,0.03404503502446119
89.05813119294776,220.30222154237254,72.20074721286746,16.06836395637944,0.19309282641831094,-0.2596525926810118,0.1202498478737408,131.8943747890129,-0.1836788090920409,0.620609287569499,0.930350909436677,0.0272684345158717,0.03660042300706723
89.25791259134799,219.86803474890263,71.86206924492927,16.196625252656776,0.1835981308741102,-0.26277920453462184,0.13202946091462453,132.14116418240638,-0.2088808131496923,0.5978046879739951,0.921274053312916,0.02283759245469444,0.033080850262397016
89.45769272424604,219.99256481818324,71.82358624828512,16.37782715280519,0.18484651343930117,-0.26529897453305534,0.14363900140568658,132.3140458428208,-0.15126248926037156,0.5764457585750349,0.8909724581504419,0.0431380500768003,0.02995978874216328
89.65747162763604,220.55549276920405,72.08460677649457,16.45974719119218,0.19399250001623453,-0.26337648607447334,0.14369314984692483,132.42359369766305,-0.07160003547788468,0.584915562612234,0.8438066432431283,0.06926547099810133,0.030684451530839804
90.0,221.059151089877,72.23169990117464,16.50282051375502,0.2023310618248598,-0.26255054543046497,0.1412416823883363,133.183531913338,0.14369617554741784,0.5552420746926863,0.8901413766842599,0.11838560214986515,0.028135042076309118
90.85612131453743,220.25056745306333,71.56587407190354,16.673507258474924,0.17817454139409006,-0.25975316129132936,0.15254805649917486,134.18659195317423,-0.024635435925778326,0.544888353133068,0.8567337904485502,0.05569826571304051,0.02369706475757384
91.0,221.03381985035193,71.91045970127075,16.736191117356096,0.19336437171154158,-0.25971419132061646,0.1504822057497256,135.37463183014725,0.40294516518381646,0.5466966391435837,1.0526775704555618,0.14641691137939894,0.02276650522662402
91.2556630972995,221.37550512134038,72.12926363156791,16.69156471458438,0.19608492793830987,-0.2526592752343419,0.14087265382373113,135.64767134105014,0.39021642217687075,0.5769965964500752,1.0279678574409692,0.13575141920330103,0.02597976225847651
91.65520136091182,220.7917678774874,71.64922616259409,16.594951178612806,0.18438793224417963,-0.25308016350523105,0.1340462458695618,136.14836477984863,0.310169839503934,0.6006048193872726,1.0149843827128926,0.09860414208006471,0.026697121581483498
91.85496927790179,221.31972325108126,71.88250217004854,16.80557251356142,0.19227770709044822,-0.2532737428464523,0.14478714185362002,136.28265601270138,0.45069872883911566,0.5811931423352831,0.9743781592385108,0.1345846110860907,0.024206530244807286
92.0,219.9926316740653,71.05998089860333,16.8199570620527,0.1685213678334665,-0.2570338407028804,0.14826207414567286,136.40340713042056,1.054596127284131,0.8312198045638708,0.9585035088286763,0.25037722340750246,0.03956393318174409
92.25450289735927,219.6405006230093,70.77489144142746,16.821807250486973,0.1606501167698596,-0.25734710599823646,0.14864669995629373,136.70703077008042,1.051566889901737,0.8381923459761784,0.9502459168402393,0.2330560994470433,0.03954474312077771
92.65403385822711,219.2360238467763,70.30181538513463,16.91630814286504,0.15421086762584874,-0.26358251680276834,0.15609235981174416,137.10958568075506,1.1540052608096503,0.8325337040989809,0.91730031616706,0.23907372671895494,0.03696315936392792
93.0,218.22390527833758,69.66376426927572,16.793543951526505,0.1342664812765504,-0.26266612562801306,0.14944457869772382,138.15358212725948,2.491314016835109,0.9181423369081192,1.0334072006945414,0.494535414518909,0.04187875382189282
93.25332708620742,218.0428803672354,69.39180377507874,16.838604076979625,0.13265329940166634,-0.26714256699594036,0.15237531619041184,138.402952319783,2.6454322382052218,0.9206836214099993,1.0073692335483204,0.510274827411956,0.04124651137963034
93.65285301037609,217.79845239354546,69.18760239490733,16.921508942378136,0.12344744156845672,-0.26430409869824956,0.15641885794620336,138.92159221565024,2.7303815275557346,0.9247099278135191,1.0064823400088903,0.48478456844073,0.039842240528482356
93.85261544245179,217.14450456249654,68.53385343644939,16.94759858647314,0.11693397451258516,-0.2758509661583339,0.16333970221492844,139.11380364814573,2.8919367094121413,0.9107510773356017,0.9873660034804382,0.5062189052908934,0.037361760170223156
94.0,217.4106041839156,68.77754190630458,16.752401863764703,0.1183617154221099,-0.26833346941442116,0.15025159153420445,140.1540809195258,3.8541985355410313,0.7110992241319697,1.1577582633516852,0.6910355204903573,0.024884143250984033
94.65166280012927,216.27860438939706,67.67731393113135,16.80483191297563,0.10152869172402779,-0.2811903295219888,0.15902947263222278,140.99185023078576,4.271952612381822,0.6970975056673182,1.1420655733472562,0.7008668947818149,0.020593841543423724
95.0,217.59035014623456,68.22583636624343,16.844858754608854,0.12725469140830994,-0.2821670180929199,0.15487750707642153,141.5518041570894,3.8184779677821776,0.4432530232970685,1.1475195799257278,0.5747214532360699,0.003815601303933318
95.05118577568444,219.32604817096305,69.64496734614494,16.98264688809229,0.14656268090114336,-0.25914823310343477,0.14696502893240296,141.5733651062182,3.8249640781847294,0.4717527507810567,1.1318505716045963,0.570537587008721,0.007689945852867893
95.85023245067981,219.0495234640266,68.90396421268204,17.04877434652552,0.15022075544350716,-0.2742932599518579,0.14836665341424257,142.29471162414103,4.495490563377015,0.47289050786961256,1.0333489771189794,0.6372545720054513,0.007016662534290848
96.0,219.50020302056691,68.8647801003446,17.32023321576161,0.16483880769913353,-0.28425822706317944,0.15814035968331105,142.9635833089164,4.326238461773988,0.717688741347267,1.1221236253571132,0.5913576279630508,0.02141184921145453
96.24975703577648,219.34535015728912,68.4501584504127,17.29260281874101,0.1699202525598954,-0.29501774994913066,0.15582102643442747,143.12852684587133,4.602546646512598,0.7282056911714946,1.0725706597327185,0.6315282903838547,0.022294799431393526
96.64928306177148,219.421260460297,68.03246093684038,17.138694459544155,0.1842264645099475,-0.3076182830503079,0.13921441325246076,143.27593805248026,5.09194635757228,0.7812397341844078,0.9662459427607402,0.7044310863737067,0.02778361442916586
97.0,219.20813795904724,67.7663858252007,17.272081747248613,0.17873103186378278,-0.3082075701346999,0.14373294286536098,143.590164712227,5.472959930495619,0.9443776036248369,0.9370500311071253,0.7335664078284853,0.03738573264546756
97.04881099960085,219.99709998040262,68.41909881564553,17.294567732287312,0.18756680229805325,-0.2967533208764129,0.13585337948811485,143.6149965040998,5.482953776227109,0.9693940984067079,0.9266492063414318,0.7271960723972878,0.04044769500619911
97.64810754875916,217.52017500683985,65.83218836722023,16.99307398470734,0.1694147998972431,-0.34043090535148707,0.13546137870440303,144.03409817703198,6.138379890467634,0.9791712238031107,0.8457717606019971,0.7947302598759656,0.03931097863602537
97.84787455043683,214.7688187119524,63.23760894170212,16.553927331746117,0.1481555527649242,-0.3836336742435937,0.13006541026576465,144.09569929857727,6.477893919731449,0.9835121506133799,0.8001327619148155,0.8469331655944683,0.038632172167887294
98.0,216.05661795022866,64.39176828834587,16.45723280780681,0.15780585141041148,-0.3605714792425288,0.11577754644008673,145.43954319228675,7.885398942963754,0.7131573263745089,1.036416719493669,1.10910834124873,0.021512992568177992
98.64695167778076,211.71192419792223,60.107815528695,15.588364552050935,0.12654911617632159,-0.4273619585895806,0.09087315064335748,145.89800642273684,8.841395671430508,0.7625372428886033,0.9411228393141656,1.2014873901854042,0.024921474885336282
98.84672356491343,212.9861654338805,61.14335077058067,15.89514400152433,0.13563473152980215,-0.4097127953292343,0.10000037453359055,146.13906973618316,9.033504850916605,0.7516945785268622,0.9437381175909477,1.197401170568543,0.023137886386162345
99.0,213.5759879697317,61.836804535462576,16.226402452136618,0.13122309423941864,-0.39218142045966253,0.11188545025123255,145.76076074390778,9.273094350637662,0.9156855501367847,0.8322654003826303,1.2100564374285732,0.033435858136981855
99.24627092973249,214.7229669849611,62.78135571536979,16.604212638212477,0.13661878216592796,-0.37558860656784304,0.12774392220483619,146.04453518531855,9.524562562711164,0.8920738682003493,0.8389931255003984,1.2058952358776716,0.029787739732636105
99.64582353331511,214.30664701971725,62.12088358105497,16.360364126579906,0.13910800749253194,-0.38439630204786185,0.10845246482024094,146.2391273463316,10.071425414221785,0.9510436510477047,0.7710245728315277,1.2403620203636725,0.03553395100249168
99.84560197110345,216.05128901193186,63.56868053950345,16.73856032333433,0.15295030354359027,-0.3606031083781603,0.11708683048838756,146.44299565770163,10.251528977181286,0.9470065978566077,0.7714475088286156,1.2281991829732224,0.03427819943025623
100.0,217.75559074443936,65.06678686487247,16.774041802079932,0.16678425400656152,-0.334083121379825,0.10776175540194353,147.24359239772897,11.288583825474188,0.674549760875143,0.8985046722645765,1.405449443604848,0.017464336771880817
100.44494666474496,216.95500448607186,64.15147579874926,16.682883084023217,0.15863377975395204,-0.346211951631756,0.10731855707498893,147.63317810066252,11.951367048978618,0.6778129156084494,0.8700897883645485,1.437385033200179,0.01735980608230255
101.0,215.1356548779346,62.035153680695856,16.104505440065765,0.151243887379415,-0.3800994879652727,0.0884898004674787,148.2423620609537,12.163875995126462,0.4412381353947306,0.8642800911068818,1.3460053779006633,0.0012854530469061359
101.04430691613187,212.25599226346435,59.5460063159489,15.749863268206775,0.12043905039079497,-0.4185142831024531,0.09640902911108996,148.32509967794093,12.297600672693655,0.40362128184632023,0.8733058693158524,1.3722476163928632,-0.003935408164881538
101.4438900179755,209.77482402282587,57.12237439327601,15.193098150185198,0.10104065899480821,-0.45336109821127135,0.07860316227044233,148.57146007547232,12.960396465295203,0.4299110809218718,0.8193058948575714,1.4229280971118434,-0.0014034608225078843
101.64368466726454,209.35667565633403,56.65928930489124,15.131352791944481,0.09659136490768863,-0.45877851467432673,0.07779159417644405,148.73746211949455,13.254285511336956,0.4285669987797682,0.8085595186135132,1.433488387177122,-0.001961707347531521
102.0,209.15811203090897,56.180583822742385,14.739523331078905,0.10023474221793569,-0.46480793039799945,0.05890688341566043,149.55098396401425,13.949585573289156,0.09120677755291884,0.8951136361253014,1.4853690952638112,-0.023288268110195777
102.84250057243527,206.842549322639,53.64862163721084,14.085701492897684,0.08384713074118012,-0.4967707508305853,0.02978480631399228,150.10561896795187,15.361596890012445,0.1317212459997415,0.8003363674778756,1.5645843502032335,-0.017309651390454525
103.0,204.696740137012,51.6735619441986,14.12849220746681,0.06270774182647461,-0.5255721309265987,0.043319404094679215,149.71926525620432,14.788710247152649,0.6346517562299286,0.6899112737489611,1.403442943344533,0.013533107824015862
103.04231191503318,205.7986863181953,52.56874083817302,14.332505797125924,0.0745102805687314,-0.5127082629935991,0.045631879727769345,149.73805814698196,14.830824462932966,0.6371465352040173,0.6862045053857009,1.3968512640231254,0.014022239733539572
103.24212593854267,204.607705960692,51.47914136315684,14.201520193081151,0.05938128762842185,-0.5270985475005954,0.05082438071009134,149.92059845657866,15.136756447888686,0.6185703401376583,0.6868893583392744,1.4109587703783488,0.010861775782960076
103.44194271694816,204.84445933771667,51.573645096494495,14.294585780666536,0.06064445821088129,-0.5243445266583364,0.05515450133835261,150.07728434921816,15.409752119940046,0.6112831164169336,0.6826754810455167,1.4114590884308198,0.009619538545790784
103.84158554408084,205.84141402163425,52.19759310143399,14.596803899415965,0.06863901183045062,-0.5125377935529877,0.06662112614284132,150.40507568859528,15.921986990132357,0.5914976740811447,0.6824417289645631,1.3989350800078906,0.006782123751845215
104.0,207.76165780269284,53.84526483385717,15.024862095964172,0.0829764808393585,-0.4868700087126867,0.07623678374511886,150.3793466281453,16.599980504278538,0.5576745127333114,0.6478018269990155,1.4919773052918028,0.004635512652377008
104.04141101549394,207.5843773248719,53.659052824482906,14.95853364193099,0.08217367091231322,-0.48946774480162336,0.07250241937602848,150.38617428819086,16.676408161838133,0.565708926010105,0.6383104047469249,1.4983335215936717,0.005639341194805026
104.44107117567368,208.38277105185,54.054580306873746,15.044932752539879,0.09394994772163029,-0.48107383640138146,0.06544747376322134,150.57193753315627,17.260226366927462,0.5917678053189641,0.5997093497409481,1.4988096924219347,0.008671796878391978
104.64090600903198,208.73143236213716,54.23006146607159,15.123734623762187,0.09770813422643947,-0.4769194373617456,0.06639574275413312,150.69321738415218,17.53553803247466,0.5934302933755049,0.5911508669363594,1.4928250687573887,0.00849602244222947
105.0,211.35245543821182,56.438475851410544,15.975322372336377,0.11246966166180554,-0.4426939832280208,0.09607995481162875,149.43172235920485,18.005737814966817,0.6209705758789813,0.27832498098424513,1.479168154488077,0.008492635134330538
105.24043037778006,210.47524511916487,55.56169149986217,15.6850023160629,0.10569778952621815,-0.4541263788290336,0.07995799084599493,149.41347381596532,18.437400137238335,0.6570128211820686,0.2270042747852315,1.5118071281744283,0.012393103464121693
105.64013054634567,209.87557844611925,54.87438361927069,15.620578024484496,0.09665254417978308,-0.46219253710517344,0.08166589923979116,149.5177686574123,19.100674306734476,0.6525677835376962,0.1953557194211697,1.5376996438825064,0.011040044089937789
106.0,207.59057508923897,52.612833832287485,14.316257028033167,0.08319491659097783,-0.4908389025499148,0.034206143852803655,149.5565269223654,18.747649824702226,-0.20291962176604306,0.1581698943554668,1.36338778514589,-0.042278218451226784
106.03984515578453,207.19408511334888,52.27272502168106,14.211169139808637,0.07881259159824891,-0.4954514764510829,0.03039587399365212,149.5505872229338,18.827199264600807,-0.19811128631396063,0.14840126473322732,1.3740259590420336,-0.041559739406492276
106.23970804109213,206.96172516380602,52.00326758659308,14.295682973134817,0.07165627466201167,-0.4992781814093072,0.043529530563730434,149.65223600360545,19.12748127689607,-0.24134226078709534,0.15419989139802087,1.3812719169721852,-0.04659680590779181
106.63944529296624,206.2945799263734,51.28870462105583,14.246005415894535,0.05965703788849807,-0.5073045486303949,0.0497845133443619,149.77202260595368,19.733515566416656,-0.2822484966292408,0.13784459495268594,1.3986800195915068,-0.05023501067983527
107.0,203.55063605917044,48.782676271879694,13.730501936197232,0.033475568081248255,-0.5383943779928417,0.03974241125085888,150.025691235926,19.438560126749074,-0.1432049127139437,0.1512096895388403,1.2433262811668313,-0.04096786854583587
107.63884558368605,202.92466173182535,47.86273829022169,13.350543070402336,0.03315062663313356,-0.5473438347426353,0.007736340543586642,149.8941592949737,20.38116659265187,-0.08869638690682324,0.07020103390524214,1.3368508919621305,-0.031273529997502304
108.0,203.81043241738826,48.37594551213702,13.509386024511336,0.042411691165859466,-0.5379582252222525,0.009726709103016708,150.00578130797493,21.23082226938891,-0.14529054686412063,0.08226470406686918,1.4352404768843627,-0.03391602465089704
108.4383962048263,203.06437506733272,47.57200273425291,13.285069309879553,0.032921078090744904,-0.54530308615506,-0.00017280119564124993,150.00995918601484,21.926371747835212,-0.14044992617278945,0.059172707744703554,1.4966205769184515,-0.03196395689257188
109.0,204.75455410711265,48.614572923442275,13.813999691572796,0.04747905685956884,-0.5291773167251657,0.017594112497002504,149.1246953662646,22.96714929382626,-0.1361838808220921,-0.13366881545771403,1.5761056544532615,-0.03167661778616363
110.0,204.33070822820255,47.74071930825412,13.962685520445236,0.04105238826585961,-0.533365902523532,0.02488867146858905,149.28028111072217,24.5834104456508,0.13886257751321557,-0.11255299772425817,1.665314690482619,-0.013243642103134987
110.03757207602398,204.22312226472422,47.660882836278645,14.122131091696374,0.03368228891871545,-0.5373315268530092,0.043891219314148744,149.36440808112084,24.68760055045283,0.09105388864759015,-0.08638758349557206,1.681770610989193,-0.019294406553425576
110.43738219588424,203.52270502359858,46.9507019044744,13.993321295640571,0.021656943654196403,-0.5446203474609077,0.042233930121569924,149.34580495716912,25.440452501290242,0.08195675885734405,-0.09981053268521035,1.7462953001126333,-0.020154074798326076
110.83719897949251,203.77977819355826,46.90426854252611,14.086685666521253,0.02521088270538347,-0.5425215880589768,0.04554836797259572,149.31137159233546,26.120614900059575,0.06684629340654513,-0.10846549844883482,1.773796748073217,-0.021352518484836883
111.0,203.1045746513628,46.33870092513983,14.30620243723682,0.015193891707976404,-0.5483245822460051,0.057379509380013,149.67002572992916,26.331335716930976,0.5248441431036511,-0.03884693363227004,1.7754650830690462,0.007075936197857808
111.23702252578124,203.70564151122824,46.62097411350717,14.509089004028564,0.02382049365704933,-0.5429168032249075,0.06581923871759678,149.67862157959573,26.696048856949908,0.5098256261925436,-0.03334490121547538,1.772270808496808,0.005225445682738767
111.43693686536322,203.27355376797334,46.1752764709547,14.25673127789723,0.021341522666541733,-0.5472179743398905,0.046238336084864426,149.5717960900316,27.121215742078164,0.558230905638885,-0.07403889777333339,1.8171952350086136,0.01154415365199542
111.63685293189074,203.7687727369383,46.38389352474157,14.35956367181326,0.030911206424702426,-0.5422468537251688,0.04673989165244784,149.52881436012038,27.41819013129668,0.5630281519414331,-0.08291740648255118,1.8098964062696041,0.012237144505620447
112.0,205.28122181034672,47.23090975714763,14.447538431524984,0.0518252484103318,-0.5296394533313832,0.043043724347268185,149.09196919918665,28.530774488107966,0.1926531386188311,-0.17209472640832232,1.9230449832685024,-0.01047972972292587
112.03669029294575,205.0631961145602,47.0662927027285,14.38217143864053,0.04814259446529139,-0.5318291454656283,0.04013867159431043,149.0826044637926,28.629048138470992,0.19782382117162936,-0.17732875179742874,1.9383516855357483,-0.009606575817674367
112.43653470182893,205.35290681276183,47.02270182485829,14.47111476804724,0.0533244360556542,-0.5291784903657812,0.042802611125212886,149.00398928690467,29.368814994438463,0.18911553390371197,-0.19069139127186688,1.960393825404227,-0.009950370574682371
112.63645957756255,204.80721615496634,46.57489902655878,14.386199536541222,0.040316943284444164,-0.5362293007158628,0.04341418627652867,149.01495438347072,29.890073200614264,0.18158719619791291,-0.19166630913238655,2.0262411080913685,-0.010761388716574836
113.0,203.10579685267012,45.235486458291646,14.379743001506197,0.011621073167181254,-0.5519907506884639,0.05470403699625513,148.58863480111697,29.776687939524926,0.5369009643447089,-0.2814312742669642,1.9042322583267277,0.009868043952336671
113.43617714490851,203.60484249652333,45.282155123259635,14.591841250727885,0.02046200000822225,-0.5482219868123099,0.06600467102045295,148.48094058566642,30.532923612873407,0.5155581286744225,-0.28773719971552464,1.9069083271784821,0.006921690746173194
113.63611110583004,203.81428669021474,45.30094490939405,14.730222173177257,0.022928061817871173,-0.5464836263220567,0.07612255957892225,148.46774974331763,30.86417901966908,0.4914097205450919,-0.27870446893878115,1.9024988637816125,0.0036490722729605692
114.0,204.38971291560023,45.46650581945177,14.80698553492138,0.032830694464776766,-0.5413198360936331,0.07413363934692746,148.5282716705164,31.875914479962532,0.4255163382459173,-0.25900703911094763,1.9883013595610015,0.00028140700750931827
114.03598458198559,204.47536067383732,45.51369018367208,14.92831066795396,0.03182755474261769,-0.5406202433589445,0.08588109693758046,148.57487303399336,31.921966275339663,0.3972493436055793,-0.23955538495852605,1.9800285972292204,-0.0034166488542181003
115.0,203.53492835345466,44.38180661147069,14.590223270936969,0.017418849628977478,-0.5481415839294222,0.07242899438206157,148.32572199350233,33.341437896968586,0.19167655676660644,-0.2782947404538766,1.9612114093874895,-0.016782444229193998
115.0357011183928,202.96905952221076,44.11023496761372,14.71675692110436,-0.004978062628216182,-0.5553729884667638,0.09794263592201366,148.51207856328008,33.506744391542256,0.12510224920603485,-0.22212328155068978,2.002071834819395,-0.025499638565903857
115.43560105966318,202.5934688683897,43.74582748082968,14.811716194229346,-0.018442542535506357,-0.5572304267651292,0.11211858165754272,148.56284224876836,34.33848383871197,0.07542993199365566,-0.19381409590269905,2.0437359589955886,-0.03104051477101501
116.0,202.30796018623755,43.27189465239056,14.777270449530848,-0.02207705401649982,-0.5587785696554036,0.10783553277986181,148.76161996308568,35.43364642660938,0.06898168959032452,-0.14599159513957052,2.0740234766517562,-0.03017659847826202
116.03546545543834,202.10727699927517,43.190691042555756,14.825433432596311,-0.02958018744130547,-0.5587693311866769,0.11703156328780001,148.83160153767733,35.50312584506974,0.04391514352047794,-0.1234199991783825,2.0772249553297213,-0.033446202291027086
116.43538479487786,202.86873256150312,43.341840244180304,15.094293021107813,-0.009054702367088028,-0.550050480498569,0.12742883997020718,148.7383197166337,36.12322510618547,0.00793818564228876,-0.12968286769532625,2.023124849331172,-0.037451359591200634
116.63534740776586,203.701460867973,43.64908444742876,15.3020673317253,0.016793077253880413,-0.536386114930524,0.1324223904351354,148.60725686498972,36.19385482627762,-0.008676430876360313,-0.14835581901894984,1.9154695597488391,-0.03903876626579095
116.83531199118471,203.8506846594215,43.62685846823985,15.338952819307506,0.023003993455337005,-0.5315461976775044,0.13099975546750267,148.53393164997246,36.462719076018615,-0.012354497504382417,-0.16084015150560552,1.8856318223964124,-0.03894925882785227
117.0,202.15344686476203,42.61837494013631,15.228359294607218,-0.012076285009870458,-0.5465208755666537,0.1336547798972823,148.5264525121613,35.93317629585934,0.2945610474272043,-0.16867602051216235,1.7469339666541424,-0.02081893036729604
117.23524709304453,202.31930097808527,42.61978817170269,15.291066430087126,-0.004402374348569775,-0.5375413093695076,0.13454194311895046,148.4600104968861,36.18292405617533,0.2873727127536399,-0.17671261304713473,1.6947041048234788,-0.0218167491926524
117.63519014419599,202.33845091329326,42.41263877842432,15.338047878354162,-0.00334152050681411,-0.5371597034201324,0.13330554535098305,148.37411133547636,36.854387173778186,0.2820397532806775,-0.1875502473899739,1.6973652397116423,-0.021588906544782908
117.83516466303584,202.29460070224985,42.28879942539978,15.379336241079233,-0.005650419773051736,-0.5380770241236402,0.13594068441014023,148.36909559062062,37.21367714252151,0.2703578371270776,-0.18217742243474114,1.7066072113651887,-0.022537277566394696
118.0,203.63222530450108,42.89844848698854,15.510107855587513,0.025869143220616654,-0.5236887526857567,0.13184945244605648,148.7749139976157,38.240135508172216,0.09891675397251445,-0.09012803452788715,1.8330066915338774,-0.0319658967273029
118.23511970896149,203.70253747222554,42.790345277848296,15.51686506401154,0.02892230113688257,-0.5235010618094008,0.1275427712670953,148.71484269556777,38.66904658617519,0.1026565569001357,-0.10391147576072694,1.837079970295919,-0.030416023292320717
119.0,204.06164555388642,42.545317482079774,15.422330289767928,0.03937847941972329,-0.5195845892270894,0.1152252224115808,148.9998794243786,40.29536849344696,-0.15976004426324558,-0.034831400627371514,1.8913242965842758,-0.04500907019974795
119.23504253569769,204.62038071802533,42.68036705093206,15.571924350910876,0.06071535747814988,-0.5062250156269469,0.11959483841648508,148.8863369223335,40.45590874282031,-0.1793891895653689,-0.059000043472820576,1.7890716432465528,-0.04673625069472924
120.0,202.63277686088793,41.31658207875295,15.26127385346551,0.011250168929667077,-0.5298936939340364,0.11075032258877962,148.6111481274811,40.510496454143336,-0.11252419663505614,-0.12167156270802279,1.5656333364497619,-0.04252284425516792
120.03501717922117,202.77561541088582,41.38576446732451,15.279460022705814,0.018440177661422606,-0.5234978205404438,0.11007176563137624,148.56490189951123,40.45886230460836,-0.11205081871752906,-0.13309846435836123,1.5254798699423808,-0.04239760497232633
120.43501665828605,202.9357659755941,41.276355030666224,15.321977531781572,0.027488070862571948,-0.5152446963358839,0.10751324617379115,148.43462656482725,40.90805419002846,-0.12242239242781522,-0.15878778767526536,1.46154570816657,-0.04188033632374937
120.63501943822575,202.9114167985963,41.104581710174,15.294487339309352,0.025026000092805593,-0.5221462035076593,0.10142477819333778,148.3895202851508,41.345336173234614,-0.11406126637441844,-0.16828234765668645,1.5035748636781718,-0.040135234830031674
120.83502424457741,202.99580598268426,41.03750611312409,15.27063095192107,0.030988159880124336,-0.5186048736146994,0.09472659581891955,148.26193136441435,41.570564208405976,-0.10380927029249866,-0.1983294528194867,1.4744452985045011,-0.037974839852334276
121.0,202.8377810831141,40.87882429038121,15.233827847571945,0.02859814245403435,-0.5201857862752814,0.08960042075366498,148.77028951064824,41.73612511241626,-0.025380058575722036,-0.09618604044276695,1.4549918120426557,-0.03225355767113488
121.03503107650691,202.76535774118105,40.811589769496315,15.227882360976139,0.02466052457564374,-0.524031407228444,0.08966773705497486,148.79040086211387,41.85083978718329,-0.02683402172035631,-0.09039038661714195,1.4777824768846783,-0.032497102361274385
121.43505081201059,202.63870238514232,40.523296356556756,15.1904123123304,0.01966399367268467,-0.5292608498750994,0.0831007053841985,148.7576613021654,42.565138017505504,-0.02342102180636723,-0.09620844190626271,1.512725880727307,-0.030763851393769668
121.63506371216734,202.77975207484064,40.47064293070606,15.226347699890784,0.02574555045824591,-0.5259925341540268,0.08285706097675498,148.68502668744262,42.77711977324018,-0.02834317829282234,-0.11229308054454806,1.4764251955837913,-0.030773642150936417
121.8350786310701,202.587784508587,40.28261916629852,15.29033884149058,0.013084894760029248,-0.5332602190581767,0.09223650557030423,148.84627954845732,43.25600659934922,-0.06042456770225971,-0.06357101655527007,1.5339160043156057,-0.033955550727798905
122.0,201.99937469188384,39.89315537832989,14.892278029819618,-0.00400879397551945,-0.5451993925064615,0.07713402574741977,148.4658711740682,43.1176261364303,-0.40565602798346234,-0.14179212821996479,1.472991175234374,-0.05508088547990088
122.23511451447311,201.99447632749448,39.746557312394984,14.795199072702928,-0.0003985600797702443,-0.5455085727239768,0.06296694746066077,148.33724477087407,43.48981203083751,-0.383208039664674,-0.1762576894156952,1.4785436766938291,-0.050896517814732506
122.4351354727991,201.69975875172415,39.54620823705715,14.670474635654957,-0.008882196241854795,-0.548974455222786,0.052001834613689624,148.31234735974851,43.929402584842634,-0.366987172881269,-0.18134843885932667,1.5311640992827846,-0.0478698410809463
123.0,200.57886504669412,38.73795482398387,14.627004028972241,-0.04652061728685601,-0.5703234434512134,0.05670204207704718,147.4538924082363,44.08708779735741,-0.2899842458526357,-0.34830787894838117,1.4147810769010145,-0.04356234851375684
123.23523932919062,200.18107576312815,38.50466193312628,14.524461176707685,-0.0596978711273963,-0.5742261602378194,0.050435082746328304,147.44016698762283,44.577084205160745,-0.28704098020893193,-0.33974683323276633,1.4738348182013936,-0.042141822155101885
123.8353381173837,200.2681586085954,38.18400664660757,14.568395012906807,-0.05463886747941528,-0.5731918084047829,0.04946260560432212,147.1711198451835,45.39891095603329,-0.30923621129445455,-0.3773094581792707,1.4433801668141835,-0.04264824366256632
124.0,200.26599790060916,38.08103919230507,14.403812417962605,-0.05350181981654188,-0.573567050092702,0.04110652652558124,147.1412578933165,45.622076800884614,-0.49602054406189877,-0.37731559576794826,1.4380817942224846,-0.053681715400742236
124.23541384585246,200.18965594002415,37.93459286686083,14.372877709821198,-0.054638967158842144,-0.5735103995580091,0.037480579413105425,147.04094433931797,45.97901047033992,-0.500078536211266,-0.3906381818527145,1.4418587880670883,-0.052396751658869395
124.63549741187302,199.94998503518616,37.68013082076531,14.186960518223353,-0.05548474733634135,-0.5712890323629307,0.01738472525116096,146.7632620666852,46.607815332350526,-0.4701123079986646,-0.44610044062851345,1.4579509488358784,-0.04635253342032182
124.83554211689196,199.71723393149657,37.54192832833867,14.06802360467597,-0.05975575862050094,-0.5700782169765826,0.007094604305388717,146.6459806454334,46.96529026026653,-0.4534165088281531,-0.4661466627433443,1.4817631009128331,-0.04292668574236488
125.0,199.10994593892428,37.208930367478324,13.733565382229811,-0.07820936108475074,-0.5817707371819806,-0.00994724583641851,147.01787511799353,46.73819400667734,-0.5696308120080168,-0.38892648423696674,1.3985068437876336,-0.04872637204135856
125.03558876023529,199.4538031035299,37.25025162441356,13.834601740409203,-0.06681307162569154,-0.5799337998871524,-0.004868334693594176,146.94764016436093,46.67828610833036,-0.5810909836570991,-0.4049556860763383,1.350465189313884,-0.049920690767262334
125.83579456058166,199.53985260652652,36.82235529912226,13.858453993838161,-0.06055122551249378,-0.5771969462461378,-0.004094316669866083,146.5372318277045,47.63539408861782,-0.6220525001765094,-0.4576704583502927,1.2857012258769906,-0.05018049689971938
126.0,199.4577194617519,36.70171193058096,13.630073785613856,-0.06053379944976287,-0.578681729618638,-0.019575003733915384,147.27073759358433,47.66858002001231,-0.7156713417706062,-0.3067577098191047,1.2408445022887125,-0.05426555813986458
126.43596886382723,199.24029072303765,36.396617272102326,13.546404873184203,-0.0676856437724966,-0.5823351279893094,-0.02528291309538096,147.17696556231857,48.335106028002095,-0.7264322280001242,-0.30771899738533537,1.272107038783235,-0.05305503939722407
126.83609443201439,198.83572574854765,36.101423060116545,13.365034400193014,-0.0793626237017918,-0.5853929862182609,-0.038917722884665676,147.10604650381262,49.071200485998666,-0.7145293170411181,-0.30645863147295715,1.3424048332417058,-0.049557341938321293
127.0,199.0402480866628,36.11226557388303,13.788608184524483,-0.0717051441295945,-0.5798144516435865,-0.023561305883683423,147.78328774864596,49.35558574080428,-0.20505933521125352,-0.16695677163981099,1.3378911291506441,-0.017127028028688325
127.03615999707989,198.68989613778928,36.04929444762772,13.684963899836456,-0.08332707328956779,-0.5811337224508035,-0.028829864356638382,147.8392568715298,49.513254705654255,-0.19581838236565244,-0.1502488255140148,1.3838754904359345,-0.015924331135569597
127.23622740280011,198.69230815736643,35.92579359848224,13.724899351420854,-0.0845770431853543,-0.5823252434395347,-0.023790343868860028,147.84766773135914,49.79790455556813,-0.21139392782201702,-0.13910059279114667,1.3827409878018422,-0.017662181527383847
127.43629663892028,198.5086005499527,35.80512722346651,13.633104452055207,-0.08824390241358615,-0.5812906167649416,-0.030808564998830185,147.81193371634004,50.11705047311721,-0.1984685953962477,-0.14487617477065504,1.3978398414194315,-0.015489450890620806
127.83644056035222,198.66280941552827,35.57208016264311,13.712100505503312,-0.08377602549135749,-0.5826097694844861,-0.023647658586959372,147.75127219954445,50.616656331152114,-0.22224097357759998,-0.14687619324929999,1.3685544363668667,-0.01803893712424234
128.0,199.4433430826449,35.71784222174319,13.792833366810765,-0.05282693822298673,-0.5679277366024013,-0.022991215726767707,147.92204152351198,51.35257234594102,-0.3168027355490109,-0.10875528954755524,1.4452131722620278,-0.023547281730129318
128.03651522418645,199.62195374602283,35.6988184102873,13.912636820174042,-0.049592551752685114,-0.5691129697450689,-0.012080846300848378,147.9456697182568,51.36428938362388,-0.34254044767491126,-0.09786122955571569,1.4254544184567164,-0.026788619516034933
128.23659167548007,199.5553911025246,35.5823579344008,13.866363962967677,-0.050562145843453955,-0.568983029251143,-0.016347326070420543,147.91328088927946,51.66844752083381,-0.33782908628201364,-0.103633635470155,1.4306374185775883,-0.025816892803155474
129.0,199.34031964941218,35.1084590718706,13.634212241509902,-0.05550396913741792,-0.5721782563747547,-0.03099564940321584,148.58779181432303,52.430847275071095,-0.41687857283546453,0.04080347807417539,1.3531549672913081,-0.027473768778304094
129.23700034697632,199.27701170512015,34.96792028201987,13.623263793208785,-0.05783731059267654,-0.5726441079732671,-0.030451985299312197,148.62429979304105,52.77447901804583,-0.42524954305095053,0.05178522758264516,1.357071334310665,-0.02802867362017239
129.43708728278116,199.6763589853886,34.884876221381425,13.624159890525844,-0.0380868837244563,-0.569342933796536,-0.037875957069682234,148.37121608911636,52.83949919892406,-0.4078939177429398,-0.02704318518382031,1.2711676789449646,-0.024773798760235444
129.83726626027482,199.73037035930133,34.66799861200596,13.66593867728163,-0.03601274671174615,-0.5682036445775425,-0.03174866890031077,148.3626583218977,53.2816375341243,-0.4336309782673586,-0.025455818337137486,1.2328021435828478,-0.0271727495560179
130.0,199.5773267306593,34.54618590163729,13.829374372791934,-0.04268305564131055,-0.5706885574201681,-0.024365083724463815,148.50198307285322,53.335597571363266,-0.1953135017529928,0.0023134459768256663,1.1989077925200111,-0.011855475878016417
130.03735827750216,199.43516373984113,34.47881468610225,13.736355028999576,-0.04877674621763832,-0.5752982910797418,-0.03396674302212183,148.52776094357745,53.494517908258615,-0.17393469139571088,0.009950864841800161,1.2436177362358987,-0.00899962241831873
130.23745196389288,199.64074000313687,34.39857847079796,13.832993988592811,-0.04010166399027095,-0.571587951497325,-0.024594570154537913,148.47473302084828,53.603295599659035,-0.19687772453149538,-0.005784374132233304,1.1804904898082682,-0.011510368850647693
130.6376442940932,199.67286949836864,34.17048930419139,13.932473176036975,-0.04111030382886389,-0.5715257071226101,-0.011373719326206786,148.55952784570698,54.04026390104774,-0.23565390987605334,0.023260297536007703,1.1492717563419426,-0.01586044518426744
131.0,200.59151514485464,34.180080103534316,14.28922695528773,-0.004187131212869934,-0.5550590264670878,0.003942921043216592,148.55782007588323,55.18732413985928,-0.11207125669931886,0.02440309797156146,1.2514068604294926,-0.008945561568855644
131.03784314984117,200.47123631880586,34.112522184895326,14.273029735287908,-0.012075877032773815,-0.5600653068287078,0.0033382660614082807,148.6467892629405,55.34479861978436,-0.11221573834271714,0.05394752899157504,1.2940787423064122,-0.008975824217384049
131.23794499286643,200.50523977502093,34.00328999680185,14.244119826823189,-0.00934873162277747,-0.5596447563458865,-0.0011790115706689858,148.60588414466676,55.58570301153479,-0.10240564136577415,0.03967796493875296,1.2803995855258354,-0.007243933527637173
132.0,201.28276363829,33.75765818306644,14.704689320837883,0.0218880031516124,-0.5455935384111475,0.016896510836299658,149.02227330150097,57.08653118650473,0.23280119843239955,0.12376685650959796,1.336707425132234,0.013840033560261533
132.63870176709423,201.3370911124188,33.418594719917785,14.798738815226685,0.02233790059335347,-0.5443211837176705,0.027071329580830875,149.14955736926674,57.886124885385605,0.2157238299504752,0.1496227993673137,1.30034393765699,0.011317087598361246
132.83881598816868,201.40696028109397,33.31940709087201,14.821413730342522,0.025775016251642295,-0.5429304251406454,0.028262582420953676,149.13014750933758,58.083228542371835,0.21554896082597852,0.1386850819274958,1.2712537314959091,0.011375924865990157
133.0,201.64414515445625,33.27622563526298,14.807533269887799,0.03597739658148328,-0.5388753823740603,0.02685530659431854,149.18871392679014,58.47169116694544,0.14032398351884162,0.14821989571567765,1.295162021257037,0.006372464922854076
133.03893169733328,201.79822895660396,33.28568817464925,14.840534065293877,0.04415405001787328,-0.5352068940953274,0.028577652480797244,149.11469053621332,58.422854699842816,0.1379161855753655,0.12288581349286548,1.2541574591215792,0.006211327150554964
133.43916752700983,201.66052249840968,33.00678852223316,14.827424854642185,0.033413124101352054,-0.5421939628837673,0.027021863863042783,149.3110838709698,59.09960823433499,0.1426799083955466,0.1756462100083661,1.3029253483454308,0.006711230496932201
134.0,201.3305333946509,32.64462571494842,14.674813040934264,0.01897953793015169,-0.5484821230016309,0.017883561099395852,149.67853466315333,59.39652541958472,0.10322040904263291,0.23943275651273557,1.2086368913996715,0.00529620873953687
134.03953210129282,201.09122477966667,32.58663356119413,14.585586739376497,0.007390023930474797,-0.5535185942345291,0.010343603272204367,149.7801564268425,59.592701316836205,0.11932819512035633,0.27019820195115285,1.2664450095789712,0.007215224314762815
134.23965646105037,201.15273194174608,32.48020658066988,14.640442630021413,0.009431679844467319,-0.5525481741636687,0.015941103718708147,149.8359159482102,59.80621763645669,0.10751410344455116,0.2769058406672547,1.2449681406245852,0.005766682973634491
134.43978221627683,201.20026014603528,32.39491970698409,14.77065465875508,0.010431711994765114,-0.5495289226981624,0.031588387262877604,149.94563091540576,59.977703398967705,0.06939633365377668,0.3002942851294913,1.2100738476358843,0.0006382408727372011
134.63990935378075,201.12837094483714,32.315734051138236,14.835353355312632,0.007243291052068092,-0.5471735184766328,0.040925555463060814,150.08715316236186,60.20510497895088,0.04459019430912051,0.3317134758223445,1.1985612867632667,-0.0022669574478733794
134.8400378603942,201.2236512803949,32.153664072588,14.771783159387414,0.010492504424329141,-0.5513158301505806,0.028991856830312898,150.06025922838623,60.48566072688153,0.07683233980107437,0.3107508502314589,1.202807402539339,0.0020492558016067756
135.0,201.79282831169832,32.14951636148091,15.16075551729049,0.0338312052468001,-0.5394580756823436,0.05708757335744676,148.74880252856386,61.84748343484306,0.08354710703685755,0.05143575545341528,1.418207691186766,-0.0012346922335032574
135.04016772297678,201.6335078764558,32.117365855242475,15.095263886026489,0.026584454912011016,-0.5419386323496277,0.05121645181268648,148.80634266326737,61.99567937356043,0.09618714707547774,0.0700205352381554,1.4545539636893343,0.00034905860921405785
135.24029892841972,201.64807356273317,32.00118835037763,15.062331925816473,0.027484066519232686,-0.5427147549017024,0.045446558973019024,148.78714016956695,62.29790184869582,0.11059383246297211,0.060373760263001425,1.4562409840386084,0.002344363839511997
135.44043146364973,201.69684950924946,31.893944217172468,15.144426268407162,0.028344697656000284,-0.5418687752629116,0.05403468206548623,148.82700964127326,62.550512884947,0.0896720892441179,0.07077068539574427,1.4387064600416875,-0.0005175732397051094
135.6405653156328,201.63390620262467,31.790493518874783,15.134886245994412,0.025342825124879346,-0.5422425181622674,0.05269068271769202,148.8801848641263,62.88073741502511,0.09238045567096484,0.08440411559912256,1.4518513915951443,-0.0006383946692841339
135.84070047137766,201.6281878741639,31.695938806230007,15.214377414811775,0.02416271134725965,-0.5408170912390903,0.06219119036013114,148.96293080795127,63.14162261662789,0.06683858650035496,0.10587868768496028,1.4392579605593567,-0.003654325914354761
136.0,201.62150274168224,31.61010294578085,15.141843074623091,0.024244317299321277,-0.5392783537401256,0.06510725776056984,148.0965929990423,63.84722874953399,-0.18401966059569627,-0.062148301862496036,1.5368098407995643,-0.02055814821809255
136.04083691793934,201.63944305996526,31.599610147508,15.202947278309862,0.024694155879902414,-0.5378079372833315,0.07256394399274954,148.1146455977724,63.878928449851735,-0.2026213653258251,-0.0553604900040481,1.5243691329772304,-0.02284945462504563
136.6412538738389,201.6984614597619,31.26043197447871,15.216975518705688,0.02681973733804839,-0.5388255051892156,0.06755064367774019,148.02547188978778,64.79156967423462,-0.20315519838352392,-0.07695101528813081,1.5188686751636513,-0.02170664417440539
137.0,201.89499996100835,31.08142139195524,15.249708485119708,0.034875984275818256,-0.5370211517446564,0.06500570053707631,148.39683737050487,65.27498005200638,-0.18290315405228466,-0.00406297095842606,1.497116809142593,-0.019263173903640952
137.24168198618898,201.72910137524872,30.948126029791993,15.187676359502827,0.026250545247793317,-0.5399190927484524,0.057647801779309615,148.4860636156343,65.76298700028661,-0.17085341492761508,0.02583426784642044,1.5454362191803563,-0.017529385728598017
137.44182711056473,201.55389208673975,30.888785373969505,15.26486262369034,0.017599836437365575,-0.5377116169120274,0.07029889374661087,148.66549149683397,66.1134496365992,-0.20787360901441324,0.08246785225682413,1.5637005718986108,-0.022280918535786554
137.84212091481209,201.7146433530029,30.64175765697965,15.350734676956554,0.02369400339519742,-0.5379089834257957,0.07476540870020487,148.6168809945445,66.64562368087807,-0.22750670200394507,0.060551900336961645,1.5299807287592202,-0.023775230999014248
138.0,201.92027362618148,30.551552133692738,15.102388874031018,0.03303060828259095,-0.5376096938218953,0.05770112664748661,149.26690644584252,66.66095575980636,-0.4516020041708916,0.18443168446522326,1.4768887351050555,-0.036014602942141795
138.24241937746834,201.66659685945115,30.44356824952824,15.012496452874805,0.021283621881222348,-0.539758773078526,0.048892677318639485,149.432126315041,67.17196689029095,-0.4406327064241376,0.2290768987567597,1.5362063521901896,-0.03375847154493458
138.6427224009013,201.73344213357004,30.2108212095608,15.043070843994922,0.02350785061851259,-0.5402562168088819,0.049049899273715974,149.4940849914191,67.76464762994902,-0.4540875610562677,0.2284772934709606,1.5276275379610438,-0.033929066634722345
138.84287559274728,201.7438655885652,30.0938722593815,15.02775282421692,0.02376524352216873,-0.54105682670505,0.04547006816623788,149.52064384413265,68.0868548933341,-0.4513428725723419,0.22665573828678706,1.5326152247856453,-0.03313611835984871
139.0,201.26216187538733,30.002438750493916,14.722441858823002,0.0039106150144955845,-0.5460216569369077,0.03269371916950221,149.30398017905264,68.04224928968796,-0.6980768015926563,0.1841411649879715,1.490959881126154,-0.04821378637990809
139.04302988875804,201.41770340636995,29.959550069842845,14.798807152423922,0.010354940242786468,-0.5450799228234198,0.03946303375953668,149.26210908794178,68.02817570506102,-0.715282028161199,0.16811608036076114,1.4584874528780547,-0.050181201496043396
139.84365787905278,201.18735205125003,29.55549322822822,14.796032490499593,-0.0015105713397537066,-0.5461112644084173,0.039248852875063175,149.6153075100812,69.35222755226178,-0.7569887496456742,0.24476709872881985,1.509053791360917,-0.05136025534997302
140.0,201.06894382795264,29.476232411539343,14.890901506555622,-0.006926313604786164,-0.5468990639882543,0.04360328453756331,149.64238876231877,69.4867199618451,-0.6384238843101412,0.24672168142670262,1.4918549018656688,-0.04386094891245319
140.64430260506302,201.15407372628633,29.106124881206263,14.950947779362714,-0.0031901672124945426,-0.5468048330893365,0.04597772268914667,149.76001123188618,70.39783344179425,-0.67242433521914,0.2469459839685201,1.4718370559881921,-0.04527619251891545
141.0,201.62658723105207,28.869013100614684,14.89513930386619,0.01685265320805626,-0.5446070922505197,0.0403634660204071,150.159397593233,71.17306642360185,-0.8552842071259091,0.31224626836339764,1.5077279774572534,-0.05610179326913195
141.04463101804836,201.74301313731982,28.810013799511907,14.890636341631172,0.021655402878441667,-0.5456977666911532,0.037302724730626506,150.11226818875969,71.21544289320173,-0.8496614213772855,0.2929220790201628,1.49662753184724,-0.05506293840556505
141.2447966984055,201.78581253619308,28.714780784210806,14.97478617984138,0.023429015493743224,-0.543658060004106,0.04640858483209222,150.17917010852287,71.46093990654161,-0.882906597918746,0.299934257073542,1.4757792938133116,-0.05826957049543732
141.4449633468781,201.96366440991787,28.602027109945364,15.068284786503163,0.031888107880155746,-0.5411292302099724,0.054260055097166464,150.14795016523493,71.6327829522967,-0.9133234362063976,0.27513863864786914,1.4287427456808173,-0.06073114492155558
142.0,202.10798760659785,28.296680261702587,15.184789364466697,0.037391572071551055,-0.5395612033279223,0.059571698918742665,150.11455375786272,72.71037242300885,-0.9219378620875759,0.2481126755086933,1.4739678046275206,-0.06100636525835823
142.2456394088997,202.50637576887286,28.04967929613282,15.046728344515294,0.055987004181923025,-0.5436330827092853,0.03405293929446771,149.8594354671646,73.00839694109337,-0.8716881489017226,0.14816382689889238,1.442594489755362,-0.05289291108353304
142.44581073903996,202.59711411776945,27.97896703138143,14.974902722107474,0.0635703339164569,-0.5406689520810245,0.02430961876807541,149.73069267368487,73.23641251125775,-0.8573397455116593,0.09804335523046673,1.4165564969450084,-0.049747776873038385
143.0,202.03298863449538,27.785045470628003,15.259273622202073,0.03831618625960726,-0.5408180292426467,0.04125171005561569,149.194091046662,73.90093650795892,-0.5094048088405639,-0.01636176836963725,1.3974411586278133,-0.027832617944971962
143.24650501115505,202.03069915487367,27.711954309833047,15.110583588717384,0.042643224721602056,-0.5382627028788547,0.02387775737823692,149.06031725196152,74.24419109102287,-0.4738499239255869,-0.06268035383683151,1.3920690817685286,-0.022663297398348565
143.44668076714697,201.9335615132252,27.58151407751376,14.955209717529497,0.03755579800598162,-0.5423126692553132,0.006024350384772042,149.060526844274,74.65098839657007,-0.43391792507527677,-0.06202799382254946,1.4336316527255817,-0.017229024505457713
144.0,202.83996481933275,27.181517498716524,15.339600043374478,0.07588123346031853,-0.5356844767940039,0.025152139474568878,148.8135303368828,76.64522836405185,-0.3213770579016767,-0.12248749372203291,1.6433761137523568,-0.010463788395871127
144.0472131300466,202.73337103775725,27.27339688679105,15.143243361230164,0.0775319744879795,-0.5311758287865196,0.005842017094796575,148.70959658545223,76.73962253070238,-0.27656761548790476,-0.15653723937842023,1.6511113797082169,-0.0044637940833439785
144.24739225085898,202.6763860188682,27.18339220329643,15.096229025244998,0.0747254159440341,-0.5314468234508793,0.0014542618333945774,148.69772379463336,77.10818783811047,-0.2671174723278278,-0.15657264301069265,1.667254386742546,-0.003116383854364411
144.447572189277,202.96282875033853,26.82309255896644,15.42540763170666,0.07439256819445114,-0.5413173269506176,0.031626793351483655,148.82805860378446,77.40659096067165,-0.3415386376859309,-0.11162807539122942,1.6545167374831404,-0.012170763192928286
145.0,202.94591477430401,26.533777088623392,15.559682241429769,0.07147930483031745,-0.5413279924541674,0.037609170528578345,148.68435572282505,78.32647065161781,-0.21693105298039153,-0.1411366423252132,1.6611387326555809,-0.003985173685435545
145.24829993562693,202.96576732091285,26.420442164854236,15.531699577691864,0.07301281173301609,-0.5402987082537819,0.033727309410698056,148.61163947436836,78.73236448667076,-0.20846574916266422,-0.1603180731386254,1.659930368492949,-0.0029240208121608423
145.44848382539485,202.8592267823232,26.377744627571627,15.384297427564777,0.07076054061780841,-0.5391120572869308,0.018758449919305187,148.54989888342644,79.12701830586255,-0.1721509875151843,-0.17524166651177203,1.6835177750938808,0.0019768236547043705
145.64866847877954,203.00271917233908,26.31300481725655,15.372210409862177,0.08060933814115494,-0.5348867890042502,0.01629556668840092,148.33041167849578,79.34753321506409,-0.16483818284145915,-0.23908123794634809,1.6440647773665886,0.00323613126889917
146.0,203.1203627396681,26.132458562894115,15.6267986586486,0.08425221743192049,-0.5333947143128617,0.025406072040028413,148.69213553567127,79.648963663192,0.1532190463980187,-0.16651619204146628,1.5857485769300683,0.02377789189116424
146.0490400418602,203.20830408873692,26.067637716359616,15.71030900539931,0.08648659045171796,-0.5339441063355478,0.03303978895991851,148.68296809295109,79.69130639791192,0.13667560661898703,-0.16862327773827612,1.5716902796904924,0.021667953615495936
146.4494145567456,203.09369871619967,25.785795149304054,15.686605685592596,0.07491329838389484,-0.5403191287501371,0.029346360664093678,148.79343169049133,80.4747217006378,0.15416980187724288,-0.1225756262704828,1.624394955640836,0.023374932055550926
146.6496029002417,203.11961466586664,25.655174864965918,15.72953686061025,0.0741206898677395,-0.5412081108499156,0.0330181590889406,148.7995483777546,80.80046468562969,0.1495159924713148,-0.11690436270802532,1.6249527100535015,0.02252736305285194
146.849791956829,203.27860758718688,25.5214555891031,15.789624464787797,0.08112453026587932,-0.5402435451996364,0.037135153675065154,148.66104956178523,81.02492548573322,0.1439967910875106,-0.15677582617023506,1.5901987662788724,0.021606243796572323
147.0,203.09390926083415,25.493672950231204,15.66773920891901,0.07300382751064007,-0.5409396427313973,0.027969404935699646,149.1564865163043,80.56492113277783,0.15341380151666742,-0.057300146352285614,1.454371881874681,0.023284499651038043
147.04998171841558,202.99196951360244,25.481018304037192,15.58901306348888,0.06820248919184946,-0.5422047676300124,0.020397427302791385,149.19356388010038,80.70156138686532,0.17208533838090664,-0.044149024042996185,1.4779908405980458,0.02548140273747236
147.8507476561419,202.8663363690991,25.109327379306542,15.461891952992161,0.061413261309795755,-0.542392996601146,0.00706885294628499,149.22869903466557,82.01068722213365,0.22716749306707668,-0.0313383152655832,1.5105927531082681,0.030369489723783373
148.0,202.8058514936661,25.024609859034452,15.529079404150398,0.057494485142210776,-0.5433054556091405,0.01127917014532599,149.0122177249879,82.33492209328178,0.2889423224256195,-0.07370887202693796,1.5309901631398288,0.03378464875800194
148.05094082456182,202.7748661534165,24.995113327433923,15.536894001047447,0.05528929031394698,-0.5438539668842425,0.012393080563278456,149.0408036024201,82.42975981964456,0.2878111403963319,-0.06350737699445144,1.5373011170172337,0.03338105070123577
148.25113465134942,202.93920946550398,24.782056925322816,15.69516484120544,0.0584249990847575,-0.5463184754332933,0.026516174113344816,149.03679827363504,82.67969193677095,0.2608908447553771,-0.06463610105913636,1.5143061297296778,0.029354410440419892
148.45132912904637,202.8980931727054,24.68922659943887,15.672578421732355,0.05619039057821823,-0.5463903057920934,0.02418869271290016,149.05062474073094,83.01219345365737,0.27232955438073986,-0.05857123109014477,1.5229122536569253,0.030347709149931845
148.65152425028216,202.98895425024324,24.52048493037299,15.795049874801537,0.05728436364546131,-0.5476345033287624,0.03565268689640021,149.06663388656304,83.27190360242055,0.24935368421350002,-0.052812403659488937,1.5050653626007628,0.027224085625363107
149.0,203.03399210342192,24.33189116693734,15.708005741450577,0.05901572244257671,-0.5473654093267609,0.030612667331787392,149.11658335757033,83.76537078402033,0.15618738559900996,-0.04380775545435684,1.4936058226258715,0.021624701444603316
149.05191639432235,203.01077719123396,24.287355270327087,15.797599191140892,0.055849095415709704,-0.54801002458733,0.04041119145503297,149.18402167529035,83.84443832645469,0.13371948012564344,-0.02084448667275826,1.4942962565454503,0.01871306779284641
149.2521134028178,203.1076420305371,24.150110133643825,15.884777054449573,0.059232826563279835,-0.5476058419868916,0.04799377317627841,149.1524302303005,84.08847037298258,0.11938224742110085,-0.03205140289852862,1.4710688850603848,0.01660575160304017
149.45231102623262,203.02706908552653,24.056902066247968,15.8561305836149,0.0544763136599679,-0.5484577304220692,0.04483704319524376,149.21518797909286,84.44442604857548,0.1300754586808245,-0.01101145829041984,1.4900861343761107,0.017465036003230346
149.85270809013204,203.01602333221877,23.84837364487699,15.986745008084183,0.05178510986925538,-0.5475362403067627,0.058168091318040356,149.3093020400139,85.01597895911367,0.10133405588543712,0.01663831796203815,1.4778367720889374,0.013128858668253751
150.0,203.2712066886456,23.780050979827816,16.076471566581734,0.06501000282350099,-0.543835545394744,0.05809410912545955,150.04851124633515,84.84714466262034,0.2467984477901733,0.15522279068462297,1.389905299146645,0.023021229169170886
150.05290751697976,203.14176755962012,23.82074799306443,16.130369805094556,0.05926232205385709,-0.5417832575461198,0.06616762989776767,150.14735649055595,84.93708688934213,0.2277580675233028,0.18683913082648834,1.396548887825211,0.020435045619751176
150.65350929700926,203.02817921685096,23.597534225183626,16.233663577335825,0.05363306702332694,-0.5382435185647102,0.07644934587857483,150.3828104474133,85.7779539516526,0.21239071735077159,0.233384327881997,1.3860609130696127,0.01755531612463828
151.0,202.4998597714298,23.46993034398465,16.199311184422818,0.026300318498632517,-0.5430492482160327,0.07631813179945543,149.85119426891475,86.07433444105446,0.20817534080008623,0.1274143362514808,1.3553165880646498,0.01692562037858157
151.0539133347849,202.5089304421032,23.46725793469486,16.27498870005256,0.027387350445664982,-0.540957439472363,0.0847133328353058,149.8586043225697,86.10684873478932,0.18895010683482516,0.127799127252492,1.3393476662932586,0.014350830840012766
151.65452354131725,202.39117794339785,23.161354748788238,16.23436248044746,0.0201940442634122,-0.5429158347590953,0.0758512524439452,150.04484944683261,87.02536243678881,0.22004126475649974,0.1666394051760149,1.3615313818664105,0.018295010052868016
151.85472802546576,202.10708722036483,23.234474795211455,16.26665205933034,0.009213142034432978,-0.5381092217444187,0.08324545866245238,150.29703674870962,87.37281659052807,0.20175025928214566,0.2358628231559353,1.3849257719147143,0.015734299025787206
152.0,202.08784934989313,23.137127176121922,16.097149299911056,0.008334776614193533,-0.5390460186813819,0.07820727623201963,149.704704919457,88.22902068182333,-0.08876435931437249,0.11788505930687633,1.5144661688478456,-0.003360316723835015
152.45534463987477,202.2029778691777,22.781514764844857,16.031722571305934,0.011534137904884292,-0.5436237822288271,0.06423885896283704,149.68533497759282,88.95287452246691,-0.053868419892421,0.09877732534826061,1.5210439022935272,0.0017067474480944966
152.6555512125003,201.9112732385889,22.85839259366639,16.0647261984363,0.00029273986690580255,-0.5388654287184715,0.07189897558703938,149.90550596416907,89.32588557374739,-0.07571952165613867,0.16247528485584456,1.5453739569195928,-0.0014111746736120935
152.85575829280106,202.3473783410631,22.441107385437398,16.123750187102868,0.01511383747895698,-0.5470049077008006,0.06838680076303276,149.67881058137422,89.52121667161474,-0.06322405077066563,0.08603366187479701,1.5035210514364579,0.0001853195126821001
153.0,202.627478929441,22.28348122995994,16.164548799792218,0.02820196240464861,-0.545990532411739,0.07288829676780066,149.21291823766853,90.71011352595883,-0.18818276847289217,-0.010234410580677505,1.6903752783945063,-0.008577768841448348
153.0559658751416,202.70287437289954,22.204071193403806,16.112919484673363,0.031276199906802075,-0.5476531099930841,0.065373140701751,149.15951431432484,90.80696077850459,-0.17010072217600475,-0.02806234656335896,1.6907917071780758,-0.0062245964440034735
153.25617395395636,202.9417842972301,21.997696448218438,16.260546644973605,0.04126176737633449,-0.5476843185242211,0.0768714538518327,149.04083680975688,91.02514864088383,-0.19806798281822371,-0.06735463827964186,1.6491991386236156,-0.009474163973092694
154.0,203.03179937328878,21.572708758245174,16.394351851325283,0.043849812369821085,-0.5473864763232799,0.0809273191766102,148.90315286352782,92.44957030631653,-0.1511826716511927,-0.0945381026430505,1.6892148021973745,-0.006285362345881876
154.65764395370397,202.82778138340174,21.24511219212295,16.342308507116332,0.03073195339020285,-0.5503857986383478,0.07169303014965947,149.045995297821,93.73828944584216,-0.13316042822482627,-0.039110266568309404,1.7520522722631542,-0.004284501645906588
155.0,202.6160532914301,21.12908002537589,16.499557428478962,0.019737892462314457,-0.5506060094233215,0.0754203110498341,149.47673337989312,93.38783481959506,0.1397012219927859,0.04764167126854069,1.5703448733777872,0.013596119599986469
155.65870769059083,202.7544972652682,20.72627277998817,16.66878237257177,0.025387297665293664,-0.549682326584251,0.08663247275124336,149.4444122372398,94.3252896769178,0.1205052241753691,0.028227665011185392,1.534419928132051,0.010208199394731207
155.85892174740297,202.72665978771343,20.617963748954416,16.646693471868858,0.023609642314018964,-0.5503869238965312,0.08271553522379821,149.47257725911794,94.66800650493016,0.1327640893348072,0.03426444228055385,1.5434276587165565,0.01153294361184442
156.0,202.662385166806,20.560418828694694,16.29044618172833,0.02129016634115456,-0.5512950972187617,0.06523095511091431,149.57745122841536,94.62667677080746,-0.24124803982041537,0.055269931383899615,1.4917373837427907,-0.011290458444081247
156.65978218322817,202.67200615451017,20.188265430742153,16.285619103857037,0.02098062377575036,-0.5520623293169074,0.060205225865341036,149.60767081497465,95.63039635534358,-0.2357224369015097,0.052357868391361174,1.4892532775293068,-0.009713736311246795
157.0,202.5047323806238,20.063692619914,16.385145375938855,0.012573961138292148,-0.5518931069714951,0.06353101475543015,149.6454329537823,95.76449644842896,-0.09528413556166915,0.05724546592096058,1.4135156793178083,-0.0006815151614287702
157.0602148631108,202.50138180208558,20.035724658326064,16.418055984273078,0.012348913550563846,-0.5515291253242784,0.06657086170705416,149.65670616573715,95.84224060055158,-0.10261913681424663,0.059520628037265086,1.40986583820568,-0.0013998584167834816
157.66086686199964,202.2165602587843,19.752996169585586,16.32057122571284,-0.0032292912308288287,-0.554585876167557,0.05529328794088291,149.9128636667191,96.86905935196594,-0.07612702588650025,0.12421702633912118,1.4538568660229343,0.0019541030300397454
157.86108497242898,202.30796603413518,19.59842082588284,16.403913252513064,0.0005110200277504266,-0.5546544335642376,0.0613860798220137,149.8916979546237,97.10359796557816,-0.09126350897464261,0.11163598404692386,1.4333333073516628,0.00011855701723915719
158.0,202.21102100523228,19.556448080693524,16.414210533968273,-0.004395063257152389,-0.5548934442763661,0.05953270099965448,150.2405180480897,96.65233562563475,-0.011439042054249574,0.1788587244906071,1.303100412835917,0.00559494993834279
158.2615223346917,202.05892340634975,19.44402038552241,16.218713396419975,-0.01144192098642292,-0.5570354131158578,0.04005963098188131,150.34366266856088,97.1027348481978,0.03684920892610132,0.19927859868615377,1.3308083821002499,0.011512609625061784
158.66196119195894,201.97207150703957,19.25511945502647,16.327234968945938,-0.01584533512045843,-0.5561864476885563,0.050117675135039744,150.51351210484094,97.63577216739188,0.015088451735169317,0.23047115415485214,1.3207040085489796,0.008791834008431393
158.86218117133157,202.22570308286748,18.999993790369054,16.41606827337227,-0.005309083914542406,-0.5580225218357913,0.054515204648229475,150.3988306522031,97.79423125058838,0.006962441607623307,0.18578007570394195,1.2817793628624417,0.007651599213856992
159.0,201.41491651540755,19.260367345061983,16.310189293588646,-0.04163161282528486,-0.5560399758392361,0.05430068660297409,149.44422108632102,98.0082420259794,-0.03173321121895953,0.007914896078955819,1.3011012198216205,0.004448277184853983
159.0624015126884,201.3299251128271,19.238180819485383,16.361213301848277,-0.04658442481548793,-0.556405317879813,0.059589103431563435,149.51384938980758,98.10989622838547,-0.04449352842622725,0.02956425290857474,1.306291193141039,0.0027475867040267317
159.26262221220853,201.56499681570065,19.09360584936896,16.582510139880096,-0.033478124581839915,-0.5529253501491074,0.07817638706374933,149.37466094952958,98.21591395776412,-0.08805175883661058,-0.018167784244681344,1.2488678140366365,-0.0027695954970833494
159.66306467069126,201.57796202548806,18.83393688766388,16.54025958512497,-0.03277845376209442,-0.5545936538605756,0.07032091532940546,149.34254550437527,98.73777613637138,-0.0686841682447211,-0.031005215536510384,1.2402294614092209,-0.0001612214777345711
160.0,202.18190125228827,18.402194254190476,16.734005454009047,-0.004242705509287063,-0.5548554441129406,0.07866822238502517,149.36707052919263,100.21408536704256,-0.060584046939019184,-0.038563124240941674,1.4267172417029323,-0.0008349444942104942
160.0635085171507,202.09276782696767,18.379466910604265,16.78917230274504,-0.009756249010190097,-0.5553232772970164,0.08420586179137551,149.4435192527387,100.32874091855666,-0.07426993845667852,-0.013970880812077063,1.4340595127869211,-0.002707733628732547
160.46395372268876,202.11954525691127,18.18887503965991,16.945919585838634,-0.007241619228196073,-0.552793270787944,0.0964682278047454,149.415911954527,100.83739511847534,-0.10603837642364874,-0.02649953125607305,1.4062087831885333,-0.006649160821079877
161.0,201.99157207229823,17.944138638512126,16.98971430982663,-0.012764388468262163,-0.5524520884240469,0.09747788161960096,149.1122239813402,101.78205720984367,-0.12532226100120245,-0.08944178930700758,1.435713263553336,-0.008336812411497224
161.0646240178006,201.90584909708107,17.92500940400989,17.024475148976066,-0.017866471526503565,-0.5528530177185691,0.10089795492155144,149.1778105306323,101.90129840561156,-0.13442488969655575,-0.06740363913769615,1.4441879895713214,-0.009545438852274886
161.26484809894848,201.729100512265,17.830310350230665,17.01781255497773,-0.02855205654249071,-0.5549316196363958,0.09940009380799586,149.3166282156106,102.27787594818813,-0.13360902302806507,-0.02169961344127634,1.4707842958033812,-0.009824185090670018
161.66529721535906,201.94557570715025,17.501582278965508,17.05473380025809,-0.017162080300652062,-0.5558033747388089,0.09661129431803492,149.10981673750968,102.77889784453343,-0.12906755711640905,-0.08614421789863394,1.4370512322564166,-0.008902158332606243
161.86552224408183,201.84194839398367,17.416896942984835,17.132577164556633,-0.023249495721447817,-0.5558669784090663,0.10318337271156468,149.22190890772973,103.10152378194381,-0.1487544992571328,-0.05103431932449998,1.4454229594693109,-0.011158369794660426
162.0,201.83827430111975,17.338857169277414,17.056329135386036,-0.02320553233719631,-0.55621148444067,0.09878557377376843,149.2488115342094,103.23561571240572,-0.24374792066051787,-0.04613813404066634,1.4311454574984543,-0.016976040467514126
162.26597322651352,201.9358291846462,17.121400321329443,17.010370929585733,-0.01839925117919726,-0.5578652308313753,0.09038911904822411,149.15735496346878,103.6080001284384,-0.22722895488648315,-0.07474450672689235,1.422391145820727,-0.01455986981480666
162.46619917392096,202.0203187620637,16.948590174320554,16.889297295978828,-0.013965865191739226,-0.5598396547495289,0.07563671846977288,149.05053172377663,103.90669522156428,-0.19263981589885323,-0.10638239682211842,1.4218048762094937,-0.009669862536465948
162.6664254213195,201.99981615481863,16.833335157263793,16.85091534389543,-0.015022584775554692,-0.5605744111020496,0.07045249825588783,149.03930967043416,104.21925620445795,-0.18135499941308567,-0.10732275976271578,1.4262910210011621,-0.008203110860540094
163.0,201.7893801495602,16.716688415110298,16.904301722505256,-0.02555375917269989,-0.5609872302931636,0.07014554071020761,149.23610904848113,103.88434986580677,-0.04718268572380707,-0.06502155433353077,1.2624523753642936,0.0013139730280182574
163.06687880390766,201.85594069156264,16.687039658266453,16.892298696687234,-0.0205733985287115,-0.559778800148934,0.06828433230540774,149.15998325580162,103.93705610790478,-0.04236593537259377,-0.08968996928830417,1.2492271193599442,0.0019829829271452845
163.2671059330992,201.8332107510632,16.565228104486128,16.91694175474747,-0.022243902713650062,-0.5603590452866916,0.06932447883661629,149.16936660022645,104.1974343142467,-0.04457870308774858,-0.08483625230897328,1.245480945964432,0.0016324215624550413
163.66756105255573,201.7979044793017,16.326311544933613,16.977935206346537,-0.02476960650297732,-0.5610954031636317,0.07253482771717351,149.1877219375836,104.70740222478469,-0.0523157244046973,-0.07597433062148348,1.2355135536151771,0.0004929651304169042
164.0,201.64266467313212,16.209258928514977,17.29103165981325,-0.03154442071648285,-0.5595757291497155,0.08993476012910197,148.34411496861608,106.15608460635927,0.17625957794097394,-0.2402590914020149,1.4336484645241856,0.01327547725865844
164.66870374086272,201.44445632827362,15.796092837194623,17.20928504879208,-0.04456830310311965,-0.5646300741793098,0.07639626468955253,148.3978535143434,107.28415909614012,0.2191988089010395,-0.19427608542368513,1.4780707331032934,0.017871900321340586
165.0,202.50101039923837,15.31015470869123,17.463271991134018,0.010433821220715365,-0.5602912890169608,0.08552638572051252,149.28855267551893,109.09318806670062,0.28479114742611916,-0.027953918460402544,1.7229162590240732,0.020812340455482005
165.06916271388607,202.60668559997612,15.227186563193134,17.39483943303091,0.016402889962704975,-0.5608709971083631,0.07732100094264797,149.1973162359134,109.19542431540417,0.3063039470085584,-0.05738668525565692,1.7177370196994197,0.02359242528627474
165.26939259630203,202.4664410354057,15.227286256512846,17.323316864710627,0.010856405339175187,-0.5594146418370802,0.07092363761279957,149.25238741446685,109.59302934046396,0.3257565473342459,-0.03836272456903686,1.7392116754510656,0.02559357178965012
165.4696227391692,202.30703510968695,15.19755374198731,17.374660337729267,0.0024327102277501185,-0.5585293742782337,0.07625628034118374,149.38484616982055,109.98871449110959,0.31655014404686427,0.003512400914714886,1.7587980175333526,0.023926111482563333
165.87008379599126,202.4628855989838,14.857510184486049,17.401815850824022,0.009172561806647357,-0.560498133080653,0.07381958910901577,149.25918522767893,110.64751723818249,0.33371772421847234,-0.03422596320542284,1.7513905436317385,0.025366546333289768
166.0,202.73995825988942,14.684941526032947,17.4451142080572,0.022811592262936435,-0.5602904718947403,0.07389838106826574,149.67804450196988,110.81849240121662,0.35618616390999425,0.04336779527271342,1.7378354416601995,0.026972419207804976
166.27054586412717,202.65739222839963,14.59902752171188,17.448986534040586,0.019037861223439017,-0.5593200035611273,0.07352530823726702,149.7411847432445,111.31416128185097,0.3638550049103291,0.06024369790663345,1.7503433660621093,0.02716348230248986
166.47077727124977,202.73554531492866,14.367004563547265,17.647753500359038,0.01927841421181655,-0.5613312991639559,0.08950072002726989,149.7805621976659,111.62132268342735,0.32986694634632485,0.06889263137718507,1.7398957214395143,0.022194124960764013
166.67100892383448,202.76095809222872,14.26305216209336,17.532538162201853,0.021637014677585845,-0.561593616242082,0.07664799919775127,149.73217224552573,111.99244505933966,0.36743520343663016,0.051725659293290316,1.7492517939268584,0.02604066194628674
166.87124081948673,202.95026398025644,14.058773944870852,17.43845815936914,0.031853837314787144,-0.562888948460714,0.06414066906885481,149.52884086703708,112.29856488056802,0.4068799860791357,-0.010451399355880728,1.7379267307896495,0.030514501322414282
167.0,202.81380184501305,14.043107757040248,17.100146638075824,0.025465142239921693,-0.5637086747585403,0.04725974784793553,149.66268362967034,111.95189200056703,0.09353107250709736,0.018558029536416852,1.6280694815853705,0.011850232272908295
167.27170533055843,203.09545468419324,13.720573799532408,17.22820861226384,0.03819650536163611,-0.5649832514393239,0.05514005005464228,149.49797487645833,112.28893210803045,0.07927922393972446,-0.03586534140558693,1.5938339366533052,0.010391456917234133
167.47193794133028,203.04110146611214,13.649167122078554,17.168224275989253,0.03561178324151079,-0.5648747909065888,0.04905923854224514,149.52199412801548,112.64495420944787,0.09623144370134552,-0.028019721134680507,1.6054395173774136,0.012475671937797665
167.67217078587373,203.06956498917899,13.581572897215088,17.109565693702486,0.03890946674849032,-0.5634327341335603,0.0428882939561187,149.44399981603271,112.95526050693194,0.11466464849351068,-0.051574091935502775,1.601971039735983,0.014670015805788309
167.87240386193338,203.03695559150185,13.394708179375941,17.194062604395334,0.03325667525716815,-0.5660889799842002,0.04954489613967224,149.5628681714185,113.3112352969232,0.09989222171018584,-0.01587633780528583,1.6129183521051493,0.012650745887307998
168.0,203.2032225733913,13.266559458177692,16.867134414503802,0.04196307813535873,-0.5668810525293089,0.030666296611573825,150.3239448587741,112.52454389874752,-0.18598057674988766,0.1301372744923223,1.4119756144771023,-0.003945470443159651
168.2728706997131,203.268716740533,13.13182184507959,16.779679223964393,0.046764499131291104,-0.5660579187772854,0.021444720946166815,150.27467588082868,112.89967247280516,-0.16425526271336383,0.10594974161393367,1.4035069005916507,-0.0008277634330831813
169.0,203.13730643026707,12.800976755786122,16.97165632157593,0.038327593908461334,-0.5653550259440862,0.02814020166695982,150.59791460648214,113.02941905977838,0.121899193605161,0.15892122662376865,1.213571634213816,0.017224889035588737
169.07380705715335,203.53165978070427,12.662718559244755,17.054435873162454,0.061918319860817084,-0.562648611207752,0.03314764123663615,150.29578483298943,112.957601716224,0.11325435878938153,0.05833227058068745,1.1556954702661042,0.01609764491596861
169.27404169287632,203.5516286805524,12.548379809036119,17.073644970224606,0.062337846224628096,-0.5625186435352157,0.034302890836004955,150.30246614282368,113.18187847269294,0.11372686693991862,0.0556999451073966,1.143913602946959,0.015964918908240505
169.6745116055124,203.59995163185667,12.41185255957439,17.022719505872566,0.06708731431357663,-0.5596555458085074,0.02901368496159531,150.22491000863943,113.60790711507883,0.1338337021701767,0.02321262873308695,1.1155970155305825,0.018013867219197358
169.87474687839452,203.52405068236175,12.280641702606658,16.87828351554335,0.06080943090291574,-0.5625068115403092,0.014670316613480066,150.3346900061119,113.94032990327662,0.1748495476648196,0.052713809247376855,1.1386687068163017,0.022535222909113684
170.0,203.2385788122656,12.302819859088292,16.939907146248448,0.04502702681702535,-0.5632052409506518,0.017477547909903125,150.14056154246074,113.63583904823484,0.30289157847578296,0.0181673686206031,1.0488065253835805,0.030715258045150417
170.0749823596712,203.218412760416,12.268768649848806,16.913749780212363,0.04376997832729436,-0.5634325486618476,0.015048162039235828,150.15615315912598,113.72816889654506,0.31085578749457965,0.02196572750628505,1.0494744662942217,0.03157855766866188
170.47545393960203,203.16856674115022,12.18740181313656,16.752449589995724,0.04430148495725727,-0.5607007972681107,0.0009511662274129615,150.12948626450589,114.17414340030102,0.3582938130069059,0.00769212765060082,1.0373779845050504,0.03603467511149431
171.0,203.24650476836302,11.869518481368663,16.38908128359407,0.0478993964587151,-0.5614041873936234,-0.014083145835276886,149.8288805707921,115.44071986599178,-0.09324464841774843,-0.059131278493494296,1.1544832984298448,0.007585195471565442
171.6768734819231,203.24786658997354,11.893187518444103,16.07600049827933,0.05921946408357249,-0.5508346947840873,-0.03818742109367328,149.5295649277855,116.17445804618717,-0.02655988072757095,-0.14584502449047856,1.1157509560253474,0.015833830336294607
172.0,203.65535047807305,11.646824907904524,16.16851337222359,0.08165134074236946,-0.5477639963372466,-0.03230285853235974,149.61682158263372,117.78476364441985,-0.003979383160688903,-0.1345774371066495,1.34768009654513,0.016168888385101332
172.07734821457353,203.53932672107157,11.330067738332747,16.2585008170795,0.06485414904218706,-0.5574632350316122,-0.026214280236501124,149.8477619585691,117.98890333885598,-0.017311804038673727,-0.06096132109915095,1.3790429358708058,0.014350018026786248
173.0,203.97107968894602,10.836757631315354,16.123553884296307,0.08904273498587938,-0.5526255832321388,-0.0312732799822076,150.58143681893395,119.63840411596883,-0.15909224540583433,0.07851951552090684,1.4390550535392088,0.005309947204035782
173.27877687176198,203.63074837356572,10.957372882427054,15.94674559406684,0.07329162086986175,-0.5498641963013813,-0.04241732737320396,150.7980971115362,120.15477241143638,-0.13252351945316834,0.13759561629068545,1.4738329922161388,0.008535199883860482
173.67925453257993,203.88694331488674,10.661802733226446,15.869711879018906,0.08626673558425411,-0.5496156150178768,-0.04940717045927622,150.6385396951963,120.67316327628576,-0.10994776489819985,0.07909972615269967,1.4505909822277152,0.011143211195940507
173.8794936260153,203.70413679568026,10.460557544739832,16.00529103438321,0.0701237504849548,-0.5540752651107257,-0.03652589511770402,150.9611966966015,121.05735805114593,-0.14242948739226324,0.165086168183435,1.4770704211529468,0.006829593070804415
174.0,203.31997343004258,10.450097635809644,15.974527525894356,0.046449925969573924,-0.5573245552262258,-0.03836697891616207,150.65600635564755,120.28905659726969,-0.09600246008920815,0.11055658693522691,1.2940976125436165,0.010331805634064068
174.0797328926987,203.39120329206574,10.344231967384854,16.010843025807038,0.04903047598992087,-0.5581040634075239,-0.03570443456402443,150.63761418996694,120.37407622298508,-0.10108482313062392,0.10240208051547951,1.2863039261689573,0.00978406544411932
174.27997233107516,203.49407017321434,10.13963243685688,16.073981993800007,0.05231660281151321,-0.5593283142320987,-0.030688328232313534,150.62249180415787,120.60291863274712,-0.11072646659207312,0.09227405197927355,1.2728568618632639,0.008511075317497094
174.48021193960705,203.37967411088943,10.065586531778365,16.0739939537367,0.045189985139564855,-0.5597237297350308,-0.029345381242312236,150.7460790265245,120.89953709975735,-0.11297080965531149,0.12316414133382314,1.2807376584415882,0.00813985648833143
174.68045171677414,203.23004536018723,9.901572130641412,16.282510927755318,0.03271835164349865,-0.562077932630534,-0.01022954393919602,150.99634211206566,121.19467141492703,-0.16081347920367833,0.1882759635375983,1.2880968714844454,0.0023316807253053167
174.88069166107306,203.20960790514064,9.75997292111669,16.470809806132248,0.029567299104218767,-0.5622395603051583,0.006565044060564469,151.1112105920133,121.42751205498617,-0.20444328522065391,0.21218988390180626,1.2766769937096085,-0.0029030297343048132
175.0,202.85185273470827,9.69834620850614,16.588895321683875,0.006589576039186883,-0.5658828180763099,0.014346023931352245,150.1581403018603,122.2771355445166,-0.1158461122659364,0.030297192718586857,1.419521055511429,0.0017453028330351736
175.28117204513697,202.9050201119884,9.493795805230537,16.665180118692287,0.00850579268359505,-0.5661910063521054,0.02013243739732783,150.14714307916316,122.65248166059554,-0.1290764677556778,0.022957744906694832,1.4100654288045067,5.65186212347702e-05
175.8818938380926,202.84856700121452,9.190480644155008,16.818267604439736,0.005026977044997152,-0.5651526222395269,0.033220886487356036,150.2351352365012,123.48410814283606,-0.16349485520588436,0.04056090497885165,1.3990221929925593,-0.003518407519170437
176.0,203.04043426912827,9.05237533265753,17.208292940546347,0.014592601241548746,-0.5641243408995091,0.04945012436737157,150.6487927706453,123.4255896448391,0.27643856973049674,0.11718273031799159,1.3507587950264939,0.02391920217410033
176.0821347545381,202.92179732840705,9.11036865669718,17.27983618907482,0.009328741767440973,-0.5622449518361378,0.05677013099982134,150.72689593804455,123.54640230087932,0.2605073518320549,0.13863462258420423,1.352796677473112,0.02153504458766687
176.28237582805033,203.0404543949828,8.876585483542614,17.221016262951082,0.013957567984995081,-0.5646497405440924,0.0490500576208705,150.68907715066447,123.81138735875652,0.28414924844853073,0.1202148527201958,1.3470673415085752,0.02396179252677265
176.48261705725432,203.08795600314303,8.750065738905183,17.404903776424273,0.016088743655358936,-0.5635873162146267,0.0641576890364961,150.69462137472522,124.02979568164395,0.2516189957479,0.11527149788205611,1.32837606117912,0.019562066837976504
176.88309997731332,202.89791707380152,8.630886105667503,17.306773898244597,0.006127376914377121,-0.5636374781431883,0.05479064541396958,150.91031334650677,124.66050145251374,0.2830336241833645,0.1648542931323623,1.3499724842398766,0.022790334575331236
177.0,202.6338069808002,8.658622797947691,17.196239766039383,-0.00799991478007645,-0.5643188179136582,0.05042980820663508,150.5337727469921,124.79859652090661,0.17272837276337755,0.09258187347326348,1.3474250065572515,0.015720420461089034
177.0833416654933,202.92359069975603,8.396706491765503,17.322717848854957,0.00526707332399441,-0.5662174717940656,0.05826422280744148,150.3831578488807,124.82847921926349,0.15702185098921953,0.04291438293820763,1.3191469012481116,0.01369690756885547
177.28358350401467,202.99899599863303,8.280963507881339,17.42511801910945,0.009966227585962523,-0.5649077442893603,0.06602761613976196,150.33045657039136,125.04627147023615,0.14128383954870885,0.023106899635877323,1.3007339465566425,0.011362377464611627
177.48382549157614,202.98632608233632,8.176444096304696,17.443258749607274,0.009196481873242178,-0.5648227784748575,0.0665880880635541,150.3471357978171,125.30969195238553,0.1420927657908503,0.024956231663785244,1.2973859234123284,0.011175153438148365
177.68406762689077,202.88739464584765,8.16870028762078,17.55671445406587,0.004967101573240599,-0.5626135679905412,0.0767872532749425,150.4295332151611,125.56810687265725,0.11777640975732707,0.046336078041854696,1.293364222206536,0.008330825776431006
178.0,202.47718299575246,8.132472965672779,17.46244529242965,-0.016921685951747457,-0.5634400720194551,0.07511494808698667,149.3297861032888,127.04209379223457,-0.06636551996866928,-0.16854323009522384,1.503592021277458,-0.0037321308013476637
178.08455233570103,202.45841223430182,8.069150894137733,17.447697369860453,-0.01848033715111634,-0.5641973472169654,0.07314738936137305,149.33562598151948,127.18254486644423,-0.062068581426571734,-0.16461930909501582,1.5079917699489855,-0.002999020418236592
178.6852804756848,202.35774780231878,7.667304735845286,17.400017590008144,-0.02619061572325223,-0.5675089424871564,0.06461965897358327,149.36494048349752,128.1694877911017,-0.042361283411230764,-0.1421448641568968,1.531563622386814,-0.000267895168916326
178.88552347126233,202.47390080408397,7.44533765977426,17.305012737838098,-0.020464977797533042,-0.569512429194421,0.05360252468977666,149.21967840265967,128.46701140847807,-0.012905551004834197,-0.1805410392097827,1.528041557570174,0.0035356478139290585
179.0,202.7310005131909,7.295715830522338,17.2228129820789,-0.00620073453969776,-0.5691284315852811,0.04862975909739346,149.636963631088,128.59049444328875,-0.12365112211726739,-0.10103204947284794,1.514570895842187,-0.0031963409900195154
179.08576660596606,202.78994115654686,7.240039550178137,17.303244093837122,-0.002483350284220977,-0.5682192775786279,0.05515454079283309,149.58258236634123,128.68672240839643,-0.13908405073221852,-0.11709077044547667,1.5036916564868006,-0.00514843664890214
180.0,202.77242143847397,6.731045249172487,17.29775507668812,-0.0032557066754664073,-0.5683557797167141,0.0513135169392657,149.83511271349863,129.18196049939064,-0.1517581445508854,-0.06264918428841723,1.3253865436654433,-0.0052268872636036115
180.08698432552194,202.95424272355274,6.537531676598988,17.087935388521377,0.005889670041332529,-0.5710552191756076,0.03059504513570654,149.6979594798731,129.2934894388768,-0.10257067338674494,-0.10474001323026055,1.3214680084342723,0.0011354054479904
181.0,202.5521726586105,6.172846318111165,17.09626220573606,-0.015560045476419466,-0.5714280391033751,0.03109007633772406,148.70086184618927,130.47881493662896,-0.09549707710363803,-0.297878630892312,1.3002417109901487,0.002249558699776208
181.08820535151116,202.58995833463132,6.166659856707208,17.17758914518775,-0.011935324410263824,-0.5694469031001388,0.03822991543109025,148.629966933492,130.55909743562418,-0.1120302097582519,-0.31499898749327987,1.2872939279090456,0.00014555178113770688
181.28844994143745,202.61129962742686,6.1233128611273315,17.329007049954562,-0.008821405263658657,-0.5666612627812153,0.05130384783955236,148.52808679710412,130.7687259915036,-0.14359899234731546,-0.3347804158660116,1.2678164109435612,-0.0035592309942245773
181.88918446168583,202.5424895469178,5.469422568978506,17.2360479372226,-0.020847368607046585,-0.5760814196498232,0.03790206857715325,148.54300988358023,131.66023569531055,-0.11051878141757235,-0.2975212151317464,1.2888340781532168,0.00046247054887718067
182.0,202.70824357398027,5.387949226430079,17.22642352762634,-0.010678486393562668,-0.5747466294649983,0.03700414391206735,148.86593493507164,131.86177188446132,-0.134618314960622,-0.2334473467905498,1.2959112484045592,-0.001447390740218169
182.48992008617714,202.58980316618886,5.032362345696467,17.040536874288744,-0.01962036829681188,-0.5788134489431339,0.019206061271845095,148.87221963973852,132.58869634385098,-0.09160055394575609,-0.21139050543401575,1.311955217920478,0.003710765330342913
182.8904111026641,202.42367084270336,4.738750982289746,17.2495657043302,-0.03205568533414986,-0.5812710704665155,0.03617892701464303,149.02217589272925,133.15689058105917,-0.13471063258168942,-0.1559460760463507,1.3161468325202992,-0.0013566106902055423
183.0,202.90932211652125,4.667011592253382,17.280433881275005,-0.0011828283372256228,-0.5760752192809825,0.03777466868882642,149.78454297208492,134.19806947163787,-0.15994563053329763,-0.012910204234316991,1.4871782011227022,-0.0034880194867005117
183.0906567880306,203.06018997526667,4.488229347024577,17.181731302992276,0.005868105215083552,-0.578045710264378,0.02773426957641601,149.69428584513523,134.32048180005015,-0.1360315403824639,-0.03948101287379015,1.4828733304574682,-0.00034844944250247414
183.2909025902027,202.97618233594014,4.4343696408958655,17.14456848879093,0.0018589015523605172,-0.5776099978019857,0.02487029807939962,149.73610593114927,134.64251356231964,-0.12959915808965228,-0.02598701365930261,1.4899885821865972,0.0005174080154769983
184.0,202.91440245529256,4.04416005595071,17.011878577841145,-0.0015018554832760284,-0.5781595121297749,0.01824262080382646,149.6427675815965,135.54582465098682,-0.29491322018122146,-0.041842067467094,1.4588563529099505,-0.009657270141247428
184.29213332041067,202.92183059908075,3.864307096709097,17.0657960540254,-0.0013438632501981986,-0.5781415616927083,0.02216326607280005,149.63105206983852,135.96363642967543,-0.3071485617129402,-0.04345822798108396,1.4549942295325962,-0.011156069202482178
184.49237980390808,203.04128703843685,3.6648960185718984,17.194945146160272,0.004231509830672888,-0.5783903338244052,0.031530859193347055,149.55172206278306,136.20658717204722,-0.33189414410747653,-0.06474883115837168,1.4397002000573786,-0.013883452047914056
184.89287310119641,202.96483321510595,3.4800314218005703,17.295279828299858,7.772348278359351e-05,-0.5777193033633268,0.03934604634925186,149.59974642994692,136.78886113412136,-0.35811809126396904,-0.04798427115683482,1.438564516907216,-0.016261546860934274
185.0,202.88323526543786,3.4406247889902586,17.35338942092901,-0.004550182073442142,-0.5778472969998488,0.0428624636345742,149.17129316910626,137.57468845859665,-0.3269775725298957,-0.1309601757681263,1.564849949593914,-0.014773106520247277
185.29336683305846,203.0634797713563,3.1925954010497613,17.43245840203038,0.00526533342030112,-0.5775500811973819,0.04727252301463472,149.00918835805416,137.9783802824626,-0.3411356315934936,-0.17110874693640346,1.5496440269068383,-0.016083426809879252
185.6938609926363,203.06552828483902,2.955393015276039,17.428024716345572,0.0051680854541855895,-0.5777884442449689,0.045314978494237115,148.93949153555226,138.60446609191106,-0.3427207674818555,-0.1785717144369812,1.5526811286005124,-0.015804275017146537
186.0,202.99972627450083,2.786414523723892,17.51168096669721,0.0009451974498713191,-0.5781720760921996,0.048118881150326774,148.8513474356467,138.78453055138777,-0.24792016907038045,-0.18948535166152275,1.4962325724384151,-0.009983925965586003
186.09435557320984,202.83242027756827,2.7099735912764737,17.364769016313613,-0.010103463521199983,-0.5810688110282441,0.03603646400508293,148.9595300797054,138.997214719838,-0.2212839816698695,-0.1539558717031335,1.5179571555294018,-0.006983702488688438
186.29460301930683,202.74240648525102,2.6324343949134397,17.243554202497847,-0.01466666456919707,-0.581580023712559,0.026139999104472057,148.98072765906863,139.341076800111,-0.1993955595257027,-0.1415811434780309,1.5296086722441378,-0.004136067086224334
186.6950982190671,202.66353336827,2.4409351866054,17.218572167857968,-0.01838135431039952,-0.5815012510248639,0.023750518102888054,148.97742553646094,139.97925884818034,-0.19547235125464554,-0.13091885135522957,1.5372949440181005,-0.003785557866196107
186.8953459711329,202.70257460820451,2.2755199993290987,17.32457272509987,-0.016911808734818002,-0.581810069517963,0.03146949538762902,148.93393532122874,140.26130746283476,-0.2159714921747114,-0.13799609641951327,1.5305498126912194,-0.006351734123321871
187.0,202.5058635970283,2.3042333844820058,16.893528137600317,-0.02662765326270558,-0.5826909106005107,0.01296311817999491,148.54965390248955,140.5149357125106,-0.7123581575728601,-0.20889756238984836,1.550853783461148,-0.036893571078296515
187.0955938236042,202.5355259184783,2.239082699208916,16.882629763276658,-0.024735615411894327,-0.5826263604700467,0.01185010227212862,148.50656784187484,140.65680972263328,-0.7131873421560274,-0.2175729337787285,1.5490940250535048,-0.036850718538444543
187.49608982665504,202.2297223263191,2.0843315230094293,16.662459561176096,-0.04178401750225688,-0.5847537133242103,-0.005044186662234863,148.64974412114702,141.3995169139038,-0.6878410106409653,-0.15940725269435851,1.5856333991125584,-0.032653918747514304
187.69633797569975,202.3703730480726,1.8714617493819437,16.638290017201715,-0.034207702103439805,-0.58553680967866,-0.007955984155000336,148.50023271404157,141.68235470903286,-0.686373406317046,-0.19528662807290184,1.576230112673497,-0.031857802329789596
187.89658622208006,202.21105824392544,1.7731661164623922,16.74669056892105,-0.04395002055755113,-0.586248594422867,0.0013675815218329099,148.63448807436225,142.03708627271084,-0.717449869231171,-0.1511962047544836,1.5880983879767543,-0.034987317003434555
188.0,202.6027016572519,1.5905598674592323,16.75753860126537,-0.021769554476478575,-0.5849815070597242,0.0014921387314771124,149.11856470969798,142.67654282162218,-0.7580332039568353,-0.06051401251592524,1.679541345083323,-0.03752197350994738
188.09683456504737,202.3945260481251,1.7149989496600275,16.82279559734903,-0.031232547168181884,-0.5826507300608067,0.008519686951681012,149.2264576011502,142.8657451231953,-0.7789026917395084,-0.026567714662362532,1.6895292574600729,-0.03969064347162163
188.29708300386054,202.91567910340697,0.9952184272931303,17.07889868187248,-0.010800723108685548,-0.5901710356186081,0.02323736640643587,148.97497967852468,143.09228985653175,-0.8193970209943715,-0.09906953556096992,1.6579046580501653,-0.0435984802201296
188.89782888807122,202.77258041765424,0.7271276265587067,17.034434956052355,-0.017797239191838055,-0.5898352568961981,0.019446040254558726,149.0318364439631,144.1406649883405,-0.8368145702519723,-0.07056506500728954,1.6785443421081765,-0.04343534151449456
189.0,202.60151383476895,0.7148460116925469,17.25941425710175,-0.027634850967675078,-0.589989202749048,0.028781381797024656,148.99147236886395,143.5989046955657,-0.5338590343401214,-0.07513787750574134,1.5389926473004802,-0.024472411848415365
189.09807770299972,202.75379159567157,0.5356098176389887,17.159355485597924,-0.019978643010755966,-0.5915720641936023,0.019290840008118038,148.8874010617436,143.73404377396,-0.5135601999140957,-0.10515583908726123,1.533523213301537,-0.021693621389805635
189.4985756088996,202.774890369722,0.28347039431589593,17.178181190304848,-0.01840948674594599,-0.5915742714704281,0.020013823979505387,148.82190292202955,144.33859251801337,-0.5240575704515658,-0.11556912632940843,1.5296309725559831,-0.022533198213578413
189.89907387823206,202.89894377088072,0.015066902893099872,17.016714006282932,-0.01003705994148899,-0.5915910327070446,0.005817570528177943,148.6159990934858,144.9317283501451,-0.49598163091077396,-0.1640844368553018,1.5221795641973361,-0.018285499725354946
190.0,202.78751281122751,0.015137677522692607,16.800365619904234,-0.01545260708767818,-0.591883204113183,-0.004582924256100497,148.7513549241037,144.19970808831363,-0.6893685189263716,-0.134128048617223,1.3455329581839615,-0.02987674590935529
190.70007148547572,202.5752733741867,-0.4736438092497896,16.851722719402293,-0.030637376151483632,-0.5954036230841373,-0.00040467746366246865,148.9087577031324,145.21631610873942,-0.7213332846813578,-0.07119994705867565,1.3527867890894447,-0.031051593458753093
190.9003211060334,202.65519613426682,-0.6346077179716514,16.879943370526274,-0.02587161015685544,-0.5953473961901515,0.001402488679379568,148.812176659198,145.4542721192574,-0.731840865068223,-0.0946655721349702,1.3397341957428315,-0.03143478353644623
191.0,202.42283446002352,-0.5860328985852913,16.78776406622345,-0.03774290919757308,-0.5954585882699224,-0.0028076561725938103,148.64430595370789,144.87831262343718,-0.7888440604193223,-0.12387595572650163,1.197861275412411,-0.03457159850355302
191.10057081278714,202.37953222669563,-0.6356170595983893,16.67212509432023,-0.03994207778534091,-0.5960746716120213,-0.011873270835858922,148.65490182760664,145.0229764700841,-0.7714110695388822,-0.117827986211788,1.20184852951709,-0.03217339828116704
191.50107048232698,202.31022013873505,-0.8984442427604767,16.733781412144427,-0.04412123915595925,-0.5968925555317824,-0.0066473537745643544,148.6733266330924,145.51368405201214,-0.7972838910582771,-0.10170322786367454,1.1917908787808504,-0.03395810421995833
192.0,202.35358031853423,-1.2322312793026788,16.896620892518836,-0.04090020668814718,-0.5966278040910691,0.0016538212042869213,148.32148435539423,147.25430389102837,-0.6800313060015181,-0.16562410406298672,1.404405128759219,-0.02627352278998288
192.30207082798444,202.19464462010498,-1.4026909486495664,16.94375364928543,-0.05042925372642845,-0.5977016849864958,0.005680765826405611,148.40163766511893,147.71542465819067,-0.6979982668104406,-0.13147209194382553,1.4130569672775024,-0.02751124015196741
192.502321120515,202.3539081920716,-1.5728580767831881,16.78976163964353,-0.040107330923774415,-0.5977046491865209,-0.0073103549802635785,148.2179369945788,147.97173376746093,-0.6712244616852324,-0.17791039287353702,1.4031711700496508,-0.023923024354661454
193.0,202.35051483228446,-1.8823387704253864,16.859813554816043,-0.03936747512868827,-0.5976275880681633,-0.003745258450784378,148.00547886407236,149.08886137237312,-0.6164746693962192,-0.20862031103752116,1.4814410119791344,-0.020038600951231528
193.10307248317653,202.4286665119802,-1.9685400896335643,16.89875857075387,-0.0345686688073253,-0.5972005328178706,-0.000961405548847554,147.9272498296582,149.21770237206064,-0.6247440445545023,-0.2203581983738531,1.4811149001935553,-0.020953473227346097
193.30332269864604,202.618281123574,-1.9702055430603096,16.728773020465297,-0.01893047296068875,-0.5933624575610781,-0.01380372451288354,147.6662074373415,149.46417874615193,-0.5980282932093932,-0.27195929869409186,1.4816657768311774,-0.01741622082070211
193.50357197834742,202.59826717342958,-2.1088462756185153,16.72692282677243,-0.02041601549296669,-0.5939443105963079,-0.013849971740194122,147.63499973227655,149.77028119451919,-0.6014611568735707,-0.2551784489131576,1.4991115530268178,-0.017810509891294832
193.70382028166193,202.5259147965754,-2.388566687203862,16.808044054094594,-0.028438527340913816,-0.5977460826424641,-0.008291384188718151,147.72059581511192,150.10778311219502,-0.6189763135496266,-0.20698864589297242,1.5244439778473586,-0.019646344689270928
193.90406757381675,202.5513153856454,-2.470607646676197,16.772065585448868,-0.025540066467052067,-0.5967644245748538,-0.010779174795793262,147.6273921392989,150.4020958027513,-0.6164552055875376,-0.20947020671238378,1.535844017356354,-0.018732646901270723
194.0,202.66282600473707,-2.5280188772186767,16.524071935748687,-0.01830093787763624,-0.5962282972795727,-0.022565824335868935,148.08737519207804,149.8984300281027,-0.8729929492145436,-0.11029056373221542,1.411703683318737,-0.03424149249815948
194.10431382038647,202.73060543135324,-2.499949431154594,16.400888700483165,-0.01166211713371783,-0.5940725193923414,-0.03150739642369739,147.98900493161656,150.0309404360929,-0.8558285973123089,-0.12869852366581538,1.413351679909532,-0.031924485276533
194.30455898729502,202.66973374185807,-2.7098533851531608,16.4510250285319,-0.01749813956539802,-0.5963679614661636,-0.02763289218867284,148.04702097599957,150.3365945871713,-0.8714536229507903,-0.09148182200618199,1.4312965126014572,-0.0329660648456745
194.70504594758117,202.65842373206252,-2.9739382598835142,16.475133890893336,-0.018366466245477234,-0.596813374684521,-0.02503212713719078,148.03233162155266,150.91437803300062,-0.891247605420333,-0.05767054122417736,1.4539859994130286,-0.03406702438339412
195.0,202.65407699062203,-3.134168057745035,16.34376485217563,-0.01782159644440359,-0.5967537327090645,-0.029544511190627475,147.752745736385,152.12213292746392,-1.0835539544164812,-0.08925832326802147,1.6240594961042905,-0.04577435499392351
195.10552818911862,202.72632511104723,-3.276709347680953,16.48173366392161,-0.014823278012519316,-0.5971856620826482,-0.019154694358445738,147.71298971052306,152.26678081478843,-1.1121858816228969,-0.09128207936493293,1.6228700552267643,-0.04878560458350809
195.50600545204696,202.8745888089393,-3.5326397982966395,16.577555364835003,-0.005167933716851238,-0.5956563293275143,-0.011369842318192805,147.54394268808994,152.86164375422342,-1.1505741058172037,-0.10306103251747734,1.6322217114401514,-0.051608598358343714
195.9064774822487,202.7853759966123,-3.8368650370622635,16.623738455155614,-0.01237478487648384,-0.597683513369197,-0.0076970567137596,147.63870603057788,153.55451742821757,-1.1808012533433743,-0.040512013698369924,1.6661719341070624,-0.05313264773472829
196.0,203.5926198364767,-3.9472899223148423,16.521337440299835,0.03636098512751347,-0.5914563059997198,-0.011863458638165156,148.9382689830526,155.0360302709562,-1.3823441085479136,0.2131674735439933,1.9278755588744974,-0.06469034861057449
196.1067114572463,203.56439693185823,-3.97712922721857,16.45724309744901,0.03503075968529722,-0.5913050549397891,-0.01650013286452496,148.97535238521638,155.25422289557451,-1.3786187977035176,0.22794769329437597,1.9407053982341047,-0.06343388156093366
197.0,203.77985503599072,-4.601520621486445,16.833051250855828,0.044129135377510384,-0.590546544656167,-0.0010013932065199536,149.97129672296165,156.09236667707592,-0.943123967565677,0.4731599283471691,1.825110056565098,-0.03333099828097813
197.70852955349412,203.26218244083478,-4.284092530660411,16.841160897415822,0.023299823356041523,-0.5807514021903352,0.005580209441203231,150.64146716811973,157.47124609549496,-0.984844834633052,0.6451810980634404,1.8842197656615887,-0.03599278638556426
197.90874987535645,203.12160815525152,-4.170549394771758,16.940173339103442,0.018361900702215703,-0.5771147340052519,0.014961414263178019,150.85339166819983,157.84976213902823,-1.0166170554003886,0.6938466285844072,1.8948740729436353,-0.03914699400725458
198.0,203.23819891251605,-4.283030175051061,16.891497436106572,0.02439018213229716,-0.5773089794099832,0.012483569587753384,151.18234438284617,158.0173118229581,-1.088166453008299,0.7588813996508388,1.8961590114596418,-0.04346627168278603
198.10896853858992,203.1684756390658,-4.223130508892457,16.92165240617964,0.022127124005811915,-0.5754077526150854,0.015634443225755162,151.29091971857446,158.2257626461296,-1.1004150579649583,0.7819341377665682,1.9020884189133718,-0.044218448192823695
198.50940078233222,202.8636037368989,-3.8964586816756857,17.036434808252796,0.01280178558480562,-0.5667660663625044,0.0281779256577133,151.7360077081646,158.99786358540536,-1.149716495755843,0.8744408086212994,1.9224866902457332,-0.048042706364057386
198.70961431035784,202.529707406353,-3.3516366688593653,17.191544487462718,0.003925522438127802,-0.5561894353460034,0.04456289703589613,152.03650957599805,159.37891247556425,-1.2015384658077706,0.9384696539627362,1.9295818710722523,-0.053185355036112644
199.0,202.35836131332238,-3.400927027368386,17.39875122903627,-0.00468373583472605,-0.554920384393234,0.052570561343346325,152.3267384401047,158.89579563818882,-0.9265030723247892,0.9918657521716902,1.7274359525919443,-0.035442850649817725
199.71065499617762,202.1075871621417,-3.2891062029222944,17.48750725244889,-0.010773512270317451,-0.5470106901436502,0.06014978053932139,153.15018280113551,160.12899122008292,-0.971337869530887,1.1234012995985851,1.7357563640596014,-0.03740464245314375
199.91085757064212,202.28529980941747,-3.7641603776048265,17.49908398764155,-0.006334111582021545,-0.552573097767619,0.057459947382918965,153.31650706557372,160.4688178130205,-0.971395235079872,1.1382290059762648,1.735154280548361,-0.036820588172254275
200.0,201.9159480286447,-3.3493506069714987,17.578709149300803,-0.020597432081558984,-0.5466849866122092,0.062097418234759554,153.02751179101318,160.06942621101683,-0.8048674389941581,1.0776852203631293,1.6256030573224232,-0.026779424038289427
200.11105823535857,202.51137659119019,-4.524432450374962,17.66017964126239,-0.004009824600662869,-0.5628891238977212,0.05962557627217684,152.98103928039555,160.21271125407685,-0.800549724989528,1.0452474145941324,1.6138502978308504,-0.026435318156351528
200.311256967293,202.21234634376898,-4.093853967814801,17.66280379333399,-0.012585431501624885,-0.5549738956936723,0.06286197884936227,153.2886851659738,160.55361918972883,-0.8142394614475348,1.1006291326606987,1.6167945779000739,-0.027500554662176394
200.91184134176655,202.4564201131764,-4.836258028061149,17.90927182024049,-0.004593616717416324,-0.5599784846750913,0.07554497729787925,153.86398374836656,161.46540270206611,-0.8628918836415391,1.156958384287571,1.5922247274248698,-0.031376433828176384
201.0,201.8250527146426,-3.904781980839118,17.99493060800484,-0.025759745980196563,-0.5467968786518562,0.08266599422102643,153.2144137275435,161.4441103045099,-0.6439922013902479,1.023286088126338,1.5660810238687808,-0.018667787678245812
201.1120321198397,202.0048538842461,-4.253194779940287,18.083085084496503,-0.0196808897981397,-0.5504761606385038,0.08646232437096438,153.26715907419282,161.59679814759124,-0.6545848236271128,1.0189175272527593,1.556894826543183,-0.019948833031788696
201.5124075285113,201.57637262146926,-3.672169962058432,18.158396193286226,-0.031409853709992865,-0.53860218637074,0.09515598526455538,153.8278675398269,162.23651608858313,-0.6843182671713279,1.108810939187135,1.5513579736023118,-0.02205072095159644
201.71259211799858,201.66079792431808,-3.9043351683045877,18.258643527366825,-0.028073875553010243,-0.5399305212719814,0.10029729496203363,154.0078516234618,162.52388905065058,-0.7014878965379929,1.122311198810704,1.5392933945870113,-0.023065022602200964
201.9127746041511,201.68512029501514,-4.227229145561957,18.07118588607756,-0.029921441139460922,-0.5444610284149196,0.08340871391109028,154.26523519641844,162.88068238231918,-0.6623637883363765,1.1563104662450474,1.546287080532482,-0.01772391069386909
202.0,201.00320198763526,-3.1562781319460753,17.858741026328513,-0.05129841222972718,-0.5296367175889144,0.07750352492277887,153.82999614745003,162.3129552355591,-0.7565531055115211,1.0656408951002618,1.4023534017737689,-0.024224715206438596
202.31313318844667,200.5829013909623,-2.599867742468936,17.791837605521977,-0.06350426282135961,-0.5196697843095193,0.07581263753714962,154.30737031551465,162.7884321866064,-0.7605892847793069,1.1420662097134149,1.3984675434360645,-0.023583897664689855
202.5133092485475,200.32077319164011,-2.3422643986003875,17.52157629922889,-0.07235744703123612,-0.5158888445096578,0.057215404612821236,154.64718574999375,163.1324367705656,-0.7202245651672681,1.1970987248350224,1.4069007590724345,-0.01828462482154414
203.0,200.06078518212215,-2.221664644359742,17.663271455595225,-0.07947430277802853,-0.5105151506619553,0.06304990087059845,155.14176171388786,163.24292750373704,-0.5227277057857758,1.23726778533943,1.263764699106422,-0.005481671317100074
203.7143192228225,200.549183275395,-3.7655690379825337,17.67251366285619,-0.06611695514861535,-0.5281114430610299,0.05240774193240184,155.8794641395465,164.1057861167361,-0.49933538501441393,1.2741458685044502,1.2072025971150158,-0.002171327473582574
204.0,200.24909348245083,-3.383940537775287,17.66102592978873,-0.07390599604873806,-0.5207654381663925,0.05308322839472742,155.9556969480783,164.25519340264685,-0.46046191343353493,1.2481803410353924,1.146777317670203,0.0002409757481969994
204.51494712932765,201.14309453504143,-5.552376614654091,17.793288352533423,-0.04889369927814908,-0.5479123000395367,0.048031140454632484,156.30457531072778,164.76219339061694,-0.4475145504230335,1.215352359973468,1.0823476830212455,0.0013312140395465
204.7150982863692,201.05471304318246,-5.516116325359682,17.786620219655916,-0.051258562009094205,-0.5459118641622862,0.04782390339367136,156.5819967582658,164.9864429647982,-0.4467008373106594,1.2433036649195395,1.0674450406203428,0.001528766213125026
205.0,200.7553296413997,-5.133070860931601,17.64200847715457,-0.059078440634789314,-0.5386367729518972,0.04254534231741873,156.75545302059052,164.61225785014142,-0.5493532781521805,1.230111668917495,0.9027459070228087,-0.005133943453971366
205.51567921069318,201.27795486952002,-6.50454006733195,17.55303813409378,-0.043215186692770566,-0.5545715143360622,0.02734376820522145,157.20162960630563,165.03483591385404,-0.5154466761912995,1.218449885509809,0.838593886016509,-0.0014556792281872647
205.91595526699885,201.42008844484852,-7.016005560436657,17.461466423259743,-0.038078432680157856,-0.5589346948827908,0.01804678703952073,157.61736958426923,165.357896879565,-0.49265296003323933,1.2288098382732155,0.7923368794780372,0.0017118025744026879
206.0,201.58361734066904,-7.371780023088702,17.384507208281434,-0.03327455137569557,-0.5634903626321082,0.014170133037838574,157.73433567949283,166.2345211895803,-0.6573796933219929,1.2446652961063778,0.9482479071132357,-0.008746439657133183
206.11608965053722,201.40634897615172,-7.109714815873003,17.29137861425569,-0.03840176248762145,-0.5592366361488628,0.009515259384960756,157.93368587056813,166.36560697947056,-0.6478292788307821,1.270055247323686,0.9430064357520276,-0.007375046515479537
206.51635107115078,201.76705552505038,-8.016235517967058,17.033609453248648,-0.026181591039477092,-0.569532326561189,-0.013620359178976194,158.28943981921356,166.7282906802422,-0.5958103239597409,1.2576684866301877,0.9008104370416198,-0.0015199512875472103
206.91660262475114,201.56640963189935,-7.848423941692495,16.884981844774813,-0.03123422450749857,-0.5643852252341642,-0.02132655265010082,158.87453323319775,167.11572103491199,-0.5768229234363492,1.3087647432877807,0.8673299774624329,0.0014060838599069738
207.0,201.84843379770666,-8.48582930642043,16.873858662590724,-0.023794034274495647,-0.5726140163471668,-0.0236409566247718,159.24612939804337,167.43083846829785,-0.6675484597200598,1.3686091037713832,0.9062735353722302,-0.004167057095522337
207.5169610253739,202.32369533255263,-9.88985751655447,17.239634562770522,-0.012292678909042648,-0.587316316934966,-0.0037762471044904683,159.81831243898225,167.8171367790739,-0.7164002958892086,1.366158561878406,0.8338197483247252,-0.00903152831053467
207.71707557307892,202.32110566382843,-10.038964444339408,17.396471762133935,-0.013012097622601023,-0.5873298917624395,0.007215204198324223,160.104828659093,167.96679581834653,-0.7449800966525748,1.3835763043745088,0.8076982092922831,-0.01211639913147557
208.0,202.3327081483062,-10.231498936972738,17.231154533230217,-0.012444266249679157,-0.5880350764234306,0.0001590610455721158,160.46037173744398,168.44046437990804,-0.9666897119699729,1.3982115541050986,0.8262280608720867,-0.02566675166902438
208.51750846193002,202.39317797557848,-10.665128322841626,16.97050606886862,-0.010094871009718943,-0.590697600883078,-0.018994132106535687,161.16074152251156,168.87408063251476,-0.934514822989546,1.425102484122036,0.7754826979493967,-0.0205422244777144
208.91770962433262,202.11527350493353,-10.36450235756545,17.098158767797777,-0.01862061383529087,-0.582820326574388,-0.00616233179581154,161.87415198152556,169.1884289034015,-0.9744729943871495,1.4899973789694272,0.7335698232470292,-0.023756530605671074
209.0,202.17746600174704,-10.568336281258814,17.409502032898214,-0.017393175232496852,-0.5843124502165171,0.005961081688928159,162.2698585095487,168.35501113780052,-0.5743333504095107,1.5447290921934531,0.5438524110700894,0.0026937957428412145
209.11780636260377,202.60109248437055,-11.59559778400886,17.705111864337734,-0.006741712325629654,-0.5969274290958693,0.020723495529224745,162.33229208634202,168.37166020035738,-0.6068581268470256,1.5164014305940556,0.5156330293144624,-0.0013092473998217399
209.51799212574005,202.08809009292492,-10.72598086630886,17.586689389036902,-0.020596624524312636,-0.5817725532440274,0.01860722954862445,163.13477055214162,168.61494167833453,-0.6023394447639253,1.599346952042032,0.47330437519708496,0.00010553117081536724
209.7180811407871,202.03604322835835,-10.736867168416929,17.497493739190315,-0.02179563894781503,-0.580598950535947,0.012754259426296762,163.4740803674156,168.7202116703876,-0.5880472444271774,1.6190357845359793,0.44952368424151706,0.0021394421395839144
210.0,202.46153941432547,-11.868451702910875,17.67352484084195,-0.011172886917374954,-0.5936427748148947,0.0166969110012012,164.4616091850276,168.72290165729808,-0.48191955376935686,1.7451044470600146,0.38356334447652085,0.01066805116875508
210.3183326693572,203.06040199843707,-13.529085612867433,17.95526312632644,0.002779703264024337,-0.6137188061563211,0.027135945955402224,164.84128906738758,168.78719705435245,-0.5017712433219773,1.7165465854815598,0.32490526608534864,0.008140429489248074
211.0,202.2933001045382,-12.175912379620854,18.213934559843807,-0.01596732480015816,-0.5888564160171023,0.0434043501376461,164.91691585386894,169.28179027573117,-0.00602997780623632,1.5390770307238069,0.29356288943413994,0.03719269695000164
211.31869997569524,202.76691153755016,-13.460859296349492,18.388900698889437,-0.0033389765336623353,-0.6037024326056707,0.04806685385953906,165.2429312159607,169.3295121008476,-0.004390153437530285,1.5030669630300177,0.23861770090345574,0.03638290642078401
211.5187656319483,202.13974573362412,-12.194564166027245,18.284637712618096,-0.020839938660548576,-0.584773006434069,0.048367292138862976,165.7975447739787,169.4237959049437,0.0019556499345980364,1.5837945891980163,0.2205584536643373,0.03721577770997505
211.71882868401232,202.39987786970212,-12.905482583318417,18.620974552479968,-0.013836574892536351,-0.5919678680199458,0.06741727347102813,166.00494708067552,169.41605963206544,-0.036589580941748474,1.5608679477201366,0.17882931956677495,0.0320500926030443
211.91888913162083,202.32262287694866,-12.845767846665622,18.628060210380024,-0.01574996614665192,-0.5894834434979364,0.06801548316356307,166.35154501805897,169.45403738832178,-0.031693275529970116,1.5781327130806053,0.15014683231160975,0.0320877691404192
212.0,202.37858042576727,-13.027744225995121,18.626737570135045,-0.014341639181383481,-0.591347796251598,0.0672982644825093,166.53808961883857,169.50230943621133,-0.05419799720582437,1.5932023685264851,0.14452691079277127,0.03069431837051754
212.51905485116268,201.65960536208516,-11.528053162161388,18.70336595425655,-0.031420381106423,-0.5656776769760093,0.08058651108244735,167.62802798072659,169.5813489403834,-0.07035009605380801,1.6878808315509573,0.07033563233662518,0.028561831496902806
212.91915232205295,201.84832847346163,-12.315114778962416,18.725185505104196,-0.027257193420738447,-0.5737107405199713,0.07665345873364816,168.22986109886153,169.59230438328643,-0.04868679085474505,1.6839680292842631,0.00730293246244697,0.0302096284477997
213.0,202.14893647604666,-13.09706769709099,18.505898656951707,-0.019903290875886118,-0.5842634245351876,0.06478978194230475,168.68533433471185,169.81507991875216,-0.4149568444596523,1.7519605017308917,0.0362024775223043,0.00757025818128472
213.11919716018636,201.76697495931592,-12.145131743329047,18.461140689021075,-0.028242362482266255,-0.569946175884013,0.06702559857017151,169.0024603892128,169.8312400594486,-0.4198828209219966,1.7903815458912236,0.02055332418588339,0.007056088362241907
213.31923940343847,201.51419897237514,-11.628826821036952,18.32131215169726,-0.03414176170526431,-0.5615802059972077,0.06012836841697014,169.4446297106001,169.85269852969716,-0.40307401127639503,1.8252616376432318,-0.005249431708370235,0.008920006610435788
213.71931611774772,201.85243239891284,-12.858327810987033,18.421653316242068,-0.027020733039230766,-0.5756312042463232,0.059653147146584276,170.0532051600676,169.8236040011672,-0.3974434382227199,1.808370319625094,-0.07071029997192904,0.009689827044898628
214.0,201.41728934698767,-11.960704088160064,18.169852018596455,-0.03702243709173382,-0.5614964088180443,0.05153514296530051,170.08309900488874,169.58339274194321,-0.5916834067379665,1.7198730453715232,-0.1485115440891346,-0.0026339411032961293
214.3194139007166,201.31796914161504,-11.964377227667772,18.03294026394163,-0.039818313932091516,-0.5596179963274119,0.04202783012825377,170.66922850044438,169.54947003965293,-0.5707115803215957,1.7187547765212114,-0.16634894036874395,0.0005069236672225236
215.0,200.80332588891304,-11.091859821937666,18.25770958136155,-0.05101738372731494,-0.5419588149482575,0.054321898945268544,171.11657087303115,169.56186973235475,-0.19087156037624353,1.5480663494427687,-0.17739625462008235,0.023371646487619312
215.11954294863864,200.91903440098653,-11.470015183526789,18.340948127115137,-0.04793034023646516,-0.5460915814487519,0.05780427215271237,171.2602206169682,169.53161856800878,-0.19556268336213797,1.52900689607408,-0.18675605838805723,0.02272178957895914
215.31957611807698,201.32108149035128,-12.600694725350289,18.66568280126102,-0.03691179883422566,-0.559294468074547,0.07347110202049761,171.40665895655246,169.45594852334548,-0.2260533082870147,1.4717372751034652,-0.2078329619584351,0.01867759163841875
215.51960964989945,201.03891066392598,-12.09425417228754,18.46942820601689,-0.04525978418172863,-0.5514568206764071,0.06251917654729522,171.8283300891241,169.44275591311836,-0.19696266573447155,1.4951789357830128,-0.21430702192355588,0.02188040606287322
215.7196435438014,201.12692759018074,-12.461817499888905,18.514169777169524,-0.042803667628388005,-0.5549602282573376,0.0632865002108172,172.0831481867849,169.39312773265095,-0.19424131662006666,1.4718293859197544,-0.22808229984822642,0.0216719852390663
215.9196777994751,201.43236605101376,-13.447049409672468,18.52746339437893,-0.035255751319623566,-0.5672868469602453,0.05843382528892137,172.22834279486563,169.3397387595928,-0.17716388874268604,1.419527793077668,-0.24095727740000314,0.02343717447821281
216.0,201.36261974271713,-13.313332893158837,18.77093922856694,-0.03675623542285814,-0.5643010153104455,0.06952495447723184,172.18977179575012,169.79562744708252,0.10627863872756366,1.3859575995919133,-0.14649789206108632,0.04009799374412555
216.3197473948928,201.25874106419587,-13.277990555398338,18.72570519089015,-0.03951622524265568,-0.5615289422449173,0.0661099120956395,172.66875753205971,169.75469060779778,0.12675244556486542,1.3760017696094184,-0.1607505696094252,0.041454571126043234
216.5197827340069,201.15580846600625,-13.11591267490387,18.801418319147864,-0.04178555759796605,-0.5574344708745325,0.07193298411691405,172.98110011972554,169.71732221337035,0.12105702407397462,1.373493802278711,-0.1728727906492073,0.039609688560396886
217.0,200.67384995727693,-12.087695006842363,18.786064736794955,-0.0523356171537789,-0.5399747989171962,0.07301610183002817,173.27473168503116,168.28424120312468,0.29171470446639425,1.2680114175311052,-0.4727700701203442,0.05215335413794263
217.11989091313046,200.84457343120476,-12.655598935263775,18.71759502257702,-0.047915640864004946,-0.547350028483424,0.06491050497072123,173.36406596216943,168.23026573060892,0.31666115230639424,1.240768301383163,-0.4809963767764868,0.054673235383554356
217.31992769234876,200.9212794916064,-12.926140828509398,18.875862550009206,-0.04473491099650087,-0.5490612000842444,0.07400954575206302,173.5678497979239,168.11612448971016,0.30698883164161855,1.2127415857325,-0.501255574639222,0.05284590925210135
217.92004018390531,200.8258816071945,-13.07451214355415,18.942437191481456,-0.04672103003112895,-0.5464237300179224,0.07655746352874243,174.31962789213335,167.80059177086392,0.3326134649006993,1.1748997222977113,-0.5496785082014406,0.053746736754196625
218.0,201.28960313377868,-14.386297258822761,19.138541157648795,-0.035323513273247585,-0.5633432914404309,0.08103268034207264,174.94210281675782,168.293105451234,0.3969578083850679,1.2726222617422025,-0.4487675728242297,0.05691692450552559
218.12007839793705,201.2037791554962,-14.18356680203016,19.244491243197565,-0.036995210759512204,-0.5591606897795836,0.08916912474566208,175.12045546399605,168.23135406533902,0.38527012092371316,1.2722812006035291,-0.45943882060894026,0.05485053454495406
218.5201558992229,201.01610287602855,-13.821746653139424,19.446061441162428,-0.04044766243796346,-0.5502431415776879,0.1039149778983743,175.68889388598458,168.02636723006165,0.3718490794510803,1.2632691872883461,-0.4925116233960602,0.05182023337247349
219.0,201.41460304736523,-15.252265209766525,19.20297188447735,-0.03029672956859649,-0.5667302464103992,0.08803100754122231,176.8890023652145,167.69628583168821,-0.08790669525985989,1.3469852334069328,-0.5489276220515917,0.02219896071106028
219.12027482899694,201.29239736706734,-14.989531373398025,19.18564055491783,-0.03355202793004026,-0.5621477410167799,0.08793307864031526,177.09534033672617,167.6345443312752,-0.08555754704612534,1.3538300281924824,-0.5563196221176291,0.022093750989138967
219.32031518493847,201.6082687056625,-16.0066755407156,19.29218003537292,-0.024676492797935153,-0.5746395961574908,0.08908099972389946,177.2319027323843,167.50624383065266,-0.08218244352468133,1.3035126108426291,-0.575527061497512,0.02237556805962198
219.52035589662694,201.64326487345411,-16.338452781974368,19.211133667678226,-0.024843243746064617,-0.5780854654698451,0.08101196738802352,177.48627909704356,167.40205546877257,-0.058367393950560176,1.290392639855242,-0.5869433408314769,0.025096047681680257
219.72039696370155,201.5030112701687,-16.254969182470347,19.016871639950278,-0.03085875232908161,-0.5760358257934056,0.06746575638817677,177.83566380609747,167.3171610159919,-0.02117357933754626,1.3039874341085835,-0.5919724878143775,0.028746670479374015
220.0,201.92409771568478,-17.679262247357876,19.009742252375823,-0.020053832616518295,-0.5930945307242641,0.06322874792592786,178.6523727483688,168.15400186697983,-0.23745868658090014,1.3848091664945652,-0.3996274026379726,0.01323285124054958
220.12048016255216,201.127891595674,-15.434663384896838,18.84995688800345,-0.04157522509891541,-0.5608230875380396,0.06442654252350309,179.12198537399715,168.13742829987547,-0.2428537270439821,1.4719919058817257,-0.3947082365301709,0.012283249834489675
220.32052229359326,201.44110771961255,-16.573817283360924,18.986454866345486,-0.03395306160787745,-0.5749440557416021,0.06734372319593214,179.29271608514992,168.04117854130268,-0.2451610719657728,1.4280374865404395,-0.4096335944797625,0.011975989735356454
220.92065080871478,201.5149444564651,-17.218380527294382,19.044813960444095,-0.031581007960929754,-0.5791445719783349,0.06693167532443565,180.09312157710144,167.78207360463713,-0.23630084832223022,1.3909525777769582,-0.438968379134381,0.01180506537174651
221.0,201.70210958696913,-17.860480382129424,19.33490884425422,-0.026506313465693133,-0.5864134237058348,0.07809421742865794,180.32705715385222,169.17393591279873,-0.03159180966175379,1.4276085504217177,-0.1410057878444339,0.022437909438542722
222.0,201.4759285939919,-17.825060296953552,19.606493399218717,-0.031398559317200245,-0.5776004576594411,0.08788281609267795,181.3775540395136,169.01149685159078,0.3046085030972931,1.3248438527185258,-0.15722133098812927,0.042572598248415326
223.0,201.52653210537864,-18.591326984594335,19.78579116430859,-0.02897520291138213,-0.5801895448131488,0.09088294274353136,182.94560372950002,168.29405561144947,0.45935490845583393,1.3318030382356207,-0.2850025034514443,0.051501027197419814
223.52124426248068,201.80647777174534,-19.642248320247916,20.170226926272605,-0.019106220802373845,-0.5896066584268671,0.11001021667065367,183.48739889106986,168.09460858944257,0.44344915358806536,1.2702097073404037,-0.31122658147587745,0.04698469504372021
224.0,201.69787899911512,-19.662954035241878,20.04896905706249,-0.022240399071414906,-0.5861755724698307,0.10376976063658831,183.75965340823453,168.17881368765302,0.26528325076311,1.1861516598787196,-0.27478827057683086,0.03512860198654423
224.32143872426101,201.04927115301228,-18.126479960606208,19.892149777373824,-0.04320778990897181,-0.5622280081934241,0.0999957732908952,184.42786428582264,168.13181796239695,0.2804496120448716,1.2548733977605764,-0.26865954344237264,0.03595005656820624
224.7215380326087,200.63704138155478,-16.9994173979672,20.036754317695216,-0.05321479485693427,-0.5427203594874903,0.11416067021274681,185.11076180543415,168.022406314534,0.25730016966128577,1.2910049513181119,-0.2758394570376559,0.03178729934677353
225.0,200.528920238487,-16.75137015499343,20.484689145103836,-0.055144058030863426,-0.5366116676989532,0.1322120103640468,185.27215936976717,167.88678057821866,0.8572680300271842,1.240897616052027,-0.29254766928292786,0.06923923660639895
225.12163872142088,200.56207181071196,-17.156423699548515,20.258891992845108,-0.05608554613110332,-0.542207052804318,0.114266505242472,185.4203757658907,167.87325072927902,0.9060976994945754,1.2355982447730702,-0.28876438336454585,0.07435831695541528
225.3216895824322,200.35401967111713,-16.657549069502014,20.217046498870516,-0.06178847768297823,-0.5338373580396977,0.1130917724508592,185.74872624642887,167.82579026960966,0.9221379088474283,1.2516876052870765,-0.2893697142344949,0.0750557971960928
225.7217923355079,200.69899758569312,-18.031983475967962,20.40752823725046,-0.051186795426388015,-0.5497452765456281,0.11677967757839619,186.06519420821755,167.68296605465284,0.9468395800239199,1.1865433052692222,-0.3037118912247658,0.07536998821273001
225.92184422670275,200.10135267215773,-16.441503835985017,20.243449749524274,-0.06966321932730249,-0.5261726765188663,0.11304943752226683,186.63262349770594,167.6665813151524,0.9657068683948721,1.2688136373225638,-0.29559261149698024,0.07579720228290779
226.0,200.11959894331292,-16.647114787292654,19.972007819947137,-0.06960118678427014,-0.528805242513239,0.1010112907531506,186.745297830636,167.83604448585888,0.5941004180657685,1.2711615741922184,-0.25851657215441626,0.05221227039326172
226.121896460419,200.0667997077627,-16.34525782088842,20.328925715750298,-0.06886842286759064,-0.5224412327069937,0.1257583838334206,186.90634800240764,167.7753376121648,0.5450079088620577,1.26941752978627,-0.268051994273715,0.04615219204924583
226.32194903621658,199.92927440319693,-16.217122189010624,20.13674525978703,-0.07396928479213201,-0.5198331906391535,0.11251305818920147,187.22219421215885,167.7454309911005,0.5835516596811001,1.2811638913241543,-0.26508710658698226,0.0498249168471255
226.52200195365313,199.85051981072036,-16.296331225441712,19.88838622901965,-0.07745107864676307,-0.5203824034916368,0.09462262550898137,187.51873962436105,167.72181128866578,0.6349640917996174,1.2869275581209934,-0.26065876784979014,0.05468974388686073
226.72205521228437,199.95446878152435,-16.80549128019892,19.981582975226722,-0.07416985294442827,-0.5258378563580075,0.09748452940139349,187.7156272833784,167.65959937018874,0.640268308445514,1.2642211509448325,-0.2662978919240389,0.054666488557160144
226.92210881166383,200.05114100313708,-17.166366239215918,20.28230999996012,-0.07001744541081883,-0.5284584072343199,0.11494996015256917,187.89794452693985,167.57051761122625,0.6092760949765585,1.238716747683116,-0.27809185211862697,0.05061286938368825
227.0,200.34493533246498,-18.262744603010212,20.316115696786316,-0.06108271885272578,-0.5429619648541796,0.11376915355687751,188.3972166275007,168.45724303314964,0.47045767235528424,1.322641470977793,-0.09894862476221097,0.0407519731917383
227.32221703087134,200.1381261313368,-17.889983718329155,20.175752421047108,-0.06726976692902657,-0.5357513447273986,0.10476784600286465,188.91252418756855,168.444966059933,0.5026460996843496,1.3422884980485308,-0.09347780506095973,0.04361636102680121
227.5222716497962,200.04462918468985,-17.70739027798622,20.172286219335405,-0.06944614744888808,-0.5317205512729993,0.10463008868639789,189.2201065361956,168.42956632682942,0.5109635388071099,1.3495763320137584,-0.09188768257582593,0.04409784208948885
227.92238190401508,199.79641701800102,-17.115074112129925,20.12951593037766,-0.07556565411871984,-0.5205465312987603,0.10311576821334996,189.8931041120231,168.40527456906244,0.5300961617842458,1.380131173682317,-0.08783749225410946,0.04490383753168254
228.0,199.75795204147528,-17.15434054945687,19.811000261898045,-0.07735745730534656,-0.5209288998927379,0.08940867727107568,189.92498692051257,168.55884163859517,0.13379353177620856,1.3655102011661746,-0.05542570796356004,0.01992151253953704
228.7226064650748,199.63118422522305,-17.27237743780224,19.827276255672864,-0.07942938714955407,-0.5174104373643845,0.08748988406580788,190.95028583636733,168.5263328824876,0.15222914834545434,1.3672096809809666,-0.04830358298316008,0.020845204386447932
228.9226634469351,199.50316650203396,-16.867394548843976,19.91884592621823,-0.08195019508191329,-0.5098748156307363,0.09516400987385769,191.29217983215563,168.50709512087826,0.13607985646634146,1.3839953424472726,-0.04936831548631345,0.018560244189291357
229.0,199.51591734052337,-16.902507803791046,20.138057468517793,-0.0808337153667308,-0.5095569811005358,0.10408061881648197,191.44409812361457,168.47318773525743,0.3951652684039116,1.391846831276511,-0.05469160802609544,0.03476112325848275
229.32277841729896,199.74505031566736,-18.295510131966957,19.976900381429044,-0.0755137876218075,-0.5277679307882888,0.08449825868182996,191.7725502179965,168.47787397541714,0.4541066285817559,1.3517656390202084,-0.04591931311874491,0.04071821121010287
229.52283640486036,200.07687659181283,-19.746029463989213,19.953217441604423,-0.06533016361364018,-0.54740715874312,0.07473395718242713,191.84177281978728,168.47369842225848,0.48894582702746175,1.2894518725228188,-0.04200527811775189,0.044120114995456566
230.0,199.97600288412224,-19.867774880592208,19.635949333060488,-0.06830267887380717,-0.5458977873413685,0.06027882508255343,192.30504641081183,168.358464178159,0.1022762452262061,1.2482901978968144,-0.05563014656592569,0.01946127882128258
230.12301237137035,199.92312097994966,-19.807235843583598,19.491412730068497,-0.06994017726704234,-0.5446687690475215,0.050641883406552735,192.48144303273511,168.36436443023945,0.12579749686829322,1.2520396936134206,-0.05099640871036839,0.0221650096221958
230.32307169322397,199.75653126780367,-19.44629235296045,19.732644384462162,-0.07588440886329799,-0.5364989294808458,0.0687699990110445,192.82641390054349,168.33498450310816,0.08719561766627851,1.2750403406416084,-0.0550316956862196,0.01712430598675771
230.52313134745236,199.7955008485341,-19.775617793069227,19.647513930685584,-0.07421754693179998,-0.5401911175445228,0.06087227387114946,193.04683539937506,168.33448342739905,0.10980049935503786,1.2604625833571017,-0.05037691820802737,0.019297381773697594
230.72319133357274,199.79454282282356,-19.912466238906244,19.814646722596333,-0.07367199549923169,-0.53991990073638,0.07130700697821074,193.28952915272512,168.3079420504279,0.08859034192198005,1.2526903904302182,-0.05270925745857468,0.01688732013528036
231.0,200.0252993747779,-21.040022683025942,19.79511194179714,-0.06608628343315318,-0.553562247840843,0.06736743727237463,194.08517642569646,168.8756944235443,-0.09880205356218258,1.3369361584112998,0.06257490330392396,0.004997147743677486
231.52343458725613,200.23426212371606,-22.174557622031347,19.96783273210526,-0.057195583721677226,-0.5655999499399564,0.07235847730115032,194.61749662125115,168.9005535986615,-0.10538710555912949,1.2799701731853717,0.07153138432269555,0.0036887749638953556
231.923558192769,199.95972531850762,-21.644816567241605,19.8679338480428,-0.06755016061251459,-0.5544865371504272,0.06744184274917792,195.34253216679002,168.9439714059821,-0.094455865028629,1.330808098386072,0.08258428740590684,0.004808879586471815
232.0,200.31571781832162,-22.947294893326216,20.20025694496021,-0.0553529024781512,-0.5717977700090008,0.07762316501692224,196.20866624339428,168.87139558099267,0.15493042632151482,1.4806169938382647,0.06480814903265195,0.01999182576047974
232.12362048846902,199.95769815677806,-21.581354879708456,20.168624401708502,-0.06685348411682485,-0.5508339455874514,0.08237256460561308,196.58812219232772,168.8746840691684,0.14310057363558956,1.5411500277217933,0.06531492350725311,0.018470493324580742
232.3236831121369,199.93895167840193,-21.65125682467918,20.223366860952122,-0.06691314077675257,-0.5500875392863659,0.08521686231838346,196.89957508956726,168.8841621603807,0.14021501797397679,1.54377021290141,0.06837296649789368,0.01795116074451352
232.5237460632747,199.7585259245029,-20.897312230006985,20.384989942963053,-0.07124462153778585,-0.5369615806219901,0.09978672164009994,197.31675254856088,168.87497008035425,0.10723566530202605,1.5773553006920218,0.06528436844847973,0.013704632683911928
232.72380934138295,199.7178813374657,-20.865699860779447,20.403985756803618,-0.07191087087465509,-0.5349707515337501,0.10046522304737511,197.65119035175817,168.88690485267063,0.10795503694314877,1.5852988397088004,0.06836701340083172,0.013225398027040444
233.0,199.43750000637988,-19.999885891724002,20.29223214228241,-0.080350498393035,-0.5208930410651039,0.09763874303685895,197.5540247472318,169.24615242737428,0.04819099219278987,1.4851226807930618,0.1443182947063163,0.009809264987253583
233.92419584824285,199.54615343012736,-21.481922985133732,20.270382463136457,-0.07537052169601134,-0.5359205748770599,0.08445424329462334,198.77754910950802,169.4197225888025,0.0932416335429648,1.4462654096988983,0.17722190362593598,0.014889659660756284
234.0,199.5324025345718,-21.511263439527575,20.224217623517355,-0.07577147526507855,-0.5358116768841608,0.08221739563646888,198.86859282833314,169.30307570931788,0.03701545990825288,1.4422802449388952,0.15347067365288464,0.011309260898655474
234.12426140102795,199.69081757148643,-22.319605737612807,20.236917723183932,-0.06998917086218666,-0.5468203256572982,0.07844173516509564,198.94623244294738,169.32936557047077,0.048721457877234614,1.4111672630563352,0.15913578264657485,0.012300183235007712
234.32432727673233,199.67557039250124,-22.403795880349072,20.317744576435775,-0.0699326579110175,-0.5461496612040349,0.08308762343248058,199.2291935462531,169.3551050169502,0.040467924109796966,1.410110365203914,0.16268873207964027,0.011335859108468063
234.5243934748429,199.95121996160097,-23.79486924303433,20.099954325667657,-0.05956185137493555,-0.5665331608482249,0.05999184285962933,199.29653035976997,169.4288695140886,0.10093720303409648,1.346976909829091,0.17961661509000232,0.01842860893404185
234.72445999484523,200.03797323041783,-24.275666920916176,20.372707606492984,-0.05569889560433096,-0.570820880513864,0.07616308133469418,199.4859161973447,169.44052355716101,0.06635862350765093,1.3219259980385332,0.17895420022040676,0.014049235863104383
235.0,200.31082994501952,-25.560178085532804,20.727229331984674,-0.04533937404985234,-0.5864835291816208,0.08652653926943431,200.51583967166155,168.7693883013656,0.3709210482917758,1.445744695643065,0.03957672119553726,0.03266028066895628
235.12459399846037,200.45511601396214,-26.15938236374683,20.832375483304162,-0.03899466954932839,-0.5942280274286292,0.09029631695549242,200.59850154369641,168.77160628422953,0.3679610192971372,1.416127578611884,0.04042632740604054,0.031962426923440944
235.3246614810374,200.4442386936468,-26.264310478279356,20.868126382751207,-0.0391160852385213,-0.5939235087008697,0.0916005694271276,200.8839270672031,168.77804017836172,0.3712829354823578,1.4151576837904065,0.042677141511405114,0.03152369346882367
235.52472928343454,200.44974697631736,-26.415354308399472,20.934034917254124,-0.038466650768412415,-0.5942228722830366,0.09475108872234454,201.15631948321564,168.78220993119982,0.37020316554052546,1.4107194059227692,0.04443853713616756,0.030624505380933646
236.0,200.5882463550701,-27.370830629538094,20.98975020397958,-0.03289275465021354,-0.603847977796187,0.09339766855598415,202.2026474593758,168.81158136688182,0.31643090265607166,1.4802778997619195,0.05092910594226458,0.026770560732648774
236.1249346043276,200.41138919659335,-26.7822474555252,21.09390499643828,-0.04027139902650623,-0.5929766228331315,0.1033807932511816,202.50479484725128,168.80086730421533,0.29552436448758634,1.5153140633266309,0.04770117098098364,0.024012915697332285
236.72514278475813,200.1604907731776,-26.340961759187316,20.86285682150151,-0.05046392062068264,-0.581803843016898,0.08707890246266607,203.6170618998407,168.8516685880446,0.34756350842741696,1.5738583286827375,0.061283149218637,0.029094456637241552
237.0,200.15673669764766,-26.613276489237958,20.746500092889207,-0.05041098154236542,-0.5835199715964152,0.08084479093872748,204.07770385720278,168.69798564498333,0.1771410430622239,1.5817606881944348,0.031100411547361977,0.01834508029566887
237.32535381047924,199.91859444310379,-25.756517842490243,20.622523249381537,-0.05906473841922377,-0.5684523570733808,0.07597761948788276,204.7584286218967,168.7068335686526,0.19175696587250493,1.6330863844477315,0.03438376470316258,0.019303090201761748
238.0,199.98731126752696,-26.75520305185566,20.43792754210595,-0.055431051156576955,-0.5774925443758765,0.06448667377743243,206.2244205570269,168.36328817383884,-0.15417574731936015,1.714060485557252,-0.03340288127379182,-0.0031647800365896955
238.5257843403184,200.0268863361863,-27.449063277173877,20.551018300538566,-0.052985967392589296,-0.5828355674731257,0.06788133785036482,207.0727223219749,168.34514903873628,-0.16299717966315874,1.7099956118706163,-0.031218962905574552,-0.00408144555296684
238.72585718809077,200.03660670625823,-27.646170778931786,20.687920828528867,-0.05211959500971983,-0.5834210861858551,0.07599900719507109,207.39745463244935,168.32649261441787,-0.18339286613040298,1.709058947070096,-0.03332554038921817,-0.0064974758137748
239.0,199.93486247369867,-27.303159704652217,20.81264737299014,-0.055287569703946604,-0.5760827550333555,0.08176934427639086,207.56893362117955,168.63472213327094,-0.0023197412316552646,1.6564564316014754,0.033214462041687105,0.005110705368770561
239.52615168167287,199.8957453717444,-27.533280604559216,20.896298032510128,-0.05560535983097903,-0.5748075148697049,0.0849475264815907,208.45028590164878,168.6483723404281,-0.007327126548115296,1.6642285699271873,0.03872068407097624,0.004106915994569165
239.72622607797726,199.95861309041396,-28.067559131742442,20.925226275964743,-0.05278987847555672,-0.5809937680165357,0.08354832182312652,208.71733653084857,168.66380147493868,-0.0020405879375215916,1.6485499580344478,0.04319972093355896,0.005043593751306315
240.0,200.08726897144024,-28.97034697009176,20.983051732810015,-0.04704691454595636,-0.5918202820318996,0.08322357589340153,209.67540509207421,168.9130341350928,-0.05844481481495578,1.7491250422686244,0.09236146426899686,0.0011269660182581338
240.3264511131497,200.41918215445511,-31.22618813848691,21.085125632932805,-0.03388314660703271,-0.6220324322467946,0.07750002119972965,209.9815404041321,168.97358480026392,-0.040192415116783856,1.6802916268293506,0.1060639004786324,0.003341419463529129
240.52652673846936,200.56438198584362,-32.059876157780664,21.22835409670295,-0.0272640292005705,-0.6323165840716891,0.08250985342202152,210.19310584359482,168.99671772836768,-0.049587659269637506,1.6477784780375084,0.1099505195041028,0.002443739052055467
240.92667890620856,200.69450358849932,-32.863156255996586,21.541616037069012,-0.02063477022822848,-0.6396400960788213,0.09873950710839814,210.71703799851585,169.02335918395903,-0.08749755204800982,1.6150402538715585,0.11239509432739211,-0.002101211388566166
241.0,200.4328986299377,-31.63640929790398,21.18282280702821,-0.03202965647958898,-0.6212167477639565,0.0869989014639715,210.00180351014916,169.15595061690948,-0.3913753840396791,1.4554397422725838,0.1401478630259872,-0.021070128550849453
242.0,200.44332216840183,-32.46642705091276,21.40194253173623,-0.02997501300220849,-0.6241501191752762,0.09151402654242222,211.62055860961922,168.75777217774458,-0.25296318561358344,1.4782325193736583,0.04935435662905187,-0.012505031878435864
242.72737868384922,200.34178427993854,-32.54245744964194,21.60284878800107,-0.033699407252568966,-0.6174955583526567,0.102327447150644,212.76497075388025,168.77315337373116,-0.2891652126842888,1.4919323927902055,0.05073844149957368,-0.016283796341091453
242.9274579432789,200.32960245092104,-32.57290968425047,21.697034338030253,-0.03374639641452732,-0.615838182154733,0.10769698863048005,213.07031084102812,168.77343563699154,-0.3059541920888605,1.4924289181054662,0.05067319218714123,-0.018340632324180928
243.0,200.30386363637788,-32.51965415328109,21.61146391710037,-0.03500166646505793,-0.6144445140915175,0.10442306472548392,213.1065003439473,169.22141718237154,-0.42990651361955534,1.4780488524235407,0.14043202959830614,-0.026086829178676822
243.12753750193644,200.2015644657766,-32.282528052139675,21.551095082887876,-0.04004703450556653,-0.6094354397031442,0.10109542153270804,213.36053214793336,169.2385495864969,-0.4266184044960819,1.4955617034318898,0.1428913727723875,-0.025360996875384335
243.3276173592622,200.16801592532698,-32.27133326341341,21.592918061448174,-0.04121637938308286,-0.6072624022756814,0.10317831411214813,213.67939270600556,169.26297430769372,-0.4367825238994991,1.4999640238516807,0.14554148563635763,-0.02611606182345178
243.52769751469586,200.20638750599622,-32.768723525752556,21.460491805119958,-0.039449489926646326,-0.6135346076024686,0.09121168666861582,213.93673946074952,169.3142030690872,-0.41320381738955336,1.4872145319329453,0.15518303569696362,-0.023382865078763335
244.0,200.21828198979406,-33.1345468750732,21.623464466023854,-0.0377909875327802,-0.6147054562779608,0.09613124742589868,214.7508360945292,169.59375748230335,-0.28914963336102995,1.5050902697157424,0.2065516927086545,-0.014956463944386086
244.1279397640307,199.97365161605288,-32.304344446644876,21.435512037118794,-0.05003761691911323,-0.6006544373497381,0.0874389522201843,215.11092811677767,169.61615544928614,-0.2739714029590308,1.5512038091373481,0.20916079191679007,-0.013122899431183065
244.32802110627924,200.03043498398085,-32.788737495989274,21.397567644398332,-0.046892117644952394,-0.6065902271294816,0.08201739664992827,215.36738723399628,169.67095556588595,-0.26339657729592986,1.535902468822247,0.21762248075107749,-0.011720499557616192
245.0,199.82816508260146,-32.30864070778268,21.450859079122786,-0.0554868191883843,-0.5928821903001079,0.0846376421249436,215.77058785985236,170.49718929136867,-0.18455095296402907,1.411477289308521,0.37138511497977494,-0.006185848199901021
245.1283494225913,199.7918628860431,-32.27825872624403,21.25970466283785,-0.056995063196220275,-0.592163999122345,0.07202709777835958,215.97314589435817,170.55816397713676,-0.15768630060291156,1.4153984828167796,0.3804386469218499,-0.0031439643885818633
245.5285153412252,199.73011069863307,-32.351752490463255,21.25177724011485,-0.05902197386634424,-0.5896627027633341,0.07042864618017022,216.57223685889176,170.7125436919258,-0.1556652196071731,1.4183679492110608,0.3966104497784615,-0.0029972820578261783
245.7285987386794,199.39645465337716,-31.06929197396918,20.990701722038175,-0.07577581483066541,-0.5681506522879344,0.05932290579614646,217.164349808148,170.77753058972252,-0.13334412277657282,1.4977489715809924,0.4014376515709433,-0.0008312552045554801
246.0,199.43146645035947,-31.351167314804325,21.267466643513387,-0.07264147503689043,-0.5700908932754133,0.06963931047027898,217.7261055303421,170.6346425343628,0.18984478261494078,1.5264202614546487,0.36257702236249834,0.019137309847755638
246.3288506767792,199.3466626211877,-30.95489534470203,20.9844692588848,-0.07521484182820456,-0.5632723293564726,0.05279287069723525,218.2924537967709,170.76921657145138,0.2331565264876316,1.5434973483063803,0.3792486202514121,0.023674343522114536
247.0,199.3260780551531,-31.502927872445497,20.96986267256399,-0.07368626720111231,-0.5659875601318014,0.05037476405974265,219.46865835459496,171.12298948353566,0.15940513591440755,1.5706643615271485,0.4226435704528756,0.018328360211744422
247.52936235757707,199.3745717246072,-32.282516800515936,20.953579872566426,-0.0690410928361885,-0.5738690443191395,0.04532221073042222,220.2162982682129,171.36943489218604,0.1822247058865068,1.5487841436371146,0.44813546556961004,0.0205078916030254
247.92953521358407,199.20437208540645,-31.58296122830262,20.867279843501574,-0.07648514910215397,-0.5600223424179145,0.04313214914444713,221.008464538296,171.53346865913542,0.19342922799581486,1.593804422689994,0.4608612575210462,0.021147048849315016
248.0,199.16828304714303,-31.671239361695037,20.46315038146107,-0.07832155589732338,-0.5609986701662875,0.02600434918818759,221.00576533182752,171.1862339661515,-0.32023772662435707,1.5716689708191292,0.3875772830748996,-0.01128179871540011
248.12962206946662,199.23528953306237,-32.009689094680525,20.27878056406004,-0.07394023972660903,-0.5667389741894124,0.012852135361690406,221.1541370910463,171.258350781543,-0.2921000110254035,1.5565175854891153,0.39790512830910657,-0.00790031864201185
248.32970920983846,199.29842312839506,-32.68899203375975,20.35558324191964,-0.06987639107748837,-0.57499662860907,0.014845685000161438,221.38840813217814,171.34643195446162,-0.2968168985237159,1.5352936309912222,0.40675623817454565,-0.00795471640054392
248.5297966341266,199.19208235337936,-32.28120609087929,20.33353677824039,-0.07491951291624807,-0.5667685652931292,0.015739066692139498,221.78756768553788,171.41550641047814,-0.3017875100580404,1.5603176919479194,0.4108948639372544,-0.008230898220401012
248.72988434175775,199.07913527394112,-31.63945376366545,20.22419513428523,-0.08011110509611356,-0.5558634870024016,0.012225214876222567,222.21977776554564,171.48708533796082,-0.29699912069956097,1.593155344657735,0.4155730041294667,-0.007799653083755525
249.0,198.9703468124843,-31.154899500871824,20.549630548443673,-0.084701256764582,-0.5456539647375783,0.026710550697143925,222.20300328840568,170.79996893916197,0.216926324822514,1.5083210791949628,0.26654254512156106,0.024001173498302025
249.13006060475425,199.0143187205657,-31.626057174430656,20.58943609798511,-0.08168985691835909,-0.5516436604326395,0.027098414042977192,222.34687825143757,170.84164455530592,0.22013180835985688,1.4932077457824688,0.2710058169280123,0.024112765115588266
249.73032710997188,198.91970753028713,-31.201809917097698,20.303487556384454,-0.08402337775380014,-0.5425233136619311,0.011570612097851887,223.33069789991558,171.0166918341823,0.26994352062001004,1.5134450195678824,0.2859229306110828,0.028676374463870044
249.93041650560525,198.8043523729133,-31.48444020350199,20.668598775279406,-0.09015699930820664,-0.541094674854255,0.033663753410077726,223.69937031144948,171.03271247679788,0.22205722221334664,1.530027123337543,0.2793904565408127,0.022765087621752896
250.0,198.70845155690841,-31.044227518796063,20.38771028682433,-0.09507052418386337,-0.5341706129026127,0.02257119430618471,223.38591716813073,170.26254081112674,-0.03353406028004058,1.4483730724584385,0.12370233610718695,0.006554364053457839
250.33059613426255,198.74067312894158,-31.693245813609263,20.439257530531403,-0.09133509766159878,-0.5413359507088432,0.023115348943447276,223.79338220247703,170.31353805887886,-0.03143250801152882,1.4251166779292697,0.12775012865392657,0.00711482033673881
250.53068636613546,198.78310607140898,-32.01051678804595,20.319867258382576,-0.0876657491408378,-0.5458796531998243,0.01426538791306685,224.02162896011023,170.359085315556,-0.008939429125407735,1.406760430078204,0.13356588136815717,0.009420368512035066
250.93086766209095,198.8215049151003,-32.93117595378075,20.555350004879834,-0.08316737232369342,-0.5553819997467576,0.025560615477039403,224.45864960223435,170.41427888514394,-0.030850279982423068,1.366821857331114,0.135753931802288,0.006466292965109805
251.0,198.77945624235574,-32.7699076421999,20.285832776626343,-0.0851858756387222,-0.5528780327032661,0.014083191599263377,224.2922441329349,169.37975856009953,-0.29284845483324085,1.31438216987516,-0.07163210912307832,-0.01004727808695069
251.33105006381868,198.67473713235384,-32.67198831313258,20.346951828667063,-0.08991873221348888,-0.5473751463196533,0.018963465578735544,224.79577681219985,169.33897315222208,-0.30804804872144,1.3254242882175764,-0.08082609870524848,-0.01202075584800864
251.73123356670797,198.81544042665422,-33.793998394766895,20.4406958319972,-0.078734560687818,-0.5624573665144147,0.02026603356417425,225.10630226990833,169.33648025718355,-0.3135453358156642,1.2569785434237768,-0.0790774215696273,-0.012796504157333348
252.0,198.8964495367539,-34.581302934022894,20.484327786899797,-0.07288794992892089,-0.5722990001753203,0.020426770319558193,225.9340591297482,169.68396193861759,-0.36230788321330165,1.3437666450782662,-0.009362232770243839,-0.015707918610849848
252.131418166146,198.90784723059093,-34.641020806258766,20.297660733823708,-0.07161915304611384,-0.5734955881869246,0.008417109474657455,226.09992791714248,169.6982303696418,-0.337998501729458,1.337846697922961,-0.005919453151473596,-0.012678465924721967
252.3315108756289,198.8265297479083,-34.54994033649577,20.343767590011357,-0.0758595050465759,-0.5691657997885605,0.01217605113493021,226.42767279101878,169.68315681415427,-0.3496523476832102,1.3503354125963027,-0.01105638027655203,-0.014025706397116488
252.53160385751846,198.86048345840834,-34.81303459397175,20.273545767151557,-0.07273231540512949,-0.5725445637536694,0.006844539937953533,226.64916279213142,169.69557245914694,-0.3396227564458381,1.3328996356168206,-0.008095624131823409,-0.012468735459182895
252.73169711123782,198.7579968487732,-34.52308244694018,20.190848468542537,-0.07850210839381341,-0.5657277085007377,0.0032964670694529993,227.0255143032467,169.6820553451747,-0.33489826526894206,1.3581507884311046,-0.01182544978944236,-0.011767464458202918
253.0,198.57126475556274,-33.78279557891608,20.24981350085565,-0.08820674987910727,-0.5510665293912355,0.008721203377290269,226.88807262053825,170.80199193551056,-0.21232119242162395,1.2572330771014257,0.21027983773663728,-0.00463031066115404
253.13188443185746,198.51093339628662,-33.95301684185359,20.476179765916005,-0.09110558260865732,-0.5502270733024345,0.022661336428727676,227.07550616752286,170.8107339108234,-0.24351382784184733,1.2598147966276203,0.20753856805406376,-0.008347308670810037
253.5320728328712,198.178174211848,-33.012484597710774,20.321869880802694,-0.11087273861850389,-0.5290494725570742,0.01735777622913312,227.9121629551846,170.84934360780372,-0.2381779671153849,1.341611002591318,0.20273403758693243,-0.00761376914608879
254.0,198.2292656141674,-33.733524729310766,20.42554418248843,-0.10485408446566533,-0.5368446205439172,0.01935357336547321,228.7841145032343,169.6309372705696,-0.1258609635823631,1.3811091062658671,-0.050284183814622685,-0.0004107287143212219
254.1323574500313,198.14242421987115,-33.578013444529674,20.831545809951123,-0.10962000312029493,-0.5300945030522436,0.04655624169157173,229.02884200419516,169.58124154697592,-0.1865542534100702,1.3975789358189392,-0.06327989260604426,-0.007398793833398915
254.3324528576135,198.16905728015746,-34.39675041047784,20.643535834507944,-0.10560858890594987,-0.5419913684777723,0.030188678471530526,229.212032973695,169.60787352978852,-0.14919163384845638,1.3683523689075165,-0.054708170579725046,-0.0027020000372150587
254.73264447210903,198.09320490485365,-34.372968538809424,20.744124982024545,-0.10808419250327192,-0.5374646915700654,0.03713317237617037,229.81222535764934,169.5648322410316,-0.16762307099972887,1.377358827963805,-0.0639415076453681,-0.005205312383339947
254.93274067786845,198.0810571094013,-34.56092470896601,20.85924799278896,-0.10732677350771624,-0.5382296655143833,0.04380121118884095,230.06784600498128,169.54413272376613,-0.18476882923633758,1.3697196217221472,-0.0680144969503099,-0.007103094628427063
255.0,198.23823168237638,-35.570415133412666,20.497847979820516,-0.09703768644410836,-0.5550783367954806,0.025770793774813408,230.75528455367697,168.7638623561412,-0.7087064990692404,1.4826415353425195,-0.22310789512997387,-0.0398126694627182
255.53303088227213,198.26069785889007,-37.03107662296049,20.494520404719662,-0.09013650792225317,-0.573102454763861,0.01886089539965681,231.36490523710802,168.68597875728017,-0.7108261758236558,1.4316199017263895,-0.2248290530760685,-0.037681257302813076
255.73312814419305,198.34905912890633,-38.05378203098661,20.60275316925757,-0.08159729075573133,-0.5876607964295187,0.021315281494978522,231.45394536834237,168.67323273427525,-0.7216341061113724,1.3761914717861328,-0.22106200795303327,-0.03838841911648735
256.0,198.4920544518101,-39.21831906891078,21.192368436005065,-0.07095961616511318,-0.6026911391545916,0.04271466214525711,232.60362313886355,168.49099620185098,-0.12848301250531924,1.5235361973786292,-0.2510616926223098,-0.0003740869382298853
256.1333234552558,198.42773303139393,-38.80090056641905,21.25467512782587,-0.07543283763294481,-0.594183195796119,0.048851517538330474,232.88782208977034,168.4345854511996,-0.14342494066711425,1.5469885002407113,-0.26035941933055357,-0.0022200457301560614
256.53351981210557,198.41939184657525,-38.9741709283332,21.623119065729977,-0.07412620350972984,-0.5919660678114039,0.07223148469645002,233.49349753003168,168.29656626431844,-0.1987528328414521,1.543905593217876,-0.27856726550932537,-0.007746903179252336
256.73361838126067,198.46792382476133,-39.827808193039075,21.69823993357399,-0.06835221793878288,-0.6035209204183758,0.0726137622437739,233.6574291000162,168.26806705287368,-0.1990995487655912,1.5049993387447929,-0.276410252369876,-0.007438378686669302
256.9337172101351,198.36568395880767,-39.76449571988274,21.45751291715501,-0.07443661396524144,-0.6002007132792297,0.05645353260346794,234.06889646519477,168.22015380215248,-0.16170048206164395,1.5339865072145908,-0.27900610290809397,-0.003317340437203396
257.0,198.38666471579606,-39.960807182507025,21.751617766788332,-0.07267454136047279,-0.602054784046236,0.06815310781691974,234.3166436235524,168.36230756094605,0.1657044561385835,1.5622466948528781,-0.24851823585316987,0.017086368188338898
257.1338162981534,198.33012138858112,-39.50772706481794,21.730617119622284,-0.0769643799686849,-0.5935528455364543,0.06878795326172304,234.60873488354343,168.31177507822673,0.16521244235085633,1.5871544166788385,-0.2556534700467098,0.017006606167220214
257.5340152493209,198.31301141268443,-40.06855124500028,21.713276589677875,-0.07522811900980034,-0.5987301241590796,0.0641814728107633,235.19585328091296,168.22444323981637,0.18371087742559689,1.5762734676100176,-0.26013758511577045,0.01865349489743003
257.7341151113201,198.31621469887375,-40.4114886627487,21.77880429364765,-0.07342679302663761,-0.6020920425398306,0.06658083182051447,235.46570868766858,168.17740975130695,0.18231715455975842,1.564729344649677,-0.26308207057716715,0.018033952071156236
258.0,198.10025470283446,-39.08965201773789,21.258200221317942,-0.08770500267538302,-0.5793570427254021,0.04830717835830624,234.85529817782128,168.37654418032258,-0.30611964081938614,1.3687103393577895,-0.21622468114969484,-0.012465129787289742
258.33441623608564,198.00142552541124,-38.84104866941474,21.25430409734937,-0.09340040078086863,-0.5714435468383275,0.04908448926629258,235.4130491114517,168.28239053520238,-0.3134261522423031,1.391648698359391,-0.22654519222934494,-0.013235008373788635
259.0,197.9872004439705,-39.57578918333254,21.535551476305496,-0.08982066343971233,-0.5766361003811439,0.05847781721265011,236.70074133865177,168.4057317547249,-0.0659600295892756,1.4540137048799853,-0.1821399121821677,0.0017528243608535554
259.13482130480554,197.7929676567089,-38.24691844820071,21.047857259722175,-0.1059804662917086,-0.5543756459677731,0.03224697599589685,237.1727331896834,168.35668061341443,-0.011364797653507633,1.5326231987161751,-0.18987122577994375,0.008067040812237318
259.5350253584328,197.79660300873994,-39.790252342785955,21.202916078365057,-0.0984556325396551,-0.57408443670353,0.03506338229871242,237.57875676183724,168.32127805707663,-0.011226241321058168,1.476514793505769,-0.18362649189343622,0.007722602687097729
259.73512776305955,197.7914680274134,-40.145554523895676,21.305213347888245,-0.0966562219906516,-0.577476797209878,0.04023025453360402,237.82668882708498,168.28656578864465,-0.021413656706303002,1.4631311564142297,-0.18517675429670896,0.0064717749143255125
260.0,197.7539720272344,-40.17929769335287,21.412191356231023,-0.09767463349853935,-0.5753008550247041,0.044418185208689426,238.1148720220529,168.19855640840177,0.11616750295269854,1.442781013262877,-0.19579346163823033,0.014803469283066983
260.1353333250804,197.6947783625764,-39.784261614513824,21.411618238677722,-0.10223066995112666,-0.5672954716779434,0.046284635674309765,238.39197061928377,168.1522215591666,0.11276159492200546,1.4652123837444389,-0.20239243590553072,0.014168466026524896
260.335436481332,197.69613791721446,-40.22020201187411,21.59683602457723,-0.09960867564433465,-0.571685751814931,0.05641902254756323,238.62859540165212,168.1104669400724,0.09334175831019136,1.4483819387733048,-0.20527538713607613,0.011643752362583441
261.0,197.55682233807735,-39.83092226956968,21.667061787964002,-0.10622966650050616,-0.5591210792736865,0.06021733524192062,239.1418351614542,169.0370880835734,0.1968121254573742,1.3572976849041614,-0.0005766169022390633,0.017798506816911086
261.53606063628484,197.55310732247003,-40.505644949172286,21.74149312477445,-0.10144695771029985,-0.565766589392523,0.06124709554952789,239.77673564032662,169.05687387092445,0.20515965034239625,1.3244894958714797,0.01089594899641425,0.018077635057181806
261.7361655263695,197.702273445497,-41.501814059513734,22.005753905906953,-0.08739930800996036,-0.581748942459061,0.07393888284061255,239.77239350336473,169.0982861883677,0.1811195647055244,1.2490979051785815,0.023056560525157015,0.014990528527801344
262.0,197.7242333892425,-42.101321032666036,22.103131284755786,-0.08314666166813102,-0.5889763299412512,0.07592029503949241,240.46890850894675,168.91692876695942,0.23583120111390576,1.3126907082554995,-0.009926302360489813,0.018537315961422888
262.33648166684463,197.58684836120648,-41.80578946037169,22.202877359044045,-0.09179152250982237,-0.5786155125799852,0.0830390161169675,241.04270485686615,168.87614077824145,0.22442319462242039,1.3420171614309129,-0.016068952105867017,0.01673161434799846
262.53658753518624,197.5573123685389,-41.73461424120852,22.300562908299653,-0.09323285856678522,-0.5751548419858987,0.08930834521534606,241.3431077647288,168.85704821872233,0.21263940388862565,1.3471517541852254,-0.018012457667092526,0.015096107108714224
262.93680000074573,197.29634004531897,-40.980468290274715,22.063652256550405,-0.11114244449606692,-0.5562929134690247,0.07566762338724024,242.2326823433699,168.79440698719176,0.24899924942918913,1.4319367773453673,-0.027895284349980874,0.018590354892309043
263.0,197.22839988451312,-40.49598186893115,22.009113426860687,-0.11683858244159254,-0.5474357603610175,0.07466985151950578,241.92200221898202,169.1159070688373,0.22627836869129994,1.3547039948602662,0.036369063689833996,0.01705321616845377
263.3370134343709,197.19099957779463,-40.43331365521338,22.21459910200418,-0.11775525852542629,-0.5428953154037836,0.08776311944636608,242.40526775926128,169.1058346379596,0.20165447418925325,1.3576168508216022,0.035528090010591803,0.013534641390496243
264.0,197.16290693429184,-41.19260888031192,22.49791127217265,-0.1129717286787877,-0.5494093377067757,0.09622389449714083,243.85479598813367,169.65716444168675,0.4326919295978878,1.4556257590457324,0.14966129977598813,0.027935230421481553
264.73776801043346,197.0673016857266,-41.650507812602406,22.47463391867806,-0.11348320213198569,-0.5503557033141574,0.08979873004654286,244.92977538585365,169.78342221241772,0.46892358761625147,1.4520625337253417,0.1709208232906728,0.03007119678932915
265.0,197.05011611866834,-41.992071125324735,22.08330687695261,-0.11189542272290028,-0.5547141161886902,0.07236914369512569,245.34228783730987,169.0460871731648,-0.06920385553816577,1.4564691980575781,0.022131433278196694,-0.003970749244493827
265.1379857445721,197.023618097309,-42.36182217511021,21.96486228222489,-0.11115564388947038,-0.5595053214269075,0.06262559475992593,245.51701928926946,169.06707459435543,-0.04759491777124284,1.4482771211517294,0.028818289864112424,-0.001416066424187608
265.3380949656672,197.016081724762,-42.622996758467146,22.046462467068164,-0.10951962362386003,-0.5618100423457395,0.06639865490157726,245.77803122198728,169.07544550754753,-0.05599573397752872,1.4392474883476942,0.03174788088246726,-0.002226380575615471
265.9384240383481,196.91500094785695,-42.958488430426264,21.816434550301985,-0.11171606767733448,-0.562179239261834,0.04894165722942995,246.672437560965,169.11646771557005,-0.014721822947820477,1.4422887070102681,0.04522867003374384,0.002598046862189556
266.0,196.89367613297088,-42.84419781956569,21.565997561567777,-0.1133835859565086,-0.5602542125963851,0.03920670265255625,246.6701031796842,169.38044324038825,-0.3332186239214297,1.4243908952716913,0.09790326917968249,-0.017257875321222117
266.1385341971803,196.90177798395857,-43.21704941676619,21.680371472928606,-0.11042197241999052,-0.5648486196773549,0.04483076550060347,246.81848889612803,169.4001433635876,-0.3472287125290408,1.4097692256150065,0.10202068254449242,-0.01880739489883886
266.3386445890533,196.9674591699462,-44.17843618205229,21.906400084493438,-0.10082224392181116,-0.5789790923085757,0.054894015749775676,246.93728275417558,169.449406154513,-0.37141960441436117,1.36326227414892,0.11294136789668287,-0.021101080406971076
266.73886606969734,196.94432762838494,-44.78600114667851,21.683548796057252,-0.09797407909504613,-0.5862978479187123,0.03747902206813941,247.41644115437595,169.5373877066433,-0.3374747028855456,1.339213499511318,0.13126803824669395,-0.01663667269494141
267.0,196.98700020005,-45.79017140912431,21.8903273998365,-0.08933940005735538,-0.6004538640964558,0.04277948947819011,248.25476346654048,168.4426393758193,-0.15111338484203093,1.4280973340533072,-0.08728506632799057,-0.004833537892923562
267.3392000245837,197.02363893392226,-46.54839156443723,21.641005036489442,-0.0826268823272269,-0.6118601680720793,0.023534118240733152,248.6303447961638,168.46326439885468,-0.10790240995041042,1.3951940698375793,-0.0746036890534141,0.00021228862849461978
267.5393118030423,196.90531347598076,-46.17776413818017,21.661864966030254,-0.09115481077442687,-0.6016606788467204,0.026635122007099932,249.04445283489338,168.41039831757456,-0.11652506154069966,1.4285152553886202,-0.08451420840673111,-0.0006053287187781076
267.9395360468881,196.86423759468332,-45.972423921063125,21.334141109883088,-0.09416989812283298,-0.5961282430282852,0.007175605871888063,249.70043397970525,168.3828412710844,-0.07060698422268993,1.446629814343906,-0.08378220996630042,0.004550130003147213
268.0,196.80711164224095,-45.4856031274749,21.040359067889295,-0.1002541773376221,-0.5875794907373447,-0.003843050626908859,249.2499878837813,168.08749617401224,-0.36688488797040725,1.3415040934268583,-0.14189405451246348,-0.013859788425301136
268.33976120296313,196.70364903686377,-45.34224483804667,21.10915064191656,-0.10613928163672894,-0.5801939719170376,0.0020312057451430934,249.7905879390233,168.0098595602101,-0.38588682540494373,1.3581114766769917,-0.15208386363190385,-0.01574743667682771
268.53987412171074,196.68210680566256,-45.83987383896777,21.305280017887636,-0.1037869971945133,-0.585288618988428,0.012659911283985893,250.00332734273022,167.98167987808154,-0.4126076507784674,1.3390452665088741,-0.1532012259979293,-0.018552443058984378
268.9401006378797,196.7278339002636,-46.896113430956966,21.39043924404929,-0.09384096865766886,-0.6000491900699946,0.014125073434135842,250.32555440023756,167.9741700867217,-0.4212701630286573,1.276822294254023,-0.14329242347322813,-0.018965677866072728
269.0,196.8070038121702,-47.827908909111926,21.750382163102998,-0.08353720128764974,-0.6150722410503618,0.027109105189430466,251.2975831369672,168.45947836339639,-0.10103439820957238,1.4499448072598213,-0.04512426324100337,0.0008676509842096315
269.1402142342048,196.76249595933325,-47.90865116387029,21.95797017075718,-0.0852931982790788,-0.6132608554052401,0.03994004020680883,251.51679361007098,168.4352920078462,-0.12909856912736814,1.4535610044160494,-0.0498705812970669,-0.0025391256465067255
269.3403280552938,196.84303585967868,-48.992172892009414,22.185824852879712,-0.07370512841667602,-0.6299309915655228,0.04964198475079876,251.61216798715378,168.46640729397078,-0.14879356434943275,1.3987599605290415,-0.038672423284843924,-0.004585478615488515
270.0,196.7914907534982,-49.379943177791965,22.445160903742835,-0.0739351090056238,-0.6288164449605281,0.05913735457482551,252.59382298009555,168.79175892382005,0.12565301314687324,1.403054054611647,0.03387861458563935,0.012616743426609744
270.1407855763701,196.80108359924049,-49.536926096077785,22.599548495114945,-0.07226389424075784,-0.6297700056812885,0.06810801155431291,252.76915808703416,168.79268823848284,0.10804368439370018,1.3952193193322502,0.03445145075510644,0.010724792708243787
270.54101567131687,196.8506215866051,-50.02511991866858,22.757988359510353,-0.06619192944889686,-0.6349777850857407,0.07552202712656543,253.23579951134477,168.8222736325734,0.09609332341258851,1.3657525513219455,0.04331625422241342,0.009119529872781473
270.7411310504915,196.58077137425008,-49.41289656249606,22.779486442971265,-0.0855832211851525,-0.6164959464322848,0.07868232873210107,253.81941713126682,168.74296278816425,0.08778094159097471,1.4445962693300645,0.022859763674845233,0.007969771412556958
270.9412466500781,196.67028933680484,-50.14192148483543,23.05955235163864,-0.07530502390249909,-0.6278425322335528,0.09292196162072815,253.90558513158135,168.78215772634064,0.05680959264893079,1.3900741411956243,0.0335292258981606,0.004459276676164477
271.0,196.59400724406794,-49.603487941780216,23.4731701169014,-0.08275957404454681,-0.615916218319474,0.11108264312197398,253.50596720315525,169.01323614078265,0.6267914236703691,1.2958841281494222,0.0797035032545737,0.040180085626211004
271.54159476590644,196.58011732936654,-49.87954431414905,23.635977448779855,-0.081336530349081,-0.6153273740772935,0.11792338102277079,254.1917317438161,169.05277947582468,0.6329231692596103,1.279926515721008,0.08635101910678016,0.03893487795904802
272.0,196.57615642269076,-50.37066905793728,23.73516831300529,-0.07807914680535735,-0.6193477568088193,0.11979175682969691,255.25324513712565,169.94187786460603,0.6492970841663586,1.364128647564324,0.26182048488138593,0.039336641022087074
272.7422968759252,196.47666679253112,-50.49199596351551,23.947380063837368,-0.08273377329130592,-0.6121850258128724,0.12899388624221841,256.35005909578615,170.10717676304864,0.6559632872678506,1.3773427023645,0.2761885446283821,0.03755896853181721
272.9424146500162,196.43691558071947,-50.512787443330275,23.966503638016686,-0.08476810262807113,-0.6099418320573231,0.1289746125148249,256.66307231599797,170.1523877935685,0.663191468402714,1.3848828748466193,0.27989871769965313,0.0375164834265456
273.0,196.48645581093777,-50.82593952180227,24.255760435856914,-0.07985194664418974,-0.6149311209018318,0.1397781075475667,257.1006280359417,170.06431562278135,0.9963627857415107,1.454601504219322,0.2613905932419994,0.058208197314500304
273.14253263861286,196.4399060278989,-50.91117938039584,24.17781743424798,-0.08190027266453603,-0.614405577374248,0.13356173527089235,257.32866633373806,170.10304025890468,1.0181495535887743,1.4596667055950197,0.26598888401674115,0.06000978500012911
273.34265084118306,196.4396369840262,-51.322817866409274,24.152297973317875,-0.0789407613993715,-0.6198000756780342,0.1290220007743729,257.56804102747924,170.17781534284225,1.0411302440818972,1.44506156926392,0.27738031357831616,0.061664493083165135
273.742887886119,196.4176625994083,-51.73467653215659,24.137892533337205,-0.07724430757886383,-0.623043832266753,0.12415971507119578,258.11093857244856,170.30861151437566,1.077861882858502,1.4346488610961567,0.2943438302602819,0.06353794984506504
273.9430067274241,196.40326950037968,-51.868796119766344,24.15860967456101,-0.07711782794336546,-0.6232459068585199,0.1238603375846045,258.39531308235064,170.3693625995928,1.0913485642079392,1.4329853474177914,0.30100642656438814,0.06378194524414914
274.0,196.50930933929425,-52.50312120672997,24.358723574423763,-0.0669792435864324,-0.635061941855544,0.129755712934987,258.8434722642882,169.11545460800778,1.3198896792893446,1.502255257041209,0.05086677431202652,0.07782667718598657
274.1431257805817,196.53740154048586,-53.109845185793446,24.36905513103785,-0.06102765915646618,-0.6446334296794399,0.1270191505644322,258.96465036714443,169.15374358839867,1.338362110064738,1.4762596907882772,0.05998316779686942,0.07868170814714431
274.7434842058913,196.416376491848,-52.922282245605345,24.354183752468064,-0.07020132711020698,-0.6332111466341273,0.12366093633055217,260.0182049965341,169.14589920210477,1.3921680508889094,1.5186032302785855,0.05318517345980002,0.08063132897816026
275.0,196.48993112787775,-53.621755475647355,24.127237360853258,-0.061603396493496866,-0.6448729532320763,0.11162815939346528,260.85564570847765,168.3315333832898,1.0504017597079587,1.6057772656058364,-0.1092933993246433,0.05842253460162411
275.14372420569805,196.5092863739404,-52.91964759894922,24.37921290551518,-0.0660394331662851,-0.63128752760318,0.13002727798413247,261.1839161238719,168.2648077090858,1.0168335191877644,1.6346575704733073,-0.12475130394604064,0.053641443582997876
275.3438445189068,196.42334359209644,-54.27154139591683,24.393077598469127,-0.060449224586504084,-0.6499949177732288,0.12358286386345887,261.3583614912146,168.29602559261738,1.0449860007791154,1.595126559138584,-0.11179630907499533,0.05601155010686345
275.5439650402879,196.44485094830213,-54.184084648481985,24.600545503919122,-0.06016401825368956,-0.6464334399788851,0.1361071148010326,261.69097935224755,168.2523726432574,1.0270010447503268,1.6003084845725346,-0.11907105192824567,0.053124455042454916
275.7440857693189,196.3786155357533,-55.40908201902184,24.548052349628406,-0.054467494798281654,-0.6638364270367897,0.1260382799680701,261.8407717194465,168.29712127757418,1.0642162330301468,1.5563769329415666,-0.10301358716769275,0.05612697675131527
276.0,196.25817267662555,-54.772441470319,24.42092093531783,-0.06616687698568346,-0.648458752357807,0.12131087693419274,261.4160816638769,168.4215739823178,0.9715911254162279,1.3972966020916338,-0.07456425769328028,0.05021402341873112
276.74469251099976,196.11937382436287,-55.16098021203051,24.257328938896126,-0.07209602299330109,-0.6455520187450599,0.10554065969315074,262.5388589910221,168.36290074691837,1.045857074029166,1.4094443914303751,-0.07491147752344615,0.0546504251161424
276.9448144750084,196.1555348606989,-55.66651526156935,24.33228060621797,-0.06612992669780614,-0.6531093821184639,0.10737721657693883,262.7008485635907,168.38249771013614,1.0535578958788403,1.3759530397262798,-0.06593554736184265,0.05449957132248163
277.0,196.27367131899504,-56.73345523424151,24.099772113139636,-0.05196042763121017,-0.6737611041128004,0.09505370948472877,263.67983827173947,167.51964946289195,0.6624199813982043,1.550203335506076,-0.23632499314041333,0.029836223759147348
277.5451815890773,196.22445794203182,-56.74205612185237,24.031583686812713,-0.05623486647081485,-0.6675673346803951,0.08907417459909772,264.6060269627985,167.37086439925267,0.6914661262773948,1.573492225794174,-0.2484718765828449,0.03146145699638763
277.74530436606597,196.21647112592424,-55.193615934034376,23.848753819647726,-0.07051415505792988,-0.6396148428731349,0.08398828952196279,265.2557331753843,167.21962698562703,0.7050999152927699,1.6632640983758427,-0.27736049456793843,0.03200659443424602
277.9454273450154,196.19422664033635,-55.38865642259485,23.752532703911932,-0.07048803402794497,-0.6410398935364047,0.07657527198028236,265.5831224117487,167.17728254025002,0.7295751143771443,1.665036039167406,-0.27757522707067117,0.03408554444920356
278.0,196.198989999429,-55.5689114958126,23.682099287049684,-0.06892023183413387,-0.643875106130957,0.07313885543846042,265.77026930247604,167.02485744186683,0.6252524295936042,1.6843475923890936,-0.305889452645827,0.027426817760220278
278.1455505254136,196.29685201937113,-54.51273945614745,23.30096123202977,-0.07324318430855133,-0.6286488839034902,0.05403173158622498,266.14246514296156,166.9588021144044,0.6682027630216452,1.7224413392184523,-0.3146177723040321,0.03163723496511565
278.5457974885135,196.14775994795363,-55.65715101901125,23.52702257189955,-0.07182026640648244,-0.639992521616553,0.06255683215962314,266.74021788843424,166.852424775858,0.6634718808520547,1.7057974851769588,-0.3174353257649129,0.030170887369163592
278.9460452512879,195.99363376430165,-56.88047362436969,23.89585493836762,-0.06978971356225873,-0.6519399864607464,0.07951437214389706,267.2965351376219,166.7420176347004,0.6370007777709767,1.6794999552897456,-0.3209875034146851,0.026064029305225694
279.0,196.00351302788278,-57.35457002332434,23.953218365238268,-0.06548436357646807,-0.6594833799187775,0.08096665433313029,267.92842900182,167.22042268673633,0.6295388738460338,1.785975967407891,-0.2233988070153361,0.025440313445979055
279.14616943128283,196.0063282343793,-57.32593419562238,23.935392652962207,-0.06594455936556988,-0.6577694665784912,0.07969674355476639,268.2034734836369,167.18435231129612,0.6357203595691834,1.793594339543285,-0.22610678226464073,0.025617343260913805
279.7465431596234,195.91796391291635,-58.15161066760724,24.398766059975106,-0.06430171583592484,-0.6621974741402037,0.10375211211582504,269.220247881326,167.0345195916014,0.5957141753730133,1.7924109663684242,-0.23601695272510115,0.02022075154188734
280.0,195.91074828696114,-58.54474517973493,24.672344627051608,-0.06187257851754279,-0.6655445281723945,0.11384074714801914,270.25118888276444,168.08539285810662,0.8428671360435894,1.91287352042937,-0.01822860845140728,0.03546790868751581
280.74716997115087,195.97607989912214,-57.98293338834909,24.481258414900086,-0.06589102585588609,-0.6510675234684876,0.10151705210125342,271.8411333533307,168.03904632877058,0.8960242965706273,1.980189417434028,-0.019965511703921544,0.0389329658784444
281.0,196.00253636762278,-57.164952022787986,24.248433178261436,-0.0722044519138522,-0.6361985105039603,0.093702966001961,271.5551726274235,168.4214953912314,0.6818841840913408,1.8354443359036385,0.059388697718386244,0.024877842222497115
281.1474220599028,196.09510905140291,-56.351928113493884,24.2728864013051,-0.07504169833726308,-0.6229254320940991,0.09861103669234116,271.9179044153488,168.39214628366304,0.6729577843019585,1.8650573574655855,0.0513555894220771,0.0236708498496938
281.34754839460004,196.1443766116547,-56.03472847274785,24.374708461149783,-0.07561893280882973,-0.6164985283545344,0.10583134542323082,272.33096960741693,168.37958687073433,0.6606454453375288,1.8811453172960964,0.0483463030919438,0.02164274733458502
282.0,196.1181002480102,-56.08547264051877,24.314754206292516,-0.07756869735184471,-0.6114145289029254,0.10131054255194813,273.0861998616786,167.9338255393317,0.5668856404487425,1.805748700909166,-0.03768548261316896,0.014737175036744802
282.148055657295,196.06315698252845,-56.344878060531705,24.159136330065976,-0.07846288797291277,-0.6139633447277698,0.08988381802329934,273.35205207391,167.94210207195533,0.5941627012576597,1.8079277287863493,-0.032945711452354594,0.01729311536925107
282.74843811060015,196.0099939642562,-56.74585300199361,24.17877119348675,-0.07851137370764501,-0.6145227273766178,0.08760263607807,274.439169284802,167.92747592524535,0.6099000507227601,1.8192337973266395,-0.028090525454377974,0.017952768032436835
282.948565974564,196.14114467797754,-55.741388859079265,24.02268127146129,-0.08167069717184322,-0.5990976272397082,0.08212259198136147,274.9561382425852,167.8737746531691,0.6241594402672461,1.862189319564718,-0.03877078911132435,0.01927244575450579
283.0,196.30692518172515,-54.28258707930492,23.87451873753014,-0.08676302924697347,-0.5780312598374502,0.07993392571270172,274.140625838126,168.18771194171035,0.6058567156540525,1.6859659995189127,0.023692026021988978,0.01802724873066245
283.7490793150386,196.0541077171276,-56.28689342249319,23.87513498363297,-0.08156217704362707,-0.6013900948418319,0.0690734002445078,275.2041551137176,168.298819522339,0.6478175398099363,1.635775570192628,0.05575894077697582,0.020242847261181633
283.9492081188805,195.99013327815126,-57.2084578761422,23.813797666009727,-0.0764222910468291,-0.6148239450442121,0.060911916725443924,275.38916212381315,168.374768788527,0.6732618719969893,1.5989839198447173,0.0747949769194276,0.022375633921542227
284.0,195.99681268503497,-57.186802148381325,23.983853282387965,-0.07631651587320505,-0.6137275871152185,0.06786605495234457,275.5241775422406,168.59972988076203,0.8905986966408409,1.609274141354374,0.11982910694721319,0.03592989214040232
284.1493371092425,195.97001998726526,-56.96146150214887,24.102763145946145,-0.08005479061351005,-0.6071431999117829,0.07581771606940209,275.82028278238533,168.58921717367997,0.8780848420714281,1.623699614096609,0.11520514431372521,0.03387117993263937
284.3494662856417,195.92887475042397,-57.48654518244713,24.168406719887695,-0.07740023814012338,-0.6135253276628372,0.07712861007634451,276.0875028146121,168.63248310041357,0.8827883398297833,1.6070685482066924,0.12509422977714643,0.033516535159834986
284.949854926248,195.8345847067067,-57.692726758789696,24.608900478237704,-0.08103386350894896,-0.6076084474623064,0.10181048594590981,277.10869993163533,168.65430354963314,0.8433775023296327,1.6163898069635378,0.12466834590943447,0.027359908790933023
285.0,195.7158447632919,-58.60834891632508,24.544357822311905,-0.07829371049669206,-0.6204410615124751,0.09645253762188732,277.5669423684917,168.1316203190568,0.6631747250892299,1.689035817578865,0.020955658982944728,0.015902558289410042
285.1499848419864,195.5705397770152,-59.615088409927495,24.173883426164945,-0.07661341656188658,-0.6349999243968057,0.06878216036398949,277.7451483760726,168.19396442881097,0.7270885838075263,1.668329950888636,0.038656805769579965,0.023281763187549778
285.3501149413621,195.6232577546151,-58.689207278133956,24.111272769348222,-0.08358887743140138,-0.618006449742783,0.06873246709911658,278.2298658955743,168.14524749936479,0.7296683718692576,1.7089095708811863,0.0265317038312636,0.022971455675429662
285.5502452238981,195.50725799475467,-59.75472843224707,24.134936999654336,-0.07933839233576731,-0.6324376331410986,0.06510757253461814,278.44761446621476,168.20300697859494,0.7444747139396476,1.6758790579782676,0.04243753311457285,0.02405289576900517
286.0,195.7190117122,-58.13280056763665,23.71100124813119,-0.08577962160816141,-0.6062733739194218,0.05156136832765236,277.8815262580799,167.94465647017117,0.4237177789400421,1.4167406251198758,-0.007628813017066083,0.0030990003604666853
286.55089936735425,195.69406448157457,-58.93253364057486,23.74155488979378,-0.0799078844674989,-0.6154836707334039,0.049812684576578746,278.5537263896003,167.9834089070959,0.43037094972027956,1.3731801939825472,0.009115454365139863,0.0034978914443380676
286.751030738889,195.74798538291623,-59.36177938711777,23.61762420574599,-0.07335978902871228,-0.62365223022163,0.040572603745623236,278.7228302526221,168.0373730308416,0.4533629365380437,1.3390969540324844,0.0251186348829383,0.00594969628281649
286.95116229027235,195.70301649535702,-59.75529200725878,23.88316043571014,-0.07186807314528788,-0.6267180474645113,0.05506656796261806,278.94112310374766,168.04033705681036,0.4204524650558205,1.3195622620154663,0.027697782937461186,0.0020894364215906544
287.0,195.80215783168705,-58.8688416074714,23.910891218651123,-0.07593455043501661,-0.6129137421141707,0.05902418322087726,278.7887105764784,169.14938315106286,0.5207295166207087,1.2764214743243048,0.24808801816819026,0.008226247501368541
287.3514259307091,195.68741866329032,-58.723475580105,23.50768938699293,-0.08462859899403605,-0.6055065003679546,0.034495986087140613,279.3558834660313,169.22183931261648,0.5770446514734966,1.294449062669521,0.25639693873711716,0.014386241431582156
287.55155801882734,195.85949636384242,-58.82346007319132,23.266187212255932,-0.07548710194641962,-0.6114333209430651,0.02000160756545065,279.51636247910943,169.3277577463404,0.6130037613176489,1.2613131026299937,0.2775875698936693,0.018258490133610132
288.0,195.8324079796558,-59.027639169023274,23.074107357279352,-0.0759764881773448,-0.6108770587841386,0.01201759165329232,279.9629999702556,169.2950215054475,0.3769208106508425,1.2204628157066228,0.2617513278341613,0.0031964759158982434
288.3520881464332,195.6089701238711,-58.59649443754789,22.811294894318465,-0.09308951845314715,-0.5943042040381376,-0.002097124579303144,280.61915197747953,169.31835970735233,0.40757477297690453,1.2669384865903015,0.25430189341156506,0.005949074257573144
288.5522211197997,195.62283068503191,-58.96219107514097,22.8544714530099,-0.08877716789325148,-0.5996885578960098,-0.00037192134079548915,280.8024391934164,169.3945092965925,0.4054439415010969,1.2414142013047416,0.2665288405609234,0.005611778560784983
289.0,195.57204621042902,-59.33895461344951,23.00200896228987,-0.08810812274802399,-0.6009808260796722,0.005451895656191411,281.58295313995296,169.8885894200397,0.5728131279307567,1.269116452521466,0.3547446274140293,0.015980827101461727
289.1526210920325,195.42971999596193,-59.47715248210061,23.12269026900647,-0.09399073208263489,-0.5977353709950537,0.012157574665068829,281.8277005043651,169.9169867830766,0.560748385432307,1.2779529082183991,0.3535045169653506,0.014419539325361098
289.9531568262078,194.88866946240339,-59.29385079748632,23.288581442714744,-0.12441561938142416,-0.5713213774547202,0.022991263464653945,283.3030154789311,170.01732154578045,0.5441569783988411,1.3693233442251598,0.334805449388268,0.011046927945909949
290.0,194.8921690079613,-59.21359822272376,23.068403065502803,-0.12522374041770856,-0.5701770204112635,0.014387114635563872,283.2311652988273,169.94065000537458,0.2715415793769947,1.3415881740487474,0.31767733306252793,-0.006208853885627657
290.1532911920437,194.83073836666216,-59.58023277915056,23.188440455880087,-0.12417909364528262,-0.5738236833201111,0.020244330877898477,283.40594336908515,169.99609105432782,0.2585461047373938,1.329721940172815,0.3239913746700689,-0.007683273956469312
290.5535604392907,194.85307466344395,-59.79855981179548,22.979664555634496,-0.12095163791097423,-0.5765182595653697,0.007407096453482476,283.9035406996564,170.15652928461395,0.2845630564058552,1.3116066712495225,0.34336412777262,-0.004835140234273419
290.7536953197986,194.75779867295688,-59.16495101996075,23.00808758071673,-0.13267191703872233,-0.5600724757374729,0.011860572313083937,284.374365791475,170.13673163359908,0.2711971796748611,1.3612749764367473,0.32690199463349756,-0.006739084194217331
290.95383037096235,194.85447013930016,-58.547257639699254,22.732899170726242,-0.13486706007814753,-0.5506868506833982,-0.0016036894213519622,284.7502548784726,170.1789161631432,0.3002932743421363,1.3843763833987044,0.3266286945725051,-0.003373746720505609
291.0,194.83751208269206,-57.222828285992534,22.88462370777049,-0.14975449470736463,-0.5248886695073814,0.00741547587749225,283.38528580059983,170.23057002216,0.6597427715571154,1.104839146552828,0.33356403045084393,0.019614424042425978
291.35410098346193,194.7415989976963,-57.26478431313289,22.918120864128166,-0.15344759676100228,-0.5207849504060723,0.009731440148569094,283.8223692784521,170.32862889329158,0.6612512635462503,1.1023136932506157,0.3381553196780278,0.019697581389026456
291.7543722732091,194.53314784586098,-58.13006359493975,23.276758020966838,-0.15301717755469768,-0.527870760599747,0.028072171380326527,284.19126190228786,170.47134322788608,0.6279696370536324,1.0669734084420999,0.35133279839496584,0.015574123765451085
292.0,194.53753542858257,-58.53712484415682,23.08695047475287,-0.1482501031864134,-0.5346774046097913,0.019277612390510547,284.54769354107884,169.6913355625626,0.3758133540383221,1.0735495675549784,0.18654693629942545,-0.0005287879788858814
292.35478046987663,194.5254974658503,-58.695443124370655,22.957875813856734,-0.14675223043519692,-0.5357608619754661,0.01134016469152835,284.9140732941312,169.7717812076347,0.39306223586218025,1.0548870234016192,0.19453369224347375,0.0011093827563551273
292.5549168702053,194.36008942496602,-58.45668113487812,23.120374107274575,-0.15721894386033752,-0.5245351802966378,0.021978501394999385,285.2685581194733,169.7399242702658,0.36797267357912855,1.0841210108705368,0.17864580193950214,-0.0019669982936582767
293.0,194.29980154254545,-58.76990506147083,23.09615257815354,-0.1559078974766063,-0.5263899550265624,0.02046830213395343,285.8636600767503,169.7935837609855,0.31369904532694903,1.0890030948520388,0.17851334638986016,-0.005555259671897423
293.155327069336,194.2512148138834,-59.53156276099866,23.345635802158675,-0.14906135154852557,-0.537989278303619,0.03249615177040817,285.91731732239856,169.8565916814324,0.28870701164574963,1.0515567548824316,0.18943826850724235,-0.008001468009621088
293.55560136282367,194.1148249326881,-59.38309908208442,23.450161250908263,-0.1569158101786962,-0.5283248631718063,0.03921783538680227,286.4521703613555,169.8771611885516,0.2691279009949817,1.0656726274434818,0.17987514495390788,-0.009722113362785886
293.95587631415617,194.00496660740637,-59.00462370284089,23.44968401941277,-0.16608574051883548,-0.515455320675785,0.040442464353752636,287.0545948762168,169.8740353726446,0.26033301428076827,1.0958127304362608,0.16552991251325194,-0.01054902618900364
294.0,194.12204017606322,-60.06176953443344,23.6527545984383,-0.1487262452374278,-0.5380197980470626,0.04609815349170216,288.2404514215179,168.80888963353163,0.43259575360732266,1.3156709178344903,-0.04514666176765783,-0.00047702314575889977
294.3561519198586,194.11963070364428,-59.91888806960362,23.610408213180104,-0.150202445205793,-0.5331125784027622,0.04403465977695251,288.7497651563413,168.77657822147734,0.4361205342382548,1.32249600288351,-0.053084651925321365,-0.0002509123079024018
294.5562899670171,193.90749485712863,-61.178702222183595,24.04519326351999,-0.1451712927879344,-0.5489860964218797,0.06453963982948036,288.85737807071706,168.80841914758784,0.39250626712132974,1.2786652692163503,-0.04436000891644447,-0.005153661927391926
294.9565665477943,193.84149200488778,-61.525555767069434,24.114369297997726,-0.14401007312090586,-0.5511090316856275,0.066622651660237,289.33961287369846,168.79898465925885,0.38582624127365694,1.2648445391652876,-0.046192813570296774,-0.0056375673445157965
295.0,193.8679828625808,-62.48675728796507,24.23373461969736,-0.13179470432559476,-0.5697545244469331,0.0694815995279823,290.6065847169087,168.922910816621,0.4143386639870618,1.5013437634541158,-0.020455684947914325,-0.00447387075802998
295.7571216431913,193.93782977542298,-61.98480200709246,24.244249405814493,-0.1346690480235404,-0.5562264824829809,0.07108724665070197,291.86554578357726,168.8498860161822,0.4046635801101985,1.537145210108134,-0.04028354110837419,-0.005701196757199694
296.0,193.88663335136465,-62.132127494441264,24.426433943722692,-0.13516550238148156,-0.5555694520638873,0.07780122194722455,292.4309484955842,169.40021761845455,0.5993777771709634,1.5776287835204201,0.06899743510530931,0.006913754818131673
296.5576792943387,193.95038971679426,-61.99164252270149,24.810864893070484,-0.13340548929629228,-0.549303730281198,0.1002896711751735,293.3283631007276,169.4043246232593,0.5515535924233164,1.589003199242523,0.062000453987952786,0.001257755589292045
296.7578191032894,194.0623562237036,-61.87251276132511,25.14586323570975,-0.129071644930657,-0.5475310221690403,0.12036019209097915,293.613036082206,169.40396076727714,0.5051477196653852,1.5831700251386895,0.059472813741040444,-0.0037848262002055286
296.95795906986484,194.31531666374607,-60.84482700656816,25.2030189198879,-0.12924010927488788,-0.532659550540218,0.12751928503941187,294.0435522767265,169.35367884913595,0.48471664348069476,1.6144870609744426,0.04463432902561096,-0.0060781337993083984
297.0,194.33179153318602,-60.45987163958951,25.263811183562385,-0.13280163337437276,-0.5251705090153322,0.1308292635370169,293.8536792100732,169.7886490494977,0.5914761096421545,1.5653437905416294,0.13023386037878765,0.0005969475499295104
297.15809919364636,194.937685326753,-58.17413311367542,25.43745580632409,-0.13090348116103065,-0.49516889243749185,0.15080154987337385,294.24994421573854,169.71974507588178,0.5441048245379354,1.6080100227554754,0.10807799848582292,-0.005270786638271576
298.0,194.82611212193646,-58.69900458724146,25.343054249873855,-0.12986852552636902,-0.4978156315102167,0.14187623560592688,295.77182221110274,169.82676803757795,0.22912080336985569,1.6512541234078624,0.11712706411618999,-0.02572273129223681
298.15880215606376,194.61387896662703,-59.988679025868905,25.64581692163261,-0.12398631920845338,-0.5156760285795656,0.15333244200980348,295.89276106973244,169.89769197666695,0.20333828954731625,1.6151175968118336,0.1320249090592966,-0.02796346349034961
298.35894321434705,193.9793585598213,-62.372923448113546,25.6649066540649,-0.12534209044992684,-0.5442220768991837,0.14223694033042347,296.0557427093589,170.01216172311388,0.22671125293064293,1.573592839174416,0.15687804018173893,-0.024785472383219948
298.7592257934151,193.6705292609911,-63.13565788242186,25.513680759922764,-0.13124686433703683,-0.5485734461522188,0.12708991906986905,296.7084696464732,170.08760093607748,0.2524146586240956,1.5809474218939987,0.16419812954028395,-0.021476576753433337
299.0,193.73748518678926,-62.53051008864447,25.39254487183113,-0.13549591074246073,-0.5370745796809173,0.12278886837268678,296.390208498774,170.14101436303395,0.14221953989011496,1.4453226900689304,0.16931683497635489,-0.028558777562674827
299.35965081212737,193.53389782700796,-63.40137564962166,25.366613415161602,-0.13459409554246687,-0.5466358935728058,0.11565778176708606,296.84957477592604,170.23851000217522,0.1489489392686292,1.4264426153491976,0.18314554109998146,-0.027069812606621002
299.9600772011979,193.48346916443325,-63.22055367568302,25.39212833996822,-0.13950109837710728,-0.537295806433119,0.11506053340808821,297.81562754124025,170.30125885863353,0.13244714084710582,1.4477309503207827,0.1798642343138031,-0.027830604985948804
