time_s,rov_pos_n,rov_pos_e,rov_pos_d,rov_vel_n,rov_vel_e,rov_vel_d,asv_pos_n,asv_pos_e,asv_pos_d,asv_vel_n,asv_vel_e,asv_vel_d
0.0,187.84318897049428,96.67036180469668,7.434320232840365,0.0,0.0,0.0,0.3296483565896222,0.9809269144225958,-0.969577494084033,0.0,0.0,0.0
1.0,187.84318897049428,96.67036180469668,7.434320232840365,0.0,0.0,0.0,0.05852745244880693,0.27826370421367996,-0.9819937625286893,0.06302364835135331,0.054105353900222974,0.00027914155800173065
1.34789071708882,187.89313040877514,96.57296488042333,7.4356298500756814,0.0006655466721558412,-0.0012979641968621422,1.745266902128052e-05,0.07294826882713734,0.32205376571197664,-0.982265005462852,0.07604857763385912,0.08772203261980717,0.00020204872092671863
2.0,187.9110409241962,96.5402152968585,7.406985723145657,0.0008964415062565258,-0.0017194601652097301,-0.00036113608683176104,1.9084012277621503,0.9265897418754213,-1.0739764428204206,1.654277027347935,0.5895307168924575,0.003998044498283536
2.3468497567378526,187.72533557481597,96.83057576383348,8.322400762135027,-0.0038901429759602077,0.005782326921054749,0.023124445529202276,2.6534060860076694,0.9584098404732178,-1.2013330469934995,2.0438488803460078,0.5255908810500189,0.012551496367212391
2.54664158718883,187.7453773554594,96.73602273416513,8.91720553348228,-0.0032487900006394517,0.0030032252972670647,0.04000486631906988,3.0538949814669003,1.1634501871083958,-1.2842510458516279,2.195955843120186,0.648871271146304,0.01758607664754912
2.9462252708684558,187.77040864992998,96.6795636576116,9.00014907252738,-0.002177544483599938,0.0007018884829590216,0.04238443409191878,3.9323677498853153,1.582658869375022,-1.2846069318892133,2.489095860357341,0.8522000393977206,0.03287596021950954
3.0,188.10466778987677,96.01704889412707,9.214581699319211,0.007035734824839801,-0.0174680843036216,0.04698387606823523,6.104460205115997,0.18860338233730234,-0.8561164091292786,3.952208239079515,-0.13523969202840502,0.08482478561952689
4.0,187.91848416145268,96.35501611831332,9.461954968773888,0.001648328646563225,-0.007455395225876526,0.05140541458619142,7.539684494623987,1.202661356553695,-0.4512813583520824,3.5330919671798005,0.4690798246389638,0.10113836889282452
5.0,187.89823326589644,96.40222683589194,9.362226924414523,0.0009410041649341563,-0.005822308525701998,0.04822310149135769,9.195768285791955,1.4169549050838428,-0.7597164398773316,3.37098237863154,0.4464956270783321,0.05025300012203038
6.0,187.8872564574822,96.40972738369774,9.522933585380272,0.0005549312462410455,-0.005285335970740559,0.05062033227753638,10.505132162455265,1.3763353870066848,-0.5710766680018662,3.129084474628001,0.3330931942748805,0.034643352354313275
7.0,187.8798654194805,96.41586487628544,9.624378034652235,0.0005950810812388206,-0.005448904132695636,0.051684177934419755,13.503386455819616,0.04003638655181985,-0.42892619522852976,3.5109682182289244,-0.1790556024408672,0.04876241136959489
8.0,187.91737010614324,96.35228212960295,9.514012459513035,0.0011054667211114347,-0.0061577813254963,0.048370904771735876,13.938268512833288,0.40585011001316496,-1.1150888865362805,2.995169637783668,-0.040260927101548216,-0.05604415613289847
8.140816040842909,196.77851884708335,101.11307860780173,9.958909581232064,0.4460390857864747,0.23712469705412884,0.07184378684349679,12.728290370280108,-0.5081161283766402,-1.239897352309464,2.55857488107857,-0.31364231510664053,-0.08855454904072946
8.540400177784282,198.80312869375865,97.98006371979677,9.23557466603844,0.577703006094439,0.0016526944377996677,0.014664664663461162,13.0734569454601,0.6674185362258087,-1.2169015594501074,2.4512922033225046,0.08169828505336735,-0.08390334528877157
9.0,199.28002050837924,98.26898411142221,9.61853450565507,0.5852355381748185,0.02096104655267811,0.0301994290298354,14.140482700645295,1.6712242759950766,-0.37323037073785703,2.5510997960176423,0.3579737403894939,0.010615330131251308
10.0,199.15398515981013,97.83688109016842,9.72004199771733,0.5540450252578435,-0.002938534487515746,0.03286083563191695,15.836934902522602,0.9045523782003628,-0.12576537334989235,2.5278897677061067,0.09989252254664838,0.03414796848222837
11.0,199.55137711707127,97.83783938976666,9.60647368824503,0.5449944002596498,0.0013762464268673455,0.02642785390688289,17.6875632926793,1.792019519689389,-0.5780208601602221,2.5167757458346265,0.3163754202423418,-0.018072108384436777
12.0,199.97186844155175,97.77085127777805,9.776492947945421,0.5399030370337189,-0.0018393804250038844,0.0327030022265237,19.869631695413076,1.8071336463387198,-0.040410411648080014,2.566561130563121,0.2720091810942824,0.0453919098486129
13.0,200.25124348077279,97.62156009331248,9.851502785065765,0.5305830848677268,-0.010196310006516985,0.03457799306689661,21.243542005831106,0.18577494067637046,0.19281218229379377,2.353911319239823,-0.22288491105686337,0.06580937111728664
13.535204908163077,201.07216651576599,96.66848205799127,9.568651626547654,0.5655572448644248,-0.07253109481040662,0.014592970145079927,22.40832582731395,0.24979527081550207,0.2559916042425626,2.359960205925425,-0.19395854470249546,0.07349438511737383
13.934789538879414,201.99859077698463,95.45219935605002,8.62395087542739,0.610517736834785,-0.14991994580453977,-0.04769412016583678,23.190465119012597,0.47152357515862353,0.38251609471457404,2.333722379656182,-0.11954532253305006,0.0893857896310983
14.0,201.83093688889258,95.76050592079561,8.863772154841648,0.5970656776570324,-0.1278714284337154,-0.033375252810374165,22.416910687344956,0.8702488651180944,0.7759780519425018,2.0781621340610816,-0.006084591447269236,0.1298569557749012
14.334374208647128,202.0686868180568,95.5491552868935,9.917472160787774,0.5997922510545017,-0.13863381953134846,0.03580259819357018,23.09684126955992,0.8982502405019935,0.7180882153547854,2.0738645813882894,-0.0006004739833367773,0.118127295221842
15.0,202.74505616581396,95.07352706330501,9.73282821748249,0.6161082863421332,-0.16382930424418113,0.02356116730206137,24.11568964945464,-0.4580434673561551,0.4373034171807873,1.965246067010074,-0.4048408935967729,0.08337132737902953
15.333336056310925,201.59843066462753,94.31252789557725,9.695278730300188,0.4700710475297859,-0.2414056170836742,0.01768615451082422,25.59132702588853,-0.14828204104669512,0.4976960549990297,2.265897224036703,-0.2600016886885117,0.09271553270068002
16.0,201.71822366862617,94.1537284189247,10.004216812218187,0.4502342566465875,-0.24574272922477108,0.03416137144936585,26.792205162652227,-0.18639217881811757,1.0686593171016034,2.190436981385469,-0.24823695875072307,0.15277995237121
16.53209060687253,201.9577065638169,93.99917914466789,10.02306768529567,0.4541930652908996,-0.24500461374299584,0.03448483711515335,28.147160978354716,-0.2141653949459194,1.152870789589589,2.282427244647868,-0.217252674777852,0.1587569542165204
17.0,201.55929079467595,93.6686547839009,9.755046006613206,0.3898126802163214,-0.2733548316010197,0.017283891519955165,28.32714251692377,-0.23829687496433793,0.7145968361696594,2.056775433554563,-0.1912466127891222,0.10720161422931249
17.131468021544567,202.28435997512798,92.39663581424422,9.551810733105704,0.4308839500660815,-0.35006023542553766,0.004635543103033027,28.445361363624144,0.010751669580869205,0.7453971862151815,1.9937890092145119,-0.08956641160457274,0.11069178657951421
18.0,201.78494723031113,92.13841328080716,9.445800090770591,0.3490680904024944,-0.3653385165119643,-0.0029995466980508286,28.432211503724602,0.8350913404298297,0.6693415145467749,1.474225522560873,0.17711066850922216,0.09660873283857904
19.0,201.71714639214136,91.34537017593395,9.266571373558055,0.3003624211497409,-0.4021152167054747,-0.013637689481128413,29.323871157634738,-0.38760750153229995,0.4670839401523683,1.1932681210845955,-0.18961690442999177,0.07295041338384137
19.728771263688472,201.70278034940605,90.97790624470785,9.240720476001034,0.29071021474815784,-0.40428778784645153,-0.01405553599816632,31.38372508394544,0.13588633406427497,0.5235966359911907,1.5662097440807856,0.06400054517827247,0.07750093749478303
19.92856389766869,201.78405085543886,90.91039074068561,9.242621255137292,0.2909319534316166,-0.40412905701515583,-0.013880888768459521,31.460159238896672,0.019059090398334172,0.5389647159367663,1.4516025589036061,0.015499843400285915,0.07891730311866843
20.0,201.65790106683406,90.83551352777232,9.175417302282506,0.2779403426120885,-0.4094637980509581,-0.01753055707842429,31.273054267502946,0.22371758885215381,0.4203422866218991,1.3811857824765326,0.08337486778083272,0.06668598691199445
20.927527237429903,201.91607585236463,90.45636516822212,9.157409633661807,0.27924794482302834,-0.4087366788918026,-0.0175964270856258,32.7298909233657,0.43805622485081797,0.4834001110655926,1.348253784849005,0.15520606743261087,0.07135202175838837
21.0,201.74080942008936,90.33242923361118,8.998107362878804,0.2619234050953506,-0.4175752176900536,-0.025881674438081908,32.404633200364785,0.7556573614472146,0.1553924973829362,1.250822124581442,0.255261723817333,0.03775522429412674
21.327112653636785,201.46250315856557,90.83255008895044,9.535892533768918,0.24213309806084196,-0.38238076056715814,0.00410474936728094,32.88711299138516,0.6911189333983301,0.11632320605410068,1.2297317117660533,0.2189061633882613,0.03111824671223807
22.0,201.15533195723165,90.42933053365829,9.243481587906054,0.20220096370696958,-0.39798116667449884,-0.011371225890713802,33.00269961617612,0.8903441754365145,-0.35385715268151485,1.0015460471008368,0.2847790026172124,-0.016256360446348483
23.0,201.68860084816626,90.20375289740937,9.333538281924275,0.23086729308216006,-0.3830472159062067,-0.005977910635605424,34.36426306406945,1.4945646130084236,-0.19637895109072065,0.9028062115119283,0.3904961161722356,0.0032735006912752527
23.724626144957277,201.58521944704466,89.79175772934073,9.23196033515029,0.21061685697597152,-0.39324058168086945,-0.011597246174448112,36.05901859618068,2.375456772820039,-0.1914078068197336,1.2007941356525877,0.6620658664370386,0.004276207090310357
23.924419014745098,201.6391303408484,89.7177543329236,9.232401696647694,0.21148302686022633,-0.3928726711004082,-0.011421522613637948,36.24065168210649,2.4802651511093985,-0.1903443672447659,1.1555130680843477,0.6707980360634257,0.004947584198509088
24.0,201.32321752393608,89.4673279388484,9.101980958099716,0.1827107603475306,-0.41034753238855826,-0.01813926497207776,36.34864632091113,1.5829493590011103,-0.40646263201552824,1.1999298190534384,0.46629590012893574,-0.016682359857815566
24.52379769883663,201.28146037700913,89.4912539268186,9.326054306846691,0.17581960422177612,-0.3982126748437418,-0.006333644554640149,36.99230047397906,1.7806663793953277,-0.4378517986802342,1.1474942939310429,0.4876350640372121,-0.019261383446005607
24.72359061865187,201.310143495013,89.36884267038718,9.313610878664667,0.1747670529251486,-0.4007476257582378,-0.007043076027541006,37.32971961309806,1.948695374048319,-0.4414733967130014,1.1705975082621276,0.5300608617304974,-0.0190805568919283
25.0,201.299327535158,88.96710100147214,8.824462866094965,0.16606827322160014,-0.4183972510364061,-0.030473479728591556,37.857364464772836,1.295243330014235,-1.242029127113131,1.2099854029024022,0.3672462467693149,-0.09775753512426014
25.322969454340054,201.47196779000194,88.64453004850279,8.402933408755977,0.17194981505705723,-0.42778266561938433,-0.05096544259821646,38.21679374166774,1.4571859929029833,-1.234683659544749,1.16641607911028,0.3971047244641024,-0.0924759971519072
25.52276242519792,201.26107974988628,89.07131668327526,7.831664107528903,0.15977766423236542,-0.4022292571689413,-0.07884343405074931,38.50635296052472,1.4130220510659004,-1.197713420584742,1.1611858839159717,0.37014799146048205,-0.08515970517284255
25.92234840574668,200.870607039965,89.80360757450283,7.387408846541769,0.13721467233320803,-0.35761134499961983,-0.09935661684260068,39.105289135243304,1.2800448934765973,-1.1866246612526345,1.1571622705157882,0.30702963106108855,-0.07966110649590265
26.0,201.06767324513476,89.65582408847658,7.694400734127698,0.14961484932881403,-0.36178640137583284,-0.08447141707926392,39.46316998941888,1.0670134165597236,-0.7900715955999242,1.2005421129145422,0.2488616967108249,-0.041112299418005725
26.52172747464292,201.1112351774857,89.53495060208581,7.618977962390779,0.14789303584245753,-0.35837729798440165,-0.08603541665086697,40.084659789573244,1.1814382565964274,-0.8082699216420894,1.1462156575680431,0.2597177672196065,-0.04097148265386063
27.0,201.14560038818544,88.9429206532341,7.791964838348639,0.1393536467087672,-0.3818174522837396,-0.07643081128233925,40.64988101772168,0.5496160916040265,-0.5385696364659575,1.1167055504088121,0.10728817592557535,-0.012960382968918441
28.0,201.19176346194638,88.37102769168979,7.586378871945308,0.12966775872938377,-0.3932972212925429,-0.08230655665285239,41.58997741997123,0.2369510471848214,-0.7235497686047843,0.9814963166038859,0.02651084876595347,-0.027744042334363322
28.12007224662054,200.7788879512008,87.93803280513352,7.629069828005969,0.09368834874315299,-0.42041154818563525,-0.08137110865082511,42.621189171082044,0.7736610155548445,-0.7353005082452997,1.3527149186517364,0.244609638703113,-0.0301422164232949
28.719451762056853,201.1919125362207,86.97353947638877,8.171738522612308,0.11189525927167045,-0.4564999610603658,-0.05146770881184535,43.26294475956334,1.2075738293283476,-0.832400100800222,1.2656120234868746,0.349632478453743,-0.04060331616518102
29.0,201.0878105594473,86.60405183132488,8.353469132071185,0.09871139611760663,-0.4711873451554655,-0.043153095193604454,43.52173451539724,0.8687417437118121,-0.5684792019461424,1.2452965798341729,0.2758558824745833,-0.014764055603897847
29.718417902643623,200.9752382988241,86.22966295074062,8.292043515705574,0.08476427444548748,-0.4761372476477845,-0.0450713267823011,44.848984823865386,1.3213359646701117,-0.578212450317196,1.363790503458879,0.40057975531015494,-0.013710216680083164
30.0,200.9122615053209,86.05518181031569,7.99239403413685,0.0777956173203444,-0.4795511287988709,-0.057401248722284866,45.128154599870896,1.411725153872822,-1.0091524713615563,1.3361352983906953,0.4159084018640626,-0.05254302443336838
30.917177747341125,201.1203832019256,85.35859376285036,8.000368540026153,0.08466776562881004,-0.4924366327348112,-0.0543311975587197,46.26571287199192,1.9360784161916225,-1.0663274569290988,1.26582503643515,0.5032571964582861,-0.05379290706161625
31.0,201.19934885925562,84.96318487688981,8.110097239584627,0.08529814802782817,-0.5103604190311087,-0.04964003315397189,46.72153635672652,1.040414003945253,-0.9059719770948567,1.346461803096151,0.3037999737652157,-0.039342943778217516
31.916144692544645,201.21987183910218,84.48163313153496,8.055416479984691,0.08059101585982023,-0.5123195313989543,-0.05018375494667203,48.116731951364564,1.4424125361517948,-0.9422660941115616,1.3634063582119715,0.3802984669688473,-0.03904198635451832
32.0,201.2835290215362,84.23108147029349,7.977794330874588,0.08204476643839252,-0.5225528290158244,-0.053289685389559985,48.595728986072,0.6880911408077047,-1.062450478509726,1.444821441921051,0.21028853325591304,-0.05015208714257772
32.31573157687951,201.29339979790868,84.05351985220112,7.958295170647922,0.08055940453618529,-0.5236158203253394,-0.05345499484665925,49.096999421070294,0.7860528083863516,-1.0782015976690924,1.45151427034973,0.2309362830845204,-0.05005198030798135
33.0,201.40367537613417,83.87228454289611,7.91833081886166,0.0865575917111053,-0.5134925374539361,-0.053387417077827584,49.814446058658355,1.762987425439042,-1.1216567791040657,1.3523596742946542,0.4265351010122951,-0.049839344356910224
33.51449260272552,200.95623619173725,84.47514025503816,8.254027252592888,0.0625156194340612,-0.4710481691554693,-0.03533000904145001,50.68433002748377,1.6596428683862585,-1.2029944888568882,1.3752980101068264,0.35779083681481527,-0.0582346947887133
34.0,201.13844596121106,84.0212832621567,8.38223934815996,0.07107587085024658,-0.4815018602456097,-0.029381895778243104,51.87592689018093,0.9160035076564471,-1.0063561552407376,1.4635636341728622,0.17216817625021133,-0.039257839513269235
34.11387332955515,201.15666678885626,83.97939483412011,8.381537041951942,0.07227876326585711,-0.48046162077626137,-0.029213217595223762,52.002164396076815,0.9087878056757206,-1.0110978928321992,1.441907686784983,0.16242173941471033,-0.03938187912592091
35.0,201.18848149024862,83.31969399014339,8.42857679725675,0.06768562594442697,-0.49382114037713193,-0.0265370834841525,53.6376770186257,0.005784131268021797,-0.9149335728363999,1.4949688004169583,-0.053076938798747086,-0.028717432444160605
35.512428929688205,201.19513080901643,83.01004430883475,8.413817290351707,0.0634640068297698,-0.49819500250121773,-0.026789858945081287,54.58872257830733,0.1127654459052321,-0.9292295055683555,1.5501373435919785,-0.007294905417267898,-0.028255880665126326
36.0,201.00049203008916,82.69231535769819,8.329617154374462,0.0459342082897463,-0.5048692762015753,-0.029967501356971817,54.80245875641714,0.5172335093306839,-1.0497040353426763,1.4371772106196141,0.09169652390225619,-0.036408114877828315
36.11181015169935,200.98427250730077,82.62723845117736,8.325822445351239,0.04369121769164351,-0.5059900820813855,-0.030078214127976777,55.029221150749585,0.5692269422680177,-1.0534907171248513,1.4597634624515454,0.11019176807645568,-0.03609226191336706
37.0,201.0831303776628,82.1846803221727,8.020578257732128,0.04879439613670845,-0.5054931561925635,-0.04068345579202266,56.80938414065633,-0.05548936242217706,-1.669504850211303,1.5270750418203323,-0.045811123418801517,-0.08542122866615884
38.0,201.129451708756,81.6540017379625,8.350245992051944,0.047247194305811695,-0.5059173848312608,-0.026685539539974497,57.79118959294897,0.7465203095210947,-0.9055373555026793,1.377675241809323,0.13505328100639405,-0.014418297657294174
39.0,200.89357478671394,80.95133990067912,8.397926252274823,0.02482677781467001,-0.5198923541205479,-0.024522381080393448,58.6030456996554,0.6518436725016525,-0.6632329613860828,1.2223577337328393,0.1049339186738161,0.008711524509458148
40.0,200.5222960288368,80.23266710478218,8.256326601723417,-0.004480578306555925,-0.5364457946978081,-0.02967179917755594,59.316046459916805,-0.3810138455967712,-0.8811802925425044,1.0595440966562166,-0.13326129742684323,-0.006386502339586462
40.70707149828263,200.09687005061872,80.49023108848982,9.333038737793391,-0.023412776671584378,-0.5083817103327948,0.019629700081424846,60.16837232933122,-0.670156588875201,-1.0298309824430152,1.02184571523019,-0.19680309705110127,-0.022923413968146608
41.0,200.1726434619854,80.23498351786198,9.471980240495494,-0.018443086679825974,-0.5135196377661434,0.02497975436286689,60.772672494085974,-1.2001671152928737,-0.7884227556906085,1.0580327541996926,-0.3063289217737672,-0.002711499315179486
41.10665990955991,199.7542508318732,79.89672981795349,9.424395271078911,-0.05291827700410329,-0.5353635282406136,0.021643382409482517,61.575563150884925,-0.7923782275197653,-0.7783666126608778,1.2898875922801136,-0.1559713114681983,-0.0019931222017651505
42.0,199.75081952602366,79.36755810336705,9.619930479220965,-0.050206361253697825,-0.5377798625158452,0.028621059947364764,62.89775807962689,-1.2653299497628805,-0.42140239048731837,1.2764857690541993,-0.24452605953877812,0.02785501095193102
43.0,199.74598794545315,78.96578248647941,9.648091164762409,-0.045634987064234536,-0.52951680478792,0.028805222403214856,63.93499474922746,-0.851909179910468,-0.4114410239835691,1.1622176717164603,-0.13421998146568495,0.029125680174941066
43.50419206499643,199.80253412729311,78.63185056454871,9.008466704796845,-0.04208448307154558,-0.5323538614551186,0.0003749607499142875,64.48993768662012,-0.9045587890258234,-0.3195286190774014,1.119882150748864,-0.13823170992507794,0.03983698274246982
43.90378104778335,199.54468931945843,78.30993983227143,9.030825397454532,-0.06225866914970826,-0.5431869115892127,0.0004837558134615285,65.55929862653788,-0.551576270451391,-0.30408963472864764,1.301509027055654,-0.006883914294296328,0.04039811561230419
44.0,199.57899471925006,78.78382907419197,9.139819036962502,-0.05235845059158292,-0.5146594410540374,0.00536877277021154,65.35027428816103,0.691078743232053,-0.12936876684823484,1.2029126706666353,0.24536564391804003,0.0537679249023526
44.90275388130599,199.4941284607978,78.32503385022275,9.145334410455295,-0.055548602849043394,-0.5154055608646934,0.0052823782183492665,66.52192315012702,0.9909787168963968,-0.07952841453815365,1.1887106533262757,0.2993347487264784,0.05651092058081636
45.0,199.55640782413778,78.19492854873717,9.132765935989463,-0.05183361128709527,-0.5185623965130852,0.004803884373766085,66.8583710093716,0.6823265312482021,-0.10042069352675775,1.2291418792282078,0.22981407804671217,0.05437316681060426
45.90172726579988,199.17619108625075,78.26330833789424,9.496951373116307,-0.06637843370581913,-0.49555346707751086,0.02027049749119665,68.05376699909571,0.7265141321062122,-0.09351268406006921,1.2088050077735546,0.2136437407383615,0.052806810920144276
46.0,199.40062778406693,78.4733241033742,9.302500182956189,-0.046890891900748605,-0.47888547318276004,0.01307829995338406,68.41316898925645,1.161851508309262,-0.40121994696242885,1.2340785690626248,0.29226172067969225,0.02939868231453172
46.30131677762135,199.56459293752943,78.02596085887758,9.281054799418685,-0.039076689532908084,-0.49193930162197524,0.011992250880414453,68.73610436459882,1.3296898901152971,-0.3894114795374683,1.2071699785181744,0.3240018998724004,0.030889732546897877
47.0,200.0472959015874,77.3669417351923,9.27292607655178,-0.008965401768713906,-0.5000764271443316,0.011873303712193783,70.51166754980746,0.7623211666300848,-0.39795160160410525,1.3582438654061637,0.17596724186840043,0.029531252794920148
47.30029096193667,199.9608806315257,77.40704329276392,8.829509678506383,-0.012738905184665467,-0.4917192669656317,-0.007722166034128454,70.9450261358783,0.7619488523505645,-0.3387964711217511,1.3559115986878953,0.16792961074177012,0.036136465988278126
48.0,199.84015146617224,76.93282259048978,8.847385486538988,-0.021980598749573848,-0.4998003332920132,-0.007118814137201655,71.68730166267122,0.6323891009945649,-0.2806654069780452,1.295443673179674,0.13185220288513588,0.0405459340393412
48.4990607669277,199.85582412355663,76.63663915880713,8.85566362848286,-0.020752063542732853,-0.5019270058862529,-0.006584553691840648,72.31892841981151,0.7176187120238934,-0.26148191217356975,1.2735558107575,0.14380341437007238,0.04160643400934707
49.0,199.7868709736623,76.044530958039,8.644243027052587,-0.030373882864538005,-0.5200955307773718,-0.015104002362384565,73.07552796526782,0.22107624856668884,-0.5122312452454292,1.2999046692611453,0.04373523197857132,0.022856731139606123
49.498036279454254,199.73355529685304,75.7562547850245,8.63091068887579,-0.03448028647209529,-0.522827596368458,-0.015475992217416688,73.84509533552202,0.32338805698477274,-0.5002380664250824,1.3268299895665394,0.07456415416829235,0.02365065182873042
50.0,200.18717976415988,75.59202846555584,8.851089802115046,-0.0005983865670561861,-0.5098077915928532,-0.005838899719042258,75.19568086410308,0.22544837739717696,-0.18423963229779283,1.4210472362184667,0.02890795696607986,0.04563846285993077
50.09742189020452,200.04343519559228,75.73659533953882,9.312795509873892,-0.007394382509250235,-0.5006186108996071,0.015809321558019004,75.38341655957173,0.1557761438514038,-0.23475836007966092,1.4328562389876034,0.007610351191939677,0.039380028907858355
51.0,199.96882021763122,75.14108031554625,9.272230783902222,-0.013074193312329545,-0.5081166336879365,0.013581516217909474,76.42583436372372,-0.31092279337722906,-0.29110346805387466,1.3513182407408595,-0.10025960397590253,0.0349598227384642
51.09639842747022,199.97341542798867,75.09919721786696,9.275316694945996,-0.012156072030999053,-0.5073821467818491,0.013705907095463862,76.5267018186231,-0.3405721054051754,-0.28795300164586585,1.3359769593668132,-0.10969776273254293,0.035055180722873315
52.0,200.04610014318044,74.57421018616395,9.680605094462853,-0.007404086836049584,-0.5091710413078296,0.02840400179059859,77.94072434535475,-0.7470871494936986,0.3073335832522451,1.3460132426177895,-0.18881029151556944,0.07618206226010271
53.0,200.1105548933965,74.15182516553853,9.604745758482196,-0.001302227556863816,-0.5037429557880457,0.024830136539768725,79.30562947851145,-0.7161311158257194,0.2204481676306065,1.310586113773909,-0.16734122380135869,0.06829537310876209
53.09435352559317,200.0436630699194,74.1528006592343,10.181063312294276,-0.00452864383430303,-0.5013529020690798,0.05307717792993325,79.45290753958007,-0.7530357506972833,0.1558742237497413,1.3138285673891776,-0.17512033224101145,0.06052550144482791
54.0,200.21415638701384,73.74143852936062,9.900188541194384,0.007717613030892183,-0.49666488825874544,0.041223790421585436,81.00078382722599,-0.9526020598116077,-0.26978632742024167,1.348183964188512,-0.20400637031698285,0.02860401944876033
54.09333213078722,200.02484087743213,73.53757433336503,9.87479103274952,-0.012481807559491465,-0.5113121905174015,0.03882772975620997,81.63398347920102,-0.6282740589950391,-0.2619811184200938,1.5400106960123328,-0.07574983953907985,0.02898149719911393
55.0,200.16710968435447,73.19625234575501,10.159506572180256,-2.1512358158795597e-05,-0.5024040798094456,0.04842589939667183,83.19265336251557,-0.5133152017897816,0.12554957294227737,1.554568861540953,-0.04762231899476606,0.05493432682857444
55.09231147123701,200.12196394300818,73.11645963008601,10.162745212194979,-0.004683497111161807,-0.5056619493693125,0.048103209926663684,83.4508204025788,-0.4390682227737645,0.13128176802411543,1.5985697688970741,-0.017275394611759382,0.05524777602309135
56.0,200.6717828311546,72.9872222053736,9.943174122537553,0.03872811389849368,-0.47944949183264063,0.04036476650927651,85.83187434465776,-0.4454873645134012,-0.3064581515129393,1.7448549723209323,-0.03845595223622906,0.023329246207338512
56.89047621630686,201.01573268700696,71.92766726208681,11.182315507253918,0.05409176953295367,-0.5098173098672905,0.10065725517206883,87.21705677678735,-0.16544532953334823,-0.4479048144112022,1.7115779006234522,0.043911159557978086,0.00767400734929069
57.0,200.973344043753,71.72863226271554,10.981471652124442,0.04897739814494406,-0.5186000198354692,0.09246353279743565,87.43253332295238,-0.498095242848404,-0.7438556611349001,1.7239443740082767,-0.020103216098905932,-0.012429578537197668
57.88945775020494,201.05877484363918,71.29400299977942,11.081072021435581,0.053178788046685965,-0.5157808478175807,0.09363375779731695,88.81974593790531,-0.6178261416506294,-0.7578834163095051,1.678472706507502,-0.05064044177925306,-0.012780953443371086
58.0,201.1275587609409,71.27769143387633,11.218990942485446,0.05820210258297127,-0.5125889508631822,0.09856073844921472,89.0812814986534,-0.5909591754647668,-0.5765074164208074,1.6882959236879134,-0.04757624110111092,-0.0004941160066305062
58.688643577136745,201.20719929259175,70.95563397200046,11.293548745233245,0.062433736624456664,-0.5094551965425809,0.099289147008954,90.0985713186729,-0.7289259201771918,-0.5784726287073061,1.6333202186515172,-0.08671785848316091,-0.0002926187269051784
59.0,201.30572183861443,70.89852320978817,11.412724110732288,0.06924089992576482,-0.5024294645968765,0.10288838774073111,90.58441424808774,-0.4735957331132662,-0.45773327406122055,1.6151172478640787,-0.035874315442094136,0.007946478593291523
59.687626634950504,201.40539688426858,70.58975433949091,11.475135120769046,0.0756097827185829,-0.4979027197300088,0.10330197190775979,91.44709831664335,-0.6757402984099373,-0.453479055435268,1.510152002971767,-0.10464155293639363,0.008190497555223821
60.0,201.46141747433623,70.54007739920549,11.7109485854223,0.07871905979320869,-0.4908280264104352,0.11088152995160463,91.55779534085026,0.003946808941309721,-0.12300183398881859,1.4182756762202517,0.0362146081583198,0.030198432143202645
61.0,201.39415082523237,69.94727538123968,11.668001983298629,0.06715689033203515,-0.49841976598358967,0.10483077688632475,92.70435750725153,0.030228266866412723,-0.3260606823217032,1.3330623082767543,0.042655820640290866,0.015767285055467442
61.68559544754695,201.44548296742713,69.60644758657436,11.738586155970665,0.06770497982864088,-0.49816848849297607,0.10483283342390237,93.58698731037435,0.047537676344937274,-0.3148804944765833,1.289859406939179,0.03903118786550591,0.016836800376120807
61.88539253411275,201.23072336355594,69.8134734750663,12.128916020982896,0.05679426337184484,-0.4838323600554133,0.12283152691674465,93.94322066590094,-0.0775688177892015,-0.3558800464318233,1.3024398273295816,0.006656430089893715,0.012638815522191166
62.0,201.1614188735676,69.65755832833781,12.25047319671672,0.05022386921751034,-0.490755144453799,0.12655557758566865,94.03893924610801,-0.2584567146580764,-0.181577031509573,1.2941843373724522,-0.025270204424726182,0.024361822532521574
62.48478402528729,201.1599074972658,69.38914907688957,12.303864623806616,0.0466846262692519,-0.4937776917853278,0.12571043572913093,94.78729530494476,-0.1777554508525076,-0.16755868402415192,1.3174836294028034,0.007466372853709623,0.024827705521159517
62.68458126709636,201.24655719574665,69.26168153221629,11.67252632442295,0.050414875423668334,-0.49510961609155457,0.09369643964219289,95.02037668503685,-0.16286082342014152,-0.08658379102656115,1.3015431065042864,0.01091388528735571,0.03321287927942765
63.0,201.02177923467005,69.29462107274131,11.858873490575851,0.03354840982561491,-0.488896112288309,0.09912020049050141,95.28102404624764,0.5696185297229723,0.10134530811440205,1.2995350776104073,0.1893528748362014,0.045296070326359475
63.68356807456037,201.0268894854416,68.95744184270664,11.932565412351119,0.031002118525036444,-0.4901690047228066,0.09911438551586699,96.2636614886963,0.7735600918906737,0.13276114677499087,1.310931619906584,0.2328433321466377,0.046755242649315375
64.0,200.90902823110355,68.45405377281232,11.756174998544388,0.01752016678713196,-0.5119942042204988,0.09031944478471268,96.7452158538888,0.14508013965648148,-0.12011263096077729,1.3358836957083933,0.1106081755544494,0.029750567699717647
65.0,200.77704898290705,67.91695044919018,12.150251919324639,0.006778772414121932,-0.515544835608196,0.10119743400383675,97.77045416026252,0.3663030047484042,0.37471766491968517,1.2457099567014476,0.15174895962906523,0.06182577842883902
66.0,200.93958724017247,67.64279004995403,12.320845917134132,0.020427349861703498,-0.49980007766996276,0.10461091402420593,98.98025701760079,1.2396533945950754,0.5166975851794268,1.1797158066307158,0.3089975331978951,0.06939509827582993
67.0,200.8902757474234,67.03664408543293,12.516798361112125,0.01440450243914642,-0.506778525239726,0.10751982269448393,100.17163466516047,1.1063964435164124,0.7511655147993412,1.1396138904716044,0.25032906653704556,0.08268413309882032
68.0,200.9088493130986,66.47573236940862,12.521552705724119,0.014268615727490823,-0.5098889710613059,0.10375796315050721,101.64881800015607,0.716766339430969,0.6596680981789188,1.1607464019446523,0.13912793522166664,0.07415051029832401
68.07912272488427,201.834104958621,65.108321583159,11.984074599653098,0.058815357647963355,-0.5729683803818035,0.07728120877288916,101.44551088333505,1.1499767494042687,0.7198328558957088,1.0810201564590953,0.2498955579136255,0.08012587763650993
68.27892119044192,201.43729257257434,65.52625886867071,12.597930127822242,0.03915172463699799,-0.5475684634919753,0.10640506352281465,101.79936735586804,1.0109564798597415,0.6747651956521779,1.1045228864440315,0.20496729287801319,0.07397826302999735
68.4787197046361,201.2080785272885,65.27147905523725,12.576956674651608,0.01913094682549132,-0.5601799138350988,0.10337764725368724,102.47945220736922,1.3530247715090746,0.6953420959108311,1.2468895476180948,0.30912629641547046,0.07472868967852549
68.87831688043556,201.03917207486558,65.27910896530565,12.879321949126902,0.010531267610822806,-0.5488752399686383,0.11629300900883931,103.05662080786912,1.3619371878846784,0.6959507456224799,1.2530434200290308,0.29149637975015597,0.07278977575746984
69.0,201.5148115390835,65.14994226101506,12.979993473888488,0.04281396719191287,-0.5452965148474701,0.12086545388640481,103.86544966274413,1.1855923831911124,0.7975645472946269,1.3551653596252389,0.23568660942008,0.07835193208938375
70.0,201.2980317224221,64.21807689486094,13.115085400362272,0.01944949029093335,-0.5708807075768558,0.11995031317204242,104.93748083569864,0.7842803640766107,0.9115249021417575,1.3008608806793933,0.14007961678701614,0.0834246106160806
71.0,201.2794613482109,63.43203294505354,13.458311865845424,0.013799783998251425,-0.583271256890257,0.1278341789104289,106.25836841237137,0.42111520657161994,1.2948216400962174,1.2856617760513767,0.04684223020405422,0.10518052870794152
72.0,201.27194230193274,62.75687249655707,13.475710909089663,0.011014379349524043,-0.5885941518649711,0.12349051763126878,107.55282934238629,0.18418728510784527,1.2536871770298625,1.2610457777335453,-0.01489961590984195,0.09906461869578145
73.0,201.28313141342548,62.05845969903396,13.311843862140645,0.009395420950739006,-0.5945131546993251,0.11278886491765643,108.95805748334081,-0.3493215340430267,0.9459888609895407,1.262787357050489,-0.13317618780595314,0.07590571724164535
74.0,201.3327246395861,61.57662741958657,12.958901293482251,0.014024012276731689,-0.5875131784438352,0.09653387586060296,110.19074223768293,0.3184028283765465,0.3199953316513726,1.2277569400661057,0.009191022373631369,0.033027504540585964
74.87230026764789,200.88551478903926,61.943065419622584,12.125230603486687,-0.009414943531322634,-0.5428444994296917,0.04835858484279066,111.50268117222816,-0.15255411715502104,0.4556020605826571,1.26256760573811,-0.11704214001610416,0.04459371670988713
75.0,201.0778443813256,61.98739137430631,12.289334544401996,0.00716530024937451,-0.5321150679549577,0.05488931239025619,112.94077036443606,0.6720530830695026,0.7160033985428604,1.5237354658505393,0.05554688238718193,0.06016247813146068
75.0721006217378,201.04336978999336,62.08766126003109,11.832589151944589,0.005348914386796523,-0.5250743531668357,0.03072103415978742,113.06636471004573,0.6233004543243865,0.768690687033444,1.528033274433383,0.04118537363084144,0.06570532217297373
75.27190103961397,201.30656192400411,62.18355564878019,11.880326390486228,0.024728309330886593,-0.5109973066529233,0.03361914210471416,113.05593832289557,0.4146505001650367,0.7763287012462694,1.4322321795848443,-0.025933826648654713,0.0654401790199827
75.47170152180901,201.30840181844516,62.07908709151928,11.886528904378762,0.024488979446440986,-0.5111725564396802,0.033582554966075165,113.34654353477609,0.41243516241889044,0.7895177774988449,1.4315579938893115,-0.02776171882630235,0.06586290844679915
76.0,201.24927701367136,61.93366411886684,11.798209372847873,0.02099585055971615,-0.5049081810514611,0.029560499593775103,113.92534231834746,0.6759649701346155,0.6899337782750757,1.3896176259815478,0.020541117025302494,0.0577666107248299
76.67050579624149,201.17009055730838,61.723149549968134,11.865551194408244,0.016016119968194308,-0.4981469148632834,0.032140875643070256,114.90825483147415,0.613918637199721,0.7232838075180006,1.392151893004447,-0.004266945563154314,0.05818700681837322
76.8703067440776,200.95884431926314,61.883942210370876,12.212784526805784,0.004579771010108877,-0.4841999629078389,0.05083861245757734,115.322682639403,0.4407428448534903,0.6925012208084182,1.4244207778262747,-0.05100243031063045,0.053698849470177605
77.0,201.34607907406502,61.97311486550327,12.052157282539513,0.032012733921472275,-0.4712649532519615,0.0454256475155796,116.02941523977877,0.5808518780278623,0.4945297664175172,1.511922517201067,-0.03262974913329128,0.040911968175212934
77.4697100027087,201.31137972463625,61.7033597961602,12.041962451418517,0.023226953666660336,-0.4788934760808717,0.04294375622289101,117.07665574536453,0.8349566904253676,0.5182761266535826,1.639803193987414,0.06323457144208161,0.04197001067309393
77.8693125270212,201.2888634470927,61.61137052662197,11.686240092409184,0.021203522837521988,-0.47344101740855127,0.021507868105372,117.7684621920896,0.791417602477993,0.5839701063262183,1.6565471815251516,0.04691655095024455,0.047582572471318224
78.0,201.26955884802695,61.96539719906849,11.736098734486223,0.024342635180173874,-0.4496295935201363,0.02399690405129834,117.85305521676977,1.4433430536864686,0.6382491573596812,1.6226302268840802,0.16812890179196824,0.0505354254929866
78.06911389656665,201.27369273226034,61.936242072241626,11.738275193341142,0.02474237016022522,-0.4493044391574909,0.024060961796185165,117.95289362008245,1.4452535055270372,0.641639469817935,1.6186857604422284,0.16522110599849793,0.05044544010623943
79.0,200.75948592579974,60.83638259416244,11.569100832973788,-0.019054926717104348,-0.4949153719389171,0.01408334144394589,118.9175528042799,0.6283684423241361,0.4945191632472077,1.563128977142878,0.009931431452572859,0.04031788691854386
80.0,200.69911024888393,60.23984647728413,11.406568310147971,-0.022934293658620066,-0.5011647360211503,0.00715340529742658,120.4722396928781,0.4316422275732741,0.3193789604631361,1.568478317979685,-0.03330251610895385,0.027317421579067625
80.06713168097536,200.67481155110787,60.18344115076087,11.404641688139217,-0.02634993347470368,-0.504250273152939,0.006678892842345623,120.67675936808077,0.51141277669392,0.3220875271257335,1.6070964226097604,-0.002253613288889726,0.02750867599902857
81.0,200.81719710135764,59.810975490275105,11.32811713274958,-0.013950408704446611,-0.49639326669479783,0.004329431397614059,122.44634443266226,0.5609489157121461,0.22713677469356547,1.6574863705050964,-0.0034695727608514766,0.02068579637396174
82.0,200.68523555192175,59.20505264487849,11.066590346634376,-0.023131122695179425,-0.5042331408713772,-0.005906896331544203,123.96666353627549,0.36968576974386413,-0.09879799968459477,1.6472957082981865,-0.04022366947351418,-0.0010764901107637483
82.46476352587757,200.71922602694025,59.02193896178601,11.069039047107315,-0.017810238295238548,-0.4989742492761133,-0.005080334474256344,124.57422018272676,0.21113377317081644,-0.10118459103548512,1.5941289729338468,-0.09221367401663769,-0.0012401408753781238
83.0,200.4225123128215,58.51161058971623,11.123272679998534,-0.04054200301315304,-0.5174348676097354,-0.004661945355104282,125.03011305704239,-0.0729074690689214,0.01929576462534137,1.5371847830046887,-0.12908945998384008,0.006836831475913163
83.26397689151685,200.7951652038916,57.91695718198246,10.774819801573809,-0.01845269047309836,-0.5433898141228133,-0.025908663734162687,125.20978272252523,0.15246779489314227,0.06660161762895772,1.4730192103558692,-0.06338766816565276,0.01218221067803553
84.0,200.61890893356275,57.30140503596067,11.026072528252408,-0.031836052634044106,-0.5586914374166443,-0.01655879164821391,126.11921235981174,-0.271711583122374,0.44572932620610345,1.4397325579292684,-0.13584062592414634,0.03634124839952235
85.0,200.56634795138993,56.498745593419365,10.83512993914388,-0.035239512192479346,-0.5746472572610498,-0.023611402065483414,127.8099777516918,-1.1864754141268459,0.2583927690736643,1.4763417618196557,-0.30330412741161683,0.022564597858315105
86.0,200.57304926646339,56.19380832023348,11.06250177353841,-0.03056279477252139,-0.5563935350417737,-0.013730931572430376,128.86149584220274,-0.3184305991520744,0.6186407496764844,1.3678552378409958,-0.09965279963452911,0.04353761556560316
86.26103985508335,200.25040979653244,56.32785693789316,11.820869459309549,-0.048285264761696464,-0.5407661859480805,0.03228362333324606,129.38018058694772,-0.4936313572383145,0.5318776666134419,1.3825318328423466,-0.1271410802573034,0.03259248689367275
86.86044253204561,200.1835585467514,55.97153317668309,11.832720083656161,-0.05144388797310721,-0.5434422272302577,0.03163040883557868,130.2701230700567,-0.49102939142976065,0.5533921374494694,1.3360191601402511,-0.07626693296299797,0.03413552393585078
87.0,200.16444261426028,56.11931746480655,11.827700734372671,-0.05023263000030989,-0.5288541101116012,0.031731958511012834,130.2706224247683,-0.029163480225238958,0.5362369269649758,1.2739732047189156,0.017392072603198014,0.03288090090270219
87.26003598825993,200.17553908423662,55.999280574344525,11.840005145826407,-0.04820137472928172,-0.5272919420299178,0.032110416361389914,130.55565183648508,-0.05700606566219774,0.5439889081930165,1.2261557826763962,0.020166392167765362,0.033056803594572075
87.85941427982671,200.10118632221582,55.737260590592776,11.882825330117702,-0.05079829002534343,-0.5242538457437097,0.03353747873391099,131.29996020787368,-0.07297483716361675,0.560301820771966,1.155775352892581,0.04246531727869349,0.03213252804020843
88.0,199.92470270212849,55.61874885582437,11.680891687945277,-0.06330347818126446,-0.5289005913398661,0.024721102782716872,131.22494259884036,-0.0598047785355509,0.32169856470744035,1.0997576529542707,0.05734472062186244,0.017752604750023878
88.85834849360018,199.80178702653558,55.122534534706844,11.683748729480921,-0.07092114728896018,-0.5349516122258601,0.022704778663660132,132.41582009171054,0.27340366696010826,0.3408184265348556,1.0946591639937984,0.19836329146499698,0.017593663036339337
89.0,199.6781342448771,55.00210845708396,11.920865303427847,-0.07934285323082867,-0.5390209033469852,0.0314675049590663,132.39672462864695,0.2942083385738877,0.6469711519478663,1.0494967744453572,0.21045023935491233,0.036897310358061354
89.8572493380666,199.59504859924778,54.53348993415649,11.945679055236866,-0.081179035989731,-0.5403677168004569,0.031090961516974457,133.328163526485,0.5654755757806951,0.6796514640998579,0.9693670470973024,0.2862161296920993,0.03780923619328424
90.0,199.67055418322926,54.45459529042875,11.912749340906547,-0.0750746226466465,-0.5395253903918571,0.02992003289970353,133.64773501865852,0.5041005110415898,0.6298036575439145,0.9841619212610556,0.269963190143156,0.0341804086112908
90.0570258926462,199.5168493273058,54.623055023072844,11.837232068570188,-0.08389886721513565,-0.52804359204701,0.025141267403214252,133.78992648772055,0.4127315100644375,0.6416938846599026,1.001423147090653,0.24291443816979116,0.03526689944307723
90.65634900088126,199.46193173982982,54.30238584998327,11.851046214410879,-0.08456874109145517,-0.5286854075782614,0.024964150634621447,134.3969985675702,0.5939693903999482,0.6632239653401738,0.9397998332714073,0.2813433838183542,0.03562429008361045
91.0,199.8419514133879,54.21100624785964,11.85880007162785,-0.05504425005780057,-0.51831915945413,0.026322795270035223,135.34349332578094,0.5974808918526751,0.6487958261079532,1.001757550761421,0.2602351328115512,0.032944733066539375
91.45543264817894,199.76012603392255,53.913799275525164,11.857994143867144,-0.06347361837421663,-0.5268961941615831,0.024274098936451976,136.1188071272164,1.038524614312702,0.6665518269551245,1.090662170913172,0.40823055401374403,0.03276140411253302
92.0,199.6782625112916,53.76130488440409,12.054598667725505,-0.06526022948334412,-0.5188141684850074,0.03161816831544955,136.47273949456823,1.6229745412680563,0.9171994098851779,0.991367645956815,0.5076713653320813,0.04752775107285567
92.05473644216968,199.39087970513194,54.03185362678551,12.35131373837133,-0.08221186093054629,-0.5009878628103005,0.05014198196343583,136.69480292281625,1.4715508049181985,0.8799400180396831,1.0337986690897394,0.45919983862379665,0.04268119147054995
92.25450289735927,199.44333403278358,53.82285863948266,12.503774203611593,-0.07794371501754337,-0.5074298843969521,0.0591743275832226,136.84911704016025,1.6324172915487507,0.8691547140727744,1.000833963145261,0.4887876268918477,0.041094616377924637
93.0,199.62536516289654,53.93398173157056,12.603660995423537,-0.056366470603630224,-0.47345120324351153,0.0629892294768767,137.8171188771248,2.734179603184822,0.9492374668790291,0.9573948992259544,0.6520639829785895,0.044516705843670554
93.45309024123547,199.551544099663,53.6877526310064,12.614412382280602,-0.06168256496793978,-0.477615562422309,0.061287129440572685,138.40728488447394,3.1809147379218454,0.9723428543904876,0.9797187431198164,0.735151506809409,0.04522122436269049
93.65285301037609,199.52161610769545,53.5817896476464,12.620024676209862,-0.06369153969065951,-0.4791306488657763,0.060633366818067844,138.67152547101313,3.3899030002007344,0.98246527123828,0.9895592729109859,0.7710848970584538,0.04546354044694203
94.0,199.91536017281604,53.728544480974755,12.475799855807917,-0.03121441695196584,-0.4538805609634398,0.056153220866834413,139.50667599318297,3.982866399526679,0.7634600951948044,1.025887812818382,0.8282246491700647,0.03077896964521685
95.0,200.03223829068588,52.97368565691144,12.31332046545362,-0.024686776622417604,-0.4712553008173385,0.04720139911716505,141.07009116621268,4.005138041301886,0.5231302255139056,1.0720407296656145,0.7213372627247889,0.012481267846276636
95.45070884679447,200.09492305765332,52.67899596437064,12.291473783743065,-0.01997419446411792,-0.47652022078067713,0.04428672035062739,141.48442655808356,4.40424474445191,0.536112075300483,1.0256214851487193,0.7569250404872628,0.013473809016848312
96.0,200.3779542197647,52.2387034774872,12.521348710598064,-0.0013918501782798458,-0.4851046774630719,0.05297037419978223,142.6110046167291,4.370290879840025,0.7797431454530639,1.0962877718985131,0.6820596466046235,0.02693448704654935
96.44951983949154,200.25886941744807,51.925433544384944,12.517818717801152,-0.01334842742294636,-0.4948193453157767,0.04982305292366741,143.42348569166367,4.956547073417794,0.7976428036841581,1.193575760553651,0.7941747606639595,0.027036249485216587
97.0,200.18121580237346,51.686315649583996,12.666300726245828,-0.017862590449281596,-0.49341511948037625,0.05449950706482505,143.91062638283705,5.528463651523045,0.9658453041574857,1.1428397029357074,0.8382599370360873,0.03689937043566215
98.0,200.59169664791324,51.70251672787857,12.535145603707612,0.017107102253300185,-0.4553265734457721,0.05029480268884742,145.43557763768737,7.313580510343158,0.6999836347030856,1.1494339887318035,1.0250927284119027,0.017870599021217706
99.0,200.45363926804416,51.27435398897793,12.707132059083753,0.006612441278698911,-0.4550232177986718,0.054512290477554376,145.957329106838,8.822439266538288,0.8979605235415435,0.9957614135206679,1.1594434356117027,0.02944012338606819
100.0,200.69888554199375,51.07051834577282,12.588074071422524,0.025312339466282165,-0.43579893317073976,0.04968263398508094,147.21304392647366,10.808235557084698,0.6352380356672016,0.9962652268133397,1.353551196330595,0.010762530824881062
100.8445183178298,200.91203576337358,50.774473594196515,12.657733633103998,0.04028600048476298,-0.4287122798413583,0.05257764529188311,147.68719555156122,11.743286605847096,0.6379291609382766,0.8529292361572219,1.3186558739822891,0.009864509207531144
101.0,200.91571876765784,50.68970336131173,12.490918931795159,0.040374595451348985,-0.43041268879271694,0.04599531684356051,148.13534852544953,11.521630810454342,0.38200294149890746,0.9098469053589942,1.2362989302005405,-0.007309887754225135
101.04430691613187,200.98571861872782,50.56971780315645,12.54653170894213,0.04438458591026573,-0.43644390217232476,0.04947214527758523,148.1396205868654,11.63353767091588,0.37466869037542666,0.8983180874655734,1.2531342372355327,-0.00808401522205331
101.4438900179755,201.05630410661297,50.42701448282758,12.584029228149147,0.049070172927394386,-0.4335069624542631,0.051080750326523844,148.3865873017425,12.061816795453987,0.3675822145537108,0.8420203850436085,1.2351222081290008,-0.009333126724573251
102.0,201.3715162835393,50.38189779641525,12.3601856524412,0.07109346092769013,-0.4176351010846825,0.04236154565771766,149.17984529409753,12.99560044176675,0.012441514108542273,0.8597214739127439,1.2753535881246179,-0.032998091204244975
102.04328052915679,201.14891237186458,50.49475423194642,13.070274031409777,0.057911339341795674,-0.4094132121722551,0.08877833569555359,149.33485068167084,12.956680164529017,-0.09046219106180202,0.8899734561655008,1.2486058432057177,-0.044865568050708925
102.24308188910857,201.15606064098336,50.409668690332936,13.083985574174353,0.05737932000229365,-0.40976286781097043,0.08843641956949529,149.5264026087069,13.215773138835797,-0.09870424048215459,0.8874908975023147,1.2544924688003047,-0.045423469130443796
103.0,200.97227660339476,49.93959001570105,13.595697688624744,0.04023274252514777,-0.42240806656161456,0.10591196461108887,149.91331138871837,13.963818184198516,0.4107384735727115,0.81787389591306,1.2315239040486885,-0.012918355115011791
103.64176304797243,201.32632790816032,49.32087692664709,13.278296893447271,0.06083513189031713,-0.44503653674734345,0.07947558586637704,150.1394073927863,15.105331248028394,0.467771757812624,0.7106526044082344,1.3308568454637961,-0.006185782149745543
104.0,201.280342043515,49.465724510543765,13.301547380227422,0.05849578121150695,-0.4253587740445305,0.07976192331788733,150.24255978573584,16.062206991195946,0.45498141127628383,0.6595171004592022,1.422609615186429,-0.0067121391362132445
104.04141101549394,201.20033538370285,49.418570918882295,13.272931049564193,0.04804476538993521,-0.4299234182304242,0.07601389084702184,150.5424964111331,16.26518764095866,0.46354811110919836,0.7673396606506445,1.4865611996339525,-0.005826251290287955
104.84074410673244,201.22187868970076,49.095078555466436,13.34731972909738,0.04692545905296097,-0.428509568213536,0.07700138165342936,151.1642124187392,17.434092109724993,0.45594463141934227,0.7463698035623517,1.49850376834598,-0.0071929318145203605
105.0,200.43442808644346,49.137852087251886,13.420246586869567,-0.00761288586912745,-0.4278393808012075,0.07765969832353489,150.2027827605424,17.91885072696556,0.5456349928945935,0.5587215047209942,1.5656591155080803,-0.0006516835443153794
105.44027869055006,200.517302789218,48.985362613926505,13.494742403743729,0.004572648290516986,-0.4226680561296995,0.08247219462000993,150.04416904988395,18.420394032665165,0.5332707106556606,0.3886203077166653,1.4987867418695258,-0.0025681055051304975
106.0,200.42397638987336,48.38453090975961,12.771388732914053,-0.005725965205979795,-0.44764561240777284,0.048648455655862524,150.2628244119985,18.662651511492747,-0.3294369936860587,0.3701241648900626,1.3955089764881434,-0.056852723914572086
107.0,200.38128773686572,47.647160374272865,12.94123525372509,-0.010937345201102296,-0.46660085379298216,0.052617846651634596,150.6920251834112,19.42924482877595,-0.23067177960791374,0.33756598059233806,1.2678307956638177,-0.04934127159989142
107.63884558368605,200.64163346822036,46.93353475422054,12.964547039046781,0.007934467861232374,-0.4968992077484383,0.051716563827694476,150.5917162015618,20.806839150685036,-0.2570447213911007,0.25623069847779806,1.4658275792475208,-0.049061111729162867
108.0,200.57155267200153,46.84276951784371,12.962270595197719,0.0034514175370633825,-0.491511225797213,0.05083545195461026,150.55216812872527,21.50163561048705,-0.29815910672283336,0.2325852332301324,1.524353901625422,-0.05057203203627149
108.4383962048263,200.72014437145165,46.332173955733644,13.117763177307275,0.013984857509939459,-0.5132037726830329,0.061393594817243005,150.48798032636432,22.544700109448655,-0.3440989906513739,0.1842719825394065,1.6694582035883179,-0.05378862094245919
109.0,200.3051549124839,46.09067638188399,13.229283946871188,-0.01510621959146997,-0.5129781215458925,0.0643506165458764,149.76271400808756,23.51282014134468,-0.303772695756658,0.02576750826484356,1.7252244217832815,-0.050039178210523845
109.03807526741345,200.53555935522166,46.15544995041834,13.302303302490266,0.006222611860615037,-0.5050826859154568,0.07164555527864896,149.34389129163438,23.411745652959453,-0.3227502965602724,-0.12323632185049672,1.663960883678453,-0.05211677999500442
110.0,200.643920584967,45.60176884588046,13.658860457917086,0.013242180420164744,-0.5087420432531333,0.08404065966920403,149.36110214499487,24.888623866505654,-0.048549146738130655,-0.13877155439453562,1.709738146905692,-0.03354203385240602
111.0,200.81971929949336,45.04329549694872,14.152785637389561,0.024713882065882847,-0.5107076696804582,0.10160607092448755,149.48120520425923,26.444851897983828,0.3896521548557936,-0.13040723785857145,1.7459965321361157,-0.006096602226377198
111.23702252578124,200.79298872775047,45.170752783948025,13.82795198230705,0.02214274575540732,-0.49255302887918156,0.07210892096492294,149.49268604219412,26.59017559856779,0.4575766468579213,-0.12612896051692066,1.6814335379378829,0.002032642936086965
111.83677073718968,200.7262881014567,44.850201148681364,13.847785494900709,0.014576569767401001,-0.494435626425174,0.06944339751059997,149.6364727685558,27.650445910294017,0.46589529212979397,-0.07371093758378108,1.735529180377313,0.0034176046619169885
112.0,200.5244665782067,44.968511600547885,13.54276705660084,0.00041798397536194076,-0.4820767845192465,0.055474211131285533,149.32775863147918,28.355848608357043,0.11477223622708677,-0.12758771931833288,1.8273793205406568,-0.017809219813038273
112.43653470182893,200.6228263070115,44.48600542197815,13.592023165732076,0.00739010133319675,-0.502438795483822,0.05754837847714916,149.15976599839175,29.512609543421526,0.1038164245190131,-0.17397620513707207,1.9650971035616074,-0.017458174844300196
112.83638624895197,200.53815523369235,44.483757612001774,13.694166671734244,0.0010762202396231843,-0.4870922772693056,0.06458394069459249,149.20792889793785,29.972405000647598,0.07653228634738471,-0.15334428655519566,1.9039031303503366,-0.020783082426176182
113.0,200.34988047788457,44.03549791518203,14.050223336709472,-0.014617595572550976,-0.513690511108783,0.07868317820088017,148.95946790813642,29.759902614950768,0.455460249312743,-0.1874889326560118,1.8314926573820458,0.002689511225103608
113.03631472687483,200.33315858864995,44.01260819627314,14.047178842553228,-0.01623139657697907,-0.5140036210313011,0.07801039261001766,148.98940036735434,29.830293593041308,0.45716362703718816,-0.17419143106880877,1.8360624511773007,0.002852587867475257
114.0,200.3282198141547,43.6426572700572,14.063255222373094,-0.01482920639893573,-0.5053533465424123,0.07575489485122973,148.80104818954266,31.844867499428194,0.3924032626233004,-0.20933104104024605,1.9382287700103715,-0.0006416283803733474
114.23592411678177,200.3341710956147,43.50152852497859,14.067203124637961,-0.014126997230002741,-0.5071054887990609,0.07446215985505834,148.73975113449106,32.33554198737519,0.39560103675545444,-0.22031388224439266,1.9650424872269885,-0.000169682929392248
114.63580882703515,200.29901019795287,43.54974496575128,13.874366902812358,-0.016853126026754577,-0.4867219372735516,0.053309178411484866,148.71569046075058,32.69861306979822,0.44748039393539885,-0.21430380325252965,1.862898829534669,0.005319189185457242
115.0,200.26043690221786,43.17405229130697,13.69996037040356,-0.020088164493007973,-0.5007563570545668,0.04422045857079224,148.60089712849322,33.09043978952658,0.23885957439658242,-0.23037046176683015,1.8329433622070381,-0.007843070862366614
116.0,200.3782815277916,42.69871807745756,13.728964641407458,-0.009903651745045906,-0.49843604510366973,0.04391256051335589,148.59722574697628,34.98983972124589,0.2138864950952581,-0.2181783144660242,1.8856363859396035,-0.008508393506454952
117.0,200.3895382704919,41.8373693276582,14.021395953137114,-0.00961565083141281,-0.5228548507523484,0.05400876497620711,148.44961314848152,36.066341277467124,0.488282933122795,-0.2276868693096047,1.7668578801368044,0.007565399405207724
117.63519014419599,200.1066614280324,41.49382918616841,14.004112506972678,-0.033352325776354594,-0.5232348093216156,0.04805804539867077,148.900033686041,37.18339298988681,0.508011812235829,-0.05195469613897158,1.786156776758947,0.009077619588057896
118.0,200.2249670184399,41.51223231679922,13.856450516911277,-0.022548711470441324,-0.5087998971200622,0.042292166386377866,149.00912458859284,38.48916020364485,0.30556508183208897,-0.03806777237237165,1.9253029859732136,-0.0030673070028770875
118.43510024374226,200.20538112926235,41.75298500213536,13.669850826024533,-0.023257289607674723,-0.47341997802941804,0.02251476467673674,148.99614950158056,38.70591712544679,0.3504758975416152,-0.039993601804896375,1.7550868651652072,0.0023747361096918113
119.0,200.3097796110425,41.61361543824583,13.441015303644837,-0.014009569146984344,-0.46412452136241406,0.012553143054330751,149.12930334212734,39.954105254987596,0.07025340741470082,-0.016757806389939487,1.807936631254226,-0.014617187098817914
119.03505393445985,200.3218390482148,41.552211850528344,13.402574084626506,-0.013141223932779385,-0.4675638474924729,0.00881776294240067,149.11889916381136,40.070055036065256,0.07904624617109521,-0.019580405370904632,1.825149569214009,-0.01347999368829465
120.0,200.12042552920607,40.474474883754105,13.449979443204551,-0.029166286069272008,-0.5122989706513169,0.008419711015501319,149.04503096942662,40.69340396307249,0.13348673286562296,-0.006288971800718544,1.6394684639526225,-0.010154413892813763
120.23501590524093,200.16231483479945,40.34513798754136,13.463561920744155,-0.02371283072069556,-0.5132349662807949,0.010227438946467104,148.89576642958974,41.1064088640726,0.12674968067124856,-0.06295597013793428,1.6476756737078198,-0.010677150767341837
121.0,200.31476533535223,39.84634694737808,13.518169240634533,-0.010770625379159246,-0.5205238842937508,0.01303071842006668,149.05222654313673,42.1371412704387,0.15738441986629828,-0.03978295403869478,1.601545130536651,-0.00882093848765105
121.23503993282948,200.30214373072545,39.95340967257781,13.553135618557697,-0.011261527553830274,-0.5031268147795152,0.016119145154732797,149.0408267926366,42.23083621997284,0.14614834535798504,-0.04404459143426479,1.5125412083266778,-0.010371979795648413
122.0,200.10103223144384,39.373073175422,13.239919685476735,-0.02611205904090265,-0.5173451414831796,0.0007245546205310472,148.7503416593422,43.00716735691161,-0.2209089106578153,-0.09088175303391392,1.4300726727730746,-0.03175542031861969
122.23511451447311,200.10306440889474,39.24896531999635,13.241953455013514,-0.025152813689097695,-0.5175767825315356,0.0010332962881695713,148.70183936696378,43.34832265069354,-0.22915796842545966,-0.10379539217387293,1.4251359714417604,-0.032122274877537355
122.83518340473036,200.04686599298049,39.0876521512429,13.489655667434082,-0.0276013755381204,-0.5062531358085881,0.024675614085579094,148.65877438702756,43.95041136246189,-0.31252332450391074,-0.10900278221412747,1.3358326112636933,-0.04054681930362999
123.0,199.6165908412385,38.69623548227714,13.580662015114633,-0.060644561487688965,-0.528566279419235,0.02697372969172911,148.10561892734444,43.641009648747385,-0.20699623155936842,-0.18949425141471224,1.2384649610901033,-0.03342095544468659
123.03521037014701,199.55897542779906,38.746048042243615,13.865281323849192,-0.06432820097117231,-0.5234258525194339,0.05382978907512938,148.13615320983945,43.60167624732822,-0.27270764973370143,-0.17976698268358832,1.2100368217975999,-0.04124868553468382
123.43527027695052,199.5113510037056,38.58875648161546,14.00777170441406,-0.06576473128316007,-0.519378446250227,0.06550783372249325,148.07927757163716,44.002598536569245,-0.3190626332148073,-0.18381340724011563,1.1639700980821794,-0.045567024750390234
123.8353381173837,199.4820532470512,38.2246504586869,14.000280526750235,-0.06628457778271275,-0.5322117732348157,0.06215461781920293,148.0248004916168,44.77108216285799,-0.32764226273652874,-0.18435356537813094,1.2344126253247767,-0.04507341302084665
124.0,199.31660429072375,38.23006616839393,13.824890892511519,-0.07949774462636952,-0.5254296161349863,0.05184553722099981,147.95815290931887,45.068908293651255,-0.5076127569807797,-0.167047055355342,1.2391529008565343,-0.05536693266558171
124.63549741187302,199.23743447527687,37.901556336709405,13.842615570101712,-0.08329243932602347,-0.5246342452619145,0.049846013448607854,147.98364934242085,45.8150734053299,-0.5375269148096722,-0.12836743243578969,1.1978936756220553,-0.055153544088861056
125.0,199.2154329244691,37.57071999689488,13.752184631738878,-0.08268163293357723,-0.5343949121399165,0.044867288045806045,147.93969955728906,46.027779445802196,-0.6776387286303264,-0.13288598961261733,1.1399485990887275,-0.06260633171685635
126.0,199.31543597626924,37.036579022930795,13.7156638177503,-0.06857997594844739,-0.534481448555694,0.04203967031676219,148.0411168214539,47.16521757086208,-0.8420556268342749,-0.10781151662874693,1.0890611869167865,-0.0702537698273519
126.03585077602206,199.29799817750396,37.02352334350174,13.714243798210775,-0.07033679121928611,-0.5338317074207056,0.04151866010940925,148.08128427048825,47.18888901895428,-0.8432297595091719,-0.08982045422187157,1.0809381472062027,-0.07014156835224948
127.0,199.42236468465865,36.64923529040444,14.22492008954824,-0.055352827762903636,-0.5244402834784743,0.06334868437978215,148.2595788543281,48.62853628960555,-0.3875417543188262,-0.05177073497714452,1.1112273570921198,-0.039793496775013544
127.23622740280011,199.41328712848718,36.28180939928831,14.023862089934847,-0.055610171659788425,-0.543961418543382,0.04130509404240046,148.2719777233546,49.2381752935121,-0.3427288733822199,-0.04177095024974183,1.2096863327859206,-0.03349216376534671
128.0,199.39834073575176,36.20128965034421,13.988912878321738,-0.05351136756711761,-0.5203765352230049,0.03837119960220438,148.31356807890973,50.83567380142707,-0.44181650035004527,-0.026369429171520985,1.3080399981165525,-0.03910772652672424
128.03651522418645,199.33294097824776,36.22143089585706,13.98023911401908,-0.06026403770415775,-0.5167970275375022,0.03647549546315989,148.47146405257868,50.811839170991064,-0.43815510832196425,0.03736906255900317,1.2805343656989692,-0.038433737123076066
129.0,199.51990173154914,35.649349416642195,13.96783562448752,-0.04105498942341569,-0.5223122278633806,0.03575496284766997,148.82940004259683,51.95142994574811,-0.5525048548460566,0.09400961200836253,1.2399886091919652,-0.04380267969090284
129.23700034697632,199.5641767205469,35.4810750795118,13.981965900262578,-0.03520447760718541,-0.526352756820493,0.0371837218653908,148.6982331788841,52.33221861937377,-0.567112444792942,0.037539201470938616,1.2636501269813023,-0.04485406262493424
129.63717592460526,199.59731682370725,35.21593007674651,13.99850649855758,-0.02937569660068686,-0.5314610068266378,0.038482642645968096,148.51126098583228,52.97347780413318,-0.5894645963515128,-0.03746294613212499,1.2984035477599443,-0.046139511290752735
130.0,199.64042347047194,34.96735150177626,14.235647942278435,-0.025057806184440902,-0.5355028650951149,0.04855191332061558,148.52303603050308,53.30610864663136,-0.34757093311118276,-0.040645504271699315,1.264657717887183,-0.030534324314634473
130.23745196389288,199.6274576264188,34.85103607459332,14.248022015538274,-0.025983094124887415,-0.534498587904139,0.048432494844376096,148.54105476961175,53.58331964632015,-0.35434429008799,-0.03077823896477661,1.250504230716195,-0.030510714823754784
131.0,199.56639115177998,34.61926294597852,14.408891458671189,-0.029333681515431573,-0.5212911274263227,0.0531284109115128,148.67213652349085,55.34202204482559,-0.21553879954036828,0.008391909338111778,1.3873714162134243,-0.02158201041930906
132.0,199.65233368491113,34.12219606440112,14.759591011249565,-0.020130051511040407,-0.5185189624078039,0.06625048712834475,149.03708133426946,57.386037304561874,0.12337235212945502,0.08052985750937232,1.506816917569146,0.00024882085762189393
133.0,199.65388108869294,33.59385358173722,14.779047801178086,-0.018382750861942163,-0.5191059618196412,0.06450642060267799,149.18046996930295,58.926218012360614,0.05711306868221297,0.10079104369284561,1.5100113216982354,-0.0036820079637800464
134.0,199.79985776104985,33.01234706688424,14.83468176050874,-0.006267067542825045,-0.5252002257991787,0.06543867875425644,149.4267068474586,59.75007224137241,0.0015411819179925873,0.13412828916408515,1.368438429094938,-0.00665059760231435
135.0,199.40361245172585,32.6472682316293,14.877516358192931,-0.035997506789931376,-0.5118694765268423,0.06128237108425822,148.70000676030244,62.16917064580866,0.08347352295435817,-0.021301657204454677,1.5603689674637442,-0.00013557374095667877
135.44043146364973,199.4563030123843,32.3883150199912,14.62345690525674,-0.03188719002297997,-0.5139488911147018,0.04051484471252141,148.6482028643548,62.88163884089216,0.1335744658156055,-0.035365449393663664,1.5657380114706703,0.005702102545809258
136.0,199.2479093176321,32.164053459900444,14.482221947794601,-0.046836381336030915,-0.5094279207482768,0.03354551426564295,147.96140833527778,64.05448409854769,-0.09765324305784759,-0.1747505690357042,1.626235857381252,-0.008546056412662352
136.04083691793934,199.43163380452395,32.275582882523146,14.063634996313978,-0.03512646461585819,-0.5011899333828865,0.003024745633495987,147.8359792044903,64.04278442456777,-0.02826487570599434,-0.20850979309798146,1.6064853570012039,-0.00019044283733099
137.0,199.50581975157303,31.820840412919786,14.029669553171898,-0.026467106199427142,-0.49981257741457147,0.0008286323200577617,148.10764814116982,65.45437779907424,-0.025903339943271413,-0.13993222697424768,1.579003547580096,0.0005827188412369442
137.44182711056473,199.56768093687046,31.540689782024753,14.052018056577484,-0.020841092803540767,-0.5040001422317845,0.0026847106270355536,147.9397917450075,66.21730128919322,-0.030637693780597917,-0.18035484629206944,1.5970605793104515,-0.0003054258175241109
137.84212091481209,199.58888043825735,31.539910594448813,14.458921996354098,-0.017523902226924168,-0.4912250191396912,0.03288606632449022,147.75911533859522,66.66267154046784,-0.10687278044904044,-0.22179715608999837,1.545388351393556,-0.008819593741768049
138.0,200.01577463795644,31.328918350405207,14.241662002126247,0.01607487532802159,-0.5017119627031622,0.02454766993483811,148.29627243156148,66.82903905787703,-0.36865959745743027,-0.14333318001706574,1.540574257753322,-0.025334388212872663
139.0,200.08872117863243,30.62188730364981,14.052587748087081,0.02109959719257832,-0.5151589330427805,0.015467078401223418,148.18249884273638,68.02220182461251,-0.6483633003231558,-0.16259385868701529,1.4688180194014306,-0.041798300425736304
139.24318527709852,199.9157452449894,30.29539719307561,14.245957146446017,0.008917601649425415,-0.5291509921272068,0.029610394815992726,148.30930382508234,68.57649999244744,-0.691660887068417,-0.11695946082272946,1.5246239393446805,-0.04581852288066844
140.0,200.091885631972,29.80001107365701,14.373046465853971,0.02192598206189491,-0.5357251374632285,0.03507025946707707,148.4954243802576,69.59658695063858,-0.6069855592340159,-0.07941672247694677,1.4958415589308172,-0.039653815784181895
140.4441398943667,200.21496651390657,29.66368250666517,14.22382853226285,0.029778322004063804,-0.5282750220521167,0.022410733641177908,148.3379939335898,70.13636629905305,-0.5941717120469738,-0.11935785206635102,1.4554305777266836,-0.03637058851190027
140.64430260506302,200.07966990038108,29.403928558275826,14.354881608656608,0.019683781868922577,-0.53970578083258,0.0322394638679602,148.49299318028773,70.63861621817836,-0.6259004043545313,-0.0689348799746285,1.5139679471301697,-0.03953237698101336
141.0,200.43011802024338,29.356966642210974,14.195291663774555,0.04439870019860278,-0.531407264072132,0.025197543650475402,149.06313473496562,71.37163243696021,-0.814590502468908,0.03791244874245599,1.5463105307156646,-0.05125642987355948
142.0,200.55486620611134,28.889277720040607,14.240289640435416,0.04997717019820511,-0.5277394099502358,0.026258063705280613,149.27167101014524,73.0328369667068,-0.8414010663363394,0.07595382036110523,1.563528957448805,-0.05127398044550847
143.0,200.42620309416353,28.196108800537775,14.60730699163853,0.037992338151180534,-0.5370169217116778,0.040818497079670016,148.86726790914938,74.19447672555422,-0.5039344993435866,-0.012158308609018315,1.4794593338438418,-0.027834001340507442
144.0,200.55058168717034,27.96045431634969,14.80180948165513,0.04199914924970053,-0.5194145488261981,0.047480804805514774,148.87036078901394,76.93550764603913,-0.3744148548557225,-0.01140670385896997,1.7255665040310215,-0.018377574115578874
144.24739225085898,200.6891016837174,28.128168020555034,15.177939856558055,0.05201507186104707,-0.4981976950738048,0.07708175347763113,148.70094446613345,77.05543231192193,-0.4491856064815426,-0.062219031905516746,1.639139305236293,-0.026891013316651176
144.447572189277,200.74066674541768,27.92062523489974,14.862689678945722,0.054409386868428014,-0.5057316622826213,0.050118414116536655,148.66332922769217,77.49944524921716,-0.38883697067529177,-0.07136245507872545,1.6729807921293036,-0.01892308596878957
145.0,200.74849508262,27.61895536028222,15.012408194404598,0.052949006830318945,-0.5071166826872866,0.0554965296835334,148.58732402021104,78.37334643223842,-0.25937540219321553,-0.08388771944572558,1.6670652563314934,-0.010220209675882583
145.64866847877954,200.03347807368925,28.01479479225446,14.833836773690692,0.0007338904747276054,-0.455708429980302,0.0389797755803627,149.39756936451423,78.609878950113,-0.22455900488312594,0.14582304652183486,1.441919834219741,-0.005403383974494741
146.0,200.07054580338246,27.844936541750204,15.12079671174457,0.003518939182947208,-0.4565879742965016,0.05105117427524965,149.50609082879868,79.12856820185186,0.09007364870176426,0.16063893515825817,1.4375365187774969,0.014474684157952831
147.0,200.1848854982007,27.16608996081018,15.179989890782304,0.011943646987137407,-0.4716842086468201,0.05227543788061209,149.71683344613388,80.15773002326455,0.09210138658621689,0.17784133740590302,1.3426562584409476,0.014697652627966643
147.4503633246812,200.4280199406673,27.16137444158678,15.074623683594986,0.02858187144764314,-0.4570608645624968,0.04185789301713776,149.5469958535708,80.53849389045345,0.12419014463388174,0.11362364537906496,1.2659095340439677,0.018280406022526084
148.0,200.2859441574441,27.080263500030448,15.149968395806933,0.01733217783474373,-0.44541660285246387,0.04355445516423923,149.3637962242959,81.49618022733036,0.21046850028725902,0.07205958716980296,1.2936786364382535,0.023132532509078138
148.05094082456182,200.31243669067194,27.094096672753082,15.197973828305473,0.019143759409807212,-0.4428920297003405,0.04723623457408814,149.34367168612908,81.53014746383795,0.20308616505737126,0.06511316264571969,1.2824312589981435,0.022063193998209003
148.65152425028216,200.36578358738967,26.785512503589032,15.215240259829201,0.02301592570877557,-0.4469242078534642,0.04672860225135312,149.28482590206525,82.39812359681598,0.21754125717680783,0.03297615068107053,1.2937445330700568,0.02298906942705097
149.0,200.3640027573241,26.748841513334934,15.138907651820421,0.022026348196282658,-0.43876329751227744,0.042390793692096425,149.3131362271655,83.02349713397535,0.1249155620605394,0.03629634099186174,1.3120449326274615,0.0173195407236183
149.05191639432235,200.41992398496345,26.644783428085095,15.159069308043563,0.030014238876201395,-0.44905110653969815,0.04550957921566771,149.10240214836512,83.350535647184,0.11760964010427345,-0.046590511154724665,1.4084784826934529,0.01627992163816491
149.45231102623262,200.3556035401008,26.356207922871878,14.993222015203797,0.02435253129893742,-0.45655612195459755,0.030361325826650985,149.18008302848645,84.02593876700222,0.16142885590072556,-0.02455594871642639,1.4340335861559612,0.020845800701386228
149.85270809013204,200.28053151818767,26.056437549528706,14.811201218679006,0.017960377363167787,-0.4647744161158144,0.01418117490800588,149.30307586560858,84.75026248364536,0.2117713199331546,0.008588975247435768,1.4708916042727713,0.02590289375061279
150.0,200.66955275798847,25.856012773538144,14.92513659652001,0.045409231105106564,-0.4750582530707327,0.020092666359358396,149.84382923866855,84.85970242465527,0.32857597955706597,0.09697929662777163,1.4571198103150722,0.032826952856609366
151.0,200.46842998395374,25.237503352401035,14.924233750023381,0.028888362178023562,-0.4840476499305352,0.01898876027523041,149.46654706825245,85.9955261138794,0.34041898964427575,0.006971649075222616,1.3845541346212247,0.033304318247349335
152.0,200.34179610990563,25.02334149599474,14.678894311970055,0.017736256070768945,-0.4655423605142698,0.006903987596125058,149.22392477801097,87.88373537101656,0.07801061385200986,-0.04804384637410683,1.4618928873653885,0.0172461659874071
152.85575829280106,200.0886670321643,24.529811006467423,15.276797913760861,-0.0016698471002551084,-0.47255343429178925,0.05638448616751438,149.53670402228073,89.27419559988122,-0.03512903782054788,0.03895828521744476,1.492451927142256,0.002885012463742653
153.0,200.03491830566577,24.74515949173617,15.207157007878635,-0.003634424823604222,-0.4556152806024899,0.05411283088649763,149.15060213435774,90.54117829954986,-0.14939493177108773,-0.05811901582772619,1.721423983750251,-0.004509473201366802
153.45638252374857,199.94840050752939,24.472627723985887,15.260589698795274,-0.009772770221091097,-0.46012534582841447,0.056453811248179685,149.22192384532735,91.39969041585888,-0.15713864740106762,-0.036666993701185105,1.7507051533633085,-0.00511376325860881
153.85680111461875,199.907563652521,24.356555324364386,15.26992270816763,-0.014375305929116806,-0.45269145031072267,0.05457715287482455,149.36199654348633,91.85913378104637,-0.15343679689006973,0.010801860319754233,1.679048150473991,-0.004160104636687952
154.0,199.82150293349594,24.408724087504233,15.318057262997783,-0.02096778162177679,-0.4437504758813115,0.055791322805237104,149.2636289387767,92.2291194000438,-0.09976100984225653,-0.0018573996282918882,1.696763074410634,-0.0007189458537138543
154.25722160512768,199.62347987854207,24.120297891054395,15.224722220951282,-0.03503507386237646,-0.4556667728048197,0.04672612097109165,149.47912845581888,92.83096948725291,-0.07804892595736998,0.061106211784822256,1.7477435448728857,0.0018501514514361421
154.65764395370397,199.73594894236948,23.99588337588341,15.019328071994707,-0.026074888569261073,-0.4513561212928739,0.028068302051977214,149.35531070544445,93.44928284915291,-0.030174500458715302,0.02064360398552565,1.7309904735230741,0.007018159292237005
155.0,199.85619822724857,23.41794491953613,15.25537272068505,-0.014791304354842598,-0.48256708314947405,0.039468166620087335,149.45500108401995,93.47273957457013,0.2158214559601147,0.02288517853163352,1.645968510552704,0.021959743718308177
155.65870769059083,199.79483679230535,23.19075077353626,15.269785180440385,-0.02094516858919069,-0.4718235247971549,0.03754331282639602,149.67229309730058,94.19697233974439,0.23603108591182909,0.09643816841636813,1.5185137420209762,0.022910725744330365
155.85892174740297,199.79214950889872,23.093661066126213,15.277696308259397,-0.020750469452889362,-0.47217044273934866,0.03760957745142314,149.68430076871363,94.5143320645052,0.24044660694197928,0.09499303170919882,1.520139562613519,0.023081401481964376
156.0,199.80384342358883,22.917639499689233,14.947855679457987,-0.019144364728516258,-0.4802595053016098,0.02337614710024971,149.6715649707183,94.566959707331,-0.153411534744774,0.08650412412406133,1.4929299622495054,-0.0015669910659067733
157.0,199.79130376136868,22.27762374733866,15.085390308179422,-0.017771605679990934,-0.4919116068189125,0.028789163874980463,149.6372838446464,95.7701976419603,-0.025501526942642405,0.06061615738357397,1.42669815779554,0.006622666941917301
158.0,199.93656325815232,21.498893758093153,15.17869332844771,-0.004804819484603118,-0.5133886106844368,0.032852695696743726,149.8934215905208,96.76822796093612,0.038095919510957296,0.08847592039042446,1.3324439868655138,0.010292668582515901
158.06130346468234,200.08192755608766,21.587399618218885,15.262659533402042,0.005357152938203743,-0.5053979162087977,0.039471585577129195,149.76669679762446,96.75421445798901,0.023231476958303264,0.04987804268547183,1.3026684022264596,0.00855849664372385
158.66196119195894,200.000914574573,21.243002779990306,15.391333332267402,-0.00034691019291948916,-0.5082133143028985,0.04782557341306437,149.88479850556897,97.57612405266627,0.0074330762477075665,0.07253319441665117,1.2924626508747976,0.006555579829807591
158.86218117133157,200.07525459836887,21.01930892921327,15.43065353698056,0.007685352100041543,-0.5226270088239164,0.05133899229305971,149.59555817544333,98.3802383097731,-0.0009055048871210118,-0.037950382197479635,1.47361357633459,0.0051760412071032115
159.0,199.73443528896442,20.84397628923973,15.409474852266689,-0.016384695729791766,-0.5285631136221562,0.049661333738134826,148.84914869540984,98.2332710872994,-0.02990761203141175,-0.17598179271948536,1.4014789552121956,0.003439134476432601
159.4628432661183,199.82645576743118,20.644237082927297,15.295269792139637,-0.009680094105915762,-0.5254286933104959,0.03883806665370608,148.6694446712878,98.83150689106638,-0.0018420935826486198,-0.21791032048866676,1.3793646213300548,0.006605148617783963
160.0,199.9696773383136,20.781732878573887,15.321562871196013,-0.0012636359123545191,-0.495187568821893,0.03820528514367335,149.02172399142603,100.30131545064943,0.01978029492275841,-0.1387779120998373,1.4937060001588018,0.007777610014599398
160.26373095181302,199.95659718922707,20.67245237377864,15.329133352486675,-0.002506847925226267,-0.49298113307845703,0.03786704704814865,149.0160351761124,100.63797315359585,0.022676794135471523,-0.13371139819940087,1.4698558719784898,0.007855555258775678
161.0,199.89367406514415,20.3657287353976,15.33222989139506,-0.007168688963273686,-0.4884560249853269,0.036485861317332585,148.7982065743873,101.75858911786123,0.002566334915483675,-0.1717868162377187,1.4643455135885588,0.006205366927875492
162.0,199.9513031882272,19.832785519695456,15.280666751293145,-0.002316677128198873,-0.4920802667987056,0.0330714874985235,148.78784289223108,103.20715818843229,-0.10715517080463977,-0.1667392368052775,1.45321443667569,-0.0015182026204618023
162.46619917392096,199.7469619707317,19.42276811654055,15.017165997821538,-0.01596891492820119,-0.5034855497153465,0.012009053181977616,148.90544659823055,104.0259738457,-0.05686822173595894,-0.12412673629218635,1.4843754985702493,0.004583411434456004
163.0,199.8426515150661,18.80329230311667,15.122657874850741,-0.006890308118375477,-0.5297430609954771,0.01740204180864946,148.90844777000325,104.18518420347252,0.05322545554205536,-0.12879058967677331,1.3658047887587006,0.0114427720286083
164.0,199.61942792428937,18.583269074179,15.315621393029092,-0.023770752752975004,-0.5059895567725848,0.023488949130694003,148.22887103464538,106.13391645329158,0.308125022149473,-0.24860229357323965,1.4518575239441405,0.027325211839564777
164.86893309452714,199.55586777242215,18.234914545906626,15.33041844662532,-0.027433121595264627,-0.4984986477349021,0.022750049786453768,148.10107330189905,107.1993681972762,0.33457818342146045,-0.24373713309920414,1.3812851464166263,0.02865891617377048
165.0,199.6546844373844,18.61017717823157,15.363820855199455,-0.021556692944864196,-0.4652343321969743,0.02277243691948075,149.5702316662928,108.69852575374036,0.4001925712016822,0.0702917483015004,1.6164284020643136,0.032351336339341126
165.4696227391692,199.6444083105248,18.40808076211604,15.373905840201584,-0.021733678535028004,-0.4638960110451381,0.022675793646695634,149.61225710227887,109.42965315147737,0.4158512530604936,0.07638031129922734,1.6083310755175366,0.033102690453209745
166.0,199.6712933531295,18.16160002018206,15.390850778226183,-0.01859191152242311,-0.4638849969577537,0.02296614035877036,150.02927853420115,110.46866813353508,0.43851128886681107,0.1555034404579376,1.6466234328395526,0.0341069570219657
166.27054586412717,199.79790705000053,18.14677258996283,15.622305679639886,-0.010256923059231897,-0.4574750880239694,0.03844329515931619,149.97410075973053,110.85542179957923,0.4121243789339431,0.1335537118836419,1.6324786591193041,0.030238289731682078
167.0,199.80067997044694,17.63595634867779,15.402798366744749,-0.008705303163081105,-0.4706526343197103,0.028592544294356342,149.93357901011206,111.72118737226633,0.09778975661045947,0.10993787704203634,1.5785265705965652,0.009437798146234706
168.0,200.00908988607742,16.754242835163357,15.22174873840412,0.008541493982772364,-0.5014194932573959,0.021543938250968314,150.50378771611028,112.74082227679216,-0.21013248638907878,0.19800970857023115,1.4817343544302783,-0.009769228636113323
168.87357263788752,200.217606271121,16.476671068605643,15.551224142495391,0.020680785170295115,-0.4923831598444081,0.04166797943406528,150.52029878445853,113.92754532135929,-0.26778580236047905,0.17299763373197977,1.4439124582838012,-0.015582695904968455
169.0,200.2818259880348,16.04465983034349,15.784319375350519,0.026762632534038797,-0.518933194603942,0.052271426201411474,150.5620686819696,113.37805134355632,0.020631749958401335,0.17438323293922972,1.3032877160645564,0.0023230897202044833
169.27404169287632,200.29024236345967,15.8994137355185,15.79916459670547,0.026874316680347222,-0.5192131748850367,0.052318120865857395,150.60757544854457,113.74010053511417,0.021145151983487535,0.17679736545038613,1.2957826377848711,0.002288981386895673
169.47427654300512,200.19585831663952,15.690499316585989,15.456850010308543,0.020691129176860716,-0.5249096576933333,0.02973987906569961,150.71893741440172,114.04710585243791,0.07385403198221135,0.1987420993636335,1.300339285986075,0.008573270963680556
170.0,200.06345984880736,15.110283019319246,15.58561560070963,0.013331698356906441,-0.5461607640754904,0.03523895562315799,150.35146393343547,114.20328907428384,0.21063498334417455,0.10683264413496979,1.1936801742944603,0.016553924135265855
170.47545393960203,200.07806252432107,14.92123452644556,16.066678687813646,0.014119923827602455,-0.5424663803286663,0.06469140188289592,150.38523953686104,114.7377412443446,0.1506303992118489,0.1033421908021478,1.166566563497684,0.008860142079201194
171.0,199.94432421138455,14.868359889184124,15.740006910085265,0.003279924842194885,-0.5247924726785829,0.04830886547548158,150.19869315186907,115.6344833840705,-0.28408145891925374,0.06431651056686238,1.1888765549567288,-0.017795540091147387
172.0,199.94500437427254,14.810404971073467,15.824911668447093,-0.0004885310259876157,-0.49178511766380456,0.04860531325477986,150.4434876469691,117.69492452898474,-0.23729142354069022,0.10764604371154611,1.3118529620001202,-0.014045161164934507
172.07734821457353,200.0734921096126,14.825181639482357,15.737008164226566,0.007236323565398448,-0.4886593008233946,0.04286819658666594,150.3759143173358,117.76641375789522,-0.2259382910567943,0.08674107012093361,1.3021742999666135,-0.012529591748002104
172.8782999230429,200.21807252785882,14.131640933469933,15.81870113578651,0.019420671992667376,-0.5164374276088726,0.047144631922738246,150.11533377466037,119.57104419721037,-0.24861496228234248,-0.02073128419570451,1.5262831688930505,-0.014631764319080474
173.0,200.5007220289933,14.154780093249823,15.724078046528268,0.03609041769394285,-0.5128162480532392,0.043112647181785625,150.87708257783433,120.06304892919361,-0.3792515187709854,0.12829207328342548,1.5910525808481804,-0.02292630874710906
173.27877687176198,200.7448821690116,14.075748445207784,15.34749046641774,0.0500792619416226,-0.508718888638664,0.0187471220227734,150.76428072342404,120.4561569185681,-0.33146709721679557,0.08763103432764824,1.5808724433581132,-0.016777157656281152
174.0,200.64788691726193,13.211757212073081,15.42212141947563,0.04618359656127828,-0.5432023703868062,0.02256776880078079,150.27886840248718,120.78444764359404,-0.28612496982797375,-0.03733174687660212,1.45049197841603,-0.013910029289690044
174.27997233107516,200.74944565476684,13.083571413579383,15.284610529383295,0.051512853339570536,-0.5416630189258789,0.013539351513676155,150.20990250401653,121.17095797420687,-0.26994046427372836,-0.05862208957667233,1.444037225771153,-0.011587422633009612
175.0,200.48538849364542,12.87122902513347,15.376599411848764,0.03185132427260624,-0.5263761619042744,0.016079553170350168,149.48553542582974,122.367003785986,-0.1656207258383845,-0.20183718529132816,1.4582736197662425,-0.004390500666595813
176.0,200.74965681115768,12.212683240893167,15.744118377595766,0.04674132809222373,-0.5377540167173416,0.031401269794668174,149.94485296672588,123.71894982935635,0.2722272414822744,-0.10631073878677244,1.4389891461324424,0.02348611060818325
176.48261705725432,201.22424190812526,12.254618267923565,16.348950715436107,0.07455436563056698,-0.5203965526152928,0.06847325747116766,149.5449675328085,124.22088301551454,0.19878509500520516,-0.21016346380641415,1.3830310954489302,0.01404495566747268
176.68285844079028,201.20011107240913,12.143873549509737,16.446874341169323,0.07221507788620588,-0.5208470927805351,0.07375816930767501,149.5319722682135,124.50492872578398,0.18930882006774846,-0.20942614224498485,1.3821128361936192,0.012910842442743799
177.0,201.20466625032782,11.931922055564707,16.385819989994715,0.07146450789189858,-0.5239689771037139,0.07025321375103756,149.42430203113634,124.82982042272816,0.09077632222627845,-0.22805759292541944,1.3555970413038811,0.00667556836815235
177.0833416654933,201.1712786062962,11.974113475839706,16.381287601967763,0.06821477998298567,-0.5166727098647854,0.06927434363511968,149.46225086329682,124.81163291498139,0.0939486078816461,-0.21132063253361733,1.3095643041293332,0.007003806058418328
177.88430990868545,201.2484859065832,11.509105310683147,16.442836224340155,0.07040809689435179,-0.5217967315459154,0.0699493490481837,149.21824756680425,126.0094898118688,0.09752551304213393,-0.25882596424669435,1.342790482686555,0.007266168798996334
178.0,200.92385967422382,11.909947031661762,16.29690380894563,0.0466130740592279,-0.485033099759034,0.06156663795961469,148.58101958294947,126.56384844573819,-0.06645403322511231,-0.364679767843699,1.3813629387968356,-0.0021742670013057633
179.0,201.17763823850908,11.433794988271446,16.278201436969475,0.05869929100565264,-0.48630671283731597,0.05859478547861447,148.98688204229776,128.19286620197923,-0.17882515169815522,-0.25639805538460947,1.4222401514646632,-0.008703983759236427
179.88674051263453,201.23177953310548,10.991799949240471,16.330107052022104,0.05915599230406307,-0.4876931409313648,0.058700866262527414,148.72703478713555,129.5030209462047,-0.18697002914817948,-0.2917098846339446,1.4318723519137195,-0.009307249035612947
180.0,201.4395374789275,10.5385844079142,16.347939455632996,0.07436345206646387,-0.5185632338179229,0.0608159587344402,149.11161148893325,129.2925064138253,-0.20598195254219367,-0.22629444208187455,1.3875526758441612,-0.010712797550613343
180.4874723468912,201.4742919953281,10.302499874531069,16.377833161846137,0.07378897493678419,-0.5165034433541815,0.060672544614524225,149.02171037171615,129.9027632781411,-0.21062257392718037,-0.23011129642933079,1.3566545366909095,-0.010375744296675711
181.0,201.4150936928657,10.098060814388862,16.41871151666528,0.06735880577368901,-0.511378488910223,0.06069540074093073,148.12797796591227,130.3742889970298,-0.1926712098454685,-0.3962369611302282,1.2975475486623251,-0.00826199146642817
181.28844994143745,200.6729286372068,9.558321729375534,16.05753669006585,0.02316493454409463,-0.5330057266452006,0.03762335340790103,148.46101014781388,130.94655191506692,-0.14447678574750694,-0.29117711159316345,1.3427973937714754,-0.0027918586056115986
182.0,200.80234115060225,9.144712541490481,16.072385199555498,0.030410377807904367,-0.5362375337317716,0.037409971270349035,148.70591099559238,131.99055590977758,-0.16870298959713997,-0.22356239096770036,1.3516222891768552,-0.004815378929082511
182.08942954850076,200.8042246588489,9.126851649121274,16.077846979854634,0.029586931424122193,-0.5327769289713727,0.037289375092298606,148.71596305200003,132.02479690511376,-0.16868906469836617,-0.21253695889767815,1.3150832839107462,-0.0045043906956778665
182.28967475699636,201.20361352426704,9.229168402161928,16.358307103222106,0.052216944305466195,-0.5215194505579095,0.053714255908307904,148.4465829007948,132.19111959154978,-0.20550335558299349,-0.2753415811694049,1.2865260888218373,-0.008897558711598759
183.0,201.52378387725727,9.206830936722394,16.381780121357792,0.06723756486020249,-0.4978426086379786,0.05243881849216106,149.46312249473465,133.90075279835037,-0.22243212053074937,-0.04904279526841204,1.4113884988193948,-0.009797533272389157
183.69139454119343,201.56614414368633,8.89411829066484,16.414245581128778,0.06610971395267266,-0.49392231986018803,0.0519447305203658,149.47646869562786,134.73970787217,-0.22779400658826296,-0.031918030420667806,1.3548295975203963,-0.009552848813028095
183.8916406881512,201.39446198811348,8.720763948344148,16.48111120183307,0.05568164468983042,-0.4979991216460387,0.05526341278763593,149.598337525513,135.05830627662962,-0.23775231629265914,0.0005495604027129126,1.3625559498358326,-0.010747440854736818
184.0,201.3803108725291,8.660572180445827,16.367603080867823,0.05448702924626482,-0.4983170198358083,0.050357618291009015,149.54143029012593,135.17983185407513,-0.39503896818932194,-0.010045069079641188,1.3555021466531711,-0.020412492736188514
185.0,201.2829404036772,8.497632806794101,16.4402578847914,0.042785801964676684,-0.4724615541355259,0.0500037842764946,149.24330125998614,136.92234114985587,-0.3657159932926067,-0.05430499303406359,1.3924861520512624,-0.017763003929211693
185.0931199132376,200.71858013283216,8.12255428619027,15.721035124537845,0.010475002524437338,-0.4898766665090113,0.007492034108356867,149.53313714695517,137.1830950592027,-0.27759379618534485,0.023883605411829364,1.4249378319614632,-0.00774104291265992
186.0,200.65245590017975,7.640291742299277,15.796969647553908,0.006242818066555927,-0.49208617387096953,0.010307519753199282,149.29451337791167,138.35480014138227,-0.19243050010857063,-0.02187411062779119,1.3937938859188643,-0.0024497282235276044
186.49485056819347,200.64782785700714,7.429070210849524,15.801054269049216,0.005324494248259616,-0.4889634724952065,0.010098062420448247,149.3107691770015,138.9631812401446,-0.19312555757815397,-0.010582239702683514,1.3591462596411232,-0.0028309213993396574
186.8953459711329,200.59069261418884,7.233606002940071,16.024484746835267,0.0020993255978115325,-0.48912361457393805,0.022863120743366945,149.34363055598922,139.51442553030483,-0.22423991942966345,-7.725854090483847e-05,1.3545833859183507,-0.00625906885725612
187.0,200.39313960832087,7.341626447267835,15.640322945841962,-0.01100236679149655,-0.4755873120345911,0.006377814629410807,148.88218919108687,139.74239954912065,-0.7232297499309892,-0.0839651250592699,1.3544832224937222,-0.03707804082913336
187.49608982665504,200.4048311261569,7.061087159471403,15.651462857929213,-0.00933532634468602,-0.480282629914158,0.007053616702804614,148.79650812418507,140.53974781337982,-0.7436238218929797,-0.10271536597709596,1.3916079919048443,-0.03809532266007095
188.0,200.52467025534344,7.139420641294588,15.626238161179868,-0.0046794270459849865,-0.45737214539927823,0.005042568486291305,149.4231820375088,141.8157789840503,-0.791215483676419,0.0363944145646555,1.4805835731013701,-0.04036252670924108
189.0,200.49824408352836,6.5221444995741225,15.852586382323373,-0.004669747062139551,-0.46896485759221535,0.01423631851923504,149.17093992161924,142.998234689824,-0.5251505686169609,-0.01998609457584475,1.4261775702702408,-0.02223897703554081
189.69882469848028,200.51749746522353,6.116982748094227,15.868859184719318,-0.0022336677143302893,-0.4775725063175487,0.014976044226465441,149.07528362743514,144.26476440407276,-0.543326890029795,-0.05288067759371571,1.517415933615641,-0.023433856762404413
190.0,200.57629784877338,5.6420346864998185,15.75253420670119,0.0039621084422506985,-0.5029719606425364,0.011482362497264757,148.89826233397616,144.24360099916677,-0.7514088256303326,-0.09800567864165613,1.4491622257454329,-0.036416176001635554
190.29957250554114,199.6176403554595,5.122658181780926,15.814249796013526,-0.04824774790410168,-0.522109664178838,0.014624881220321614,149.3414162399838,144.8353949828232,-0.7692624098854511,0.019048616191696274,1.4886609093594239,-0.03729773960822636
191.0,199.5319429688426,4.431824481115667,15.796010184739895,-0.04872964883122429,-0.5457741585221887,0.01444343103625515,148.8620667234371,145.29457881798237,-0.8504903402265157,-0.08484547616413078,1.3926266637867089,-0.04087626544327221
191.10057081278714,199.5450233045585,4.249352907775638,15.81166003741973,-0.04595147182950847,-0.5590274109817922,0.015828057394284382,148.76962327860977,145.74093596430387,-0.8583444861075353,-0.1219857509998051,1.510416778704005,-0.0415659769779151
191.50107048232698,199.95824967400426,4.251168534727471,16.379879241943385,-0.022489317095850222,-0.547853086813429,0.04705891264338509,148.48782711443053,146.26145947318042,-0.9432903465177793,-0.18589810462732007,1.4946848248760787,-0.04938170571611561
191.90157048904445,199.39866014497233,3.760202723953065,15.825635175503406,-0.05234070462463995,-0.561377655732523,0.015212430442118029,148.75705919171227,146.9861534650184,-0.8900508082990959,-0.11042401003907595,1.528734766065779,-0.04200476234224393
192.0,199.27747826534969,4.070610383761404,15.93609397463477,-0.06204344122787514,-0.5332257576244867,0.01842981626294915,148.57384895984455,147.5738624413348,-0.7377587206146654,-0.13556429697788822,1.5912728184351868,-0.031917788753702145
192.10182061729265,198.71722909802727,3.838157434204561,16.223484507835767,-0.09185849770254197,-0.5424934066301828,0.034156347380842327,148.80430377311595,147.80792031401418,-0.7735436484541184,-0.0734514757711762,1.611910169789996,-0.03566167994362365
193.0,198.5269690366242,3.446358114989378,16.316766417575902,-0.0987096259029322,-0.5345927021513491,0.03629415710700797,148.4873436633349,149.36449890953548,-0.7205021337747856,-0.12691224643416982,1.6445804813602638,-0.030824858481125393
193.50357197834742,198.4692412576643,3.164646251772077,16.247215455850313,-0.09917691052153008,-0.5351953818793007,0.0313895395455412,148.4377984491121,150.20827986143382,-0.7255176377467063,-0.08892307580001672,1.6913520566908873,-0.030562656141894417
194.0,198.50880870376562,2.5799187427327386,16.073017318592857,-0.0916224445680847,-0.5589556615448923,0.024689438638942598,148.57468188475363,150.52012489871325,-0.9932295618227296,-0.020876939636377743,1.6403873594461116,-0.04678630515371876
195.0,198.295472906561,2.19140465533315,15.973899834109421,-0.09969461395513456,-0.545808922008441,0.019208492545044583,148.22131711370415,152.52186618677368,-1.2033115494159972,-0.009531668403187199,1.7729813843614126,-0.05786293144525982
195.9064774822487,198.61351616693094,1.914422272015884,16.603086855040903,-0.07714614164280617,-0.5346580989663603,0.053455960251781204,147.9654632361316,154.04160120650653,-1.335694076354457,-0.007180174601626177,1.8094335781481738,-0.06784292078171152
196.0,199.08738935917208,2.2242327343064865,16.47814019712901,-0.05385214267739159,-0.5124773832461779,0.047909318565632186,149.46017956650587,155.31956286570204,-1.5170946956293374,0.29812116363241653,2.0335552991780093,-0.07756019515347601
196.306944031392,199.2486729167296,2.016549339503904,15.542071075186765,-0.04430893633922432,-0.5149303643094918,-0.005110363923363302,149.47012519353757,155.9662997687699,-1.4283264260380755,0.30745228610469344,2.0660849458633876,-0.06544565351015087
197.0,199.35131037635992,1.4644835247123926,15.899619466349213,-0.03503111702330603,-0.5300834512957966,0.009684361309479762,150.2787564860062,156.52780168275626,-0.9761310780489458,0.5026507908912248,1.9393156588312872,-0.035056103767202584
198.0,199.3751253144905,0.9253539062639733,15.854447156518235,-0.03164387585537669,-0.5312987210709068,0.007615255871179056,151.1504960504015,158.34803208042112,-1.0822384196302097,0.6888837363118562,1.9608697506032544,-0.040954255120472335
198.70961431035784,199.09833145284028,1.5292646839934703,15.782840531860867,-0.05094628188285302,-0.4596225035475256,0.0013200193629164724,152.0837137947462,158.40581521684857,-1.0974363778337337,0.9067621224318543,1.60835474076492,-0.04047310503542939
199.0,199.10541973264534,1.074526258764832,15.989148327928932,-0.04721716505836215,-0.4834058687887542,0.010201044319962747,152.17976319058465,158.45058442377163,-0.8334962098307779,0.9078634455609472,1.5400581597073484,-0.023584556310782337
199.31024421203725,199.08436701989308,0.9493099574781427,15.990394676511373,-0.04774891991975976,-0.4812076651666025,0.010012401838744177,152.48055546973768,158.88043875712432,-0.8404251502967175,0.9554004781003573,1.5170602849479924,-0.023363006332500207
200.0,199.02868684140083,0.49133227551056535,16.108592622520085,-0.0481491848540271,-0.49015097613502767,0.014555379016682295,152.71123060459945,159.651561629225,-0.6998153269431874,0.95435211615267,1.4491400003051447,-0.013824719545876992
200.91184134176655,199.0805651255142,0.03659508022318586,15.717128868552921,-0.04321275362627317,-0.4903807241186452,-0.0073253423391024565,153.58368633793944,160.95400272997506,-0.6632846131741159,1.056657873054019,1.4084791391422473,-0.008633322554060196
201.0,198.91569992324654,0.022828309700052687,15.856606897756668,-0.052583196870905,-0.48748374498513464,-0.0021574341327794426,152.91581261487104,160.9715623618104,-0.4603451422500642,0.9176004756710039,1.3855622563918444,0.003355929970651402
201.1120321198397,199.15677652003978,0.031791316990170626,15.729536479687338,-0.0396324187201557,-0.484344441441094,-0.008960243564795557,152.91771184660564,161.1046094373529,-0.4468012752147931,0.9035672437863048,1.3746419256527307,0.004627229566688354
201.9127746041511,199.57754859559063,-0.2409423384441569,15.484788081848203,-0.015973471374675224,-0.4786158448478557,-0.021701848246279118,153.41942344155774,162.12983889819208,-0.4156872455714225,0.9264018876046302,1.3159455109406717,0.008963591121082332
202.0,199.43956008050841,-0.48062198921784915,15.394296447466049,-0.022344986162101708,-0.49110458523997935,-0.024916890104719234,153.08900739359186,161.85524568827833,-0.5408584489448394,0.8523574530077878,1.2347204234417308,0.0005081773376571699
202.11295496737156,199.4247928084034,-0.5079644908217331,15.391070425361832,-0.023432214199817298,-0.48718413543250877,-0.025159518826854514,153.21086681434727,161.88155906720058,-0.5403373743184532,0.8711241793865964,1.1841977126398533,0.0006042007225427235
202.71348312923016,200.080597274762,-0.5402376476878534,16.042547260719143,0.011906015726172527,-0.4746976388068439,0.010769685663140051,153.38082157529334,162.47145408164278,-0.6224210091502578,0.8307803180243357,1.1095021652356047,-0.008284078821214392
203.0,200.21575844625508,-0.823722838864566,16.201923954103876,0.020322416172632602,-0.48774830722388723,0.01761875315621988,153.8873139104148,162.76257942647607,-0.4295336294057922,0.8994469818764299,1.1022719473404146,0.004221282225606179
204.0,200.26292484186487,-1.3201896680828307,16.243685882714622,0.021829487002814306,-0.4885907978556021,0.01860524865342419,154.91702594669275,163.82536210404578,-0.3913596929024285,0.9969698628948184,1.0118151936867088,0.007610454529036442
204.11463780201342,200.2636875916463,-1.4257241785167596,16.25425860706829,0.02276112317016937,-0.49592990761972267,0.019438343204389117,154.99168357053273,164.14976868839082,-0.39269278964104,0.9915388361266505,1.0813415309035472,0.0070698148236157865
205.0,200.3282874562559,-2.133733113913359,16.202119981819287,0.02694622619931524,-0.5160038211406395,0.017580916348929512,155.9199518818576,164.73019308063766,-0.5018304870679657,1.0569804132506926,0.9519375545662254,-0.0001659039046062894
205.11539351630245,200.21282033546373,-2.245238340248112,16.00268335661548,0.02069159512678305,-0.5184847612260203,0.00680497451238935,156.0955632671323,164.85611424439364,-0.47941551248887543,1.0800745697027494,0.9444979502104287,0.002605774493080847
205.51567921069318,199.78904501836368,-2.5468267519975347,16.307317479385937,-0.0019065767963924486,-0.5232915381297255,0.0229056025564129,156.7513931647127,165.2758106179171,-0.5106712279428491,1.1667285207146447,0.9160078674691308,-0.0010063939834032633
205.91595526699885,199.5119443497109,-2.7541738676875234,17.194464705842304,-0.016283304465965945,-0.5236077058489145,0.06993584046795037,157.38188874973523,165.65456991697422,-0.6153068806483812,1.2385167668452097,0.8792099621392184,-0.011283194077436914
206.0,199.54631776582366,-2.506966859828067,17.082120241647548,-0.016261044194370685,-0.5027975577096476,0.06459415262809236,157.62776461852232,166.1592287835327,-0.7627413096841414,1.280280011914741,0.9416136621503418,-0.02012863250454717
207.0,199.61742916125996,-2.9046659269568376,17.09449040738224,-0.012377806328705918,-0.49599800704593305,0.06239379948540084,159.25309260886613,167.26685016906595,-0.8500440804112317,1.430568843334104,0.8782107321485804,-0.02443975733796351
208.0,199.571538257415,-3.308423274064611,17.009308914277216,-0.014695807740132438,-0.4890939168649528,0.05650162386190929,160.61766654243797,168.28427624937072,-1.080395541866369,1.4959998987481737,0.808443399418438,-0.03732564360776364
208.31740405001491,199.57368744323168,-3.3125819083733963,17.009093609565703,-0.015688359062767845,-0.4760433170522452,0.0550595592660905,161.15488427148577,168.26440487814716,-1.0868078036168711,1.542292559063244,0.6827416474334325,-0.03638691312291839
208.71761032213848,199.574830899158,-3.4048907427672708,17.021125415271786,-0.016126415757501997,-0.4671980800099716,0.054144233619648534,161.82631860078692,168.2962143200808,-1.0971302706832935,1.5921134521646327,0.5556885074712589,-0.03541324961525557
209.0,199.60763389180013,-3.834291701527529,17.33642510514534,-0.01208333705632346,-0.49028023212354843,0.06644864985125526,162.39481707772595,168.14651300046347,-0.692356855227358,1.6332707643178679,0.4815704305075101,-0.00901219841062018
209.7180811407871,200.2346080406192,-4.008964070242137,17.644330738051675,0.021089447088540957,-0.4818592951446671,0.08032331073097729,163.21822861246844,168.38875108462244,-0.7323806815863387,1.5969399225991558,0.36584730740145827,-0.012149015966524911
210.0,200.38448612404898,-4.170423329352165,17.753352710565675,0.028879820790093578,-0.4852601136692702,0.08384605395421796,164.30663130792996,168.55482958487738,-0.6130688095434761,1.7476688494444,0.33969086655793596,-0.0027729505810907794
210.3183326693572,200.01594098513846,-4.406746912615106,17.854648507981242,0.009262201980499585,-0.48912376771957866,0.08773928612825893,165.04964692165814,168.68166765203688,-0.6203113025031041,1.8217448986799714,0.2978337478122114,-0.003024163953304316
210.71848739056333,200.01883753071553,-4.608233873130201,17.890292409991677,0.009247677434358306,-0.4897325686906016,0.08781148354480169,165.78147279023622,168.80923841319225,-0.6218565579651603,1.8536723323687214,0.24557441517005793,-0.002984214033969334
211.0,199.70256636851593,-4.560533133967104,18.272168404568202,-0.00869446104143148,-0.4724636665122297,0.10056314744173206,165.08487638224983,168.93409165301205,-0.10391148350014012,1.628076400084796,0.20053978896653274,0.02848057603144571
211.5187656319483,199.53809562886974,-4.8089637588527925,18.672004543973692,-0.016953067719675786,-0.47264020149039443,0.11884658502601375,166.01800431474285,169.02039463171678,-0.1268912835050593,1.6757362411530452,0.12089435532175544,0.02563558202451561
212.0,199.51558635029204,-4.95822090218791,18.713992687588863,-0.018223093462820705,-0.4666050778466547,0.11801819124074416,166.7830528087516,169.1556513547188,-0.12980655751096615,1.6917681235373778,0.05922496345885673,0.024961054760893456
212.91915232205295,199.49856763647057,-5.427816555259246,18.825597859761448,-0.01812761775772401,-0.47096819398969036,0.11851565707979164,168.3230777248811,169.30980858070546,-0.10968335117133104,1.7198188009097857,-0.028362462825766037,0.025789661863159605
213.0,199.56387995465326,-5.32364732784891,18.57422720503551,-0.015622510272971315,-0.46072823587453293,0.10824829608056502,168.79509129951575,169.50347907005926,-0.4732775605186792,1.7945540025749578,-0.013145115042752627,0.0033098382380060895
213.31923940343847,199.74056419020837,-5.404161894402701,18.912486931179608,-0.006222785639634234,-0.4576616229615491,0.12415944522286051,169.280638665351,169.47496386005682,-0.5056278466803088,1.7848773886110707,-0.0652876680214051,-0.00037642353063423
213.71931611774772,199.7305188282173,-5.662597633056553,18.979187835819044,-0.006427961113665089,-0.4659691978339948,0.12569596015001908,169.94142720753067,169.7338569106748,-0.5138644698645148,1.779081636810228,-0.016485428640178254,-0.0019382243709184714
214.0,199.60165088427175,-5.866028765172629,18.886357526356466,-0.012543147821143161,-0.47029311191806145,0.12094324318292778,169.92440801390308,169.5735260093503,-0.7034342434183978,1.677220722615496,-0.07314063350160446,-0.014381956792487905
215.0,199.46903411309762,-6.266979942274263,19.275665416698867,-0.019064465577293785,-0.4637876725397485,0.13062917306111185,170.89518393768773,169.49841650444594,-0.3105545918797191,1.5017490145481485,-0.10953556572802875,0.010933271984129491
216.0,199.434471949177,-6.539498591926535,19.5894157498997,-0.020953023202766125,-0.4491414911368709,0.13670635780722448,172.21602820634703,169.64764981482566,0.010969088712299013,1.4218171309037502,-0.09782880087174989,0.030924060323692455
216.91985449344932,199.74688377230268,-6.879334998386713,19.850022179745274,-0.0043588787377808885,-0.4459374397303314,0.14360214172405578,173.32617138540013,169.5267481979859,0.023485158538945415,1.3298309726031827,-0.1274068637661625,0.02978148372037737
217.0,199.63217987191737,-7.390628639764399,19.99039683466681,-0.007698005293876328,-0.48086183010149747,0.1498054866925034,172.98376997886092,168.61434449251686,0.17628579495825128,1.227865386613279,-0.29567723315327776,0.0400044304069006
218.0,199.7326622864446,-7.772699080664242,20.186275136035523,-0.002482057145942986,-0.4741553712321799,0.15129831587904552,174.84861251079826,168.59884473188035,0.2991193995708845,1.2917702930259183,-0.2865400806238028,0.04718581836142483
218.5201558992229,199.12042781995476,-8.124388512369716,20.243196683432103,-0.032619672340164406,-0.47849499708162874,0.150136268578333,175.76456604408463,168.46656510331135,0.32717730815756363,1.3212966365938148,-0.30449601174658353,0.04846841171901705
219.0,199.23693115095207,-8.402204870702095,19.987115025921835,-0.02552133931715034,-0.4830989874736981,0.1379612692561809,176.97563349958787,168.127224455763,-0.13854085316888076,1.4082608251616833,-0.36638149118778646,0.01813333805896833
219.12027482899694,199.60365207508613,-8.460442360127123,19.457715004586014,-0.007296998575732128,-0.4835774430196362,0.11081289724414661,177.01684151939537,168.08959870979794,-0.08387909385881172,1.3713569397741125,-0.36983675689158163,0.02376870251864705
219.32031518493847,199.6053618527337,-9.204706280631324,19.548796597063475,-0.00454842377090908,-0.5337602642627516,0.1164959836501803,177.14447711606942,169.01758703847582,-0.10392478949085106,1.3409448119795035,-0.04921863339059521,0.019854168490468973
219.52035589662694,200.0549933714666,-9.244780060829155,19.549646075815662,0.01767097555291719,-0.5311995347294187,0.11544221943665765,177.2257762893294,168.9968222075323,-0.09827770416017235,1.2864661271068327,-0.05191282470639932,0.02056094708120145
219.92043838579866,200.06284955418064,-9.461188255397204,19.596381018480965,0.017732294919091302,-0.5316157620934074,0.11549580416954917,177.73398567016457,168.99247268632197,-0.0903415765793809,1.2659378036880646,-0.04643416916144096,0.020716589030435186
220.0,200.2934601446245,-9.327495695450557,19.44812023925877,0.02843815719093966,-0.5192812390448142,0.10897778387388539,178.45790509652386,169.22027306288402,-0.29411639217650243,1.389624017458277,-0.012903045062595264,0.007556941463125352
221.0,200.4153761623023,-9.44023744269304,19.70057411650429,0.03140673605525327,-0.48870054542834535,0.11304584979749728,180.1547044367162,169.72586796382933,-0.05212615660982872,1.428575431131162,0.0685006899707817,0.02221436484955305
221.72082709940892,199.85747578922238,-9.855559434136111,19.93308218811058,0.0026282019074316057,-0.49092947902208295,0.12052024441720766,181.4481350944687,169.79823067034508,-0.05175606943086628,1.4788889646563719,0.0831312332052402,0.02086577346567539
222.0,199.72071213180175,-10.113017751318068,20.200817345017335,-0.0036571919704128375,-0.4993266099317663,0.12973750269248488,181.41509730511413,169.63473278783897,0.27499803253904376,1.379009177269122,0.05364848961594551,0.04121686039907846
222.92110206480783,199.9760400633981,-10.608007544987041,19.645519164370448,0.009159716761795087,-0.5011881182123986,0.09596638467556326,182.54191443472482,169.69582287496036,0.3869439645669928,1.319253338652336,0.06544416708933322,0.05040464773470944
223.0,200.04694040815812,-10.97421189277856,19.73696455546146,0.013722885419184786,-0.5257371676768763,0.10022936522366145,182.86093778551793,169.17195913651247,0.49108869043625497,1.351482142038207,-0.031347866331613405,0.05655841046744557
224.0,199.96266296303455,-11.548302150976825,19.69056088188836,0.009086861838981036,-0.5288380363197273,0.09483231262567547,183.79743405506315,168.99827874890568,0.3376117562989085,1.2352304661792186,-0.059017672054824014,0.0448256232851691
224.12138958882198,200.4508819878444,-11.50073343713253,20.200508597857393,0.03324179980725937,-0.5241742031554877,0.119870554807122,183.76445034665144,168.95884665892598,0.2947987445774685,1.1794535218569073,-0.06755936800975604,0.03993436266972611
225.0,200.47519099874478,-12.067567731306026,20.724263007705407,0.03334660048894443,-0.5320348040443547,0.1358960632783024,184.76147086568668,168.6073321582302,0.9191984646425787,1.1297169650669576,-0.13001096585157804,0.07830428691948468
226.0,200.55793744680665,-12.609470083873989,20.598464484065413,0.035738051117899336,-0.5330012172423079,0.1262921038043402,186.1447699564673,168.4068033043012,0.6125546858799089,1.1385629769851264,-0.15296831247096632,0.05622479281075941
227.0,200.67464882508307,-13.069165142951988,20.63571498016798,0.03965154964664904,-0.5271367997320883,0.12279717880711377,187.99190661524236,168.88096463656035,0.5256829361991466,1.2507436561201566,-0.03655212843968342,0.04897370199622828
228.0,200.72115743768637,-13.588180981728662,20.504312366763976,0.04001227655220352,-0.5266195298505478,0.11366220769701008,189.37979637045237,168.85877269134483,0.16107190303568591,1.2527962838196731,-0.03193725824439994,0.024871213458545437
229.0,200.76276071939844,-14.11370839892966,20.767550496764198,0.04032547757233159,-0.5269879624262621,0.11899717877384274,190.91675081129648,168.70823210643852,0.44487389207129907,1.2877561702767628,-0.05320156703456524,0.042052942917419164
229.72289472671017,201.53271123836006,-14.541374085775749,19.910391452115956,0.07537751213922908,-0.5300595374319909,0.07360629829416714,191.54610721821751,168.69156992516238,0.5704225358908735,1.2014218426672405,-0.04568757987338659,0.05294049960585829
229.92295338237264,200.6947047450525,-14.784220260283373,19.47231666305598,0.0351431669536075,-0.5355419128245087,0.05169721939138044,192.15241192360563,168.72843179008518,0.6258679447351925,1.2836326224438672,-0.035497348944857024,0.05781083093624967
230.0,200.66017791354093,-14.812563419970694,19.17293633205571,0.03319880894764008,-0.5351544695030023,0.040261762281927876,192.13857895569166,168.54643257936766,0.20087193077102322,1.259369132841544,-0.070239883083319,0.03087741448705806
230.32307169322397,200.66070876614384,-15.2538290084866,19.210959106485372,0.0332720290301211,-0.5530680494037911,0.04204282386226098,192.53150824349302,168.7531562214843,0.2066242254235224,1.2492959920767044,-0.009900838676630185,0.030718494223010966
231.0,200.82664300595917,-15.41311545507149,19.09576356110851,0.04004728816442348,-0.5376955433929727,0.036065001362163146,193.94850104586132,169.01152110974482,0.022587770136688,1.3510529969382548,0.035989446258870364,0.018856541501031086
231.72349622553315,200.83413712295928,-15.779161666498025,19.378886356922827,0.03904325272986761,-0.5367134459400379,0.04836753692837663,194.93108479735653,169.03643771195485,0.011010386648515846,1.3441360305866716,0.04445537390791997,0.01640782573262228
232.0,201.08573927053067,-15.9758152616696,19.56054453154689,0.051084575675253166,-0.5411007157479877,0.05489224391903436,196.15028096759312,169.00923815198067,0.2560805887450559,1.510440476609099,0.03944879105361655,0.03126405579607894
233.0,201.0457377283839,-16.391037877371065,19.555349577207405,0.04630484027232021,-0.5319696766518802,0.05227342517833001,197.19460748134583,169.25177429076598,0.20513762039418842,1.4227095453222627,0.09168921545018871,0.027563242569946866
233.12393687650476,200.44993869955186,-16.460007083408186,19.827408669274895,0.017959475314612137,-0.5313386523076876,0.06483941930342974,197.5581427478337,169.25591944521,0.18418743955046826,1.4699813992921944,0.09164705394579611,0.0250101834137724
234.0,200.45686208993126,-16.958726140414516,19.835808233950587,0.017614409217005824,-0.5335605084991678,0.06313443551194711,198.8238063844512,169.26840887124604,0.13442701184136546,1.46755881770066,0.09198993205999001,0.021858837247135884
234.92452683622346,200.53473367923675,-17.14715863670516,19.85591177373151,0.021013997880257214,-0.5059168162992556,0.06008256428285028,200.1634848560799,168.60059049707667,0.162424830540681,1.467127901479787,-0.12566112661728707,0.023115863598923328
235.0,200.62436437361188,-17.388834542754886,20.062206886662857,0.02545562522807951,-0.5213527478401593,0.0681812356518952,200.87094885081385,168.36825610382604,0.4554152428098785,1.5868089403227421,-0.15968560645078886,0.04119125086904776
235.52472928343454,200.61661205290397,-17.714781173599793,20.101839160151304,0.024230066215070498,-0.5269003538328518,0.06867016876257223,201.71552431748088,168.42892222750294,0.4758135238594092,1.5954882670710442,-0.11786404756095174,0.04119786820755832
236.0,200.6671448260295,-17.884705402762066,20.079255521868628,0.02598822018259444,-0.5210934025723784,0.06641481954958474,202.68109750785814,168.46007874009157,0.4145521408134559,1.6433184801179745,-0.10967500692768714,0.036766642635630606
236.1249346043276,200.24782314874201,-17.93297691554982,20.342580169733996,0.006247865863542132,-0.519665217639054,0.07836710503213831,203.0149354251311,168.43112245728452,0.3964593081283825,1.6778240404001155,-0.11483078178790272,0.03453752443871971
236.32500368077953,200.7914274099279,-18.039543239819313,20.23488994327985,0.03158448216967867,-0.5206799099295953,0.07264615236791624,203.171817097796,168.42514101189212,0.41476417764761003,1.6372333671326649,-0.11101378744090892,0.036075321203343114
237.0,200.79576051852382,-18.384879072014012,20.149510704990856,0.030777680522775807,-0.520175744312298,0.06763798981597344,204.22465647732486,168.35075701591362,0.24791995262566927,1.6362776768966205,-0.11415510691728832,0.0251935643810992
238.0,200.90434175006885,-18.97943133229076,19.970840736325098,0.03438793718674382,-0.5256103423160828,0.05888747021102762,206.24010578756707,168.10022821950017,-0.10169009896127168,1.7234691749705766,-0.14386179783938013,0.0015799670112509392
238.92593034665424,201.33814079515724,-19.45932802060537,20.089496159868553,0.05322468845226855,-0.5259206938967476,0.0619810027825971,207.67173071449787,167.97488643740186,-0.1066006384871001,1.7007751459988432,-0.14734237481414464,0.0008411720949566462
239.0,201.2693629890265,-19.338492102585825,20.21202590180044,0.04967305105068942,-0.5146996973285727,0.06589505270849305,207.49018461146926,168.2846883871776,0.07217257789295603,1.6417266551991754,-0.08617571930565217,0.012304810023211668
239.1260038154675,201.96410923264366,-19.305641142637437,21.211827300624396,0.08194999854692397,-0.5114441923698543,0.11280125859141041,207.48187240006257,168.26663375029995,-0.01416194032296908,1.587553420547468,-0.08798712656789978,0.003110380569489965
239.92630078235587,202.0263039104499,-19.747796313633433,21.308428727417464,0.08158055869619005,-0.5147701141669191,0.11329707079420841,208.75972663589516,168.29457473277978,-0.013078178059073575,1.590174963709852,-0.05651772075621567,0.002831818421781479
240.0,202.2507068218836,-19.608559882388533,21.266628606497573,0.09152182317980986,-0.5014585672139259,0.1108077105420756,209.4931897276675,168.48164912654647,-0.06600350332532204,1.7124345108139627,-0.03485317876872106,-0.0004919711130212073
241.0,202.10797055200334,-19.974383024168542,21.157445878246943,0.08118823059561191,-0.4907890552100786,0.10229811212980255,210.1417760345614,168.64098924483247,-0.3770841420554608,1.5135082844717804,0.0025681955974487802,-0.020109934571226503
241.7269868946547,202.1341114703518,-20.320323575629917,21.33311198027653,0.07963567292034923,-0.4902628878457323,0.10711330500951129,211.25425476934484,168.64099644659493,-0.4019642666809667,1.5132021414402423,0.007484882823412795,-0.02224427950888297
242.0,202.16779316095466,-20.58779905040027,21.482170089104294,0.08012214602036057,-0.5003849204813654,0.11195804205406817,211.77005512667787,168.44677794330144,-0.24919799174447332,1.5324069851401663,-0.022394427208608604,-0.012688469249355364
242.52729972420627,202.6202966533053,-20.87140246879433,21.452504101851307,0.09950389489706146,-0.5018992142188915,0.1077936448422786,212.420891853871,168.45292369449072,-0.24772423519427011,1.4918480802393246,-0.015216268997152078,-0.01216917312880559
243.0,202.66710480337824,-20.902641576993144,21.40180425542127,0.09957751762551115,-0.48639756182129024,0.10339966518797385,213.0457587867722,168.82136667335934,-0.3804503214071153,1.473050965478201,0.05544393573837312,-0.021036365799620427
243.12753750193644,202.67749620897615,-20.982926653628738,21.41668851388309,0.09938078147752653,-0.48800802500478413,0.10357907777285269,213.23661739636722,168.85973569869563,-0.3835897737720154,1.47293679812271,0.06853407272562766,-0.021097198192491746
244.0,202.82003588530807,-21.248342230629763,21.58862011858675,0.1021276339520412,-0.4756730452505478,0.10588494213048684,214.6578766203827,169.1272033417903,-0.2641244459566304,1.4914916520528316,0.11303583817436869,-0.012843652727565446
245.0,202.87064951717883,-21.37242977454099,21.727030947771393,0.1003994710560445,-0.44876918148965567,0.10564897053302821,215.49030873505404,169.7920414262827,-0.1812843140375124,1.3518126024071897,0.22557653433343938,-0.0065951670458924945
246.0,203.0135778815517,-21.8101586544126,22.037966676364327,0.10239048718190953,-0.44791599318650954,0.1127776860929598,217.2341289796972,170.0552554332204,0.14880005186761844,1.40947632583473,0.2617304193352158,0.013709498067834457
247.0,203.15388508377913,-22.14533997209856,22.092777589120534,0.1043708891932338,-0.43948111787592753,0.11033394462426052,218.9967822078272,170.56927553897813,0.08332157552666075,1.4663862850201141,0.3413498267089374,0.009040427572496908
248.0,203.25231898515645,-22.608643568859492,21.92373753179348,0.10405366081927395,-0.44156716564979487,0.10093288185582089,220.53477367904694,170.79431673665067,-0.4262905169122594,1.4733054557899328,0.3549593312858016,-0.023602352223116338
249.0,203.33488714284871,-23.18419460321469,22.320702611710534,0.10264921515573278,-0.45188140030887775,0.11148307909973963,221.70223895385402,170.62055798226632,0.09427539121345602,1.4077067014078568,0.28304267304618963,0.010018840924173912
249.93041650560525,203.55123933052863,-23.18336782396426,22.400043094285582,0.10916835334958258,-0.4210977961106879,0.10884871195521431,222.9280567491508,170.2478431640526,0.11072274887223121,1.3765780186321854,0.12817061711297503,0.010740060086408034
250.0,203.50136196054146,-23.448089721967783,22.30694707291254,0.1056850576699736,-0.43954352280143927,0.10659185376931683,222.81717683093714,169.98590794098854,-0.1491369499208421,1.3356321757491456,0.09420479205449905,-0.00626169362442767
250.7307768756036,203.15777965346945,-23.777078809350886,21.985169149241365,0.08729852392664607,-0.43914119883139424,0.08874210832785441,223.91280707473194,170.0407364353324,-0.11867938972911674,1.3484554907642299,0.09337898977238744,-0.0027041166134297787
251.0,203.0595408425951,-24.303350949506605,21.886414856949365,0.08062491410344935,-0.47026441517703954,0.08605549679310903,224.110747505512,169.53883504685382,-0.3893084030625833,1.3121556926427151,0.01456341786169775,-0.020599992254460662
251.33105006381868,203.073475953611,-24.490135206703545,21.918754146511606,0.07983783721745066,-0.4731928454485413,0.08639786311296843,224.55533128240515,169.61048082354014,-0.39695477097977605,1.3086418309836452,0.03706818349875908,-0.021399868076175776
251.53114167790636,203.06592520335755,-24.634007560589684,21.942834720376986,0.07830165060480503,-0.4784861260887495,0.08703371151369826,224.84400814422324,169.76737187651779,-0.4026157611367308,1.3132293430728448,0.09064262006752043,-0.02184654383257548
252.0,203.19348814271072,-24.736815483628703,21.956363127083737,0.08313661825661209,-0.46934867654749335,0.08556684057306051,225.96510062861222,169.90135464954474,-0.44504878319066093,1.403010000004663,0.10448079349024704,-0.024590781063578315
252.3315108756289,202.89654958159556,-24.869473048170413,21.913916470778474,0.06913597507676301,-0.46783097184468586,0.08241886337075532,226.50801007639822,169.92201267424673,-0.4474544458332898,1.4170128881465194,0.10394715315522046,-0.024465064834069575
253.0,202.8837474163649,-24.726446073706867,22.033603346712173,0.06738192764502751,-0.43418805253320225,0.08301768343493464,226.81439069568293,170.64082335186635,-0.3097063826571673,1.282674120421285,0.21962837088594075,-0.015107862324709648
253.13188443185746,202.93218360863133,-24.739929021297932,22.03920712397565,0.07047288218992051,-0.4253164285027074,0.08211061262561645,226.92579394475788,170.38295850874616,-0.3099018090707294,1.2594366978530034,0.10626853061977712,-0.01522718228293089
253.33197849760364,202.95337105567816,-24.81775678824869,22.053813869226186,0.07112378523057193,-0.4233378054720067,0.08187323381255007,227.16216240088372,170.32895775247417,-0.31253061706297436,1.2492104377658315,0.07712388103951615,-0.015354473304512766
253.7321674370831,202.98107866159475,-24.986893156196665,22.086991387532787,0.07100612313804454,-0.4236915334827896,0.08192443506024182,227.66427490645515,170.37971927003736,-0.31880073217979654,1.2405656152926383,0.08446173429186506,-0.01564978679499624
254.0,202.9597856267974,-25.61554311094828,22.210459143237514,0.06764756951191836,-0.4630830748892522,0.08767963060324352,228.502972548402,169.76798076625343,-0.20699605426964468,1.3385199359544706,-0.0033911723982262554,-0.008850123022065552
254.93274067786845,202.62183118323674,-26.001809646219407,22.31683760565582,0.05058957515327088,-0.4605387927895619,0.08866977914871634,229.8650612788919,169.7362708830493,-0.21730111007871244,1.3514046180411696,-0.015992239814097645,-0.009610184226925477
255.0,202.78520070440752,-26.38655355302251,22.00062729611263,0.0563770531034785,-0.4869137674306505,0.07834536602651888,230.70718432849952,169.2075694347384,-0.7574438008716031,1.5014550880049569,-0.1007723653896597,-0.04430220976371057
255.13283714853327,202.48815137067444,-26.483297422444252,21.390370132828977,0.043451254401644275,-0.4876036745991409,0.05172500771619183,230.97243121767517,169.1873460289729,-0.7165541722568963,1.517411456449015,-0.10512595851567941,-0.039456242445581866
255.53303088227213,202.4062513651365,-26.71298980536722,21.41690509639694,0.036970860517737465,-0.49857991348609126,0.05285421248032248,231.6964807828724,169.601279267752,-0.7350798826994772,1.556238427253557,0.062148530088732834,-0.03995070525421598
255.93322566871302,202.409346491968,-26.91483736285449,21.438794578686533,0.03613198150493402,-0.4999543178564726,0.05299978995054833,232.3395922998007,169.69978409787322,-0.7515144431422787,1.564975082048127,0.09318439407654949,-0.04007086081329554
256.0,202.5961503348294,-27.16948492577862,21.859314175617744,0.04303947798559068,-0.5165115922225917,0.06897883812338802,233.1136456693765,169.41714752597179,-0.13938449765685612,1.700561873480871,0.051087106163287085,-0.0014466957702162428
256.3334215032453,201.9723863011273,-27.27927668667361,21.740037474803536,0.01572142498822031,-0.5125824654358746,0.06273675942955496,233.84123858333137,169.393561281734,-0.1286161074037967,1.7459890457835228,0.04453615236007023,-3.452846495481882e-05
256.53351981210557,202.44876594836512,-27.389629363807476,21.989660471555133,0.03688234367528381,-0.510586327741087,0.07273698744847981,234.02758174168935,169.27881162714155,-0.14679766590335713,1.7079397455505683,-0.0028530105180696198,-0.0015214807175716132
257.0,202.42257882697496,-27.717952894527674,22.267993673667753,0.034654417544451324,-0.5177413172154737,0.08205671014949001,234.77862195752104,169.18555023481028,0.1835064441558863,1.7090563751569514,-0.011623386312209745,0.01934487293526056
258.0,201.95320443778064,-28.27215534667573,21.999205488434693,0.01404252963241883,-0.5220652548728735,0.06976151608905634,235.15622420336638,169.21871094813224,-0.3017913337250274,1.4617554442809206,0.009448619252838178,-0.011738609386062023
258.73461826249553,201.96175943473074,-28.63857760406982,22.046361997838947,0.014475021751291771,-0.5199332191460266,0.0694611702361526,236.20802581718112,169.15499428598093,-0.310026067804286,1.449556518231584,-0.01285799973762239,-0.01274913278265131
259.0,202.04382063283919,-28.796875752606066,22.240092109938118,0.017463197383873023,-0.5212054421852779,0.07571824936522292,236.89168744573726,169.10305801330443,-0.05173622336391115,1.506901632982719,-0.02302062375576224,0.003584433475532573
259.13482130480554,202.0542716439044,-28.815936279297105,22.243804302098415,0.019002881915776378,-0.5155441125931826,0.07511253601396406,237.05575981890988,168.96361725348288,-0.04970837529628176,1.4927738913161208,-0.07799471673983276,0.00382000743842922
259.9352304187992,202.0704101737965,-29.24976799209941,22.307422241857918,0.018246278213179763,-0.518303679624913,0.07543994841308632,238.2846719123414,169.00564482391385,-0.04764051581376891,1.5007727388523944,-0.045149577147514705,0.0034916615692340523
260.0,201.99654770308229,-29.416887644729805,22.40877185292373,0.014359061785841502,-0.5291076360120939,0.07943377541251198,238.22819517013974,168.87469879727487,0.0922742897590697,1.4718977866727039,-0.05769981388719071,0.012143276399994428
260.335436481332,201.99986558690108,-29.631958982141022,22.43781061492989,0.01318315188597009,-0.5335067051114816,0.07981911376098495,238.76160063774975,168.979857650169,0.09519091893933224,1.4839113830346728,-0.0070241741263556215,0.012010829446231833
260.93574744420374,202.55735926507697,-30.014678678720923,22.71927716240461,0.037285746860858,-0.5373759771507601,0.09021898219217972,239.44847171227582,169.02794591288261,0.08197904961568414,1.4317885388524614,0.009399219851034056,0.010276081012180836
261.0,202.4910620369852,-29.747771830808286,22.784037893901303,0.03645027695826009,-0.5139760498705123,0.09100805907862011,238.98747353144637,169.45808453354397,0.19061806482810426,1.3187325932643217,0.0721954211220717,0.017540773483141717
261.3359559921832,202.49363735007975,-29.90788707840579,22.811957929817645,0.03639271670087819,-0.5125184176619481,0.09079173235786425,239.4184859234672,169.4408158718988,0.1971336842982343,1.307518377028108,0.059467974702343905,0.017794572018886064
262.0,202.55429792162573,-30.368344003805348,22.908274594729676,0.03704080242423683,-0.5217877514636602,0.09256170746499237,240.63859837938512,169.2890918926186,0.255909988112015,1.364481637272374,0.037905339517383535,0.02121599212200747
262.7366936466752,202.581550247571,-30.75954572227756,22.977195472464736,0.036819533081936744,-0.5226637025499662,0.09266248086283467,241.6493901484635,169.35325207921764,0.2714903713497055,1.3554135340856799,0.05903877831112872,0.021756257907743416
263.0,202.55404462683853,-30.852729155389365,22.983596671729256,0.03562286842449145,-0.5193215070186695,0.09186112454980824,241.62554801029208,169.4830051492719,0.2512610191389637,1.275506756101057,0.08248603358736466,0.020345496240736678
264.0,202.70899710851884,-31.17627371901881,23.188984489166085,0.04211711765655455,-0.503532003506302,0.094746379514875,243.56799693135173,169.73170977693675,0.4984427144015443,1.382519549785233,0.11311360873333604,0.03580642923799555
264.53765949850987,202.7431042781446,-31.426492529555425,23.240344121975273,0.04301698856617368,-0.5012539147848439,0.09459081563580618,244.28799869301056,169.72428575721528,0.5183949838967722,1.3673747370973868,0.0954509697703018,0.036421342854350114
264.93787675930764,202.76172629975088,-31.625122446632776,23.27828248527976,0.04312360233527401,-0.5010084358614303,0.0945739958829649,244.83112117552994,169.7539278304225,0.5330898213388419,1.3606869606767202,0.0973698603171267,0.03659212247904531
265.0,202.65914107622308,-31.94450062746006,22.998286102588715,0.03630610939257693,-0.5246400429765156,0.08647691118091999,245.15081128400354,169.34107599392186,-0.03972566556922241,1.4116140752795634,0.04368513922462601,-0.0003363352836270178
265.1379857445721,202.62460403886791,-32.047485634034146,23.023133955415258,0.03396344276927559,-0.528368989257792,0.08733431917462894,245.37950379308143,169.44602787137913,-0.04172520641469138,1.4223441375225856,0.08618888997424018,-0.0005316295173851983
265.3380949656672,202.69418901112917,-32.122326419403386,23.448288906723697,0.03659557885656457,-0.527337764660745,0.10493934669830463,245.64869400620182,169.4631104054921,-0.07361453264611467,1.4170053535099383,0.08943484833763732,-0.0036810225445802276
265.9384240383481,202.24102382162863,-32.45001438666683,22.536290038224475,0.016512344933910555,-0.5265813264482072,0.06283219841391041,246.6492763451084,169.4914291873075,0.0063137315730728005,1.4460840797544539,0.09358114496808191,0.004600652088705385
266.0,202.27310524394778,-32.378717367022986,22.3306417664088,0.019058895971644434,-0.516581767483047,0.05483991366217895,246.5742773065381,169.45715957452103,-0.31756262688533765,1.4047865910019832,0.05286168663075385,-0.015713503444063123
267.0,202.29728611191487,-33.35628203155576,22.525472728750984,0.015956282248631843,-0.5524024388881402,0.06165836668852505,248.54918566097422,168.85776731880384,-0.15121907614800434,1.511536114028219,-0.03706883141180047,-0.005310622756660652
268.0,202.1356417036739,-34.105886558260245,22.42142639496006,0.006487741557465022,-0.5683926735661222,0.0569259252012728,249.41413580706313,168.6292359506627,-0.45574403893503945,1.3835653576380833,-0.06231491899677698,-0.0244096318902867
268.1396485111723,202.11078924079007,-34.21421167966952,22.431759977626342,0.004801132067076845,-0.5719118978736298,0.05729716298782152,249.63655281414634,168.71144229932014,-0.46016690680655503,1.392174120732423,-0.02570340670542151,-0.02478226194929389
268.9401006378797,202.1497403529954,-34.6352563537485,22.474365578958086,0.007323965530620217,-0.5666861386767414,0.05672857177630803,250.67518658487285,168.48397999707794,-0.4787137189863358,1.3564006876556407,-0.10175222042287078,-0.025462570492499254
269.0,202.3224977707396,-34.48679479321748,22.65840532599019,0.016732140323488638,-0.5513202023338284,0.06187539344803795,251.56970558823724,168.55164280990272,-0.13606979824118626,1.5127692407680342,-0.10986053835616748,-0.0035138584472932805
269.1402142342048,202.28646396339573,-34.587802993821356,22.664996919449283,0.014518964437005922,-0.5544010694119847,0.06202558739310846,251.81320651425443,168.6171104269073,-0.137154660545785,1.5238791840926518,-0.078683549817015,-0.0037751772027819113
270.0,202.33668959063914,-34.95299479385271,22.863244621017085,0.017089180946597397,-0.5453277600058162,0.06632706947856801,252.9464442025824,168.74263789158564,0.14752306227234357,1.4859699044620787,-0.05603305010161434,0.014679977707797678
270.1407855763701,202.25410938769681,-34.9494130988085,23.456552133557224,0.013478585938156156,-0.542019920936241,0.09104659913565612,253.17591103370276,168.721299899821,0.10670727477919362,1.4901684247113327,-0.059480207397231914,0.01059676926776979
270.7411310504915,202.24051532948636,-35.3003731240809,23.52462150228816,0.011581249671682746,-0.5459192620660825,0.09192717384694508,254.1242200463085,168.8283959247728,0.11102886979750555,1.5060839025042376,-0.006207729205576731,0.010628955411325018
271.0,202.11160234147252,-35.4008797179894,23.889752769478164,0.006020968326534591,-0.5433402986253527,0.10352984954538201,253.78732285548844,169.04375592257662,0.6927554995433206,1.360591202913824,0.03749582395633617,0.04764645047716938
271.34147850832517,202.70759395429297,-35.855797813864065,22.6693813164389,0.030872147316593677,-0.5552438813406863,0.05067197603822819,254.10584273222352,169.1240555764942,0.8029735990010262,1.3195987601005057,0.05647272927202393,0.05765219471537204
271.54159476590644,201.40945471316715,-35.66350485206637,22.69682417269219,-0.02348326674570933,-0.5402158841406943,0.05113580771867379,254.70943453793612,169.0169269989592,0.8137892997181636,1.395623531245249,0.030342414124823226,0.05786762149931529
272.0,201.58228355774915,-35.54197406440329,22.692445515350965,-0.012327363757614262,-0.5107241994415175,0.04851585019500163,255.55599292323697,169.49839797580108,0.8265178874173655,1.4258356035301991,0.09869867884493272,0.058297368501154134
273.0,201.6674351170788,-36.019715709065736,22.94271293526554,-0.007814953776545452,-0.5076283264619289,0.05529422565427746,257.266667394488,169.63100360367392,1.1983792495678054,1.4734955767678626,0.11579194871052992,0.07967413916342805
274.0,201.63567349733873,-36.88887697561461,23.141142192682647,-0.011945564557236278,-0.5350256996580512,0.061663419456319764,259.16643798697663,169.00314635077345,1.4782919336965108,1.5575530024675606,-0.003848864948371611,0.09397385587548536
274.34324504506355,200.5472400783025,-36.85351323730969,22.694426376377727,-0.05767405598790537,-0.5238265473162101,0.0415183466182575,259.98135886119525,168.91541025713272,1.5466444016392913,1.6279306872602237,-0.02391491111362829,0.098538863502916
275.0,200.54986703792906,-37.409520053034335,22.469203822260866,-0.05780798534789508,-0.5395236807518557,0.033627746826247286,261.3829946928746,168.3239089070932,1.2136469649992687,1.6999320775037927,-0.1330323575266734,0.0746318809442435
275.14372420569805,200.37313190529105,-37.459382371331316,22.336474469065397,-0.06492828580699322,-0.5380387208617342,0.027716828490999705,261.6681244241567,168.29325988245955,1.2346934312671884,1.7123557653880301,-0.13772915668918456,0.0758466810708163
276.0,199.96647165394324,-37.848662557888005,22.26866963748024,-0.07921183007617645,-0.5350849556395866,0.02455565935101259,261.93906641472717,168.3917224358373,1.1648591905315655,1.4877008968833363,-0.10154311156953677,0.06937750307005872
276.54457075152476,200.30000867562833,-38.30413091079529,21.695044181830287,-0.06306601815236551,-0.5425791543958323,-0.0007039099695662701,262.63437510042013,168.3881264269521,1.249522549862778,1.4551026037861468,-0.09001958264891223,0.07472789206424914
276.74469251099976,199.79049509277652,-38.282143240279794,21.704733426161532,-0.08437323919795231,-0.5362369652418449,-0.0003596518520959694,263.087894678376,168.31664112329364,1.2638394264768833,1.492321093808254,-0.10273907598403076,0.0749674380780393
277.0,200.09222044830568,-38.607049489586984,21.38454197858224,-0.07226676938548567,-0.5485544683710434,-0.01110959387148723,264.2395332429183,167.54256659829278,0.8537480224550289,1.6412671644699943,-0.2526738908243808,0.048117865743297614
277.1449366430343,200.24472831199,-38.71021169873123,21.55530755770652,-0.06525477648008421,-0.5498571252636711,-0.0035878476622981225,264.4349864563656,167.5163351176379,0.8474742961418517,1.6310758974381918,-0.2526208703623958,0.04686786535806809
277.9454273450154,199.29609827370524,-39.2513644090141,21.597359875161903,-0.10741469068735707,-0.5620213375457443,-0.0006942749521621775,266.185518279498,167.66268177341067,0.8776022693066335,1.7483718089568636,-0.16485795661626293,0.046523147258907084
278.0,199.23084212635516,-39.408256213282634,21.501802246414652,-0.11128630213860273,-0.5719739463083481,-0.0035197979578994935,266.2225540015989,167.49237677152053,0.7532484109378913,1.7402862249361621,-0.18748625229253843,0.03839433513722516
278.5457974885135,199.18466892938181,-39.694844362086684,21.49602495978279,-0.11011780150505708,-0.5696456517381533,-0.0037791011378138254,267.15137062769753,167.33390189286237,0.7748841726215128,1.742454937257774,-0.21088110488001813,0.03878990662710384
279.0,199.30958343460503,-39.79808728147477,21.475962319460532,-0.10097283371185271,-0.5566680104252151,-0.005138800469787988,268.27395149811434,167.37343995433264,0.7705965909968147,1.811281222633089,-0.20203150580727824,0.037808143338393704
280.0,199.46203313964173,-39.90275035928772,21.62497069475758,-0.08550595753526889,-0.5216769305463351,-0.0017759080360830468,270.4119983021697,167.7639722089593,1.0418272820478143,1.8910127428341894,-0.11980679135509201,0.0543283135409368
280.14679329710225,199.34165932930517,-39.95925782713542,21.486139151033026,-0.09031217942976028,-0.5204811992583365,-0.008119028454275146,270.72201001999053,167.7344460852716,1.0613455841598018,1.903972969500682,-0.12271775947466536,0.05567063113585575
281.0,199.07209845096415,-40.23125224118234,21.305150555768947,-0.09686866633756173,-0.5092547771707969,-0.014487989320309027,271.4711006464171,168.07412406853402,0.8590789449611768,1.7531489896624848,-0.038029326069083574,0.04086441255574949
281.1474220599028,199.32946575528237,-40.429408126241654,20.911277522937368,-0.08452393939311906,-0.5151332882478995,-0.032483919836735216,271.6441075467068,168.10820223074577,0.8979000743537572,1.7326365175770364,-0.02684528224734161,0.044614311818857125
281.34754839460004,199.33874694586132,-40.4702720629588,20.89966120133932,-0.08154519877565615,-0.5086681747494493,-0.03295628220205801,271.91982800743057,167.93798282537895,0.9082019432138172,1.7101919324720887,-0.08590397434710004,0.044786703691813944
282.0,199.15275595521547,-40.94188007464497,20.780654441796038,-0.08898056777461603,-0.5199881671015392,-0.035676041942997706,272.7510730387885,167.75038246633153,0.7933719069330685,1.6615400863263825,-0.1002183002148683,0.03582256406183631
283.0,198.93930160714228,-41.357313351247875,20.716237202324898,-0.09341905821758867,-0.5132331917363818,-0.03689676478428161,273.59098026252,168.0179835851271,0.7860112378208677,1.49865871327575,-0.02953653058566437,0.03359009002359386
283.34882226885156,198.91854398165506,-41.5051763077509,20.700834313962844,-0.09196040212525905,-0.5099096019105439,-0.03715409860300793,274.0764134669731,167.92315053661636,0.798411177794559,1.4800616624744132,-0.05775095825916144,0.03337705321511751
284.0,198.95085380066018,-41.66635583737197,20.80145104841678,-0.08577784804843751,-0.4965506970919289,-0.03369842972396207,275.152084857449,168.09735270841782,1.0269759602591912,1.4857994363161013,-0.02759315639879344,0.046297242111440165
284.3494662856417,198.8952079514624,-41.886991769634264,20.79118396778324,-0.08859098303824751,-0.5021927617064011,-0.03335108118914036,275.7389179773717,168.24161874500075,1.0420102063503098,1.503456945569779,0.032296788928256145,0.04612217740295703
285.0,198.8332664018659,-42.298942734439024,20.643572542985616,-0.08959642082903144,-0.5086731540559931,-0.037145074749015815,277.32305096140726,167.93487033362447,0.8570280731701911,1.6154167157750963,-0.01707039892400001,0.03278392079971182
285.3501149413621,200.20945166320857,-42.895860438299835,21.417709826244508,-0.026665500187769586,-0.5303603478167389,-0.0004282927150760993,277.4547273539898,168.1106621332037,0.798766568702493,1.5063552319032552,0.031105269988975944,0.025875849874762557
285.5502452238981,200.20915836918928,-42.92280403937104,21.378850614588607,-0.023276443025401557,-0.5197428484801573,-0.0028216782415349693,277.6193573988037,167.7824700951994,0.8095909259213173,1.4524759586448612,-0.09048989442644795,0.02639666720162124
285.7503756891183,200.20656582232255,-43.01013151664676,21.3694756497555,-0.02235020883401326,-0.5171248353741897,-0.0033926964077700453,277.868905523932,167.66800130838146,0.8162723048307372,1.4327370756671898,-0.1265009584190704,0.026401650860552447
286.0,199.98694027864826,-43.26669522389929,21.161399970557728,-0.03472149601307743,-0.5282117913601571,-0.009653643033476279,277.1755096443358,167.78237678633104,0.4707518004219416,1.2238552776416038,-0.0827466772611497,0.0039176635723437055
287.0,200.14718867059727,-43.31519859457692,21.18691953959743,-0.020303468579396102,-0.49113761427438724,-0.01025756294792931,278.1093251599882,168.46495090184675,0.5811519664610937,1.112021783025499,0.034212216947100485,0.01065272585332939
288.0,200.17213656075864,-43.72172983398545,21.035301443597007,-0.0171606796662216,-0.4847092094311645,-0.015152409522208822,279.318570966364,168.5865675012041,0.34502206040435984,1.0809781950716186,0.05641326005962112,-0.004724355869191409
289.0,200.2936460081166,-43.927158355749704,21.09178155869799,-0.007075903816609315,-0.4637221601646369,-0.013833750892383255,280.8209143087285,169.05225413033378,0.5223741203297041,1.1140614390099608,0.1356238650779557,0.006083630394463189
290.0,200.32672424258874,-44.293238242855224,20.936170560750465,-0.00384802757397698,-0.45667619599650716,-0.01866664349815911,282.19947376304174,169.31429619844246,0.2497991866593921,1.1261873261829516,0.17522828438479549,-0.012274242406396383
290.5535604392907,200.29962487380277,-44.591338892373955,20.92713686414748,-0.005765464533320167,-0.4608494307968877,-0.018371639310722065,282.85728094641274,169.51507913230532,0.24181714450898303,1.118271589184096,0.21943719613820065,-0.01309460918475568
291.0,200.326137636569,-44.88193934374448,21.091099927376426,-0.006839491355739062,-0.4661230871972022,-0.012684752042936787,282.23937279322257,169.97703776502738,0.6130084199383127,0.8831091823510753,0.30755516866296007,0.011041229199451944
292.0,200.16590004449992,-45.51968177492431,20.986221988354842,-0.015409619694229167,-0.48095027423232356,-0.014820319161238925,283.74743672237247,169.72298512980774,0.35466862953712336,0.9588069984830873,0.24121917076468744,-0.005871644525871992
292.5549168702053,200.66695997297634,-45.86251098024243,22.27420474949659,0.005578623821084785,-0.48505282468690664,0.040275226573287234,284.1593484773444,169.8936896217103,0.25074208534690723,0.9081964774938485,0.2615823337613592,-0.016510731368688875
293.0,200.74446521131168,-46.06254431064591,22.269578824819277,0.009840012269492014,-0.48333848597643936,0.03939064770873111,285.03313084186664,169.89736039733708,0.20292222591026268,0.9793551436346063,0.2478585697527221,-0.0197680012983166
293.95587631415617,200.4970426224235,-46.42924993209597,22.27884154819661,-0.0006684388364428528,-0.4791418789869921,0.03817735217361744,286.01634183171507,170.11759235556198,0.18621462149696172,0.9549522164918416,0.2647482777824227,-0.019808133526321117
294.0,200.8634800525802,-46.794510224836486,22.39012260306282,0.013366222842662864,-0.5007155853198485,0.04255462602854343,287.6660155552663,169.12265287084105,0.36529334995472973,1.2722552228179738,0.07188033854406331,-0.009746367030921696
294.5562899670171,200.75410121420006,-47.06358222973352,22.030290505910497,0.00862610109980091,-0.5001392355887997,0.026619050530608004,288.39704563193766,169.1585175461134,0.3882003790425178,1.2729608051463661,0.07328940512612604,-0.007496548609465953
295.0,201.21154046609522,-47.30996733292318,22.059851151152337,0.02992310025067295,-0.49721642783054065,0.02692131739908991,290.32491207581944,169.0575932518388,0.41559619446054824,1.5395620715559089,0.04474758437055831,-0.006375762412770035
296.0,201.31213412177533,-47.70951664943613,22.201974577645096,0.03477459548242399,-0.48912269494594307,0.030637381282948687,292.12764077685347,169.4902392516352,0.6101425719029685,1.6083094388841097,0.12276627366245094,0.0062429717668793525
296.3575396434323,201.86644590633824,-48.00353410011116,23.179103172931946,0.05683261431720528,-0.49462704403616453,0.07049899670897247,292.5933088461919,169.56639587582282,0.5435352349137716,1.5909709838167705,0.1337948164774737,-0.0009700277526754602
297.0,201.84137153978747,-48.256298276586136,23.28983117465145,0.05517254697223277,-0.49033800241164,0.07269183846601081,293.4590380698695,169.97859085845892,0.64615700320098,1.572151462945008,0.20717019660000563,0.005973011249094194
297.3582394742163,202.1164707696796,-47.995356484583006,23.25594953500939,0.07161591607302809,-0.45768615886022923,0.06890374352579542,293.79836181530607,169.51343658445387,0.6572797801175074,1.511100157234302,0.05545380188996715,0.006184487962778323
297.75852050405626,201.37888085250927,-47.902541647536644,22.914423857989703,0.04043283648386849,-0.4453696115098458,0.053639891492392,294.5932032766352,169.44851161554598,0.686982093430182,1.5585463066949201,0.036292890299003074,0.008622030166765576
298.0,201.5409202000949,-47.93104675541507,22.707325296625175,0.04825987388170368,-0.4379497565240509,0.04548564270765939,295.28599955939274,169.4823056818551,0.3582797039572296,1.621013101526909,0.03303257802818561,-0.01229212106475105
298.5590844269344,202.07784872374702,-48.34651398346084,23.13873343241979,0.06905204905314952,-0.4456411525506558,0.06224501799393201,296.0753343569873,169.5529763774842,0.32211436395897275,1.6013560696737503,0.04485232698130204,-0.01527406399463608
299.0,201.84990162117552,-48.4997050677986,23.094683933645726,0.05816481489214685,-0.44583708599508753,0.059938201290905845,296.1608370091902,169.85666623108722,0.19937233551988165,1.4871851384323946,0.11092067362317296,-0.0231220245756956
299.35965081212737,201.8539752642512,-48.696015132220445,23.118443974468406,0.055661420457416934,-0.45049331976756113,0.06040276573837187,296.7673056014095,170.0370838583068,0.189625688741945,1.5135931015391393,0.16886646319370724,-0.023594522981494708
299.75993491992153,201.87571140783695,-48.877728586825086,23.14232290805215,0.055435289739262955,-0.4508763647896038,0.060431818262038674,297.3831269669345,170.1242825385414,0.17998848124732686,1.518526263082361,0.18354864168309057,-0.023996267355394958
