time_s,rov_pos_n,rov_pos_e,rov_pos_d,rov_vel_n,rov_vel_e,rov_vel_d,asv_pos_n,asv_pos_e,asv_pos_d,asv_vel_n,asv_vel_e,asv_vel_d
0.0,199.50350626337925,102.73643217583731,6.491930033674212,0.0,0.0,0.0,-0.08582870713517265,0.1616981016754806,-0.9637834920435241,0.0,0.0,0.0
0.14913921907577607,199.55273374551695,102.6403237793363,6.497214241741715,7.345588300878041e-05,-0.00014341028269116798,7.884948665767045e-06,-0.09430399200112184,0.17836385059716658,-0.9648267830106346,0.0006079827119383011,0.0005160610608841683,5.8887161852587316e-05
0.3489318622302212,199.51026628703826,102.65886110012805,7.5477452086384655,-0.00010122563134856053,-6.73245515181018e-05,0.004331999727927811,-0.08675984168072036,0.17545080651456538,-1.1750219590665993,0.0014973526451991209,0.0020064593160965464,-0.0010124614296258827
0.5487236186049793,199.71836775432595,102.27071039447004,7.335915503663223,0.0014181729107188748,-0.0029075167532127267,0.002767251286593323,-0.12308030536270308,0.24437354285830637,-1.1327135176564673,-0.0004915770556274987,0.008044584512693428,-0.0005686155389077695
0.7485153822475187,199.47225158922143,102.7318909022003,7.641443514224573,-0.0013206809735930678,0.0022190277618702116,0.006181582130894635,-0.07593868360250164,0.15785433395102363,-1.1936793238499246,0.011811747090789,-0.012022290629353529,-0.0014368123937855402
0.9483071531884532,199.6646349385031,102.34672449104595,7.785104087066172,0.0016594493159640385,-0.003741112144283397,0.008408396952945678,-0.11838700218871294,0.24541391982980698,-1.2229954641845837,-0.010263532967711791,0.0348932405775062,-0.0016887302861961257
1.0,199.6623092786982,102.35050940113584,7.796201992238295,0.0016448030708536305,-0.003716510597429022,0.008464451595173538,0.033774511775745725,0.3373384804198636,-1.1995889122125152,0.053119508259053885,0.07538118264203031,-0.0012987318485827484
1.1480989314585677,199.8248631932215,102.05303706034867,7.543498951869361,0.0048681091315829934,-0.009628175369512507,0.0033103457986023146,0.004094894335846783,0.4188558498750312,-1.1581240635053278,0.025386250803573526,0.1505634818354908,0.00012519681070728293
1.34789071708882,199.8598498674855,102.039154390919,6.857829747387894,0.0056931735051346955,-0.009944569136261187,-0.014318568480575326,-0.00243009910248187,0.4547164454202293,-1.0428794424831642,0.01643929538014785,0.17908985602594618,0.004098475168280699
1.5476825101103395,200.12916646704033,101.5097626703138,6.700445022180269,0.014068021797904035,-0.02617878193804487,-0.019127920612541496,-0.16774806159594396,0.8203622246262714,-1.0192927570399448,-0.1723703731306057,0.5744544894934454,0.006949567234817241
1.7474743105544328,200.2410274614744,101.2705447129343,6.8176922354514735,0.01825793255641699,-0.0348918177554052,-0.014522332464777002,-0.32205506654291954,1.1863778011207489,-1.0401247979768864,-0.32231927625251644,0.9119122025081626,0.00949668558368406
1.9472661184525806,200.3158894798078,101.1303695799412,6.460821418064448,0.02167068667014349,-0.0408418640443735,-0.030101301133021945,-0.5212145528894807,1.6081879655971556,-0.9782396324182757,-0.4926120642399916,1.2467883847163366,0.01961908690426312
2.0,200.4555642608327,100.85531313306093,6.381229263904998,0.02492068006247601,-0.04725140280409606,-0.031122591306184805,1.5731191940467966,1.5616808557056543,-1.0642974550469362,1.3352253385279265,1.1830961685928596,0.011710182327063338
2.1470579338364417,200.29297320010187,101.20001144816813,6.368244092448408,0.016890951572871606,-0.030964609028664793,-0.031656837342198804,1.9570694747959756,1.3777811559114432,-1.0595811252999727,1.6239746617329807,0.8836955693622414,0.01120402706026534
2.3468497567378526,200.2967602406656,101.20590931546201,6.060931154989217,0.017036815766333615,-0.030248280009037006,-0.048808020730747935,2.2904893095441134,1.543599965621407,-1.0116943469459492,1.7676199102748005,0.9466321247239284,0.022372713764368307
2.54664158718883,200.34052098387974,101.11602162325283,6.142665241612112,0.01948987242256041,-0.03543612000281801,-0.04291294208437677,2.5567484340598408,1.9538293124318544,-1.0198141637007152,1.8275712358530856,1.2149612985583518,0.03139935191157604
2.746433425221571,200.4023583094974,100.98444625566448,6.275695739045789,0.023686931281101917,-0.044429562028951014,-0.03277863560958408,2.6992892992013857,2.700659529454428,-1.032527496072086,1.7776533438293076,1.7119557229677203,0.04226627991637106
2.9462252708684558,200.4174504804488,100.95274020541346,6.25511200460667,0.024676605668218318,-0.04640988212821102,-0.03382949575008685,2.9929959172956226,3.204072668375776,-1.0202411273734617,1.8501250547185366,1.9480057798504316,0.05224840609815636
3.0,200.803766897037,100.13369424839131,6.527293550033474,0.044670880957670994,-0.0868334599768587,-0.029905545914822182,5.688433349767632,0.9546848201968028,-0.6582211215829212,3.6595514368604434,0.4009158767689851,0.06804634275318414
3.146017124162046,200.87539969836018,99.98281830744592,6.9715688065600885,0.049000339772402576,-0.09731205996839071,0.007443924564911664,6.136527452372369,1.2299467108771065,-0.7084337427459036,3.758969414253402,0.5890452056666942,0.07269004760200101
3.3458089851350907,200.904579650383,99.9396356435803,6.77801080750141,0.05057042558241181,-0.09919503950955037,-0.009986436675733509,6.87354851787615,1.4130120413109526,-0.6644065627663692,3.9694038340892566,0.6709646885227525,0.09188419052544834
3.545600853820523,200.8800826402517,99.99465170047915,6.565598008165695,0.047736133684149355,-0.09246699053122324,-0.0301549496223556,7.801071323550535,1.3249719396975201,-0.6152507972651732,4.280130248291519,0.5579432504849429,0.11056459539279673
3.745392730251464,200.90202638993495,99.9676154398034,6.219737733089727,0.0491572940495251,-0.09319892202042775,-0.06457721838063527,8.644981761805903,1.5043075140253057,-0.5400804961082737,4.498469907002469,0.6295575713096849,0.13455713509277756
3.945184614461224,200.98361975962817,99.82998013544768,6.317585693980555,0.05624791666507884,-0.10704083121640177,-0.052587636819991686,9.151373493239761,2.427932533487172,-0.5247442719544227,4.492885065042586,1.131806733215543,0.1467114189838203
4.0,200.91771616469902,99.9435378317994,6.5792650327512785,0.05138655568387473,-0.09790511719639955,-0.046167155276558666,7.177128677924888,1.870455326580729,-0.2524326077454597,3.3496920247630158,0.8045346916000751,0.10454584890702878
4.144976506483302,200.87620298939657,100.0240542772013,6.676076660357514,0.04652370251387703,-0.08887601859920008,-0.03477935737541915,7.747637692317349,1.8348147642582655,-0.25191672386132513,3.5178940987006517,0.7372610981612342,0.1074822106770217
4.34476840635139,200.90444978724025,99.9700153611153,6.6760542790028214,0.048397075324555915,-0.0925746361123866,-0.03395991894499636,8.428958752895985,2.06090863215517,-0.23040604283976593,3.6644719574628195,0.8164050747707983,0.11503268160496817
4.544560314099371,201.0112330911091,99.76990096814599,6.5976426388078995,0.058633312283984676,-0.11205629510439148,-0.04238347785298156,8.93151537396254,2.7185292006426165,-0.19453667293461377,3.6973253146215046,1.1230199856764562,0.123820490766965
4.744352229761325,201.04144063917516,99.70226958351294,6.858911256002388,0.06039360349373335,-0.11736955805047919,-0.009123084981183388,9.599984725633526,3.0889942390741734,-0.21116440730156383,3.814543747275212,1.2455539301645813,0.12212893806762973
4.944144153371522,201.04358852320726,99.7137517483676,6.583212393067286,0.0593084356082047,-0.11305501674996421,-0.04382713287775155,10.464395545626495,3.209131317708244,-0.1413916516271575,4.017094115985887,1.2325809321028915,0.13947707366304232
5.0,201.10237759378964,99.61437904043916,6.308465274056184,0.06405042271663906,-0.1218733980866436,-0.05241284263554408,8.880296146210368,2.006706649029455,-0.5656590114233474,3.2461381822016175,0.6786739843526277,0.05805552520999124
5.143936084964435,201.09458875335008,99.62985417318292,6.297015062484876,0.06218159223416609,-0.11818299294201791,-0.05292541155463493,9.37816250364018,2.0586275932510096,-0.5565052047573086,3.3512195946158463,0.6733824530742978,0.061744452282170785
5.343728024574732,201.1572464264576,99.50522501088858,6.4696495075802885,0.06756039914081971,-0.12993227614674147,-0.028953005841220535,9.965602825586487,2.3670847638257353,-0.5718523049179639,3.4338896839314845,0.7830836318438048,0.05920401996985899
5.543519972237281,201.11007349639718,99.58372082521196,6.696180013664526,0.060345842996829824,-0.11767609270303314,0.001868249500385083,10.769985959690969,2.2932587231294037,-0.5966242751397949,3.6097863183717367,0.7032594083250575,0.05556445064839696
5.743311927987152,201.180666903868,99.45618341056313,6.685942704739807,0.06710895508399126,-0.13047086193315188,0.0004814373758728341,11.363641214333237,2.7118954571892644,-0.5836412517183028,3.676542389257073,0.8508626619716249,0.05983788009687413
5.943103891859617,201.17759053421915,99.44457210690533,6.913221174205934,0.06509440218203194,-0.12862353332372709,0.031445630296148816,12.126459007298953,2.8209646804673025,-0.6107978694025331,3.8094187854482264,0.8528351413969701,0.055349869738354054
6.0,201.18321039682868,99.42326724095419,7.087713541603798,0.06557843834170919,-0.12992600826650216,0.03735493482278454,10.272509608349129,1.7744704585762114,-0.48784366973688525,3.058304380685758,0.4442262333710797,0.022082109207557946
6.142895863890151,201.2403625023929,99.31662909087493,7.094025079952226,0.07108708596461294,-0.14052022214937046,0.03750192814080862,10.659207251040527,1.9474004507578848,-0.4849841988607952,3.104923746150876,0.5038901254069231,0.0237347163900744
6.342687844114436,201.34631504959182,99.13535856496841,6.916054087779247,0.08174993628816787,-0.15921408636797504,0.012132026936411307,11.179305513684756,2.2797041008474013,-0.4505670935717572,3.156860312786943,0.6187942245623846,0.03256959030957252
6.542479832568362,201.30853401661372,99.18471868683577,7.213988773809978,0.07523324264203232,-0.14923908488999008,0.052786373943416086,11.88162727374054,2.254868573717021,-0.4934400439350539,3.2789045155945247,0.5764137355875056,0.024029018196222485
6.742271829288024,201.32812073495418,99.12455244469956,7.437059133496413,0.07596332515391613,-0.15289829203933572,0.08215711049678394,12.511044723293708,2.4207782233098376,-0.5262018138008058,3.362098717239319,0.6129999037323547,0.017772715518354146
6.94206383430973,201.3393810509159,99.1138364570843,7.351075178594856,0.07532706549920384,-0.1504853094132338,0.06797215269188252,13.21807196094712,2.505301775772383,-0.5033839105539164,3.4690218093710206,0.6155658772148006,0.02444342859263316
7.0,201.63782987449096,98.5350427943076,7.450003834830456,0.10769104144287753,-0.21378906449458368,0.07189347055015717,13.124009791441772,0.729196562362719,-0.4246683562684834,3.390118874921582,0.032688814599735605,0.019366146504434016
7.141855847669997,201.64696344783852,98.48285070696934,7.766297877531676,0.10725599484054783,-0.21626177992709633,0.1138062208491584,13.594731630663805,0.7473181211677813,-0.4720968196431108,3.450672740305077,0.03778246738721429,0.00878006116665138
7.341647869405558,201.69280605927187,98.36246009654754,8.080157496506864,0.11043466138465907,-0.22553163330275444,0.15365225231533494,14.242332783221956,0.8378984423653391,-0.5205036632860028,3.5239967931221576,0.06962845481009694,-0.0010805660408565749
7.541439899553359,201.93250748044977,97.95061838537218,8.246193426859486,0.13491866529880986,-0.2713796015431942,0.17211721741235908,14.679796565145423,1.3702566563249419,-0.5481070934981728,3.514271028695105,0.2650239626558709,-0.006548493933088944
7.741231938150562,201.97979476331702,97.87535527916947,8.20076721405826,0.13703075060138725,-0.274159172987209,0.16123183160885723,15.372691590664193,1.4636170092837928,-0.5346416170241021,3.598326238323738,0.2866707205326829,-0.0017853064742367765
7.941023985234545,202.05217319663032,97.81038967843836,7.850040563117211,0.1411023759462356,-0.2761962705126047,0.10917361983300082,16.087612077769233,1.5704266322036986,-0.4607606188057127,3.685057153357551,0.31163832942207687,0.01583841436163658
8.0,201.8906259636568,98.13845173395006,7.426828324863033,0.12183236360845687,-0.23741277913704334,0.08364709803473261,13.56349410722741,1.0795740899896014,-1.1280621333294945,2.8850681196586514,0.1502148832651976,-0.08322771454116651
8.140816040842909,201.93725494875,98.04168767413415,7.495381853887764,0.12540922223322054,-0.24500021914970874,0.09124205352682543,13.943747902975888,1.1564392940376167,-1.149922462530975,2.921090016751768,0.17377279521195563,-0.08510198638074822
8.340608105013475,201.88445678715055,98.15385971550342,7.406849014179736,0.11606601906941247,-0.22571691074490433,0.07702609235014718,14.618748862654538,1.0295030950762623,-1.1463612973565462,3.0182240039426986,0.11868527263159831,-0.07954413432644124
8.540400177784282,201.99704724585317,97.96982690778279,7.323377425470656,0.1259590527260833,-0.24272859587428303,0.06392301957562331,15.142927026966817,1.2226838096155426,-1.1451406598646487,3.055177649487228,0.18160441288122522,-0.07524139133664391
8.740192259193597,201.98113775817964,97.98624728406955,7.391354253482625,0.12136838700359914,-0.2348289505749104,0.0711929982661428,15.804814363996092,1.1695444055644073,-1.1700844442151919,3.136240030373031,0.15523423969012493,-0.07670250516960647
8.939984349279916,202.05993872983058,97.83711108632377,7.488201912891935,0.12757859626332396,-0.24712826406930377,0.0819975308729127,16.354443047741505,1.3561880574607001,-1.2038192673681274,3.174226781596881,0.21081531851806415,-0.08021798047508795
9.0,201.8071184716408,98.25132558438797,8.156130255109195,0.10037740922550074,-0.19818773231181389,0.12285637582873925,15.453913230619797,1.9049656553544878,-0.40147217855369766,2.900264781501271,0.35620710104474496,-0.0053811834262892655
9.139776448081955,201.82170509729005,98.19853018034304,8.34118345320142,0.10073747367318268,-0.2009466662089663,0.1444275419402779,15.851457497720997,1.971246513064529,-0.43245393297697715,2.9359639379719646,0.3684095585137384,-0.011138161362199464
9.339568555638666,201.915446031471,98.03603070388043,8.293593483428129,0.10888597927543771,-0.21535633556801673,0.1346654015978352,16.386331967604992,2.1591694152630505,-0.42152012293990343,2.972137814834328,0.4180126584577487,-0.007534529535124762
9.539360671989225,201.9962727464225,97.92589262105142,8.04637478356302,0.11501648998567962,-0.22348108636532796,0.09993438797729946,16.950241317095916,2.3213683241612824,-0.37000253917802056,3.0160578711824004,0.45567292724376424,0.004937546869654951
9.739152797173048,202.01089592352486,97.89139778089215,8.112840345175012,0.11411985358493229,-0.22227885574895503,0.10578014527660877,17.56400116806542,2.4004516167764285,-0.37829220989076434,3.0725918702384893,0.4625455559268675,0.004035732549478643
9.938944931229777,202.05007774895424,97.82242003110602,8.08989398095637,0.11589650287801143,-0.22513562180558092,0.10027962463808383,18.16665156505899,2.5281730252053616,-0.36835279932764425,3.1215141858561473,0.48573467846810614,0.007090668939023364
10.0,202.14986221685822,97.62320431430976,8.314330697852364,0.1261542171526418,-0.2456916452280516,0.113794005324994,16.595458600149847,1.2061701489423784,-0.1830651813648712,2.6681215584008307,0.13261878541563538,0.011426067055294782
10.138737074199296,202.2997996926582,97.36242623749654,8.256691536252038,0.1404367461297499,-0.2714798295182336,0.10477958106927474,16.880216026542424,1.3939244929676415,-0.16998464697084079,2.664705334545011,0.1976460631003854,0.01440046051950696
10.338529226121725,202.37196178894897,97.24028279369368,8.142240418689136,0.14519146152553217,-0.27914668383703606,0.08833611004265168,17.387996596683717,1.4925661117948366,-0.14129512030735844,2.6945748743455,0.22372658640558873,0.02087850515568782
10.538321387037424,202.42104663661323,97.13937261225159,8.240329444893298,0.1474083130667051,-0.2841281308450865,0.09802255205012719,17.907627651108147,1.5791379742991924,-0.15413427689133669,2.7258127058156885,0.24422269954403825,0.018292726123835687
10.738113556986992,202.34185177282444,97.28296061370531,8.296606282099551,0.13562566121853167,-0.26206674730820395,0.10241250952454202,18.56761789516924,1.4130222511995434,-0.15501578919515352,2.803596000440964,0.1740594208166203,0.019019065244442548
10.937905736011272,202.37571972830287,97.22031034929402,8.307794408923813,0.13631748759786624,-0.2632129465904799,0.1013118866610632,19.12487500127156,1.4612690219655309,-0.14924800990456782,2.840899490688337,0.1821650960450487,0.020182982529821
11.0,202.16338373293675,97.63445211099945,7.970933575084751,0.11316004973942057,-0.21732838924703843,0.07674567709428762,18.22386000814839,1.915429039658851,-0.6097267891079903,2.5699046060962547,0.29457996309070666,-0.03504633253295167
11.137697924151352,202.34234159202893,97.31339052708815,7.9748793721878615,0.1301976302479789,-0.24891074954537917,0.07594114651389883,18.470441370978655,2.1631388846445403,-0.6165849073145265,2.548820892869592,0.3810363896122768,-0.03539577847643789
11.33749012144857,202.3498192012854,97.24460648357831,8.402734853386264,0.12868044253665198,-0.25065553789206313,0.1235382622472053,18.975832119000966,2.248665468776617,-0.708289455680091,2.574570035059578,0.39481129144208527,-0.052560033246251345
11.537282327944505,202.3946367575726,97.15247669606988,8.450970292108972,0.13077413890960526,-0.25505445152590184,0.1262330406754024,19.47346809157517,2.3660606666983424,-0.7244669585976834,2.595247384903336,0.4197838804039028,-0.0534993382829313
11.737074543680993,202.45132912891893,97.09223035701157,8.2554411141977,0.13330522992939076,-0.2563961582181995,0.10116761377584688,19.984959624973012,2.469036093953454,-0.685616701723823,2.619497455413644,0.4377609044247439,-0.0432762995040874
11.936866768700117,202.4101468732812,97.15200284603652,8.380933696244366,0.12646515952303558,-0.244748214348877,0.11302411616159502,20.582351984773215,2.4217504482079537,-0.7168079984367877,2.672649032925113,0.39934050283559436,-0.0469484190487778
12.0,202.4267922097097,97.08095780372587,8.84031841325287,0.12799163013079437,-0.25027808476793373,0.14522387584734753,20.124423870946142,2.008513202700501,-0.18803127714485335,2.517469763353531,0.2877462676962987,0.0071602723209201885
12.136659003044219,202.41559422319202,97.12585397891935,8.691107121717893,0.12484391154292676,-0.24227589611332623,0.1265518568539347,20.49735060523673,1.9950682457861615,-0.15155545629975342,2.544464005745269,0.2700311842924503,0.01520248817195124
12.336451246755896,202.3721705051131,97.22298583377385,8.47814602950868,0.11802242135183366,-0.22743177467819206,0.1004689870575085,21.069919491679382,1.9335708482523568,-0.09518938537795685,2.5925009987335894,0.2279854323152592,0.026882009412580794
12.536243499877996,202.36774601920044,97.19085562591137,8.85080974018631,0.11537848213269193,-0.2259603632025204,0.13879176089739034,21.59933773579106,1.9625646289996208,-0.16915650483909878,2.6190902666976923,0.22481356800895103,0.012068851463372339
12.736035762453639,202.50934761835472,96.9881431770314,8.769891917366385,0.1260231036091919,-0.24232101767149733,0.1270217131060774,22.02571515523988,2.1878372531165127,-0.1440221223589192,2.6041494544351163,0.29965279497782293,0.017193460301787443
12.935828034526196,202.55930397923902,96.91364997406589,8.703312940923322,0.1282237710072779,-0.24504365366450725,0.11717057332666965,22.527951643375584,2.2842166197256364,-0.11810076552959674,2.6175688363621945,0.3197687233131465,0.02246434354517867
13.0,202.81486514280945,96.4405070039354,8.916157537786813,0.15205801027613824,-0.29068113972525367,0.13155610529669748,21.270064308085548,0.4600191841743897,0.06271826665143226,2.2313397719077606,-0.171705948493187,0.034693308320360466
13.135620316139306,203.01131464596983,96.14390494686693,8.93779825062034,0.1677442030366312,-0.3167089661902341,0.13187580134100205,21.464794590846004,0.6337808271735814,0.06318022081719174,2.1897858624622417,-0.08958810418249818,0.0346567770044468
13.335412607336877,203.15225313307707,95.90065073528807,9.02944367572249,0.17757903669461278,-0.3344934544913324,0.1386500742844553,21.8194888784041,0.7703551811235876,0.05267862165311475,2.1599777123429353,-0.02764898684707355,0.0320134377202736
13.535204908163077,203.25799108428805,95.68043760996007,9.28146803153774,0.1843116175539336,-0.349246602945682,0.1618595844213827,22.175412947810322,0.9110878577668208,0.003017511339636944,2.132113358532157,0.0315986237787475,0.022188460148619506
13.734997218662352,203.36500157336687,95.497241659938,9.240536758458294,0.19076757518475065,-0.360192559781238,0.15431566258280577,22.531038254082894,1.047105360460653,0.023757251666660473,2.1052631226467113,0.08487292234514579,0.025990004624333672
13.934789538879414,203.3833927889741,95.50699642211558,9.069297604292167,0.18843938215868877,-0.3527204689508235,0.13368028498191578,22.998562450635017,0.9671562934860876,0.0844903053558157,2.123059800670941,0.04825097054893173,0.03722540102981832
14.0,203.2472259102247,95.70788204006529,9.445648688470564,0.17540144095378643,-0.33100760081484387,0.1600503172952632,22.31542917353255,1.124839428106853,0.5144413190822115,1.8969133593251386,0.08700721056611317,0.08150888880198338
14.13458186885925,203.2556809168725,95.6682349743214,9.657556263904981,0.17407639061925162,-0.33048245769741147,0.17914355269318527,22.575819871325837,1.1311686167598871,0.4824263468789284,1.8939417602720097,0.08594537362046606,0.07398318957432398
14.334374208647128,203.4097237125383,95.37672062924565,9.702314487557826,0.1851339872409129,-0.3514486507902673,0.18002365073141766,22.84754454604277,1.3477970302434479,0.4919257117723502,1.8395475012218583,0.17649166964787222,0.0745715561015887
14.534166558288586,203.4259002753933,95.33062626975615,9.834933654438617,0.18331520941205434,-0.34916977537668187,0.18958694783085764,23.230073873351287,1.3572840979500969,0.48288043146934617,1.8346647673029115,0.17052799566339807,0.07133333036471863
14.733958917829447,203.5561456939553,95.11896159904809,9.658263098139123,0.19163604392618216,-0.3622531591186413,0.16849383245836305,23.498301271904747,1.5636842262095905,0.5521481596665528,1.7832771848906233,0.24766451466704437,0.08336453958318402
14.933751287315816,203.56473747944003,95.11097876156116,9.722457194229502,0.18874114069707768,-0.3565279287946067,0.17146749458857077,23.898376265422066,1.5290550296252672,0.5616161955427025,1.7866859232664778,0.22163398268018225,0.08348357097877251
15.0,203.87453276802995,94.58261330996724,9.499017622374982,0.21479980631348694,-0.40328391081996345,0.1547114402871994,23.766464578811092,0.08067179768982147,0.2542399834129365,1.697804941539786,-0.18074256144632503,0.04907461353742572
15.133543666794083,203.89476742342876,94.53775917546655,9.55352384551808,0.21409989393719414,-0.40244106784851913,0.15796386606380766,23.99749336793694,0.048307044146541314,0.2528352314526265,1.6880522157712152,-0.18863162657816293,0.04840358452318501
15.333336056310925,203.99901085944902,94.35045822979663,9.599567424887098,0.2193915266368447,-0.41206266152747484,0.1593337232188848,24.279015893854226,0.11141134582984001,0.25751643325975326,1.6461727422262236,-0.14936732210658007,0.048676440529438356
15.533128455913301,204.04242308708632,94.29228532128596,9.512712168573204,0.2191768066294972,-0.41002754808609315,0.14807194461894158,24.613733027641054,0.05800626950899449,0.29973310833063604,1.6287539803761928,-0.16434458281241307,0.05615302404297001
15.732920865648474,203.9724436327187,94.39882922124117,9.595613232299922,0.20954838277912263,-0.39334168292291,0.15311767912512875,25.066526853616132,-0.21432452849097308,0.2989733717623865,1.6596516288712144,-0.27003151523070623,0.05516693859588579
15.932713285563988,204.11446731598778,94.16721753562543,9.698724363566225,0.21752415477934753,-0.40701317933594844,0.15988393689523772,25.27488192382634,-0.03820195230536669,0.28533135199852094,1.5920497724167002,-0.18552909950463523,0.052131521553143
16.0,204.14233098975703,94.07017852507082,10.145640712165084,0.21919220618277666,-0.412920346768064,0.19061914275695066,25.725086122568054,-0.032156885306037684,0.8315693815838001,1.683149412810273,-0.18011523667962007,0.11062437087860855
16.13250571570769,204.25613421070088,93.86313370121168,10.263437289367765,0.22622341984814406,-0.4262438717709929,0.19914156394236276,25.879904543146154,0.07517501372208299,0.8210955009350185,1.6399606114230851,-0.12307630680748047,0.10711303783144033
16.33229815612772,204.24348697964385,93.90901239114842,10.170691034073625,0.22115294981877107,-0.4150731858451108,0.18697727021755756,26.266465541476826,-0.07545847529237695,0.8801183887727574,1.6443106004646806,-0.18213067589394394,0.11605335653501894
16.53209060687253,204.23163362259996,93.90754509071415,10.24945526399347,0.21670130922297617,-0.4079848143093315,0.1907719474502563,26.646089330508314,-0.20812071099912116,0.8925655113802048,1.6444057131854066,-0.22867748594546933,0.11557225049877837
16.731883067990854,204.2174012340019,93.87055928091318,10.52179930308501,0.21242435229693635,-0.40392302987364154,0.21207489636649035,27.022878172025987,-0.3224062560697585,0.8449326995125023,1.6423355554499908,-0.26415582976527635,0.10457175185424178
16.931675539531746,204.32051090657478,93.74015167315484,10.439144241511492,0.2167228838503032,-0.40849318381739985,0.2007353400346559,27.290924199643264,-0.2867953827340767,0.9057442470844065,1.5975947904907448,-0.23648080086616438,0.11326097946361746
17.0,204.3323467403634,93.75525974976127,10.10537578360349,0.21606216857970625,-0.4050248366538641,0.17672643911409397,27.001436997454427,-0.4175855091266357,0.47740016679488806,1.474728149701705,-0.27412140125294243,0.06785294682791239
17.131468021544567,204.47378483880303,93.56809825603311,9.99531027578435,0.2244916747542938,-0.4167143196156376,0.1648122375833736,27.118179863538366,-0.3251921988527224,0.5216217616196384,1.4236166194727944,-0.22111721092118475,0.07601175859553305
17.33126051407898,204.53821575403563,93.4486021783256,10.054419053555522,0.22605248101533748,-0.4197426117312646,0.16713007895962248,27.381269659367472,-0.3328753537090593,0.5290487109795476,1.3863160035386923,-0.21152617385934505,0.07600914643079121
17.53105301718497,204.57021858951248,93.36828802716485,10.174619858190766,0.22513370360937965,-0.41936576244588,0.17479821171917423,27.664392353991985,-0.3824879076674669,0.517704023053894,1.35917143705004,-0.22033070708348132,0.07210819540367726
17.73084553091282,204.60994882999202,93.25342779166724,10.369218799634194,0.22502486948537495,-0.42173062375103515,0.18884794452014728,27.926758140164267,-0.392081659350197,0.47980388756246606,1.3254084225308815,-0.21205900736860941,0.06386387909349399
17.93063805531315,204.6359899156595,93.09785526517818,10.711766107011272,0.2245245099392284,-0.42696729249148885,0.21559050388557494,28.172125876329144,-0.34898439697239425,0.3861170871387112,1.2864919802613741,-0.1842244470229112,0.04558941011742778
18.0,204.39199428955357,93.49276251230637,10.668028044609988,0.20419540247457993,-0.3914075296950539,0.2116609759940364,27.17100589587157,0.285409982480573,0.30243162206788404,0.9757635372213965,-0.02305846113274518,0.037368729562242665
18.130430590436887,204.4168729127842,93.54077803842873,10.539958402705336,0.20289045537642,-0.3840129936361564,0.19817528382848898,27.325433381591743,0.20722806864129192,0.35328079289929515,0.960348631179789,-0.055547775485655336,0.04696174040959795
18.330223136335285,204.51839472921674,93.33096626971034,10.599032291059343,0.20802281552412746,-0.3945496281893356,0.1998626518164921,27.444358352442197,0.3297406342019636,0.35577411754393806,0.8887171228818038,0.0007556213919237484,0.0470368836969888
18.53001569305992,204.55789358185018,93.22997816994088,10.68553127582527,0.20815743786645763,-0.39615803638356,0.2038661656019414,27.610454650987833,0.35126692259525066,0.34985378927623245,0.8405636690617643,0.01109074287552696,0.04543218992553278
18.729808260662693,204.5842783339482,93.2219343046062,10.675471070484399,0.20642179811079678,-0.39081351810814297,0.19950202233542522,27.812630897226008,0.2681252383920732,0.37745664130363965,0.8085780510785907,-0.021135917262824263,0.05033796033892101
18.929600839195835,204.70466843380842,93.08674866115827,10.496130845068294,0.21173762525487255,-0.39576839266715186,0.18079166690654486,27.888381696737664,0.37116762513210555,0.46829919659726355,0.7315642873522706,0.02075968218629193,0.06672016085144636
19.0,204.93979201267726,92.71293487985994,10.32297958897573,0.22844115647685825,-0.4239056323016322,0.16856132080367264,27.934194741604315,-0.6529479860060717,0.23206697694316195,0.6985433905917476,-0.24964170005881262,0.04233701614082172
19.129393428711914,204.98606960623326,92.60117312601477,10.417101189038695,0.22998820511016863,-0.428244050470128,0.17464500640610855,28.001493468973923,-0.6362053811136104,0.21505744898319767,0.6570402830767219,-0.23258240136445346,0.038922233932894804
19.329186029263838,205.0463894493803,92.56376911121194,10.2677996022214,0.23037329425851955,-0.4248736531394684,0.1591884551358813,28.133294484576798,-0.7228714540985338,0.28351077856610823,0.6082623339721951,-0.2546677882334697,0.05156141866815671
19.52897864090483,205.07728546266017,92.50306242079382,10.318956118568188,0.22922358027086887,-0.4229926164909166,0.16080476049192624,28.26659541701962,-0.8034706406612419,0.2873751195227852,0.5624598105592672,-0.2727632736786683,0.05190526521371479
19.728771263688472,205.16952160034296,92.3327383477727,10.341897109155386,0.23279858295232955,-0.42959034128538615,0.16004279512784114,28.31209553295555,-0.742727979466282,0.30085025648996366,0.48655605618341136,-0.23463257916863928,0.054237460111012256
19.92856389766869,205.2256223901291,92.27653905972147,10.218523002097731,0.23317161931205566,-0.4275075390531471,0.14710245399997635,28.404236000517752,-0.8275937915614308,0.3729970857284986,0.43159627301718834,-0.25404613940348475,0.06683601798080162
20.0,205.24711354537533,92.25331027039489,10.142397606139605,0.23337832291122257,-0.4270545355131032,0.14128004015910636,29.375136231853467,-0.33443816596837816,0.29307879258855424,0.6745554159290643,-0.11308349127330139,0.05728406939595012
20.12835654289974,205.2447886883278,92.2568278444724,10.206502057051846,0.2308479313054763,-0.42263642882823715,0.14504569733443692,29.491081384699378,-0.4024724952178184,0.28575020043111055,0.6562129429800051,-0.1366205038290021,0.05537845544458147
20.32814919943625,205.212032231238,92.30461357943996,10.336277097370354,0.22487122121556088,-0.4126016529047516,0.15329193913867828,29.699172200030738,-0.5697001121455664,0.2625312469215029,0.6387445715341994,-0.19543761330938403,0.05012213002374485
20.527941867333176,205.35700939610004,92.09338705932042,10.233190928401536,0.2318683811708302,-0.42260116271577003,0.14234446665261863,29.721955219935833,-0.44576620509796483,0.32155446507833124,0.5526662345788065,-0.13642247088634651,0.0607096116991591
20.727734546645834,205.3661785594677,92.07934171364457,10.299674929132687,0.22898489801222807,-0.41736779232008797,0.14544148105695834,29.8801034872662,-0.5665934992639287,0.3192567658609537,0.5204998822397663,-0.17397444006461255,0.05970497555320472
20.927527237429903,205.33942524430367,92.03878574137293,10.73166602354162,0.22400743378522442,-0.41395310150305403,0.17831599490127303,30.07174666804299,-0.676985374480067,0.1647108459037578,0.50132335662178,-0.2051152916368493,0.031703914233493474
21.0,205.31160903843988,92.12265000832497,10.52539558680395,0.22033923404947314,-0.40550942553364877,0.16423255234538575,30.700300898267724,-0.07001664994961199,-0.08885761409587448,0.6492527723571633,-0.04335858459277467,0.005460190610922743
21.12731993974142,205.2727122969016,92.14202440076349,10.632389808242912,0.21593255815873869,-0.39991169996349746,0.1711805138158607,30.828357099853946,-0.15029193002219046,-0.117664665001673,0.637778301764891,-0.07376542995660512,0.0004172082786320346
21.327112653636785,205.24041186220123,92.17356836023676,10.692389185661334,0.21069810850711962,-0.3914571957412084,0.173264711958972,31.0192450655291,-0.28906109391135304,-0.12693622450621148,0.6162915812069133,-0.12321641828251666,-0.0009326634334209378
21.526905379172753,205.28829681305672,92.06492604655183,10.762516776986283,0.21132492211793277,-0.3936015945275105,0.1761264028029235,31.124654797149834,-0.2809242482959644,-0.14082306212203508,0.564372991107414,-0.11278563954324189,-0.0025530694305237454
21.726698116406457,205.3957250212473,91.93575785277528,10.723355473150008,0.21527679499744087,-0.39774835707336004,0.17012307530099052,31.17706115342816,-0.21867256670332422,-0.11046463380253961,0.4967513147482873,-0.08356693670291429,0.003797002809223387
21.926490865395404,205.4652877390094,91.83369524152964,10.720751087489417,0.2169227132567346,-0.39955576564101497,0.16717392886137808,31.243985509908985,-0.19438475222103338,-0.09359998582839213,0.4375823011855246,-0.07012666108715297,0.007273675515152296
22.0,205.46036345864187,91.90328491102315,10.389132819068948,0.21471259711010182,-0.392564422466116,0.14579757493724074,31.208801192391807,0.009100617372948816,-0.5208173284601008,0.4058407154410482,-0.02012499567495301,-0.03475936620639715
22.126283626197466,205.42710478444974,92.18803007003791,10.154543381649995,0.2077205606758477,-0.36945471583056694,0.12563012664546747,31.37923221057648,-0.27387119153246564,-0.43369385404386196,0.41970931303383907,-0.12961766850962625,-0.018206186444104655
22.326076398870903,205.4558644691194,92.21572589966507,9.966956069654264,0.2061750281547009,-0.36237976367620084,0.10876599366713702,31.487385875549073,-0.3985595221717806,-0.3563277621774988,0.38005531554217487,-0.16977797075672696,-0.002808176520385385
22.52586918347434,205.51543262815875,92.10136461574814,10.078234397382422,0.20740992097955008,-0.3654749253859208,0.11584906243766285,31.541068099645095,-0.38089530096471835,-0.3926884626879001,0.32333271230126764,-0.1553142237239035,-0.007991291762800317
22.725661980066803,205.56658326152524,92.05734964200266,9.957534890520433,0.20778319011202787,-0.3635430309648221,0.10444490603167052,31.597968905606997,-0.44482269488542003,-0.3327167425785605,0.2705512795689556,-0.17061032118089636,0.0036089809877973555
22.92545478870769,205.63862116823427,91.93313921874962,10.024842182029555,0.20979307699390848,-0.3673543760781936,0.10811811302022821,31.610278888487816,-0.3971560382831788,-0.35260900306639625,0.20539488879803233,-0.14630679304716793,0.0013851901780562773
23.0,205.61597815323015,91.96053663779517,10.129909372960688,0.2072165291987461,-0.36333444059326353,0.11348901167214034,33.383579611135715,0.698297963444441,-0.19152862611544894,0.6434862544469595,0.13591188548727168,0.01338583755755076
23.125247609456792,205.67184580607142,91.8623258947061,10.139246276382348,0.20933513107156074,-0.3671368460745917,0.11310973363743292,33.43542202887235,0.7660508067996238,-0.18789048359254512,0.6075146764432032,0.1579967864966473,0.0148184063578933
23.32504044237431,205.70750956336352,91.83252089442391,10.064666480674617,0.20866964898236443,-0.36413143967168826,0.10549830193176851,33.5644174906156,0.7552044975271782,-0.14647931816172485,0.5688623965747777,0.14730524645789506,0.022595378437783316
23.524833287520806,205.6253764551137,92.00772847151826,10.130310694205319,0.19949549888468598,-0.34663506557365026,0.10894896110486921,33.830774773603075,0.49524884830475185,-0.16093589794311586,0.5799865638158096,0.04863939915095859,0.019788308135048546
23.724626144957277,205.78910589840686,91.77777527441899,10.148134147075417,0.20732334991944884,-0.35856765220816544,0.10860255868936673,33.8166609047871,0.739843719314446,-0.15394459736913244,0.49523827942647,0.131614292376785,0.021765658051771688
23.924419014745098,205.8387022404395,91.67272320009036,10.232276367158692,0.20800504396937552,-0.3608889134289042,0.1135097138366208,33.89605982327273,0.8143437362617421,-0.17865205941521703,0.4459177512032981,0.15209878115288353,0.018040660255018978
24.0,205.9930649429621,91.4480433859913,10.071327860809511,0.21728328044684403,-0.37536639955675527,0.10328636810655556,34.44147574592689,0.5003219733994095,-0.386856195278896,0.551037451304365,0.08441063841973467,-0.0026697041610046247
24.12421189694606,206.05426670653105,91.35427157686699,10.042862745480093,0.2195723111710489,-0.3787722510372552,0.10008710718488249,34.479308393891,0.5578531877599153,-0.37108171002601475,0.5139287879735424,0.10400100042005316,0.0006454393421328028
24.32400479162237,206.0468480791464,91.36556812022671,10.126233799573638,0.21591838436771463,-0.372656471278584,0.10498881971950036,34.63329297891509,0.48673679323915003,-0.396943060536678,0.49028689748824006,0.07455211940164438,-0.003275577968703083
24.52379769883663,206.14506577183022,91.21460406421478,10.083999917683673,0.21958247033313205,-0.37814623575548234,0.10007913049684189,34.66859633109524,0.5969775540708371,-0.3698031142023952,0.4274055192517124,0.1106039785747962,0.0027215068927751956
24.72359061865187,206.20244946197806,91.1427931075474,10.012779293299898,0.22035003753545016,-0.3779703958387386,0.09297738946779396,34.737018822414754,0.6181707985703847,-0.3274942192599353,0.3784908791646317,0.1141652596132662,0.010713111615355729
24.923383551131536,206.16939995500226,91.27968097279286,10.051545687909169,0.2139292801805297,-0.3636176127874936,0.09447531481921925,34.96385320645915,0.3479801360758598,-0.3354745452685828,0.383006273057561,0.021401326695429476,0.009693234486602198
25.0,206.37100167138,91.06871159159697,9.438230161577478,0.22529154374819735,-0.3774764025862089,0.057802007376189936,36.01228512696693,0.27195849534088273,-1.1029488778360983,0.6122998243658236,0.014859670949916751,-0.06450803846017072
25.123176496339497,206.46155423242368,90.92445105512522,9.511855822058246,0.22925788836319058,-0.3845496811663528,0.06289963455881631,36.03943708203747,0.37375127588375,-1.1366237583228467,0.572032983282968,0.051411052313324525,-0.06834100003901233
25.322969454340054,206.34292799562724,91.07428975045444,9.59682077625872,0.21871890974976876,-0.36824355023708766,0.0685039067099145,36.29557570752697,0.1265736836155777,-1.1820901132309813,0.5825782335618338,-0.037622611032720576,-0.07437030514342077
25.52276242519792,206.51159843516373,90.90928539875618,9.530266997341178,0.22562225274843453,-0.3755447363157026,0.06222374615167044,36.32027062362006,0.260332727026934,-1.1598034536936797,0.5146120481910845,0.009213652365378848,-0.06788363273848753
25.722555408978263,206.4811768819049,90.97973993565348,9.442734179350257,0.22055859447478,-0.36532413620967,0.05448447049842131,36.50931861534248,0.06521316169774158,-1.127657929439319,0.5038682745101909,-0.05593294420695821,-0.06045767437586331
25.92234840574668,206.46805475943518,90.95269827379272,9.501442570829369,0.21732716095885882,-0.36175075322297623,0.05823067142640226,36.659971701035815,-0.030849045547921942,-1.1641835198097992,0.4812466768343204,-0.0851430162796958,-0.0642179017091223
26.0,206.52467710927786,90.80420665477257,9.783882260381878,0.22063968165331102,-0.3698751581828731,0.07382731661406952,38.041544023171305,0.3709560378576106,-0.7934167490278117,0.7875879295611853,0.017321758402675455,-0.03188758200316643
26.122141415569196,206.626230013878,90.70235572096496,9.759797504320554,0.22472586127190475,-0.374372357116743,0.07124089835000683,38.09453258223688,0.4434543388747668,-0.7829958591336964,0.7533261764526474,0.042471002019467,-0.029127360081119092
26.3219344385123,206.9258196193157,90.39323370780471,9.649290793906678,0.23925130199694097,-0.39219957568141794,0.06152711540172431,38.06329877485574,0.7535382761694911,-0.7323089226517874,0.6599414207598869,0.14745187354729272,-0.018748079253719567
26.52172747464292,206.97386497102903,90.34330928915476,9.51859655136656,0.23922372582517606,-0.39024465707742995,0.05052213334131875,38.190586669386526,0.7505157250194798,-0.6716022581945271,0.6245371223169726,0.14051198018214478,-0.0074735863560464934
26.72152052402843,206.93391874859694,90.46143673254647,9.377160645326038,0.23308927664642964,-0.3767390863849935,0.038801282718720166,38.427486110702404,0.5200641342151444,-0.6020989294746077,0.6267750488584206,0.0596632452423138,0.004796440342140578
26.921313586736673,206.98406963395595,90.38274971068111,9.390400628616396,0.23327471661550087,-0.37700762695212614,0.03922322097290382,38.54663003944631,0.5384822421783887,-0.6037280232742105,0.5911966310950999,0.0628643649435228,0.005341343309444551
27.0,207.14304601971767,90.09751677665984,9.57477447935577,0.24286770961246879,-0.3946636927070475,0.04940431873347369,39.10948446516841,0.10356689992063328,-0.37304083346080086,0.6925682047518356,-0.02823907041665906,0.025409914865874548
27.121106662835935,207.01365513755675,90.18593741150877,9.428085212318258,0.23461945456875885,-0.3838559317028322,0.03787936440518844,39.27024209225908,-0.07060027753868216,-0.30925024330691087,0.6997089467724176,-0.08876868262626544,0.03593904416048123
27.320899752394983,206.9329566709302,90.20880174320625,9.43468359189752,0.22784070010398064,-0.37596378996332347,0.037904379538930826,39.48340842158702,-0.22804238348268252,-0.3033679211713142,0.6934709951875548,-0.139062454597323,0.03669804726910169
27.52069285548303,207.07437720631611,90.0884636561359,9.491049818568841,0.23236206244966404,-0.3801586496867278,0.04154326297423801,39.57398775624181,-0.16543361705620246,-0.3165367793648036,0.647125930316746,-0.1128943233575768,0.03438548795901709
27.72048597216978,207.07216629561907,90.03382774045085,9.44091136682584,0.23019067938418844,-0.37807665569833,0.03709981659451951,39.72054242154261,-0.23954294419665173,-0.2824143399771926,0.6209407930397703,-0.13303783589692067,0.039762199241636716
27.920279102525402,207.0851901522244,89.97111751752773,9.414336644058215,0.2287322571224533,-0.376769865560177,0.034512420049497075,39.856456090643164,-0.3029016094913092,-0.25784980585597206,0.5917227722505601,-0.14806250981211141,0.04369861921582616
28.0,207.19076597271362,89.85837340280023,9.245923268867125,0.2337495538091224,-0.3829348830551639,0.024801247735362,40.280362276469106,-0.3934794991013466,-0.46733379233499767,0.6642020502485212,-0.1635142747914357,0.02428552028785298
28.12007224662054,207.20516391569294,89.84044012170428,9.317556711751884,0.23258765908734305,-0.3811366170562724,0.030026208209484404,40.37892167520682,-0.43777196851433037,-0.4930348467524253,0.6521362582010376,-0.17477520351437772,0.020188719176737913
28.31986540452634,207.05536405154095,89.86725423799953,9.200043668655438,0.22333154076591039,-0.37187667840436434,0.02078871859067688,40.591629630625114,-0.6515585933961948,-0.43796902602722443,0.6485502137077911,-0.2398948971640299,0.02947936621943255
28.519658576314406,206.7989514516988,89.8823239921926,9.015810488513033,0.2101966524072038,-0.36181979052732893,0.006718594905520514,40.83052462008754,-0.9392630463805889,-0.3507766247900409,0.6529307425943857,-0.32516479753358885,0.04329247108079426
28.719451762056853,206.9004494814285,89.81785564917413,9.089550184771795,0.21230587321698896,-0.3623233345754781,0.01219316829876248,40.95106466739968,-0.9777213857631587,-0.3757408021669579,0.6196793722396017,-0.32566814901653807,0.03921074527564604
28.91924496182629,206.89687085030712,89.7454859806254,9.045567641939398,0.2105649029515434,-0.3615766391781116,0.008675728991559734,41.082458926600175,-1.0738136417828361,-0.34521727241914335,0.5911929897367961,-0.3436346114972608,0.04379073892679765
29.0,206.90452618682593,89.70801748955533,9.171338062202048,0.21021032052756788,-0.36198225847671933,0.015362277343808003,41.74343535246242,-0.7782492183321741,-0.17051726976542853,0.7191503567772417,-0.27398859937546666,0.05842066481150581
29.11903817569582,206.95320728026067,89.64599579391584,9.14252305414128,0.21153896005509,-0.3634253800765718,0.013006244308871632,41.81228288064227,-0.7880735953846241,-0.15033276253335778,0.6969620276622889,-0.27022080640967017,0.061500381391790586
29.318831403739058,207.11516665725026,89.56571087500862,9.248992142523756,0.21620772524428392,-0.36580493583974344,0.02077484013968816,41.922961961400475,-0.7791094564349222,-0.18143250794607624,0.6595123282452724,-0.2559636966014122,0.05625759446869756
29.518624646030116,207.09928412581849,89.50328323291482,9.201128482869482,0.21380831100068098,-0.36421120547675795,0.016860880854973437,42.06917914078191,-0.8724527063369112,-0.14709555654141643,0.6355671205900509,-0.2763493779530096,0.06123303684984417
29.718417902643623,207.05950798573025,89.4828085896283,9.248295349486648,0.20956834714829953,-0.35990666898072127,0.020322057250312296,42.254048437932724,-1.0269533178633081,-0.15749457301098596,0.6249952210921489,-0.314476767900734,0.05898300601712136
29.918211173654726,207.03760753385566,89.45455446629977,9.3240421530409,0.20613526578550237,-0.35643747731321007,0.025941174426258783,42.435122172102396,-1.1772325210244872,-0.18333504099406434,0.6137366207096605,-0.3495562930225823,0.054559989923085785
30.0,206.95492279001436,89.533315721878,8.941308339681592,0.20091453613960875,-0.34836458504930873,0.004596987631104124,43.35515500880055,-0.3878352659430411,-0.6382698859923828,0.8018489695761376,-0.17426883207150484,0.01404856125873985
30.1180044591391,207.08154845989253,89.44462347394743,8.902165706826716,0.20587217609980907,-0.35269991851554855,0.001443910780327906,43.40154230328661,-0.3309113835976146,-0.6183074259288306,0.7713356677932592,-0.15039948006566253,0.017608995648375328
30.317797759172937,207.05309263661167,89.42503026262129,8.971532586261489,0.20211697317058597,-0.3487094977907858,0.006808185590563694,43.6010279247655,-0.4343394853608407,-0.6462354695265565,0.761705159808358,-0.1789787262320261,0.013529750904088138
30.517591073832953,207.09981562063513,89.35525000498674,8.99473288820067,0.20231043232233253,-0.34884520360645804,0.00848193116545159,43.75092504160078,-0.46634656522947227,-0.6534399250105597,0.736239169488505,-0.18222144228537607,0.012712382231362743
30.717384403196416,207.00267163896348,89.34578435522671,8.948767249756338,0.19603785727121167,-0.3430752811515331,0.004953994577000362,43.96927625502907,-0.6467943221394296,-0.6302928546545828,0.7332080315147796,-0.232520385432421,0.016551091148851324
30.917177747341125,206.986778679993,89.29489631169211,8.942408725431912,0.19359915516734705,-0.34116415879527345,0.0044554634072777755,44.14353068304546,-0.7494511171489023,-0.6242689815901186,0.7165950554203582,-0.2558162459783082,0.017955454548521693
31.0,207.18573948758518,89.14763831190196,8.998734086963346,0.20256230185752208,-0.3508906005550329,0.007024526585464071,45.221393525945494,-0.6846512972494687,-0.5423200482835243,0.9307321787913747,-0.23479096886016818,0.024034339230628456
31.116971106345417,207.2825061551443,89.10064458801435,9.119929366353684,0.20520980686741905,-0.3525432234309689,0.016146109776304977,45.31902617884037,-0.6732173620654781,-0.5888778404868397,0.9154281688024435,-0.2249996729314255,0.01681225630169598
31.316764480288196,207.23220301889654,89.05750218496247,9.205253894775888,0.20095912158477272,-0.3496370143976422,0.02259882918665327,45.544350797447606,-0.7816473647621643,-0.6232099693225053,0.9085754138501648,-0.25249864890359697,0.011459097131847116
31.516557869248892,207.11712591291865,89.02468107059545,9.212673260241687,0.19426539474096652,-0.34503719339193933,0.023047692384100312,45.78958581086555,-0.9482219586616412,-0.6250443232784053,0.9085335906848188,-0.29684534356596,0.011261643955003123
31.71635127330752,207.09555035786454,88.96697288465802,9.193432938944296,0.19178497756197832,-0.3433933770415221,0.02128362794933873,45.99294134027578,-1.0559833881014924,-0.6123461554622919,0.8952491591734277,-0.3195892140421756,0.013871307963547545
31.916144692544645,207.12865386646646,88.89926738742138,9.19353104040806,0.19157797233003035,-0.34325155753676034,0.020966717058911784,46.17174710988768,-1.125255860864181,-0.6074718090307794,0.8751662760750695,-0.32929087022074666,0.01530162812358355
32.0,207.315765214545,88.80037091158533,9.05919881885362,0.19942016709423208,-0.34982309455997873,0.01318401617342517,47.25995710604005,-0.94568320740067,-0.7652334170108144,1.0891779759352997,-0.2842022532362551,0.0012133739583690684
32.1159381270414,207.37429750825902,88.7504640158276,9.12444520340746,0.20077998925855595,-0.35102868073127286,0.018045958422296476,47.378143709586425,-0.9541499204398529,-0.7912267671986557,1.0773501097553473,-0.2800481601323138,-0.002379163234121508
32.31573157687951,207.56247838712235,88.63309326820607,9.330308527731619,0.20676288466185652,-0.3564697657204952,0.03350780049495965,47.54718727540042,-0.8911469542471175,-0.8779226008484681,1.0464774143057276,-0.24757366391090102,-0.014789144753821567
32.515525042141235,207.82296864517616,88.54719708986238,9.231832502292784,0.21579210738564092,-0.3606395404201879,0.024953660030061234,47.670078186801284,-0.8167821213593279,-0.8283859400287812,1.0027323127077241,-0.21274397954556334,-0.00608624430637528
32.71531852290946,207.7386033209722,88.50572327226031,9.305041284218786,0.21015301002872128,-0.35689833658254555,0.03048003070243172,47.93661370141529,-0.964429518212683,-0.8646152570405795,1.0050660705960333,-0.2512905892408417,-0.010303016998943232
32.91511201926766,207.71446205604252,88.43577808261426,9.3629606518313,0.20742846454732108,-0.35583962604148484,0.03467344202758589,48.167500356574735,-1.0569650216754727,-0.8939887235406623,0.9961690971952954,-0.27033728949348823,-0.01378929492873314
33.0,207.18560339378044,88.57869893518294,9.292763260722037,0.18401221204406307,-0.3371548645858627,0.030776330108234107,48.90873807699701,0.30718598161903676,-0.9353406929559405,1.1378737557830685,0.024233757204461193,-0.017490189545621385
33.11490553129986,207.26139446144782,88.55611201229858,9.210892887254579,0.1860719818711499,-0.33693910578135133,0.0240391380353965,49.0254691551275,0.31726328762255,-0.900697896631556,1.1247198664112426,0.027451439797413314,-0.011376847330126276
33.31469905909073,207.32336754731082,88.50086187834788,9.154381319145763,0.18698519250477613,-0.33652720945583164,0.019204159518290066,49.24208632510712,0.32133841635484683,-0.8757323980625441,1.1068477593043065,0.028257659950799652,-0.007127088531884006
33.51449260272552,207.28577084328268,88.48677281756518,9.145642352040399,0.18322562161947567,-0.332137783420678,0.01828955341022662,49.51136601778548,0.2327038365050147,-0.872421372093885,1.1066865536052246,-0.0009945493631977574,-0.005950630309760928
33.714286162290094,207.41991740925414,88.37825395899863,9.126714706529432,0.18776212038083695,-0.3361973076724965,0.016387553994803482,49.67050124866463,0.3369391396623644,-0.8611887903986124,1.0722020479200907,0.03267892030945758,-0.0033207614561743485
33.91407973787094,207.4436414554606,88.33829166022495,9.085261590185295,0.18687904823131102,-0.33428103520100766,0.012838112079733214,49.90072902258007,0.29787882060726595,-0.8397123828055074,1.0611793819647182,0.019403780860315255,0.0006472260405237409
34.0,207.8765282594488,88.18288611050598,9.207723770925016,0.20437128793775766,-0.3482007115965014,0.018574791625061197,50.97074225560748,0.08256680231736899,-0.6920162813333621,1.2630893376221448,-0.022293894490688946,0.012155655365623682
34.11387332955515,208.01687942103493,88.09562708002616,9.243062934325975,0.20957749851462434,-0.3529919762356184,0.021010445783843187,51.066749060099966,0.17266689691494358,-0.7027022918223846,1.240640044085765,0.009082511372814153,0.010688391976629318
34.313666937430455,208.05408452444973,88.03755175247903,9.207846732890822,0.20928802226391605,-0.3521165327389778,0.01791374311510964,51.317231747604026,0.15912041001477692,-0.683531854739855,1.229830439055522,0.004858473508290555,0.01369398994885719
34.513460561585205,208.14484455564983,87.93447369227415,9.24170480816187,0.211647848986252,-0.35491611213207425,0.020250460836309707,51.53199881868339,0.22206367783293696,-0.693660919210985,1.2077830829008784,0.025621786592468755,0.012497339030945194
34.71325420210841,208.32714242552478,87.79242232346695,9.133139412202562,0.21855961786624764,-0.3613070447954336,0.011158816294234972,51.669470690573064,0.38871811967098224,-0.6362294507208064,1.162862865680983,0.07817047448852842,0.021133080995955608
34.9130478590897,208.3978472419078,87.67340670652034,9.129468445068891,0.22045501146718335,-0.36454285291805794,0.010700514999813882,51.85845459133024,0.4826000327960895,-0.6289057085361559,1.1361122304152833,0.10537616198827085,0.022407844508226547
35.0,209.00890603383647,87.48577531767762,9.194271183622735,0.24479869260770953,-0.3830889745895131,0.013443958195788159,52.547037799213186,-0.2150851551740055,-0.5720853327114828,1.2527984326401471,-0.041368095594052495,0.02680247054610785
35.112841532619356,209.0059817044898,87.45575507381068,9.342881729525269,0.24300429897386108,-0.3820136838697847,0.025037486841824726,52.71313844295449,-0.23931406302858768,-0.6294157729362037,1.2545212152376402,-0.04843351362232555,0.018228489904392076
35.31263522278832,208.98456241646207,87.42664091186217,9.340445005156667,0.23952798048974852,-0.3780217712133762,0.02452198636753551,53.004666659423656,-0.32919737437563074,-0.6233488006239092,1.256467013992206,-0.07581571611166002,0.019343992229600978
35.512428929688205,209.0628564512689,87.35672336078095,9.267233066447357,0.24078919182640313,-0.3780850488774287,0.01825731246228855,53.24048307200211,-0.3368988842773951,-0.584213666341006,1.240304761283361,-0.07447740272001868,0.02528662583982642
35.71222265341127,209.12119124838267,87.27740076713646,9.258744446911633,0.24127838552773934,-0.378466009475867,0.017274219977603065,53.47994249190003,-0.34170720329075155,-0.5733047933769193,1.225776194421689,-0.07263737334632595,0.027018800434618687
35.91201639405045,209.1549172354812,87.2176197154243,9.204499878773749,0.24059986566351257,-0.3771839848884419,0.01265022624311658,53.7330010612995,-0.39027557806078694,-0.5402687924171338,1.2159134526707946,-0.0841904330735558,0.03160005111329659
36.0,208.91808867693098,87.2558418679269,9.06517626914015,0.23015689672799844,-0.368755143317335,0.005567458930510306,53.65255307446405,-0.04160554355766416,-0.698722951827971,1.1722390802222755,-0.009826229228341143,0.019287424494594176
36.11181015169935,208.8924020972372,87.2415474205283,9.218678530545148,0.22731165775158976,-0.36650470463749624,0.017726341121924404,53.820299095966426,-0.08388508256458924,-0.7586086768042621,1.1764886958183138,-0.02391095651173199,0.010836466072609933
36.3116039264523,208.93686703216724,87.15333755143863,9.26796453093049,0.2274287178341934,-0.36744776947576047,0.02138580767570475,54.05089737706003,-0.07285156767574923,-0.7756640712058545,1.1619737781696133,-0.018900245032222242,0.008861773939723509
36.51139771840427,208.9375036094315,87.12330858054096,9.24525904705003,0.2250138478501679,-0.3640504741763142,0.019258272339818947,54.31688134293262,-0.1498291813668905,-0.7625038563708184,1.1589053878215714,-0.04270825651902721,0.011019054420583256
36.71119152765096,208.9632494266028,87.05703467669964,9.259902534692257,0.22414311051651312,-0.3633468723920993,0.020155380294069193,54.55883330763617,-0.17777628774649665,-0.765415166741307,1.1482238430619363,-0.049468491311889455,0.011109660709837217
36.91098535428876,209.02283933349844,86.99728607944616,9.208989776449288,0.2246058454551325,-0.362755840927315,0.015665533178540754,54.783251974897695,-0.19734671602368464,-0.7368236742757837,1.1328994104755816,-0.053265803786788975,0.01557368343231815
37.0,209.53147242187202,86.88537950026993,8.751865083835565,0.24415138018811883,-0.37508231327296215,-0.008870623479095882,55.85145774545805,-0.4072671707243959,-1.3069826579598178,1.3309084477768154,-0.09349082265948044,-0.029374286442207055
37.110779198414754,209.5561679478125,86.82820584717413,8.804615141477239,0.24421144862334296,-0.37605064327107507,-0.004562261821306425,55.99645708025239,-0.40304706299919607,-1.331657579162746,1.3245856706680148,-0.0898052139003959,-0.03239516316791854
37.310573060126785,209.39143427426276,86.7691337995679,8.887927501493964,0.23575129128881933,-0.3714607288439765,0.002594778856750339,56.337057533847094,-0.5450150231795488,-1.3761419945844742,1.3388586637109305,-0.13303685414169772,-0.03740271829112228
37.51036693952337,209.1879502048613,86.74618212159133,8.816766796030615,0.2256795826505503,-0.3638547830410544,-0.0027386649659487273,56.705234324028,-0.7767249293375726,-1.3567832746281931,1.360911156106826,-0.2019600589593613,-0.033207713848819397
37.7101608367038,209.12711326710826,86.66231900721317,8.83440101907828,0.22192070328039046,-0.3626556461201992,-0.0010320363885162516,57.00912334475642,-0.8719456181919382,-1.373475272915342,1.3621831127404422,-0.22423524520791296,-0.03413504596014975
37.90995475176806,208.87013828830766,86.58290950405411,8.759107483512508,0.21110614543416056,-0.35752191659605426,-0.006511282093344184,57.38631192764358,-1.1304460509814502,-1.3513378452217104,1.3847010733590477,-0.29569410622548187,-0.02980752617650608
38.0,208.16002025930558,86.6246154305962,9.291708064155996,0.18306187843087612,-0.3412233021774966,0.02154027085881038,57.38560136066826,-0.18825356014670225,-0.6544230887535138,1.3577724553672976,-0.09422618471250385,0.02460361932358502
38.10974868481689,208.4403550059723,86.60093970514522,9.264485144326795,0.19245916513898334,-0.3450254474370554,0.018606816088827114,57.46956893176726,-0.08756444410564833,-0.6360327749597916,1.3314644804775093,-0.05783218151038102,0.027328663523815563
38.309542635951814,208.88936153587898,86.51144491179524,9.253105575384325,0.20801019442225116,-0.35362633244975067,0.01656104860619456,57.603045456973554,0.13856930339091048,-0.6179021987225293,1.2790518402255633,0.019546401940600457,0.030124228981308804
38.50933660527506,209.01758296968725,86.40100574109071,9.288754953026142,0.21189114777517196,-0.357618710085396,0.019060766533243918,57.81046111445411,0.2388042156784843,-0.6242370971130966,1.252578136118077,0.051706400258276594,0.029355675137583442
38.70913059288964,208.9993601191534,86.32129576612384,9.467110698278017,0.20932412636138742,-0.3572785118766787,0.03344303676281943,58.09463700276223,0.22890399756525479,-0.6953896685887068,1.250430924656418,0.046846230827348775,0.019602999326467342
38.90892459889937,208.99983183054331,86.30518937774114,9.433484955137452,0.20680461067115452,-0.353144648088458,0.030140153683916808,58.392766697459734,0.13116769368846687,-0.6734619829048785,1.2529913631746707,0.015322537955577448,0.022462402728187378
39.0,208.8870756658663,86.2779610763119,9.59428283111689,0.2018838951394274,-0.3507920868355642,0.03866300870224987,57.90379437473273,-0.049531641058126824,-0.4864914582033766,1.1200139496289931,-0.025587066235115148,0.03725005465601331
39.10871862340877,208.99432578195854,86.18238565729001,9.656952321447632,0.20597895420830348,-0.3558635000030293,0.043294688350011545,57.98098623810695,0.04252040107476684,-0.5038745861334163,1.0971150275842982,0.005854630532403152,0.03505090064029182
39.308512666523214,209.0539389570041,85.98548051302402,9.834043868858693,0.20869097927932237,-0.36395887577246055,0.057139075555834,58.144729681476036,0.18553394074153942,-0.5642153299250886,1.0636400536458148,0.052211834102611314,0.026753959436581203
39.508306728348835,209.07605439465664,86.02427198622809,9.811629857602536,0.20582008224972248,-0.3568928698671572,0.05424889710917137,58.42076065806267,0.06045561403171254,-0.5442427526974154,1.067296808690858,0.01078304900993949,0.029330793801845043
39.70810080899257,209.13232955040098,85.80385634423479,9.940888785955842,0.20906892597239057,-0.3662753144343053,0.06417845806328171,58.54724953401895,0.26089680220975675,-0.5897973969621013,1.024059563580755,0.07253753906762857,0.02364742829317964
39.90789490856216,209.06743767190926,85.67379216397396,10.053799720901651,0.20604578590202757,-0.367834324635747,0.0727769675649294,58.76584165807538,0.27966777224596095,-0.6316434553625229,1.010873154306736,0.0757899133013456,0.018248546684128897
40.0,209.52367444617485,85.57889405830595,9.922040348581792,0.22275597237901978,-0.3790565985764186,0.06574174723788825,58.24502471728063,-0.7301745390838709,-0.8457725655661243,0.8704460211735209,-0.13911643569806173,0.00243797376826823
40.10768902716616,209.72199907641368,85.47779297515466,9.880048970432814,0.23045362493835173,-0.3858326327838673,0.06144715151907658,58.259729118012594,-0.6079975283108543,-0.8250757141284797,0.833273693219803,-0.09495939403974804,0.005637632690441905
40.30748316491397,209.7581909377677,85.41369439011686,9.896287184557536,0.22981863500249766,-0.3848791672812287,0.06177406753806279,58.43389856761176,-0.6451955251552411,-0.8254769606193778,0.814416212186756,-0.10262817771569607,0.00600318419568493
40.50727732191577,209.75530396251037,85.2842689944392,9.958427949464028,0.22898456265123376,-0.3871716310412682,0.06606566562561089,58.585983431381514,-0.6350161352582899,-0.8454715425512175,0.7897393770864383,-0.09455153407299635,0.0036069772691907777
40.70707149828263,209.83135546546177,85.14717532620392,9.957583684789556,0.23136933195274434,-0.3913026080489302,0.06492745640390608,58.691707750752386,-0.5615950046151955,-0.8388877184059457,0.7518260204616265,-0.06720553079909672,0.005173158435020637
40.90686569412643,209.83435487320986,85.08189049051252,10.011195047402202,0.22940586320877207,-0.3897627215167436,0.0683893329468224,58.87090641905151,-0.6222753837945049,-0.8559394980305302,0.7375584831972775,-0.0821141285199681,0.003617492000580785
41.0,210.28360725132092,84.91795278303772,10.189395073086986,0.24644256020602326,-0.4047218782122762,0.07649851583776664,59.71036164363521,-0.9669589377777653,-0.6549085220552476,0.8860331002377216,-0.1484501389780269,0.01834218270199315
41.10665990955991,210.36515451823743,84.99829041516176,10.103621793867065,0.24615334066091643,-0.39826053463861316,0.06847191004126436,59.83841919302403,-1.070181639679988,-0.6167813952370318,0.8870229414218558,-0.17838103909456077,0.02359507420959634
41.306454144696694,210.42497098503796,84.7864505971612,10.226579627180298,0.24896724079574672,-0.406540131242934,0.0776702640214043,59.9529997242004,-0.9641218822356823,-0.6543100221454773,0.8476646638860221,-0.1365905523293382,0.018593257130894405
41.50624839965124,210.5260397160181,84.78971066866043,10.18121069466379,0.24922650817280745,-0.4023794924480536,0.07236923997241758,60.144778374109016,-1.05650523378547,-0.6251443308154044,0.8348608549948825,-0.15935138084811562,0.022562070722981283
41.7060426745389,210.47266536137428,84.8130280060728,10.20515752695155,0.24328553759457275,-0.3941689936396358,0.07323470629108193,60.41347893717458,-1.2836250187775753,-0.6252210045297327,0.8457942411297443,-0.22211395833008526,0.022414689741608648
41.90583696947593,210.39122276038077,84.77370053383333,10.222152009657645,0.23774748531132267,-0.3892460999604123,0.0736734824003727,60.66137708610809,-1.4786263905763313,-0.6235715075284832,0.8494808414971854,-0.27180892513229366,0.0228170804334053
42.0,210.6396975910701,84.6315625955775,10.473510947615177,0.2472129524188971,-0.3994186006302028,0.0855199575583449,61.56783646726592,-1.5168206572878318,-0.31810210060079025,1.011682869942328,-0.27319911444498374,0.04497824656810413
42.10563128457943,210.16030944390386,84.51164134160443,10.613375217773324,0.2303593920692433,-0.39443256858539666,0.09763630433729187,61.78778111730575,-1.7203256350276441,-0.36806680974128864,1.0397621776182575,-0.33413225995097035,0.03785606610045096
42.305425619967465,210.19761233211554,84.38690740330938,10.711423253917895,0.23077918681580245,-0.3971398050184462,0.10425405419648986,61.98035662673695,-1.743499544299835,-0.38994202339983075,1.0198626474630124,-0.32815594313487423,0.0348256172636728
42.50521997575896,209.97942012920691,84.2060813693664,10.828345501871267,0.223191752400128,-0.39817169776240025,0.11306590187994722,62.223563436542996,-1.8538994254043324,-0.4247347390338246,1.0159991545286708,-0.35030456197283516,0.029836256268083693
42.70501435207379,210.18824890835762,84.11614133705437,10.905156088010441,0.22912049818160252,-0.4021501445463956,0.117239122835166,62.36338408571087,-1.7986013517679913,-0.43748983551311826,0.9809968938631218,-0.3196950613931548,0.028004859649319414
42.904808749032746,210.34992411035236,84.18588248827209,10.778186502151918,0.23049272561248468,-0.3951700367367323,0.10402626060994848,62.59572051998071,-1.98802018160017,-0.36702001475680013,0.9761791359577012,-0.36382773795321055,0.03671203531498732
43.0,210.0768719524684,84.22736281581837,10.74331153480501,0.2188259407963135,-0.3851069006307465,0.10162492482111438,63.150843017111875,-1.229646466139536,-0.38157261487477717,1.0688423129966445,-0.2027303654655981,0.03555139832508053
43.104603166757556,210.59003091055337,84.33691810561949,10.594704692142018,0.23354985719806887,-0.38560154986067946,0.08695964720809896,63.18276095590557,-1.1492446342379354,-0.3140643546680123,1.0360181480683521,-0.1716590892436886,0.044488298510398164
43.30439760537091,210.61467548283218,84.22229484324826,10.672736933302259,0.23338428394164845,-0.3875172929041284,0.0921443988204947,63.38133436839121,-1.1559505667742394,-0.32757119133590784,1.0183088503169906,-0.16645112267584078,0.042215672866246674
43.50419206499643,210.45496504891352,84.17369793725872,10.687782577973023,0.22543523063091891,-0.38164302219284696,0.0923188944944901,63.66919895287175,-1.3459466157503788,-0.3208155895478402,1.0291635479890702,-0.21862567348010503,0.042921590796733154
43.70398654575872,210.36083438383287,84.16100774250785,10.583785018422693,0.21949493246727228,-0.37479001574436144,0.082220543207047,63.95156780819487,-1.5674477626574135,-0.26677740065618605,1.0378430001330197,-0.2774856884966373,0.049251672132197895
43.90378104778335,210.792772879683,84.14670039971871,10.618421787725419,0.23191473830493503,-0.3790860111817839,0.08269697703447898,64.04061221238119,-1.4143617199162155,-0.2568595743634376,0.9889020704290676,-0.2212906771198191,0.05063767933824995
44.0,210.07086215544177,84.22932344030708,10.695301086736036,0.2039685344774658,-0.3583475351991063,0.08620754614996039,64.75533137381248,0.07090098197986094,-0.09560714098993445,1.1179642593432557,0.08653311919333379,0.061656303651510286
44.10357557119686,210.04192195770167,84.21916943809637,10.703827785056141,0.20161251134015742,-0.3557243483732402,0.0862536453396769,64.8973627272739,0.03130437561608706,-0.08958366221405237,1.1198508861875316,0.07224401198683388,0.06195512674084376
44.30337011612683,210.27595987376145,84.06840725817312,10.724048386216916,0.21019693486888766,-0.3644320150817597,0.0861535946895863,65.01891766192107,0.2300339552634345,-0.07588735273116859,1.074971791447612,0.1328411711756386,0.06317093373768337
44.503164682701794,210.30420193920997,83.8918357406236,10.799987386354688,0.2118027144795757,-0.3704845755589152,0.09132534015862757,65.18383630125771,0.36422869731147217,-0.08557409052482245,1.0462136184413955,0.16944067485306302,0.06121724322916767
44.70295927105132,210.42059402639308,83.92860585354752,10.747489289934867,0.21220009167103418,-0.36521133529736516,0.08494055534839394,65.4253728914288,0.31108383551959473,-0.044592787483111775,1.0421030900665242,0.14755027697215065,0.06564259920066026
44.90275388130599,210.5193182606065,83.87504421953452,10.684594633860366,0.2140326427420453,-0.3650575996279405,0.07794708162618862,65.61171810000444,0.35148312091515715,0.0006381578325881931,1.021638655377519,0.15440987427877495,0.07028708901491194
45.0,210.7568393333273,83.80283303218854,10.66322508596611,0.2221402303443137,-0.3711383385690404,0.07603552393696854,66.2312015127955,0.33966014210462137,-0.02658223992987383,1.1218873877857853,0.15408127467460173,0.06760337739802469
45.10254851359742,210.72443891624965,83.76243719698148,10.761531144433464,0.21994683398546608,-0.37031557356964423,0.08380309034994125,66.36854343608805,0.33465830260085694,-0.05042779362632914,1.122925719633479,0.14909825103485422,0.06400366088475445
45.302343168058286,210.76330466444998,83.62403927363579,10.826174832203133,0.22103844923706256,-0.3741626192719625,0.0879787980286144,66.56437107191188,0.4274888568687969,-0.05447342230358291,1.1020064928624005,0.17252612747799068,0.06308446449866423
45.502137844822286,210.8603255051181,83.56990397423836,10.783641786595751,0.222643033572689,-0.37390611471068336,0.08269625340268176,66.7702929500529,0.4686339752456174,-0.019577903432904793,1.0850523487132662,0.17891601862765733,0.06633249905363206
45.701932544024196,210.95154199760776,83.55385580449448,10.723932665822064,0.22323052505699706,-0.3712017561719664,0.075959519227908,66.99621031064596,0.4612168965078312,0.022877094541737784,1.0751730057992765,0.17052726672665636,0.07104630762099678
45.90172726579988,211.03171806350593,83.49269861190899,10.651903798528156,0.22449644234741278,-0.3709943777363815,0.0683567373785552,67.19223826215395,0.49876823169296963,0.0708074358350124,1.0569964358291597,0.1757854145089431,0.07635414974594958
46.0,211.08618244230797,83.54506363855663,10.379582308290338,0.2240948393855753,-0.36622824587546765,0.05370939309786447,68.15540769993983,1.1637405999198465,-0.22723985797204196,1.2313647470964162,0.31395614873355127,0.05450985130907946
46.10152201028625,211.07314375879085,83.73938087660693,10.406795267268402,0.21756631160016707,-0.35165195928466697,0.055247419942889175,68.40255080890874,0.9747278978724637,-0.2275048929576272,1.266332448997844,0.24708201964155463,0.053896408778726014
46.30131677762135,211.13369247007242,83.64859297160062,10.449821806164142,0.2185146092844591,-0.35330598732098656,0.057961221415667,68.64171721700676,1.055855983141383,-0.22723548742519198,1.2531548289663998,0.2626788739840829,0.05373742076242661
46.501111567944314,211.15767006661866,83.5967830695235,10.454497837071818,0.2174239815729501,-0.35174651091113096,0.05738992374408686,68.9082466527638,1.076296313571208,-0.21418785291357884,1.249561942705752,0.25886682390544724,0.05475382161572735
46.70090638139538,211.0950844678129,83.55925665937652,10.53933079350787,0.21269689514710324,-0.34766129523584216,0.06392081801800632,69.22825009927512,1.0228336307796602,-0.23071669873770945,1.261977976259009,0.23305496666150308,0.05234793484652701
46.90070121811593,211.17506237419673,83.49957254506297,10.515958770311173,0.21391754155355516,-0.34779987760231995,0.06068008599910506,69.46550936500333,1.0824067074086028,-0.2062120727123915,1.2493088648375303,0.24215448299942122,0.05466625645463401
47.0,211.68621705067233,83.27607996513609,10.484752280292778,0.23429789765838,-0.36780237817154027,0.057926154218840314,70.66847811660676,0.7839129362660184,-0.24657274395051193,1.465547366283101,0.18739511575300435,0.05093838338319127
47.10049607824846,211.8137381330736,83.29942328125827,10.308292452455706,0.23720033919706413,-0.36601727451695626,0.04199553803129083,70.79750725241604,0.792260605203053,-0.18195275011350784,1.457874833281747,0.18612166454062268,0.05906846527782277
47.30029096193667,212.07277469832349,83.23033398534231,10.464358388040274,0.24393660478289572,-0.37059258073961093,0.054061301606013246,71.03814110442475,0.9511403460426435,-0.21508519743493676,1.4376153993218563,0.2283529630114066,0.054288664999700253
47.50008586932535,211.8789745271137,83.2048236003047,10.458407358838587,0.23443489881864554,-0.3624244833071078,0.05319693475920184,71.4372548260155,0.795284745687304,-0.2019135831992937,1.467657283670098,0.1711697858749922,0.05501679353121618
47.69988080056052,211.75079389147265,83.10616715980048,10.501504261660463,0.22882308986923425,-0.36029219342194285,0.05653708875436497,71.78564837107551,0.7446815846791083,-0.20509892712587927,1.4803689013097119,0.14898236690184932,0.05418658483406559
47.89967575578936,211.0459689587078,82.8782761913234,10.580687347191343,0.2060210781098748,-0.353508684682829,0.06482280033779275,72.3040418722999,0.42142653781327705,-0.23221268935653094,1.542752436826268,0.04663399994870554,0.04984067285344989
48.0,210.9993591304625,82.85242408694494,10.610669142653066,0.20356193682301169,-0.35173594654936324,0.0663893455841975,71.9536751770448,0.22627800337797446,-0.21086837323851548,1.4369013871891543,0.0030465746395360246,0.051564541657465386
48.09947073516023,211.11800175438353,82.8624247586691,10.550915627497108,0.20617926582656276,-0.35101128958564565,0.060340304837982785,72.08322613781526,0.23274972690321885,-0.18353522814630271,1.4305457697634956,0.004689528175987244,0.05495553760299203
48.29926573882275,211.66134037844105,82.93111163840045,10.62244894036656,0.22013503228955475,-0.3536575406395351,0.0638064997836218,72.28690082999509,0.38036300575440884,-0.18312878260726034,1.400531315741783,0.05039196856070407,0.05422050594383763
48.4990607669277,211.93187527525126,82.93509385089419,10.54024106406756,0.2266090199105496,-0.35388665040421824,0.054805541456609264,72.51844718663844,0.4432256106902814,-0.13702964874383575,1.381042406447134,0.06667262109648942,0.059337558152205025
48.69885581962712,212.09752036505049,82.89433337203344,10.484497091721552,0.23034016425412115,-0.35457263352593993,0.04860411484550374,72.75730293021506,0.4983758966868675,-0.10035926437805794,1.3645568952119935,0.08027464383459022,0.063283000971382
48.89865089707431,211.78037229667984,82.77181292436578,10.570077155420087,0.21864006810473333,-0.34982681458362036,0.05637693764025548,73.16209869405897,0.3135116111230811,-0.12058041429294866,1.397575044841638,0.02135883451854864,0.05964627358346963
49.0,212.08569286787,82.73444738727798,10.367383531945698,0.2283846397705685,-0.35541068229781286,0.04603740694329307,73.04558469115383,-0.1716839686995118,-0.3877099798365894,1.3394718419126934,-0.07812816166144629,0.0410795840103798
49.0984459994238,212.03576576281452,82.66155607959493,10.512171455585296,0.22623430130176347,-0.3564160164361658,0.05842723822947296,73.19366446860535,-0.17509017035049163,-0.4272563485353219,1.3412484977013,-0.07791324910093994,0.03557487776566258
49.29824112683142,212.09449473039723,82.6106044355578,10.463976742700181,0.22645635155566743,-0.3553595274165493,0.0531567459145022,73.46120237468175,-0.20671503835393623,-0.40110573365358226,1.3351642653914322,-0.08567031665420821,0.03857030509499436
49.498036279454254,211.64109342799787,82.39125657569623,10.50681177649785,0.21261022214531788,-0.3533648140694235,0.05769169944939559,73.82297524757281,-0.37027171739359654,-0.4122659962075248,1.3575531378976344,-0.1345761242941964,0.036703030994934896
49.69783145745069,212.06570456288514,82.44806128912546,10.537620950806346,0.2227166699734745,-0.3542040023554076,0.058016825020188456,74.02697500933719,-0.28681376782235346,-0.40436509579569724,1.331035608517432,-0.105412933241762,0.03753344026962879
49.89762666098044,212.43794233954438,82.49795574122827,10.467180506661087,0.23150405177346212,-0.35404320723213084,0.04959978611731612,74.22337383780273,-0.22532553046462156,-0.36259492092871237,1.3039734750539924,-0.08427147630283477,0.04202413226673606
50.0,212.63343614134862,82.41531879055553,10.686504688637546,0.23783956481842614,-0.3601059389930526,0.05920499479065997,75.49891437031663,0.15636574776291118,-0.0842227200103578,1.5359684542835135,-0.00036547049051595393,0.06061337560805856
50.09742189020452,212.2908951288722,82.26057113728457,10.853971993442368,0.22745442497741197,-0.3595757242598971,0.07455474588541658,75.71474242985772,0.08512541390077807,-0.1318855661774756,1.5557618679121132,-0.024635616242876572,0.054000987094145754
50.297217145285316,212.73386740712462,82.28616628225916,10.950919063615189,0.2384922830330333,-0.362740796241912,0.08035627144805198,75.9554618824944,0.21296082325687762,-0.1396564657297397,1.5315029788099566,0.015530661349362873,0.05248847296825183
50.49701242638651,212.9666876541945,82.26971518855204,10.945871379998215,0.24361566681435876,-0.36345536752475144,0.07784653497609301,76.22452913610628,0.26917041651380635,-0.11932707884834792,1.517638944365695,0.031051064606941195,0.054387557523612344
50.69680773367319,213.18717070970257,82.25673844815732,10.91012133137788,0.2483139460367798,-0.363598117635544,0.07269556474236136,76.49076710378863,0.31870721694022086,-0.08872935622962146,1.5034140943511505,0.044022239724727685,0.05732702445590719
50.896603067311815,213.24984816673935,82.20851225032116,10.870720745724995,0.2483892797522048,-0.3622809402322672,0.06783527357163954,76.79544955034818,0.30075087290289826,-0.058818130857421845,1.501211131223892,0.036496872726527574,0.06023258780847997
51.0,213.5141750442724,82.18985406556492,10.813494825026273,0.25591621195754716,-0.36605299934778873,0.06480703154696148,76.52597530908277,-0.19298266986560503,-0.16024073011193757,1.4093933030299868,-0.06512614586949514,0.05334064756549235
51.09639842747022,213.44078235906838,82.13370608711,10.827109458901079,0.25301930846174,-0.365127481880449,0.06578577430329816,76.68184102978292,-0.2305427336437865,-0.1586870342746285,1.4133591451018725,-0.07619969436092343,0.053058157209892445
51.29619381431767,213.5695323134965,82.09266998825774,10.785229471428048,0.255160017621141,-0.3648354144344206,0.06065471427014524,76.94904610968302,-0.23642817977697592,-0.1303054210411682,1.4033351529411595,-0.07593720412645351,0.05577560221908887
51.495989228024825,213.6893076031153,82.01753186674435,10.883886464755605,0.25722592436105657,-0.366738671405048,0.06808208507415062,77.21210162465313,-0.2005522296744679,-0.14470329007039157,1.392622136044975,-0.06257482833919514,0.05332158986127157
51.6957846687638,213.66588034407178,81.95480981153479,10.829519061327376,0.2546657698171828,-0.36422518719875646,0.06226805502533178,77.51902975050297,-0.28290040432362396,-0.11347956838294783,1.3951274667166755,-0.0855647735016545,0.05654205062807736
51.895580136708155,213.63374850376164,81.84882894013337,10.91876842822484,0.2522931596265601,-0.3645217830124993,0.06942792756312104,77.82120381835152,-0.3139328666492512,-0.12876922671665175,1.3956615631227423,-0.0925949436084714,0.053765037915724484
52.0,213.8101472529524,81.73506055035041,11.372513104978186,0.25821856389680664,-0.372167480442734,0.0911384502127093,78.0957191080808,-0.5703340660197552,0.38502796002984985,1.4171045722177973,-0.1419243289332196,0.08804184359303549
52.09537563203291,214.25301767368185,81.7885031953472,11.47074745457245,0.270017666891295,-0.3765168318119447,0.0975502509811149,78.155503565588,-0.4429121200135032,0.37426072987806663,1.39005124438838,-0.09801785100187144,0.08632086048321425
52.295171154914584,214.35486885965338,81.69355932304715,11.557611178581599,0.27186808590211836,-0.3789602446448773,0.10339284493702104,78.4125255694073,-0.4119474396601511,0.3724306610890756,1.3768690411122695,-0.08467503057015974,0.08469381827830484
52.49496670553117,214.64944389359394,81.7089564544866,11.457236709796138,0.2783895440067163,-0.3786671686605669,0.09172274114321011,78.63791818954233,-0.3848870047054692,0.42997743903919083,1.3553327758377407,-0.07299979500171618,0.090515996398757
52.69476228406217,214.87512594805733,81.6155277862252,11.50851962445262,0.2845693645757563,-0.38375116932276504,0.09416465849314866,78.82871057707663,-0.2569809631573156,0.44029082623198174,1.3239459808641403,-0.03164664989414649,0.09048722713954592
52.894557890688645,214.92948863318327,81.58604754782544,11.47481411594068,0.28351028310202,-0.38069150059971374,0.08937209034833773,79.1220160804045,-0.3325522720028223,0.47560518119914313,1.3248665149535221,-0.05286158759586841,0.09345087063862603
53.0,215.01686127844587,81.58116755345331,11.341125784907844,0.2847968210365623,-0.37977052386336063,0.08219802167041522,79.39136636766025,-0.257742242191591,0.3207281668062806,1.3478956904758859,-0.036532923010540744,0.08283083878468009
53.09435352559317,214.98446539517485,81.6016852030281,11.229968321779879,0.2818659948571171,-0.3747336396204499,0.07175166801231489,79.55369279085122,-0.3487733458309347,0.36125033015231944,1.3562553882977384,-0.06509019016223003,0.08730705898070597
53.2941491889599,215.01078138257367,81.52668208513767,11.169108096735856,0.28116748342663817,-0.37386112468590726,0.0651717281341222,79.82599930597162,-0.38366151824276595,0.3998930169476308,1.3496916444120892,-0.0738654653228634,0.09055391617065242
53.49394488097455,215.13998778060744,81.45977553681708,11.221858184875945,0.28330890248183677,-0.3751833457521626,0.0684642395383981,80.07657335957808,-0.3581470488729655,0.4073991993361172,1.336439610620523,-0.0632383277254441,0.0898706900295429
53.69374060182443,215.26919880658326,81.37941217882913,11.238043170530847,0.2859430725395152,-0.3772087328907081,0.06846856668655936,80.30855641008979,-0.3133679505197008,0.425645386790137,1.31824025309706,-0.047436366636539044,0.09054708841046989
53.89353635169847,215.2010061838843,81.33804744750606,11.23057942720475,0.2808169870096668,-0.3721440954482208,0.06689512756742994,80.65323753440951,-0.46741892115410705,0.44884079139755706,1.3343431052243762,-0.09134057838563853,0.09169559402815526
54.0,215.6943671930478,81.42855065754775,10.839923485669345,0.2934607394670064,-0.3741539629830158,0.0466804995956783,81.21275488409562,-0.5139717097817128,-0.020395459483845524,1.4155012214092049,-0.09679115855498617,0.06022970861750026
54.09333213078722,215.49163129723465,81.35662775608571,10.767318691422588,0.28685174237495786,-0.3708551839039253,0.040659098441799324,81.39071605788705,-0.614020681346601,0.0030270952642776246,1.4275427982981659,-0.12763286258554796,0.06283544340968057
54.29312793928288,215.41926309630833,81.26682764345001,10.924764443279585,0.28212881238607773,-0.369175675038505,0.05442922278170663,81.72827864375742,-0.6894833900214747,-0.028103352728783774,1.4380757892833709,-0.14697718352075512,0.05827835171501743
54.4929237773793,216.16361146643123,81.39324605621272,10.939225238032737,0.3006283300352515,-0.3732092937568578,0.05207723527500844,81.87465519554985,-0.49957318503478776,-0.006501574544729964,1.3892169301210224,-0.08283059412858909,0.06018365249681597
54.69271964527202,216.09185259032486,81.31089460925135,10.956863513519263,0.2962491413558652,-0.370597753190855,0.05317487844211076,82.20364508185347,-0.5991031956226143,0.0014987648517825808,1.3980135577513084,-0.11022346949068289,0.06011090383926435
54.892515543158275,216.0459426435307,81.22076879384223,10.942818370397255,0.29314710787331494,-0.36901349567500835,0.051328954889774944,82.5163810968611,-0.6839721936266848,0.019472256262238072,1.4013466405905615,-0.13168798865755027,0.06115284422994765
55.0,215.96669873826994,81.11955617828724,11.195449399538173,0.2906008115417372,-0.37024667111003223,0.06304268059937808,83.13728305466465,-0.39970538017888024,0.3349490778835092,1.4951393275484384,-0.07117768885753599,0.0817331014616648
55.09231147123701,215.92669911854966,81.07024790933602,11.218189213615396,0.2886238203510849,-0.36963851680544646,0.0648044686435349,83.2904450734138,-0.4267049052281727,0.3370309670266379,1.4978524446025236,-0.07892781327288792,0.08148573878482006
55.292107429708906,215.63774551985338,80.9109348129135,11.265981094272155,0.27878396179703174,-0.36673219165328586,0.06925637437963601,83.66686841924287,-0.5562326068465862,0.3386247415534549,1.5177244025452818,-0.11746986831370518,0.08019843331249235
55.49190341877641,215.56818145486056,80.79814744647643,11.26957399991451,0.27555567042755613,-0.3661263781021974,0.0688387378831774,83.9925655478428,-0.6176756794701492,0.3556511455407358,1.5208365204570005,-0.1320537693937487,0.08100697798787168
55.6916994386437,215.77149618484157,80.77563140534441,11.289081190548087,0.27930749179169956,-0.36660913786905286,0.06874887723619696,84.26786575106826,-0.6000908724949731,0.372700258355704,1.5084348319672263,-0.12179078463771985,0.08202269611748526
55.89149548951681,215.69673635732525,80.66075846915678,11.293162880957611,0.27594238816653693,-0.36597693278796856,0.06840724160438173,84.59799962176808,-0.6723700047190004,0.38989556560487254,1.5129563970491975,-0.1392247809522499,0.08308253363770222
56.0,216.35560191250744,80.80556228960666,10.885281426749183,0.2925122580600844,-0.36848597070560224,0.04624515694609443,86.29611860153003,-0.1267606963301673,-0.070556715494828,1.825615180505463,-0.01909065134151333,0.0521397979301572
56.0912915716035,216.13210156083613,80.64525159007573,11.081880627338306,0.28635639952938724,-0.37068751613164796,0.0646093156043702,86.49751504995625,-0.13559066697276517,-0.12051406386978751,1.8376396335560667,-0.022073728654158582,0.04536357215104154
56.29108768511344,215.87594133656256,80.45723803512765,11.070291095676552,0.27871390659110906,-0.37003080572741304,0.06371592427574277,86.90880404513882,-0.2112044506068224,-0.10964141536004951,1.8541751460439968,-0.04568462903927521,0.04620123573874735
56.4908838302581,215.48933152961976,80.21131901047073,11.043502898552608,0.26824371421430004,-0.36972032016218337,0.062035817738459446,87.3405881667054,-0.32004312271127366,-0.09656721504994616,1.8760396766322553,-0.07840345425484234,0.04681794425891564
56.69068000725082,216.71549191486613,80.65565437974706,11.072986707105596,0.29476528327510276,-0.3666670524578079,0.05839271787603492,87.568071550829,-0.12433264351209311,-0.07171412578108488,1.8351811184884856,-0.01576058601353174,0.04941882884737046
56.89047621630686,217.4056729334175,80.8099903500941,11.122614996526298,0.310302956544334,-0.36826649958223145,0.059155276483056726,87.81047712561559,0.06990400163276544,-0.062214484027739776,1.8006496529425287,0.042647650259792926,0.05039779756703876
57.0,217.9025022920077,80.92268287588331,10.881825099361937,0.32196027738424476,-0.36952854568701926,0.04696336322005151,87.69975612646488,-0.36862053341047213,-0.3880974869954495,1.7358722713577643,-0.046124216421787455,0.02891664454466216
57.09027245764335,217.69986393831525,80.75351486825362,11.038360176388116,0.31689481108433487,-0.37255013726704883,0.06177895938982319,87.87687777325044,-0.3649922151403202,-0.4288577394374457,1.7422444583540717,-0.044207669567292315,0.02372789251409997
57.29006873147939,217.6602465980747,80.64916109649222,11.046711920572733,0.3141761685714962,-0.37187140641986804,0.061839835612002965,88.24452040392585,-0.4047252803925022,-0.42454273442226076,1.74823663944883,-0.05477624940560044,0.024086063978201427
57.489865038036,217.82180239171595,80.70833193250088,10.904927722734657,0.31472991311835086,-0.3658153447082995,0.04719515949782306,88.62070937555254,-0.507921806078762,-0.37481874501187895,1.7569163190677628,-0.08390283695473744,0.029709065027762334
57.689661377536176,217.71441374953994,80.54555004957443,10.994029845279751,0.31089202253289305,-0.3673166098899273,0.05525843039649109,88.99466061782377,-0.5325067213839608,-0.3945224006250948,1.763767025664798,-0.08837773697376722,0.026814226032026187
57.88945775020494,218.07437534118145,80.52941257537381,11.141129123178716,0.31899425126899067,-0.3715092594138688,0.06653092726007612,89.26475211020025,-0.3788102193109221,-0.4243136293061327,1.73940442785492,-0.03963360411986302,0.023011068389632506
58.0,218.05995244103326,80.4574518367998,11.261258232067576,0.3179586895226835,-0.37224643177417527,0.07201847675867856,89.45097304986291,-0.38739070988455715,-0.2897210634243431,1.7379646312979888,-0.041057831379339715,0.0317667485749319
58.089254156269284,218.02089830295634,80.41742534616039,11.249606413008857,0.31591394502782755,-0.37098567705956115,0.07063232063656255,89.62301994142426,-0.4218594921416522,-0.283097713416511,1.7430702851809405,-0.0515313307793344,0.03255867804398544
58.28905059595828,217.46591879293578,80.02109855159495,11.432242511198888,0.30254963010924224,-0.3758119128031025,0.08886308013153914,90.02955864008634,-0.4670413625184592,-0.33127533710307844,1.7604145705258805,-0.06494652815844207,0.026391365729085643
58.48884706950304,217.38215267802147,79.8684613147289,11.473455904745402,0.299575274017576,-0.37702532403575734,0.09169571351724111,90.39281898855967,-0.4878919282953264,-0.3348892598858588,1.7636405537207707,-0.0692008355650855,0.025366727986727244
58.688643577136745,217.798293958726,79.96768746645041,11.457683026223295,0.3072733532183561,-0.3751408812583739,0.08688925354502543,90.7045130618923,-0.4579818891885765,-0.313996794959559,1.7514081643632318,-0.0572383355614009,0.02749207968245593
58.88844011909473,217.81817258542736,79.93016625212174,11.417743180782484,0.30506863939022966,-0.3716995536624279,0.08167659924049053,91.0966487928075,-0.5574359742778378,-0.2920985495081832,1.7633550256128987,-0.08434137406994571,0.029679006099995506
59.0,217.36099266332226,79.73464095445416,11.464780185065562,0.29299055184158707,-0.3695546482030781,0.08421087229482994,91.19314715677442,-0.34140500949810876,-0.20754140666570434,1.7444387943390296,-0.04239806988671125,0.03525644355917984
59.08823669561441,217.44187654492788,79.73706555877986,11.453210598176337,0.29402128577456577,-0.3687464917309114,0.08220436773065509,91.34516043292685,-0.34814286916161036,-0.19867488932149643,1.7433014927644228,-0.044150614510071795,0.03613057332786892
59.28803330693539,217.26001337537028,79.55228662655003,11.499316015674397,0.2886291803669241,-0.3696093988102613,0.0860409230094287,91.72117326023319,-0.3879648382022006,-0.20302416140603546,1.7508794450026612,-0.05531751657834396,0.03525306037641779
59.48782995329943,217.07963911821227,79.41306042106588,11.47524403450888,0.28241255474312205,-0.3675786540861455,0.08327601629032153,92.12168611410534,-0.4869310178160512,-0.18842162270921803,1.7655835819599102,-0.08444381761848553,0.036351120869961125
59.687626634950504,217.46151835039322,79.50371325856204,11.451651993675242,0.2893293384120872,-0.3656339660314372,0.07799113151540389,92.43799207846611,-0.46869766575575633,-0.1642923629823508,1.7541181197828133,-0.07542885148070501,0.03861189042594111
59.88742335213482,217.60749726850705,79.43785883840108,11.523992195290681,0.29191261761927034,-0.36755910916404017,0.08289378696363287,92.75758081932506,-0.41743343988562426,-0.17151544825807952,1.7440997258350424,-0.05732949935477635,0.036866901943219045
60.0,216.14404552122508,78.8822599199711,11.680648093096595,0.2563301413975628,-0.36324631960531756,0.09240232523403664,92.43824357876166,0.050291148320852186,0.10924161844504096,1.6426421619320317,0.029863042766644317,0.05511257804712777
60.087220105100805,216.11100173908576,78.888815608591,11.628958592792454,0.2536626549510125,-0.35945002168378176,0.08704995794362855,92.61469562444589,-0.014746423162740052,0.12871673046874355,1.6519169131942075,0.00827786140987308,0.05704978377202125
60.28701689409922,215.6816519102672,78.59284462755384,11.749848923915762,0.24277812893454923,-0.36133795271091634,0.0988460085540958,93.00555713906299,-0.07106472432435111,0.10575432744029084,1.6683256985618085,-0.01070486997647786,0.05320376207546511
60.486813719383065,215.18130430463557,78.20469344088357,11.9035390577786,0.2319248032261717,-0.3670589293445603,0.11398718337999333,93.37861158754579,-0.08111090034357774,0.07115122914776864,1.677627339071484,-0.014629527079095981,0.048115223738585323
60.68661058120771,215.85631409814206,78.4473738023988,11.878156086488689,0.2451086314631865,-0.3636111292714839,0.1064052633743214,93.64376744104626,-0.008965395295226969,0.1050293728744125,1.654168430747715,0.008506192130372013,0.05112119815397534
60.88640747983088,215.93906519368224,78.24994244686508,12.034553339775027,0.249181566268879,-0.37237097646273865,0.11915132569976758,93.8749986282296,0.19942194490350407,0.07622149602767087,1.6208471459853566,0.06970547557239506,0.04695559403705853
61.0,215.62912572114737,78.12383695015103,11.831308531287668,0.24078503389666725,-0.36942598856034975,0.11008237051890189,93.31437825791441,-0.026505364081234994,-0.1648239108921571,1.467303121372044,0.01841188576485299,0.031303752883515994
61.08620441551266,215.5360909574976,78.09271211837124,11.838492788622242,0.2368334332256862,-0.36658140509661513,0.1102871978331415,93.48066402508779,-0.08749002129567283,-0.16279970118194703,1.4769638878217173,-0.001893279447189377,0.031293631116481764
61.286001388515565,215.8368357743207,78.20944357366585,11.795830352970443,0.2405862565008203,-0.3613644360181745,0.10288835654252607,93.78373342079293,-0.12753311774454618,-0.13511230256905038,1.4726272315228726,-0.013852696929600445,0.03450358920980965
61.48579839910453,215.3694178987331,78.02777436381315,11.806541279185259,0.22578372619940776,-0.35503726365311733,0.10418827823892282,94.224807325117,-0.3552208370676122,-0.13279261841313122,1.5111319081594452,-0.08486934203578295,0.034383189863326315
61.68559544754695,215.19492908504847,77.81647164251157,11.881103530873958,0.22185991381784895,-0.35809457149287294,0.1103838160654327,94.5345541022575,-0.3603684074683176,-0.14466804062680605,1.5072030813524429,-0.08421776301092425,0.03238765424424698
61.88539253411275,215.03409605112003,77.64256039982828,11.91446888416901,0.21756621021084377,-0.35908859421910083,0.1124937289723116,94.861548941381,-0.4076568412135186,-0.14503393270620146,1.508672990295798,-0.09602080939068137,0.0320656476437245
62.0,214.74934277163925,77.46762374938369,12.040754411048717,0.21080395438439986,-0.35970787198332604,0.11882494845508751,94.57655737210727,-0.5963199698977435,-0.005973011231483083,1.4119064147113767,-0.13594462055241366,0.04100026537018929
62.085189659074324,214.95044592472823,77.4646448937542,12.11065346448607,0.21605494430911595,-0.3628104144184833,0.12357884446366381,94.65323777480086,-0.5280767295245928,-0.014833591365052013,1.3940849775179853,-0.11146933625253214,0.03947077847152585
62.28498682270666,214.026939262228,76.94225764605933,12.181873287672065,0.1950369512833299,-0.3655263283391688,0.13277351899473697,95.04421534028778,-0.6894574537681927,-0.034467211328942274,1.4211287908791455,-0.15957604241071738,0.03634762782450168
62.48478402528729,213.68953262536715,76.74934911016925,12.141096455662238,0.18571075792590813,-0.3629789559446199,0.12827607675891065,95.4026306274003,-0.8497058232218474,-0.015396510063614876,1.43710576908132,-0.20347362826385634,0.037907839876389474
62.68458126709636,214.39546999127393,76.99268446469792,12.210320255718095,0.19972772742901856,-0.36119842120751405,0.12889992114869486,95.60633808698807,-0.7699644650518822,-0.007750155846088437,1.4045790280640047,-0.17110487301158037,0.03851873628808334
62.88437854841669,214.12806500822646,76.71207045681533,12.303228322701532,0.19466632514929547,-0.3660844313675995,0.136980964187253,95.88951481890831,-0.7724953888046019,-0.024946247160416813,1.397202207087335,-0.16647579517257804,0.036011353358684176
63.0,212.29858041629086,75.98226186047013,12.330998642316025,0.1526941487422086,-0.3621404095064468,0.14054032528594276,95.58655249181166,-0.17167510900158522,0.14653770737883887,1.3041814617245084,-0.05309151967197066,0.04688116699754527
63.08417586953372,212.2280465437812,75.73200072331979,12.458939522365622,0.15551543746967483,-0.3734406515208094,0.1522518220385464,95.61686969346768,-0.016608567051352774,0.11894627928494986,1.2737422311930813,-0.0022880128984666057,0.04298390470435885
63.283973230735626,212.484736306178,75.79218631575863,12.466212043840708,0.15961241632145096,-0.3710578428350931,0.14883899886815685,95.85962298665767,-0.01408033152986117,0.13744703495277494,1.259464442626778,-0.0007103130001373515,0.04484822736311145
63.483770632313295,213.28702823422225,76.12970998574934,12.416057999469366,0.17505344213140844,-0.36585047929600784,0.13717321354225864,96.03583755382054,0.05126195453781166,0.18088437701128388,1.2253959788953828,0.021059648999364706,0.04942595015321273
63.68356807456037,213.2759637901107,76.10658118287725,12.451401705451467,0.17186673965680088,-0.36171897054152274,0.1379555511234195,96.34220694351875,-0.039593403927717145,0.18872280144842501,1.2323975308710182,-0.007329532131630144,0.04966677538704126
63.88336555777332,213.79080611780353,76.25130247950925,12.413106628667336,0.1828380510151296,-0.3608715592754726,0.12919203994788872,96.4926996367925,0.06286968392381939,0.22546986499378377,1.1928467641001956,0.024156405836518756,0.053199269942674085
64.0,214.6802850681803,76.54973675780113,12.268938924120294,0.2022376593612573,-0.36186409805836534,0.12083834176987587,96.39561195424858,-0.4878239459124262,-0.042849609103534164,1.1338525831953197,-0.08384855666871016,0.035799214226705636
64.0831630822514,214.2862414479432,76.23996873511015,12.387013317813883,0.19541265866556742,-0.36838221862590564,0.13336509440169567,96.49698554927457,-0.4650101175461336,-0.07368013610427929,1.1302211327559117,-0.07591784660139157,0.03193155786380581
64.28296064829678,214.8003069535733,76.46406707713048,12.332391123688613,0.2038007801927216,-0.36254170780928835,0.12297538987783291,96.70140033557232,-0.4887106343256641,-0.03809832485100986,1.109893541224509,-0.07910125512237887,0.036140044638938724
64.48275825621447,214.89018871026886,76.41977687396718,12.345350564462178,0.20476945045410233,-0.3620860027558609,0.12160025480281264,96.91706549005417,-0.5029066849289899,-0.02693061300761534,1.0937157191098243,-0.07978348290575805,0.03701674453206801
64.68255590631243,215.01475972136598,76.2075170665725,12.371492718951377,0.21202421044204045,-0.3726170206944044,0.12185759614522514,96.98218238762298,-0.2827114218379125,-0.020703917299525962,1.0322808730388178,-0.009712166151883764,0.037041484131156995
64.88235359890157,214.91335940220335,76.05569506813974,12.446679941321538,0.2089217058479346,-0.37370205997242417,0.12751363659043816,97.21093676775425,-0.29629966864475515,-0.02998562593386888,1.0231396022463473,-0.013459553434664841,0.0354463480502775
65.0,214.21593756892753,75.67922628919577,12.79217700462572,0.19375462144720135,-0.37565971653247804,0.14425505549833373,97.1945765399956,-0.14082593699370372,0.4089336955368773,0.9871857502196797,0.015494066386775562,0.06310483521452827
65.08215133429584,214.25232019183406,75.8722213507438,12.913867879914738,0.1870578464432486,-0.36337290689639895,0.1538380948075483,97.40999761198431,-0.32243977310092375,0.3901993167568445,1.0238892156691597,-0.04355503485594281,0.060095559994236075
65.28194911281217,214.59169733762167,76.00044497491493,12.884169469392845,0.19208910368919765,-0.35900992065886705,0.14628471233106252,97.60505139793273,-0.34779286477438953,0.4231625783960174,1.005412346096665,-0.04889904239716249,0.06324955243832922
65.4817469347706,214.51722867117297,76.09686429760706,12.925182052065447,0.1828426392265571,-0.34612274492594286,0.14735370370202283,97.97846728135987,-0.6223816250658963,0.43340076923895116,1.0432166133764054,-0.13214163312689783,0.06356556300567394
65.68154480049422,214.49875037270692,76.00597842758462,12.95477475406288,0.1815390657885472,-0.3459824697408755,0.14766458449817907,98.19707662123281,-0.6649714614733713,0.4451517727171048,1.0314338914552184,-0.14012218519217168,0.06404764657423244
65.88134271030931,214.4632781841166,75.91730056681935,12.974055419326453,0.17962735326590082,-0.34521847351587326,0.14704886184126045,98.42451177108201,-0.7296036845653777,0.459584539794083,1.023151574152358,-0.1540432570789379,0.0645834826086434
66.0,213.36830305541926,75.57259950548735,12.942411137057693,0.1517822395238006,-0.3359132768758627,0.14534403372993995,99.03491598601892,0.3384053919911939,0.55069605603276,1.120912013833411,0.056210593358144406,0.07013936476840045
66.08114066454533,213.5492332280684,75.6268274324085,12.929051842588844,0.15546101611849844,-0.33535424301378236,0.14200669603609153,99.10434554736302,0.36351401100616304,0.5653388943313435,1.108821066256103,0.06362742421145569,0.07138316866759514
66.28093866353493,213.63310393972128,75.61849749156009,12.926785590719177,0.15575409614479827,-0.33312319467159124,0.13868923548776288,99.33529110682731,0.3481327351474756,0.5885869192667526,1.0993928503664305,0.05626037816607972,0.0732326298016179
66.48073670761403,213.68114912168957,75.53034524276235,12.972958670596336,0.15690107780594592,-0.3349298519294697,0.140447516140593,99.53299162554119,0.3973745669873984,0.5984818599905042,1.079984894192107,0.06971194841684718,0.07300054625089696
66.68053479712184,213.40008295344924,75.26983146591503,13.10294439678909,0.15098650928836324,-0.3386762438786894,0.15217428221433588,99.77745307237593,0.4173348857970755,0.5797236800093161,1.0754103309753027,0.0723659869592305,0.06968405834374491
66.88033293240088,213.33494655836986,74.97295297562077,13.208063415816525,0.1542507915984766,-0.35024625226154443,0.1605235981347645,99.85857649858616,0.672681620637402,0.5692639679301258,1.0223311395531722,0.14521402143465867,0.06738518085617146
67.0,213.44163790234046,74.89880883243562,13.375208139611729,0.15767615343947414,-0.3541762050451756,0.16749086236603428,99.94926825085065,0.5082494655230287,0.7316279739556987,1.005940606057775,0.1121861544740072,0.07727608774105886
67.08013111379711,214.1589996159361,75.49256247664442,13.292412389610256,0.16437732431203633,-0.3353870147637719,0.15331524044609737,100.10343723878525,0.34936054187972676,0.7762592615914646,1.0243664899392655,0.060091854535305314,0.08225321600192917
67.27992934165984,214.23104959932317,75.46204817589498,13.305660395534106,0.1647748396618213,-0.3341774886726749,0.1513654863950267,100.31065433014957,0.34818999194622696,0.7980237251908475,1.0112710342293783,0.05740724019500614,0.08384996647873819
67.47972761634186,214.4536497090379,75.44458750784939,13.297695041706248,0.17032595357688393,-0.3360992784684408,0.14670704818964356,100.44834484889539,0.4356709349834553,0.8277243444045103,0.9776497306152458,0.08268961709113838,0.08600699515104297
67.67952593819948,214.22920680812499,75.16887442873731,13.45210926837884,0.1666462819665644,-0.34223243470528053,0.16059821707668073,100.63718691453774,0.5210369033398585,0.8059231862009756,0.9606424733549995,0.10483309681876488,0.08183956118168297
67.87932430759246,214.0694538682525,75.09121261145059,13.57772699887703,0.15923527089565748,-0.3379938093115959,0.1705428006892313,100.9542828466221,0.3968383851245161,0.7939046223718599,0.983232721604376,0.0629623997840697,0.0787810553131971
68.0,214.76738196547396,75.2506866926997,13.49943192695072,0.17602117555978536,-0.342814375244226,0.16465001848476282,101.41126601833648,0.18917257753127006,0.639357448414804,1.0402195483488867,0.0257858115658397,0.06871285401490894
68.07912272488427,214.89111353682316,75.40418769601165,13.438072350460974,0.17490338862555316,-0.3346921069559268,0.15644555607162697,101.54572314155588,0.0834439825769711,0.6659524158895127,1.0523654384740868,-0.008776001849550193,0.07115799872518326
68.27892119044192,214.81822262364284,75.25989786376998,13.503051056945349,0.17319769966080292,-0.33657677721845103,0.16042718679859838,101.75716341131199,0.09353502393831663,0.6695549773064218,1.0406826162995384,-0.005962366483054152,0.07017943849376408
68.4787197046361,214.83865230785725,75.12306493204184,13.591083413740318,0.17445165616327046,-0.34060503405578113,0.16613060570770813,101.92972170204017,0.16620308254839694,0.6683376394964422,1.0172449323340476,0.016411267953961525,0.06873952195789146
68.67851826784127,214.9266079025664,75.11409440592767,13.60223228677011,0.17466948905651863,-0.33839620725333613,0.1635505847420188,102.14612733877792,0.13568083840605263,0.6893735396871159,1.0086778523188522,0.0061647944388290125,0.0702098100562785
68.87831688043556,214.62457386608773,74.91730790243281,13.644257442662568,0.1664621393829794,-0.33702106965542594,0.16644753101288018,102.4381346177441,0.01783979252763855,0.6942541463173298,1.022640761005193,-0.030110599966938677,0.06945325728977277
69.0,215.03030213758308,74.96136277478614,13.734390473294837,0.1766409372695864,-0.34130618695182907,0.1675053156123505,103.76976456330752,0.5118060701625065,0.8030500635543347,1.2589490976709412,0.0757512782554356,0.07553450418480501
69.078115542801,214.65975489309614,74.68874340668685,13.803793158543645,0.17010484598673922,-0.34588631432677924,0.1755133059498254,103.88592873326812,0.5223796352993705,0.787724302172215,1.2616302446777572,0.077112656625861,0.07299690097577995
69.2779142553234,214.71070262836605,74.57731217983202,13.883079636195188,0.17169890904818202,-0.34906598174583253,0.17985575189765954,104.10872621875576,0.5963749314641689,0.7912406732090789,1.2445329666847902,0.09681931088122876,0.07240358032445139
69.4777130183925,214.58861812610593,74.49486002253398,13.877037098686362,0.16678435377815642,-0.3453917967199426,0.17654861143006034,104.41817573458997,0.5123507170761866,0.8140373283757018,1.255970203753654,0.06566485565830432,0.07372516222758344
69.67751183240202,214.81120848730856,74.61101716301714,13.829851683006952,0.1684028033228669,-0.33904961005219797,0.16697558083794006,104.69762463922197,0.43649162849387724,0.8555025669600232,1.2573376411954473,0.03929663019770718,0.07773007700510501
69.8773106977496,214.35025232934728,74.3137311472095,13.804448098523748,0.15821305964237284,-0.33895367978518753,0.16436793023643267,105.03448974042847,0.3124265087018373,0.8765573569204362,1.2760924671443659,-0.001042337816317733,0.07830683883966924
70.0,214.36147107114095,74.21326303745111,13.876096498259571,0.15938255959293357,-0.342081434111211,0.1679181913724981,104.54240102362526,-0.214409482517312,0.9090057014901607,1.1384700829952612,-0.10867823110244258,0.08009647730292765
70.07710961483703,214.23251234611243,74.07481318495955,13.960197334589635,0.1572577026505315,-0.3452697458907567,0.1758596664548409,104.63175369443599,-0.19676576175651617,0.8949595892306726,1.1351587853612561,-0.10194648240918175,0.07766493945169381
70.2769085840701,214.8742494975,74.37983009770743,13.941208821691115,0.1678905516081236,-0.33930828366137955,0.16639170825511268,104.81803668596952,-0.2027416654581367,0.9367039819936701,1.1128752447197932,-0.0997470937754271,0.08126424368795407
70.4767076058588,215.31161535749536,74.4865742218932,14.061792877011191,0.17624787311884427,-0.3403636745712278,0.1723659414498538,104.97886917064429,-0.1153232829288725,0.9386470709080735,1.0834871196324722,-0.06925500602401674,0.07998379248255402
70.67650668061732,215.18637457170098,74.25257666033652,14.215544181788278,0.17474983547959633,-0.3465158644586157,0.18543140905595634,105.1727474908666,-0.03657657268089941,0.9189074658023131,1.0657842453541022,-0.043832747015184394,0.07626149248732608
70.87630580876409,215.0353446794892,73.9522309983782,14.355838015844194,0.1745773132202962,-0.35582563664612177,0.19734444011435284,105.31334992719428,0.12253166026972777,0.9005732225151661,1.0329113015494003,0.004377540531620337,0.07280998657448146
71.0,215.19465887909448,73.81430317493147,14.654653962058083,0.18116416579744327,-0.3643521610651181,0.21002626414322248,105.56390645843611,-0.1217275936256012,1.2059648787239414,1.0479577464034384,-0.04124387012429541,0.09177182721249678
71.07610499072184,215.133536438056,73.81332690936415,14.650691848036416,0.17778328479523128,-0.36064163984759573,0.208347919479626,105.68781078918344,-0.19624435678294938,1.2169022552869737,1.0580726167895047,-0.06525643139333206,0.09249254893923856
71.27590422691769,215.0363013908562,73.65963339260223,14.70296077106042,0.17548672143971017,-0.3619205509409692,0.2103307133319627,105.90689554499605,-0.21295752030741788,1.2299242434511979,1.0498099671473726,-0.06859799779561443,0.09216673403352313
71.47570351778315,214.55246201780338,73.28923256896725,14.771938880680233,0.16594988623268092,-0.36556324363213627,0.216617969235978,106.1666489658341,-0.26794837857846615,1.2301301275519445,1.054733066272238,-0.08444586608642193,0.09019669603391031
71.67550286375418,214.38520465787974,73.1378754753088,14.797204302422545,0.1613123586478979,-0.36459789088256905,0.21612548944289955,106.42282100417641,-0.35275494352549064,1.2488091958456202,1.0580225202105122,-0.10784376883922375,0.0909928889258848
71.8753022652713,214.43271244718997,73.0909886727394,14.826667869922469,0.1611442629343794,-0.3633862076037648,0.21459368744741486,106.64415163612613,-0.39889169549979825,1.2713411762625189,1.050720950996438,-0.11835953705164269,0.092103315099672
72.0,214.78813691218295,73.19745465581647,14.761332270948552,0.16810415633363746,-0.3631547318790016,0.20945579675296672,106.97739115985463,-0.4066447328898042,1.153117491000482,1.0843735344469223,-0.11685597216914481,0.08421185111955153
72.07510172277962,215.21423135947336,73.52352782663274,14.67698163124107,0.17267921799799382,-0.35302844517781135,0.1963016319787358,107.082032592918,-0.5031675966111571,1.1932888882485049,1.0886577778064166,-0.14619568321641027,0.0885821819008624
72.27490123672888,215.4289427035991,73.50520458650993,14.784799137807319,0.17695438750152503,-0.35526223612824726,0.20193855376733558,107.26106861123482,-0.4582697388984159,1.1973765458106957,1.066950516117444,-0.12621146509262765,0.08764170432469838
72.4747008075735,215.28123827320903,73.37202311135749,14.787576013574894,0.17261164877576915,-0.3536885147713108,0.199394061400609,107.51520805090787,-0.5534892555473331,1.220855928335607,1.0704458127216514,-0.15186838541307396,0.08842263048956063
72.67450043577269,215.0010216561418,73.13291871736206,14.817143196407695,0.1666407539865435,-0.35491689952754596,0.20062640530798617,107.76897877319871,-0.6326987456835378,1.2341091531417574,1.0733960665222344,-0.1714182861238126,0.08842230187117292
72.87430012179044,215.3025175255109,73.2418234660142,14.819449015059075,0.17096884507268945,-0.35144469405703993,0.194794466716482,107.96638407073804,-0.6787823968130263,1.268872585087096,1.0596880154329993,-0.17923591975643044,0.0910859286253321
73.0,216.29627641281493,73.65398326307275,14.585384155758451,0.19062817427734446,-0.35018145520463995,0.18074488226952573,108.38506889216137,-0.8617659410058801,0.8938479730042233,1.1090008862071594,-0.20926143217502627,0.06730977425707756
73.0740998660957,216.22673404966653,73.63082687149983,14.511768986450857,0.18827850321961334,-0.34722240387790576,0.1726135283253494,108.49049187373664,-0.939841666958856,0.9185512730176985,1.113916762104946,-0.23179086044807912,0.06971780083375956
73.27389966916229,216.12199077510147,73.53617164841413,14.401675381014211,0.1852170523251398,-0.3439424643014721,0.15918761659758107,108.73681609574146,-1.0734162642815694,0.9659717823957457,1.113934709835265,-0.26575331573477423,0.07457702429956883
73.47369953146907,215.2112830615691,72.93782853685826,14.378231863232362,0.16820388053050706,-0.3486932029734223,0.16071288825554572,109.05152705688008,-1.239443425594661,0.9734682842766208,1.134905488460047,-0.3085302041785949,0.07382176057417722
73.67349945349997,214.7076408573466,72.54467285533447,14.43345640984551,0.15879470265779272,-0.35305465198322816,0.1671048977202978,109.32896634070356,-1.3361278025926173,0.9691997740546267,1.1433662391217465,-0.3276305108460815,0.07195145477387527
73.87329943574406,213.07157353970675,71.4779821328644,14.370641404609541,0.13085022181842712,-0.3649667262949799,0.1703081013968882,109.70200435331091,-1.5605360655363416,0.9682752772642472,1.1804524832584284,-0.385649192140395,0.07006678696497455
74.0,212.54332975675283,71.50664406467867,13.717887700815094,0.11215851935537374,-0.34702972918316277,0.13854942591315372,110.18276792936328,-0.6012341912136729,0.3161510773322799,1.2522440319198769,-0.1972438171818077,0.02924326400855142
74.07309947869561,214.43742136211483,72.61897700643809,13.81735775385937,0.14342627151153586,-0.3326987158607761,0.1329677579162952,110.16678873424723,-0.5095289689589332,0.3385031250068368,1.2151179174226463,-0.16187053689221043,0.0321418578023835
74.27289958285418,214.65031765785054,72.65400222071086,13.86352339960589,0.14669764840015698,-0.3319443090014221,0.13352847563463946,110.39270452252732,-0.5194311518270008,0.3441839774498644,1.204470139945167,-0.15842979608885682,0.03212938089574772
74.47269974872464,214.32701282969816,72.41665412690867,13.797361912526707,0.1401898450804502,-0.3316422572419214,0.12686946039126692,110.67410212745732,-0.6340522418635572,0.3665784325401147,1.2119506802915505,-0.18893944793265763,0.03435434995050246
74.67249997681729,214.16207921185156,72.25500795754861,13.746546820269073,0.13692868827251967,-0.33139946788115765,0.12069458186439476,110.93390780087309,-0.7240756881877585,0.38913057840359133,1.2127315304261257,-0.20997564995595966,0.036344655367003854
74.87230026764789,214.56579539178338,72.42195217616052,13.707970644631667,0.1438073503340656,-0.3277632169227285,0.11140563340705605,111.1276300186522,-0.7540215659034546,0.4232536841980572,1.1935171011314505,-0.21075510952004423,0.03973212920081163
75.0,214.4900132203343,72.33704342743286,13.858953197064427,0.14196247929012062,-0.3275295949845272,0.1147989108901571,112.88589156007129,0.376418079391168,0.6913954906732237,1.516610769728662,0.02237088110910629,0.05579647291022677
75.0721006217378,215.00670701099858,72.60653874450921,13.820987119784848,0.15148196402740063,-0.324081344505844,0.10629642499496396,112.94427375014843,0.4118865768534534,0.718015677672471,1.5001733873052792,0.0341136264743732,0.059037374179065065
75.27190103961397,215.39315684963105,72.73470090460037,13.974172205445901,0.15699973870078476,-0.3235091977002546,0.11668824604297323,113.22649466057852,0.4798107570849796,0.7049570745272936,1.4942332552769788,0.053168762820109114,0.05609844570280331
75.47170152180901,215.47724059090197,72.66341078736166,14.213116469134256,0.15702730098317078,-0.32677755175013845,0.1379619954392154,113.53637617873146,0.5677978549340046,0.661417134387006,1.4968763477897107,0.07695304271320427,0.04964552736696022
75.67150206886139,215.12135256831374,72.40171563313915,14.213464636204604,0.14936857598891862,-0.3272916795589607,0.1381942900471501,113.89879245290918,0.5017431007105744,0.6692059575906585,1.5162637264033751,0.05193679933420142,0.049404281195521
75.87130268131533,215.18776595917254,72.32864996243526,14.29493592282538,0.15047396818799844,-0.32914803256105496,0.14345345661187414,114.18294730831593,0.566045486043453,0.6649005937849296,1.5109726633580973,0.06820236837643598,0.04780869259379498
76.0,214.5482023416041,72.01539116061056,14.149040593677205,0.1367238747358716,-0.3271545249452741,0.13733406851796867,114.15420339214305,0.7422628410807062,0.5595450544708804,1.4683803486818992,0.09743434597675987,0.040832594827828944
76.07110335972106,214.57338958230764,71.99502287534635,14.165002345173113,0.13714271257170277,-0.32745484014333154,0.1378542137047894,114.25449576858323,0.7568045987560897,0.5612252154051425,1.4667254225932045,0.10015575526774063,0.04064093689706824
76.2709041046348,213.60043100270664,71.4872042193698,14.079080454464085,0.1156215344557352,-0.32467444898615516,0.13394837196723455,114.72129029292722,0.5303418703789933,0.57560998999422,1.5219555163542178,0.02031951245707539,0.04152529848071112
76.47070491661877,212.90627633648216,71.03490625159513,13.969975914285607,0.10310500951314373,-0.32634062515823614,0.12600581298475308,115.09815874209035,0.40925418630029947,0.6017518088518345,1.5457813485167253,-0.02108178711870522,0.0441392379705889
76.67050579624149,212.41635674368717,70.62202784876587,14.07190899643027,0.09483038398400466,-0.33289541544845114,0.13816583285269582,115.44399558097022,0.4238026548086291,0.5763207896332527,1.5574817655135047,-0.018359541593897896,0.039787537050358215
76.8703067440776,212.20136922562074,70.35690602163068,14.20165639806374,0.09170016494970425,-0.3386822026652577,0.15074126479923222,115.75322952143654,0.49607010676997954,0.5490853525828138,1.557227597592216,0.0021749103698478246,0.03539700238391586
77.0,212.88097936026548,70.70138019571381,14.09972309131716,0.10304984585146987,-0.3343676930216192,0.14233052328547696,116.62550655132944,0.832302166272274,0.3766633840778564,1.6932731852088527,0.07207755653948755,0.024850575364141765
77.07010776070811,212.6262157643343,70.56768543888366,14.02143029226341,0.09781878016350071,-0.33287591184696275,0.13545245370212866,116.77951957953817,0.7652999815231656,0.39428956797932146,1.7066299865869443,0.04778031153161058,0.026717323150342538
77.26990884672051,211.69750430433487,69.8932689419203,14.00133228058323,0.08312435831383715,-0.3413936760092355,0.13883415235039878,117.17047148705646,0.7371903559575808,0.3876507965277781,1.7270155551957576,0.033711501737260084,0.02548338744756267
77.4697100027087,212.0989121754129,70.14285393292481,13.936767530818848,0.08781807603998924,-0.33302622127280396,0.1258436472838411,117.52512358781561,0.6631514844340543,0.4277996994585266,1.7353184278981664,0.008119676819172764,0.030135280586521738
77.6695112292732,212.99952164453245,70.6382818787769,14.033821847003471,0.10141812240470047,-0.32565508996389353,0.12544408440261867,117.81639858465223,0.7207511623790452,0.4383917604357156,1.72250019395612,0.025331598108345725,0.03087790219749425
77.8693125270212,212.92330209318914,70.498898767038,14.084370455040585,0.10002333953884235,-0.3274575191321505,0.12895741974384045,118.16394615092813,0.743131602058145,0.434628985986851,1.7273727403344685,0.029680949033904704,0.029810276199316376
78.0,210.7694190515341,69.3239700157911,13.905631397112868,0.06120621292453198,-0.33277294352680153,0.12411283306543491,118.36024759275088,1.4268763003933307,0.5148119834619859,1.7305600834726955,0.15738602903905252,0.034848532054784546
78.06911389656665,211.1920828804161,69.61898292667847,13.847553716558066,0.06694457005205363,-0.325595172128908,0.11348746530010095,118.47417323902798,1.3965893811346106,0.5447181904444567,1.7304943033012092,0.14514819925352446,0.0382886990631356
78.26891533853039,210.77757522927817,69.28518031245943,13.860795906819568,0.05992952086905496,-0.3290918024774285,0.11629022046977806,118.85200535900857,1.4020068925124258,0.5437566656636402,1.7449602492011194,0.13832612141123296,0.03739364917775579
78.46871685354017,210.10363208746188,68.7753273370253,13.877166366877367,0.0490242539695008,-0.33548388961340553,0.12174521083695089,119.24947010157679,1.4029260082263126,0.5345430028508662,1.7649484272912295,0.12994023671295882,0.035559191742063075
78.66851844223078,209.44721645338436,68.29051764856084,13.84517062938529,0.038462564213210385,-0.34048243391183963,0.12195156008229194,119.65561395379012,1.3724486061467083,0.5384792160040164,1.7862754555892975,0.11188277959566081,0.0353727372412513
78.86832010524417,210.39081313493577,68.87474377910408,13.84256756799919,0.052164452792372584,-0.32889099043164305,0.11035502202446756,119.96593224484516,1.3711453238316231,0.5809792717200892,1.77746749462353,0.10695542310340972,0.03978785174968532
79.0,211.20539778472218,69.25688130210942,13.871616949342295,0.06628869591013171,-0.32739116712356325,0.1128359157712073,118.74310062303095,0.05230684252179807,0.38194783112655906,1.4828275867752259,-0.161971379495763,0.02659435564903384
79.06812184322949,210.9614354831174,69.07848693182987,13.86138806100556,0.06232733862902948,-0.32928125847676315,0.11324784803217476,118.85969787361634,0.025877885046798825,0.3818521816388126,1.487533200837066,-0.16945171466392725,0.02648633958933781
79.26792365684328,211.1831892722035,69.16881104233586,13.810261046482369,0.0658183552033786,-0.3255992801678538,0.10367154993050293,119.14115776359904,-0.03311163586399356,0.41194542961585773,1.4811329770865074,-0.18232184506480373,0.029682742361337725
79.46772554674946,212.08212146598282,69.64504457605958,14.01467943688991,0.07920388031113487,-0.32080435037606747,0.11450811493672484,119.38086235012797,0.03832776553213248,0.3934653927381338,1.4604585851920902,-0.15227653838760502,0.026830351733557065
79.6675275136195,212.07676207312193,69.55442281293593,14.080934244258854,0.07882095113788425,-0.32208546026521306,0.11926239186718943,119.6735927233072,0.03092462259382754,0.38614215189149165,1.4580393844529989,-0.15021220504686203,0.025166705711440498
79.86732955813252,212.14821422020708,69.52423000544258,14.108704420104976,0.0797605870269551,-0.32172737281973784,0.11915382607324806,119.9579169297785,0.00750027595393255,0.3916642894626762,1.4534071621922002,-0.15234492522641266,0.024922955427580783
80.0,212.58346252613026,69.75850088532277,13.998702023249836,0.08614802598134881,-0.31778064240698456,0.1122295403241258,120.18180907323816,-0.04845700486382951,0.19907730507764967,1.4574582727071232,-0.1618753894516037,0.013011461849805093
80.06713168097536,212.24856016054602,69.55455057121044,13.923662380816523,0.08018334009804383,-0.31801998427242306,0.10674635339887588,120.31342297041087,-0.12116790333423703,0.212121642271525,1.4681291587905798,-0.18478128893189194,0.014588755684311616
80.26693388284274,212.43132305611414,69.60352513081621,13.928766605627521,0.08294267638770696,-0.3161350628262257,0.10345850441661411,120.592889514115,-0.15824489371657927,0.223898546965142,1.4612392471260474,-0.18965099955850503,0.015736085333141255
80.46673616443731,212.88326365253502,69.81047823824912,13.978722806466525,0.09020209755018906,-0.31318391331565326,0.10237986706734599,120.84168600855793,-0.15424606249593234,0.23152302136790737,1.444837248253795,-0.1807656151402237,0.01658209799955817
80.66653852646978,212.9377803048953,69.77781395625153,13.97004026788631,0.09092827924457901,-0.3122565141697997,0.0989462360537992,121.12452426017079,-0.20240537377657128,0.2440759887045817,1.440600195950734,-0.18903565890923524,0.017859222465722174
80.86634096965908,212.5504769547972,69.4870405592898,13.880450574421248,0.08419344753626272,-0.3128930216337063,0.09124520096487754,121.46465554385256,-0.3433688344211481,0.2669654872957654,1.4542850436406685,-0.22648972786119667,0.020545559508554807
81.0,212.75242685318707,69.58747447757506,13.784039545450828,0.08682743827389312,-0.3099094225006081,0.08424374737960734,122.25927038419485,0.07838869593659653,0.16959717477410577,1.5741438787898978,-0.13802579509266147,0.014613599931708212
81.06614349473236,213.11825559638797,69.79259524299691,13.80537133330058,0.09287620969118023,-0.307314449935235,0.08241656918185147,122.33264570540896,0.09569680049583972,0.17634514578148272,1.5635961468796185,-0.12960866756981065,0.015511965135631925
81.26594610242527,212.43156807729028,69.30122517740182,13.755139842446301,0.080958899168868,-0.31136650713589076,0.08224229437686649,122.71421066948089,-0.008111560977474772,0.17724667186045034,1.5863045393115147,-0.16050814447641812,0.015049771222915453
81.46574879348194,212.10019370142552,69.02946630598335,13.626109886070472,0.07640760849662462,-0.3122340083519496,0.07035684329761455,123.04357250266679,-0.10706991049551032,0.20946673184386105,1.5915518605757843,-0.18706477858371526,0.01902110034632651
81.6655515686551,212.29365410076122,69.0842526669342,13.73662732153254,0.07807992317848747,-0.3114445213567997,0.07872261320176599,123.36941026556644,-0.11526070784194889,0.19196681810057298,1.5933207402705656,-0.1830337371165902,0.016381284342202863
81.86535442870631,212.51706139397203,69.15008020362097,13.860558389830915,0.080444282337423,-0.31100931513981767,0.08811906032092315,123.68618888565818,-0.10169479761307268,0.17065468502864012,1.5922272707470808,-0.17240353832588381,0.013135942377639404
82.0,212.59014776839135,69.1952719926691,13.592515844263172,0.08057842500636926,-0.30772858041931117,0.07527035427772744,123.71857371452887,-0.1989707666178766,-0.15730429420093234,1.5562886210827838,-0.19184921994617682,-0.007304762562397751
82.06515737440597,213.060734944003,69.44363099664615,13.759080689248993,0.08757899185643324,-0.307032569677282,0.08770406099956626,123.79008015928297,-0.1297609846311525,-0.18636441715090044,1.5449113188501034,-0.1650903238685788,-0.011097724399314775
82.26496040653355,212.1264951084071,68.81659369961123,13.63092070068111,0.07139494125127473,-0.3109321156975868,0.08173146204892923,124.19946850638647,-0.3008133998498117,-0.17714461123287312,1.5781000401845535,-0.2166799598243801,-0.009760195303319888
82.46476352587757,212.588953313309,69.01517452035486,13.805828923935188,0.07810138438984604,-0.310263305785068,0.09408166767565355,124.47894146226986,-0.24794873649643767,-0.2091017519991267,1.5648290435916035,-0.190668626559455,-0.013342760719380387
82.66456673323592,212.17260612180667,68.70205564648279,13.72864838056276,0.07081051383474046,-0.3113611359370758,0.08817279526229595,124.8478809408209,-0.3794357301266814,-0.1978193878832649,1.5822475252115515,-0.22567532738048424,-0.01154719061050948
82.86437002941578,212.9967615686684,69.18039298271006,13.8276076856697,0.0830555835152529,-0.30452432506877836,0.08830406115991836,125.08987853279731,-0.3534889886694508,-0.19700390259245484,1.5581028307229103,-0.20746889831672094,-0.011204433108479477
83.0,212.15476321435747,68.58923728952841,13.877159732320827,0.07016932990209038,-0.31136703581501496,0.09385267471536582,124.65248265784811,-0.7120658229773522,-0.08057560804236397,1.4276798894866722,-0.2814825337939738,-0.004322956763738346
83.06417341523394,213.5056932828123,69.43649762584722,13.989486336405031,0.09198645065046988,-0.3014691573193822,0.09117077313696142,124.63278940179237,-0.626306797163644,-0.06923298789522749,1.387734978269156,-0.24485015701846052,-0.0026573826214914133
83.26397689151685,214.13596748059913,69.73491801586499,14.03282906597393,0.10370830935778563,-0.298784710766354,0.08768220599488652,124.81810482785178,-0.5887143761930346,-0.05882564885780208,1.352187699012105,-0.21958498155747883,-0.001039881344674531
83.46378045910072,214.1860824301264,69.67451769586569,14.074724874935074,0.10469090724397503,-0.2998782295375592,0.09009353522816475,125.07274863955242,-0.6027101837398466,-0.06516542592593605,1.3409456576173266,-0.2145054159200298,-0.0013448919778075246
83.66358411883172,214.1484447132403,69.65491714226077,14.026731239385558,0.10131900588335009,-0.2953315204271201,0.08314590401326608,125.40783161440618,-0.7678913707485792,-0.046916370843705334,1.3564615179398813,-0.25709975266079416,0.0009246703577362606
83.86338787156615,214.01891983214574,69.51926255480214,14.01899414725362,0.0981459631842659,-0.2951461496740042,0.08199937381269606,125.7173976127143,-0.8710729835702707,-0.04412318113956059,1.36255365441166,-0.27880212118435604,0.0012395220935224268
84.0,213.70924493477483,69.22081232896186,14.338202531247322,0.0939959192844485,-0.30071811159722156,0.09793539409161055,125.65891112800131,-1.1120307881593952,0.32246401273364605,1.3090696197309575,-0.323987178264398,0.023569460047961666
84.06319171817044,213.91923622054512,69.31801997636296,14.428907549633957,0.09702813940140917,-0.30076109456869604,0.10483809065989186,125.72719019756516,-1.0892787277516172,0.30789006191863266,1.3015443128573696,-0.31113742323038857,0.021566382377946988
84.26299565952151,214.4721284841373,69.55075532235502,14.551774482632151,0.10712952581019065,-0.3004082792870217,0.11032703172672881,125.90476973595962,-1.0363006738350846,0.3002797621028271,1.2667277967793344,-0.27773826182653166,0.019986334553057983
84.46279969650674,214.45207247387188,69.44894015692701,14.609158685804536,0.1065158387454683,-0.3019043667834542,0.11466003608405119,126.15876541470466,-1.0713599186816558,0.29292355950033583,1.2587474513601018,-0.27630869806876557,0.018574579224439215
84.66260383002417,214.09696741325533,69.0981287243414,14.754333967767538,0.10002295007080067,-0.3086338851603575,0.13224264790300494,126.45636123106728,-1.0774324860881772,0.24846707404262602,1.2643067994868857,-0.2671550510914894,0.012312964497421239
84.8624080609827,214.41852181705553,69.20964213974264,14.781046020485073,0.10641217479932598,-0.3075433855921005,0.12910614555575378,126.63073045158558,-1.064225004983343,0.26047961315757623,1.2327391546999003,-0.24998053750191007,0.013188847751482085
85.0,217.45357759900185,71.08509844687042,15.026030057273497,0.15216816272103043,-0.28821116671812014,0.13100619805081837,127.09520315386976,-1.6231282687867834,0.05733610240373152,1.2779290613084835,-0.3468964440341133,0.00044956327493349615
85.06221239030221,217.86192218467215,71.30325511273982,15.048271112521237,0.15996296044319563,-0.28647293019338127,0.12831082827949292,127.11530283591699,-1.591412361091837,0.06532490394830258,1.2554462054036324,-0.32947542842079,0.0015036882441383348
85.26201681891374,217.77166961783956,71.08532761582937,15.134939531301145,0.16026827421724668,-0.2924836820914204,0.13674020754302824,127.33059237584705,-1.571977953919296,0.04360397101244297,1.2357745617326403,-0.3069915908586853,-0.0014488501930275605
85.46182134775961,217.88473198555636,71.17599024778487,15.14115024431448,0.1579854803993141,-0.2863505286351924,0.1329094731510178,127.64642877546794,-1.7412171092369653,0.05405505330855018,1.2502026071503387,-0.34582230763451405,-0.0002793428255312032
85.6616259777936,218.00432104024406,71.11311394625965,15.207995122153777,0.16166929549517386,-0.2895421494288582,0.1367166445330728,127.82960129173047,-1.7120147085210882,0.043907652824057716,1.2214489556122181,-0.3205724859794403,-0.0018146935829550248
85.86143070998118,217.90627704663393,70.9067850979242,15.255599290857976,0.16176148101485885,-0.29426197987589114,0.1408416792499394,128.03128481158106,-1.697331556777039,0.03137254403249551,1.200162067350556,-0.30190091660086293,-0.0034325689957183346
86.0,214.03826803307177,68.38126491883816,15.02736411984511,0.1027084166800182,-0.31846302176454105,0.13900318599624512,128.42494394404986,-0.5407875935314368,0.40964240015699205,1.2518204166160336,-0.07869132504410303,0.020289596057028698
86.06123554529955,214.61432170789243,68.82619795483954,15.007849094370217,0.10949930269442605,-0.3087331407544479,0.1290088325878889,128.4930374081123,-0.5919693853860757,0.43792563911966426,1.2435115707850752,-0.09049088714246031,0.02390579951858089
86.26103985508335,214.27208937709648,68.59876230027304,15.120219174293704,0.09870233430301238,-0.3085170755553554,0.14190934232401065,128.8689329192438,-0.6967756118403924,0.4094316729185318,1.2591011237825114,-0.10798184827541102,0.019406214996065936
86.46084245193501,214.5327304019456,68.67300562450183,15.149329171003075,0.1039552688690935,-0.3078461041705924,0.13940631439884454,129.06187293022273,-0.6688324053940284,0.4206301463136461,1.2147930070268462,-0.07939928126036605,0.02077888527475084
86.66064333466596,214.4462635879622,68.54383710864336,15.184764380406998,0.10178314248969766,-0.30860843444525415,0.1414379423399697,129.32515783165556,-0.6967833770652204,0.41906025599999575,1.1954040448294698,-0.07235742472686589,0.020609354604269388
86.86044253204561,213.7629001973308,67.96638184176383,15.249129814360861,0.09071845392373144,-0.31734328149398583,0.15389826530298129,129.64672590945796,-0.7130172868673366,0.38604234878814625,1.1946569405698366,-0.06466203454555047,0.01617761419999988
87.0,212.39751049919906,67.08020003016006,15.05614607527838,0.06868555390379284,-0.32328377159805893,0.14694240242909876,129.98983226196142,-0.143977612301593,0.3978981269603348,1.2176607979735286,0.052074384863547804,0.017218290497463384
87.06024007332876,212.9138942089524,67.44975829408844,15.071137199635182,0.07564880383439758,-0.31655821576834886,0.1413702876216404,130.0373696364627,-0.14636609791716323,0.41484224499981914,1.2008161172509728,0.05596099814037376,0.019377660361297178
87.26003598825993,213.37498938432043,67.63326468154331,15.098644730042261,0.08566085484453327,-0.31562350591397825,0.13647401266956616,130.1731970738315,-0.0468105864467053,0.43257715811689496,1.1410875507299745,0.09974649208567579,0.021465255094662898
87.4598303070778,212.76585257520912,67.08016287853538,15.155911843593593,0.07709159862468909,-0.3249492806280296,0.14757316629218137,130.4368178796254,0.004412483986648369,0.4051899955661706,1.1261135911518494,0.12109857139008352,0.016859873622537845
87.6596230605198,212.68737647140077,66.91566651794535,15.175555378254689,0.07713458078001456,-0.32760683878960023,0.14788541653583256,130.63466956855294,0.06359057310822112,0.4070875645377341,1.0913027716331154,0.1454261798590401,0.01649353705928715
87.85941427982671,212.22854517998533,66.48496752528986,15.207399146700348,0.07062414025542482,-0.3340804541069966,0.1541548240165412,130.88681938906436,0.10509556216564211,0.3909132254802636,1.0750042186797153,0.16072815824719097,0.013942512070947904
88.0,212.3234386435001,66.53274708943647,15.058088243969184,0.07103735114799126,-0.3313803310500222,0.14653333681970168,130.79579104563905,-0.02607088948160516,0.16967582437389567,1.007787558647425,0.13857511851583154,0.0007315460885266387
88.05920399674736,213.0339328377619,67.30293105563308,15.141600566599282,0.06938072347445054,-0.3094480574302846,0.14395345325962933,131.01496571016378,-0.2371880794043643,0.18040817513306887,1.0521907969175752,0.07042830358023833,0.0019987403205776657
88.25899224354355,212.7033000337863,66.92835829340257,15.17761765360253,0.06652725730665257,-0.316719576913756,0.14944263581308975,131.2069267173345,-0.1676806330620816,0.16516480238428205,1.0197316394219067,0.09817318131614927,-0.00017194885570138182
88.45877905299486,211.746741522859,66.13966906228679,15.177267017863313,0.05270089992518915,-0.32823043581969896,0.15839137273357312,131.4867774783012,-0.16481555536851872,0.13726807724062487,1.0179858886554927,0.09977482011071202,-0.004089347503596879
88.65856445840365,212.08703215944132,66.38047302381617,15.219371564212752,0.054869806077910976,-0.3210954932946277,0.1548834216114518,131.71808554653106,-0.21049938865020743,0.1475881108760746,1.000290264399403,0.09009064668607458,-0.0030538122836849704
88.85834849360018,211.47605398045079,65.85089636630576,15.215397941674015,0.04612502567511135,-0.32822237732049303,0.15905558330955924,131.97489495861595,-0.21379461306587466,0.13228835037882938,0.9920378123802392,0.09027098018000852,-0.005300615054470983
89.0,210.74809086746308,65.29237502899296,15.421846935601772,0.03515567500471915,-0.33485019888652934,0.17005677996252633,132.0185954706648,-0.1373560637327037,0.4515565399450384,0.9556977202749245,0.10577759027932344,0.01438944495992758
89.05813119294776,210.387654380802,65.04190438010166,15.396143096259742,0.02865342628149113,-0.33666341132684313,0.1705192338227696,132.12380418126534,-0.17923704000491905,0.44960898006835026,0.9649568201721134,0.09084289703461611,0.013975487284841673
89.25791259134799,209.51181866147792,64.3327036386674,15.358479450373455,0.015847995568311072,-0.34546890038931094,0.1739132267746254,132.3887001824087,-0.20779361366617605,0.439488662565019,0.9634119810870431,0.08041109872062932,0.012074210494110591
89.45769272424604,208.81941603971188,63.784415270054325,15.310834924705423,0.004921732017053242,-0.3505833917344738,0.17362848861381486,132.66305257536666,-0.27140721936731443,0.4390349764009862,0.9649251592907518,0.059516483250902,0.011356685716930642
89.65747162763604,209.20166852940977,63.993284894652916,15.390056230152872,0.010275406055288885,-0.34693187887396343,0.17356618640516883,132.8170634629189,-0.22921594710789106,0.44355709535600746,0.9267402657702218,0.07639828579323664,0.011839818869622059
89.8572493380666,209.6451224654259,64.34326177992156,15.42161102655572,0.013184621900185987,-0.33678768585997765,0.16667355535610198,133.04410091549096,-0.32574288568005383,0.4671394268209945,0.9134841364108826,0.04906740963338273,0.01428518646512807
90.0,209.87999508742635,64.46374765762513,15.430239367077789,0.01656687007475583,-0.33435666336509856,0.16410437155345522,133.5133930455942,-0.07468313842627802,0.4446320243236127,0.9626149282898809,0.10327105618277607,0.012756032547889656
90.0570258926462,210.266363872875,64.76215084443317,15.455164488870468,0.0209719274086594,-0.3284377350823035,0.16052638697957808,133.5589286588987,-0.08475680681898652,0.4560807460391964,0.951917891295376,0.10082078706866676,0.014314528944650014
90.25680132904893,209.88268396437383,64.35413456836747,15.493298787860503,0.01712544798418937,-0.33587671260826907,0.16672981228358433,133.74443543178023,-0.0184576641930162,0.4413233809866419,0.9259269223241596,0.11971925960584234,0.011966824075127405
90.45657568551994,210.075523206074,64.43324617671782,15.540320712774559,0.019639998372304956,-0.33359406924554674,0.16566653468842707,133.9132484477108,0.009943474169194902,0.44751597104683233,0.8954638574466134,0.12677672585364216,0.012589622235199643
90.65634900088126,210.2468704795244,64.39662078324102,15.624450428340952,0.02555198779329266,-0.33752161793384183,0.16980715630204948,133.98405259154518,0.1785294045271215,0.4402254063993735,0.8361503951508329,0.17826285313570336,0.01157362539329362
90.85612131453743,209.2114156275427,63.499299270659186,15.611269356392896,0.012203576899716628,-0.35173389286299717,0.17923626084598782,134.22569477084645,0.22801644989095685,0.4106809248269241,0.8334565838640631,0.18459316440632995,0.007081259976509825
91.0,210.57158427426293,64.28675260795256,15.78763128922085,0.0358484812762184,-0.346033948110633,0.17933910526986185,135.34048612828204,0.6301068190189412,0.42559650327416,1.0087545656275556,0.2766134793497542,0.0073512832098689114
91.05589266648121,210.8214158107084,64.42790732574855,15.821696996299265,0.04037885616558458,-0.3448280817442765,0.1788191688449461,135.3586303816735,0.6808814705826494,0.4286719718964941,0.9891754962727993,0.29169558078209207,0.0081504999833351
91.2556630972995,210.00038367163285,63.672487826110974,15.795712024452506,0.03115508991816226,-0.35712394144867066,0.1839044354753977,135.5751935884229,0.7671034214722476,0.4129384344671087,0.9741530463399323,0.3059232598444386,0.005568526039477398
91.45543264817894,210.15944157148792,63.70594884500882,15.843316377357302,0.03381722364837876,-0.35604861069366167,0.18307119950739273,135.74173245435023,0.848939085853176,0.41710265078457065,0.9427985484573218,0.31999877531776755,0.0056435255777590905
91.65520136091182,210.41977756598843,63.8713275183368,15.907314547867802,0.03536489584421308,-0.3509615696400404,0.1821847123651684,135.95065211010214,0.8723750119590931,0.42190988463590656,0.9265409400203197,0.31431035715523215,0.005662664387262514
91.85496927790179,210.53860912167966,63.85428686581311,15.943016501146412,0.038565720822602886,-0.35140719448474095,0.18078141274799567,136.07647763267926,0.9869250539065952,0.42778934358173665,0.885113800241719,0.3373540090239528,0.006444978296152939
92.0,209.59912202984455,63.23918826707009,16.039484500065758,0.02112855234863356,-0.35421097187124295,0.18611233258988258,136.24821825771264,1.4290497965644642,0.6917864520844577,0.8824063895090003,0.415325622634894,0.022650803051699073
92.05473644216968,210.84537929911352,64.33272455054396,16.174354060959,0.031312501352677616,-0.33203150011198646,0.18093160099520075,136.32999565199108,1.3509991935980465,0.7123115049422184,0.8857540670203942,0.386200204779523,0.025307699465638836
92.25450289735927,211.40166980160453,64.72128864595678,16.23722146892666,0.037922001746429464,-0.3238678625886207,0.17573438906394462,136.4791438468902,1.4117377207188915,0.7336073608699115,0.8530476640792402,0.3891829568303331,0.027912808021789075
92.45426868774288,212.41246554858614,65.56165068485525,16.33765524427911,0.04649647470756996,-0.3051021684949296,0.1673150950263753,136.67349326655247,1.3727348445351015,0.7664722671809915,0.8365928428633873,0.3600413491023531,0.03137581862570515
92.65403385822711,212.25466287645455,65.30870991603877,16.349443945892343,0.04708158465286356,-0.31037182275435177,0.16789043559880004,136.7837077604942,1.5184487200165933,0.7706003480441348,0.7960231204640874,0.3887016007329267,0.03128414716018625
92.85379845435837,212.70714965987688,65.69326868746806,16.453518910840877,0.04802375957193925,-0.3000404692283895,0.16834404736358807,137.03044403173527,1.4778280578007865,0.7777131916972738,0.7990396561838643,0.35694537698131273,0.031410127436468
93.0,212.57098941330233,65.80233476126811,16.44639620634573,0.03772247887582024,-0.28869302105146605,0.16274242413966872,137.97860467738553,2.6517290622518424,0.865842359259898,0.957614715585317,0.5835239723362814,0.03714000570476642
93.0535634971355,211.82535942099696,65.09421041170384,16.425416229033708,0.031545226175561304,-0.3037787545231922,0.17145016977443184,138.0109710597852,2.7743517737780055,0.8425935329728819,0.9462289316531458,0.6153233495344564,0.033893110349159525
93.25332708620742,212.44262166854975,65.43204281007677,16.395574427016236,0.045494008937009695,-0.29935053007594037,0.15578921728770376,138.03652050922696,2.97182526672841,0.8932368680967476,0.871934163045411,0.6519778083736018,0.040354138527949585
93.45309024123547,212.8392279659133,65.7225671580946,16.457487814823953,0.048830867151145325,-0.2922338733118805,0.1529599848423915,138.2168013154025,3.0607604177437913,0.9108186938558834,0.85213933851871,0.6487592991334207,0.04185030969671879
93.65285301037609,212.07452167337058,64.94139757743963,16.378775680479407,0.04403846584776311,-0.3070069712012729,0.15351362539274838,138.32205004645547,3.298747795648186,0.9135399596451962,0.810498943265481,0.6904225764694724,0.041463027525710475
93.85261544245179,212.44246297098735,65.19720394164719,16.432963945486495,0.04760501074621857,-0.30076058047000304,0.15028171993033893,138.47885545871063,3.399628784442029,0.9328443925069276,0.7870803873930163,0.6885120930056133,0.04310948185556834
94.0,213.40186400317438,65.8801782306268,16.33657823353307,0.06118745362839348,-0.2901705443216562,0.13740353404613848,139.64208646744294,4.266468908164386,0.7347843760856062,0.9811587143864933,0.8570891736956177,0.031034791565780838
94.05237758695591,212.28382354574185,64.81853401937421,16.175431097644562,0.05414140461947364,-0.3111218420650692,0.13721426328992475,139.6306121274469,4.4188625480866435,0.7309430374853342,0.9560263064254437,0.8952995626086175,0.030343808424763825
94.25213949405723,213.04587595536793,65.44427322582318,16.330126666211985,0.059175782130134344,-0.2980475366591624,0.139023409233817,139.85902402704966,4.538295825438909,0.7365802171272497,0.9493302371180903,0.8892028460541758,0.03018773864371861
94.45190121460425,214.910716098818,67.0760580445,16.637567941546024,0.07257633538710309,-0.2655960723455833,0.139474269605532,140.1338269396078,4.547503564422527,0.7519108197061615,0.9575286540378078,0.8484668267508912,0.031296477556114324
94.65166280012927,214.21647727029617,66.32168272252109,16.4756657011186,0.07146772862488242,-0.27976065302074116,0.13040637448987705,140.19044666436955,4.834726308778193,0.7788942990603623,0.8983964532135597,0.8956155324228321,0.03437016802879023
94.85142430285231,214.14241084488216,66.187235129443,16.49895440312428,0.07051438413999758,-0.28136076068868426,0.13160005220602894,140.37062766296378,5.025584638807421,0.7819720915622197,0.879813303241063,0.9093536270076641,0.03421234458040089
95.0,214.1879131325127,65.5161231872872,16.238474237801817,0.0960679897852463,-0.310004474236602,0.12075646123618465,140.7999065124704,4.422031282230546,0.5231386627379844,0.9107682870978048,0.7843743011512795,0.01723924372511356
95.05118577568444,213.88675651337044,65.21077383239262,16.205430287498004,0.09406089877563266,-0.315968165063053,0.1216384541000111,140.8307941153732,4.495998204673756,0.5202366929811025,0.9009237791981727,0.7973365197773762,0.0168431567000297
95.25094727223104,212.6716938654202,64.0041668383518,16.0771382106244,0.0847998372119847,-0.33880808804918305,0.12575108685057293,140.96266360826198,4.782679582754741,0.5063653139995075,0.8671683244932841,0.8450099996241719,0.014747674405748732
95.45070884679447,212.24252637949803,63.550997649109206,16.08285447793614,0.07949948901316164,-0.3460893526565982,0.13112502665644998,141.15789307210815,4.980722029293963,0.492507384794307,0.8559593620665733,0.86098414650028,0.012457712954687535
95.65047055437643,212.40937649869454,63.63037975674687,16.160469789884107,0.07959167614760373,-0.34334892186011917,0.13427482576744076,141.3580257646736,5.134728633962189,0.48733374876527,0.8465401229621923,0.8623061626055146,0.011309072371942234
95.85023245067981,212.70618770849563,63.829586517370565,16.263355849628493,0.08053856478481826,-0.33840084492047484,0.1379507047599992,141.56913967564975,5.273505887397124,0.4810379711598162,0.8413399541377814,0.8585720630282097,0.010173831375908094
96.0,211.33388517496914,62.002541034756845,16.163161542540042,0.0894441093531809,-0.38326946324719746,0.13865642380709245,142.32007838680846,5.017635137165685,0.7345999527793354,0.9426766919245956,0.7995172977583727,0.025198853315576846
96.04999459211015,210.98725830307643,61.714225389380246,16.182656197173344,0.08320250695842286,-0.3875261549750519,0.14580188179271467,142.42095703224885,5.0500483776050835,0.7158083308653094,0.9569593478021438,0.7967583514504427,0.022355279357874847
96.24975703577648,210.6484565866533,61.3262588962712,16.173438236993746,0.07950028703753662,-0.39308598396173156,0.14762205016439017,142.61856088556468,5.2264452551197,0.7134422942246631,0.9444595190521548,0.8060967254071464,0.021474420839972155
96.44951983949154,209.67047504593953,60.37504875953255,16.082666214173347,0.06953295565007563,-0.4086417356388827,0.1513862801544915,142.8213767470315,5.4402606709619095,0.7015282104390648,0.9341959588359664,0.8259922302909507,0.018834557520860357
96.64928306177148,207.95027079833685,58.757662670383986,15.860320565587605,0.053504464473647595,-0.4357816396341043,0.1533516497179897,143.0033826509715,5.708422733807592,0.6887572532740195,0.9176339892334161,0.860986950014202,0.016509480592175208
96.84904676183484,209.42689700123998,59.90339714054629,16.05987975768683,0.07088087009439524,-0.4159261804123876,0.14692714132561593,143.08268866144772,5.8697987793765085,0.7205749101500456,0.8705544645784663,0.8651096885990538,0.020388596240888297
97.0,209.02283703264152,59.429733616128544,16.137559681319917,0.06857600772669165,-0.4240907817833134,0.151305749898367,143.27637527924279,5.960391373824019,0.8837395817408682,0.8706470459101507,0.8609400079033301,0.03021739166761695
97.04881099960085,209.57157724187783,59.86276642686938,16.1887114025066,0.0756596225187225,-0.416637912870176,0.14678651135374693,143.2817054260596,5.997489535263881,0.8999764444668686,0.8542282612727222,0.8614181218070291,0.032358553259185
97.24857583568694,210.5333083869776,60.62056852706131,16.355886171195188,0.08449661373008072,-0.40177217466514814,0.14542567744078902,143.45042773847675,6.120815234675905,0.9158788825457561,0.8384978317769122,0.8499274437469045,0.0338080349345828
97.44834133140539,210.89388942492727,60.781752526234946,16.320436403499553,0.09291954779787587,-0.39799464848129823,0.13216032268252767,143.5020728482818,6.310684039567044,0.9602199327752706,0.7855835858897456,0.8619764475481025,0.03921013162660563
97.64810754875916,210.9244760970609,60.66786864536173,16.19328178682079,0.09846199690704735,-0.39757148580044605,0.11435421227458635,143.53100290251533,6.484211264267092,1.0164279627245931,0.7292140579339453,0.8674115841090474,0.045821601932503016
97.84787455043683,209.285621385074,59.08437615887547,15.922332939758526,0.08512053299537037,-0.42462860226772403,0.11151175881156089,143.60871037772117,6.808350078270253,1.022658967796602,0.6886388913559454,0.9173784072746661,0.04536574969259631
98.0,210.80503362056334,60.33888702632363,15.843327373698939,0.1015310511968286,-0.4019720621507552,0.094065382260809,145.0431784690765,8.14587951172772,0.7585850585343277,0.9421900929063974,1.1666770130234398,0.02934935135820718
98.04764239980638,211.5455739153643,60.989113016016226,16.031493836874326,0.10619469598558877,-0.39099623754787427,0.10144592516406613,145.126742573879,8.173191437383794,0.7462696906991187,0.9527816862713769,1.1586325211828232,0.027513237858417514
98.2474111609082,210.35511957266925,59.8136960522126,15.790676863585729,0.097292846149616,-0.40959287862217664,0.09414961646113892,145.26673435344102,8.467810819807493,0.762650221305244,0.9226128614317171,1.1885053050127472,0.02870045697612341
98.44718089844666,210.61027605950042,59.92444821781333,15.784506367763548,0.10167672354796725,-0.4057363952759193,0.08682073189914613,145.40432105194662,8.690451214553324,0.7892098914492164,0.8949967327887863,1.1932491513203987,0.03131891173174029
98.64695167778076,212.05165304738864,61.12015747925791,16.164121219775495,0.1112620215809623,-0.38554872657156647,0.10192093180961764,145.67157904456084,8.872641259243665,0.7645461358706619,0.9109332659391411,1.1815802110547897,0.027541848867224893
98.84672356491343,211.6083025546865,60.624693794960635,16.088555620837578,0.10754592705505708,-0.39266371822638896,0.09971905499204096,145.83182799162566,9.143033706136123,0.7729615991128513,0.8910990697514841,1.19986746669269,0.027893231121288473
99.0,212.5451248610302,61.56981515151314,16.498458499815627,0.10679907343610417,-0.3728527795362377,0.11487975283036535,145.543634887272,9.351164493006953,0.9283703657621505,0.7989372736717958,1.205693281319907,0.03722696099389862
99.04649662647952,212.99769816043724,61.923810734828216,16.476405204897794,0.11452263073880853,-0.3655292118745178,0.10315905437825315,145.52036376540428,9.379779714086945,0.9621065055697937,0.7757820989321822,1.198800888102415,0.04175408816033749
99.24627092973249,212.56023344317177,61.43362764409255,16.367595145973898,0.11177609793159202,-0.3720138751058274,0.09701976004476484,145.64176808890326,9.636054021888787,0.9830819463059873,0.749332671312455,1.2118382223710789,0.0435756932151071
99.44604654252949,211.3210007242642,60.232787073820525,16.11096903947399,0.10159308939450602,-0.3904498056713441,0.08945396879870644,145.74635346680452,9.941033462423508,1.003024487492769,0.7169936105902568,1.2406265827314737,0.044822451789799315
99.64582353331511,213.18756251669723,61.7877435677219,16.582387789472172,0.11588124115049367,-0.36540667272176314,0.10651005044136472,145.96959023325047,10.13020142158724,0.9792619477104493,0.7298883945066319,1.225443811108091,0.041117854834019
99.84560197110345,212.3163362748441,60.923024431263094,16.45492019153995,0.10708071915724075,-0.37919107140214,0.1069073033570581,146.10998226336346,10.448575485052798,0.9800402888687288,0.7107983859510623,1.2551795461301911,0.04002155401022075
100.0,213.68948982514053,62.080658154479934,16.41472426686,0.12070182036853716,-0.35848684205708825,0.09375532967582267,146.97920925528683,11.434497995669844,0.7121890159575635,0.8517982350887929,1.4211404445184517,0.023916364367500623
100.04538192545853,214.54719687017817,62.841526482603584,16.671437476313955,0.12544047141624892,-0.3464249992057445,0.1063084105035711,147.08177908551542,11.466048699783592,0.6877248948078593,0.8724870657283235,1.4097290359124819,0.02080972953529412
100.24516346647299,214.4420339683685,62.6414639447861,16.629135115719187,0.12579646041364864,-0.3485072595423831,0.1015151465560484,147.2216589959475,11.760392743133409,0.7033665376573277,0.8490817282284646,1.4231682475839915,0.022559096725643244
100.44494666474496,214.52151584159265,62.63083115157247,16.692501000576723,0.12505370681244568,-0.3477064260556206,0.1054838680069301,147.41839489781844,12.04041924720278,0.6978201521731009,0.8466409163063886,1.4293207759223767,0.021426064427636855
100.64473159135314,214.58997687887887,62.61688768593572,16.767273211926824,0.12364997989274874,-0.3469215302351502,0.11094028902764223,147.6317658765371,12.316907923978638,0.6875187203421792,0.8496231678843813,1.4335469345057243,0.019229880361061723
100.8445183178298,215.10802551786188,62.97548064896241,16.871767195315396,0.12897655511930953,-0.3397764003810267,0.11057435658321897,147.79286704750967,12.571122172671329,0.6960566208708691,0.8380775680037349,1.4300595412290753,0.019823476433798434
101.0,212.46103573064926,60.328991445530974,16.049743054689614,0.11627217946883506,-0.3838663615613999,0.08520494711126775,148.0978652771015,12.201458556566697,0.4615347101175295,0.8616968602001307,1.3214114379054176,0.0050495097933834845
101.04430691613187,212.7183369050162,60.552703273524095,16.129438861036512,0.11733869874203473,-0.379580135812147,0.08886788813399925,148.16478995053131,12.234996527138918,0.45424643320212715,0.8704012403117934,1.3128369638539572,0.004025461475692266
101.24409745861006,213.6344499138638,61.27436388546528,16.3124307537813,0.12584855324291003,-0.36547424538953477,0.08981895720604521,148.35478299838093,12.424413629823288,0.45860591924140903,0.8699857673085335,1.2896298963516386,0.004457942823712997
101.4438900179755,213.79981520782215,61.35013361257746,16.383615307928824,0.12567707132627812,-0.362269741274684,0.09305736285699404,148.56847968629413,12.645528905555643,0.45170245100498696,0.8752106202130727,1.2795245648663687,0.002937758008437487
101.64368466726454,213.37943900696968,60.81953653473648,16.273207878485668,0.12455439536443659,-0.3726115995123713,0.08752327257560497,148.63625032327073,13.033263656002196,0.464822456218966,0.8291288942139046,1.3270158158750498,0.00436619325432056
101.84348147980111,212.47998932182202,59.92510062435829,16.11170119808539,0.11550220178264625,-0.3871643892749194,0.08581010560601926,148.77156681324027,13.40620470411611,0.4637562439387308,0.8060273155655825,1.3669594244399144,0.0038956413807921435
102.0,212.15789931282504,59.4634101551283,15.661317894324645,0.11909934834832865,-0.393882759845558,0.0635035526677771,149.4520161175467,13.842664757985718,0.1314290134997284,0.907845317083598,1.4179926447324702,-0.01647557157901653
102.04328052915679,211.96784766773075,59.254100523532045,15.585555601345007,0.11894616138273219,-0.3972174807356227,0.05840396031310999,149.4546778543218,13.926480036789469,0.14212687080604983,0.8927265617589836,1.4280015221921971,-0.014923797720854688
102.24308188910857,210.28878889508607,57.744223758698624,15.346434581824631,0.0973928717369342,-0.42029977997469964,0.06447333341889247,149.7038318080413,14.28798335905816,0.11127477088690395,0.9015634189387604,1.4626089999181204,-0.019336370287799682
102.44288563359409,210.73911649368836,58.04615850582373,15.482580567595605,0.10042334694196411,-0.4141666728801678,0.07000923707142388,149.9201034879415,14.54810693469225,0.095953338890312,0.9079486105308042,1.455467909825907,-0.02110819277071191
102.6426918366646,209.91746697911302,57.23228323037958,15.302932155389932,0.0923736583274237,-0.42585281562722543,0.06485088143690332,150.07194845322155,14.901213536348262,0.09929600078475481,0.8874719968613762,1.4835838569049533,-0.020314036905335096
102.84250057243527,210.17328473261114,57.31386938472172,15.300992291814879,0.0978562929254811,-0.4237714944412975,0.0579400475586895,150.16292163630234,15.219194260478268,0.11654558815500277,0.853908319463488,1.4963496698897008,-0.017800661717168098
103.0,208.09023071246537,55.41265474455063,15.367516867522887,0.07546780335375859,-0.4525363556610973,0.07471603092662027,149.77809386481167,14.688900213304409,0.612481659385137,0.7424999695111633,1.3473733145299467,0.012030168992904523
103.04231191503318,207.4840561387096,54.82448716683071,15.1209038005103,0.07400195433273016,-0.4610752349207623,0.0580727940170817,149.71164516682774,14.789054027875881,0.6500289059352977,0.7033729320007152,1.3672811621687087,0.017049189601688677
103.24212593854267,206.65572471310983,54.03433136462825,14.985364278955952,0.0633925551453543,-0.4717394184383117,0.058654745140534315,149.879017173934,15.09567264850664,0.6456443126002623,0.6979044059358921,1.3841377166988824,0.015603451636259197
103.44194271694816,204.62371718015572,52.25975424025445,14.62206228796089,0.03768636571164599,-0.49658617491724266,0.057985156620156963,150.08893692963622,15.444677696222104,0.634695195680883,0.700262664371731,1.4188897259822282,0.013268864134405818
103.64176304797243,202.9393558003956,50.73269679441944,14.141005091089724,0.02294273384109534,-0.5156034889693071,0.0350476589702922,150.1304527246398,15.778656453942254,0.6855816678677474,0.6502812938330299,1.4488313621500244,0.019152560551283088
103.84158554408084,202.12056155888123,49.97329444931508,14.02301392183473,0.011093857118237481,-0.5250101838612515,0.03815893535401502,150.33286686411864,16.08895712777995,0.6739284674446664,0.6573997717032101,1.4624007013681044,0.017104049863035382
104.0,203.85522484899764,51.459721456273684,14.410071767869676,0.024336256777613585,-0.501260598785696,0.0468144942523457,150.33010172007198,16.701608525548338,0.6325901987197362,0.629211644160671,1.5392259609383863,0.014427979070901549
104.04141101549394,205.51354285502435,52.77300062171384,14.771039578874252,0.04458683779985412,-0.48375137779893573,0.053941382909997095,150.32046828951027,16.749462820225972,0.6279928988480202,0.622703270993107,1.526724634666265,0.014147057063011429
104.24123953517721,205.85981618191025,52.95069899969961,14.8599018046762,0.04850978665180887,-0.4800334788027914,0.05596158246261944,150.44176727525237,17.04681402476995,0.628273008367007,0.6123561883180486,1.5268200995946144,0.013917424100787475
104.44107117567368,204.76043643065543,51.96656200718544,14.657636323302707,0.0337390298096108,-0.492649773533935,0.0548103954795537,150.60700068372273,17.39103360745057,0.6253210989315591,0.6087630689125918,1.5498919438202,0.012888869147269161
104.64090600903198,205.2550009083873,52.23235882798609,14.690361792879823,0.043289853116728005,-0.48717584739010755,0.04615035113094158,150.6284559007609,17.69135995329124,0.6552454574082289,0.5684358125857802,1.5504433798095036,0.016453026644363704
104.84074410673244,205.52055230866307,52.3579288538733,14.839736229388592,0.0433309940014028,-0.48514475076148655,0.0580663521574663,150.82245576592723,18.000804391554578,0.6277647483673088,0.5838010019634425,1.5517104805740343,0.012349099100842623
105.0,208.00234721161533,54.573776984793014,15.672175414086087,0.055520047963957035,-0.4523914374843515,0.09059939521470081,149.47331935016746,18.107521110951012,0.6421158802930158,0.2913499810313859,1.519433553080747,0.011161424669874333
105.04058553961082,206.8602729953663,53.63821438978895,15.42219899941461,0.04099282162252639,-0.46547434028487084,0.08551362758277348,149.49856925628478,18.216924000154464,0.6466042134579446,0.2847001236095289,1.5441237392496059,0.011404695273125352
105.24043037778006,206.60662743123953,53.34099973872309,15.390392639457197,0.03719489970316108,-0.46835239425394054,0.08551361293364008,149.5668145906804,18.53562165212789,0.6468018033079158,0.270711202752938,1.5529031612793442,0.010729188107303564
105.44027869055006,205.7889216314875,52.58639071844044,15.17047900256194,0.02834325311680007,-0.4768241261634947,0.07491014421436418,149.58829230844034,18.87803392020418,0.6700666500428114,0.2376965079377984,1.573747555342543,0.01330352327196642
105.64013054634567,205.05034702707582,51.92386217832886,15.067583663391796,0.01629500516866715,-0.48500501696919557,0.07784969191185413,149.70416608446766,19.22901360656161,0.6586752987441417,0.23746194869654103,1.5940671873012326,0.01121429429184274
105.83998601262307,205.14686109787084,51.89382573367574,15.083284727724822,0.01841888890193117,-0.4839074673522023,0.07552250742511017,149.7230863635382,19.543088494614594,0.6681358708795047,0.21334719216943498,1.596288938829807,0.011989465629162779
106.0,202.58677822927226,49.51924580945578,13.679541384217348,0.0022445583726711966,-0.5155753134351022,0.02454706258535419,149.65848557519143,18.857544153120593,-0.18368675802186507,0.17425403901088365,1.4193771779155782,-0.04038869622533985
106.03984515578453,203.28814360299558,49.99653695274239,13.686710711314488,0.018280871276885054,-0.5073705307048028,0.008239402846188664,149.52739543860577,18.882068061165963,-0.13962263474248227,0.12807624902481846,1.4054906612266722,-0.03401150389156328
106.23970804109213,203.6872627780565,50.19024075991396,13.701066290160357,0.026903396293962073,-0.5015432329067842,-1.4376154013878012e-06,149.48349391756818,19.11584009159491,-0.12253342059643776,0.09121006194568405,1.3869153868652724,-0.03107774331849819
106.43957473258006,203.03647071250623,49.58006819401994,13.495810235581088,0.01970883439240141,-0.5076427272674301,-0.010650764887160541,149.46602862433625,19.418916104880964,-0.1062542689414612,0.05615250857350592,1.4008495487301467,-0.028542680752039952
106.63944529296624,201.90786981675544,48.61781322397246,13.290840095667988,0.0007891933335199136,-0.5219424080007921,-0.008672744548867422,149.55161316682754,19.82961234438456,-0.12639168339897042,0.049828357596038056,1.4515824273769138,-0.030721667397547336
106.83931978356331,201.2521035585787,48.02712985268545,13.157784650405656,-0.009856172284094487,-0.5288425909849965,-0.009377601655995497,149.6063549565826,20.168603050707357,-0.1361948394008365,0.039711230507682715,1.472946984166441,-0.031517126999832716
107.0,198.15532071553602,45.330053739685255,12.50024769785572,-0.039637417533876014,-0.5642483247898675,-0.02297153937703959,149.87857619831016,19.560597410704172,0.0009589474220922101,0.07468724069918214,1.314885374765208,-0.02270346777354692
107.0391982532228,197.82256537365666,45.06712285974735,12.457869279235261,-0.046082483637477564,-0.5681812656731565,-0.02003521777407252,149.91731769430615,19.637119692300853,-0.009703244250503031,0.08324574895507965,1.3291101105989034,-0.02413405402645174
107.23907923407648,197.75429756031576,44.90151046764298,12.377167912234198,-0.044372165775306435,-0.5675111963193142,-0.02887030357314692,149.88272580877864,19.88776660630685,0.00738253413609468,0.06239110170497905,1.3409127378018995,-0.021395855963849346
107.43896167315111,198.21981125871523,45.13274778717912,12.477149371424433,-0.036694030289590396,-0.5628410756923482,-0.02692127485556067,149.8725049063518,20.127334894286502,0.0018988093288103362,0.05644918452153847,1.3421156039674629,-0.021159038776647807
107.63884558368605,197.2244966357471,44.298528241847094,12.21858329432784,-0.05175521133320173,-0.5727126462467399,-0.035538971231030725,149.89721710294657,20.479318719157398,0.012656432003166476,0.045602989748208186,1.394826160937742,-0.019550086864731774
107.83873097891264,198.06119925677476,44.79055738146469,12.479669049866473,-0.0408771972460771,-0.5669461361601059,-0.02085412115689505,149.93741416669675,20.744838814866426,-0.024306806907319345,0.06010558788836731,1.3966327293753384,-0.02351751118893021
108.0,198.88336461848334,45.36933715218387,12.615539174803414,-0.031224962816370577,-0.5578883356717131,-0.019998680655356166,150.01988396048998,21.288501916555916,-0.07963112001094602,0.07324814844524798,1.4703411918090559,-0.026404582127451018
108.03861787204903,198.59750655198357,45.141023211673705,12.53635105534492,-0.03548837714736716,-0.5607149480726477,-0.023213944832690403,150.02208153864217,21.365648714658832,-0.07486365047124849,0.06898119389790716,1.4842313019870343,-0.025657329145743785
108.238506276295,198.2337506521846,44.79141369054458,12.556133182391084,-0.046326985391062045,-0.5665695230897159,-0.010087112605681278,150.14771171469408,21.72877238165471,-0.11609843615933463,0.09919493952974018,1.5262105073362937,-0.030820558950018076
108.4383962048263,198.30669056450074,44.74121417724526,12.59734472124095,-0.04587916869868305,-0.565909598756141,-0.006198640611463841,150.189169164679,22.028403540478422,-0.13179401324025208,0.10487683717775972,1.5404568571885389,-0.032327417879024836
108.63828767078925,198.64672144022344,44.87414204521153,12.695136095182288,-0.04017236685508805,-0.5622549320184896,-0.001690853196914554,150.21150025852893,22.293053962357963,-0.1475660138541111,0.10865264099857756,1.5384144124609904,-0.03373267367329084
108.83818068729494,198.53683611223343,44.687601141884095,12.658485687150991,-0.04168156259454289,-0.5635961891311431,-0.004142957754268662,150.22174929803245,22.626740110222713,-0.1483728732422885,0.10076298190908611,1.5653905553198915,-0.03326768463551814
109.0,200.11164536549404,45.88848750430721,13.20997280894315,-0.029551608338032248,-0.5489042306708684,0.01788746158118512,149.28723143330356,23.034733328109738,-0.14268012514417866,-0.08719534920404043,1.6052918959482765,-0.03396422659554006
109.03807526741345,200.05494725308438,45.828869214565216,13.196986913931825,-0.03058515053302354,-0.549569970378389,0.017476074722576822,149.28560248894067,23.10317132805636,-0.1433656138044948,-0.08868765121635604,1.6121146189768214,-0.0339510043060523
109.23797142416798,200.2664534315182,45.87013980285852,13.260246885350746,-0.026654022418114622,-0.5469592587601477,0.020022480476867253,149.26543296354524,23.393872463658887,-0.15502156291371735,-0.09206341009927448,1.6153660238053433,-0.0348164818359361
109.43786917052866,200.44320560526853,45.886096437804675,13.309181390146117,-0.0229490182680049,-0.5444243453903328,0.021443551997997554,149.2391313864509,23.67936894829471,-0.16438948237341436,-0.0971606968401509,1.6170541579607904,-0.03549680585026347
109.63776851940648,200.60228381730514,45.868159634720385,13.27199443395398,-0.016191260285832787,-0.5419759457593942,0.010320638135435718,149.10711888205213,23.97587369196308,-0.14021301055612342,-0.1373645784973791,1.6244538770101875,-0.031109700082788475
109.837669483647,200.75125837031771,45.866672969866194,13.335591302438239,-0.013744629104296753,-0.5397622314315477,0.015267548843052831,149.10258566982532,24.252778653443446,-0.15902201359868232,-0.13299571865508847,1.6219329062891172,-0.03311666127689688
110.0,200.40230989357863,45.524912354978284,13.501160330228153,-0.018766903419861685,-0.5429447952130005,0.023572073806547002,149.35273729032207,24.52273151055253,0.14052286993647514,-0.08433667445706357,1.636260683386683,-0.014246364269409364
110.03757207602398,200.72495377733847,45.70622290480378,13.462453462640653,-0.00639090804936253,-0.5359015298081609,0.008462866896978989,149.22568116542087,24.48899581257782,0.1795383672529235,-0.12262914645722517,1.6024696552596243,-0.008639961878212005
110.23747630923285,201.0464545988203,45.8327487471476,13.558149041688127,0.0007577525915358398,-0.5289386991030216,0.013304755601243466,149.2057661747602,24.687097251570723,0.16745003492352858,-0.11838254860660406,1.5678769542641104,-0.010312002161893936
110.43738219588424,201.10358902065119,45.77394684578871,13.54791007092435,0.00399649448964353,-0.5253553634682394,0.009794666983260987,149.15197856010622,24.92794055287345,0.17463173627632186,-0.1307881820919483,1.5552647228558731,-0.009471352137820735
110.63728974849718,201.09800252199233,45.66658755716328,13.522260718334557,0.005394520959994628,-0.5239764820295753,0.005788290373252197,149.0943246562531,25.209706318058803,0.18329846827303944,-0.1461482028974019,1.557941373817186,-0.008232279647706594
110.83719897949251,201.12880967435024,45.5650590889673,13.622446325474142,-0.000437428419739907,-0.5310188294169568,0.019941542953631958,149.18372118867998,25.700316218907368,0.1437923639658054,-0.1195561773863089,1.6258238389059307,-0.013170458298458466
111.0,200.73675257600618,45.209490017860006,13.895251449261774,-0.0067535293383532745,-0.5342138836640015,0.03270837940519246,149.5815351162535,26.011437657591934,0.5931862202467721,-0.04070037653374374,1.6462341221436634,0.014737012908216622
111.03710990118594,200.6452658726471,45.12790831885728,13.895087910046593,-0.010115384605676854,-0.5368554060864544,0.035108483752135315,149.6038735260626,26.11492567292053,0.587296578487815,-0.0355757996481868,1.665325459279769,0.013930882196019958
111.23702252578124,200.72874892762752,45.08600184778091,13.957736934058685,-0.00932741780457846,-0.535208639809836,0.041145442347386804,149.62934207421833,26.413753169535635,0.5752308122125763,-0.025539250970247323,1.664644890564743,0.01208877035387337
111.43693686536322,200.68271795677998,44.955558724315786,13.97905885871663,-0.011503436965360159,-0.5362036971033549,0.04449254228626787,149.65589976936465,26.763814758491268,0.5686160612866065,-0.01928525432914581,1.6840099752680016,0.011148600515201421
111.63685293189074,200.98061064031387,45.050661062513456,14.07305444318505,-0.0029311614163867322,-0.5284589819601604,0.04908956379937639,149.64027746013087,26.92003239902537,0.5600407636780239,-0.015605611396960317,1.6314279923367956,0.009895445999854823
111.83677073718968,200.8833386434717,44.89457878915874,14.106826082312612,-0.0076155566194018665,-0.5305722889503585,0.05588003692541468,149.71653275405296,27.288260645927508,0.5426584704948814,0.004257975099472407,1.6567177472209644,0.0074817506775077276
112.0,202.69690172276916,46.080340854640696,14.27678123577376,0.01924427371013228,-0.5134769099165734,0.054599083205811874,149.249714439527,28.125073391500187,0.16978453125239157,-0.08413307969550944,1.7634610110361943,-0.015532651983881353
112.03669029294575,202.7026874813428,46.09133362802958,14.33566401738379,0.01763550021302505,-0.5116152185455978,0.06328097624183222,149.3048312173038,28.146728548712822,0.14752048671534093,-0.0620611241306247,1.7486159325530461,-0.01848978217385549
112.23661161069748,202.8563023994061,46.066266249793166,14.339230790041826,0.023343136000069407,-0.5095416970022653,0.05738546258854723,149.22836573333288,28.467020360826325,0.15984988366207728,-0.08437233598161747,1.749699580651973,-0.01622508451384771
112.43653470182893,203.07733612800246,46.09612105006816,14.364576831294071,0.031578898172767725,-0.5039135902796595,0.05324375716810465,149.14318519540925,28.70384956516361,0.16854253424033108,-0.10427298221285924,1.7208574159947574,-0.014683719710701846
112.63645957756255,203.1105980517467,46.00330867495679,14.357837244475334,0.03309310379456904,-0.5039099338131436,0.049608035857017466,149.08695747914751,29.055314143160718,0.17561552934986177,-0.11969341818570929,1.735039525081999,-0.013597764617674379
112.83638624895197,203.05830696300927,45.86714810040317,14.372065330391104,0.030145292810420762,-0.5060598301999815,0.05199428053280976,149.09881191576417,29.455964362892004,0.16610825770046936,-0.11499034981225983,1.7646553653851274,-0.014775547261508532
113.0,202.0376292839182,45.10119328977772,14.531015113737086,0.008645847814838205,-0.5188425122856173,0.06845656690380857,148.69845052399194,29.185622290449768,0.518356225576636,-0.19912064348738345,1.6777437341898451,0.005652295793876697
113.03631472687483,202.00172246877858,45.06556427354126,14.551533655111294,0.006453392876410774,-0.5197724027436351,0.07226801327025795,148.72150202604456,29.259260359843303,0.5089456997348186,-0.1899920798588975,1.6842469541764156,0.004294295711058014
113.23624502202566,202.12733276143146,45.053455570664404,14.62632597827431,0.00942512991984884,-0.515762631096796,0.07814623449409967,148.7049213557169,29.509962004284642,0.49535338469186085,-0.1830591493563679,1.6605177425745297,0.0023639652300297504
113.43617714490851,201.997233756682,44.87719840559499,14.652615565444712,0.0033947853440869733,-0.5193270974902042,0.08363292860902394,148.7357405893686,29.913956030454216,0.48090516215855933,-0.16952406560118458,1.6957859887381337,0.0004194577339490398
113.63611110583004,202.18614402084248,44.8710853169154,14.671159002456786,0.010926761619875092,-0.5156361365344961,0.07831292011527242,148.61659476609157,30.172409187080888,0.49627652216184426,-0.19689603733828606,1.6761728437947707,0.0023724310107515593
113.83604691489228,202.15249508052085,44.75778110860895,14.711562029055738,0.008741590425118961,-0.5157991649607134,0.08344652631544375,148.63038697644873,30.503735444531838,0.482322417223491,-0.18547210202819575,1.6834166266883048,0.0009023672421827221
114.0,203.169233210708,45.33924913637087,14.894814335450683,0.027493205105911005,-0.504114771779061,0.08443965281837787,148.69134197785382,31.26695453307047,0.4137901342420938,-0.16480407263033223,1.77161288001029,-0.003104997274361974
114.03598458198559,202.98029069163331,45.22756484835698,14.910530960102607,0.019562865943833094,-0.5074772394854217,0.09186451890593779,148.76412618921717,31.385502756750828,0.394269215933429,-0.14187198246722488,1.795661317686407,-0.005736567565636127
114.23592411678177,202.9161080496544,45.08833674579098,14.915032263580883,0.017395750463463214,-0.5087545007817408,0.09168662239569418,148.74621316341998,31.772489288747852,0.39318464421781235,-0.14350524053452665,1.8179548025267427,-0.005888187845020493
114.43586552872702,202.8710871642325,44.95945957596597,14.919430371325308,0.015981904462269957,-0.5096545544578295,0.09091949226144616,148.72102821028403,32.15912637568648,0.3937268380236162,-0.14742840758018,1.8383826902905003,-0.00596326258256094
114.63580882703515,202.81073617630662,44.80339095965487,14.859231118343164,0.015986351245287096,-0.5119387532835468,0.08025002621739617,148.61889913219292,32.60253822736258,0.42100193928678414,-0.17853685674235145,1.8787454456032884,-0.002073654096118445
114.8357540206808,203.2025314451807,44.88483536906354,14.945928572795887,0.02839234031889065,-0.5073360700778088,0.07970776118690558,148.4810930218268,32.84374425948369,0.42451132139168524,-0.20582443151833602,1.8401133140618993,-0.0016397923566972984
115.0,202.65305477200906,44.44169941579769,14.631885087862308,0.019228630923970955,-0.5135901512921586,0.06772460076112054,148.40694962486265,32.861901988880554,0.21966743069213668,-0.22288367516877838,1.8033035380731897,-0.014422229747226472
115.0357011183928,202.5566988328178,44.35099047625598,14.520332004361416,0.020006548680206477,-0.5151041973475822,0.053093478197601435,148.31711158190276,32.9732962845769,0.2546639332646632,-0.2566838607883366,1.8263140633596582,-0.009419401536785613
115.23565012864768,202.47245167148455,44.19957889211359,14.463080881543815,0.01959374761401254,-0.5153722566167198,0.04527436771862132,148.2233719514038,33.35866205473472,0.2719483754699193,-0.2799289242039989,1.8467073678258827,-0.006850268176018644
115.43560105966318,202.86238699071384,44.2842827159057,14.62908327543528,0.027857090987945213,-0.5124315033688818,0.05820045481152343,148.19035058724168,33.626500142850986,0.23950419989473987,-0.26966933106944846,1.8127601173130157,-0.011082518940287795
115.635553919392,202.74093818811588,44.12821109282964,14.709168705704046,0.019075959447953178,-0.5163982800488787,0.07247146823974501,148.29621393226455,34.06832913684623,0.19878764914638034,-0.2270514558327217,1.8487949252783036,-0.016082367906590553
115.8355087155156,202.9475244839906,44.11885446519935,14.768343007899395,0.025705999558012917,-0.5135493029712911,0.07355600377718731,148.2018396077847,34.34741196822607,0.1937284607154645,-0.24193816029860127,1.8244649601265144,-0.016117298892117465
116.0,203.08537522756058,44.114874422412576,14.749461226114917,0.030919903424379842,-0.5105028002275995,0.06851135091046255,148.5527848856246,34.80088548623837,0.1918358026485801,-0.16774235530664164,1.8565708226267146,-0.015342400695329873
116.03546545543834,202.57199890586662,43.86302578111197,14.721965537450814,0.01113403320569209,-0.5185429028145079,0.07841479631745182,148.7112021862742,35.025582695652794,0.1641896501046937,-0.12183719983065218,1.925263187446383,-0.01911963148146882
116.23542414628155,202.51693269666347,43.71154398225796,14.647666984883227,0.012188881377865293,-0.5199321602554456,0.06618612383660744,148.61111513901508,35.45888467716528,0.1909791174656689,-0.15321689405135247,1.9563579813460101,-0.015241159427175136
116.43538479487786,202.78884495119206,43.74132143949886,14.835150750558595,0.01558600405377759,-0.5181953563549488,0.08522414852519214,148.67117396877077,35.76393487530414,0.1402509843521645,-0.11916366234868823,1.9292491577611361,-0.022064668403820358
116.63534740776586,203.114757430172,43.78288239631513,14.954543348579996,0.024791646849952782,-0.5144131603888981,0.0918311356977219,148.6152085604354,36.020292760327244,0.12005816252615867,-0.12329746036719157,1.887553167587109,-0.02425751706675841
116.83531199118471,203.18983078680407,43.72311477503973,15.0196132020452,0.02649225638197223,-0.5122653530285516,0.09734198859229459,148.61064715910916,36.32418741014341,0.1002402353746844,-0.11611367988138349,1.8686456345295384,-0.02650345940001857
117.0,201.62919795006619,42.77044848589592,14.930657784966284,-0.009577304976958606,-0.5307262692218122,0.10133218671540392,148.58470997790698,35.88156666567199,0.39341432456724645,-0.13013250780482316,1.7538397521818643,-0.009303083655667597
117.03527855106913,201.75498272086338,42.819361881490735,14.970668021032852,-0.005330433629630835,-0.5276901965587075,0.10348219876520477,148.56441109543564,35.878227660449284,0.38833521915963914,-0.13247417060058267,1.727634402839037,-0.01000649553469236
117.23524709304453,201.80487884402245,42.73490725150437,14.992657308180576,-0.0031837767865656266,-0.526856661993646,0.1022717334822489,148.51595698501225,36.20509173043754,0.3895946934647476,-0.14115701968562608,1.7242505744846723,-0.00999593233546216
117.43521762242244,201.78437286295372,42.60749511598592,14.986964806389036,-0.003571016430237708,-0.5285177501868739,0.09862066428853798,148.47064960488657,36.59337741465288,0.3971642403940458,-0.15033975596870128,1.7448843831253213,-0.008507666685664704
117.63519014419599,201.65217037985735,42.433113404824475,14.959668956043888,-0.008212850813583321,-0.5320898607326993,0.09477878711437132,148.460495724701,37.04957397004154,0.4053088613489016,-0.15060044573144726,1.7898622299201032,-0.0073523226294301275
117.83516466303584,201.66103323995463,42.31654170294733,14.930142936941346,-0.006234024195489804,-0.5327952747619407,0.08669211213280678,148.35840922104674,37.441194147665804,0.42613653400272156,-0.17655651907314118,1.8083757474438091,-0.004284113017026124
118.0,202.8395305598807,42.84795759731272,14.995263201924299,0.02493571915857306,-0.5173281403955965,0.07962548134880224,148.75251910846146,38.37736176048403,0.2438084959366619,-0.08742413543099435,1.9140069724727946,-0.014227039824573847
118.03514118328626,202.948340776622,42.88520469388572,15.080992655775415,0.026175885356517384,-0.5160034417185043,0.08918104972603809,148.7891430488299,38.39945747203622,0.2205239671643363,-0.0706759419683704,1.894700068627054,-0.017412279356798295
118.23511970896149,203.31069580122983,42.90423529106287,15.117497640100979,0.04042830280954961,-0.5125255858051712,0.08201556752761179,148.63037898064167,38.680883838917325,0.23704781158150737,-0.11381587783554913,1.8597201024250563,-0.014423516329325103
118.43510024374226,203.2356189567984,42.77312493613284,15.146930418111909,0.036079653915902996,-0.5139653391092875,0.0862914567700152,148.66971994472524,39.08823315428906,0.22276957525844504,-0.09666676124202034,1.8791549370878737,-0.016009285927639998
118.63508279097275,203.21422307686584,42.65535952008918,15.141772562989761,0.035594790767288345,-0.5145547442827672,0.08356814538245308,148.6387121180485,39.48768916343689,0.22666147667986666,-0.1025738529270111,1.894427329358882,-0.015207860909651493
118.8350673536577,203.4255377520806,42.6202704870403,15.171139938935461,0.0444207193351224,-0.5118956119923328,0.07975808244496407,148.4977422443419,39.77021441264541,0.23495776580801286,-0.13706086232694903,1.8639413762241854,-0.01370533803856792
119.0,203.76977045639984,42.68890183525291,14.961575705409963,0.05666065838806937,-0.5070192735949796,0.06432155836340149,148.86961462298584,40.26945465364567,-0.017343379611122978,-0.05914969798878332,1.8973810418788601,-0.02786821801928737
119.03505393445985,203.91345056814598,42.71906840195585,14.941011711801906,0.06410847681640994,-0.5045527689104885,0.05713255078367449,148.77766451712998,40.28524023049829,-0.00013820170541738522,-0.08817874634645556,1.8768849686212588,-0.02541776877383655
119.23504253569769,203.926873111226,42.61966877646302,14.966656781834514,0.06348139166984651,-0.5047246194047507,0.05925756973922119,148.7765106432923,40.661273491367,-0.010578730355783564,-0.08406358099345237,1.88131336113788,-0.026389870841081554
119.43503315934335,203.830193259551,42.476068743832165,14.96717334377497,0.05852169153325946,-0.5070553107016339,0.06037557144914747,148.8133923766136,41.10270444400927,-0.019174171178824355,-0.0698087744745658,1.9115632328143786,-0.02719969556128108
119.63502580702104,203.93848616454622,42.411658114061254,15.025763066997886,0.061109077026228205,-0.5058354486831115,0.0649373854992012,148.8003526294056,41.43128179790418,-0.036208748178028126,-0.06772956653957105,1.8954019905617248,-0.02875636262621433
119.83502048000554,204.0342105975893,42.34863858322239,15.111955799138242,0.06225535109979971,-0.5044459757022132,0.07418378075324097,148.83136974019237,41.73896764698249,-0.06675835852046624,-0.051691246124017924,1.8719086806916538,-0.032483554548532204
120.0,201.67404970463076,41.1449501553691,14.636174904673378,-0.0013253381623242605,-0.535439524329354,0.06345366308202012,148.6373742657765,40.779726882954165,0.016123325243144374,-0.1056990867556343,1.676232718685788,-0.02785912486217246
120.03501717922117,201.7566290824449,41.15935692396092,14.635468456448658,0.0030500721011419013,-0.5332611273850761,0.060975497021157614,148.58621850943234,40.792878408005414,0.021472263449626782,-0.12081157288488215,1.6573334655727647,-0.027089546811551506
120.23501590524093,201.79649440333992,41.07777813463695,14.677533537692694,0.004196850835955991,-0.531587447619655,0.06464627839874382,148.56854559970478,41.0817146091277,0.006916744572089949,-0.11919204608751119,1.639685897655973,-0.028480771273810008
120.43501665828605,201.8301875319115,40.989020225640225,14.69608485333997,0.0060247334564108015,-0.5301195819545758,0.06479247415206452,148.52465420534807,41.37279117372261,0.0008493115607502762,-0.1267259462811981,1.6242156614826613,-0.028568249575030707
120.63501943822575,201.83317781178553,40.87395461879658,14.677887215511952,0.007023912931753036,-0.5307913176540566,0.059781834067200855,148.46085798621723,41.72109334098053,0.008385955227528306,-0.14202794847426337,1.6314437341529116,-0.02715553810450846
120.83502424457741,201.7637564984091,40.74187334286038,14.736155132909321,0.00041315197641071406,-0.5339919046410642,0.06861235254165902,148.5788772730118,42.1288331430477,-0.020899094261845143,-0.10102654950812134,1.6587753399762404,-0.030431423430189227
121.0,201.33348790393595,40.45992803055655,14.634783834478263,-0.009893445258942951,-0.5395490446946486,0.06178474599059324,148.99281341437828,42.174583275288754,0.0503519477585591,-0.02143573463464922,1.6192536109862852,-0.02518882750436954
121.03503107650691,201.29534849186797,40.41308441784138,14.587491383329269,-0.01025735462471544,-0.5413124412179796,0.0551285713349526,148.9655900322556,42.274467796384386,0.0655501258628091,-0.03226816585380665,1.6374749326454672,-0.02314274483142116
121.23503993282948,201.27192428090163,40.3035312101679,14.624236734208342,-0.012286784303634998,-0.5415129043695223,0.05961918480398689,149.00056782344194,42.60387636094571,0.04957646755049548,-0.01892484965551558,1.6373764028403845,-0.02497655880516054
121.43505081201059,201.2831955718283,40.21042337608871,14.68253505457119,-0.013175767656488084,-0.5406666396963327,0.06650219918052021,149.0417028135808,42.90080755329234,0.026949940704004742,-0.0033200128299728446,1.6241255700656678,-0.027402989644401212
121.63506371216734,201.28342442107558,40.103012271774794,14.695871918353026,-0.013034037109775253,-0.5406271385820707,0.0664309549456179,149.039012985293,43.22402351983155,0.02166281822601689,-0.0034971017908929825,1.6221450826781874,-0.027615233197491543
121.8350786310701,201.19679616945118,39.990250781681475,14.758610822384888,-0.018622099123966673,-0.5404632226492342,0.07675891444582225,149.16948893022456,43.549045139087184,-0.012271667626451307,0.03692704330236989,1.6214611200984483,-0.031204953505229147
122.0,200.38072793521403,39.541917253602286,14.30990252845976,-0.04259681721473639,-0.5528710948715708,0.061321736814120655,148.71853976969373,43.350479423011436,-0.3640503585987006,-0.05694416648701264,1.55402907733921,-0.05301978669641029
122.03509556614438,200.33094967409056,39.50283785971256,14.29431213753105,-0.04452320353370336,-0.5541375861484026,0.059789472542763004,148.72722973869887,43.43676490492634,-0.3623981350842741,-0.05427824822789038,1.567132657192339,-0.05259284550039167
122.23511451447311,200.47789871292346,39.44096320060885,14.34627248611998,-0.03811967127179584,-0.551389511482567,0.061939992970577,148.66334456670575,43.66263678455134,-0.3775721783509095,-0.06945815339544194,1.5279034360351722,-0.053653981791676165
122.4351354727991,200.52939726817849,39.34287353708546,14.351362125541248,-0.034893702668880616,-0.5506980971810481,0.05923525689043679,148.59963056305685,43.942664503359254,-0.3811269448945475,-0.08586989465220851,1.5141048666994872,-0.05301561981638587
122.63515843752779,200.58137883834618,39.24784693731363,14.35757097252506,-0.03139958202463823,-0.5495000322548705,0.05685942490917143,148.52357370041912,44.20466691284416,-0.3853241713235509,-0.10485201872676086,1.4948077685128132,-0.05258817973223336
122.83518340473036,200.58845297262155,39.173496589548186,14.444192423042805,-0.03176798457059335,-0.5457706928147664,0.0691247136396394,148.5640786352895,44.38214381710452,-0.42931357098183304,-0.085901375389237,1.445639492064246,-0.057596109051509206
123.0,199.3655959424614,38.60729309799976,14.384131661752274,-0.07352065743845318,-0.5642894589385833,0.0767657603449655,147.7352082043108,43.97900034952492,-0.3368733832681579,-0.25157906779322814,1.3520776666203393,-0.053266412156160015
123.03521037014701,199.41894229805564,38.570421802521295,14.325494931432393,-0.069685831239722,-0.5664535257113442,0.06550230291539721,147.64571574077758,44.061574032735486,-0.31100712528992835,-0.2807424980723031,1.3645123676861104,-0.0492538738386689
123.23523932919062,199.37495000734887,38.46534372960258,14.423123173394549,-0.07439941510977623,-0.5662717154465721,0.07935046197505646,147.70596251400406,44.32151691054521,-0.35545823447831526,-0.24620049816969924,1.351673906046868,-0.05438129408046933
123.43527027695052,199.29482051757037,38.33747069317928,14.467481090832022,-0.07931311589830445,-0.5677636017534289,0.08535969208102451,147.74823026376606,44.63208790496919,-0.38198560641040924,-0.22131378032810628,1.3601961139905656,-0.05711104514248177
123.63530320819659,199.41104843993713,38.265123654675875,14.47679193577725,-0.07063788806118977,-0.5636435460313765,0.08110675615159721,147.55448793312863,44.772899074808585,-0.38192186351793594,-0.2702679822929117,1.3032861879600808,-0.05627036748790379
123.8353381173837,199.3589244323713,38.166295691612255,14.525735185154447,-0.07254721748708966,-0.561603407104638,0.08786714862821252,147.5550946003567,44.98323921902095,-0.41180623348402334,-0.2580978560730688,1.2770929467532095,-0.05881715441517163
124.0,199.49777031906757,38.12476478193837,14.431036680747775,-0.06702797148695852,-0.5592465954163791,0.08284755362700484,147.4165198037092,45.283797302867725,-0.5946625088310298,-0.2798319255070838,1.2848944412481238,-0.06984761612080567
124.03537499865611,199.51682705317057,38.084521143234575,14.407345360317501,-0.06630449129977463,-0.5617865713558342,0.07771260132131455,147.38338221961047,45.370535764226844,-0.5844494724370515,-0.28927550425109316,1.2995968066643804,-0.0680440010229311
124.23541384585246,199.53155940098966,37.9452419540815,14.368085264432695,-0.06443327625470896,-0.5648850771862443,0.06787651439470282,147.26664602223383,45.68949068205218,-0.5733184795004453,-0.315037110259362,1.3144301359579984,-0.06474341264657267
124.43545465251063,199.51048445331617,37.80766874595279,14.314510290624803,-0.06322003307149218,-0.5671250815882014,0.05721045582748137,147.13896422230252,46.01346282608295,-0.5590868413872045,-0.34353545773463456,1.3307200018166339,-0.06152219688678617
124.63549741187302,199.4875971840387,37.690654519231494,14.281573443998882,-0.06162437173862689,-0.5668494923839017,0.0505794558430279,147.00721356724128,46.28560465568012,-0.554171634795938,-0.3707505393915693,1.3265656467725118,-0.05951280045779009
124.83554211689196,199.44225029454518,37.5763232680071,14.216382206564367,-0.05906850185172269,-0.5655135211189094,0.03984143704210194,146.81642324381616,46.54618060807977,-0.5376126604304954,-0.41508024336634336,1.3196561187311302,-0.055674722482116024
125.0,198.9759916034783,37.299103931891075,13.93630911706902,-0.0732371135054425,-0.5749379422607745,0.023964404126440794,147.1280970585801,46.408631364931644,-0.6460499264475121,-0.3512423377610947,1.254487492979653,-0.06080027069259995
125.03558876023529,199.00449024601343,37.281902806816085,13.973595710740897,-0.07353552808096706,-0.575287405085055,0.028578288569906928,147.14297620805254,46.44633699628054,-0.6591020836928102,-0.3422536792373446,1.2489324860402062,-0.062412179840120575
125.23563733429219,198.87344659850552,37.10788395374069,13.95686075366321,-0.08125842720501988,-0.5814603945131174,0.027189738837132722,147.17008565684884,46.8448041137247,-0.6687115543658421,-0.31859178822191153,1.3004439902017402,-0.06236602433872372
125.43568783117911,198.92471864944085,37.013541654202186,13.924499769426955,-0.07495972940325277,-0.5786814687408995,0.01993195068490789,146.97795675607108,47.032281815459,-0.6623959815504691,-0.3661070963163851,1.2655722758737118,-0.05978698876528968
125.6357402427458,199.00704433355563,36.92461614409788,13.96697787787252,-0.0706402094062769,-0.5762547075606659,0.023665911366952556,146.85797936772767,47.185225317523454,-0.6835314429012578,-0.3860127525763536,1.2181158843015136,-0.06120641798650127
125.83579456058166,198.95429258175733,36.78678981320091,13.95459312673241,-0.07338134039686638,-0.5789483444200886,0.02149364034053633,146.82459548087283,47.51859345808528,-0.6901212653878593,-0.3803227981940454,1.2422406595086737,-0.06076215803064403
126.0,198.90150527875437,36.670690680950436,13.747951456172249,-0.07233769743577975,-0.5804643557929469,0.005606150706080733,147.4546664339649,47.57222918921013,-0.7748963352990338,-0.2535788564527386,1.2013914517394706,-0.0639180481741488
126.03585077602206,198.9105160279975,36.654382708123165,13.748017154796445,-0.07155763054390359,-0.5800006532278358,0.005352661630168632,147.4353354107931,47.60461419319209,-0.7765013989260335,-0.25760796344153886,1.1952164507064154,-0.06385425555687121
126.23590888015492,198.86858946699354,36.54087770434564,13.698950379223746,-0.07018878665400288,-0.5790200450577312,-0.0013829458298142928,147.32741598050214,47.84039469124594,-0.772860908930078,-0.28183945446500946,1.1862432017330553,-0.06199977545864724
126.43596886382723,198.77013612028145,36.42082818706567,13.618484907206948,-0.07030875869205988,-0.57830292273084,-0.011284100872196279,147.2090353233684,48.10414856416308,-0.7607971398672001,-0.3086809356281098,1.1901741293872368,-0.05880004605245785
126.63603071765188,198.66674916109093,36.29724956916194,13.55981272434612,-0.07214111817489519,-0.5783770251248475,-0.01757596281923523,147.1311059522454,48.38865595688755,-0.7569351914417637,-0.3206918554256173,1.2012254342056095,-0.05732515755838242
126.83609443201439,198.66121853742416,36.15652993938918,13.608822794104178,-0.0764032205010798,-0.5822900784988871,-0.010350064103343977,147.2091013616615,48.71737411135156,-0.7876244443725535,-0.28191509012055466,1.2242480755316179,-0.059987895951605356
127.0,198.97372731518317,36.20893686256399,14.074472215898696,-0.06414802612552367,-0.5739130835975443,0.006316661404737906,147.83112334890808,49.04702847526592,-0.2726774793292247,-0.15572209525401623,1.2233006620269071,-0.02710608662381607
127.03615999707989,199.08249623123274,36.197279770459964,14.128178131569022,-0.06117532696149464,-0.5737644922440519,0.011391650975361415,147.82295227904982,49.05059117224503,-0.2850057407499693,-0.15557559127430617,1.2025495379053943,-0.02847769029377246
127.23622740280011,198.90321432499965,36.05824353249226,14.07369324020937,-0.06756136089569105,-0.5756036815244762,0.0069860247795016095,147.8440901575512,49.386719713600606,-0.2811895161203065,-0.14168385194277394,1.2358891857847496,-0.027576093372422117
127.43629663892028,198.9938145994246,35.950098412578015,14.107116039794427,-0.06384605954531557,-0.5752758264514757,0.009060106466716334,147.78125694535302,49.58254149075824,-0.2911051404458058,-0.15379397671509268,1.206914429762159,-0.02804209411516958
127.6363676949864,199.16095027525554,35.851162726836876,14.170451378546622,-0.057176509869787014,-0.5740100133082139,0.013805988007653348,147.68111007140004,49.70599586351385,-0.3075123307064377,-0.1760133134305512,1.1510561434487174,-0.029577690792401745
127.83644056035222,199.10785595338015,35.72896145791781,14.149264440549699,-0.05861471084333672,-0.5747595710397642,0.011047436723397672,147.65507863383266,49.979940926863726,-0.3064784544052483,-0.17606006239184382,1.1588669257333308,-0.029062120379158347
128.0,200.0482826681226,35.95809778190999,14.282448441546332,-0.019538436287471747,-0.5534805134595779,0.013973699680017724,147.82420469583258,50.799067603541076,-0.39633854289271225,-0.13856360790218808,1.2425720046997013,-0.03438815068391708
128.03651522418645,199.98967493834502,35.92970976713264,14.261333479019713,-0.02170543344985791,-0.5541678679049821,0.01214103628396139,147.8337832846482,50.87587396211009,-0.3936763687976843,-0.1343689561541114,1.2554007820554178,-0.03392609231716718
128.23659167548007,200.01836897746585,35.816422849758304,14.309718747317458,-0.022337938666660062,-0.5547325024615235,0.018158402402889965,147.85017991385143,51.11987612496523,-0.4151293442555466,-0.12109246827061117,1.2443817884631088,-0.03631682478407779
128.43666990305323,199.84859987327943,35.69105916234211,14.216535540363989,-0.026799885822533953,-0.5558621945683236,0.007553088824787314,147.82461465459141,51.47054500289156,-0.3969322349057657,-0.12480673206813357,1.2803982430253782,-0.03277166629051277
128.63674989556273,199.59979215724917,35.57052745673376,14.17492506326317,-0.03725512654261731,-0.5569764646120635,0.007512859769759979,147.95560416619819,51.87174870711873,-0.40571807655744807,-0.07773604960161665,1.3336067261724824,-0.03335604561512797
128.83683164150915,199.3203045232177,35.47546707236804,14.023420490379458,-0.042603768653389044,-0.5547259397366271,-0.00832668893681517,147.89867064308612,52.24438217923784,-0.37254508894220917,-0.09311131781169255,1.3743816627660737,-0.028300815968263837
129.0,199.22914370259278,35.35913814949217,13.819168706363012,-0.04406197174679528,-0.5572946292507172,-0.023980778753334826,148.59524188202536,52.212392968459724,-0.4305171844901159,0.04246541958064806,1.3181808881614017,-0.0297493139154152
129.03691512924385,199.3767965960272,35.32078985591964,13.964047924419425,-0.04417441825377513,-0.5597388740341002,-0.00646250833795543,148.69941586535734,52.23862404941295,-0.4726161737758773,0.08095341857813351,1.3038532168398693,-0.03546776731187862
129.23700034697632,199.3396928202552,35.21139152796564,13.985340120941377,-0.046252939343624636,-0.5595402673631721,-0.0021667990799562097,148.76285449988538,52.503918436890416,-0.4906220853247195,0.10031128875815502,1.3015169369238884,-0.03721690742880966
129.43708728278116,199.30972654356404,35.099897914104396,13.969103718121927,-0.04656840108852506,-0.5594771046075356,-0.0040199375104749266,148.77585762159026,52.77308314828406,-0.49355993423052474,0.10131953160013916,1.3007692528319785,-0.036819139545487725
129.63717592460526,199.40566771256567,34.97844618802727,13.978366976175392,-0.04242861721944228,-0.5602805282081377,-0.005615694749445425,148.73075966074254,52.99833785006769,-0.4957926615905405,0.08418382062360615,1.2807997888836264,-0.03634226334696509
129.83726626027482,199.394821417476,34.866906775973426,13.984050789128203,-0.042799221114112496,-0.5602483555101191,-0.004463498721116053,148.76182477740505,53.25391486872746,-0.5062041278082998,0.09172429950609336,1.2753772044496088,-0.03714184385158777
130.0,199.20545157126506,34.73347984027676,14.168725014409576,-0.05142764372874472,-0.563630585970074,0.0047196516189411545,148.7992330259224,53.331101678522174,-0.2649707852992927,0.09847914894001435,1.2498787907604438,-0.021865256754548496
130.03735827750216,199.07420095266696,34.71612801284686,14.17253847798984,-0.05747846851166023,-0.5634953992669646,0.00881279970455837,148.88724270490815,53.42005882404234,-0.2768267662103385,0.12819940902322696,1.2683862571064353,-0.02343033757254719
130.23745196389288,199.00434708356343,34.60251679984591,14.120595250298674,-0.05831422278816511,-0.5637027040724728,0.002133134834931107,148.8871507678112,53.70477479823411,-0.2655193890386793,0.12246535692154426,1.2772647888170365,-0.021359394509281347
130.43754730695244,199.02990093361936,34.48454139766091,14.088863235657174,-0.055542872245778786,-0.5640837657727356,-0.003956228881847629,148.84033041901606,53.953622153018806,-0.2539580719692383,0.10276822228352417,1.2695640664134997,-0.01928862325205972
130.6376442940932,198.9902588156365,34.37379780893115,14.077462225714132,-0.05645160494234187,-0.5639847217295699,-0.0047949898649016585,148.8691229449992,54.22058667890361,-0.2559182294832046,0.10835270721093758,1.2701488069963305,-0.019120402346880342
130.83774291264086,199.08516736390806,34.2512922867621,14.119326053825025,-0.05317817523758244,-0.5644229531775614,-0.0011322016772780134,148.86263675979146,54.41895361400944,-0.26847777561425024,0.10373653307747525,1.2427575619189788,-0.020292231176431336
131.0,199.90503652937602,34.37044144633062,14.47846572424955,-0.019220029433763462,-0.5476669998097982,0.016066258376635358,148.77442406527126,55.28211135919515,-0.14454185965513158,0.08612086486125521,1.3419123577993064,-0.013855920225496202
131.03784314984117,199.8806274328985,34.34954974246846,14.503410479270594,-0.021277131486695855,-0.547768244649751,0.020361612245476814,148.82273124600155,55.34114687103716,-0.15564011678442718,0.10268951265779486,1.344693938413189,-0.015230375737839297
131.23794499286643,200.01288168019332,34.23456326452835,14.557924917974107,-0.01651264082916591,-0.5476090532145386,0.024452401199982945,148.80598784636246,55.54688546290303,-0.16749799199483473,0.0943063834896265,1.3127916507585222,-0.01621392416571251
131.43804842882182,199.9670593476255,34.12076132150716,14.494531697129231,-0.016522465041622365,-0.5483717320337914,0.014867311381997648,148.77325306597123,55.84998435327795,-0.14684980571030518,0.08021701904056536,1.3247842474437546,-0.013095830139555922
131.6381534447518,199.8334713064152,34.01427816420406,14.45028819941547,-0.021623980764641136,-0.5490328485183682,0.010876780328976923,148.85105043574669,56.20321234296885,-0.14044559690599895,0.10274417418783527,1.3561080268735566,-0.01224426162585587
131.8382600276463,199.73930284012852,33.91382332787392,14.42019564648647,-0.024763430345511084,-0.5488075254068396,0.008327010991143665,148.90986787895767,56.52590292441581,-0.13698517734802335,0.11804311365490545,1.3735440967278703,-0.0113372595274068
132.0,200.46857094233965,33.98704735926415,14.889976182240696,0.004856307708027443,-0.5357035931525408,0.027699567067073647,149.2074853190042,57.19877958083408,0.2019482991749923,0.17336500574852384,1.4330801733642693,0.009409375334212294
132.0383681644467,200.48084981915056,33.964519400456716,14.914066125461105,0.004574737127096003,-0.5357823350095011,0.030844077445660565,149.23362047435958,57.248751164802954,0.19484269189292644,0.18124647637812044,1.4304882094199571,0.008476376081438274
132.23847784205185,200.47419396706854,33.8581549198472,14.934915965303032,0.003727310072716776,-0.5357146028278158,0.033296937492550055,149.29434660047974,57.535590420142874,0.19042166934323387,0.1945956198732682,1.4289811530002712,0.007825754247545499
132.43858904732394,200.4529183853731,33.75057556210977,14.85373060294912,0.005546083758818936,-0.5361245610887685,0.020270403586370632,149.23319758524173,57.84724330947302,0.2248463117913282,0.16596260306204635,1.4373684379549128,0.012443787633023593
132.63870176709423,200.3434350716307,33.657678906907876,14.825441692219552,0.0014581436061676008,-0.5356979663439437,0.018309823486111182,149.31893688496478,58.18803597826405,0.23139647720332324,0.1864609848200004,1.4576771407913023,0.013038509189580452
132.83881598816868,200.23458455884224,33.567617729991085,14.825307748765772,-0.003551423360570344,-0.5350345483477689,0.02081921807655055,149.4620973796626,58.53109452884929,0.22625582415994763,0.22389632769183654,1.4773604103222795,0.012276120803863885
133.0,200.2952245825669,33.49069516541715,14.779131524417505,-0.0006935904808773397,-0.534008013769868,0.018748842662743553,149.44808406960942,58.83595002163408,0.15000165911526123,0.21854914660431196,1.488760394156804,0.007159573832807344
133.03893169733328,200.59479657763825,33.42236934814913,14.903447713533751,0.008364339321908183,-0.5359901783583809,0.02916211191424123,149.41155875805347,58.80214566015676,0.12777446050417435,0.2051229213635809,1.4452191468264968,0.004287384905553701
133.2390488813596,200.59691240736524,33.316599019895435,14.966614776074655,0.006654999717585898,-0.5356226855086507,0.03794229064910995,149.52106600051985,59.07953430626471,0.10698654399174876,0.23401124758115605,1.4384117117949273,0.0015513555204460785
133.43916752700983,200.6260248206161,33.20341987377598,14.960282131264668,0.00826733119535763,-0.5360151949063724,0.034990335672323784,149.52967511418626,59.362639598633464,0.1150307059401947,0.22703649904966655,1.4338049273803704,0.0027649877216414627
133.639287621042,200.57877394727134,33.099177981472494,14.937409336738042,0.006574916497871912,-0.5363442622705262,0.03155065771441838,149.585342375158,59.686041984813954,0.12410154527660126,0.23512719050515798,1.446306198767995,0.004167188595580691
133.83940915021492,200.55985084935355,32.994760062891984,14.940115550172033,0.005671737203645836,-0.5363004273827677,0.03152653523741027,149.64976443732647,59.9871753586449,0.12480779822862222,0.24561791973534616,1.449310115840955,0.004008992846018582
134.0,200.027431342349,32.83399792565005,14.73210465542182,-0.016209520459156388,-0.5446222274997189,0.020166436547128436,149.89012576476085,59.71118782472622,0.0887671820073211,0.289242291499202,1.3626936173291224,0.002930073225330909
134.03953210129282,200.06288570310198,32.80885198157497,14.734486429009488,-0.01448075821856932,-0.5446353745747855,0.01950466455502593,149.87757909180965,59.75147482155114,0.09077106690002715,0.28200501484054336,1.355857454587816,0.0032187562260488243
134.23965646105037,200.11738350380546,32.700539941674954,14.794616677213316,-0.012807288708025406,-0.5437136906889117,0.026817225537748915,149.94547281500104,59.97664283783755,0.07388944036214903,0.29184338860253245,1.3330187969338807,0.0010999315323511512
134.43978221627683,200.2090963954461,32.57522456606226,14.752366070180326,-0.006945716160490132,-0.5445434450832057,0.017002715008648077,149.86347440396062,60.21803690591495,0.0997058024553491,0.2508018100295041,1.317082664985636,0.00434082670469357
134.63990935378075,200.08917276399288,32.447520596654016,14.761975665893063,-0.01593209376458828,-0.5478044798974568,0.019879500065660232,150.11196790342998,60.615193799405255,0.09212994069952905,0.32036095155694433,1.3649229133272915,0.003469390708139309
134.8400378603942,199.9928279620091,32.35000044682059,14.726609606307477,-0.019737538212728962,-0.5480252065815163,0.016074768728583246,150.22828465598184,60.955466395457286,0.10219264714139538,0.3430962086160791,1.3878243558696037,0.004885928704740585
135.0,200.37804418123716,32.33075556241135,15.08473504154441,-0.004182404133123284,-0.5382307099497229,0.045013520593405736,148.92075269665972,62.22050787517,0.10191682021847086,0.08932805267826516,1.588710448690291,0.0008144071175891048
135.04016772297678,200.25924244513698,32.328022346486215,14.980486565542684,-0.006867374164129996,-0.5383459597836805,0.03207735215399357,148.89602650266815,62.34235441556266,0.13208926488152536,0.0791991682594645,1.6149250138759865,0.0048793382432658
135.24029892841972,200.4085859722148,32.1885539552717,15.056390560957523,-0.0020283655674829294,-0.5392191390370289,0.03856801208729102,148.8829470671466,62.60783140743635,0.11824734641709998,0.07098471390553796,1.5912940099685737,0.0031284599842734857
135.44043146364973,200.32820265383774,32.10264763459825,14.93948465475715,-0.0018230040935189496,-0.5388722084466196,0.021840970306202002,148.7980381513,62.97342790377237,0.16052999566928444,0.03865832501174041,1.611297714907325,0.008467262343435466
135.6405653156328,200.34807777142169,31.98477118556182,14.971526151441484,-0.0020956842997628274,-0.5393944731575966,0.025378190317992523,148.8357869551082,63.29248398486498,0.1531748380924653,0.0488393582010011,1.6113673705663647,0.00694765337976661
135.84070047137766,200.28524382811958,31.88270586921796,14.974371106341984,-0.005739288730332858,-0.5397256864075423,0.02643323386490852,148.92826994544612,63.66202131532201,0.15134361312692057,0.0753109229648695,1.6313811098438162,0.0067591446703172305
136.0,200.10050123069772,31.797318807945004,14.837841010827505,-0.01263997289262812,-0.5394643875738769,0.027131312425232708,148.10734828316518,64.25667079788059,-0.1046693914046721,-0.0808511594854865,1.7107084854147279,-0.010341184578803002
136.04083691793934,200.1881763993638,31.75485932706723,14.891254195180245,-0.01008120115514708,-0.5399357413355577,0.03263661863823564,148.09975964165895,64.2936760021377,-0.11766249976509795,-0.08251375443688377,1.6964847113730155,-0.011958711906604162
136.2409746424225,200.21292430430657,31.65348434852502,14.867778741390769,-0.007192972377852276,-0.5392323721943719,0.02778266103188335,148.01344347289808,64.61441063327392,-0.10797779003223693,-0.10899263052525332,1.6913678792435871,-0.010589584623779623
136.44111363198454,200.32581625453366,31.54336763344572,14.899539594799661,-0.0007870457629282866,-0.5378023969911409,0.029491954449827558,147.88931802337515,64.86833896115755,-0.11366403611097116,-0.14649898738499983,1.659104848636201,-0.01094926842706288
136.6412538738389,200.30567072384753,31.452400827500828,14.870089143976557,0.00010251113759580173,-0.5368110177647005,0.02498168825529773,147.80984449575328,65.19636864934714,-0.1043732961428852,-0.16698303771096518,1.6596372168885796,-0.009490382257917812
136.8413953552578,200.27264773862575,31.35536320582597,14.841918991116527,-0.0004274978429865575,-0.5365710794079378,0.020820332140383306,147.7582096282984,65.54843492932919,-0.09546391019100206,-0.17745435200789528,1.669038034611225,-0.008256314028660134
137.0,200.38406789701816,31.269831748454287,14.80808172832567,0.004496064084451436,-0.5365343717466615,0.01477115156958115,148.21095962335428,65.61038164695469,-0.07459701939161836,-0.09068710512437061,1.623956227726693,-0.005358145850950081
137.04153806357505,200.48220740908866,31.207908785866646,14.919150608650625,0.005249668546462162,-0.5379134328663933,0.028251596474400363,148.2657084573122,65.64570716197436,-0.10643607594182256,-0.0699894863560045,1.6093305373762876,-0.009556542207382519
137.24168198618898,200.3983330872471,31.099626332178303,14.845541764815401,0.0017683952088691584,-0.5396406600247287,0.01796863183846028,148.2595166930108,66.04300381320687,-0.08355611739768327,-0.069494683521584,1.6410714557112245,-0.0065489723767169165
137.44182711056473,200.50439141919517,31.002842370544702,14.872064385530312,0.008812894200078072,-0.537133732998693,0.01980518820643999,148.12598246801252,66.27316443710038,-0.08900887518889716,-0.11242635723892747,1.602641393600158,-0.007283085935140128
137.64197342423697,200.54690611410578,30.863146525359486,14.941855138142364,0.007564983660855051,-0.5388331296884511,0.02808027958524279,148.18549596398694,66.59490614963772,-0.1115591689371385,-0.08880037848051285,1.6033015346843569,-0.010161134587513627
137.84212091481209,200.5915384948325,30.730192368602832,15.04138704041491,0.006291505398551724,-0.5396450418160326,0.04085491332058348,148.2798807609435,66.89181774270696,-0.14716970553315956,-0.05575163010232516,1.5951956711549717,-0.014332306163328801
138.0,200.76587316426415,30.648240877395615,14.750286609568418,0.015472652869554319,-0.5391332647965474,0.020154729475157063,149.00220018359994,66.82334011884616,-0.3709221572977981,0.08035120467769086,1.5224790104940473,-0.026068105287457684
138.04226956997036,200.82828233343858,30.634767828103477,14.741577777408141,0.02010177694601452,-0.5376999736568461,0.01787680933791036,148.92870187176982,66.84589306359022,-0.36627415648716977,0.053107614587198856,1.5036430506939378,-0.02527148641329181
138.24241937746834,200.91773875132077,30.577324986271634,14.732404017868411,0.02910622426119549,-0.5326192626142254,0.01583111818978986,148.77194938449932,67.03353311010929,-0.3660915107656067,-0.0050991496832271666,1.4547220179040234,-0.024569084269479718
138.44257032514045,200.92135174321038,30.504539303932006,14.748384200484818,0.030986581233467248,-0.5297646625478634,0.01871711001291579,148.7386314053475,67.27379387559304,-0.37846939080620584,-0.017936132974185184,1.431658291873186,-0.025335482187788805
138.6427224009013,200.90676857113093,30.46539971918783,14.810470397494328,0.03301279878539208,-0.5240552804874852,0.029714742285630445,148.72256371916188,67.45064381754716,-0.4125769061726175,-0.024748449639253347,1.3871148845296364,-0.029344116142033718
138.84287559274728,200.93125736845406,30.3383360906642,14.789517258766708,0.033232599314007925,-0.5258555306658668,0.02471432047435366,148.69555508308375,67.76047244601304,-0.40497054149105244,-0.03388564356772771,1.3923288902715996,-0.027970719845328784
139.0,200.65427886383952,30.259665387751795,14.491379621862738,0.022313903782087717,-0.5286061408318737,0.01050608650283507,148.6755009339539,67.74658495375817,-0.6514019767952597,-0.036433032577101045,1.3513551958617553,-0.04265460393586705
139.04302988875804,200.6581079926519,30.24140081331681,14.461252207871953,0.023371529163194904,-0.5284883192370184,0.006106352990131534,148.640178164034,67.80694444104734,-0.6426834344353478,-0.048863578824270164,1.3506453370620493,-0.041238206115928114
139.24318527709852,200.63056774360945,30.235205096898945,14.45298583633842,0.027886310493547176,-0.5211519589831748,0.007877021709980562,148.53536838848413,67.97942141256102,-0.6559220202031311,-0.0852244067295708,1.3064023542449688,-0.04183834382279062
139.44334174602005,200.67608904798973,30.067518765834905,14.478778557946583,0.025851378489325273,-0.5253856279169902,0.009084040754075047,148.5817734180852,68.28889553896586,-0.666858480758962,-0.06700196095277136,1.3172843019476908,-0.04248721785015649
139.64349928386196,200.74490150105757,29.84395375672859,14.464132641327392,0.02245922493928742,-0.5339675161879875,0.0023572737236178054,148.64891987565636,68.68381424268514,-0.656959898798506,-0.042647033475194183,1.358461966668817,-0.040294318855313
139.84365787905278,200.7446708349056,29.768876709686843,14.435486054234953,0.024938842876821573,-0.53178324247332,-0.001024939565501374,148.5517996418023,68.91761088781422,-0.6562852483695045,-0.0737394824443203,1.338685654130549,-0.03928810206596998
140.0,200.9025456343065,29.695188771709045,14.5401840499401,0.03191649354241488,-0.5297758872899218,0.001791645424544343,148.8171351252594,69.08407433271192,-0.5424068629734007,-0.0249961874495988,1.3188891578265642,-0.03168403909745253
140.04381752011142,200.89267119325777,29.6093517228668,14.574544147975601,0.026802335410871306,-0.5343735668391408,0.0053848537832418405,148.9194526408745,69.20315852620305,-0.5522274412532873,0.012027871055465798,1.3430925031534695,-0.032921244017978926
140.2439781956484,200.92441473155966,29.530133221190656,14.612331657875387,0.02952859364856962,-0.5315762484848577,0.010991628448928425,148.89323667504524,69.41086129710584,-0.5726613778651566,0.0008804053275997866,1.313621354524269,-0.034657806217691434
140.4441398943667,200.94489100932236,29.435879976246802,14.582554559531257,0.03181749903811815,-0.5307432800685762,0.006389305574667237,148.82701772859275,69.65822445493914,-0.5679669486545893,-0.022624322291338407,1.3010468181345103,-0.0333693394513765
140.64430260506302,200.94340963231474,29.265747412534864,14.657458156872355,0.025838194151166345,-0.5350407711569006,0.015673943211103002,149.01287776706133,69.9884184797498,-0.5984846029712709,0.03858357585645769,1.3219996475407723,-0.03673846269541444
140.8444663166282,200.93323993870266,29.144440220360725,14.646227895386797,0.02412193497142366,-0.5364875405744565,0.013411007765707784,149.054248054249,70.29549671126637,-0.5998020067835388,0.049419463903040625,1.3320444820516737,-0.036260985903793834
141.0,201.57717154679068,29.073410213390037,14.568965430719995,0.05513507886911023,-0.5287180587875451,0.005768718544371675,149.5337651530355,70.78360996661347,-0.7759533765167252,0.1318994669908321,1.3598660627488617,-0.04650556589342103
141.04463101804836,201.65736326725437,29.054631290466233,14.60556941596049,0.05968490175344338,-0.526954517498869,0.009842759236362323,149.4874749337805,70.78364401500421,-0.7874621330022112,0.11333448958094752,1.3327523483776476,-0.04774643199259762
141.2447966984055,201.63494363586105,28.991472125217012,14.69076286816231,0.058621312144182605,-0.5235567715207722,0.02343174023634265,149.5715875733047,70.99719538653862,-0.8309345892827378,0.1352421803813719,1.3077981925109903,-0.052535436759662955
141.4449633468781,201.57100256142962,28.902220453129498,14.711692821223103,0.054384202645946615,-0.5233711858040909,0.02736933973280256,149.6894640491161,71.28915964662154,-0.8518738267218822,0.16782516694992203,1.3152517630146687,-0.054030692371826984
141.64513095274165,201.57027847676733,28.798097976975846,14.714681281457777,0.05369799461806898,-0.5235237350247111,0.027203598496329542,149.7365494313964,71.5617179761073,-0.8623572838809901,0.17494138006737228,1.3130767126954634,-0.05437035220260488
141.84529950536933,201.65007511006158,28.691561383452253,14.742945017837327,0.05787484419579387,-0.5223450013095392,0.029444029120669176,149.68620628231338,71.75048868811452,-0.8789276444770632,0.14930863586391818,1.2790912128664431,-0.055339154019456445
142.0,201.98199409458238,28.604128540216838,14.859293639106053,0.07270958920464299,-0.5184342830882394,0.0353737891471756,149.6563886895112,72.30790184990241,-0.8692335962585526,0.13678043113110946,1.334195658802253,-0.05517099075588681
142.04546899423218,201.965306060536,28.609290023184727,14.890028684061681,0.07262736903485317,-0.5163949253968346,0.040503220334264914,149.67603220100295,72.3431018065094,-0.8842820925787909,0.1417240857712863,1.3232393434828091,-0.05695117104811361
142.2456394088997,201.99081636438862,28.454284941685156,14.851659207819713,0.07110043912758726,-0.5203609856799654,0.03246868756843814,149.7115140087243,72.6721779799651,-0.8756310570916734,0.14629235274977534,1.3419915112451895,-0.054584373598126124
142.44581073903996,201.9925179403787,28.285356641736882,14.761133513752439,0.0680585276518948,-0.5261011174502264,0.01716613751135601,149.75153689373462,73.06459180342196,-0.8475898945630835,0.15324044820916477,1.3827606583263399,-0.049643519321451175
142.64598297441992,202.17916832695883,28.116402281450984,14.74562392661304,0.07603111776434632,-0.5280740111680255,0.010259390317595117,149.60408136082998,73.28466449332377,-0.8383844910765785,0.09606348456565716,1.3539599618259144,-0.04704091645820429
142.84615610490573,202.16369415131092,28.0085247682292,14.725489543337291,0.07418323109259935,-0.5289504044407283,0.007440297896324172,149.65409521665174,73.59858452331602,-0.8404400634241057,0.1067533714334968,1.365374382453232,-0.046322971144086844
143.0,201.72401195734216,27.928813711365407,15.049472876888599,0.05061737411260847,-0.5337329821506158,0.027040295222017313,149.14508018551726,73.75865771532129,-0.4816322066277304,0.013035521259290583,1.3692606661476663,-0.025119622069930996
143.04633012046256,201.72245578927433,27.903814946191364,15.08603812476418,0.0498440340776159,-0.5334763597101246,0.03207889288920762,149.1752268864561,73.81321166618886,-0.4949537625158302,0.023253258876731055,1.3650423882461553,-0.026874270582819663
143.24650501115505,201.76075366153358,27.79240831836542,15.066044231894333,0.05178450444622723,-0.5336043425152625,0.02780022262472137,149.1318894565097,74.08080956175166,-0.48960271508674374,0.005724374540286386,1.3582438408822601,-0.025626175404285162
143.44668076714697,201.73456605719431,27.684621539306693,15.07559722529726,0.04929949578974058,-0.5342256320628396,0.028891634152919423,149.18469184671554,74.38046962329867,-0.49774472808316633,0.022408986912814115,1.3656786554191573,-0.026269589610102183
143.64685737870147,201.70644369907194,27.58527404071666,15.14335747816575,0.04628772761384059,-0.5337411477750186,0.03850437709051577,149.29329935612336,74.65124180200681,-0.5282482016777555,0.055752297669654685,1.362956163381038,-0.029272101731314434
143.8470348361809,201.71691023892214,27.483949401893103,15.17590498102632,0.046309806220848945,-0.5330973125106252,0.04219380105257257,149.31949350316142,74.90316046073364,-0.5439647577232591,0.06042931908252388,1.3522122398443728,-0.030229688987757245
144.0,202.5979523660577,27.37487837186796,15.592610544547812,0.08779247323654804,-0.5215467436713914,0.06570189983435969,148.98456254890462,76.34560604511485,-0.42468739900933145,-0.017253221053349976,1.5653860365933696,-0.024986196499790815
144.0472131300466,202.62880779886697,27.35034626440059,15.64782741957299,0.08876726217301154,-0.5206132362929555,0.07259928893179415,148.99267080371166,76.38529667583165,-0.4423246617834687,-0.014606886242876534,1.5519070447429788,-0.027108490110765656
144.24739225085898,202.64847723546262,27.227562138785608,15.595001173528125,0.08883362466116378,-0.5224893583749268,0.06269879850530398,148.95607668761207,76.73841341030779,-0.42322847333315405,-0.027711557907285203,1.5677641205952444,-0.024061446750037876
144.447572189277,202.6684119620297,27.118962266866095,15.572284395440377,0.08925386452478624,-0.5230647869640743,0.057602279767569285,148.92304221731348,77.06920898297209,-0.41505094781919877,-0.03879045957029166,1.5739804500146912,-0.022262944408935573
144.64775293605817,202.6163192595233,27.035467042153396,15.59198483861237,0.08567620271951938,-0.5227563260438103,0.06023983324472229,148.99656771386458,77.4165937095055,-0.4269037738673719,-0.014303044944434136,1.5876251192020094,-0.023429146857279756
144.84793448205826,202.71606320744914,26.89775380649251,15.61729204142952,0.08920296571954413,-0.5234020923113338,0.06020309497746884,148.91963588305188,77.69116306251256,-0.4308694416059282,-0.040087465888835654,1.5715490440899675,-0.02317258463645851
145.0,202.71886616491764,26.81958305321004,15.776131637821479,0.08814958660217413,-0.5230825774830004,0.06849947014732866,148.7825580697434,78.03576118676031,-0.29781057520344334,-0.0666586302250311,1.5931648027547134,-0.015207477461544076
145.0481168182308,202.724883301544,26.793666204697754,15.856276817219028,0.0872105700632525,-0.5223581264391678,0.07909464023539957,148.8290171431278,78.08546944994484,-0.3240697721315312,-0.04983387581332325,1.5831752894925806,-0.018777376643804702
145.24829993562693,202.71458568528138,26.715067366822648,15.978681736970898,0.08535966001642703,-0.5200787293269515,0.0948506594518008,148.90101013397432,78.35612362467448,-0.36706197950501473,-0.024358738289355416,1.5666933599636146,-0.024168653690362255
145.44848382539485,202.79506651229784,26.552646058175693,15.917211372829204,0.08750515442219245,-0.5236114923094279,0.08147667058420117,148.8179955253033,78.716258884322,-0.3374085773305604,-0.0519457376566597,1.5816730460891562,-0.0196189173828185
145.64866847877954,202.83634456676145,26.442346755117093,15.945569224039424,0.08862279836309271,-0.5234363859227655,0.08271612492292808,148.79004380343582,79.01290821742076,-0.3444176193110132,-0.06012011933113636,1.5744201789195102,-0.019918760511215355
145.84885388712232,202.90668330756478,26.32790636479359,15.992142840093196,0.0912347488806511,-0.5228265277855064,0.08600811671526554,148.7325079804771,79.2735380708456,-0.35683948623170225,-0.07762458948961362,1.5541255269426608,-0.02100885745154534
146.0,203.00313222282912,26.257184798544515,16.2914777220275,0.09475474211315632,-0.5211304018714766,0.09773052339577289,149.01210290925187,79.3523832723452,-0.02572989294582595,-0.025771085008644862,1.5175919547870482,1.3351611851782769e-05
146.0490400418602,202.96842907919788,26.219312063745704,16.21919309281029,0.09259331787063182,-0.5233310394629526,0.08747051612724929,149.01338684142652,79.48929670530066,-0.0012293030269883674,-0.024758113702681044,1.5416612469859459,0.0033714223196264926
146.24922693452558,202.9247904235753,26.126654265777947,16.175339603891512,0.08997232750656976,-0.5242187568182665,0.0801449764006308,149.0252415597205,79.8537816209207,0.017177801964477567,-0.020462470768915806,1.5621770555603152,0.00573294846575701
146.4494145567456,202.85845851408283,26.046859514321145,16.19713287819479,0.08566725933707034,-0.5240246626424216,0.0825996728845648,149.10662777893535,80.20430429215833,0.011510086068462214,0.007064986240255228,1.5770832757543651,0.005140454409375302
146.6496029002417,203.00441941775696,25.888085411793448,16.25164568816558,0.09093515582360738,-0.5247973622440212,0.0849931363037238,149.01894867702606,80.45095625694144,0.007285563288441984,-0.02312326338980584,1.5504075419781091,0.004696034902092249
146.849791956829,202.90388479609305,25.817520000410326,16.25862576094056,0.08485373755954627,-0.5248610587872127,0.0858977115588409,149.15377922409925,80.84034029775039,0.00493230700632435,0.020893183577432913,1.5797140361513307,0.00427438759199392
147.0,202.69419202657556,25.757672086300428,16.1672566310522,0.07392489972504086,-0.5278048904638384,0.07757890353624482,149.52868883509652,80.455784032808,0.0269935067350273,0.09527657073209267,1.4622807200552674,0.006829743499621497
147.04998171841558,202.79218048691442,25.69140146000495,16.14817210457498,0.07830343634277807,-0.5289053602558145,0.07242870499032296,149.45757338720927,80.51082872664209,0.04042038302398254,0.06834053484294673,1.4529687221337122,0.00855976422035934
147.25017217700218,202.75284154357146,25.6030377931028,16.143920796190017,0.07582477092989158,-0.5289527646856751,0.07096027117029077,149.50542431941315,80.83139043255301,0.045406863776014855,0.08116101299778047,1.462074765944323,0.00924173856598483
147.4503633246812,202.65966150284453,25.53767869803453,16.16013972021814,0.07069483311502023,-0.528326037955878,0.07346273019971075,149.61987853235055,81.16723695328754,0.0401189347984834,0.11526328755309698,1.4773282465607216,0.008401571031763772
147.65055515363636,202.63183883587467,25.452587266528877,16.176376220617723,0.06891849391607276,-0.5277839513474157,0.07463518627338125,149.68045995153435,81.47605808066965,0.038411356367871054,0.12919658475135537,1.4810178340900713,0.007847012992646674
147.8507476561419,202.52297851082352,25.40910883605665,16.13301266589368,0.06451584544424331,-0.5267627065389484,0.06948686211779895,149.77333849585324,81.84641178391408,0.05279143696904268,0.1529953809918978,1.5064698649901813,0.009217703949682625
148.0,202.37021937039546,25.350645646479585,16.230561177846575,0.05632065348164935,-0.5275457572076843,0.0763492954354611,149.43823302749257,82.23634951681987,0.1260551820192,0.08851570150788779,1.544362561780244,0.012978025232329646
148.05094082456182,202.44103514992776,25.290808492919204,16.22082307704927,0.05929718865044187,-0.5285002867951664,0.07302130096528929,149.39275234307294,82.3035923366246,0.13522350220345197,0.0709326288952488,1.5388010128046672,0.014086255463587445
148.25113465134942,202.62080024663368,25.108356101911674,16.242209847825308,0.06650581905700775,-0.5301220377435858,0.07030843569274683,149.28917387267353,82.55872514831637,0.14598741758853123,0.029724408393991222,1.5163627374992341,0.015281867013065628
148.45132912904637,202.64086872500658,24.991169872931092,16.299760374355195,0.06589458310937191,-0.5302358659465318,0.07584737853992327,149.32823464356017,82.84861482663088,0.13502904286724215,0.04008352491740377,1.5103225920090244,0.01365403876758375
148.65152425028216,202.47699425622386,24.960176829915135,16.18497656270831,0.0592414046403124,-0.5302036119080784,0.061980288706274866,149.4097710142387,83.28644055926542,0.17268893003312516,0.06553585910958876,1.557981169369223,0.018431048809188194
148.85172000777325,202.35219389878858,24.912822723646727,16.22907880300428,0.052433997955459034,-0.5288736050481411,0.06911663092754997,149.59832704258002,83.64650415453822,0.15625456720146005,0.12251961227383891,1.5771934720121776,0.01612916386331743
149.0,202.27397746645698,24.844884162401172,16.141508346534845,0.04846608348538437,-0.5297195051120194,0.0648563736175331,149.54318785846942,83.84854676808608,0.0656074968992486,0.11143587317156983,1.5740564910866544,0.010547592957435535
149.05191639432235,202.2438289450286,24.821988434268583,16.26620928714478,0.04518015758896343,-0.5288187771908854,0.081365681604896,149.64607555403802,83.90231572483208,0.02609616034988109,0.14601603930312065,1.564767088169735,0.005365536021897081
149.2521134028178,202.17925766935332,24.759325842986822,16.263082427244733,0.042583020707933926,-0.5277763667744427,0.08051292835430876,149.7097453798292,84.23831570773876,0.02875824530236628,0.16057570106135055,1.5741217601726423,0.005613941112667504
149.45231102623262,202.42194707780558,24.515093296640575,16.41911521355591,0.050030010123434186,-0.5303098823093236,0.09364148497579332,149.67077433302504,84.43877043926062,-0.0018242350721897442,0.1384666217029113,1.5303510230156114,0.0014621018716351542
149.65250925762393,202.6384340408464,24.308944802918624,16.52276320955644,0.05826043157676165,-0.5315653482168387,0.10060279956166537,149.56962074001592,84.62815100578945,-0.018214421416975445,0.09725661077503579,1.4855744595238556,-0.0007402053628105735
149.85270809013204,202.70262969040738,24.189715960310544,16.56146923757673,0.06106816598030076,-0.5311629015516449,0.10224073576464361,149.53140435754807,84.87956088617511,-0.022387052419816058,0.07942282714104083,1.4665310188746663,-0.001255230390227244
150.0,203.00964530133638,24.047359120523826,16.691447863235027,0.07451734543726192,-0.530403946063322,0.10283037781193143,150.19566852342308,84.74467922876009,0.13551819896522738,0.20013475915424928,1.384368780985105,0.009611579615541026
150.05290751697976,203.08406052263152,23.97709152782826,16.659702066208197,0.07762420077089376,-0.5319467916342492,0.09635318790678118,150.14707461379268,84.81890050217592,0.15215569033548218,0.1801448881787603,1.3821391355410602,0.011862953534536496
150.2531075314716,203.0263332864473,23.87433101264575,16.64779725766912,0.07319341027600618,-0.5333204593920545,0.09314915218626392,150.24982021754693,85.1548425993547,0.16204165819221653,0.20579819241392436,1.3998806891598348,0.012998784906165285
150.45330812699294,203.02129894641192,23.762956504430356,16.62119176191576,0.07211929137120296,-0.5343762246168418,0.08731436310542537,150.29443151433836,85.47367022849835,0.1793817097901178,0.21009538445529785,1.4092111421775546,0.014968886078503227
150.65350929700926,203.07743950156373,23.644749874704946,16.67644855637136,0.0740528553712013,-0.5338858949192777,0.09163509896605933,150.312335303217,85.71264908823818,0.1714021792709858,0.20425151834022764,1.3897493622946042,0.013821625198887993
150.8537110350655,203.07573347391792,23.5549690422057,16.744967271401944,0.07316796797483963,-0.5327229009251595,0.09881479310820064,150.39645954512466,85.96177132980321,0.1548123557749212,0.22008810333269144,1.37639213226275,0.011613713403251335
151.0,202.45089402377138,23.629815675281446,16.68191578349175,0.04359179223534415,-0.5345109203072616,0.09902037589564608,149.8622005500031,86.01940532736663,0.15209372778718871,0.12328192603614947,1.362913213421747,0.010872992818265908
151.0539133347849,202.35921175028398,23.599550836289243,16.6417557507398,0.037624611389820414,-0.5366611031217117,0.09410435789640542,149.94893624684047,86.168255940183,0.16400791862762412,0.1526945625431503,1.3911575129305007,0.012346828462291402
151.25411618986865,202.3126214159571,23.48375725035272,16.53456543869866,0.03483688299182302,-0.5393085931399758,0.07812893952099167,149.98428069267337,86.54092115756892,0.20581579899801522,0.15748479494868944,1.4210876150343301,0.017806430220888354
151.45431959409473,202.30118042249467,23.38505843848052,16.524490744435305,0.0342720947568121,-0.5393808882088988,0.07514514095345064,150.01607315006746,86.84266626164222,0.2169275593492851,0.1591688797165799,1.4239433820190701,0.01947064015849681
151.65452354131725,202.44215903612607,23.214584019095508,16.583285381609066,0.040248833355390756,-0.5399662422338704,0.07827886370210152,149.94293362979056,87.05109491308994,0.21358096337184482,0.12559129140411873,1.392169669576854,0.01888332167889762
151.85472802546576,202.39536081389443,23.107807874573176,16.67062696959789,0.03558363956398991,-0.5401693111451055,0.088278581233328,150.11392054769493,87.34202034665266,0.19026077116893467,0.17258360882010965,1.3944684452622178,0.015725900574953752
152.0,202.3842325287993,23.036158471912653,16.502781939676737,0.03583134636938284,-0.5398172142191875,0.08410876552488959,149.57164669274408,88.18787757389363,-0.10142025588152725,0.06539554895574994,1.5209501546006825,-0.003646697733908185
152.0549330405442,202.49228918679736,22.96884368410498,16.537412108326595,0.04107557770557933,-0.5397054100731827,0.08617513173744404,149.50413038383428,88.22081051001561,-0.10595856385994781,0.03981548760746522,1.5003201787327243,-0.0040508590742027945
152.25513858063033,202.47081209309115,22.86116561576986,16.480541375958207,0.039774390155881155,-0.5409352663823569,0.07692603337338673,149.50952033165495,88.57118411097466,-0.08395390662697048,0.0386547978545442,1.516590350860022,-0.0007463065335977397
152.45534463987477,202.4508405745974,22.753908484775007,16.532830011561536,0.03747724793976345,-0.5410029492073756,0.08199157211644756,149.5759575530888,88.87829288116376,-0.0971308002144442,0.057522980514425566,1.517008494648393,-0.002415308906875534
152.6555512125003,202.59318950483612,22.602378252303772,16.633369935813683,0.04419655132648487,-0.5400626264281324,0.09077193659994731,149.47914930686304,89.06675836011925,-0.11975728459949728,0.020837812812890648,1.4743334793798637,-0.005459424907197943
152.85575829280106,202.57685541884308,22.473771319705,16.572499431529536,0.04218124795728001,-0.5423919031485159,0.08030701999187448,149.50091572583648,89.44677512413959,-0.09291950775141303,0.026082920856823746,1.4999418162019198,-0.0020968191120415993
153.0,202.90944097159445,22.308695976975816,16.633072212841633,0.05798734251210287,-0.5408242117190103,0.0864851615619292,149.0656237062362,90.62247706448427,-0.21882074336568413,-0.06492341444957025,1.6810068243570273,-0.011164837134368066
153.0559658751416,202.8805438943813,22.307213166336457,16.519860943712736,0.05820968143914279,-0.5410438028874086,0.07229824920643783,149.0204369754299,90.76194866705295,-0.1854192985979847,-0.07970623664543354,1.6980135255325832,-0.006742906906596604
153.25617395395636,202.89178298342014,22.208938615996274,16.51421767212981,0.05884132954944876,-0.5407300971265852,0.06992085513158762,148.9855173781567,91.10358340236459,-0.18087134804048963,-0.08945889816076483,1.7005026887825674,-0.005879741233392946
153.45638252374857,202.80358736695482,22.170522672185374,16.413445561381522,0.056105742250464,-0.5400074846870098,0.05746766487726223,148.9736113120103,91.51590053291261,-0.15100389616055454,-0.08996546366719471,1.7283644952692159,-0.0018118809430753566
153.65659157908976,202.80985015915,22.09039611543243,16.38777956087474,0.05744060836144577,-0.5390253137925125,0.05326738129229938,148.90908766462317,91.86061707978953,-0.14045709976311926,-0.10821036499114588,1.730367781534178,-8.69466255266696e-05
153.85680111461875,202.59740037547684,22.16465876170024,16.195652385133528,0.05175583699224252,-0.535679442019916,0.03262147811226758,148.91901680226707,92.34940954611791,-0.08676455488806531,-0.10003992693823846,1.78162923787373,0.006647368248902444
154.0,202.62378782260924,22.083445809471236,16.25230840444788,0.05257409527085537,-0.5354428763759032,0.03548269604346604,148.85999128116885,92.68724225960541,-0.044078246040349225,-0.11119068569019985,1.8004255710740835,0.009082096674500233
154.05701112504096,202.75575603764483,21.892513446674325,16.39245593211141,0.05309371617368614,-0.5399783650073263,0.048780249076696744,148.8969496703094,92.75968457624563,-0.07469169548108479,-0.09741376336889689,1.789668599217496,0.004844761237549453
154.25722160512768,202.88072380899345,21.762674520516843,16.39430155516449,0.060283662582928846,-0.5391920449963616,0.04634043139049461,148.74991293096537,93.0607460671987,-0.06703315086992309,-0.1445842648145425,1.7713536600701647,0.00598884362634976
154.45743254971512,202.87696209593503,21.61980306805248,16.43356676611867,0.05726301823880421,-0.5409151973639328,0.04963839152501104,148.79276362530786,93.43970429079842,-0.07425487700592431,-0.12450086656887101,1.7836865619182165,0.00459546353572223
154.65764395370397,202.83444991578878,21.505066507972565,16.455215905159,0.0529301359783356,-0.5420551118835498,0.05148215978479729,148.86598436080936,93.84046163162235,-0.07842150911181482,-0.09547253775777445,1.8032930137518781,0.0038565632153038506
154.85785581205815,202.96487547906747,21.296586659337255,16.55775740888426,0.05619174957066867,-0.5440208357651469,0.06034506761621414,148.8160157972586,94.13471023214225,-0.10055142324623226,-0.10883212447906557,1.784079342398157,0.0009131977367347593
155.0,202.74005759218096,21.309952457298785,16.672735469802664,0.04509307977152767,-0.5438504154143643,0.06151938903606665,149.3209325223143,93.42193070037303,0.1761895007409538,-0.006576316215263264,1.5988645600440627,0.019513839843102742
155.05806811980457,202.71606361108041,21.294489792208235,16.655745698711403,0.04411211071837453,-0.5437082368191479,0.059475356678147,149.3292820445718,93.52860900710871,0.18210048625002045,-0.0035651112027512105,1.6040474453553581,0.020238447366350436
155.25828087203206,202.61561475944816,21.2461913838599,16.598545957697294,0.03964770061258973,-0.5432702117986156,0.05286416688905021,149.38133901681792,93.90981576701144,0.20189112551002747,0.01352374904969454,1.6260136827491523,0.02227575935708278
155.4584940638906,202.6202676393702,21.125896815472565,16.629927412884125,0.03870922368253806,-0.5436833206953141,0.05529442897319408,149.40985691123245,94.23661841749217,0.20021020452299726,0.021631865019047698,1.6262997287156722,0.021716278140413197
155.65870769059083,202.6716063256862,21.024295706685734,16.59995421168268,0.04257715649272885,-0.542988008298165,0.04989119752914523,149.31632813331166,94.5417090609021,0.21886910758056927,-0.010644401951216676,1.6182395320579361,0.02352877825421248
155.85892174740297,202.75904157405327,20.90754992999027,16.606393321738167,0.04807036777600338,-0.5420549017189397,0.04864387442099101,149.18317108070698,94.80490354372884,0.22735309209941498,-0.05408891560503934,1.5965996944060104,0.024260794019582425
156.0,202.71405857417187,20.85293004931463,16.212902863844157,0.04679561853813112,-0.5428854533870344,0.02816302168990869,149.36202293791524,94.71495453447388,-0.1491476111692454,-0.01834807063053083,1.5346034713898176,0.0016719598070613385
156.05913622965642,202.67214605232843,20.858900199315062,16.16293481555935,0.04571810660957777,-0.5423092665655918,0.022825640795010996,149.36184316221346,94.82918451051071,-0.13644497830822175,-0.018567876700566446,1.5428358645245155,0.0033403630688411253
156.25935113273886,202.56897038865202,20.685851741815018,16.216785833199598,0.03446888105806895,-0.54675783357141,0.028727169779022694,149.5727913918031,95.22953270432434,-0.15077788325032299,0.05295739059305792,1.5762388764854998,0.0013530209240977752
156.45956645209537,202.63689977537794,20.55581696443055,16.216570736356143,0.038012160670486635,-0.5467617095149161,0.02712083527988782,149.51492877315675,95.5183589618436,-0.14604147778685855,0.029814291181605574,1.5652437707092242,0.002270107034552221
156.65978218322817,202.67001946008523,20.417755883010617,16.258385253417796,0.0382976346312176,-0.5473295006214176,0.03094087569356263,149.52935921412694,95.81558833798759,-0.15539840241201883,0.0316866748641744,1.558773561796985,0.001045278634526577
156.85999832169543,202.55224824957068,20.365175646506817,16.21476944669427,0.03200017911635118,-0.5472604676649705,0.026727447507973665,149.66084284907774,96.2154799699751,-0.1446407092865163,0.07103062666492879,1.5879914190007038,0.0023982843621733014
157.0,202.281547594305,20.39852609429986,16.262652881665336,0.019162416768068367,-0.5468040826323093,0.02838482595988797,149.71591619100118,95.9888330763298,-0.00875480337069251,0.08494924648338059,1.5047966593182045,0.011134253170616516
157.0602148631108,202.32947109016598,20.378264065496083,16.196474118450546,0.023553311095456823,-0.5460763364458114,0.019913217257473963,149.63435153733352,96.07049034959229,0.012576081260002798,0.05492144570206107,1.500006035473273,0.014135586356438794
157.26043180314275,202.30262660888084,20.33470344217028,16.115848234783723,0.024775810414666165,-0.5443570029295318,0.010913425051553035,149.59655750017427,96.38524708286131,0.03748521395383381,0.038192567990333826,1.5027654221888596,0.01733962137318904
157.46064913751374,202.3483103316145,20.207365992527674,16.131315091684243,0.0268242391487135,-0.5443992144510555,0.01191111033344003,149.5700468062757,96.66360551830371,0.038631321245356585,0.02591002080060971,1.4920155064858827,0.01700048689710972
157.66086686199964,202.31767450890055,20.024426027452815,16.213849973604233,0.020336325020957852,-0.5476325923767285,0.020793561631321858,149.74491671262587,97.00466523065198,0.01885184005131071,0.07961708223473393,1.5051015504215368,0.014329273757125581
157.86108497242898,202.2409896342748,19.978369381656066,16.16150126097917,0.01759669186311072,-0.5466175084956756,0.015520961932198324,149.79998395550888,97.35399938865508,0.03532429687351199,0.09268952413794786,1.5195233599438078,0.01614172975550002
158.0,202.08149489991234,19.991152119564568,16.122716554372776,0.010771120138412627,-0.5458162975988586,0.011035969439839696,150.1878123047523,96.83408633645494,0.10757876504383809,0.1683528065627459,1.3759885612731768,0.02135652877671653
158.06130346468234,202.17126828697334,19.869842037196804,16.217483874502662,0.012753939882536763,-0.547457545184825,0.02028747654050838,150.1948114252479,96.87981535748798,0.08712689616494929,0.16754688113789223,1.359929013006392,0.018661451741640172
158.2615223346917,202.0908807933917,19.79825783561243,16.21465256516474,0.0084442372559283,-0.5471802775051571,0.02072278912275521,150.29898927812567,97.18459077778185,0.08932329598369808,0.1933696753489665,1.3672757319037772,0.01853217040981639
158.46174157843967,202.179022983787,19.623043952178403,16.278416634518805,0.011498208232147714,-0.548146870982163,0.026235382521349097,150.30086309612915,97.41367581721197,0.07956617493510046,0.18336511565229435,1.34653235012456,0.017109984371674623
158.66196119195894,202.20403513499554,19.50688592471336,16.266336175680845,0.013018204423566382,-0.5482091392963515,0.023836034817610357,150.30089078146503,97.67756644990398,0.08942086683090861,0.1736568608471514,1.3387304028011489,0.01829983755064656
158.86218117133157,202.15680756033512,19.417624822142482,16.26990792383076,0.010204646717909542,-0.5481455621797369,0.02440130445229544,150.39959903276164,97.97261447084888,0.0912998657207912,0.19545177443210368,1.3430386174235955,0.01812060239920961
159.0,201.30310816994012,19.67379438395042,16.1478509719101,-0.02996204952206641,-0.547386700494946,0.024185229702567625,149.5034314451453,98.15843494975648,0.043073453342095856,0.03470485691251274,1.359664533512055,0.014206075524394656
159.0624015126884,201.149778564208,19.751994192965597,15.950324021144253,-0.03482606977533017,-0.5466712018107012,0.003186869960814364,149.53023595501222,98.34195488300493,0.09381020674901501,0.04401494692195801,1.3945113107966574,0.02071951063992198
159.26262221220853,201.24630518201732,19.549269164815684,16.03707112882074,-0.03180201882948722,-0.5482939006202988,0.011286713690441744,149.5137295931294,98.57448099623053,0.07852848912860397,0.034201872203380126,1.373403999580733,0.01828893739296268
159.4628432661183,201.03754022582868,19.535641694826563,15.9571332097799,-0.04200161780235221,-0.5481581179753805,0.004376744870991336,149.6875976957797,98.96453308555107,0.09871648569932547,0.08877549523595572,1.4099401673776908,0.020571985553577535
159.66306467069126,201.21732469226208,19.23259371766456,16.13032998393214,-0.037432921807287835,-0.5519207972687002,0.020755355032043118,149.6734674361148,99.15270143197195,0.06134148260539084,0.07777433485613529,1.373956906765298,0.015591131262383722
159.86328642224692,201.21511083749454,19.130672889602927,16.097041795116866,-0.03641467816281891,-0.5517839777217297,0.016297231730672428,149.65284756564742,99.43478415510198,0.0764465724149785,0.06679612145229609,1.371356552652621,0.017165074083359804
160.0,201.7684331214507,18.784089952984772,16.251243144390948,-0.011545583932254484,-0.5536425252890048,0.023991813454122605,149.6096985908885,100.53175823998069,0.0702870447878733,0.045984792029797404,1.5374258198850137,0.01568226542842787
160.0635085171507,201.8243138038589,18.678542542374807,16.355909389069534,-0.010983308228630877,-0.5548555706025303,0.0347876227978904,149.6301410277296,100.5961956455307,0.045585587190527854,0.05139744038395631,1.5248019301891669,0.012259761720775137
160.26373095181302,201.7724899251378,18.605087132679863,16.311344418309574,-0.012725841335263454,-0.5544987292781232,0.029562817948812763,149.65620896555433,100.93138679720668,0.06069207126693041,0.056297462402503204,1.533775674204932,0.013959752963949017
160.46395372268876,201.73392764464475,18.530558503232974,16.260652127980926,-0.013507782064808963,-0.5540177848018298,0.023593989510737243,149.66551573486225,101.26482041540983,0.07844995093126139,0.05505573501265685,1.5414911204112867,0.015869859418600554
160.66417682627673,201.82580988063117,18.320998036333194,16.388620608482594,-0.01136486940155284,-0.555591875149459,0.03621366468837772,149.67232410511946,101.51014946812477,0.049297964582966154,0.052170424519262126,1.5192372551606823,0.01195366429325552
160.86440025911904,201.8713432892804,18.185701130378366,16.393266764508866,-0.008759674482753829,-0.5558304871069571,0.03518659319856046,149.62277843156988,101.79199337350178,0.05473699620933933,0.032442413065298104,1.5098109035041487,0.012366804844919685
161.0,201.6375158243394,18.207793384180995,16.35417562234612,-0.019693319497523364,-0.555438055179599,0.03499821524626538,149.320134851229,102.07999517471009,0.022615409957847006,-0.023111880282780245,1.530117000871728,0.009872534675450807
161.0646240178006,201.60516364833026,18.207133168938565,16.26236138459973,-0.019976317894150955,-0.5552404068623091,0.02459149561608555,149.3016653105989,102.2113042999214,0.04819646898994903,-0.02936763487402595,1.5413315804106447,0.01310206699902629
161.26484809894848,201.69069005755068,18.064400810152634,16.284293397349188,-0.014801634886107924,-0.554956986980738,0.025523920183796185,149.2112028478282,102.47460145775996,0.048941472499587656,-0.060327872007539585,1.523463411965882,0.012569528262511606
161.46507249923135,201.77211458503854,17.828653365115276,16.508499965275504,-0.014926056791557495,-0.5569554347837702,0.04914922783482112,149.26277363094806,102.70474427418684,-0.00809469077493593,-0.04340187640188285,1.4965209746899244,0.005014709079235749
161.66529721535906,201.79251512780928,17.715130542750366,16.478104717473606,-0.013024945348853192,-0.5569782563213912,0.044146123146166824,149.2030407386053,103.00501491141023,0.006114706708357318,-0.06240315913020557,1.4938964074126162,0.006734522175717097
161.86552224408183,201.78139291814904,17.593391307877223,16.556181139564625,-0.014501192257000289,-0.556983207758513,0.052356836711985946,149.2452328610966,103.2858060193041,-0.014570444529881339,-0.04850394274436554,1.4860892001814137,0.004066273735038109
162.0,201.73514267176586,17.547613536853195,16.445466827212616,-0.016035540163565093,-0.5568380039524271,0.0465560989830106,149.27722142624734,103.36292694780722,-0.12111823949093908,-0.042120471241427135,1.4603410585837269,-0.0024035152362211773
162.06574758219006,201.75698282781244,17.4933626093671,16.36605691133436,-0.014606755195715157,-0.5578315184253221,0.036406216803895594,149.23654036484612,103.48100399554004,-0.09661928513071047,-0.056010611929621076,1.4664790681713518,0.0005642269722372435
162.26597322651352,201.81033521535028,17.390398790023198,16.34047655861944,-0.009950861235911766,-0.5568306418116339,0.03230353490908846,149.13642589364517,103.74749363097398,-0.08606760251031549,-0.08885604865357422,1.4526094282128266,0.0021393965081426334
162.46619917392096,201.8968612016439,17.31834696611467,16.41780667417992,-0.002223340853404159,-0.5532624499336527,0.040782611048333625,148.98353131253347,103.93058539527445,-0.10689598299539202,-0.1376641135503099,1.4116494731721534,-0.00014118576049560513
162.6664254213195,201.88968103727805,17.166329708429583,16.50756473694744,-0.004831489896153446,-0.5543920268676272,0.04987315912526069,149.03418481170755,104.2075313631105,-0.13063984104337803,-0.1182888446850931,1.4052508069592833,-0.0032144613944822802
162.86665196565426,201.87941105628602,17.066452955621852,16.56329519399215,-0.005337753583643366,-0.5537456495840326,0.055561893900670074,149.03326674028312,104.46837842539344,-0.14657628744110854,-0.11609346931179182,1.3943840672994945,-0.004719415412918238
163.0,201.62885847871752,17.126493103181677,16.587469012979515,-0.016893289347286723,-0.5526614699969651,0.05460292932261008,149.2589492545089,103.85812828905662,-0.013798969929503357,-0.06706374054289084,1.2375485273941624,0.004239567999174731
163.06687880390766,201.65634114618211,17.07282632967185,16.538540249636863,-0.015179443689792491,-0.553263870991609,0.04801765380577347,149.21835719582432,103.94909543297723,0.002553315360501473,-0.08058980138255298,1.2374871669343148,0.006377924518781518
163.2671059330992,201.6181014904285,16.930903277457787,16.608711151762957,-0.019287959183513264,-0.5545960732745208,0.05485558637599602,149.28738565521198,104.21067888182708,-0.013224808059889036,-0.056056785451883605,1.234727228686659,0.004157100300320215
163.4673333502846,201.60626655926725,16.780488678638466,16.59404374096231,-0.021281855611347433,-0.5564633039671574,0.051277352579085944,149.31085574660767,104.4920284583104,-0.003226480627534759,-0.04749924596654591,1.2382185634586285,0.005309489627293561
163.66756105255573,201.55365407406592,16.645657636717576,16.624086554295502,-0.025916560271064107,-0.5580161276401244,0.05353057234867757,149.40551723944967,104.7795192540221,-0.008260308791111767,-0.017171276340112583,1.2443250290246408,0.004416604511644807
163.86778903703964,201.6702066029799,16.50499924944282,16.57958328923863,-0.017578779191939432,-0.5575660186809628,0.045846094649400176,149.19511941010148,104.97142332858652,0.01391095935692977,-0.08333965698389624,1.2172240480082868,0.0071686970254578476
164.0,201.56499305873214,16.412870142055237,16.888799213563473,-0.025020218933158533,-0.5584726940090341,0.0648383279494769,148.38340227207124,106.16118252649963,0.23148143720555978,-0.23874158236802345,1.420065988803627,0.01897468879508271
164.06801730089865,201.55423428987098,16.363362550356555,16.9804933179304,-0.026544920974077697,-0.5584206311270941,0.07485569670704353,148.4074620365357,106.24010665015581,0.20855074970142468,-0.22743532514422835,1.412793798064648,0.015813564852901568
164.2682458413294,201.5318071432328,16.24083175939473,17.01972638226896,-0.028328978653984736,-0.5589297649619159,0.07761601999535504,148.39752747983562,106.52936001167038,0.20484271464398104,-0.222193257550491,1.4111497176057208,0.015118292909479358
164.46847465556263,201.4731983121299,16.081708546159113,17.058629461174757,-0.03416715827231134,-0.5614263827793211,0.07993296976349687,148.47201287212314,106.86099027866652,0.2018163407151296,-0.18887877362548408,1.4245931822243036,0.014505094413691822
164.66870374086272,201.4326010048109,15.991055369426379,17.12282936820909,-0.036086201127801025,-0.5607893761919569,0.08609313729536272,148.48380289280558,107.13951563316381,0.188424317957448,-0.17800400724406545,1.4197788884402684,0.012614623497318803
164.86893309452714,201.4224705670218,15.981168186721398,17.272761093456683,-0.0329876749286218,-0.5559495756950497,0.10323461871946639,148.40065302809276,107.30820188784051,0.1447652087820889,-0.1984124434500579,1.3801584106125926,0.0068831216026020246
165.0,202.66300790656715,15.5112453831903,17.557100213558574,0.03309647581624629,-0.551598027768918,0.1146349637476693,149.14791720945703,108.79201278469081,0.2108367265542424,-0.08129153261851371,1.6086373395166929,0.010003082009267845
165.06916271388607,202.71024618952322,15.456998599900155,17.5773367878748,0.03572411647219989,-0.5514023117439215,0.11556222975372156,149.10396614893037,108.88170966051133,0.20953429307633625,-0.09561376611612932,1.600747385265489,0.009907380832071967
165.26939259630203,202.7450029778997,15.308206482949995,17.572747008622713,0.0364478397159675,-0.55260545436925,0.11164058496566259,149.0687617696904,109.21177571885167,0.2214591133410418,-0.10419040930550508,1.6039230594416838,0.011271582699918186
165.4696227391692,202.7837888666814,15.165227054749387,17.571877955380614,0.03767292293497207,-0.5534792643429574,0.10830141892723213,149.02137179615303,109.53609186862658,0.23242853062354368,-0.11579099524792338,1.6046322158803639,0.01244428293809047
165.66985313991344,202.76450904728978,15.105992062170145,17.6529470970543,0.037339146165363955,-0.5515557315995978,0.11609996877845481,149.01458875182814,109.82667606014117,0.2143133181350975,-0.1139668610446756,1.594752388449316,0.009985685865860447
165.87008379599126,202.66655845997337,15.071214451699559,17.71255291219541,0.032107033940390384,-0.550194004537585,0.12202093618376472,149.11585636922425,110.17138950274315,0.1997230276702736,-0.07874519772435126,1.6038209292823065,0.0079204444173482
166.0,203.01030887930776,14.908547414238802,17.784965007663462,0.0507820140036088,-0.548569429078102,0.12323918395495359,149.5170653731014,110.43927305166969,0.2341545002993442,-0.008435422123887704,1.6079092413892881,0.010240052803874222
166.07031470489002,203.17291309403632,14.748858240939908,17.79628339849816,0.05795806514217858,-0.5505059997832114,0.12093145205713361,149.41036124922417,110.51326656164882,0.2414169298364126,-0.04510174618172753,1.5929968063310542,0.011273018076137474
166.27054586412717,203.0200722491175,14.670727476631043,17.75056468860248,0.0473859531096229,-0.5524364078420348,0.11428416313910711,149.56901448888652,110.93788291559018,0.25921815216098126,0.009464112672026584,1.6292641518838022,0.013003312049745397
166.47077727124977,203.1891529489258,14.427487308813841,17.78648101810358,0.05424117517933788,-0.5546633295221565,0.11300938095600507,149.45084242606467,111.21729511918582,0.26612415859257504,-0.029944332647115077,1.6129456013639156,0.013384692299555499
166.67100892383448,203.12474051362963,14.339108773609166,17.756431466798432,0.049720312965577454,-0.5554174948379467,0.10768585448577782,149.52675248712964,111.60257173547036,0.2822231104612041,-0.004790273347186572,1.6333929211249485,0.01469483968306157
166.87124081948673,203.21423504981829,14.17403722992152,17.811945104222627,0.05353413709223986,-0.5558554320579974,0.11039680670082479,149.4493002678785,111.88279353571362,0.2784721778384061,-0.029392481776917202,1.6188681203217519,0.014047034126202977
167.0,203.13401947566283,14.133217668303821,17.501352174551187,0.04945921740240038,-0.5569350957937785,0.09386831260255508,149.59031334534603,111.64516752260006,-0.021433409120641234,0.0006680525889672627,1.5318267160054766,-0.003665271346628241
167.0714729558406,203.1236275294513,14.080748324892173,17.470473808659683,0.04815322908147573,-0.557872174732809,0.08951370879006476,149.605248190091,111.77770118164258,-0.011230049537807296,0.005470351040435448,1.539530165182307,-0.002192678984883737
167.27170533055843,203.11351587607538,13.950940868435064,17.417881774463908,0.046362635376856205,-0.5593249237443676,0.08137514255347239,149.62571259354056,112.12715602265607,0.008457868840429488,0.011601379807006481,1.5521404233376288,0.0006787536758493563
167.47193794133028,203.28966969008906,13.720708014237196,17.430402269816398,0.054416232747928575,-0.5609523202564018,0.07841417536195779,149.48179213398024,112.38544120013383,0.017240914088752696,-0.03604931660210477,1.5327061755864857,0.0020305854525923
167.67217078587373,203.3717544230715,13.600281657835339,17.53702312265212,0.05900326066162824,-0.559474096061176,0.08827062548385635,149.39778404394863,112.61212484375673,-0.007672474777104872,-0.06253621606345627,1.505498839065287,-0.0009637170977185045
167.87240386193338,203.43652154253246,13.468812419026422,17.521467816489874,0.06239469254385861,-0.5595461695270547,0.08393975312077921,149.30156441883437,112.89657783332322,0.004080312335457959,-0.09045909699670349,1.4974681724819578,0.0005751670660223626
168.0,203.67671398306345,13.32786085938246,17.215913280851023,0.07559069135888678,-0.5598492517296352,0.0647405180713656,150.09135089605283,112.20336932015618,-0.2699734941404086,0.05888244246931465,1.3145048836361335,-0.01501497848593303
168.0726371672806,203.69855659114629,13.276880314028059,17.206308760623543,0.07647761329713387,-0.5600573229938761,0.062913887790671,150.08017228775466,112.29817162433687,-0.26655690195066184,0.053695953648559676,1.312043124978588,-0.01436117100420016
168.2728706997131,203.63415909651454,13.166060331053455,17.219112924930545,0.07070714707724145,-0.5612549939693382,0.06335895147554224,150.1893190470057,112.60476703618964,-0.27095491202383254,0.08640907733765824,1.321816584370252,-0.014577241030050614
168.4731044570546,203.52386425463195,13.123310204640733,17.274614084791107,0.06384000242652788,-0.5604664944872985,0.0697515629346572,150.33949567661435,112.90205769706246,-0.29092873629734767,0.12974389633009026,1.3277996618652024,-0.01689039472661087
168.6733384371545,203.48720027281038,13.040032200070646,17.27617256814299,0.0612585825526979,-0.5603173425437314,0.06900081622361122,150.41491488009734,113.19246263190787,-0.2926786933147941,0.14706977567401103,1.3307287250224558,-0.0168916587502025
168.87357263788752,203.53518907137135,12.885924419357337,17.263401634155287,0.0625478159326091,-0.5613999399110501,0.06524816767943378,150.41253994199562,113.46335682390591,-0.28579862265724126,0.13956304216915297,1.3265938215205106,-0.016004795164071533
169.0,203.40497558094557,12.837056292128484,17.472965794410584,0.053608233385050386,-0.5622763995648792,0.07242828565528178,150.66285442319545,112.83840171323662,0.013225807898491204,0.18960603750415214,1.1685055871323415,0.0031938841009892353
169.07380705715335,203.47686391942565,12.73370394292356,17.441001765531173,0.05657277483554162,-0.563624778599613,0.0671274536624768,150.62839412849812,112.9219066891886,0.02666567326919836,0.17434566497344153,1.1639785261965727,0.004847103629128149
169.27404169287632,203.5809658214746,12.53791489417018,17.366782217366236,0.06084744174935055,-0.5656500169644368,0.055827902566231276,150.58112799825432,113.16067925925238,0.056235509230739084,0.1497064323583409,1.1563909622816153,0.008637334190829401
169.47427654300512,203.58331515472713,12.439084039130062,17.488644531115465,0.06017587923229885,-0.5645510203035815,0.06837685018369812,150.6417294168694,113.35398932865465,0.02602054724940337,0.16051933355399198,1.1357358032799345,0.0050607478105861355
169.6745116055124,203.5195761645031,12.32705450466965,17.435918018770145,0.054890619140796515,-0.5661566143343292,0.06135500301087236,150.77062619590626,113.65535591037005,0.04486949860633148,0.1924904298106187,1.1509158124533914,0.006950930923860784
169.87474687839452,203.56671836581302,12.189809873513953,17.450084317052855,0.05674367793517522,-0.5663925596587259,0.06107009269499773,150.7693909629509,113.86906984872915,0.047255328149620086,0.18302157508813977,1.1373820024540762,0.007064286102461465
170.0,203.21412786340136,12.206435445808744,17.531878844506593,0.03572706408314028,-0.5682082855774586,0.06467586378959853,150.5057328498515,113.6097972159981,0.18720340864467072,0.1375079121922083,1.0598396563399741,0.015964512354636806
170.0749823596712,203.22508874804757,12.165543328457373,17.55373523560273,0.036319847012065656,-0.5679089972469903,0.06652608331808296,150.50920340724517,113.6796396086276,0.1839810522111797,0.135543079853678,1.0529316140889524,0.01550711017808167
170.2752180473852,203.25410441897566,12.063263266350909,17.62357678426193,0.038068967083362,-0.5668061471180821,0.07278997313123993,150.5147206100861,113.85608414328635,0.17166440058795307,0.12933127746101158,1.031802103345866,0.013480212537111791
170.47545393960203,203.2790051878432,11.930598741426577,17.606365413397302,0.038815340853291073,-0.5674032354031243,0.0689543763756063,150.52265172542332,114.06934044350938,0.18418320369027513,0.12429269835938611,1.0235191525631493,0.014663582206883305
170.6756900344097,203.29006550595057,11.85781778514136,17.72094877969927,0.040039767814461,-0.5652886341455016,0.08060428391764278,150.53750346127575,114.2171010618108,0.15674042789744752,0.12116982107372767,0.99564097234842,0.011333551408857407
170.87592632991826,203.30470770556926,11.674144374002642,17.660028656679,0.038442558522775415,-0.5680842323413605,0.07111329738603392,150.5880355233418,114.4737636784062,0.18454483350670825,0.12996660337712013,1.0025247350118294,0.01456987741181185
171.0,203.28334724086983,11.631023386009076,17.31657375574752,0.03846799812706813,-0.5682034070800256,0.05739596762510418,150.17917668583388,115.3678705197974,-0.2645757423819818,0.047604519776626025,1.1500358524828578,-0.013940695019929445
171.07616282425974,203.34889887759113,11.572526580507537,17.299293109677528,0.04260575472690127,-0.5679093065481063,0.054558658923859256,150.1170263001724,115.43530064964031,-0.2584863803711163,0.025121626399844745,1.1399627611162444,-0.012896911457397749
171.27639951558766,203.1966260108036,11.430268793408619,17.34048606321958,0.02978799728181669,-0.5710914462235936,0.0582096446919288,150.34421316815144,115.7508148088034,-0.27082829681234155,0.09629254167623147,1.162624876739775,-0.014092717464606478
171.47663640207682,203.13813008606454,11.344046357750708,17.31796658374804,0.026117069655813722,-0.571378741464878,0.05513058821792429,150.42526419431255,116.02193699326045,-0.26619303030795494,0.11662795637220158,1.1687894526045275,-0.013394019062778961
171.6768734819231,203.160055240181,11.216155274141427,17.32455932995748,0.02692040595613697,-0.5715971906998575,0.054394426042988324,150.43229496231817,116.25149969317337,-0.26683765827398753,0.11252069259725667,1.160498364643093,-0.013121116900119396
171.877110753343,203.2185616914307,11.05532775892603,17.296778293095482,0.02948029568860305,-0.5725665327505057,0.04931459535911832,150.39330290477483,116.48086626290439,-0.25554507423926365,0.09459859340609596,1.1529982563743306,-0.011558712005155174
172.0,203.52125757125364,10.966790577285565,17.44427372122098,0.04856484576664297,-0.5687187443910372,0.05892468347575734,150.24818509674208,117.83269573964832,-0.22026486827563677,0.054654290967982404,1.383722580075641,-0.010763585164779996
172.07734821457353,203.5603400029523,10.900421124911741,17.420768741326857,0.05051878089167449,-0.5691084572998294,0.05545638012823664,150.21985923103273,117.93702659904032,-0.2125605677909646,0.0434918249232986,1.381988301505567,-0.009569840583738855
172.2775858638719,203.62668965068627,10.74910643949899,17.4662015578563,0.053288850849357146,-0.5692428109238181,0.05844742681284176,150.1879787284293,118.18574554845912,-0.2215485360940827,0.029498087726836257,1.3707914955398721,-0.010272877108890889
172.47782369951517,203.53853825199027,10.680885032066385,17.521737142138505,0.047339895063122056,-0.5689550267620584,0.06420470592104108,150.30832077861547,118.48728998631971,-0.23877113780247122,0.06475160347738661,1.3781624654272695,-0.012431548648610688
172.67806171980016,203.47844884561144,10.62067983936244,17.558407670581662,0.04385504083166652,-0.5681126566173559,0.06777395263869375,150.39320123276258,118.7781624837305,-0.2509777718492448,0.08684441645234822,1.381492858103967,-0.013678069564582875
172.8782999230429,203.50554528763632,10.504396955225463,17.67351168011316,0.044745107933722744,-0.5672145029760051,0.07870821159035585,150.40759740733316,119.00401455694579,-0.28283103195061116,0.08597671637499012,1.3643131462938982,-0.017337346183382653
173.0,203.99764940547067,10.321997570704127,17.623488473896952,0.0735246852612185,-0.5646058370223763,0.0752180692962002,150.9345044799432,119.53860834930983,-0.4087255644853677,0.1751416036038162,1.4263673923240308,-0.02520027042119372
173.07853830757878,203.9839623553255,10.280296719077196,17.579448052508344,0.07237434822172424,-0.5651479111619307,0.0699855427087716,150.95995902333192,119.67269620506629,-0.39821274931305695,0.17994835303416548,1.4333590177125493,-0.023657417586121127
173.27877687176198,204.00414345576286,10.152291196935332,17.552180115894085,0.0724700770023243,-0.5658170394001367,0.06534809820668767,150.99005391747082,119.9735615444857,-0.3914538643826611,0.18034330618386507,1.436628198028242,-0.022222764617402205
173.4790156139653,204.13293778676757,9.911584767286483,17.45892073658784,0.07719670315649155,-0.5688887543045327,0.0518468651428331,150.93059947792398,120.27407054822581,-0.36096963057000103,0.15233950879362637,1.43867297873204,-0.017948817538571527
173.67925453257993,204.0168933784309,9.921804765144527,17.359144042308266,0.07186888346194431,-0.567678871788419,0.04209310135718586,151.04694761646903,120.63573434146709,-0.3400396091777506,0.18086454768060814,1.4608461725229678,-0.015099363870788536
173.8794936260153,204.17812317058033,9.6337881415614,17.497408821328715,0.07668869921888041,-0.570088009325211,0.05329809169824139,151.00622614698756,120.85065385435384,-0.3719841534088324,0.15909656590365745,1.436261695876882,-0.01885705742585064
174.0,203.6939696809413,9.701556527911775,17.476762926557278,0.04805551703040099,-0.5723885733022145,0.0513570232188792,150.74499876607214,120.16699785058991,-0.30023267635016565,0.1173600249536589,1.2740841416439235,-0.013637652616992624
174.0797328926987,203.67166973007954,9.672139678227797,17.446965320214776,0.04678165241202542,-0.5724909242009045,0.04806430483189399,150.7694100004837,120.28521940676687,-0.2935329980006247,0.12246191333623457,1.2777744668869848,-0.012555235582905278
174.27997233107516,203.68252024049983,9.549115958942215,17.51902675685337,0.04639471961956725,-0.5723046905421061,0.05459473449810433,150.80830815288954,120.52444740797404,-0.312133854092646,0.127540434466125,1.2681501425002981,-0.014644336733617737
174.48021193960705,203.59228489630928,9.495098135231164,17.512414061083263,0.04103638123107044,-0.5719913368489112,0.05387056018633992,150.92757624878033,120.81928051058307,-0.31375199745156523,0.15774678538047407,1.2770211907864724,-0.014535838668951279
174.68045171677414,203.6981779696201,9.302179743196515,17.552006199787208,0.04568770076987693,-0.5727956589843693,0.05558873893590748,150.87311637443932,121.03307545374822,-0.32053391448574914,0.13199630852553101,1.259049886131857,-0.014942714403663371
174.88069166107306,203.71364392070248,9.18575781470512,17.609696049547686,0.045929761577865554,-0.5724349166486169,0.06052203978761675,150.90123275679764,121.26384330392281,-0.33664729764501744,0.1329117927825865,1.247630984683753,-0.01665877196419009
175.0,203.29696356052284,9.311385763322393,17.73206840862006,0.023615794281133414,-0.5716027123217319,0.0699776965240107,150.01137203351743,122.14916954261824,-0.23853771561160309,-0.03536871615818704,1.398284419067618,-0.011720768888382917
175.0809317710173,203.0586558537005,9.320281428085657,17.74214307569253,0.0077363350428243695,-0.5732906959603187,0.07204261013056017,150.24835522784844,122.35739575410669,-0.24543696221036954,0.042866311116488746,1.4305281172419344,-0.012636592948481193
175.28117204513697,202.98730899634842,9.255303417235265,17.598590537622602,0.00450539070380545,-0.5738847157664938,0.056264916957162306,150.29090300302485,122.71075763924127,-0.2094212460163331,0.053329005072174654,1.451643575519357,-0.007884565289590466
175.48141248197837,203.07048317021585,9.048373402122904,17.702864256255097,0.007371596852782699,-0.5748746161425242,0.06465679199071618,150.26452487194658,122.95708718232629,-0.2317443147960802,0.0410288108844643,1.436335300424141,-0.01029420898652852
175.6816530801041,203.06161551038448,8.938196753229262,17.75950271560551,0.006597354302907223,-0.5745718191359133,0.06938132666336189,150.29369024132563,123.23441147190817,-0.24611971996415555,0.04621557029352164,1.4317587150047504,-0.01167755245812669
175.8818938380926,203.22831560789675,8.684740764422518,17.8667755063301,0.014273264301383358,-0.5757490128414885,0.07697463601206164,150.1537645259803,123.43056258268244,-0.26775393313286194,-4.775221195137819e-05,1.4018669213858648,-0.013951906869505155
176.0,203.45532678353263,8.52060522677277,18.284948136580237,0.025697383733485617,-0.5748021893457478,0.09438553760543957,150.56569054219653,123.3663440483131,0.18135069425352235,0.07423950165887883,1.351401921991876,0.014040036510997908
176.0821347545381,203.61773429821582,8.382430076383041,18.339753855321103,0.034484629943502834,-0.5749860291897264,0.09761461647264416,150.44670182470796,123.41663329384389,0.17546516051117808,0.03255101123296676,1.3289376865904543,0.013029841718091129
176.28237582805033,203.63228285678827,8.231455735078303,18.227618089646988,0.034421307528645084,-0.5768463278963046,0.0833769824333183,150.44151785619917,123.72594772121967,0.21322946887345431,0.02750162963330631,1.3388566951363772,0.01744463593063647
176.48261705725432,203.59969028757678,8.1366297113926,18.161215083025137,0.03243869719450501,-0.5773463061134851,0.07505972663748531,150.47258786020274,124.0339537733267,0.23757230446948036,0.03403518357018205,1.3481284044042778,0.02010679553769099
176.68285844079028,203.74977532143743,7.9920881392572065,18.1585816277062,0.04227428885580698,-0.5763379615577697,0.07233776376105765,150.28106300060404,124.23383483288583,0.24930663996149546,-0.028782980081276707,1.3223661963269822,0.02142080213869896
176.88309997731332,203.75647871257564,7.856744671201258,18.196724144696223,0.04144118293438168,-0.5767883704008804,0.07459227390518891,150.29757620751624,124.49845490602885,0.24765319335643568,-0.025379900843611712,1.31860340141938,0.02096349815574741
177.0,203.59677716693298,7.858251222201303,18.095801101424154,0.03266454282837891,-0.5771099193807746,0.07020431045437016,150.06717740402053,124.65803164656923,0.14182717518729004,-0.06802947039999553,1.3199259629274889,0.01422368697216124
177.0833416654933,203.60637792632605,7.74966238283347,18.21043301052678,0.030968066277616894,-0.5780488081132396,0.08073978437842597,150.0994984126812,124.75289535846007,0.11788488910346756,-0.05750009469604928,1.3135379560944052,0.011017847603798458
177.28358350401467,203.55968679607372,7.5995104532896045,18.21963352558812,0.02607086671049894,-0.579811628871014,0.07979749665146911,150.16950984354955,125.05284792078697,0.12231314602820312,-0.03473314640948659,1.321872668656879,0.011165263431751279
177.48382549157614,203.49029053124215,7.490057015462992,18.11765738500129,0.021180194591947785,-0.5814284742345248,0.0678741379495143,150.2380501531745,125.39023165351436,0.15443489229204696,-0.013886550140867933,1.3413915061163206,0.014868082860909647
177.68406762689077,203.42926929668167,7.397571605762887,18.105283735216215,0.017152918062514545,-0.5817923706503262,0.06568076309067412,150.31127171370065,125.69703606203387,0.16286808808540557,0.0074570188306147325,1.35049917531477,0.015922807522484247
177.88430990868545,203.36704237485918,7.342420252392722,18.043806887590573,0.01437576883494694,-0.5814185950510724,0.05884819399107845,150.36075072485517,126.0130979871337,0.1839140573877356,0.020295863988166442,1.3614967834576561,0.01845883880313624
178.0,202.93478073233047,7.468076276833396,17.91455238840473,-0.008630845723721444,-0.5814890116130661,0.057054200905330296,149.3087999611559,127.17486596087797,-0.00936321828590811,-0.1780818857355596,1.5665640867608324,0.005538789579775296
178.08455233570103,202.7911897135722,7.463493984140608,17.888592836768087,-0.017662562959894528,-0.5823033493107408,0.054899851551929384,149.42509365969488,127.36620177726763,-0.004234192667926826,-0.1373536691584471,1.5876575481919455,0.0062844063116150655
178.28479490669196,202.64774035841413,7.398386376292061,17.928212724510146,-0.026511459442131593,-0.5824817992129596,0.058925867705861217,149.54387662154383,127.72932251344464,-0.013417902421215424,-0.09523808852790247,1.6050761146443664,0.004924180848717515
178.48503762042614,202.60266012674367,7.377204073313973,17.812386817088374,-0.02617439776952599,-0.5811540253864997,0.047008679539682297,149.5009498025694,128.08114898892012,0.017381512038693953,-0.10592610465487812,1.6168516678705582,0.008799786904581466
178.6852804756848,202.52664327119365,7.368142977599181,17.745304682138233,-0.02796658320989164,-0.5795604116407196,0.04059479583629655,149.5013682188765,128.43556303304223,0.03536248590043546,-0.10251241951424632,1.6289177638520862,0.011117069619744204
178.88552347126233,202.6154100903174,7.090218731789714,17.86532358689269,-0.026145596242843246,-0.5821354841111946,0.049970771292057105,149.46264266039375,128.72096305309557,0.013332508804540927,-0.11191023437543751,1.6189604486867581,0.008556056471170954
179.0,202.83066506094335,6.92407188577513,17.775271744732894,-0.014252955499703074,-0.5824806707249046,0.04424783367967037,149.81398512584042,128.7632223967531,-0.09810842942226124,-0.04707770143589901,1.5882487222516417,0.0019074996149329735
179.08576660596606,202.59987450727607,7.07416051881173,17.742086530060458,-0.025094685632374675,-0.580072147258226,0.04352883055833311,149.96208712453313,128.95850708977918,-0.09729433311307809,0.0018792985196176976,1.6097284026592067,0.0018489041571940522
179.28600987861614,202.61388005737567,6.916697840638018,17.795198149112395,-0.025050035071177642,-0.5806848076205104,0.047528584195023184,149.96731276958053,129.27116308719272,-0.10659294655659057,0.002534088912463177,1.608745989808358,0.000858641337162466
179.4862532880453,202.63312754594457,6.803796701166464,17.74192455723113,-0.02295382807408281,-0.5807013689861593,0.04106297194305644,149.92361037898908,129.59833063206008,-0.09000814446070698,-0.01187524321817958,1.6119422109342199,0.0028622817685879185
179.68649683309894,202.5738986965449,6.782689800375396,17.67234022606403,-0.023954730887361827,-0.5792811068866819,0.03435798292443915,149.92823577326945,129.94674572368257,-0.07240140039766448,-0.010566782464891103,1.6218567996169626,0.005117675218174461
179.88674051263453,202.71401522528024,6.516733232140911,17.700734893819178,-0.01763481860175405,-0.5814330990870432,0.034378583448782626,149.79912699962256,130.22640664213975,-0.07067847381353771,-0.049547095113011086,1.6093892902717546,0.004839877090118621
180.0,202.61234622235264,6.505865971187206,17.61820694103978,-0.022825384846661696,-0.5815129965068055,0.028402258327316257,150.09520421650586,129.4288429874291,-0.08197752238107275,0.010695860983298111,1.4165852485983526,0.00522846778061826
180.08698432552194,202.828062556862,6.30361295118852,17.63837117833764,-0.011323334177213866,-0.5828302294612298,0.02778599157267331,149.93118855284783,129.49210774208746,-0.07911671613101987,-0.043495374984007525,1.3946753309141158,0.005785039151244533
180.28722827064294,202.70024925155556,6.337107197930675,17.504681698936874,-0.01576731385847818,-0.5812116894628855,0.015763598786430365,149.9771891559668,129.8268769497374,-0.04901200595493817,-0.02803418097008508,1.4100440873420326,0.009764283127207375
180.4874723468912,202.457326102105,6.468842858603307,17.351537670997846,-0.025779846605363366,-0.5784709875646674,0.0034517058875675015,150.12613938615127,130.20476092199678,-0.017173437701287902,0.018228105502833682,1.4384196839329275,0.013511804972447077
180.68771655317212,202.52545818126984,6.243040533844606,17.408503738953062,-0.023705388792456487,-0.580174841597552,0.007703467418309665,150.0995679579244,130.46809691855768,-0.024981412207343952,0.008250510439523651,1.4288734173018776,0.012597327051689271
180.88796088840263,202.42843458331248,6.117268795712051,17.472216207799345,-0.031043848945782222,-0.5811702363219334,0.014212983825637846,150.26662333741695,130.79130157859188,-0.04003389704463772,0.05632296216746526,1.439015996064872,0.010563193390339185
181.0,201.69071755615266,6.475727614269316,17.401618278056297,-0.06863497698873086,-0.5788741296952942,0.01400422488269074,149.34773438750642,130.858299346386,-0.04086556724163375,-0.11046055471856009,1.4291904443179866,0.010465065574856042
181.08820535151116,201.64548568168075,6.433077865339983,17.411119125726234,-0.071283017128783,-0.5790737549991865,0.015048847885474446,149.37764010270837,130.99644524263653,-0.04256684246079884,-0.09901009066265105,1.432573778857262,0.010084832928600709
181.28844994143745,201.84288094893517,6.11611898459272,17.513524718836656,-0.061764376935142425,-0.5812339546358485,0.022170006861792158,149.217898505983,131.21213387846433,-0.05703873603805809,-0.14673222057633564,1.4071714354138107,0.008288268866757906
181.48869465713227,201.76988725664782,6.082688915674469,17.438708432630825,-0.06363012951370726,-0.5802707210529715,0.015289423081284278,149.2110347375263,131.52334034896936,-0.03833326067365591,-0.14367247435197122,1.4141394645861805,0.010564424199183695
181.6889394975575,201.56659559895687,6.057799880679243,17.370710451296365,-0.074892913944624,-0.5806147384962846,0.009705530792035316,149.3917603068634,131.90270467659246,-0.02251778016429939,-0.0838919876576236,1.4423205620323738,0.01229079800446237
181.88918446168583,201.49344031645788,6.058793334341047,17.28853176920686,-0.07562215385539861,-0.578754105828398,0.002677513187944046,149.3760621961499,132.21607158373027,-0.0018027594530959437,-0.08572069000885581,1.4478470125435654,0.01454452358430345
182.0,201.545654868261,5.963403549613519,17.254745535688887,-0.07237197319236544,-0.5789580741499838,0.000583696440368652,149.49800877734984,132.26342178295442,-0.03509183846724182,-0.06236142329564967,1.423478335878607,0.012202136382616522
182.08942954850076,201.54632577317565,5.892754289160211,17.268799094388555,-0.07241660817989441,-0.5792811649338481,0.0017530298907145394,149.49470471949186,132.38862671743678,-0.036733050006934366,-0.06231125556869065,1.4215731014532853,0.012153429862953771
182.28967475699636,201.48991018264053,5.856014233320123,17.21597713919524,-0.0731242149160012,-0.5780366082850487,-0.0025697623180129126,149.4865044619717,132.6862263034733,-0.023970414029307878,-0.0627507066721242,1.4239605903714874,0.01312689638019115
182.48992008617714,201.53666416133535,5.645708845650988,17.26911076822425,-0.07140273044445451,-0.579441693246254,0.0015858485807348005,149.45131725756565,132.95127098064964,-0.031425906602203416,-0.07194571371066887,1.4153086777431043,0.012188028175528843
182.69016553505804,201.50523173192022,5.411399781461299,17.390994721518606,-0.07632439273568335,-0.5819603180461715,0.012524994021828956,149.54910433115262,133.24022860874717,-0.05709583588762361,-0.040235733499974696,1.4152731181749443,0.009240253595998336
182.8904111026641,201.4993158554069,5.284052254840763,17.39886984309515,-0.07594723164366,-0.5820966093617377,0.012918788555624224,149.53384404474846,133.51956972959374,-0.05624734034734618,-0.04384810800333482,1.4116826252351888,0.00902036363723186
183.0,202.1737486444345,4.764056181985361,17.481589308314607,-0.04211623984893793,-0.5854740388383493,0.015049406328203459,150.09006500793862,134.42102582499436,-0.0895938136222956,0.05204921287149279,1.551008166794974,0.006574427967987469
183.0906567880306,202.32409548216233,4.531205463557059,17.53065645380569,-0.03592198690175883,-0.5880204098218837,0.017406171493523647,150.0122195678862,134.5276176702555,-0.09386255842323595,0.02577850440354565,1.53945602382989,0.006139067465750387
183.2909025902027,202.4742181227635,4.25127575332276,17.583260225809536,-0.028988739114374367,-0.5900578476495396,0.020093629570887683,149.91425203869596,134.792989206602,-0.09845992793812423,-0.007106395020033764,1.5252270717983663,0.005624981210345163
183.49114850823537,202.43642896781677,4.1342474592323635,17.613907736326308,-0.031382779365045875,-0.5902365303251823,0.022840543095215382,149.9574342478455,135.10608981622977,-0.1043602456600102,0.005620250418548953,1.528137398373593,0.004845748039811265
183.69139454119343,202.33927269649416,4.079836976883072,17.616068164591038,-0.036329921243934145,-0.58967434954391,0.023537208169444265,150.0520489247833,135.44234099759078,-0.10559536028623277,0.03320093941901967,1.5378948756008932,0.004584327639747985
183.8916406881512,202.35242249405493,3.949939264094472,17.608892964988883,-0.03510562634559493,-0.5898124095508742,0.022169073281920502,150.0320044715992,135.74594739137734,-0.10098534403165199,0.02579007674016523,1.536670212920126,0.00488856465992369
184.0,202.16812648375608,4.030100279320473,17.428461166459126,-0.04329853947264482,-0.5887537066862379,0.014245858115829804,149.90389701922456,135.69994932182956,-0.26713642481265315,0.003373543480512057,1.4961442637645999,-0.005086420774324842
184.09188694819252,202.12714883959177,4.082146718839588,17.277069670781692,-0.042716081064268996,-0.5874088280050026,0.0004435965657130017,149.88202596104944,135.86387479739582,-0.23487164276425593,-0.0041010622344716625,1.504406939351873,-0.0011135514122142202
184.29213332041067,202.0908125914983,3.9725300558018786,17.28836140978932,-0.04456223754011894,-0.5874567428138149,0.0017072483619929239,149.9115153189673,136.1723482498454,-0.23828173020643661,0.004620759271591518,1.5064934424690781,-0.001601752714152045
184.49237980390808,202.09032238608776,3.9056684668710777,17.213738255252707,-0.04236998787619789,-0.5865321839921961,-0.005176685755757529,149.86580598924732,136.47743533577196,-0.22129758553307594,-0.010214736041684085,1.506936320346554,0.0005678074147895703
184.69262639779646,202.1906016679978,3.774653200740835,17.16448100589101,-0.03458958398419102,-0.5859253741384486,-0.010374370768264762,149.70912155193417,136.74151453338968,-0.20734832693620575,-0.057726006071399785,1.4941838145418427,0.002259251028733777
184.89287310119641,202.28647968460663,3.583410996968801,17.217878419586867,-0.029125303822668237,-0.5862772574935702,-0.005932980007427421,149.5894636500297,136.988207636696,-0.218189581407487,-0.09214457099586074,1.47725079834601,0.0013221764501712369
185.0,202.1666701601037,3.5751452419885386,17.25670056540003,-0.03550736449149257,-0.5860356545604078,-0.0024777056726931392,149.1825366005901,137.70820730630928,-0.20268547423717936,-0.1694556928685697,1.5900535227419246,0.0017251060108364603
185.0931199132376,202.2086878539241,3.285566810952271,17.428705687611043,-0.0388838654772342,-0.5903679005114023,0.011795983258521874,149.23431755407532,137.8474887358377,-0.23612262284103333,-0.15015486736624548,1.587841844147107,-0.00254645115491553
185.29336683305846,202.15161091922718,3.073989545630851,17.514019402955423,-0.04517263018322668,-0.5927530427866132,0.019072746017911976,149.31391443139472,138.1860504247968,-0.2544826850102428,-0.11987853654055493,1.5957945834295115,-0.004850780378967037
185.4936138598061,202.21777086115938,2.9706814257125522,17.473757792760864,-0.03913953181904236,-0.5917881794070143,0.014719050915633324,149.1792702001608,138.4794927183297,-0.24429724315043894,-0.1568860604287551,1.5885247133013738,-0.003641834317350399
185.6938609926363,202.29128609103654,2.8994075895312417,17.462629256325087,-0.03186420958360828,-0.5897986857389442,0.013621026937696942,149.00391994181223,138.7500113577154,-0.2420110877780738,-0.20399605453883385,1.5744495557533573,-0.0031060457931199183
185.89410823071333,202.3023571732651,2.7752782275284726,17.49252810956087,-0.03080469400896363,-0.5895953124940579,0.016185806932179306,148.94281592839835,139.04974573873284,-0.24941093357885788,-0.21477221499625113,1.570948195585329,-0.004103153489684782
186.0,202.17516826467545,2.8051378888220566,17.541828916127276,-0.03692535421467518,-0.5886955140692279,0.018279784685375524,148.89599449715243,138.87482606001373,-0.1609075419773764,-0.21992518852421206,1.5046177586667457,0.0014045319966585488
186.09435557320984,202.1802682973317,2.6778007936212798,17.618891159722097,-0.038360735298061166,-0.5899286351654133,0.024837754685832623,148.90286710953598,139.01124927000274,-0.17632110352316283,-0.2137237479694657,1.5026246252464928,-0.0008229420784970282
186.29460301930683,202.17684575100134,2.6788019079791323,17.483040978183347,-0.034595577861225614,-0.587774290133293,0.01235633205922508,148.7859795678213,139.31804598075325,-0.1460277019960582,-0.24160746851570777,1.5029176722601674,0.0031371959820059216
186.49485056819347,202.16476077203072,2.78505411639254,17.34498220936359,-0.028787741460644087,-0.5831825032035179,0.0009762995335822061,148.61731701406586,139.60667096252763,-0.11715597634111916,-0.2831613117912823,1.497523042050575,0.006378692625674917
186.6950982190671,202.22155103824159,2.6499964687974837,17.447338904920652,-0.02492637168211783,-0.5823649947032763,0.010593117142802094,148.49444763409986,139.8538135980606,-0.14052546586395193,-0.3094698065256147,1.4803212415023752,0.0035720611220910344
186.8953459711329,202.20518652247992,2.313223517685157,17.451613860540373,-0.031529163246259345,-0.5877922593611664,0.00858534505810385,148.57963731853664,140.21190476883245,-0.13413869035333317,-0.2734478685919582,1.4973207816556746,0.003988934771541837
187.0,202.02672849538865,2.390586710336085,16.990232346853222,-0.039252956205006524,-0.5874995794448674,-0.011511336007538474,148.28978024904924,140.46587135350248,-0.6359702637571747,-0.3246101083857544,1.5175341144875472,-0.026767174160025622
187.0955938236042,201.9762325358141,2.1636600708714813,16.998771667225284,-0.04704267791562449,-0.5920641795032119,-0.012178620502169366,148.37735268412527,140.65623232306132,-0.6367682731564076,-0.2901067662401908,1.5321502704405439,-0.026860476105895616
187.295841775702,201.96652571139808,1.9410210025201615,17.076975572077096,-0.04992012986275958,-0.5941219089718015,-0.0054377974119287275,148.37293753289603,140.96559048021766,-0.6585290074452833,-0.27953274985897403,1.5325664905511578,-0.02902950685804511
187.49608982665504,202.04043770271494,1.8218066025198076,17.193043174480252,-0.04408429222375836,-0.5925760644526745,0.005679483809948549,148.22259802596488,141.20845450360554,-0.6921450156569612,-0.3142593309683453,1.5120668964206108,-0.03262788811802246
187.69633797569975,202.00326170340668,1.617313094956896,17.19025769983766,-0.04835101173791796,-0.5949517093893,0.004508430637052774,148.24335647901427,141.54510902124272,-0.6955944511119015,-0.29605649881145646,1.5212509986201468,-0.0324894470488807
187.89658622208006,201.9103843143682,1.3678034438577291,17.145497447189012,-0.05771090600087515,-0.5992045652656839,-0.001025151292006591,148.38072661746372,141.9376819394297,-0.6874576176075219,-0.24488500931127175,1.5465590001297658,-0.03100647837759158
188.0,202.3602280322323,1.1255037877693488,17.161332941647267,-0.031648541769709305,-0.5984211721026351,-0.0009015540949118567,148.88497114276046,142.57478543316867,-0.7308371228276171,-0.15327613911649657,1.6361139415016512,-0.03370795965003496
188.09683456504737,202.4787202112197,0.953582527261728,17.309194889718114,-0.02605876505638266,-0.5990149104363368,0.011850495128041101,148.8004970401659,142.68041377001038,-0.7640453926880092,-0.1768756030468147,1.6194426626700849,-0.037444291729229896
188.29708300386054,202.35832299416484,0.8640849850756128,17.26099421793581,-0.033528396745059114,-0.5998142102587797,0.007573706459250874,148.87948098079963,143.05493609713537,-0.7614617739904976,-0.14456652742589263,1.6368394148742762,-0.03633360772358324
188.49733153778553,202.35028172450828,0.7417708852530368,17.288208421470376,-0.03373760406979263,-0.5997460155502177,0.010020539166731603,148.85576749865143,143.37797074909088,-0.7749240812048587,-0.14546687858775673,1.6367923098383386,-0.03732752827918834
188.69758016609563,202.26669700883315,0.6689157230490971,17.31767232000505,-0.038210086490995734,-0.5993304796055401,0.01329944054613186,148.9120534745032,143.72457407000215,-0.7912930854734899,-0.12237140916139888,1.6441035399875417,-0.039051028255223545
188.89782888807122,202.21521433026336,0.5857812717864234,17.315839000281954,-0.04047833718514268,-0.5989683375341586,0.013329302876029646,148.93294633375552,144.0687462871999,-0.7993991937069421,-0.11068605077556647,1.650263562881973,-0.03897582081824391
189.0,202.05411386768768,0.5758722404750989,17.54181166642043,-0.0500838131342143,-0.599027434503772,0.022735234141717985,148.93065667074507,143.5423578506685,-0.501033802531991,-0.10598611263939035,1.5145200054873973,-0.020345233040086192
189.09807770299972,202.1149507824559,0.4691874483684238,17.554351241967023,-0.046550599788113614,-0.5993804663619952,0.02310213746166067,148.87089958090388,143.67366975945066,-0.5036346205640415,-0.1227138810708022,1.50821060935911,-0.02041345025888238
189.29832661017545,202.06021007517265,0.37532879503657124,17.548086603635767,-0.04916171248892153,-0.5993190465601477,0.022421678998785468,148.8860573970174,143.9906111129948,-0.5062905243182414,-0.11239651734955883,1.5119241155551357,-0.020681773020075726
189.4985756088996,202.0432073252376,0.25874950240293526,17.525794388072228,-0.049538648324439896,-0.5994522032749608,0.01992038526955633,148.86801623113985,144.30158347203448,-0.5041758112635305,-0.11274013613740823,1.5133875383116682,-0.020119836800507617
189.69882469848028,202.01049013481915,0.15462631381232156,17.653658475614463,-0.05106116712651615,-0.5987086212297535,0.03193676285888779,148.8825049744383,144.58178117443762,-0.5393878913298559,-0.10367246209841759,1.5058398654177216,-0.024090062373802536
189.89907387823206,202.06175924052,-0.019216545784415687,17.644338329798007,-0.04788089110509422,-0.5993635187708003,0.029779901756678932,148.79636204062072,144.86881527613141,-0.5381812415577094,-0.1241196322765368,1.4999853438102302,-0.02331300656145194
190.0,201.90255398316754,0.03774893408028959,17.422057057883283,-0.05530402459411949,-0.5990071811072976,0.01861676676169205,148.90003219991763,144.15764563550266,-0.7251415441014544,-0.09900834304631344,1.3284713204867924,-0.03434888148146666
190.09932314747638,201.9660472626372,-0.06187759340633281,17.40204763603485,-0.05127558812792492,-0.5992938739499007,0.01602232659787497,148.8319375105297,144.2759684460398,-0.7220910678268098,-0.11813444268883125,1.3213505845662534,-0.03355056591958302
190.29957250554114,202.0437738501361,-0.18469035935024478,17.436744759474784,-0.04506708802357702,-0.5982565064561305,0.01877516376746815,148.7121553016314,144.5008208646927,-0.7352970058702747,-0.15001127553269503,1.303784500222341,-0.0342916792290314
190.49982195176062,202.0094941374569,-0.29523108017127286,17.471217902774946,-0.04672727740428559,-0.5981670437028263,0.02182158794888459,148.71218452843823,144.76341512702984,-0.7499034073602034,-0.14364862314459256,1.298963311666957,-0.03502575695908536
190.70007148547572,201.90333851557756,-0.5059905296589953,17.38953281338297,-0.0557859993230315,-0.6017040889366216,0.013026804779936691,148.8509686932396,145.1059486926987,-0.7344257283546081,-0.09635758160460431,1.3183313192083823,-0.03249766892840971
190.9003211060334,201.781685223865,-0.569719985372005,17.392700012659244,-0.06243776939014975,-0.6016078424108646,0.013854601347859812,148.96685759504578,145.41144711137028,-0.7436182243770172,-0.05813493177303613,1.326629464373449,-0.03280660981325845
191.0,201.51564299628444,-0.5267679631023888,17.298432632553876,-0.07734250074342569,-0.6022846493868573,0.009056845365735016,148.7963102512097,144.85686870141853,-0.7979740258494207,-0.08453459532106236,1.19063087143675,-0.03567342932812426
191.10057081278714,201.65454911010454,-0.5971019370987832,17.48244106463801,-0.06740438044366642,-0.6000593574195615,0.025798824428656476,148.65524537375546,144.89465188779593,-0.8410584378175733,-0.12678693858130474,1.1605511895265626,-0.04071223503852369
191.30082060509645,201.6659261184668,-0.6801801477285964,17.51596044116198,-0.06478153242488682,-0.5988207506607263,0.02874858782423202,148.58923421044258,145.10508664918157,-0.8564401234654294,-0.14064943292056292,1.1460455504771012,-0.04164048067178315
191.50107048232698,201.53867989337462,-0.9198105217029388,17.476426565722672,-0.07580026279199614,-0.6029589685550318,0.023627494178729763,148.75067999736862,145.41231605613697,-0.8521545029844159,-0.08534934551434703,1.1623020881366397,-0.04050258746426909
191.70132044385042,201.46390243396826,-1.0591381429825568,17.423450211054373,-0.08044444318622015,-0.6042921595739185,0.018156280124856452,148.81739409801108,145.68800832289017,-0.8463686980822728,-0.06163643029430074,1.168075258999866,-0.039091870725243096
191.90157048904445,201.4397389469531,-1.1996736125674097,17.385273723078214,-0.08141885605022944,-0.6050146750283667,0.014056459665891606,148.8227011732775,145.93982022828777,-0.8433366260381975,-0.05644868987723074,1.1666284237117464,-0.03785636109963437
192.0,201.48425125526268,-1.3109594373332474,17.572314799017065,-0.07914568124428556,-0.6049916147136367,0.024308325553371937,148.45871018408513,147.20817617143172,-0.713488766588927,-0.12835073774189412,1.393023676112054,-0.030353686061801416
192.10182061729265,201.24060658367068,-1.1849383009935326,17.604091198245744,-0.09164230452557921,-0.6031854198045287,0.029235914231378772,148.62134840706744,147.39630468761965,-0.7293065361791667,-0.07362616930001228,1.407636704892158,-0.03211447943589064
192.30207082798444,201.08805416140484,-1.1526356897242174,17.603808054294046,-0.09764537150560418,-0.6012423354362376,0.030338757722025465,148.69623376018782,147.7037064231318,-0.7390761017580645,-0.046259667178678715,1.4145177076125277,-0.03254261630706242
192.502321120515,201.40439123208895,-1.7204908455429904,17.589437928470137,-0.08401532551040335,-0.6076722702970323,0.0236600582899011,148.4650680625186,147.93522446132502,-0.7270993332923413,-0.11219950028276279,1.3960710147744653,-0.030542059456137475
192.70257149428528,201.122255689507,-1.629315232572033,17.537742182518997,-0.098026460717179,-0.6060700827714278,0.02087324771296947,148.69459789869842,148.30323492783393,-0.7272809429508063,-0.03867412795515365,1.421129059012627,-0.030100042513378125
192.90282194870173,201.26173868744436,-1.9335356385992886,17.71881256724539,-0.09115340451104216,-0.6075792136593637,0.035420160144415055,148.56475867523284,148.50665867766023,-0.7709609418220597,-0.07304203721677296,1.3958697394597306,-0.03465866931144186
193.0,201.21169071190485,-1.9898586173527881,17.810205249934096,-0.0938698323418633,-0.6076467664367704,0.040242933169373565,148.32687963953754,149.07024797283736,-0.6995601501799892,-0.11744709023579164,1.480506983194385,-0.03029779344686853
193.10307248317653,201.04878673792655,-1.8932415405598648,17.82632597741978,-0.10114241387340889,-0.6057168653231112,0.04308685595245367,148.41565632718022,149.24897503326517,-0.7101477252575057,-0.07893846413370621,1.4957601512986054,-0.031493967782405916
193.30332269864604,200.99034384384848,-1.978887263232264,17.813975825076557,-0.10301169964559032,-0.6054361943643237,0.0415422853446952,148.42862091640544,149.56221276138905,-0.7128754971965463,-0.05414494351909219,1.5149955602789191,-0.03136272584441033
193.50357197834742,201.38426829278276,-2.645915386193081,17.765390943216712,-0.08584199465194775,-0.6132310328257178,0.030550612823693292,148.13824136602074,149.80806753988574,-0.6894874425725671,-0.1215353702702599,1.5106312293625426,-0.028163063439373498
193.70382028166193,201.38702838895622,-2.7714574372992313,17.807081386232205,-0.0845315060637126,-0.6129165303237136,0.03378585418694634,148.09322234137707,150.0960285238874,-0.7034436169973454,-0.1133681272709427,1.5202376988828874,-0.029408882772700366
193.90406757381675,201.46170408565544,-2.9364660519125128,17.82548099151333,-0.0789131622336128,-0.6128066169247882,0.034308102597268256,147.95961235913262,150.3641760356241,-0.7103323334746239,-0.13061421547207297,1.5227729707392252,-0.029439350764399554
194.0,201.53795135167542,-3.0114514749294927,17.584433458352017,-0.07350102759633022,-0.6129893465430394,0.021942222698268083,148.32531509059893,149.86919786138955,-0.9545661355601488,-0.050525783884718165,1.4000567023323214,-0.04395823500423368
194.10431382038647,201.55944631900877,-3.102777848818242,17.552812442779622,-0.07198859535203046,-0.6134293272455489,0.018530602537038778,148.29801881079038,150.01557847308808,-0.9509267701459474,-0.048952541217167064,1.405496507903444,-0.04317698465935386
194.30455898729502,201.56515642444452,-3.2431914451977133,17.526624409286153,-0.07090090135840049,-0.613732719071223,0.015588637682624827,148.27183336536433,150.29906633124895,-0.9523152583233314,-0.038538442499276335,1.4160377975645313,-0.04229658153401002
194.5048030408173,201.59702422172526,-3.3834986216375156,17.499860540832955,-0.0679469928913098,-0.6137599652403497,0.01259659985268328,148.21436170252431,150.57452782339737,-0.9531844685742281,-0.037524229332445216,1.4231251565272378,-0.04194019218944539
194.70504594758117,201.60029842603862,-3.506440756322841,17.498290649894294,-0.06672753182956992,-0.6136024296632703,0.01218698966663686,148.18557652492927,150.85420729311582,-0.9604501838057281,-0.027909133584468768,1.430926463017204,-0.04172514017881826
194.90528767456883,201.65362462801315,-3.621600880393542,17.49607106560592,-0.061731523887715134,-0.6127586624400134,0.011698420202603924,148.07955202245586,151.11030161743838,-0.9674002539098151,-0.04122785922463705,1.4306043281418777,-0.04189376708315842
195.0,201.63502696154345,-3.643219586902357,17.378517192611145,-0.06163434227037081,-0.6123804801625321,0.007797759492470258,147.79449116123683,152.04505383501245,-1.1466428848116297,-0.09009013024526931,1.59391373061283,-0.05308073674271727
195.10552818911862,201.4774748419816,-3.7696042509545733,17.48165103942917,-0.07396644323979652,-0.6147996919956166,0.01687662166001077,147.96594663853529,152.25341375915406,-1.1740359988921396,-0.026143944930115307,1.612845767681007,-0.055880145303222245
195.3057674589264,201.36931478521294,-3.8743702332554166,17.422295008088483,-0.08010868736000075,-0.6156499539715334,0.011484129000683269,148.05391091277767,152.61885209604498,-1.1723230285712072,0.017756202450539008,1.637976638102364,-0.054764746129410444
195.50600545204696,201.27050951588654,-3.913694012158344,17.52186067958519,-0.0842904198550169,-0.6142859178088271,0.021259607341187862,148.13294229501375,152.94663297301852,-1.2080879330908738,0.056887055429244486,1.6500700881152304,-0.0578562280521195
195.70624213689547,200.95113160220177,-3.6425703319644165,17.722895924879865,-0.09739110123737128,-0.6081741604887986,0.04325743491788697,148.3886078903073,153.2915663603032,-1.277538832872086,0.14550618754592748,1.6667139494383083,-0.06508307221766013
195.9064774822487,201.09420879646302,-3.990224296508336,17.762600920398636,-0.09086067458013686,-0.6111336985478751,0.04383668435512871,148.29639296421126,153.58927474350116,-1.2914361810183845,0.12937845986768523,1.6672666408298145,-0.06546259764930588
196.0,201.93701061976657,-4.350768162524396,17.705477875833157,-0.04076535398443778,-0.6095254178326105,0.04088209312068969,149.32666290773628,155.03613587268242,-1.4828924364950047,0.3214843236921936,1.9198089223334909,-0.07649975566073498
196.1067114572463,201.96501909060123,-4.4622553066281,17.724370689779214,-0.039523836872768864,-0.6101092704611348,0.04174123501405566,149.34571592164198,155.23512165253177,-1.4929837600005955,0.3287056410019196,1.9264014939776581,-0.07684129267099231
196.306944031392,202.08244670874902,-4.764448439535374,17.7925137231605,-0.03470738741891833,-0.6123502821007547,0.04539227209855179,149.34645036159884,155.59506133484086,-1.5168234364149031,0.3309576103329804,1.9335171922706336,-0.07821382486001052
196.50717517455467,202.21161572898376,-5.1070412517183925,17.819229930532188,-0.02992513792180659,-0.6154967357604351,0.04486149620298497,149.34079117989035,155.9645454505929,-1.5306238878119498,0.33162845301591204,1.9428239030556054,-0.07817392091812742
196.70740402894745,202.21357853116595,-5.2602434432461616,17.803549312835134,-0.02998382347876808,-0.6161508708826734,0.042349148215340034,149.40998684011248,156.3622129749582,-1.5397945979393282,0.353744494390331,1.9599434893966834,-0.0778959666751513
196.90763222886827,202.17506706017897,-5.2892767170517665,17.87780150476328,-0.030318362198044263,-0.6142227463429248,0.04919978016441615,149.49067552905694,156.73763922026873,-1.5737018400375091,0.37826587172604204,1.9695707599850834,-0.08019197237321547
197.0,202.40710430709112,-5.5860416153442145,18.312393658783005,-0.02007034965959701,-0.6157358665768599,0.06604895013520165,150.14747548497692,156.01103846526922,-1.0734930892765047,0.5121470696404119,1.7896455740515123,-0.04863057360324622
197.10785890976007,202.6849083588758,-6.2717432352984765,18.12932145872825,-0.01351342105275068,-0.6266115355488351,0.04321200701408,150.1166027382966,156.2306552964641,-1.0230979573882037,0.4985359594285075,1.8027609874638546,-0.04179832503401834
197.30808404296104,202.83398881465087,-6.633586329489852,18.173328663630016,-0.00797720884430546,-0.6298342453046862,0.04413276597558348,150.14069621265187,156.56938647199237,-1.0332351506416482,0.4993433974825744,1.8055438995331623,-0.042224764125093704
197.50830760017928,202.8638247991914,-6.819039130102398,18.14817566620301,-0.006989211611001024,-0.63089699915899,0.040512536967467906,150.22634607086468,156.93639030695522,-1.032517005187847,0.5183140165739146,1.8164724709521414,-0.04152018726711787
197.70852955349412,203.0629248046234,-7.24282967149758,18.261659990260622,0.0006184133822027755,-0.634567354321211,0.04716103986595774,150.20605740753476,157.24970048370204,-1.0574488354456664,0.5052114453733453,1.8103900475917227,-0.044298204162652136
197.90874987535645,202.959634465036,-7.21273318674296,18.275208797009867,-0.0033348416084664576,-0.6323423717161439,0.04903795301573795,150.38458778752923,157.62734336338693,-1.0715724608801285,0.5500200032104722,1.8230536025318724,-0.04533003091869773
198.0,203.21724860106673,-7.499254668442827,18.253875362842948,0.009128283869451075,-0.634552264997667,0.04679863253496258,150.78922072812793,157.83548084896574,-1.1366413067511834,0.6276660881572854,1.8312707886101898,-0.04910957482340898
198.10896853858992,203.1029673889898,-7.425674126437403,18.115576604662277,0.004281925404759321,-0.6333897640191791,0.03537309177939664,150.91787295230995,158.07521081085204,-1.1150732115108442,0.6601971691501481,1.8483383840266316,-0.045570875909053316
198.30918551639152,203.0263580551533,-7.411339627487886,18.170668671107205,0.0017703940939390178,-0.631054703693592,0.040972031099844416,151.08999057659622,158.44286724778723,-1.1381086399547102,0.6978572323514209,1.8553566654366629,-0.047245787224213465
198.50940078233222,203.26934946028928,-7.962720647146167,18.261857907186155,0.009683302769731016,-0.636972605632227,0.04445425715431668,151.11382456482644,158.77695548036627,-1.1556451068348619,0.6887515448570684,1.8512827027413428,-0.048748653549837935
198.70961431035784,203.43873188962903,-8.369051129074546,18.335913445979706,0.015473078078901848,-0.6407187254481164,0.04769117642180212,151.15876403569789,159.1157507264213,-1.1734057181573527,0.6862208924358515,1.8483785051523833,-0.050284063535575185
198.90982607478955,203.36030970856507,-8.353994388989337,18.353106643520967,0.012743048173198258,-0.6385699865259185,0.04970440699189431,151.34950334560818,159.49301485519314,-1.1889814243320702,0.725650299163083,1.856337531004228,-0.051020256157651836
199.0,203.34324937040296,-8.471962266603862,18.57205355791885,0.010337784249826017,-0.639133573133974,0.057778582998735846,151.66927040865102,158.68030985470446,-0.9047043166536458,0.7933104820193658,1.6561992461758488,-0.03291073263320596
199.11003605032468,203.53195599850133,-8.839511254889656,18.664186179917685,0.017117574627032808,-0.6429543869563028,0.06263842556871677,151.67181293188773,158.83057387043627,-0.919490066830911,0.7810596731390335,1.6469005764688613,-0.034375555259829625
199.31024421203725,203.77066305145922,-9.332419034598379,18.76470616834291,0.025865505598773014,-0.6476513344607259,0.06707508337035928,151.70869959148766,159.1192164277641,-0.9368332559842508,0.7693103993923878,1.6351858652235922,-0.03594914396414686
199.5104505353785,203.82618771685893,-9.500796625248563,18.85673853946859,0.0284881181917537,-0.6476082624315981,0.07365678979221413,151.8257007680618,159.41954351043128,-0.9605830381204554,0.7821607975942393,1.6268244043301492,-0.0380254216298707
199.71065499617762,203.87678085089814,-9.757711454061315,18.79366295639872,0.029085825904310015,-0.6500692661267863,0.06562415340462495,151.9736505665561,159.76522556492395,-0.9473179506532118,0.8030326327304685,1.6316726555210896,-0.03557146205866186
199.91085757064212,203.8930913245229,-9.940556334920768,18.73528005216567,0.02881834335125061,-0.6513372354007836,0.05881196252455383,152.1402457361962,160.11342570812567,-0.9363595909578246,0.828358069115109,1.6370842948389797,-0.03364719201788869
200.0,203.74879772573132,-9.85011818575904,18.849267578933826,0.022061652967800074,-0.6493953592393317,0.06375649657716753,152.16319968509646,159.79483959795957,-0.7726120123059591,0.8323136708650394,1.5417596592157863,-0.023337356862834696
200.11105823535857,203.64901366290974,-9.772790654737454,18.812978320545973,0.018057149670294592,-0.6475677670765734,0.06130956896404544,152.3075777401931,159.98431259511267,-0.7694796211054042,0.8616069149152792,1.545565586410012,-0.022772733107937263
200.311256967293,203.53414495378485,-9.717005374646158,18.764938410581177,0.013671423993679188,-0.6452587050143677,0.057681594719389745,152.54291700598543,160.3169828824036,-0.7653146903507526,0.9042232570509678,1.5492264498295218,-0.021826238774625945
200.5114537437913,203.20325611041758,-9.254678484156068,18.71553257701624,0.0025610932504949776,-0.6369269308899034,0.057605490133174855,152.89449039519033,160.66793441827983,-0.7698950071938254,0.9792653858235051,1.5573433316277117,-0.021753210302033362
200.71164854258004,203.2752970312426,-9.537396541263949,18.66386923726873,0.0044737830209335815,-0.6396063185233879,0.050666669574843316,153.05988131451772,160.99064739385898,-0.7562252731915798,0.995557383265409,1.5565694331851427,-0.019437338744120562
200.91184134176655,203.46367442696746,-10.027482842736477,18.785493824488693,0.010054785077694384,-0.6444966030622192,0.057302239047611093,153.16611118821373,161.2599742264121,-0.7773681411932609,0.9938797755640749,1.5399110424315436,-0.021569509801152693
201.0,202.9830991959544,-9.397320867227199,18.8968348833889,-0.00845185103800119,-0.6354524611643639,0.06487433011311744,152.7330960080408,161.29002824592578,-0.567919472481879,0.9068903782845352,1.5225727794667703,-0.009181035159988521
201.1120321198397,202.6954280903644,-8.977138439511307,18.77145476334707,-0.018286612362819036,-0.6290285710217183,0.05763582238977663,152.95800525867912,161.5066513129973,-0.5520437758006183,0.9578136374799476,1.5341105612583126,-0.006935641681575824
201.3122208556703,202.57976344936748,-8.894568196339982,18.67060231157076,-0.021714606173460348,-0.6264760035727426,0.049638258929140165,153.19623705600432,161.84224774865132,-0.5340724296799413,0.9956136611751593,1.537335413421869,-0.0041558246666905194
201.5124075285113,202.8217502320843,-9.50852686019247,18.714168896638288,-0.014439361582119606,-0.6336107303791402,0.048324692330027404,153.29007618866277,162.12671630387354,-0.5312926027380259,0.9880382103192148,1.524773878238706,-0.003816003068089104
201.71259211799858,202.8002143058552,-9.587130282168912,18.543601167794638,-0.014502728145000829,-0.6336588178157567,0.032951225790391864,153.48417166073787,162.470888618088,-0.4926675413754008,1.0102933145638344,1.5301002365487355,0.0015865817875130857
201.9127746041511,202.95107565198862,-9.989841557389749,18.4783538969344,-0.009163617242688816,-0.6379620095913862,0.02423365888481021,153.58875365233067,162.7769717954554,-0.4695000586038089,1.005807828986336,1.523790012177932,0.004567193900762546
202.0,202.47377016890488,-9.330489689491781,18.277330824206395,-0.026466836994230945,-0.6288804957387188,0.017266930851149526,153.34766694679968,162.22927469257985,-0.5810429424829636,0.9557456839117943,1.3829759833771915,-0.0025765284922454994
202.11295496737156,202.51395166822965,-9.490744302618326,18.318899764672416,-0.025303265911000176,-0.6300400061739762,0.01994009086733886,153.44284344344635,162.37637299716084,-0.5875863977495098,0.9636378497049439,1.3746213223017039,-0.0034158561660082238
202.31313318844667,202.773154736686,-10.058943466690737,18.263472092609618,-0.015575743666453255,-0.6364976652390903,0.010929086136660686,153.49906308682048,162.63420862721418,-0.5665065623101054,0.9430692241993389,1.3592710045144158,-0.0007806182867892675
202.5133092485475,202.246106454306,-9.303560678404578,18.1903720818074,-0.034547289660626236,-0.6244559338970297,0.01206550256158744,153.98019036527907,162.97933011361317,-0.5690056304426442,1.0491378701027974,1.37088629513334,-0.0005676130839524705
202.71348312923016,202.7013081246669,-10.406551051140472,18.415804907325153,-0.022006250865021858,-0.6381129372815888,0.023132599647669505,153.99572806169996,163.17504201083236,-0.5970582309488147,1.0134491432889592,1.3365898972583568,-0.004042795571219649
202.91365481243582,202.7439560349876,-10.612484643331758,18.391345386566037,-0.020207972870884588,-0.6393342556927076,0.01992131335268217,154.16662406229997,163.44162420280267,-0.589508613164926,1.0246763423400944,1.3251532054010118,-0.002907629451161126
203.0,202.7700539954732,-10.751671992396746,18.547470110881687,-0.019900619618857238,-0.640106476590272,0.025887964004733095,154.41384975052097,163.05005551811962,-0.39808880702558935,1.0636762914792346,1.2140151816249793,0.009211784175121267
203.11382428049157,202.93358740039645,-11.110535248317515,18.50260463459349,-0.013893790691665998,-0.6443371073464965,0.01932151544534596,154.45705371305158,163.17987949999954,-0.38158856715970896,1.051305628721764,1.2029945462928946,0.011269484367270639
203.31399151611043,203.042298708005,-11.464522666775299,18.58428924081518,-0.010651138641352061,-0.6472973233317024,0.02413581090307519,154.62642014153172,163.39738071388084,-0.3909454951824364,1.0581889482166706,1.181734538319808,0.009948199513891063
203.5141565023919,203.28801445406256,-12.124318437877369,18.894723794982045,-0.0041868563737767345,-0.6538266467592629,0.04606998215052946,154.7507175763692,163.55692751161658,-0.44339564362184986,1.0503949333901998,1.1440987014638033,0.0034268194689907475
203.7143192228225,203.3423442011594,-12.35228251447582,18.86961543074613,-0.002167973711433666,-0.6553495982437307,0.04227849680654153,154.9279402382638,163.78461410978602,-0.4330962403274299,1.0591591496550783,1.1279909798651135,0.004635074102096065
203.91447966127586,203.32002650003045,-12.44094818316982,18.721384112264964,-0.002651753536895621,-0.6554426505870903,0.029084921126166452,155.1467357864544,164.0473322630994,-0.3975380441234216,1.079447469608291,1.1220319401786425,0.008939188776988896
204.0,203.28151343336523,-12.434437756919761,18.738570884127714,-0.003974782780976535,-0.6545464584311665,0.029868590896779398,155.2282796886146,164.03490300959774,-0.36726657233679666,1.0849635640375004,1.0925716379531376,0.011030734247964337
204.11463780201342,203.12715490413132,-12.227418542296661,18.680970954573283,-0.009159724011282636,-0.6508155336591567,0.027004080930936876,155.4193933460609,164.1835848066633,-0.3591644934180166,1.1163001747350616,1.0903799708674486,0.012037485793459297
204.31479362968471,203.01635385792196,-12.156197677340803,18.685221950545085,-0.012876451442946331,-0.647957605617973,0.028587811446042836,155.69738722817956,164.4113279825985,-0.3604783520404833,1.1511930087106979,1.0762846624831146,0.012038396599774862
204.51494712932765,202.86121587928733,-12.005004466913228,18.766036223792614,-0.018245512264633872,-0.6436400997045324,0.03737208388257081,156.01456728780514,164.62822550374713,-0.37968980830797133,1.1958013327881087,1.059438377611328,0.009546527714888332
204.7150982863692,202.86583108045974,-12.151223596756783,18.778239896247225,-0.018008298469419863,-0.6438740488434819,0.037634203172949354,156.25200926846674,164.83678621775152,-0.3784493857067225,1.2143281572471114,1.0411744114565116,0.009602258852608363
204.91524708662547,202.80451727371337,-12.158815983824125,18.79016562005819,-0.019734763399135134,-0.6420783905099405,0.03901090119653397,156.52877035685287,165.04830005139905,-0.38009264656854047,1.243403476096276,1.024229983747373,0.00914277063504505
205.0,202.5642357704783,-11.787590666647706,18.630749615306264,-0.027243204752302037,-0.6364784582659384,0.03271682750185607,156.55299271196077,164.51680819814158,-0.48675526231319927,1.2337355457274821,0.8901557842993495,0.0027491360052898633
205.11539351630245,202.75563219584254,-12.271064685501356,18.602454424509588,-0.02145769489972256,-0.6426056522640791,0.026646678325686263,156.62077279579327,164.61001820635352,-0.47204148159533627,1.2211668686244637,0.8748079871760874,0.0046467278247005524
205.31553756199617,202.6049189867923,-12.097095119817025,18.553053366903594,-0.02584817523909896,-0.638459410303249,0.024449444464810097,156.92881627290333,164.80455403604972,-0.46576532318677843,1.2585912354070092,0.8595705824490202,0.005335015260969188
205.51567921069318,202.30777080509924,-11.594774184332145,18.42369175037051,-0.034110840422493204,-0.6298351280485235,0.01811388330083328,157.3090764941557,165.0232912463914,-0.4489486426145987,1.3156913467964906,0.8520706457978395,0.007202977603965585
205.7158184497711,202.2248776001546,-11.559014652804079,18.496511732549727,-0.03647504344044974,-0.6271695020466532,0.025333662759141055,157.61573394935257,165.1855645587367,-0.46580567715615634,1.347265080892848,0.828546443133356,0.005603663933100014
205.91595526699885,202.30849854719878,-11.89638415126673,18.546487678309592,-0.034165590425132245,-0.630111854683023,0.02746426910953588,157.8452779146608,165.33225143481692,-0.4702378625159453,1.3544517717634175,0.8011801882323484,0.005159896271255523
206.0,202.43316900908948,-12.169420507254033,18.458439364355314,-0.029975040877681908,-0.6334628402229285,0.02350159447745351,157.8897232532977,166.2094359069934,-0.6384092111944724,1.354183777940297,0.9565918168047316,-0.005731897060409484
206.11608965053722,202.6771957873084,-12.813046878834287,18.514242066201778,-0.023499682908427733,-0.6416371557502272,0.023446188891148325,157.96342885047494,166.29770594914322,-0.6386949418848692,1.338370397291134,0.9384369184144524,-0.005779944480286094
206.3162215889393,202.782673422377,-13.191292714840923,18.541848187695315,-0.020515024808425757,-0.6452030380401095,0.023394741486304618,158.19032439250913,166.47214209875798,-0.6396996436646284,1.3438726496022126,0.9150205327410598,-0.006052904332675966
206.51635107115078,202.85001737888018,-13.482157640931618,18.5177179677738,-0.01849566280612199,-0.6477002726779846,0.019661493823989636,158.42868882142747,166.65253942621553,-0.6316375254937325,1.3523434642171506,0.8943607853135864,-0.005020390851330258
206.71647808651056,202.33060365429256,-12.441604707616083,18.395653585361703,-0.0326879431917841,-0.6311281909974473,0.01827621446866294,158.9479753612229,166.8993875037013,-0.6289457971437329,1.4446581115665604,0.8930006420098922,-0.003886719855640818
206.91660262475114,202.71370823739892,-13.530038271468147,18.589500772655978,-0.023497189663138886,-0.6445812659144298,0.02683095611040951,159.06676741270067,167.00979962191343,-0.6518471784935684,1.4128466825978747,0.8534945910535637,-0.006488982894210786
207.0,202.97641462553338,-14.136598026633248,18.58625364192821,-0.0160771010535083,-0.6523346627190727,0.02475372361360736,159.36699196296516,167.35376157642327,-0.7353069301721364,1.4570034329726878,0.8985048417742674,-0.011757835592600008
207.11672467599897,203.24568608317261,-14.849481191027811,18.772100209002208,-0.009164621521940381,-0.660874740443939,0.03516357282092182,159.4460002337479,167.41578019097702,-0.7608517884447747,1.4380815328105725,0.8738171703168899,-0.014393763716156562
207.31684396346637,203.27962057924734,-15.061282632475816,18.806856536337918,-0.008164349173130305,-0.66190593630424,0.0368748218240939,159.72082677143692,167.581369283594,-0.7678489161848876,1.4509086195784198,0.8507377546712558,-0.014806031370837096
207.5169610253739,203.1591776455479,-14.920606309687356,18.759027965285693,-0.011399240542058648,-0.6581685408400028,0.034358016414244984,160.06555884086325,167.7684756980241,-0.7645981383042967,1.484475921909434,0.8346509765918967,-0.014029996114505196
207.71707557307892,203.30650457592597,-15.391904458943312,18.9103912749059,-0.007304022663420306,-0.6624627864348027,0.04390526769385977,160.29138045373097,167.89278682481654,-0.7917500376413041,1.479872723401506,0.8015059578311684,-0.017092209802102944
207.91718759828674,203.3003742147825,-15.526873224360441,18.878162638302786,-0.007631776281030474,-0.6627147103117238,0.04042098212003135,160.59577861548706,168.06134345469331,-0.7860077898101121,1.4991970039392062,0.7817283560509332,-0.015826902295728314
208.0,203.2513772432492,-15.464224592560432,18.696343249073536,-0.008666145757269417,-0.661479015369992,0.03293111642745062,160.61551901582104,168.39725726408375,-1.000634563897431,1.4871960621183973,0.8276711634119571,-0.029379119459487388
208.11729709309918,203.25860351217327,-15.545363670624832,18.754803375136586,-0.008219870331319904,-0.6612501429872829,0.03747452298908364,160.78442186668568,168.48405430123267,-1.0148125486829054,1.4945762825798778,0.8124314546904662,-0.030883101189601858
208.31740405001491,202.98720811205504,-15.10201934301043,18.49379120629839,-0.016364767235034012,-0.6542090193215777,0.019416398051360948,161.20943369626073,168.70977627000883,-0.9773753202383857,1.5503871359113117,0.8095520194898531,-0.025479058963996454
208.51750846193002,202.90073104490529,-15.03707215450484,18.372735652595072,-0.01849814786761407,-0.6519109726125073,0.010432689911301495,161.5567389870508,168.89620570484357,-0.9602683683974854,1.5786336915182528,0.7954937195340794,-0.02270874450178516
208.71761032213848,202.82422274218396,-14.980340340754683,18.35130655742154,-0.020207786460039283,-0.6492578499502468,0.009894005489476353,161.90590583937026,169.06176917534535,-0.9635031071235024,1.6054991219320278,0.7762218762324218,-0.022497211324958428
208.91770962433262,202.76613355101685,-14.963243512030425,18.4777968172276,-0.021536732354794478,-0.6465298452949042,0.021507207588102754,162.25674041078196,169.1943386111814,-0.9982505608371763,1.630951845816103,0.7487121692146502,-0.025831884538968175
209.0,202.72297140267355,-14.939368344891442,18.782538299138018,-0.02299485691101535,-0.6447567813987434,0.034273676567876124,162.54794501827269,168.36341363475387,-0.5979340060250623,1.6646400444680385,0.5599457862954379,0.00043224706778990235
209.11780636260377,202.87291408820371,-15.40840386071738,18.859106114722756,-0.01943201965293155,-0.6502070641043889,0.03733696238346045,162.69401306117658,168.4121849718877,-0.6048213767947884,1.6584177910286115,0.5398849614849278,-0.0004875266643306101
209.3179005314427,203.10064303643233,-16.163727202957446,18.82952093960081,-0.014295144003994826,-0.6595920385592408,0.02949924643792308,162.94628145735132,168.51413304053676,-0.5855989531256605,1.6501190553269822,0.5124366763258178,0.0021190701381486347
209.51799212574005,203.38929093245744,-17.04627730450003,18.911932432853654,-0.007245409060376598,-0.6702430964216278,0.03019906348086191,163.15547674444372,168.58580473559238,-0.5865614087003762,1.6282578167708115,0.4779863720417139,0.0020370140988154456
209.7180811407871,203.56720414143751,-17.64493267640903,18.875603661287467,-0.0027808558640197434,-0.677226717116873,0.023127166242527596,163.396606379017,168.6747466331558,-0.5680821369433404,1.6170203764536966,0.45017377906435385,0.004443929233911129
209.91816757227605,203.26805548949136,-17.034590944292695,18.888716717248336,-0.010737014071232152,-0.666339064394839,0.029499096810232255,163.89030250638493,168.78480409184914,-0.5836235760803717,1.6803976192387489,0.428746885292288,0.0034991555559516635
210.0,203.75088078942468,-18.2709939485924,19.090934941836487,0.0007788823458586419,-0.6825200223547723,0.03385858757847044,164.49325113124164,168.70080182625722,-0.4796153577444454,1.7773590737689597,0.3903069737486238,0.01105603585277446
210.11825141630075,203.91558565717435,-18.79965562351404,19.065680008523127,0.0044932299633491865,-0.6892212859990188,0.028072137648941706,164.64871881508,168.74423891175428,-0.4644440639544475,1.769229914809035,0.3733019921435564,0.012591851256050644
210.3183326693572,203.75456089729866,-18.499804343309897,19.140523432515977,0.0006875528349705728,-0.682508254918584,0.03710809763836163,165.06708054322988,168.81288308487166,-0.48385485479990564,1.8051623358581343,0.3438679576885753,0.010488335192038236
210.5184113283441,203.51418653730178,-17.953864232278367,19.23638329621572,-0.0044325999473288445,-0.6720750812870512,0.04957009669726396,165.52322091559603,168.87299789952766,-0.5129184378278604,1.8502544514030792,0.3134636033420872,0.007235008215702122
210.71848739056333,203.36463397146903,-17.65322208155529,19.263122193536955,-0.007353804781619489,-0.6655792427509291,0.05421673313031991,165.95387602472326,168.93379739988032,-0.5235180771878042,1.885139698699465,0.2844342307273917,0.005854752971551096
210.91856085372063,203.3666369000676,-17.774579540704394,19.327848456857676,-0.006958961410825913,-0.6651344017685606,0.05879810033984543,166.32470452356407,168.97574574483903,-0.5342971782276892,1.8996595173139577,0.25166802024664203,0.004640626174832038
211.0,202.17038463315518,-14.775542748817294,19.473650455844883,-0.034562084784796755,-0.6219372298239869,0.07656780639340324,165.32843144594545,169.31649307928424,-0.045487680652274265,1.6820457364120518,0.313477674876458,0.03265913185770312
211.11863171592623,202.10044832483868,-14.678320229896116,19.450785787973707,-0.036203979100819836,-0.6195961560894034,0.07519082479412095,165.55330511135972,169.35946058145552,-0.03849241456877921,1.6972094142145873,0.2988819009412475,0.03303712849000822
211.31869997569524,202.19765734780088,-15.125493907378695,19.40507215706625,-0.03434101211437071,-0.6246350402298757,0.06777855798090213,165.86145510626986,169.42389160624379,-0.013722768905745489,1.6986302381452851,0.2728133701633382,0.035684206429775496
211.5187656319483,202.4372911103017,-15.937126097655165,19.44373587129891,-0.028740633548830927,-0.6345510696414709,0.06479319578967181,166.09762943242958,169.4632226784879,0.0012541504198451577,1.6775391305653822,0.24081463676202086,0.037145893538497954
211.71882868401232,202.44511427565442,-16.126048894256193,19.376776842875262,-0.028747760666845198,-0.6358407469452797,0.05770355473850191,166.4332846078557,169.5227208066708,0.026729830682091234,1.687642410252262,0.2154836868767471,0.03938488760588231
211.91888913162083,201.96306148166536,-14.971470649376899,19.252056882198307,-0.04058998264073389,-0.6178057010808414,0.05582886405132026,167.0392170457282,169.61154960837763,0.03919651389209788,1.776738879551128,0.1981800596249024,0.040442958668492845
212.0,201.8024339982338,-14.60600418129859,19.186608644597428,-0.044078521114698226,-0.6121117604406827,0.05421352051671198,167.04065914655772,169.6176869755293,0.008465379503063121,1.7535510403576844,0.18566711759199317,0.0383464087024535
212.11894697491473,202.50264882509916,-16.66884408900752,19.475153253672058,-0.02838928726457439,-0.6398690116728095,0.0629474666933348,167.0016473600894,169.58730235626507,-0.005796586900033679,1.6791814040171857,0.15415398247202564,0.036087903774821344
212.31900221444292,202.54272702145116,-16.924543803423166,19.482845144942466,-0.02730252828659476,-0.6417468243185769,0.061610987775219846,167.31939407500204,169.6144670807091,0.004726913809234549,1.681659501089554,0.1245972322967704,0.03661832484349691
212.51905485116268,202.5775073995054,-17.142558290557083,19.562684105324056,-0.026034418053731852,-0.6427246015292328,0.06653350861847804,167.6334051379367,169.6237613200622,2.6645598970033782e-05,1.68282095356651,0.09112326161507862,0.036042975885578796
212.71910488644062,202.3572969673202,-16.655096391457086,19.62381331963747,-0.031044636024258065,-0.6335433219124312,0.07498051145150927,168.07824924921852,169.63814213396773,-0.014354598814563295,1.7228795159744208,0.05991567530299936,0.03384766598382564
212.91915232205295,202.5331749924576,-17.25421571451842,19.754328542937447,-0.026079246734641945,-0.6398574799567432,0.08110784473700249,168.31019096290598,169.6175237676689,-0.02335642540957906,1.6979162307048548,0.022003304943096543,0.032322510851138506
213.0,202.86679523033638,-18.22915868520973,19.539593750220252,-0.018650734093627573,-0.653242410003543,0.06824354904807682,168.71495312750943,169.8321350923998,-0.3901274320786771,1.753084228352445,0.049524502808565796,0.009743559736385146
213.11919716018636,203.0212278164209,-18.739263164602807,19.591258387094257,-0.014788319942756964,-0.6593093268027661,0.06869956400833073,168.86184441915617,169.82758277843675,-0.3897192225873296,1.737591807078063,0.028926389654359484,0.00964028763505698
213.31923940343847,203.19226792233468,-19.312400533402815,19.7028026649502,-0.009845655914437385,-0.6652221297285879,0.07355604067964742,169.12418818853612,169.81020005286146,-0.3992174089340594,1.7182323666860293,-0.006575165767860435,0.008183440783366545
213.5192790548184,203.1747381521665,-19.44353482101868,19.660999558265765,-0.010867912128249212,-0.6654874359427013,0.06891909511308995,169.4862671509776,169.81705375930756,-0.3860695331449103,1.729655001950907,-0.03432756016678402,0.009788206326561359
213.71931611774772,203.18814555712865,-19.52787225124902,19.81200136960899,-0.009083278885355792,-0.6640823354707527,0.08058163769024647,169.80027707218824,169.77905068157108,-0.41372639246111637,1.7259843802060673,-0.07257048212223347,0.006668008422234426
213.91935059606055,203.04933323226496,-19.40676811594417,19.661416367161774,-0.014598506478467064,-0.6612604282943197,0.068651658986276,170.26814641635542,169.8035839813191,-0.38123361420043494,1.7667746053151339,-0.09315408038167038,0.010340693201051694
214.0,202.58080108170674,-18.15866778511565,19.362524456708552,-0.02478323026689264,-0.6436850680241039,0.05951415843411803,169.99632784483063,169.58782882814003,-0.5767656321932766,1.6853359501454794,-0.1381766041226376,-0.0018160693958769927
214.11938254766528,202.65376877599377,-18.44165163294999,19.392412657003593,-0.022766049241915293,-0.6465580847090446,0.05990762842400792,170.16428786095508,169.56626397647352,-0.5777457340562481,1.6701255275527438,-0.14665362525940506,-0.0017950102046487828
214.3194139007166,202.71427861356267,-18.733742457736795,19.44095822099554,-0.02080741646106596,-0.6487320319407155,0.06174279765077421,170.46316554397538,169.52845453904231,-0.5823779575875236,1.650897474799501,-0.1607115421174296,-0.0019019823230354083
214.51944561763085,202.657019597601,-18.620280737324492,19.565836879131464,-0.020778707158976537,-0.6446382947137083,0.07271523381693581,170.7984263550559,169.47494571634775,-0.6100555884533748,1.6438222622506056,-0.17907635828711607,-0.0051863194632231074
214.7194776981183,202.42355256398932,-18.20332454107156,19.440166840629537,-0.028289803223273784,-0.6374358157584553,0.06508496155155781,171.28306107424632,169.47083949055502,-0.5919248372545995,1.6800533395723878,-0.18475654409860817,-0.0028697227410743277
214.91951014188615,202.50095896347264,-18.690036867388926,19.329374244830568,-0.0279792237794433,-0.6432748220116798,0.052328205796117605,171.60009495843303,169.45938273931412,-0.5590662732591987,1.6659762345273972,-0.19036376214432554,0.0010105781979271528
215.0,201.87811557265107,-16.956467333713906,19.492125355602948,-0.04155033915355276,-0.6179909669875238,0.06562784938362963,171.10230580218675,169.5853648582604,-0.18403715063899923,1.5425310893311808,-0.15813555673470253,0.02337392346892596
215.11954294863864,201.83821837526688,-16.846778742868064,19.642811685619936,-0.04127626753279997,-0.6146467646199701,0.07859364249339117,171.28743677247493,169.54603260733992,-0.21168921751754508,1.5363973924323782,-0.17053108220545213,0.019921720296712096
215.31957611807698,201.86188521500054,-17.04415350893009,19.684030016128663,-0.04020248631026753,-0.6155990470195566,0.08015252966719888,171.57528607538305,169.50619196967034,-0.21139448801831193,1.520010445725897,-0.1830073328018127,0.01949722848028515
215.51960964989945,201.6684570902987,-16.709284371575453,19.591168244224715,-0.04613358766913505,-0.609497060791025,0.07447240940400213,171.99091675223147,169.49020126506963,-0.1937728293320529,1.541917640632087,-0.18979292118741187,0.02140831526850089
215.7196435438014,201.63957394108596,-16.797285723196197,19.569964568198767,-0.046973417696081245,-0.6091782052647754,0.07174994603108595,172.3146001595381,169.45809547374373,-0.18264572519606878,1.5365615793721212,-0.19960230130436143,0.02217535340592213
215.9196777994751,201.8878898734545,-17.62771136119131,19.705722111231232,-0.03964969187618261,-0.6188965719254882,0.07671956541949404,172.4499055067857,169.3915184537744,-0.19058416960128616,1.4777983412432396,-0.21638820029932718,0.021051892862591067
216.0,201.74453193097114,-17.265615360450646,19.93609861719862,-0.0427062356217623,-0.6126047915116637,0.08849289270446181,172.3524933367213,169.83562578803222,0.09176981719502214,1.4337535815677898,-0.1235067048664614,0.037510965089948264
216.11971241661004,201.54627792299544,-16.80365607908306,19.91556988899613,-0.048153459915062945,-0.6050097746552301,0.08971063505856325,172.61269279565937,169.8273146621541,0.0928987300658104,1.4539051658568762,-0.12762756848903084,0.03698101730538814
216.3197473948928,201.6344406110096,-17.124404461131835,20.060186603358286,-0.044383740748842895,-0.6073026197074388,0.0986528493717886,172.8408194044602,169.77975411228377,0.07911900030223369,1.424273102191267,-0.14243976911448739,0.03496424790686785
216.5197827340069,201.9518395819659,-18.22074270205307,20.074148383767774,-0.03599114432652745,-0.6214694190794626,0.09134118470116316,172.95544764089757,169.74894792455007,0.10499686708106162,1.36231484865098,-0.1509673705489419,0.03686034167646784
216.71981843363312,201.84849319808316,-18.200148987071508,19.956896914563973,-0.04054815397905256,-0.6200053355572754,0.08125786395464088,173.31221446257365,169.74684652051448,0.137765016013183,1.3734374905812032,-0.15264766717516687,0.04002951758824422
216.91985449344932,201.80179417414266,-18.197408262054307,20.00605796542962,-0.04143445673227866,-0.6180098857260463,0.084850103256376,173.60845478027704,169.70964315703281,0.13641618561414365,1.3672227573883469,-0.1635080596155781,0.03941308366158505
217.0,201.2428006358043,-16.539906168919707,19.917353339356588,-0.05389375264014772,-0.5948202792641483,0.08499908197105144,173.36665773568674,168.33854844480697,0.29257491616890613,1.2921876140381596,-0.444575411069263,0.05136801583417048
217.11989091313046,201.39919272066734,-17.024846034087798,19.960157250991088,-0.04853662657721894,-0.6006614247430977,0.08477149190863102,173.4371901898727,168.276433375272,0.2997553089277905,1.2578433535020397,-0.455516290657228,0.051810968701002866
217.31992769234876,201.31795877772598,-16.967278680498413,19.97281007841805,-0.05098435131939401,-0.5981022129648927,0.08566053986964194,173.72897027723533,168.18669818471847,0.30783914093920817,1.255098667170224,-0.46983282283647354,0.05203187371269123
217.51996483077343,201.12062069343276,-16.4866812635531,20.129034895011024,-0.0555880360458781,-0.5887356821221063,0.1012114861695167,174.0750656916659,168.07157675841964,0.2794271821295834,1.2685511911542402,-0.4907684853369278,0.047813368503279476
217.72000232807108,200.85054113511936,-15.945887447399244,20.092174781996224,-0.0643450658001032,-0.5793982276129168,0.10113319648852898,174.50518303946478,167.98989704223206,0.28840246020930616,1.3057176384595932,-0.5014203923538311,0.048157039268324195
217.92004018390531,201.16153622542018,-16.95922377405643,20.192735838553588,-0.05439449153685027,-0.5921251798845976,0.1014591019067609,174.5389199575395,167.8661911105486,0.29845574702981603,1.2280153392454567,-0.5221128857863965,0.04885823401098689
218.0,201.61718773082666,-18.38708338709947,20.412866522118183,-0.04328880373627288,-0.610705485022128,0.10677022951426232,175.05993177608215,168.3386950703541,0.3648020431700359,1.3032397411268544,-0.42439261919806437,0.052127804455312655
218.12007839793705,201.5809602238271,-18.41967083371752,20.37893582654269,-0.04485797202658755,-0.6103224363465791,0.10324889136875216,175.23755167334,168.29541634592226,0.3791881848350863,1.3022628784139199,-0.4298199788517832,0.05318257119861751
218.32011696982448,201.50080869929562,-18.24107950459489,20.493976193369345,-0.045664604586554546,-0.6055241913496576,0.11302376735673178,175.5195859971706,168.1927682982449,0.36606171538564297,1.29641127696721,-0.4473746013002436,0.050613073660465226
218.5201558992229,201.0891678360696,-17.14311264480407,20.52973388377992,-0.05682538269813379,-0.5876945252668871,0.12254385218810629,175.99889361404843,168.1060842725981,0.3509752096674832,1.3498041837316928,-0.45955851282323174,0.0481748794928637
218.72019518578503,200.863402085429,-16.67557562559623,20.453827432659704,-0.06365592804996091,-0.5796049925648401,0.11838266869943348,176.4075797461039,168.03591365607824,0.3700923563322132,1.3800341024194922,-0.46598937609031305,0.04959543131617416
218.92023482916062,200.78679406279284,-16.547465336279767,20.49376480905351,-0.06475674777433543,-0.5759826750304576,0.12140894085167431,176.7144048229515,167.93694515329173,0.37177305636383856,1.3789559121021102,-0.48013842721896416,0.048626762150580635
219.0,201.1428008217052,-17.725836580734356,20.194580619566644,-0.05623036762925379,-0.5923451370981857,0.10396838306694736,177.23007923473904,167.77969350759096,-0.10271176504493562,1.4496443546623703,-0.5130213503271922,0.019165661515139442
219.12027482899694,200.85341347242772,-16.853839990712835,20.138401941118214,-0.06289468165078024,-0.578961625832654,0.10486598749246054,177.5206402299543,167.72700722484126,-0.10413421554015766,1.4821381946924295,-0.5175831916106769,0.01855198832604013
219.32031518493847,201.35049932046294,-18.867951881786368,20.19464685693445,-0.0534046444672988,-0.6063254718206196,0.09467416466692227,177.61411577631293,167.62344394631506,-0.07274278089849298,1.4098838617176033,-0.5321504389198689,0.022272949945931066
219.52035589662694,201.41673868860352,-19.310292073305792,20.16685398844776,-0.05236655459725404,-0.6111964926878426,0.08864365514764426,177.86575339973456,167.5250371497477,-0.05292255896423528,1.39168449807513,-0.5433155442078267,0.02458832016826859
219.72039696370155,201.49359429894002,-19.710332138818597,20.200940359830707,-0.050007047808517766,-0.6151789296696265,0.08806467497804224,178.09105008031185,167.41054689819373,-0.04597881027969386,1.365884567874363,-0.558214305190721,0.02492280193118736
219.92043838579866,201.38533421519352,-19.50997763059814,20.219153412055718,-0.052573866289817084,-0.6104442068609208,0.09034938463839932,178.42670451084086,167.29935471591477,-0.04757356987405641,1.3745447988126003,-0.5705055227344764,0.024306787811944765
220.0,201.76955985500504,-20.834123807241102,20.205888637675486,-0.04300287741652606,-0.6278484995706208,0.08629594578689075,178.86360342278743,168.22516674027563,-0.26597239005238116,1.4412722412572008,-0.370792614701642,0.008925671692126729
220.12048016255216,202.1192802089475,-22.06784788017765,20.299882958858888,-0.03372619009211873,-0.6443335457066166,0.08516475990288884,178.87736835099358,168.16437452605084,-0.2599008430898035,1.3845784624778321,-0.38254387829143716,0.00983983753195208
220.32052229359326,202.2597715026112,-22.7521965257549,20.23830957191392,-0.030720496809020132,-0.6527872730764069,0.07494234127295403,179.08826761221204,168.09833172145994,-0.23242802427259893,1.354805966856903,-0.3887357131121543,0.0130593086197132
220.52056477855047,202.09788578056538,-22.41918507443971,20.24249616923243,-0.03555195413174489,-0.6460195094570265,0.07724406930630909,179.45304033320795,168.02721888589366,-0.23654788704847923,1.3745186753032843,-0.3948031785006127,0.012370056458498176
220.72060761704986,202.30846980132463,-23.17024746361735,20.343571545644497,-0.0284488608859312,-0.6547829845266205,0.07997793920209134,179.5785787641865,167.92225115481892,-0.2393342494755526,1.320608728420712,-0.41166922649847854,0.011576444149511724
220.92065080871478,202.24873566419635,-23.166321798117238,20.33526949902328,-0.030494545700453315,-0.6528845644090812,0.07891259101782641,179.88629934711167,167.84779743320982,-0.23471865209538367,1.3235581278972486,-0.41735565228087423,0.011515076664821577
221.0,202.4884357630962,-24.011190615039805,20.6572836874151,-0.02365598288381277,-0.6628258786073351,0.09166025669044456,180.1515844310278,169.21465968794422,-0.03329062522717208,1.365349279707875,-0.12560569993546777,0.021842168490099734
221.1206943531661,202.27389342633418,-23.441832291143964,20.651937962667954,-0.03010006291795294,-0.6533601171739982,0.09475753682890115,180.42364786510612,169.2081391059204,-0.03942531590387254,1.3958424934132576,-0.12320673779582023,0.020683043941456373
221.32073825002215,202.419490875137,-24.076723133908754,20.66973409480234,-0.025940608020216388,-0.6607544803047949,0.09121558935894994,180.6224236927425,169.17962471842512,-0.025595924887937056,1.3636168431708713,-0.1272616235628485,0.02208391193581243
221.52078249889865,202.33486541601468,-23.964284105970545,20.680414731169343,-0.028398271855289498,-0.6571829606612557,0.09227149386545636,180.9436521001139,169.15847450148027,-0.024392533906537634,1.3715472795425439,-0.12761989152417164,0.021889552964756247
221.72082709940892,202.2628509380341,-23.906139031439114,20.665397597084898,-0.030633707981454678,-0.6545356943230695,0.09083016908066224,181.26426553616676,169.14238079450124,-0.01697783754731622,1.3787556890646464,-0.126707281267087,0.02214179849777698
221.92087205116363,202.55730164623404,-24.980180838225586,20.74723796652729,-0.021381556172179392,-0.6681652158793423,0.08958017101977309,181.31654425133414,169.08888996683086,-0.006477045430344055,1.305539272734917,-0.1383630020891937,0.023031496510439637
222.0,202.3519170492926,-24.337565323645443,20.951839892120965,-0.026476840934114416,-0.6581169657240616,0.10043496001355573,181.17311420900583,169.04796010726653,0.30538694212464707,1.2546599285030415,-0.14499839532073264,0.04233916500740094
222.12091735377112,202.27486010823742,-24.261324029011185,20.881374506663516,-0.029646815249651143,-0.6561626050199806,0.09477017671769858,181.3707409955417,169.04664432889504,0.32315800177372106,1.264103806975303,-0.1409042991985772,0.04414660115207496
222.32096300683716,202.35086479745036,-24.6233951087466,20.902912026762177,-0.026747536611338763,-0.6595946170814027,0.0934106675592819,181.57148660352496,169.01326628526584,0.33597313320556127,1.2386523695597464,-0.14497164337877966,0.04500141206787547
222.52100900996507,202.21802706424845,-24.375656465765072,21.00376910297741,-0.031143365049285707,-0.6535017592183184,0.10270452268608035,181.9061420557237,168.97870832053704,0.3210394799854248,1.2565759641461869,-0.14836951515006008,0.04244607557686712
222.7210553627558,202.3812104800564,-25.005384916789186,21.011562123441607,-0.025293287246711274,-0.6610262717877485,0.09825898243821876,182.0304164623087,168.93973195673533,0.3424364888778153,1.209155354482529,-0.1534241418254888,0.04428680743784113
222.92110206480783,202.10498008677922,-24.43312348485399,21.048574552963338,-0.035943370483087315,-0.6502291767646613,0.10448214253744748,182.5109803992193,168.9318307806996,0.3324163645840721,1.2709075239189578,-0.14845753584098156,0.042150096371461394
223.0,202.24569523151084,-24.87685330198604,21.16799291802191,-0.03155219442778891,-0.6557308830772318,0.10759143975419702,182.85877065288102,168.34156530094228,0.4487600307893117,1.3074277642024097,-0.2696982888630523,0.049695632046101654
223.12114911571723,202.10550707044015,-24.50771860956313,21.202531133538386,-0.03572787853059274,-0.6489872690722115,0.1123772457036306,183.09003082700045,168.3106854610304,0.442367983803791,1.3271589549875338,-0.27157839924947585,0.04800118193261057
223.32119651507776,201.77136921523908,-23.570437635162524,21.191732715201027,-0.045849535533842335,-0.6333656299761509,0.11690444577666564,183.5474850197896,168.27416892031235,0.43796442231941546,1.38240686835967,-0.26927439318900753,0.046362711283443124
223.52124426248068,201.56214641831738,-22.96686140269793,21.197878115369367,-0.05116145973557509,-0.6227390776682266,0.12046362418635324,183.94314243819895,168.22835601222312,0.43638882509837157,1.4150727357673802,-0.2707172923152806,0.04495154201917216
223.721292357515,201.57881731589222,-23.281267910222148,21.134515611253825,-0.051444053420817204,-0.6258908954759317,0.11202084508023338,184.2187368196724,168.19209336835291,0.46700700348289187,1.408611250032769,-0.27030149834723455,0.047885246504965936
223.92134079976734,201.50677554866363,-23.146852949424943,21.183562673285202,-0.05275874397413034,-0.621965572583697,0.1159730835058145,184.5410326316594,168.13342280553942,0.465645466891609,1.4161344571389796,-0.27515283785814404,0.046874819246677274
224.0,201.20517637573235,-22.308844968941447,20.941379843930992,-0.06226171822811238,-0.6098189094032038,0.10785647948638971,184.2065924209613,168.2989069292848,0.27158985995510626,1.331112064680273,-0.23774654177831628,0.03471199989597417
224.12138958882198,201.20700295840996,-22.381433213952526,20.995809357734682,-0.0616240063259569,-0.6096170016748295,0.1112242124028504,184.36015815090235,168.26306897158707,0.26804616692155164,1.3245223509680164,-0.24156956587456085,0.03394734096794928
224.32143872426101,201.52090489454756,-23.76629928401359,20.977594189527153,-0.05333158363156797,-0.6283302205510566,0.09938623001403053,184.44468667839317,168.21405346169024,0.3067346653724043,1.2600561012643003,-0.24623864632209136,0.03838254790734745
224.52148820566407,201.7127221586265,-24.509210746136866,21.058803296539317,-0.04623862881944537,-0.6372668394965387,0.10021207381693828,184.55307084798451,168.1431970569637,0.31465201993815844,1.2074488259076992,-0.2561865722386629,0.0388127538935905
224.7215380326087,201.56675373216015,-24.357309137240605,20.91409719265017,-0.052537123899143626,-0.6337387417986022,0.08864482041488199,184.915663167178,168.13463979763137,0.35002082691875014,1.2361933684183182,-0.24768449698453623,0.04193818281268641
224.92158820466994,201.50031468223844,-24.287957741900094,20.99267294873415,-0.054332475135982924,-0.6304707140529978,0.09494752055083597,185.2092320229618,168.07652163592897,0.3414001869396899,1.241941720045487,-0.25310166967504816,0.039979733476899496
225.0,201.37964849819357,-23.826257334298617,21.440467323729777,-0.056792244941640556,-0.6225740313784293,0.1157758204243016,185.16775079796437,167.96227582929873,0.9191925279922131,1.2109162626282857,-0.27301158218959964,0.07603812407468535
225.12163872142088,201.31335685010157,-23.66790974386696,21.56941774164271,-0.05845906668577143,-0.6184841520501173,0.12666413090991566,185.34832143050497,167.91496696818095,0.9024206427039986,1.2169244191040742,-0.27910669453096315,0.07327854994926036
225.3216895824322,201.0677968050095,-23.096683156636477,21.511629280940582,-0.06708964227835812,-0.6084222249561445,0.12457895612222675,185.74845651295274,167.88266994929495,0.919596015633212,1.2592432284384982,-0.27558410333293437,0.0740545597896223
225.52174078727242,200.85418708775921,-22.538542349952746,21.491556889870246,-0.07360801413412627,-0.5985217115088546,0.1255012606100147,186.1391736278949,167.84217897218986,0.9298653900555844,1.2963281096491044,-0.27468283102825086,0.07411956908784625
225.7217923355079,200.95786464125783,-23.11620224372021,21.509921415113432,-0.07029658719301858,-0.6053171427909898,0.12185372633649873,186.31286679840167,167.7851078724365,0.9554060814182717,1.2644392080921767,-0.27883878037206916,0.07546588386038387
225.92184422670275,200.581919926263,-22.00113208276678,21.418382687496432,-0.08224527691556502,-0.5874517568344996,0.12074794260457436,186.87169564802502,167.76788578564128,0.9685984461127634,1.349870019994188,-0.2714621559976659,0.07524610749272076
226.0,200.553497411091,-22.07759235807421,21.115342658124533,-0.08380260686764308,-0.588297190287632,0.10708711391096543,186.91714871353716,167.90817001008296,0.6006092000225708,1.3383340471588805,-0.24046164800007008,0.052128117747285915
226.121896460419,200.6117467179003,-22.398606582741696,21.18031453545,-0.08173862626348612,-0.5916956659788692,0.10961903005888561,187.04171046261854,167.8706950103066,0.6018388931502894,1.3230403619552595,-0.244480211602405,0.051933552226236857
226.32194903621658,200.78495438732625,-23.304937023542777,21.164418143146356,-0.07682200635568186,-0.6034721084966315,0.10124464391929644,187.19344052908158,167.82583549537983,0.6346254832384794,1.2818799108781995,-0.24661736220389285,0.055110937126952114
226.52200195365313,200.84295766432635,-23.6401305999341,21.311225002608104,-0.07406178685467514,-0.6060124477396496,0.11009237934873653,187.39484640175468,167.7530452821434,0.6247814193769393,1.2589374304064684,-0.2562443894158762,0.05289106054669918
226.72205521228437,200.57427590006054,-22.892605463272833,21.26326956793953,-0.08274998776639313,-0.5933365970380229,0.11023974553297164,187.85009613068945,167.7224348032899,0.6318022076567467,1.314794369821659,-0.25380712122437726,0.05286101103755075
226.92210881166383,200.48501566287655,-22.74790099551611,21.23741944310433,-0.08508139219874668,-0.589677818615748,0.10811013331896255,188.17456240547705,167.6822906003449,0.6469549639964101,1.3287568471999056,-0.2537265668736167,0.05389001301877624
227.0,200.70249659183787,-23.595921912322318,21.24001034675345,-0.077468821052703,-0.6010117732569551,0.10632336989196704,188.5815102995456,168.5343503771449,0.50542611589707,1.3925002540924953,-0.08206768442066026,0.0439809206817907
227.122162751343,200.75244097216438,-23.937985596659836,21.220761825551275,-0.07604255964477986,-0.6051231662171527,0.10191032229973765,188.7192114040543,168.529150560085,0.5218429225396689,1.3803386168916976,-0.08045764865014629,0.04578271744033594
227.32221703087134,200.63996807790295,-23.67844988267112,21.19590872110214,-0.07893797665459243,-0.5997457632452381,0.10079665020370256,189.05707299376894,168.52012215214268,0.5325298323684308,1.3971915161741792,-0.0783738172036445,0.0462742574414014
227.5222716497962,200.47969717858484,-23.252696543119967,21.047644276499874,-0.08339512026972204,-0.5926209911143706,0.090785057032094,189.43781920571814,168.5319768244555,0.5646376349064139,1.426167957354754,-0.07008681457422333,0.04948617670480515
227.722326607663,200.57039552597215,-23.85135300904453,20.99858117431007,-0.08059512009120093,-0.600080478654674,0.08207637463134469,189.64214656310548,168.53054171709246,0.5980963334997208,1.399881112742558,-0.06597916296529473,0.05277516380386516
227.92238190401508,200.64589648746588,-24.351640708860494,21.094926711044607,-0.0780058625822966,-0.6052224406569376,0.08602317643710967,189.84609263513175,168.50316137055802,0.5997880877795294,1.3747857654132007,-0.06865342859040684,0.0521629375730877
228.0,200.61263295273454,-24.420313649612776,20.759875457377486,-0.0798461981734214,-0.6059520306000058,0.07108144100429177,189.88672985417728,168.6286837137917,0.19867970123724027,1.3619634326933072,-0.04212074963713447,0.0269990691792752
228.12243753839385,200.3585617163753,-23.558821032166513,20.604787939569853,-0.0876477334978345,-0.5929498636633093,0.06408447224174336,190.20248978602626,168.6451919412824,0.21545044159092933,1.4088904082817635,-0.03529407103314379,0.02867837452045826
228.32249351033875,200.517280086459,-24.416181448659916,20.595387906331286,-0.0824410221104295,-0.6040444282773114,0.057334462723319206,190.3673668650756,168.64298683803733,0.23963908734615838,1.370085282993135,-0.03182524173519355,0.031051616452469066
228.5225498193872,200.44033338669956,-24.309834050168437,20.629256037092546,-0.08453041980048503,-0.6004739253893455,0.06067185882042363,190.68829524249963,168.63357034886374,0.23688324988776255,1.3817220790615319,-0.03097884578213119,0.030360481711873687
228.7226064650748,200.52326752331217,-24.829024162003055,20.657456416655922,-0.08132436953419377,-0.6063565230227991,0.05929853059702121,190.88208374022733,168.62549938238055,0.24782897249389468,1.3546344459213848,-0.029582105444458245,0.03111421769770757
228.9226634469351,200.43485226954795,-24.70209057554621,20.779213190695454,-0.08419481829052558,-0.6018304801375473,0.06990892733161445,191.22622837502877,168.60081640349296,0.2255349214095699,1.3728629550250315,-0.0332277922720089,0.027870751032402205
229.0,200.45387407354414,-24.77049462292211,20.9964458889861,-0.0827790062007923,-0.6018893643995173,0.07908344892750055,191.38578964690566,168.53917327658624,0.4736161949324579,1.3817982217447717,-0.044334840303982846,0.04329649882939471
229.12272076449986,200.67691447900953,-25.7656465859199,21.189829694343157,-0.07517671807630347,-0.6145858048692812,0.0877878194506614,191.40792931596135,168.51227571795596,0.4614069099053306,1.3324056917950462,-0.049061745098849925,0.04148339586344135
229.32277841729896,200.658548049202,-25.892761380978932,21.124978770251357,-0.0753737069954557,-0.6151354306290405,0.0810863086026163,191.67619799782221,168.51455975851133,0.4857930467283503,1.3298338224968391,-0.044248220977641334,0.043628843316558384
229.52283640486036,200.52946346847708,-25.61428373350186,21.14751693488355,-0.07974666646740192,-0.6089090293206803,0.08427006717088299,192.0362147766976,168.50471673841275,0.4852264468144671,1.355277684871149,-0.04342972199035448,0.04272204192899193
229.72289472671017,200.55337137135078,-25.872456256456505,21.306376916256475,-0.07830314364734342,-0.6101071681722541,0.0948965552158904,192.2736224150916,168.4726956823553,0.4674395524021532,1.3419886607301779,-0.04791707535529585,0.03986876557883699
229.92295338237264,200.6010874510543,-26.28036796688857,21.20380721129886,-0.0762813495035291,-0.6151592466723137,0.08308227118296621,192.48067533216326,168.48762096117184,0.5070821798164755,1.3212071168744461,-0.03958226201223623,0.04387301988514445
230.0,200.49728831074557,-26.083502449477923,20.83230942419375,-0.08066852947195852,-0.6120839160891939,0.06712054421893567,192.40549342512952,168.38370291723905,0.10610387011372285,1.2857931168899928,-0.058142574466052074,0.019013140467932742
230.12301237137035,200.59398610585413,-26.530896669824614,20.77693222142664,-0.07638899768318222,-0.6182669856533224,0.059524079379759974,192.48707492515274,168.38557610417269,0.12746133690166628,1.258658397776903,-0.05417725482121538,0.02159985646203145
230.32307169322397,200.50612105965558,-26.43293694547261,20.788633242727396,-0.07957748760259872,-0.6147307138958712,0.0609656009706403,192.79709001092925,168.3749666707426,0.12747168209841897,1.2716552461943702,-0.05301673009299358,0.02103635291386776
230.52313134745236,200.69311845590104,-27.22154547590582,21.161118882012538,-0.07133217244183329,-0.6228815726591556,0.08575436491926705,192.88036751829762,168.31112570088038,0.0730738658375277,1.214919700088616,-0.06560422545306008,0.01412825292276808
230.72319133357274,200.7071119850615,-27.438576129647593,21.158076413007656,-0.07010454238124589,-0.6244797564110716,0.08350390814086558,193.09505776970062,168.30179079377118,0.08197867882583448,1.2004682978039234,-0.06296855820092673,0.015232502342275146
230.92325165110046,200.7064948388211,-27.556650180880663,21.2463530836126,-0.06914295839026678,-0.624059918864517,0.08938339238277067,193.31779250957476,168.27510311959227,0.06992026251627766,1.1892790032869551,-0.06524496714350933,0.013763676850762442
231.0,200.97850629102297,-28.666671611937687,21.223623801549916,-0.05900564900028377,-0.6395881625147207,0.08554316026633653,193.87722045298153,168.85926208804574,-0.11803068862921869,1.2778221239917147,0.04886762260784355,0.0017756315993950021
231.12331229954924,200.89123244597258,-28.404655284800146,21.356885789569173,-0.06188291588331671,-0.6336206803914851,0.09770198824678546,194.09173011903894,168.84687880030995,-0.14724734810458107,1.2929499844758483,0.04548901209247557,-0.0017309845121324112
231.32337327843103,200.86830569047947,-28.470214668545964,21.398569597475543,-0.06213209114199637,-0.6325863197507491,0.09990075161188984,194.3574649216439,168.85240462169736,-0.15304753982783229,1.291323183687342,0.047672606483069035,-0.0026522386727667636
231.52343458725613,200.89210388102765,-28.68816169440075,21.447657779490157,-0.06033186655279551,-0.6339444937110328,0.10166319416384884,194.5814390288768,168.85796769933907,-0.1575616482040337,1.2768088100617359,0.05053685982788585,-0.0034542061960449438
231.72349622553315,200.93430035076554,-29.062072524825105,21.413981984079,-0.058461378288829184,-0.638034085135774,0.09563550812533539,194.7858381633751,168.88062671308174,-0.14218657787777364,1.2572133892002881,0.057563430447164665,-0.0014607490017857511
231.923558192769,200.83350935341036,-29.054639293617974,21.29810539296338,-0.06364949714333072,-0.6362249030962224,0.08551162026763391,195.14289698465078,168.91859192062387,-0.11719176340622611,1.28268701677713,0.06778727284690989,0.001388117180505065
232.0,201.22913101054394,-30.449661722044247,21.654106595627077,-0.0472654841468264,-0.6558426545256444,0.096783228272415,195.9899748694528,168.85166946761768,0.132824072952964,1.4230680426026328,0.050939236712180105,0.01654736642622682
232.12362048846902,201.24439770344569,-30.578434343399305,21.73123644507657,-0.04619540698785905,-0.6562493657503874,0.1017280717714883,196.14952412063826,168.8497457207937,0.12352331124781728,1.41744891378125,0.05087058857495693,0.015416909961044199
232.3236831121369,201.25291420680472,-30.683764638033576,21.8919245059409,-0.044821454179573825,-0.6551848201079379,0.11324797832688649,196.41584739616513,168.8391783845704,0.09905995748607027,1.4111864492327795,0.04873082447623117,0.012317150193794528
232.5237460632747,201.21105017896593,-30.655000432970468,21.941271077739327,-0.0459236164386519,-0.6526039613644788,0.11646876518408185,196.72635313119548,168.84285166043915,0.09309525500703804,1.4184660461837477,0.049992165455349666,0.01125354995726869
232.72380934138295,201.0616609520936,-30.323793162739207,21.859704708937553,-0.05227035948834235,-0.645826406024799,0.11100865700224805,197.15188692197503,168.86515294605383,0.10735921555642733,1.459072927089213,0.05591012359287025,0.01233469893195993
232.92387294596048,201.09965568529753,-30.604836421111532,21.956924427200033,-0.05002423086252217,-0.647815183722471,0.1160957875504071,197.39007127960176,168.86513576586992,0.09729272641991561,1.443923967642672,0.05657933538086397,0.011225135546829553
233.0,200.91808846652486,-30.025445060228115,21.862394941823773,-0.05730101400867659,-0.6385120184769035,0.1137961140418398,197.14957830361726,169.2244029841222,0.03518559316152968,1.3779116331072092,0.13043034399916187,0.007391342227805186
233.12393687650476,200.8460838539915,-29.89315443618358,21.825981991803197,-0.06028533599776173,-0.6354080871072288,0.11110802445866519,197.3709918498133,169.24524443643404,0.041672667946357406,1.3928283202620975,0.13476100478847666,0.00803377784095921
233.3240011325116,200.6396334384449,-29.316124795375618,21.7215846340478,-0.068769836181963,-0.625023413260165,0.10551746427555697,197.81412563324727,169.28183628747624,0.054398593762806716,1.4421163180241856,0.1417926364865956,0.009439043701649434
233.52406571347524,200.7028381427193,-29.75908887839855,21.80996980829972,-0.06568645565041362,-0.6295232151032709,0.10884820047623686,198.0327940216518,169.30521980155632,0.04914314622891007,1.4211418160427252,0.14531358293310842,0.00907863087683144
233.72413061888855,200.71885248476175,-30.021158917949425,21.82932274954613,-0.06460054764296837,-0.6316216540694657,0.1077497069200387,198.28823238560017,169.33768108066892,0.05420288786418429,1.4124278732227846,0.15114962507092478,0.009752744783018307
233.92419584824285,200.68393335936045,-30.118575356641944,21.76514090891002,-0.06591342460593803,-0.6315674278494715,0.1009860451360941,198.59694393437164,169.3838186762698,0.07350697430590963,1.4192083846096766,0.16017439643548556,0.011809474874645048
234.0,200.69103681617062,-30.23506748466763,21.72801309276506,-0.06556878005002227,-0.6326299309719278,0.09869620665514292,198.729629803011,169.28116568043282,0.019772313053545106,1.423635164391641,0.13905046675490212,0.008413677995509721
234.12426140102795,200.733887680653,-30.514247270897773,21.78271593654205,-0.06339413507517445,-0.6355149936659319,0.10079188508138731,198.86666278215367,169.29584695804846,0.01649319637594814,1.4108942231905222,0.14133484018708908,0.007621754059463281
234.32432727673233,200.7458324874797,-30.781696898805727,21.747456241526496,-0.06259301009017518,-0.6379802718860592,0.09540647529117108,199.12827238125607,169.33484426827124,0.031377477082832325,1.4037484232322814,0.14917329645954783,0.009472661349471079
234.5243934748429,200.48208511728248,-29.883917760269583,21.751022914223586,-0.07339362639096207,-0.6218866910455535,0.10088222366611219,199.6482224181602,169.34924333105235,0.016511166576598364,1.4740785885089216,0.14856845155277826,0.007696060381645746
234.72445999484523,200.40410246425358,-29.762561922873175,21.644077354567447,-0.07615217897715583,-0.618832623504284,0.09224547306569542,200.0086113754372,169.39587565718367,0.03904955958085855,1.4941246060519193,0.15774839507031915,0.010004121543237803
234.92452683622346,200.44536779463638,-30.194481739069758,21.639887826045594,-0.07418212905284027,-0.6236347269693935,0.08836734874993976,200.2448856615416,169.4393631933328,0.052066115970975047,1.4772371991182658,0.1660409048888057,0.011281666756505087
235.0,200.67014502226084,-31.04429050322915,21.958781107197527,-0.06394751066448379,-0.6354668145342071,0.09893298442400628,200.83824847064113,168.74658464135396,0.3550566857826989,1.5677834691333126,0.02491817464035842,0.02996770100704302
235.12459399846037,200.76897267139995,-31.671882328806287,22.07144509834831,-0.060067407216043096,-0.6431153362376022,0.10335880500479201,200.95050207547766,168.74563625326616,0.3498914889324386,1.5433461983355659,0.02479964365210441,0.029000469385304498
235.3246614810374,200.8142466547041,-32.12449552133992,21.97705843117258,-0.058047667925224464,-0.6487739532867611,0.09199019802520346,201.20949133030413,168.77318509882886,0.38384846350485813,1.5298046321358183,0.03356135612440968,0.032294242565704796
235.52472928343454,200.90729248756082,-32.74967806503333,22.05924852202671,-0.053828685703558525,-0.6560140559569427,0.0938553902241779,201.4149776102666,168.78044574330087,0.38714628503278964,1.5014077364959268,0.03641466355035244,0.031900480259555636
235.7247974051306,200.8388030735304,-32.63139516001709,22.0549001317393,-0.0563495013066237,-0.6522236806279519,0.09363121956644106,201.7774118161201,168.78614371612377,0.3933096044919166,1.5202309518820323,0.03826279512205809,0.03203708542973321
235.92486584560288,200.64447986280038,-31.920693047989023,22.01595737680286,-0.06413724856628981,-0.6394231872081121,0.09452179269017612,202.29708450940728,168.78283246137985,0.3947331559901504,1.5826994715662586,0.037426785770217075,0.03189340904716785
236.0,200.73010640180163,-32.35722631043189,22.00468378169109,-0.060401778601761595,-0.6452868196052278,0.09261093193339562,202.60521774611084,168.80302319434645,0.3282947190718192,1.6194081552703568,0.040892860585602445,0.02742478244420673
236.1249346043276,200.60854149608195,-31.81201024774961,21.808967829801603,-0.0645178265707959,-0.6372305935773809,0.08016274810961128,202.8993306208712,168.82412905543154,0.3592477038072477,1.6501501530321263,0.04727240239501429,0.030883595622046463
236.32500368077953,200.44262049342376,-31.05801692818509,21.835853343826788,-0.07003876664646175,-0.6238485473613521,0.08684069501680904,203.36689362049205,168.81458936473572,0.34710548123164864,1.6959854536831651,0.04425289342836882,0.028965306122259723
236.52507307443227,200.377578532318,-30.856162207894105,21.957618977022452,-0.07176841154493095,-0.6182527495123962,0.09736741257208423,203.75731625828104,168.800188576808,0.3261132809439098,1.71604526123895,0.040112906756959235,0.026103188430854303
236.72514278475813,200.32579570133944,-30.76229728149156,21.77427439194607,-0.07304370193378731,-0.6163894247146123,0.08253340151814807,204.14059953763336,168.8373015450933,0.3683211846938065,1.7330027786071143,0.05043556249076433,0.030747841769965145
236.9252128112282,200.2267488601893,-30.298752742354807,21.840952872178825,-0.07568846421381645,-0.6073597690573449,0.09047187167583581,204.58843574220933,168.82240061455914,0.35229261078172175,1.7670815336010002,0.046413047582173995,0.028486291920240242
237.0,200.14874467194213,-30.09612918798097,21.66506270420034,-0.07908071479567845,-0.6038056153323784,0.08302784133352835,204.56373834166084,168.6741499405892,0.1784768957588855,1.740003757418144,0.01735585945703187,0.01769494651592261
237.12528315331232,200.146015450497,-30.23217784346348,21.612911033171745,-0.07888467046120448,-0.6051143161617623,0.0776407618365441,204.77575975558017,168.68573916516937,0.19342258774229934,1.7413767550397323,0.021148492027009403,0.019210967214744742
237.32535381047924,200.16893047907368,-30.63856483061252,21.694173561882664,-0.07777297153128587,-0.6088386179216537,0.08099815216219744,205.08918969804182,168.68684337211064,0.1898845716933073,1.736091075940978,0.022256638367768485,0.018369909991301787
237.52542478219644,200.2786673044015,-31.660391582317455,21.928852308927222,-0.07393840835566017,-0.6205835713761184,0.09249994404592862,205.30952632399197,168.6787495141197,0.16748754062351234,1.703287469380315,0.020525695532403878,0.015543008971944584
237.72549606793024,200.24526386584515,-31.713395762348284,21.79459768355212,-0.07481122879772555,-0.6204815419416579,0.08072980963361093,205.67154034782277,168.70681322855484,0.20020047844997188,1.7134165213570811,0.028676525931617767,0.01915963470817158
237.9255676671458,200.21049469201316,-31.70402878821727,21.809739055509368,-0.0755150102034261,-0.6184863821211234,0.0815334476211633,206.03969574069365,168.70903862058634,0.20155314278154857,1.725049533329178,0.02998308406759559,0.018554992611240818
238.0,200.31027664651214,-32.43604096852027,21.567894946135933,-0.0719009686712762,-0.6287932642622528,0.06827233277493205,206.40733460530032,168.35563425951761,-0.15114212625645757,1.771586734000479,-0.04203122617899539,-0.0034326747950822467
238.12563957930726,200.23302272303025,-32.050669007987906,21.4207729675302,-0.0742460198835282,-0.6229453592586404,0.0589383726738833,206.69045190748042,168.3612795564784,-0.1308469557972744,1.7939177430157955,-0.038079522390795886,-0.0009371829933781948
238.3257118038775,200.27592979339624,-32.604232212324995,21.459413773521362,-0.07235594738662635,-0.6291066945877247,0.05824708033375977,206.99322318800898,168.3595969137496,-0.12835696290159532,1.7826226316845308,-0.03584692974287805,-0.0005846792083037256
238.5257843403184,200.28800042699527,-32.90276147892906,21.403847049451944,-0.07130463318092632,-0.6322022972537784,0.05174949344877642,207.32144666713094,168.3673840787518,-0.11201748229329576,1.7796785075431607,-0.03107405868246916,0.001285380955539584
238.72585718809077,200.27728977866064,-33.007823315091855,21.314702825000058,-0.07089862013893594,-0.6326994550474156,0.043952626689920005,207.67376973994322,168.37776869657768,-0.09206306854365476,1.7837801717446116,-0.02538988682552823,0.003443592196316807
238.92593034665424,200.35574626627718,-33.87739118362686,21.493109550502652,-0.06794537439577619,-0.6424634247999407,0.05259225868686533,207.90765953102516,168.3642973629683,-0.1118864214231613,1.753746160479662,-0.026705349011277725,0.0012586349926892648
239.0,200.21504654783936,-33.08329307379368,21.570814786364682,-0.07306995215858979,-0.6301315068781066,0.058641831913548485,207.71538608293483,168.66591799819489,0.060352092849257785,1.6951490579078108,0.03623646223667032,0.011938366067753354
239.1260038154675,200.05663015226094,-32.21233225829881,21.385004187153907,-0.07909438069887276,-0.616965470463944,0.04950734576936418,208.0687652905535,168.67477250819493,0.08094823037246904,1.7399255410550012,0.039223071022862085,0.014461814201248237
239.32607759398817,199.93746344892568,-31.559793664886527,21.25001889349474,-0.08277958275831766,-0.6063985876472733,0.043089617609211525,208.52512969620648,168.68491286023956,0.0973953799651304,1.7765008166951124,0.04257159969122971,0.015966036667417985
239.52615168167287,199.94610622614658,-31.718651438148317,21.119776914856786,-0.0810894768872218,-0.6082946019630644,0.03182041403385507,208.85355356129264,168.71709630283524,0.12852402246306566,1.772872906771792,0.052085185638593726,0.019251473604799948
239.72622607797726,199.8885838276399,-31.37851675637588,20.986316529236728,-0.08191851799521954,-0.6026957900374419,0.02374825875865782,209.26364197612833,168.73868659503978,0.15176668384007036,1.7934906185197734,0.05793749862022446,0.022061630611107517
239.92630078235587,199.91766169779075,-31.897063261059454,21.045499052235403,-0.08041866751649925,-0.608181592196455,0.02545730070804133,209.5576412211247,168.75324377824393,0.15274839954607222,1.779467948941888,0.06088190471915799,0.021662978790816696
240.0,200.0372741835928,-32.72400351980266,21.071596169099738,-0.07551822473419653,-0.6194930058623315,0.024433237919538033,210.01323291090665,168.97215512392998,0.0794104659455113,1.8421857535110897,0.10396762528456135,0.016900532004308806
240.12637579426243,200.0032363484804,-32.65049919812653,21.084569302391955,-0.07661883068890483,-0.617060307877581,0.02620201038787603,210.27032168582892,168.98049236333617,0.07705461873917514,1.8533066452131242,0.10497236210785559,0.016419728291910286
240.3264511131497,199.98235737532974,-32.69436266112088,21.062485724059364,-0.07667064511047095,-0.6161394958968694,0.024563169246458225,210.64851790748014,169.00391696695587,0.08413689038504228,1.8612838766449653,0.10929703473356558,0.017109972517969262
240.52652673846936,200.12356378277954,-34.39675388236335,21.3640487904572,-0.07204577768534011,-0.6370314216734556,0.03769899245674596,210.82125596103515,169.02257459294825,0.05887337887542521,1.8071563154072485,0.11116519861665775,0.014069114948740752
240.72660266967233,200.03843831723952,-34.13645059408455,21.416641784716408,-0.07558735561387214,-0.6304593644402586,0.043793981549570794,211.27529826645173,169.02421062705525,0.0452740912367872,1.8380774874734485,0.1091019087095957,0.012353553512146046
240.92667890620856,200.11383394384978,-34.8526015930519,21.375109134430964,-0.07135566024887513,-0.6400615723482016,0.03593262940219222,211.51102186578996,169.07714832387032,0.0696607985519494,1.8060381583224723,0.12048870562846482,0.014649661336418044
241.0,199.7341843741277,-32.45562725052964,20.861971637086256,-0.08657425431141152,-0.6055980311439758,0.02081666672817724,210.63848628927892,169.19280678338473,-0.24732086372878107,1.6190697652093649,0.1452614131915015,-0.00513689222905969
241.12675544752713,199.80687721357262,-33.161898020159235,21.08323721513277,-0.0830606426684245,-0.6136536978003757,0.03401699731925079,210.75458718805024,169.19832939682325,-0.27740958712906666,1.5920889710815402,0.14345099925675844,-0.008967136722783875
241.32683229307625,199.71496369496433,-32.87227725029793,20.95851098545083,-0.08688235940173998,-0.6078991277816272,0.026244143414151124,211.15773793067333,169.23384564009214,-0.26158487331836566,1.617610944415829,0.1493175574780809,-0.006985891090262257
241.52690944230326,199.7955589883186,-33.531759294329646,21.046091233936018,-0.08182225202286496,-0.6160693047620142,0.029319756632003584,211.36040702575514,169.26921860093066,-0.2692248235150965,1.5826282132149445,0.15410523773433735,-0.007763010199883029
241.7269868946547,199.8345526612618,-33.92636967795151,21.11354332108536,-0.07881160249253395,-0.620178879727161,0.03248018800111463,211.60270235871886,169.3005084328716,-0.2780990192944073,1.561298401397975,0.15772423241805875,-0.008909098076847885
241.9270646495762,199.86186724207724,-34.11832446870994,20.99940576871547,-0.0759086012950664,-0.622743908206208,0.02249988852168703,211.8579330434308,169.35957336457258,-0.2537041492976296,1.5448707457765105,0.16863629536618385,-0.005821703377150406
242.0,199.8674705196877,-34.22004696094343,21.105815090073758,-0.07523456742250786,-0.6234162456658081,0.026289947512664603,211.97527616763492,168.80546059092245,-0.11203870294836157,1.5452389287558903,0.05629755328485976,0.002797241411463559
242.1271427065127,199.95135329749448,-34.798722768731594,21.278557163663084,-0.07025542066529829,-0.6304494467866354,0.03648896798180984,212.07272317702746,168.80512525634498,-0.13430135768182228,1.514209790081901,0.054666383394651005,0.0001639751089791792
242.3272210649083,199.92214369350214,-34.87353426629176,21.277692398054533,-0.07117266753173226,-0.629552156498977,0.03615962840770689,212.39211063126976,168.81543362957345,-0.1336043096263081,1.517558184043159,0.05633626316640695,0.0002346484638546307
242.52729972420627,199.78667967269732,-34.63553527967837,21.300807403055583,-0.07872928632039218,-0.622366753619818,0.03963604644694898,212.8389958267939,168.80789535898398,-0.14314725458433555,1.5573754627446863,0.05327696658695933,-0.0010173394795335094
242.72737868384922,199.8248443862433,-34.98365400299165,21.324546759647408,-0.07553487694718457,-0.6262223368279621,0.039487213958611794,213.07759537787894,168.82595777068545,-0.14240871298792823,1.5360149250699193,0.05698361930253155,-0.0012618935374565444
242.9274579432789,199.90142659567658,-35.42932268938514,21.33174772253492,-0.06986527257817371,-0.632229988738426,0.03744962453277938,213.25161158611397,168.85470101448675,-0.13651331301543354,1.497437579732955,0.06376240848699531,-0.0009932141084255082
243.0,199.84799997812573,-35.176451718080905,21.200200561085943,-0.07224425562011577,-0.6280223061971508,0.032930048567373166,213.24199933614443,169.27924299370665,-0.27783267200322614,1.474697723814903,0.14885673822426043,-0.009848876713292282
243.12753750193644,199.8900355123018,-35.3490397255798,21.114738103997198,-0.06883049817769914,-0.6308612955281222,0.025339730586069274,213.38138361248582,169.31474954159626,-0.26105947272092694,1.4584874706991888,0.15612331993729028,-0.007615644561451208
243.3276173592622,199.8720183112244,-35.45245727558857,21.105512163476064,-0.06906920773151425,-0.6305795076114772,0.02435516176871778,213.67809058260906,169.34758466272615,-0.26028974395798,1.4570148863468642,0.16036453013915233,-0.007369994259120815
243.52769751469586,199.87505556440613,-35.59460731485859,21.081482934960388,-0.06790030919201971,-0.6313294592577038,0.02199582096395411,213.9507655794308,169.3861299529897,-0.255936768785713,1.4485559965793016,0.16617576103307513,-0.007084116615839082
243.72777796767642,199.84245163829615,-35.76414399853182,21.177281671036802,-0.06938594609239382,-0.6308684035793816,0.028906390611334612,214.25930833277417,169.40425952819942,-0.2747593892006421,1.4505942851306586,0.16640068912789388,-0.009088658731595136
243.92785871764212,199.79691436404232,-35.69019565686496,21.01241951284854,-0.07115536075883845,-0.6287865764207909,0.01664923438003633,214.60329232036528,169.45971265280488,-0.24529848943316654,1.4619797447049827,0.17677309630440827,-0.005378450410491866
244.0,199.8162560392532,-35.859909413011884,21.129998246533894,-0.06992206052920032,-0.6304590585894359,0.021553023896646727,214.78921367100565,169.652327795142,-0.13241796938017988,1.4760710827184058,0.21441409112306686,0.0017618121050661266
244.1279397640307,199.94075748835562,-36.5905478411545,21.342493444412604,-0.061964792210909746,-0.6402466200559624,0.034002106799861806,214.82887808905326,169.67527042800612,-0.1596795645373142,1.428758075192594,0.21592895603849172,-0.001570696147343984
244.32802110627924,199.806347533057,-36.48953189455137,21.400574580520985,-0.0701574313444259,-0.6343797842707407,0.039324039274709774,215.24400469917455,169.6978089844693,-0.17345669029593574,1.4628562685284552,0.215347902064501,-0.0032326613168793834
244.528102743824,199.74805256614874,-36.494299641640545,21.42597905707557,-0.07305778459600197,-0.6317320317217237,0.041433325808274864,215.5901241395863,169.7320799057274,-0.1796109869890766,1.4752682982578185,0.21820749630127806,-0.0036299619050190303
244.72818467610094,199.7540309914566,-36.68240298216301,21.420400286409087,-0.07170903267029294,-0.6330744977056768,0.03996699151680354,215.8573386575024,169.7820942525679,-0.17642475207920977,1.4648786865247636,0.22466976971792002,-0.002858432445033702
244.92826690254515,199.68124478696288,-36.57797656451035,21.343001033628557,-0.07544541456544089,-0.6293714182658023,0.03462728305879627,216.24164677170052,169.82962297622254,-0.16381726380395648,1.4875639608890838,0.23073085244267555,-0.001573014793480144
245.0,199.47800231307187,-35.42696657224571,21.313503548420414,-0.08606949521710357,-0.6108894499903176,0.03739892033707519,215.7819757356688,170.51117919675607,-0.09200643322193627,1.380715041927828,0.36598091733044535,0.0027211142760028024
245.1283494225913,199.38673954904795,-35.18962907754261,21.213104791740022,-0.09117230417457053,-0.6057602234621047,0.031058855052984134,216.04719785781248,170.55935179597856,-0.07766932852785038,1.4044633842009262,0.37174757470236136,0.004282726284512759
245.3284322356735,199.36300229287974,-35.21863086463501,21.15010084357304,-0.09139587869376131,-0.6048965276836628,0.026212239517747683,216.339088197709,170.64143256000247,-0.06539432095436842,1.403767537782488,0.38174986938914324,0.005641048667807948
245.5285153412252,199.3797304353797,-35.69260799654193,21.34849822467174,-0.08949992847724465,-0.6090060854952015,0.03916236086323524,216.5577844180133,170.7020268158328,-0.09531141551068159,1.381918219390014,0.38453890508896976,0.0018811433708433088
245.7285987386794,199.30954418213992,-35.67218652222602,21.373829260177175,-0.09300623338698119,-0.6058711193388127,0.04137764728429614,216.90441217197852,170.76759002270555,-0.10098494697061948,1.3976415022803383,0.3890299498995039,0.0008687089491313154
245.92868242746857,199.31876423966352,-35.935828433815665,21.448809778958882,-0.09122673960088117,-0.6079173747688399,0.045762049454453946,217.1361881419226,170.8421371742889,-0.11178599371129141,1.380454861006659,0.3959721274001865,-0.0005499579173556737
246.0,199.3939124162642,-36.36284506074865,21.752427596685248,-0.0865106974614573,-0.6135460764638256,0.057495977663654704,217.45955007260864,170.6280731397064,0.2063191332228992,1.4210882650627505,0.35047226894193184,0.019127695941054103
246.12876640702467,199.38037532796506,-36.485108768209656,21.84404981222531,-0.08674347387312005,-0.6135014271387682,0.06381244543562892,217.64127900798064,170.66373732589832,0.1941574287287975,1.418473322436257,0.3523429236176233,0.017694175036010205
246.3288506767792,199.3957384514319,-36.69260178495647,21.747349791380614,-0.08453178158218315,-0.6160803650464901,0.05472302675840121,217.88868720064758,170.75476959979707,0.2197276916351364,1.4043890891393969,0.3651753185122547,0.02031193635289284
246.52893523616314,199.43055496211255,-37.08095838512326,21.87915314957217,-0.08117964598025836,-0.619935722744618,0.0625897419892881,218.09425890861863,170.82277171408893,0.20513865941057988,1.378731946736729,0.37034714597011925,0.018242835164157915
246.72902008460701,199.34552967276898,-36.99842706630567,21.881143617210142,-0.08584010824928422,-0.6157285753695299,0.06297573780328425,218.46569092013027,170.88576258526194,0.2071901796506069,1.4018562218669308,0.37442566260894883,0.01802858968811632
246.92910522154088,199.36730511189032,-37.261036682454986,21.892200607019486,-0.08320491325810113,-0.6184761707628367,0.06201679179942093,218.68431319069535,170.97086380303404,0.21370687661713236,1.3812884036651116,0.38374620696334316,0.01840014820637613
247.0,199.44212242180058,-37.74114519271099,21.871417790050643,-0.07844812391650675,-0.6256358645336959,0.05981451168386204,219.04695855614818,171.10731237991817,0.12977437817669996,1.4296871568529332,0.40780444302462143,0.013060944845364273
247.12919064639442,199.4966931646896,-38.1936329331503,22.15424788183286,-0.07422477910907858,-0.630207802373324,0.07905766719095908,219.14813721686394,171.14008403564546,0.08754348297705725,1.4025344331027576,0.4063676426281995,0.007908295997951172
247.3292763585969,199.40411621709845,-38.111710392804056,22.013628636184485,-0.07953992764625945,-0.626744423329823,0.06798559466322517,219.51940720700247,171.2308036352158,0.11499243919012425,1.4255920837882625,0.41631238751800476,0.011244946018793367
247.52936235757707,199.39891274718957,-38.29060663119833,22.106229716440097,-0.07882010130549714,-0.6271760658575057,0.07386035699630453,219.7880442153191,171.30588595215877,0.10297762395738237,1.4179556838953293,0.4213622323577384,0.009639154302768327
247.72944864276346,199.3570264612376,-38.30091707449939,22.252647371661084,-0.08059063213894112,-0.6241549875298368,0.08491065060199482,220.11027183667815,171.3634920696895,0.07667561725828698,1.4261005501456412,0.42160539302553934,0.006334131967540794
247.92953521358407,199.24582099412598,-37.99058760919661,22.291861760584652,-0.08710058510465997,-0.6159619500993284,0.08931301289356243,220.55730996600354,171.41787276839003,0.06523439559041079,1.4683520068479234,0.4215236394800018,0.004928077854570127
248.0,199.24698675182773,-38.145541751033335,21.875071926928744,-0.08664379542023913,-0.6186501715355498,0.0702630246696085,220.66854841289157,171.11428624114387,-0.42872932346125703,1.4690260593714675,0.3572235948587553,-0.025917820133009924
248.12962206946662,199.20291098982113,-37.83660805906747,22.008897493309515,-0.08876381398053863,-0.6118186099987692,0.08247916569377213,220.9144759925595,171.13325194661704,-0.4614875979917043,1.485084960869672,0.3534973749252375,-0.029645462958114974
248.32970920983846,199.29628438241255,-38.848596045011114,22.02253769446564,-0.08128392732520874,-0.6264147219814423,0.07668888505533966,221.03462044698847,171.23935847380713,-0.45124672157883927,1.4312916205140613,0.3685675219262094,-0.027544846288577847
248.5297966341266,199.23937628836217,-38.68929339308993,22.08454118035829,-0.08406152227697644,-0.6213152815574255,0.08211470997658817,221.38783166870982,171.2942361441391,-0.47088148678195724,1.4487432262732296,0.3696673962159573,-0.029280380239810833
248.72988434175775,199.18865264748516,-38.66815402092203,22.069983108903863,-0.08642539954000532,-0.6187655798414634,0.0805578484754331,221.73068236162572,171.36495376468025,-0.47332113511711793,1.4623103916800315,0.37495024304044317,-0.02932743390405336
248.92997233215826,199.14541162785466,-38.98412272714069,21.90578405177593,-0.08828025446891215,-0.6219933508555964,0.06506962907688145,222.0362244457448,171.47467810426093,-0.43876505147273787,1.4642798768394123,0.39012585641145026,-0.025009088305951714
249.0,199.07809226685757,-38.63534294718783,22.291700508407118,-0.09217644009221902,-0.6147019884894528,0.08189945959000777,221.84733907383412,170.73802594075877,0.08810119074936945,1.4085186665192366,0.2410981597550325,0.007614234419347516
249.13006060475425,199.05255905341647,-38.69631113423934,22.226820181594064,-0.09312967997986124,-0.6146276887448531,0.07610186047248449,222.0443158656863,170.77702896413052,0.10251457475702101,1.411198576520739,0.24560041656256598,0.009225145478350183
249.33014915897155,198.99671005702248,-38.56732043929423,22.35876302005412,-0.09573948301562828,-0.609569143126747,0.08676596445650592,222.38227322210759,170.80020584281405,0.0781899724486976,1.4249636868146083,0.24156713275102276,0.006254577727122666
249.53023799423565,198.89974357259135,-38.14759209299397,22.397451569352768,-0.10127642020158648,-0.6002096694799491,0.09177672791768787,222.79928723841286,170.82043893150222,0.06561257648800678,1.4609995045827997,0.23743239062269114,0.0046014081052528875
249.73032710997188,198.85960851301883,-38.16515398191459,22.368894592175142,-0.10270203893385567,-0.5986457261256118,0.08872503422724108,223.1253093612203,170.86966734233567,0.07390098332610129,1.4692441551277469,0.24112947866696807,0.005448166881425373
249.93041650560525,198.87796457709453,-38.5837863692963,22.440915022508733,-0.09985143801864708,-0.6033206381993993,0.0911226544719138,223.33540740304596,170.92550589892105,0.06970962045397329,1.4451228324444514,0.24581550652422235,0.00470065560402844
250.0,198.79886353075668,-38.34142985778809,22.18811415507852,-0.10458341177926826,-0.5987947143523634,0.07982266000855674,223.1324721363226,170.19449227637972,-0.16685245431271034,1.386534686352025,0.09828409361281637,-0.010072079005814853
250.1305061805606,198.8226480405044,-38.51878388944338,22.293833836017473,-0.10192420593053475,-0.6004110143990753,0.08668436917398431,223.27188976322057,170.20203201548895,-0.18381006945926448,1.3723555866695774,0.09689305943969484,-0.012150521006645473
250.33059613426255,198.76324153120322,-38.55861208893191,22.228009981191782,-0.10469267198346201,-0.5989345448348388,0.08063245796750913,223.59106047064805,170.2258715193192,-0.1720736755947669,1.3821031586796895,0.09845081449620877,-0.009974940616799426
250.53068636613546,198.66199459607185,-38.3267296670977,22.116135991426447,-0.11052126965834976,-0.5930179398007072,0.07273285685425954,223.98729064796464,170.24307429654445,-0.1558432865535799,1.4133333586368055,0.09796622594033297,-0.008097813201626381
250.7307768756036,198.79392477852997,-39.54286251095976,22.35160473522919,-0.09895597766903201,-0.6104471518652439,0.08324694760738248,223.96913661627048,170.28727580470093,-0.18060496155304395,1.3252554268491463,0.10428600437584917,-0.010857812877407067
250.93086766209095,198.65852960822707,-39.39492260483851,22.199939774724076,-0.10727948220891328,-0.605048466588444,0.07155219535844931,224.4113254055179,170.3089400813401,-0.1537317104462144,1.3696982102246122,0.10494917641966067,-0.007842012221354694
251.0,198.60715907049888,-39.30801349985597,21.944060918153138,-0.11025800009481719,-0.6031333158917259,0.05948347694510484,224.26454152820008,169.31237183312265,-0.3993277699717127,1.3216880612719577,-0.09452289519971134,-0.023052426166430263
251.13095872502137,198.61638678646906,-39.461564110753656,22.00309713504564,-0.10854485651109934,-0.6043985633453475,0.06303958475381888,224.40997216266908,169.2981143591049,-0.4103832157114369,1.310609338433242,-0.09761886645913605,-0.024180997706613652
251.33105006381868,198.61285832398917,-39.73071152448806,21.9917352589872,-0.10714661347078626,-0.6070468095156814,0.060266614048832226,224.64021706721,169.28791566388557,-0.40822336373863133,1.2966434641053277,-0.09830401331304658,-0.023940630444228006
251.53114167790636,198.57095082395185,-39.72965825860693,22.013262974619025,-0.10869401293425367,-0.604789376555895,0.061742494901786155,224.93352279111747,169.2598716220191,-0.4170752278177569,1.3017290257395928,-0.10397669333161369,-0.02481036473509342
251.73123356670797,198.5175923639445,-40.005854131772196,21.80747254835799,-0.11075351959697854,-0.6076061245471288,0.04366247759628554,225.21231986597908,169.27370951824855,-0.37629959873730234,1.302013751454033,-0.09793137490010818,-0.020066859617669016
251.93132572964674,198.4675315480362,-40.00764395151549,21.71540995309586,-0.11286753657120632,-0.605897359329126,0.03649897553930999,225.52383454397884,169.26151098762713,-0.3622395199326552,1.311010281729094,-0.09892362000978236,-0.018091789102374342
252.0,198.5663847922816,-40.51335799518941,21.745390243209933,-0.10551942599248879,-0.6143906099577479,0.036932497830789494,226.01747346930316,169.6488531707767,-0.40423137853395874,1.3861085552985624,-0.021647030455998403,-0.02077350626947828
252.131418166146,198.55033693723695,-40.63566094089417,22.053293314294564,-0.105549389870695,-0.6130125781254487,0.06013974630404066,226.19434019963228,169.6105271529663,-0.46088102265848957,1.3825738066817965,-0.032981238911035576,-0.02733205614492585
252.3315108756289,198.5363910383648,-40.86481824884896,22.03307625752927,-0.10491288437403642,-0.6148880787744322,0.056973799157071965,226.45302595644065,169.6121497348445,-0.4585151591131408,1.3744065618050862,-0.03277657048836579,-0.02678838695037971
252.53160385751846,198.55783226286889,-41.229407902725555,22.10591369132438,-0.10160421633281855,-0.6189300917523175,0.06030391605846657,226.65542422385127,169.61080018464367,-0.47124019389193816,1.3505017935125296,-0.03284909028668172,-0.02764123308672772
252.73169711123782,198.552307943264,-41.377815721025996,22.169218637044324,-0.10052751542592202,-0.6193112027301253,0.06416917934123792,226.90499132617109,169.5993428125997,-0.4863909240847095,1.341132998974799,-0.03549594877230158,-0.028944451212962807
252.93179063620983,198.61805333070674,-42.13340105549961,22.118230634162504,-0.09351237329021751,-0.6307720113059525,0.055357684056446976,226.97876885686145,169.64349201397653,-0.4673484277496323,1.2835791053809555,-0.023644143169466447,-0.026792986973289842
253.0,198.46409673165613,-41.46173717478288,22.212794191196487,-0.10377624477605385,-0.6174853346682829,0.06230585574323118,226.68532039650017,170.77694103368296,-0.33093116975036124,1.2120489677588822,0.20148023625150022,-0.018450279390085943
253.13188443185746,198.4491192903176,-41.57388119566074,22.12437766807264,-0.10383743886119125,-0.6184949961582807,0.05463466675553297,226.84386693489643,170.81599505530428,-0.31546760911792776,1.207714288537063,0.2075007269044723,-0.01652852406679376
253.33197849760364,198.4354227534935,-41.71013010074519,22.041083816714675,-0.10335264818291631,-0.6194347302585819,0.04727741078673899,227.07797933679004,170.87139594368864,-0.30119367274699715,1.1994648507122796,0.214756174620445,-0.014584901437901754
253.5320728328712,198.34456635775166,-41.6938435464754,22.007779373110697,-0.10846978278114233,-0.6159927914096436,0.04467801082570714,227.40647240513977,170.90582833691977,-0.2984130798483138,1.2185621160900193,0.21606991497951353,-0.014011789860234599
253.7321674370831,198.35554769675744,-41.942413011436635,22.120175725746325,-0.10593141299633049,-0.6179362928252445,0.05199324037068982,227.59493541356022,170.94369870657178,-0.3191404141485908,1.1976529701958394,0.21807728339232918,-0.016279748489263057
253.93226230966215,198.2069014309644,-41.81442942359778,22.110612602515612,-0.11528332088773716,-0.6113117756644735,0.05172124344111557,228.02650213070993,170.95794801593001,-0.32302622049006047,1.244461619663635,0.21416330449051652,-0.01630403149156553
254.0,198.34789007273199,-42.41416853801036,22.225783274361905,-0.10501593035895548,-0.6220764818965292,0.05385761353525536,228.43073454599954,169.66058138767946,-0.19771768709986196,1.3008696208674901,-0.04480321425704742,-0.00836774543717229
254.1323574500313,198.26817059177324,-42.16453832742338,22.07023731338439,-0.1102904161009595,-0.6167156578138165,0.04323796920131595,228.69608690313015,169.6556241251127,-0.17524743019026615,1.3265361974917163,-0.04533680639797308,-0.005529357579629985
254.3324528576135,198.2195860700882,-42.090747981525304,22.02905527496618,-0.11256628941109219,-0.6135398717676386,0.04056949852682516,229.00982744873374,169.64252492218205,-0.17060327100894945,1.3379597675422166,-0.04795545997085068,-0.0046578191716447285
254.5325485318317,198.29704353866782,-43.02362249527069,22.159820066510612,-0.10377070698539496,-0.6269158171081405,0.04517547786086471,229.06828400932093,169.66092742761714,-0.18017893109980207,1.2750811897882053,-0.04263268428769323,-0.005768238130355636
254.73264447210903,198.17091698158902,-42.67156130930659,22.06704198018229,-0.11221043609280205,-0.6180376081568469,0.040047010213382,229.509716642848,169.63067170368848,-0.17031942980867437,1.323017151926523,-0.04975737434470634,-0.004929496101915064
254.93274067786845,198.16882807510328,-43.1149002064496,22.315449726985893,-0.1099145948638929,-0.6216756948604144,0.05671834973751083,229.69487152293354,169.5993300879587,-0.21328310311640603,1.2981192370454477,-0.05730846770908796,-0.009832578754719523
255.0,198.3755846626164,-44.064128521290854,21.941365529797643,-0.09453467542324193,-0.6402902890803939,0.0373648661719715,230.42801879530668,168.8143502912296,-0.7301140596448558,1.4175427608448479,-0.21332841776412334,-0.04187341134620788
255.13283714853327,198.26655366895048,-43.46548849544359,21.682475218356853,-0.10296160086067127,-0.6296243219629298,0.021101633196278953,230.7781426445653,168.7824920823394,-0.7000695403040149,1.4654496838710493,-0.2174038971003656,-0.037600110625433183
255.3329338835267,198.29797086834807,-44.437781427639365,21.80571418833313,-0.09712382134008257,-0.642466512814653,0.025076270139207324,230.91618481220237,168.76090372742968,-0.7146190511475117,1.4198857605462363,-0.2161679227822195,-0.03871928507999943
255.53303088227213,198.23316873443585,-44.10450605323754,21.81628342712142,-0.10149216255769208,-0.6345778081684754,0.028302306256934764,231.30940799946592,168.69119049322526,-0.7317283214743733,1.4500676139682283,-0.22773575369501606,-0.039658359282039306
255.73312814419305,198.12529411165656,-42.95214916079149,21.69328636781373,-0.11117778732840693,-0.6145102743630999,0.026209480114864726,231.89199939094465,168.59389820233935,-0.7385585194936666,1.5318247115889163,-0.2456160732690355,-0.040071081508454336
255.93322566871302,198.10817535628757,-43.21883783252012,21.79983573116006,-0.11036344908183095,-0.6161147617771137,0.03315762805898239,232.1667862963673,168.53552993792667,-0.76398309285646,1.5241595517509996,-0.25337940767699146,-0.041696340655639236
256.0,198.28068519536455,-43.909073576257036,22.3748058417663,-0.0973738433779277,-0.6278589407435137,0.056322673834196535,232.8681479114469,168.43182650427963,-0.1645543114984499,1.6377622250270467,-0.2715894735646202,-0.0043881288681431735
256.1333234552558,198.26206905772776,-43.333331408031135,22.3208560498296,-0.09973274588085063,-0.6184513801769163,0.05571900687725362,233.1704181312678,168.37933262544544,-0.16549792496715277,1.66529120366712,-0.2794194720957249,-0.004565147213275322
256.3334215032453,198.2453954008973,-42.8628373848979,22.293807251600978,-0.10133855978943565,-0.6100586796280882,0.056517500780409596,233.57928656013834,168.30583472731635,-0.16986396974269216,1.6914369121135,-0.28936817785201,-0.004660329136403122
256.53351981210557,198.23083583228427,-42.449728609711485,22.204559038548084,-0.1026756349606899,-0.6029563291965822,0.05214524798253116,233.9910711707111,168.23996238187556,-0.1615353616249413,1.7166869182147186,-0.29655321527679407,-0.0032893930806248218
256.73361838126067,198.2265317921552,-41.95900484998486,22.215633256931394,-0.10355582296081253,-0.5943567563598705,0.05608218501046521,234.4145852066842,168.15491539516222,-0.17375114491232924,1.7444389056207767,-0.30842001455303075,-0.004482655943792018
256.9337172101351,198.1750185350407,-42.96099263960164,22.282128667240165,-0.10266977370124938,-0.6062805910582977,0.054713201803046965,234.64524310686073,168.12219615006248,-0.1686356271265695,1.717227520745857,-0.3065036559962642,-0.0038941515618045163
257.0,198.1634423676198,-42.87862584692698,22.55769410898176,-0.10325840240672522,-0.6036678008088775,0.0670064546159376,234.73686203286744,168.29270313548673,0.1571757142952286,1.714912473856414,-0.27030176117909527,0.01629238077841699
257.1338162981534,198.143842113502,-43.15240130513673,22.432262341985187,-0.10305989887551527,-0.6071907546798315,0.0554750964105299,234.94915017017632,168.27802213704652,0.18661177445321564,1.713148275409696,-0.26712968739087783,0.019857466281581426
257.33391564474033,198.1244217602747,-43.20138732274584,22.431085803395806,-0.10323442713790545,-0.6062217416067758,0.054987909865439964,235.3014406769868,168.22295410480345,0.19158207533941982,1.7206893300404518,-0.2722326440058128,0.0202334130806822
257.5340152493209,198.07568046347046,-45.27256946684853,22.51947550215457,-0.09817536687911607,-0.6340094403172554,0.048679690384381705,235.37894842603302,168.2376127480899,0.21642877401866653,1.647908005377625,-0.2586921934647323,0.022863615638914717
257.7341151113201,198.06055012450832,-46.29134599259144,22.719439386912676,-0.0945185776747289,-0.6462664918536831,0.057767225639191774,235.5526192839611,168.20089028147947,0.2008135625759048,1.6065209646044698,-0.25925683561691787,0.02053755195847397
257.9342152301635,198.03870886571272,-46.60051337811381,22.92382244593419,-0.09395016157993326,-0.6477019316614981,0.07150905440925491,235.84134107442816,168.12657405863843,0.17009252505989186,1.599167888891463,-0.2695393767960969,0.016819110023108014
258.0,197.84113916294604,-44.9797907008601,22.35902096545499,-0.11109984571123813,-0.6209227897473997,0.051597135352754626,234.95861368448882,168.37290263617322,-0.3162515795979777,1.4135088615848401,-0.2197588065303417,-0.013436117731823294
258.13431560527675,197.83803857752406,-45.12367059104946,22.40410640346063,-0.11005584919248591,-0.621904741173643,0.054176661804765866,235.13013932576618,168.34280916902634,-0.323832882866664,1.4065899837758604,-0.22201468543180164,-0.014262419573570616
258.33441623608564,197.81383595730895,-45.120297654438396,22.51835002662105,-0.11064534091357422,-0.6193037861771626,0.06289521348803169,235.4300663190272,168.2795630428476,-0.3478291620988529,1.4095203224127013,-0.23008398582200357,-0.017039267354175904
258.5345171220165,197.82313905778963,-45.605407120738114,22.490099291066453,-0.10711170607412807,-0.6258151376729609,0.0576006614547039,235.6243624456321,168.2606813027002,-0.3371869804278814,1.3820181392253044,-0.2263050636775872,-0.015785520102083304
258.73461826249553,197.72001614194707,-45.33018579153938,22.433736609547104,-0.11430119131777446,-0.6180154859225594,0.05464419101862224,236.06002593269065,168.18917045175561,-0.3345015751319719,1.423725501455006,-0.23592458834247673,-0.015460611721342516
258.93471965694954,197.66093026215725,-45.1441250298669,22.399711797518982,-0.11807083460204963,-0.6126286029495253,0.053008969911589925,236.44770819481704,168.12380151113078,-0.3344905438648904,1.4498623172158978,-0.24397310495496394,-0.015238783118059459
259.0,197.6979154140344,-45.518733388385485,22.66427994159473,-0.11406776151601386,-0.6178083825486566,0.06370177705492364,236.81941926814557,168.39633066749738,-0.08061950087720693,1.5024856067276608,-0.18763372449708782,0.0003171962846328837
259.13482130480554,197.71245124265843,-46.14476358664527,22.67112388615248,-0.10980230171332886,-0.6268296503258246,0.06030100727010415,236.92379451636035,168.39693383356456,-0.07116366171247238,1.4730358863869641,-0.18222962482212535,0.0015157232781670984
259.3349232054907,197.68441627747023,-46.20634946333216,22.677339227139615,-0.11048447614877968,-0.625733772517321,0.06023052154676952,237.2335670191489,168.3572206142908,-0.07088653212658586,1.4766866197076205,-0.1849461472287189,0.0014307471256260996
259.5350253584328,197.6803370053494,-46.64113515006987,22.486428443229872,-0.10803609480482107,-0.6321567362423973,0.0428061632762305,237.46393089781293,168.36527697051827,-0.027133702489572198,1.457358893988439,-0.17495331895298158,0.006481100288984441
259.73512776305955,197.62723084323977,-46.52693035732431,22.495083211345822,-0.11122890622534579,-0.6276277136097611,0.04421355521612774,237.83291372930563,168.31105883345185,-0.030181696639795606,1.4779443470250004,-0.1818637689522733,0.006028795054445477
259.9352304187992,197.64184498788555,-47.01744272516774,22.490308613019618,-0.10708477833313039,-0.6343101930712902,0.04101113712556236,238.0129087942833,168.3060047046365,-0.019503166061694548,1.4457194018558135,-0.17608707316858474,0.007012755730222463
260.0,197.6276662346791,-46.94487468692803,22.593536837518037,-0.10795800516268049,-0.6321862056935945,0.04560570706602864,238.0357583756664,168.24042030501622,0.11567637806534939,1.431797690629984,-0.18747996711659168,0.015337074446752285
260.1353333250804,197.51302117238345,-46.37875267680973,22.60456702851951,-0.11760761208784119,-0.6194751260448844,0.049695985798893394,238.4036830292297,168.1721623310348,0.1062280749640662,1.4822950335020275,-0.20055819325066543,0.013956121670086212
260.335436481332,197.47862082224884,-46.149638946864115,22.460374498039315,-0.12005902697576418,-0.6146762701473157,0.04005338636728368,238.76716590856208,168.1327209102258,0.13095347149587155,1.5012452645750096,-0.20266281383931245,0.01657955704250825
260.5355398869833,197.44341336578853,-45.963831897253336,22.42488839936568,-0.12229307071935051,-0.6098701593318814,0.038591098789484,239.1318179507297,168.0801141705558,0.13694808704987912,1.519225359196014,-0.20814072145805435,0.017000991086592962
260.7356435414639,197.4412342108074,-45.63125198782461,22.17013199929531,-0.12314830487432676,-0.6050192815128431,0.021336921421716934,239.50209234041586,168.05545387124536,0.18237627985440685,1.5381784557468845,-0.2054107861933068,0.022110361445933185
260.93574744420374,197.38609146892807,-46.40162069388287,22.3791505686775,-0.12187105600229106,-0.613035664622924,0.03296387494803779,239.70776467233645,168.01487711209398,0.15874007676740995,1.5103711753334437,-0.20751728036840522,0.019058982507956325
261.0,197.2981196443419,-45.292161234498515,22.38118920753946,-0.13149039684216587,-0.5941680331336625,0.037095965300191575,239.34327886928008,169.04783148319302,0.24619487726084213,1.425243674667174,-0.0007232104633833614,0.024117229837708514
261.13585159463327,197.32000502003038,-45.462465904324354,22.28752855405906,-0.12846352089701843,-0.5972308489258257,0.029141262434809245,239.49265169101702,169.0689911466817,0.26825051713896336,1.4110442562847303,0.006774040000062142,0.026586212174861318
261.3359559921832,197.2776261955055,-45.47966216013766,22.296964412416976,-0.13008387467004953,-0.5951594139271157,0.029993466408335365,239.80609651517088,169.0623973355364,0.27124460772634834,1.4182171661924747,0.0071660114755710425,0.026398497127988377
261.53606063628484,197.24726324922204,-45.87302756505529,22.411137099552707,-0.12890654771593887,-0.5986781228213609,0.03656846861506835,240.04366405739074,169.06341911791097,0.26125297322259644,1.4033562698963908,0.00936041493787867,0.024908123807064034
261.7361655263695,197.18329634922705,-45.73312023753737,22.41374781530927,-0.1328065108928556,-0.5935765435173557,0.037686137221760535,240.415405076127,169.04308467964444,0.26260128749918615,1.4265674127845511,0.005786108408499434,0.024510353194581308
261.9362706618694,197.13609902469045,-46.13251394346895,22.606528849310187,-0.13257735621868894,-0.5963097747023296,0.05009970890926345,240.66080227427906,169.02895629500892,0.23639972552868932,1.4134210290162865,0.004336913442532628,0.02112177251105215
262.0,197.15017597518306,-46.49189601965661,22.67310692512198,-0.1297488405174006,-0.6014633700566131,0.05180747708838583,240.90908507679808,168.86754435325977,0.28246856852813285,1.442415769675402,-0.026807481970581262,0.024236176594480636
262.1363760422168,197.1418704309506,-46.85179653515826,22.793544437331565,-0.12758623983907463,-0.605418124450678,0.05877302447332286,241.05436908170725,168.86550184038867,0.2704317409591736,1.4259309281229364,-0.025220764860584978,0.02270392901155696
262.33648166684463,197.10660254822218,-46.99228276185656,22.954682384271948,-0.12802883989666372,-0.6045711297075421,0.07000573619024564,241.34220190047049,168.8419216387583,0.24832283868737418,1.4246507740618755,-0.028709205835664078,0.019565982262308223
262.53658753518624,197.08707684415413,-47.215383995109036,22.88952302109962,-0.12712060436661146,-0.606822043037579,0.06336463461089518,241.60423156566557,168.8534671128187,0.2687450827311316,1.4160603758696315,-0.02223014881880913,0.021621248497955322
262.7366936466752,197.10477975817636,-47.73467961192289,23.01172389039664,-0.12197361664948106,-0.6137001910034996,0.06943750242807274,241.75980853174133,168.86711054092123,0.25915451333728007,1.3783305928408733,-0.01585770764081181,0.020168543908168267
262.93680000074573,197.04698893452237,-47.69915758036201,22.96220492926865,-0.12513123953217484,-0.6106076611671798,0.06545157917542152,242.1102058282783,168.8552649708093,0.2728716670541191,1.395885279447623,-0.0161985168401152,0.021432663032973923
263.0,196.9941285465193,-47.05752080041832,22.88811915988822,-0.131176777375564,-0.5994898458584097,0.06420102109567195,241.85218739502722,169.1568881209741,0.24744865399082544,1.330269748311936,0.04389724881333372,0.019675438378581784
263.1369065968326,196.97733008710492,-47.150959216309545,22.946820203712406,-0.1310018324816294,-0.5994116309440429,0.06792660126850693,242.03053919937582,169.15835356996848,0.24158145419789742,1.3266771393822914,0.045079003565083715,0.018838781495017824
263.3370134343709,196.94739513130864,-47.24890983582486,22.99004526592706,-0.13135198102870413,-0.5987832317918794,0.07030173722732248,242.3020871801015,169.1623237004831,0.23961042921695763,1.3246646231735681,0.0464603868516038,0.017980362430985573
263.53712051279626,196.99942407000515,-47.69278187816074,23.141636639436467,-0.12421140739484883,-0.6053801250274609,0.07904849883901469,242.4276360651774,169.18851989975164,0.2230218013772829,1.280937829041052,0.053723297767752864,0.015832013084438382
263.7372278315447,196.9719453815471,-47.74282109834225,23.241717731500266,-0.12474370448837006,-0.6036725371634979,0.0858947457228219,242.69881334564596,169.18275597798655,0.20889479924899637,1.2799527620134077,0.05251449529781411,0.014090065766334469
263.9373353900529,196.86304693051088,-47.6200723218683,23.270153309850176,-0.1317408617319894,-0.5972781757848985,0.08797368749553638,243.1054036151394,169.15437203934513,0.20543373532397174,1.3159666944670827,0.04561964853550222,0.013332161843544629
264.0,196.90837135498097,-48.32708303574664,23.547464556394218,-0.12489795724818871,-0.6080215539661257,0.09841041193861674,243.72800664840787,169.6842653234443,0.4247501422192739,1.4179989327745575,0.15166509684283175,0.02695288534831556
264.137443187758,196.94979653084,-48.93183392976408,23.580469638485873,-0.11793222209219725,-0.6179458261844034,0.09693652928841073,243.79226776097113,169.7386977189896,0.43335179015238523,1.3780121565393055,0.1643164314494328,0.027642673116569816
264.3375512240976,196.85341449017054,-48.81620794636072,23.506404496641558,-0.12421699167184631,-0.6125559167504743,0.0910598205068297,244.17532481503474,169.7565238178305,0.45200776166650786,1.4055237489158159,0.1651641630106573,0.02936462645482489
264.53765949850987,196.76511225292495,-48.5770205627733,23.40831462165984,-0.13068243577968972,-0.6055641183797293,0.08420053674115499,244.58901914665626,169.77043535477267,0.47343022008683777,1.4406420745412996,0.1654220295567836,0.031303420279653243
264.73776801043346,196.72063575319987,-48.50715733984407,23.26411368144952,-0.1331959117382424,-0.6028701916983424,0.07303630334792025,244.94034689097333,169.80980958633467,0.5070038459535352,1.4568969528235294,0.17213373376613533,0.03449089641251175
264.93787675930764,196.68332037862965,-48.600695953453666,23.371462884151587,-0.13399687661591556,-0.6015832591786741,0.08023334116775399,245.24779008929332,169.82619657911056,0.4953808536112902,1.4602570964020634,0.1725097986993372,0.0324494936739147
265.0,196.6911826881014,-48.905705068370516,22.917311721855953,-0.13168300196249588,-0.607446564718006,0.059054157488453565,245.33905620812473,169.0613587480022,-0.04194697757055782,1.458515403357785,0.019898394600046276,-0.0007369406765845299
265.1379857445721,196.6631908263182,-48.49986920280501,23.033361281979275,-0.13532799906516993,-0.5985937901962897,0.07010751413561295,245.6259556608719,169.02611191912712,-0.06886156287245884,1.4831839888672844,0.010987304908233748,-0.003977322819048694
265.3380949656672,196.6525400484791,-48.74246223109765,23.15753550410952,-0.13338994054780415,-0.600435099806049,0.0777696694059852,245.88412574688473,169.02557122639155,-0.08743715117175416,1.4714876571812863,0.011920269213052847,-0.0059895239879858755
265.5382044220339,196.6348499742481,-48.44763049746547,23.210724838806602,-0.1354596587593587,-0.5936983942004711,0.08312632582215412,246.25060997770132,168.999878639923,-0.10277261443979968,1.491028569355423,0.006472408491882655,-0.007609314023017548
265.7383141131135,196.62802631503195,-47.92985084555214,23.244649788832678,-0.13830071044808545,-0.5837507012727979,0.08830022743475802,246.66468412982397,168.96077535058689,-0.11892719849813392,1.522884932812291,-0.0024030713933627604,-0.00931193953368206
265.9384240383481,196.6107946858921,-48.06517041724201,23.304793997196658,-0.13746322392604174,-0.5841160933411198,0.09145191875163997,246.95218418452976,168.95822381225247,-0.12878707613785964,1.5185831423408893,-0.0008205286975068358,-0.010315823227177074
266.0,196.5782363538608,-47.7546015788643,23.03285528937573,-0.1410179134837444,-0.5789283534701266,0.08072182427505424,246.88476685576225,169.26997516651426,-0.43207074655683075,1.488691245030775,0.061391900424619054,-0.02907018157430502
266.1385341971803,196.5238872604399,-47.38019773431881,22.890471495996124,-0.14640554906905437,-0.5713319538281331,0.07171056739062297,247.19755508528598,169.26502220648726,-0.4165665681286814,1.5201535446513106,0.059617227517703875,-0.027053190849939325
266.3386445890533,196.45441845399623,-47.96057927196487,22.83671549063633,-0.1459316319320408,-0.5782280602232097,0.06367739733003504,247.45243375483903,169.30414460898461,-0.4018137889164468,1.5057052083987363,0.06963931842266848,-0.02473060900685574
266.53875521341087,196.39191524276703,-48.4238640528813,22.73092304048042,-0.14582103852045136,-0.5836746231493798,0.05254175799697146,247.71787177134962,169.34826358277118,-0.37881111027385966,1.494960454939385,0.08072440130172415,-0.02146463169355593
266.73886606969734,196.34761815587675,-48.96159214798847,22.64878842881328,-0.1439796055576549,-0.5907379274937332,0.042976313160768484,247.9419376404841,169.40329260741407,-0.35810027396177124,1.4731234252502783,0.09402765334594831,-0.018834218453950304
266.93897715735784,196.32132649029708,-49.26587775607339,22.736351616938105,-0.14245369632666796,-0.5934575117852317,0.047873127159842176,248.1866045693722,169.42567895596466,-0.37389507463488014,1.4583146635177207,0.0982059718833028,-0.020424307385039937
267.0,196.34850108032848,-50.19807177359161,22.95013859923065,-0.13472639789429047,-0.6078352396981613,0.05353603090344789,248.57808648972866,168.35481304976256,-0.18081675423574878,1.5132153257520868,-0.11412368579547717,-0.008123806208773496
267.13908847583787,196.33614900160012,-49.90143289867591,22.976515185581984,-0.1369491222029574,-0.601586584904945,0.05722589514712246,248.84838450978805,168.3172945469606,-0.19143928847856387,1.53073928270855,-0.12116272956783976,-0.009398544054314745
267.3392000245837,196.29954939384154,-50.179693960443615,22.940487492359175,-0.13647047532039897,-0.6042149211289751,0.05268509595252853,249.13397803872667,168.30609252522086,-0.18217320816070043,1.5246431842550945,-0.1183024866297914,-0.008097738185197892
267.5393118030423,196.2722309865356,-49.8362147108428,22.69998385620963,-0.13998427012149567,-0.5978792455610975,0.03645368277364107,249.5406548715354,168.28335601128126,-0.1455920126612412,1.5534448937894751,-0.11907741915559653,-0.0035121038471195663
267.73942381066104,196.2497746519384,-50.09989115817013,22.561412403924106,-0.13871543329719305,-0.6012852600675298,0.02458775733580735,249.8171846827974,168.2911537513224,-0.11623448955271667,1.5443303280977159,-0.11188516975618278,2.9781906177043117e-05
267.9395360468881,196.22394585358657,-50.26234633300931,22.549881410498156,-0.1382983922683029,-0.60214498700707,0.02309926927224411,250.11414071242643,168.27497856124535,-0.11228026920001621,1.5411582481206219,-0.111230791045164,0.0005290870516948089
268.0,196.19314415833225,-49.33471829327181,22.201759581060003,-0.14608139236799675,-0.587288715732601,0.010427363717379769,249.57754737367168,168.006707788797,-0.40075701574667105,1.4210025810518183,-0.16417171353015653,-0.017248362925134757
268.1396485111723,196.17865932673374,-49.682529269829836,22.202267952558422,-0.14377267670983013,-0.5919308699002931,0.008819765310933779,249.7246734698199,167.99991291318628,-0.3987566740529889,1.4037235309241887,-0.16085772159205988,-0.016923932748276572
268.33976120296313,196.13025996648756,-49.69562312042848,22.277306323677323,-0.14573611502547118,-0.589164038600952,0.014893484222607972,250.0405683612095,167.94849303036435,-0.4168928474332244,1.4109688346175993,-0.168135003867025,-0.018734095161607865
268.53987412171074,196.09779283062696,-49.945129282807606,22.32955555286589,-0.14492647563005367,-0.5910122779535879,0.017827769454314687,250.29675945795447,167.91672481295018,-0.42742974776448,1.4009241222212814,-0.1696086044494134,-0.019717067821171434
268.73998726686574,196.08731635373613,-50.14673683111632,22.184742133381903,-0.14324843196768922,-0.5938143652305397,0.006195320707275758,250.5428347659232,167.91364631241768,-0.4021104349020474,1.3887377476882465,-0.16356318003106146,-0.016738603715006278
268.9401006378797,196.0526328726301,-50.55906433466782,22.28449755617404,-0.1413123515659433,-0.5980745924290972,0.01190430382412588,250.74979831558383,167.8889314618958,-0.419223526937504,1.3662000171059439,-0.16337712528673767,-0.018209789045433047
269.0,196.05765026464945,-51.63780476288462,22.677260929039363,-0.13318417650975642,-0.6140049119346725,0.026417066994513166,251.56608434691577,168.4066707902151,-0.10248385587139236,1.5059103123674267,-0.058345518259473636,0.0012851198457062805
269.1402142342048,196.0393789201647,-51.23510707613533,22.617735731351956,-0.13692400798013266,-0.6060687730163059,0.024511826283337115,251.86596765956656,168.3765739015197,-0.0992042124372653,1.5320123627046844,-0.06461444653487139,0.001471577463994484
269.3403280552938,196.01359184766335,-51.328947648002625,22.61479514748235,-0.13703895874388783,-0.6056932414331411,0.02408669239528822,252.1767598061908,168.36309545599732,-0.09797546640237557,1.5332913331096392,-0.06469523287768747,0.0016858719294504964
269.5404421006003,195.94849944310982,-51.748322762118185,22.805184323329364,-0.1369527995909902,-0.6086236769836016,0.036199653943971406,252.44926586433058,168.33958366617702,-0.126331593248482,1.523220047356049,-0.06728475310874003,-0.001484750440214065
269.7405563695784,195.92712821038293,-52.2820848625078,22.720259765309724,-0.13342746972715175,-0.6163883903752312,0.02687602087062747,252.6530395629717,168.37239681664622,-0.1021581269677726,1.4949673231786247,-0.05467122577461103,0.001382252567216049
269.94067086168315,195.87587223665184,-52.726061217979456,22.90035034453796,-0.132285738035536,-0.6201888277957167,0.03811418810066411,252.89059687505485,168.3567042326623,-0.12978183711460486,1.4772732525981676,-0.05538099012122672,-0.001829958482946732
270.0,195.86764316299323,-52.49159854832152,23.119001216387804,-0.13414886083458682,-0.6151410505843262,0.04846990058981042,252.91628761277477,168.72763051551308,0.14208377198837793,1.4657878418055288,0.01901369603205233,0.014861937541602827
270.1407855763701,195.83902152703715,-52.733863046570015,23.259512110096367,-0.13340911882804776,-0.616781634393978,0.057559045078341434,253.09856306917138,168.7239667623501,0.12363027332949068,1.4574401966295374,0.01860133320848132,0.012751725647768258
270.3409005130956,195.85037867733803,-53.505851072832534,23.438668313044587,-0.12567259584295745,-0.6281719556440009,0.06651146150918626,253.22349528871794,168.76039905277807,0.10687502394497068,1.407274620736868,0.02974280626589774,0.01063355019125297
270.54101567131687,195.82999280414992,-53.617927840837304,23.556911233445636,-0.12538226354585008,-0.6274975811681781,0.07448765923289372,253.5007762867025,168.75373319452976,0.08959827985443933,1.40308899802868,0.028660607122830233,0.008453971406611412
270.7411310504915,195.80004508632732,-53.721766211045434,23.56803436911629,-0.1258698342415167,-0.6269942109913212,0.07431317065809911,253.79143475397998,168.7571753645834,0.0916393276821513,1.4025615520241443,0.029989592296889293,0.008558777919912
270.9412466500781,195.76687907450673,-53.64763482296048,23.719887564661093,-0.12788700340156733,-0.622513679230053,0.08575646784648583,254.1292116900159,168.7233577260423,0.0634591089214821,1.4148165140665456,0.02167525694039358,0.005146043066258059
271.0,195.7527007319675,-52.72084298629257,24.113165105972108,-0.135319325396048,-0.6053855409141656,0.1051724862044657,253.6926985793535,168.96528685352897,0.6283213103546643,1.3155762821355392,0.06975541958472334,0.04029762746128936
271.141362469536,195.69649533530952,-52.469249921258786,24.250578253059924,-0.14030008672161223,-0.5977337493126714,0.11615287616879084,253.96736172705974,168.93391747199027,0.6077264143934328,1.3383123173293794,0.059814194583444474,0.03744541446990775
271.34147850832517,195.63417077888613,-52.82242194169372,24.139218953213955,-0.140646389072279,-0.6015060375263579,0.10462528986791245,254.21847259205566,168.97012301994545,0.6430701387889779,1.3290193230322007,0.06928384859776598,0.04073321287347409
271.54159476590644,195.5741814841014,-53.09975276021691,23.951196866246388,-0.14153762147883742,-0.6044317426136127,0.08795915057608612,254.48303615301234,169.01426311217426,0.6920814318739482,1.3242536096821038,0.08016451524768853,0.04571014524869521
271.7417112417412,195.55975435323214,-53.29958946536549,24.06750535125037,-0.13990087069002236,-0.6056955421713185,0.09495874800107464,254.71158664839706,169.02770764598168,0.6840929513553499,1.3101453534630634,0.08211025961421974,0.04403165816623834
271.9418279352918,195.48615705133997,-53.246886023275074,24.081705860873715,-0.1442582528736115,-0.6012617291512533,0.09544835157234854,255.06967301894767,169.01593663352187,0.6910094737495049,1.3317632651368234,0.07772468235729767,0.04417250521475975
272.0,195.47994437823363,-53.48112349251445,24.133839929671137,-0.14248501516175496,-0.6044933109577246,0.09772482440713459,255.49950664452885,169.89403290940524,0.6856937047437376,1.3996736867377315,0.25223775381000757,0.04352852698925775
272.1419448460213,195.516884522988,-54.05808071890102,24.13802868324625,-0.13474145360075984,-0.6149078802497884,0.09438837615824472,255.56079871304007,169.97471078004384,0.7010504053383889,1.3576317002682523,0.2693754537792751,0.04465606155141875
272.3420619733935,195.40629249822976,-53.92077107970369,24.288824168516005,-0.14206781846375582,-0.6070522783039756,0.10545617405544742,255.9527265627146,169.97731258893816,0.6828969708387681,1.3886994718150385,0.26178822572498217,0.04189345658900024
272.54217931687305,195.44018907596518,-54.46874168869004,24.34436397099404,-0.13444660238989598,-0.6163025830842938,0.10580277352696657,256.0752122044446,170.0748896453081,0.6918190216306781,1.341926039068123,0.28024616216304843,0.041902320669373314
272.7422968759252,195.46224856035755,-54.647265102325406,24.50370770574427,-0.13076547699774094,-0.6180282787673756,0.11599281226025293,256.2773771065045,170.13119277054108,0.6751900157510592,1.3197125414757866,0.2863601404766092,0.039552096811254475
272.9424146500162,195.34434361059402,-54.67327330692541,24.46256391204785,-0.13742785834760232,-0.6138147236166975,0.1114257255702971,256.66812283315306,170.16221261916147,0.6941871065250595,1.3498817641463732,0.2859083843799514,0.040802469320595995
273.0,195.35956404775862,-55.18009697623764,24.78425184961449,-0.1321369191023782,-0.6214478135759505,0.12364582483310323,257.0682637745923,170.08085229981222,1.0208822125196133,1.41029957959907,0.2690442207804025,0.06095432684786643
273.14253263861286,195.39399319327111,-55.43844519992111,24.987055373362065,-0.1271453102047118,-0.6250828754008619,0.1366447389711741,257.1916380078465,170.12284457633396,1.0002775349550457,1.3856392741584136,0.27435991090764916,0.057757840287614166
273.34265084118306,195.35386787657333,-55.68460379520737,24.92492309125592,-0.12707438824860182,-0.6272710523068906,0.1292434379968692,257.4571041057097,170.19397426100622,1.0296700383513044,1.3797647005748115,0.2847172918732041,0.0602425493950904
273.5427692571954,195.4036346745752,-56.1458540162001,24.918483216908776,-0.11943711050596058,-0.6357444580998903,0.1251781041358653,257.58807420412546,170.3012303508832,1.0528379287084606,1.3360634898826211,0.3046893400316728,0.061947840391751274
273.742887886119,195.31976961654917,-56.17610942684746,24.96664214852186,-0.12401051229034699,-0.6320351166124655,0.1272568691837585,257.9376494628819,170.33499786099586,1.0595824560567029,1.355419556839196,0.3039248045670013,0.061434568356931625
273.9430067274241,195.37088380614833,-56.421067717336705,25.083441239323783,-0.11811934039181857,-0.6360152967789212,0.13366405186705868,258.0919132600938,170.41757025070058,1.05615710963078,1.3205527337414524,0.316042717425053,0.05981956767763199
274.0,195.43759222991838,-57.35928551233408,25.32428699971295,-0.10629028544242505,-0.6527233286153076,0.1403320931527291,258.57379031697343,169.1664865290968,1.2880920972910002,1.394258235538073,0.06691975052515725,0.07410916207635934
274.1431257805817,195.42872071182495,-57.41999045222722,25.380828187220985,-0.10615775354841339,-0.6521359665032161,0.14324374165081197,258.77412301853224,169.17147026882478,1.291927110139341,1.3927745398126858,0.06659044575055934,0.07325409709401261
274.34324504506355,195.39824742562593,-57.42450530402975,25.44630773363844,-0.10784062274829218,-0.6493925726841592,0.14665802899805858,259.0864906988241,169.16925768561467,1.2981995876198553,1.3999124501990257,0.0639569526908422,0.07293779749700659
274.5433645203423,195.2410731226939,-56.90000452511526,25.37626075353814,-0.12234163343808219,-0.6339707162023049,0.14249763889072983,259.64466668373734,169.10593004899187,1.3205314226077915,1.4755278647390726,0.044662452254048066,0.07398187805953423
274.7434842058913,195.1888722111183,-57.10517708054294,25.28289480363462,-0.12345369324598054,-0.6351842508168266,0.13288855420165022,259.94991110511074,169.13046742910046,1.3594094854116707,1.4773887240722632,0.050069092255784604,0.07699946827883955
274.94360410118486,195.16108540225497,-57.27586293870466,25.28623406061033,-0.12326016330676323,-0.6360029970102686,0.13089950780829065,260.23707286952833,169.14736694876734,1.3800587746281594,1.474249467072479,0.05330093187749202,0.07809920363663946
275.0,195.21837303012367,-58.06594173294162,25.041226801052066,-0.11317992208333648,-0.6515452022627538,0.11762789136956263,260.74274672581925,168.3430654539987,1.0294070311353918,1.5529544955086259,-0.10598178052477628,0.05605744896553981
275.14372420569805,195.18483559472526,-58.84221839455305,25.27942292003259,-0.10761708647589266,-0.6621568657866683,0.13014982477104894,260.8361604281757,168.35010701589277,1.0105140295840973,1.5150727389324088,-0.10133855782595359,0.05294565990945663
275.3438445189068,195.1590287010828,-58.694784699831,25.251250197410055,-0.11057387772591903,-0.6572473170048219,0.12767947409542565,261.20584885074595,168.31286366480984,1.0261647133151564,1.5341984285472008,-0.10755149664008501,0.0538501367297577
275.5439650402879,195.12815571160385,-58.73226326589457,25.20922153158868,-0.11207597148210895,-0.6556321309194261,0.12316197980886189,261.54512150327406,168.28897732370882,1.0476194397535932,1.5433971176824326,-0.10986302112924096,0.05546222019615574
275.7440857693189,195.08996382166794,-58.9027253612133,25.14865873772421,-0.11276044759446296,-0.6563152871983924,0.11656282598197222,261.8613225244603,168.27716881529025,1.0752149624945793,1.545552930417849,-0.1086181066488369,0.05738479887978317
275.94420670547834,195.10652809401532,-58.408442112642184,25.170451139243443,-0.11639807656301757,-0.6461171854964072,0.12007256509237407,262.3102924594737,168.20299419902864,1.0759191441787113,1.583900167546918,-0.12352138488932464,0.056582797722667104
276.0,195.0248265996231,-57.41856217303414,24.991985244597814,-0.12998949257729445,-0.6266457106370312,0.11471705930620953,261.5737447787561,168.36002997616072,0.9728246376353579,1.4271382502184176,-0.09231819444589515,0.05031744880122859
276.1443278482455,194.987086519069,-57.71293170073282,24.932228055341128,-0.12926960052424696,-0.6301824747922858,0.10789021928603248,261.7537332448249,168.3651406896864,0.9963306756357788,1.4179428371474379,-0.08748084380945984,0.05259659286231932
276.34444919710063,194.95298412804416,-58.096579656468826,24.903717427753968,-0.1273331923326628,-0.6348999755565826,0.10273332052786023,261.98760928627115,168.37172145904168,1.0197700003104933,1.4012768999628538,-0.08103931743114463,0.054190266928419634
276.54457075152476,194.92860462744056,-58.1899143676616,25.00288955758501,-0.12750662230651935,-0.6338965647494983,0.10873899619919988,262.2728391141563,168.34354655995344,1.0159536117400572,1.4001944705025118,-0.0841884472173649,0.052381991252690906
276.74469251099976,194.90520931442268,-58.17484540784286,25.052050042119514,-0.12874165067114304,-0.6312088805988818,0.11156171929858612,262.5878493871738,168.3101242568346,1.0189973167195767,1.4071834037115096,-0.08880939782555829,0.05167046800773403
276.9448144750084,194.87795583158908,-58.00892051221864,25.018307413390193,-0.13179372434111114,-0.6260769409152811,0.10902189620036686,262.9580799034241,168.26880452927495,1.03485238280886,1.4288594814079492,-0.09517588856350506,0.0524283361238969
277.0,194.93910784462452,-59.24826810810619,24.790519910103207,-0.11698820927391364,-0.6499281690907898,0.09547703782134513,263.79696906011145,167.46166062232078,0.6498410607303093,1.5716242695287321,-0.2535226349011082,0.02837895999453329
277.1449366430343,194.92746267190537,-59.18638397369038,24.69993548201868,-0.11832818876991497,-0.6477760872274597,0.08866540556245771,264.05582134382155,167.4245732657443,0.6691754368211907,1.5812306120921469,-0.2561232121639158,0.030221367990598196
277.34505901456214,194.90819249394067,-59.18475149676288,24.533160563719562,-0.11957882385962552,-0.6464731904074434,0.07580547498447229,264.40360767042654,167.3831583622282,0.7052163818857089,1.5917812817550778,-0.256589252258802,0.03399080920703493
277.5451815890773,194.9268384138145,-58.94981692323732,24.480944894842438,-0.12072823771996907,-0.641423326860717,0.07298173229581291,264.77782367780486,167.31758233079896,0.7178904875301337,1.6092780500792454,-0.263304355596982,0.03462783644973506
277.74530436606597,194.9304851046501,-58.86802199882588,24.448410349484597,-0.12122034137763864,-0.6386467857493774,0.07075100913053993,265.13239006247517,167.25761192735303,0.7297666003752004,1.6203615077629272,-0.26845601343106995,0.03502066791978864
277.9454273450154,194.90893653141708,-58.9510611472261,24.5083232402975,-0.12145830955176257,-0.6376549715590019,0.07438810412697776,265.46583091172323,167.193230161176,0.7273727247346065,1.6252165008633033,-0.27469669532536406,0.034065338652493546
278.0,194.90394095275866,-59.20200279605183,24.441213037237183,-0.11938161566417134,-0.6417480691933474,0.07069491746310021,265.6708342519033,167.04324005817563,0.6241862096987177,1.647692726223315,-0.3024422345903469,0.027524683461153974
278.1455505254136,194.81116544049397,-59.87783762140861,24.434503969433,-0.1180341445996134,-0.6503044539697326,0.06601528551835448,265.8433009231487,167.02903579210724,0.6403410271512865,1.6295748347883579,-0.29702423325812977,0.028764164349023832
278.3456739067497,194.89726461919733,-59.1782492332483,24.256909743805434,-0.12012517253099769,-0.6392927755339589,0.05689300197553589,266.279296796864,166.9457244196477,0.6655510675115076,1.663816407841171,-0.30747589998431984,0.03131869867327229
278.5457974885135,194.92590632360287,-58.965044533877375,24.200913309132645,-0.12054086338556756,-0.6349302108711138,0.05397701818638824,266.6551867790611,166.873748421035,0.6780382656011648,1.6788752828525906,-0.3141289857702024,0.03219050149449593
278.7459212701956,195.0100557660111,-58.48410507545719,24.019140692535352,-0.12054836714004542,-0.6279662285847009,0.043484448239688514,267.0638553483338,166.80383498768282,0.7090264831417189,1.7022632340242312,-0.31975305265715565,0.0350415072799557
278.9460452512879,195.01640503158038,-58.39260160729014,24.034678537562808,-0.12097197627095267,-0.6248093462655976,0.0452780162805809,267.438983346378,166.72378262036807,0.710914788755798,1.7150991291836608,-0.3282762218810448,0.034589015881134985
279.0,194.99746094327284,-58.90763233599857,24.089257221920825,-0.11698159682467035,-0.6329299177198392,0.04672049794971745,268.0073907472554,167.21435601443042,0.6947560819221985,1.8081995351392761,-0.2281859364859673,0.03335276379583634
279.14616943128283,194.89088956952105,-59.58352034496739,24.10029948110953,-0.11626348152521034,-0.6410493889894434,0.04356659990803599,268.2116617178696,167.20685168108966,0.7082246403005135,1.7946195477576186,-0.22288144771155358,0.034331726019493775
279.34629380967397,194.93491146705594,-59.40015418227528,23.989747729369032,-0.11564259829446595,-0.6379291507219877,0.036741070793234416,268.5947896758992,167.16385139368353,0.7305092368586966,1.8069836876109453,-0.22464154139284098,0.036369613891609295
279.54641838595575,194.92893635317853,-59.52703761113933,23.919040707412737,-0.11471733342634434,-0.638867779023491,0.031076393001020726,268.9449052951845,167.1320987037985,0.7515787737738674,1.8094899813162628,-0.22334193413346853,0.03837446165078291
279.7465431596234,194.9057063139252,-59.9183950714307,23.77483072597952,-0.1121167561419939,-0.6446442259399332,0.018598748463639535,269.2391382853036,167.13343897276016,0.791071198164733,1.7962259023972575,-0.21332517870742576,0.042430581580463235
279.9466681301732,194.86648489517194,-60.039153657505345,23.831363550787838,-0.11314659597834216,-0.6436748026901268,0.0224691856740704,269.61677674811705,167.0770665540422,0.7896600105422407,1.8065305098960707,-0.21933621583142024,0.0417603523641133
280.0,194.83714719925922,-60.41633877097285,24.087660058926335,-0.1109003269944963,-0.6484600745382574,0.033376603121028234,270.2567159901791,168.15247418333976,1.008272749636828,1.9147421424528184,-0.0035105851557200862,0.05494668537813115
280.14679329710225,194.54690858101193,-61.533990206113316,24.50368740032606,-0.11580598366008003,-0.657054126130898,0.05698113800116962,270.501464079143,168.1344324398401,0.9642893355848001,1.9091073200219717,-0.006729267102991705,0.048912147059329114
280.3469186599087,194.49885912096119,-61.94170529437297,24.447838915618366,-0.11440392906173008,-0.6618762587769247,0.05049384660437167,270.8399543331039,168.15891692583125,0.9901105898333828,1.9033527481877783,0.001983889909981099,0.05106750073876176
280.5470442180916,194.55363461397872,-61.862461972262125,24.26547010448338,-0.1123060550609829,-0.6613107216913796,0.03781085819044292,271.21670333785784,168.18146921089377,1.0306254389216032,1.9094198855626479,0.010209881673555705,0.05476059884947809
280.74716997115087,194.56216348100102,-61.93959810180658,24.201414397669787,-0.11114972332976479,-0.6616172695045864,0.032966581620299765,271.58900746613165,168.1957304418654,1.0535563226351579,1.913539906101031,0.015632682486547353,0.05654946720513391
280.9472959185873,194.4492216473085,-62.72381329742638,24.235893506583615,-0.10937002853747711,-0.6711036267859767,0.031194041009139695,271.86040964372216,168.2434533438961,1.0711358441216667,1.8897584505414609,0.029855231999026087,0.057396175845899594
281.0,194.59309827128334,-61.354479479064004,23.90928448553463,-0.11524443686005768,-0.6508633616032048,0.021409335927600512,271.33738589962775,168.5521939889226,0.8331601114519835,1.7727900691624143,0.0904933856729123,0.042439262490573504
281.1474220599028,194.60894620275187,-61.33456099436797,23.858633686971928,-0.11463308465225715,-0.6499637027155037,0.01821880509683036,271.6026068772962,168.5685885145946,0.8465222573865685,1.776831730193234,0.09395040104390565,0.0436142963001024
281.34754839460004,194.489825799297,-62.4015784228728,23.941954083071835,-0.10992872334007653,-0.6645251248365023,0.018700834850824747,271.80495723388805,168.6421575645398,0.8564609064313233,1.7360643904045252,0.11288811131766657,0.04379656782846017
281.54767492218286,194.3371998407985,-63.56338745980703,24.15571998167732,-0.10601606409600828,-0.6791318461897802,0.028095051749942115,271.98505492594404,168.7103634980494,0.8451055012335353,1.691532343667901,0.12930375937084462,0.0416058001221499
281.7478016421557,194.27804774979097,-63.949435351992285,24.248295275188728,-0.10536584286708996,-0.6823122103606528,0.03298381794508351,272.2834679397005,168.74265655650154,0.8419546477009797,1.6820304074619528,0.13549212899670424,0.04050699117737935
281.94792855402426,194.366742409304,-63.84248672925998,24.0504909630569,-0.10185761978994755,-0.682176693377377,0.019709170810487425,272.5951505906717,168.80336350964672,0.8834242934850977,1.6764985145389806,0.1487605594834229,0.04451819050127724
282.0,194.37320397925646,-63.81077993255092,23.91567089697493,-0.10196216903906655,-0.6816799062099146,0.013625930798512726,272.461265018885,168.21372375058834,0.7562981053281264,1.6330792151120923,0.031036306141097314,0.0363579140151356
282.148055657295,194.26975287485502,-64.04472302288481,24.05068598835869,-0.10550636011702273,-0.6807457252917744,0.02228618311933111,272.73189651335474,168.19704922928156,0.7419911385610599,1.6413596180000438,0.02692861423704332,0.03383437744873225
282.34818295147545,194.32059871971666,-63.912615184911566,23.903840805192676,-0.10448147595125053,-0.6786078580686684,0.012946763723164707,273.07529494026346,168.21079479797146,0.7701743836045806,1.6464045924696977,0.031529794833002354,0.03645670854159195
282.5483104360741,194.1519155010163,-64.45197704572948,24.157216335297875,-0.10828838873033672,-0.6804426792958108,0.028563291150828413,273.41225906894107,168.19078240401117,0.7405381424439826,1.6485624362776745,0.026675572538657686,0.03207088130406212
282.74843811060015,194.12569697079593,-64.98346505165219,24.21435522925011,-0.10399759108065543,-0.6877856651410454,0.030204450484839614,273.62950664684024,168.23411937886635,0.7440114620033128,1.61827737721311,0.03894833687797339,0.03216107451049933
282.948565974564,194.13187137485468,-65.29869907648022,24.21918990918044,-0.10038090739941548,-0.6921655575265874,0.029270524078442172,273.8703004875376,168.27366476651832,0.7534283964667766,1.5956474699592895,0.049706761657311985,0.03272642615999082
283.0,194.2466392642812,-64.20879130105335,24.08940374586406,-0.10564126482799656,-0.6752065728972323,0.026966418025812417,273.394967367405,168.46369942892733,0.7209936730843381,1.489097260004803,0.08674820467394359,0.030690635681969107
283.1486940274771,194.1457607821464,-63.88053504675396,23.98228062350297,-0.11564834910483625,-0.6645963172900444,0.020869574998213694,273.7753696624074,168.42889792659906,0.7382446093714214,1.532993073019802,0.07589104494913786,0.03206109157001018
283.34882226885156,194.163660626047,-64.36625565007627,24.013235589445955,-0.10917675881924525,-0.6727368182858372,0.02110358181085337,273.9630620188981,168.48671719955294,0.7450883861935541,1.4966106160629788,0.09089135588708719,0.031984919734974186
283.5489506982007,194.11911217329492,-64.40799911858295,24.004613512182406,-0.11158844767378244,-0.6702291845152324,0.020579793871631415,274.3064060562851,168.49029717502125,0.7524636538701966,1.5057070427256274,0.09035405369050369,0.03184544335587159
283.7490793150386,194.06195312358122,-65.19064964248375,24.267863349677057,-0.10576871327636836,-0.6806472364113562,0.035892506487327565,274.4386142592603,168.54374572693212,0.72261290414949,1.456564364285121,0.10311364849300561,0.027678631864278727
283.9492081188805,194.1824730765532,-65.50665869600581,24.291193453846542,-0.09537829334615731,-0.6887771402313809,0.03661569238326431,274.5330010774316,168.63361111692384,0.7270684489043241,1.4001365652151927,0.12481201850222369,0.027419343420582106
284.0,194.1300487565727,-65.9626147780031,24.51150218871409,-0.09335150530227614,-0.6946225891212405,0.04484958082250726,274.8887961749538,168.79378585683853,0.9360037284817416,1.45364443301443,0.15695105668976475,0.04033865745206328
284.1493371092425,194.1595078350319,-65.90768981397582,24.36273352360226,-0.09287912405066089,-0.6936545028918335,0.03458702830977431,275.11628384014966,168.827426641153,0.9651907424849715,1.4538233711147253,0.1631290266679661,0.0430839888000981
284.3494662856417,194.29047447214336,-65.97271728915533,24.26072959520483,-0.08520873662727123,-0.6975932727736149,0.027605511390880976,275.31624745602807,168.90277859898862,0.9902757900434556,1.4240878890381,0.1802329982986561,0.044973686129356635
284.54959564759616,194.29910278022686,-65.96013734577569,24.165240441880663,-0.08563876866229317,-0.6958935654584337,0.021171221480388015,275.62457692956616,168.94081067425608,1.0144453435286171,1.4259196249092836,0.1860634399961703,0.04682756038575255
284.74972519462494,194.20973659160174,-65.97727186951289,24.105064330924687,-0.0913521487286472,-0.691402822307626,0.016888048061389598,276.0122508907911,168.9490020259264,1.033979266804263,1.448731710815361,0.18387922370645404,0.04814993124233623
284.949854926248,194.12014350341954,-66.00589225971461,24.07923275327613,-0.09682856098823579,-0.6870015441876274,0.01509137427932158,276.40743807151324,168.95129867033594,1.04775905782927,1.4726171814532854,0.17980950304787816,0.04899976091505518
285.0,194.08923603115002,-66.99378626949338,23.982653154382405,-0.08780171219902974,-0.7045905217882154,0.008093882253788855,277.01459249901995,168.36082294397536,0.8475752740576122,1.5727854654271012,0.06304308675775666,0.036339555444259784
285.1499848419864,193.968250641499,-67.13255887393397,24.116178393319753,-0.09345140646659322,-0.7010957665355105,0.017088137521264174,277.31271878577905,168.33595486012598,0.8323995137893607,1.589697930184315,0.05554302567500786,0.03437093850003328
285.3501149413621,193.90373625156585,-66.95882335625798,24.15026721233096,-0.09978263097107266,-0.6931496930812572,0.020756962015232593,277.74282280649845,168.30034152505863,0.8298177029868877,1.6206445322216028,0.04521768375691011,0.03324828533019696
285.5502452238981,193.880638026188,-67.4437020312558,24.16037548491831,-0.0958199358887252,-0.6999824596869201,0.01939710885906584,277.9743813154172,168.3467878377546,0.84063602568449,1.5939361997621104,0.05764646629571461,0.03375930625696033
285.7503756891183,193.85335510893836,-67.30820948715375,24.148289288763163,-0.09961760658402607,-0.6942332355207933,0.019630874431508558,278.3835533815034,168.32415506262004,0.8460844729912892,1.6174050876896442,0.051304263325259766,0.0335332058193429
285.95050633654756,193.79253835640736,-67.86971219855054,24.243003494208907,-0.09674510226234473,-0.7010045420456914,0.023884727537350506,278.6044374899518,168.36618623871092,0.8430707085378548,1.588824547716568,0.06195556985900734,0.03251696338491176
286.0,193.8709164362963,-66.50783333851885,23.81942698450093,-0.10815256187454032,-0.6779618781518647,0.009205254872911257,277.56725820379586,168.03490703046458,0.5065252165857207,1.3737078916883312,-0.005476729747692685,0.011590626076883683
286.1506371657119,193.77640623508745,-66.52898586026485,23.898736672868875,-0.11350315954253036,-0.6733999710491292,0.014947767388797965,277.84340502247926,168.00082936504703,0.4948165393278099,1.3895039216449458,-0.013711106508846908,0.009871767901289725
286.35076817613816,193.6721080537493,-66.42036178940168,23.985038237571985,-0.1210043011503886,-0.665409406296958,0.021896494245480888,278.2401726818854,167.9435268740094,0.479754239993311,1.4179798313849663,-0.02740849825062617,0.008019714256826358
286.55089936735425,193.65081512462865,-66.58915183885368,23.983253799714927,-0.12041233346363832,-0.666256976337329,0.02128155410315533,278.5115043539262,167.94371155742388,0.4829327474000141,1.4102361066271452,-0.024452879372615366,0.008084923510577874
286.751030738889,193.62317364316377,-66.37815493724857,23.886659950066427,-0.1249556345543276,-0.6596100992397698,0.01575520723981566,278.9040843926237,167.90621973115128,0.4972926912977063,1.4356766390946087,-0.03162324528556232,0.009522091380925817
286.95116229027235,193.55774072299465,-66.71598321872327,24.068992797155317,-0.12450039761786612,-0.6616366441575326,0.027488019253173727,279.15440671928707,167.8925579259103,0.46994322393745364,1.4220759164188659,-0.032089034683126225,0.006072087601028894
287.0,193.5368219232699,-66.0368302172537,24.118797701685413,-0.1334334025227889,-0.6472463840386793,0.03210058672267986,278.97086011797967,169.0363856064205,0.5630217536094299,1.374868443532166,0.19469422935778738,0.011675117169653713
287.15129402103514,193.4734964817481,-65.92677047358022,24.182340011491043,-0.13835799259441028,-0.6413267514972404,0.03720550410733416,279.2545885863711,169.03051195822331,0.5525517484164574,1.3928110510616662,0.18883911385800972,0.010033021762986911
287.3514259307091,193.40825178861618,-65.37499759134026,24.091664582744517,-0.1489906205217539,-0.6266723915044885,0.0334669768551228,279.73740902724046,168.9960786344174,0.5615928098502425,1.4463332591627946,0.17436631981711162,0.011114656107738995
287.55155801882734,193.39229209648698,-65.38530602970079,24.01267635986985,-0.14973934165512798,-0.6251687581105612,0.027944982120339162,280.0505733653455,169.0308477726014,0.5768292515234316,1.449999879444932,0.179178765096773,0.012722802248158591
287.7516902849235,193.4064621463368,-65.03372190043663,23.930106718059143,-0.15327306371659735,-0.6172536909258439,0.02416446612557835,280.45095340121975,169.03030091208944,0.5875620740100153,1.4771712302500462,0.17423088182075167,0.013939987068875904
287.9518227285324,193.36659258997278,-65.22527280402859,23.948762465700312,-0.1529269848219427,-0.6182853908777585,0.02478397312861924,280.7317447951186,169.07027754392163,0.5889110400169543,1.4705710053383083,0.18007569445603455,0.013425282774918123
288.0,193.38587290815283,-64.85231598297416,23.71276703283806,-0.15634512833498015,-0.6118899894708533,0.01572550639145725,280.49045552774527,169.02969734446685,0.35103090656202285,1.4101021015775792,0.17058847413437206,-0.0012574071564109817
288.1519553491901,193.4747241296573,-63.82469183297569,23.40928995919473,-0.16434422397815218,-0.5939794921346878,-0.00014983265720974748,280.9032748578193,168.9988961593155,0.3844814874853997,1.464935614809371,0.1577240530721469,0.002542972781056138
288.3520881464332,193.4652772522451,-63.652742489388054,23.4687483126871,-0.16658116279266905,-0.5885013007220464,0.005636133842541252,281.2525510916609,169.00013793086552,0.3706996905448681,1.4783334613290964,0.15306846549792946,0.00038263357630935317
288.5522211197997,193.69296635058976,-62.167060680979986,23.30305215248506,-0.1722223677063621,-0.5647997459101236,0.0025923311093208703,281.8004562147092,168.9340923085254,0.37442238418166557,1.5471340474324127,0.1301514220950446,0.0006567332477220126
288.7523542688283,193.6677617381992,-62.1171643543445,23.47634552180526,-0.17353153883916445,-0.5609627646978,0.015814801700963256,282.1461139129262,168.92351692814955,0.34153155680834224,1.5564857907037333,0.12381109268348159,-0.003152151311333458
288.952487593059,193.6698153250634,-62.044832992986194,23.53250839818711,-0.17373120636539427,-0.558116994967646,0.02066280852122098,282.48333638374,168.92891311431163,0.32817646292888747,1.563180384907038,0.12140864628518722,-0.004743593448051502
289.0,193.655609464721,-61.744809974819766,23.663160364416047,-0.17781027701420163,-0.5511065493605193,0.02732220790133618,282.44905644461613,169.47707704123602,0.4995069884280555,1.5435508395642206,0.22940874328446714,0.005919997368346365
289.1526210920325,193.61368516519363,-61.937992071816396,23.465602756620203,-0.1775225997657467,-0.5537689862394176,0.012353148382226405,282.67390979673326,169.5367758807042,0.5347527310380292,1.5399456580484705,0.23992452438849615,0.010018159303503967
289.35275476529085,193.45281232922883,-62.65333072973951,23.580515183760046,-0.17672051835653468,-0.5616753011993388,0.016956638701933483,282.91092785283746,169.6079929135874,0.5273012640110258,1.5184736420694782,0.2508779158649046,0.008976926386750374
289.55288861237676,193.25208634729117,-63.3785065360156,24.107594517554528,-0.1774815583501886,-0.5666477451039591,0.05075688549864113,283.1522758281812,169.6322368446678,0.44919361605757996,1.4999775610852293,0.24911827862294475,-0.00027837631751331804
289.75302263283413,193.4636253750737,-62.20175342958504,24.210330009890537,-0.1800739088460899,-0.5475246750740668,0.06459727546348011,283.640292773073,169.58102677129682,0.41204225958704155,1.5498182632252193,0.22703893284022483,-0.004809851506565706
289.9531568262078,193.47548124059568,-62.12794379008583,24.250197524311723,-0.17972016224667858,-0.5451628600759574,0.06759601373707391,283.96737083456543,169.6139689556892,0.4030618290275752,1.5541438189920418,0.22813630657801287,-0.006048021557928484
290.0,193.53142689447532,-61.629323866805116,23.994513640893274,-0.18277745815650634,-0.5374254458358898,0.05806269508612171,283.72479816327905,169.6531028189681,0.14858476359713907,1.4935500028659001,0.23400792019097535,-0.021998525779395692
290.1532911920437,193.47856646659346,-61.783269124351065,23.972287219016497,-0.18328328857289533,-0.5382325839431114,0.0554126810366556,283.9535431794375,169.6930442632474,0.15135264387467096,1.4923987476302516,0.2383679373632536,-0.021507402448976257
290.35342572988867,193.52502336733207,-61.511662879030816,23.996627862497427,-0.18353263196285888,-0.5329889836363875,0.05849876307809394,284.29235089567743,169.71969735937984,0.13898198140681275,1.5023153241199778,0.2367679800205094,-0.02274412130044844
290.5535604392907,193.7135217771913,-60.58579525838742,24.007882281209145,-0.18438479791250476,-0.5187947125763336,0.06429470174705458,284.7153884799286,169.70658136362076,0.1181995772293433,1.535584172820378,0.22437801270306373,-0.02506295786310631
290.7536953197986,193.6304097216211,-60.73102569880064,23.906239190823115,-0.18657082848989154,-0.5186175173666453,0.05576184450603633,285.05277480067065,169.7547306319831,0.13412393508440817,1.543490845227693,0.2288854640560245,-0.023280174542524738
290.95383037096235,193.71781945646495,-60.42894915331654,24.0286578244403,-0.18479502913386184,-0.513735026341136,0.06612575439332734,285.38206895698903,169.7719918015179,0.10240927602430305,1.5490160619406936,0.2251439029491046,-0.026390633253834242
291.0,193.96195676668444,-58.090672004711244,24.125888503521157,-0.20020643057243886,-0.47373491878224094,0.07629833038587658,283.9141014975873,169.9170438949051,0.480635330255654,1.2532901788760566,0.2502189717511658,-0.0025152765283663198
291.1539655923328,193.99679512319736,-57.81469038456041,24.15350424381003,-0.20110738406168524,-0.4684908370803126,0.07934314180988085,284.14865328661836,169.93416680352507,0.47256015023569864,1.2608214848023707,0.24751455813610526,-0.003412191226762949
291.35410098346193,194.0714979061042,-57.38097397183156,24.21230895458426,-0.20160669862490851,-0.46098332736522607,0.08534819307394262,284.45823334855515,169.9507577371668,0.45672291680232724,1.2713960836612634,0.2423918191785603,-0.004863236503614801
291.55423654390273,194.15286202616267,-57.379612290917656,24.42812439684126,-0.1958341492244632,-0.46222615074003254,0.10036623574203876,284.6389107204745,170.00485468108485,0.41975457940864785,1.2455590319719676,0.24768490968207643,-0.00914897933878547
291.7543722732091,194.19942154192805,-57.19423370054069,24.492422939117283,-0.1947082948809023,-0.45899948966777704,0.10516031145004531,284.90237684070445,170.03969944598077,0.4055439949647101,1.2437109994431235,0.24818556253187188,-0.010519143885042829
291.95450817093604,194.31552345634435,-56.91261878864059,24.614915364352182,-0.19095633403165976,-0.4558110916812218,0.11474643959143964,285.1347267479213,170.07686994609884,0.37854696965507517,1.2336351344798504,0.248777962779551,-0.01340340414781942
292.0,194.28911632716176,-57.13717720946258,24.42878093553028,-0.18957718990682634,-0.45990407538923717,0.10555704965409962,285.058180165454,169.37306855598356,0.15436521940464346,1.2048830828577497,0.10796138660487523,-0.02736597273747879
292.15464423663957,194.39806931688344,-56.623732055015154,24.46217341958143,-0.18969815078254326,-0.45199558506320237,0.11005608696882059,285.2984302332813,169.36023049685383,0.13864844618173974,1.2155757488794263,0.10045967487341949,-0.029173350677573553
292.35478046987663,194.33672683591848,-56.71797047239425,24.46077562407575,-0.19096800780608375,-0.4513899156845259,0.10829339050784079,285.5573004101507,169.37649041552189,0.13685193801479772,1.2138136789289666,0.1003855697014011,-0.029037792310835368
292.5549168702053,194.30797355228617,-56.8168469706005,24.494517512485203,-0.1903153806642893,-0.4518411542975235,0.10914334927430462,285.7893644753279,169.39948047253506,0.1290057681308831,1.2045854017631812,0.10203927604814099,-0.029683503376439758
292.75505343718453,194.28551467264137,-56.834261078601344,24.5163202259268,-0.19043820270112355,-0.45079704882283367,0.10954585186754418,286.04027509729474,169.4147723607009,0.12187445818251204,1.2010324406456643,0.10166464796523283,-0.03016300638129727
292.9551901703744,194.29696288214657,-57.248102258338626,24.655701920352627,-0.18315349417825832,-0.4589798223277279,0.11653727607530998,286.1159768343689,169.49059138879366,0.0993367180702597,1.1508496871865708,0.11728952927580687,-0.032271780453554604
293.0,194.2987316584419,-57.202207806970264,24.638851274165646,-0.18347469062210298,-0.45799565984432294,0.11584248244823375,286.158545293694,169.57194137165393,0.07559535454826134,1.1476147268623813,0.13266365873269237,-0.03371223368315198
293.155327069336,194.15435118736812,-57.8033844355588,24.631742397662986,-0.18270430881726257,-0.46562541960034204,0.1111321085232075,286.27914138088425,169.6238517171311,0.0822245632928402,1.1252467909236719,0.14256759979819128,-0.03225316181946828
293.3554641336314,194.22292060412,-57.32061819954642,24.689922041395384,-0.1847075890268772,-0.4565699267505116,0.11679580639261283,286.5862817708255,169.60866069954562,0.06116375920002522,1.1411655247250125,0.13234394996239005,-0.034115194339067414
293.55560136282367,194.39522491442102,-57.115672413367236,24.823692781851417,-0.17711369382211553,-0.45676988794254714,0.12678753828310924,286.73824781263494,169.6494480781217,0.03013607964464709,1.1128373620814593,0.1379478565382215,-0.03698329259119263
293.7557387564769,194.25455828204784,-57.249592646202984,24.80263507177786,-0.18237316112952764,-0.4543124700858576,0.1229101643987032,287.03603651171005,169.6528537247969,0.03199716577423842,1.1253912971015976,0.13348489936073876,-0.036448529128381174
293.95587631415617,194.09276970519008,-57.15773378545367,24.745818714249175,-0.1918964034744444,-0.44637964608553815,0.11753803964243723,287.4435930046755,169.6131545031905,0.037208954432007765,1.1668819616521753,0.11768979153868636,-0.03523761927646052
294.0,193.8375298912216,-59.166822013720335,25.073069976260943,-0.17923626841839224,-0.4788125562630821,0.12536099455931535,288.4335924735732,168.66203112569957,0.23356313342438811,1.3433346299666524,-0.06892993478238382,-0.023344379668982805
294.1560140354277,193.56427028268624,-60.18374797000758,25.102769070497875,-0.1796767243315999,-0.4910038937307124,0.12075312175269111,288.56140740982744,168.69412932824622,0.24232872901485825,1.3171179424793358,-0.05851414643448133,-0.022134133777194222
294.3561519198586,193.4081160591633,-60.78357259543668,25.129145363268314,-0.1793158662616849,-0.49788201325156206,0.1181092272313421,288.7696470742317,168.71066729747633,0.24514870866555005,1.2979237892206126,-0.05263106992429775,-0.021437915115662846
294.5562899670171,193.1620928856081,-61.49748527655879,25.0628470233767,-0.18240061931090495,-0.5045752280667025,0.10806684675859768,289.00639526005665,168.72759909455317,0.26609603714598307,1.2875909739799118,-0.04695971523645054,-0.018851291403546515
294.75642817647224,192.75451148397096,-62.52904914549503,24.829068374403004,-0.19006165944078812,-0.5134462662923654,0.08417371183039915,289.27371339860196,168.75863431150023,0.32276100758214066,1.285787898284303,-0.03764157847798029,-0.012153469989301429
294.9565665477943,192.61313847997928,-62.82956958058882,24.68075705726628,-0.19317054024838198,-0.5149611363182272,0.07110617162558815,289.5594133733841,168.76389794674324,0.3535881880682462,1.2891114303278233,-0.035928796459594195,-0.00836315471981883
295.0,192.42350272989742,-64.33404117009198,24.86207513511728,-0.18322466180715197,-0.5396900673067995,0.07511860134961972,290.7021071267638,168.92080799909996,0.38485006821360224,1.4977573259913695,-0.0030049095154213376,-0.00692651493799491
295.1567050805545,192.26821483795248,-65.11604211150512,25.020939177974107,-0.18016261603018663,-0.5501456022247169,0.08180079591212486,290.834206657278,168.9567593440407,0.3701868559893793,1.4680597653128282,0.00677315533015101,-0.008726782549925675
295.35684377432506,192.25649737947117,-65.31926590745714,25.20660894762676,-0.17729469981524815,-0.552333429717947,0.09345165785252747,291.07929630345694,168.96199416740967,0.3415988227097483,1.4539731353947154,0.007293415596655589,-0.011882647920268642
295.5569826286793,192.39307458275024,-64.76053280422983,25.344688418710366,-0.17720297894717876,-0.5428777003740883,0.10569410708019575,291.4409059165913,168.91155523274858,0.3083125765104746,1.4731210341825323,-0.007125183093818603,-0.01575352791894657
295.7571216431913,192.23696651975573,-65.43614261527048,25.37775752875755,-0.17571590605706358,-0.5513087708292692,0.10343634467969508,291.64470495126943,168.95501743072452,0.3121252904280481,1.4476013902639104,0.004011281296553372,-0.015038917002156796
295.95726081743646,192.03083203327162,-66.2658956493546,25.331928096076513,-0.17486689510031278,-0.5617755794938247,0.09469424356822738,291.82727610328624,169.0210854789143,0.33300517264904433,1.4177840262192112,0.020876222047905617,-0.012195720090971286
296.0,192.03428115866436,-66.33322668048856,25.525679976325428,-0.17351244003865948,-0.5625706048165365,0.10306473818662742,292.1717135179475,169.53139137227294,0.5331963965808147,1.4734353212555633,0.12206896055472616,0.00030812272483803256
296.157400150991,192.00037601505554,-66.19392399788653,25.4484164924694,-0.17723537953752633,-0.55765420937353,0.09749270575460584,292.4701131719,169.52914355645927,0.545189349929721,1.4924050136115452,0.11767059930418433,0.0013438210692909398
296.3575396434323,191.94287547361031,-66.2128744396642,25.339536812657414,-0.17993215062082865,-0.555363324482391,0.08875153647107138,292.8147643545539,169.54569921251124,0.565504587199103,1.5053786067075607,0.11782645400932068,0.003546303752412228
296.5576792943387,191.81821828587596,-66.88456679035833,25.376659746698213,-0.1766832237728938,-0.5648037041784225,0.08717944975166404,293.008138143529,169.6205381350762,0.5715426534394411,1.4753292440042138,0.13370554887726618,0.00462857507639779
296.7578191032894,191.75949653625952,-67.14242179112685,25.343447935189612,-0.17593946643564543,-0.5674707902347917,0.08281860751210811,293.27531370233265,169.66774419565047,0.583604867696806,1.4672229750060395,0.14160231791354522,0.005999783537978234
296.95795906986484,191.7660695580852,-66.67122292347518,25.338553997365725,-0.1821609657009138,-0.5557951402202943,0.08418551936316565,293.7495361771986,169.6128452282558,0.5794514119696592,1.5146839707735926,0.1224103494136638,0.005298893038433396
297.0,191.8336321143253,-66.21711571172787,25.385971658892547,-0.18456016139337222,-0.5479606797914962,0.08752301536146671,293.65145239069125,169.96655440681124,0.6742859711189619,1.4845090112982817,0.19151697272663343,0.01110624840707956
297.15809919364636,191.9019916906214,-65.52614606466425,25.323417127514343,-0.19059630836884878,-0.5341262970340686,0.0860943144840767,294.03113486952003,169.9337134424294,0.6772360096873161,1.5263378536864354,0.17651556670584362,0.010827762586781383
297.3582394742163,192.0048910871947,-64.94330952189655,25.49664076766434,-0.19272538980435144,-0.5227535625611678,0.10085391910588423,294.43217389400195,169.90381649602648,0.6432528878128123,1.5540820546119345,0.16158981103913952,0.006299286221760243
297.5583799111582,191.83770307788114,-65.64559640725962,25.57674127886742,-0.19090088115023948,-0.5315909236082748,0.1018500216592927,294.65072999785804,169.97760824674205,0.643598743948752,1.5295755332199426,0.1757900435533831,0.00607305123945174
297.75852050405626,191.63774838515485,-66.49900578786328,25.566260222549314,-0.18878275849209128,-0.5430923644797635,0.09559454314280563,294.8350484926756,170.08042126202378,0.6620890664737441,1.4969500615406488,0.19698655876923538,0.008030740769510858
297.958661252496,191.57310067350608,-66.82344452047614,25.622422470921332,-0.18701866966923172,-0.5469209908914824,0.09712054729061191,295.07635575339106,170.14388286721285,0.6605226154386937,1.4806216304513302,0.20619126139279118,0.007848984968414699
298.0,191.4793975685086,-67.33698054917298,25.407896486863574,-0.1849750706000667,-0.5552653917852916,0.08660408703230182,295.4113176615728,170.07522342404653,0.3402704347859691,1.5329191602103447,0.1919499256812769,-0.012340117070224138
298.15880215606376,191.47108278958328,-67.46662025456571,25.558877093585323,-0.18303921965626327,-0.5563519876533779,0.09617452405542834,295.6262842490278,170.10560981227783,0.31676256212908294,1.5249074934219493,0.1942293018262789,-0.01461916951522432
298.35894321434705,191.40478327064105,-67.86130408873649,25.624990499397953,-0.1804211477082399,-0.5615847556048943,0.0980666218467991,295.86830026271366,170.1708535153668,0.3102109208320646,1.506631017559345,0.20476007794163106,-0.015022003810513317
298.5590844269344,191.36400158632898,-67.53210900743699,25.492246626087258,-0.18736942234271248,-0.5519786406895666,0.08931853655316092,296.3182568224232,170.1587781548835,0.32667023946361445,1.5469551916981952,0.1934683902987662,-0.0132167931972525
298.7592257934151,191.33088592690234,-67.61938978899666,25.510969807810383,-0.18747479338965212,-0.5515955196575308,0.08950184541827665,296.63227383818594,170.19545069251922,0.3235081562278706,1.5483144441786816,0.19577777981819144,-0.013304910296763787
298.9593673133797,191.4474817692157,-67.10339254738169,25.726625480190407,-0.18818312118743952,-0.5417015883097113,0.10697973153095112,297.032660067804,170.15905740662126,0.2751486021703518,1.5731444411851099,0.17910573819612693,-0.018912772742645606
299.0,191.56953957644978,-66.21662930935041,25.552256745339413,-0.19414142492593942,-0.5266355523166636,0.10166842139447507,296.43014566547004,170.15405876857065,0.16774840177092104,1.4448186897288369,0.17587574334574657,-0.025513284751594104
299.1595089864196,191.4839444161,-66.87306442554602,25.669250594028213,-0.18848003619598228,-0.5374432194119897,0.10593728985652737,296.53905754158654,170.23235875361667,0.15552299047979204,1.4084725753167027,0.1919219884350392,-0.026420766381967976
299.35965081212737,191.41489497291633,-67.06447801386345,25.657185509547055,-0.188959423672371,-0.538428197206051,0.10309199297169906,296.81880746634226,170.27642055427444,0.15698206629763334,1.4054565556386411,0.1963191277164152,-0.026043522351540355
299.5597927900966,191.38223369561393,-66.8914079183225,25.645795209667387,-0.19288806039842868,-0.5322695007926099,0.10214324045095517,297.1862145964971,170.27778100163226,0.1531385223501231,1.4265021643020162,0.18921118934340586,-0.02605378857705054
299.75993491992153,191.2336730677946,-67.31762086777763,25.542939927464694,-0.19417106862947792,-0.5363684551546875,0.09156008867313328,297.45450793521525,170.34328680272745,0.1745463521154842,1.4193829449886393,0.1996043271032611,-0.02330577378126977
299.9600772011979,191.1742215286606,-67.55536384838565,25.54320262706951,-0.1933484327171195,-0.5387538637741611,0.0896070946363804,297.70801327407884,170.40147709048358,0.17515121244465617,1.4089542215133828,0.20727009069389457,-0.022948205441670103
