time_s,rov_pos_n,rov_pos_e,rov_pos_d,rov_vel_n,rov_vel_e,rov_vel_d,asv_pos_n,asv_pos_e,asv_pos_d,asv_vel_n,asv_vel_e,asv_vel_d
0.0,39.091977933504545,11.119157173030823,10.8778443866155,0.0,0.0,0.0,32.7919574074986,0.7608607555697338,-1.6140638674344414,0.0,0.0,0.0
0.40995386996825683,38.240137778263694,11.091686390557745,11.37836630670468,-0.0034934306293392158,-0.00011265878030395022,0.002052660461634179,32.94035453227058,0.7665843433951169,-1.71417098533856,0.004582414157097864,0.004430844222549114,-0.00046383913712769355
0.6097576900928808,37.157625229961,9.956055474531242,10.143346665511096,-0.0692932399198837,0.01858352670280713,0.004062789225054479,33.23839895903949,0.9203825767376304,-1.4686843419263629,0.3659222297444215,-0.1372650760829613,-0.0007649647356898535
0.8095677070009177,36.93323642930906,9.484727088495186,10.024441453799236,-0.0746367035431343,-0.04963423140853673,0.06262677571831166,33.383996156992595,1.2313853153502547,-1.4524803967350453,0.5398936887937152,0.4626404060129648,-0.014061607099372792
1.0,36.97609657933466,9.410617161164481,10.01299274843132,-0.07518686428948815,-0.05106290404135796,0.0638383113911998,33.51860482278509,1.1467601757222594,-1.5790353817009186,0.6786154785443522,0.4941232062185448,-0.009359299252439699
1.0093843418736157,36.85207460872057,9.191740309730323,9.842859318696249,-0.0867443996264588,-0.06698256116762707,0.07720462801190131,33.61464869758818,1.2618994912051325,-1.5543652814384086,0.8721103084740809,0.7079572381279967,-0.00646284625235328
1.2092080231095461,36.700603849432454,8.885060623586957,9.588460081896443,-0.08591734776546969,-0.09178213213257684,0.09123589375586669,33.76501832742454,1.762194104846063,-1.5146908232201053,0.9233208364211027,1.4455534479341887,0.007777781551446119
1.4090391838719665,36.767302719391296,8.993579018326653,9.750904389440542,-0.08858591976492947,-0.1029436335731959,0.09587440555108548,34.26098359063005,2.243645581270358,-1.5316388785714041,1.5622606102665733,1.9773163031989052,0.0554984996290465
1.8087256819064033,36.674808296473216,8.902465346222225,9.817187903253476,-0.10103220830933608,-0.10091725566640222,0.11905254582772812,34.64034735621182,2.7118703312681607,-1.521883996827028,1.590338269110127,2.007657813098331,0.06003327048639506
2.0,36.76110196613639,9.07819869276446,10.269274689804641,-0.09061147507861612,-0.08174037208584162,0.1103717791820872,35.09024774002131,3.369388164550928,-1.0592378829621873,1.8070490631064369,2.3350966930683463,0.10508323482100192
2.0085818794925165,36.75328803751231,9.03059142893307,10.22552632369366,-0.07616015857111288,-0.0916245117248338,0.12069868175749854,35.05485266678334,3.0711305666732462,-1.0628405521378876,1.7490720552872836,1.9227952663388101,0.0734451587736491
2.2084472683567733,36.64826730008455,8.854968778708079,10.07915731630294,-0.08850038718045371,-0.09192725592387041,0.13083882564278437,35.25343923245586,3.3054363959094197,-1.037095877707409,1.7162963902540487,1.901822319503928,0.06062245691910842
2.408322249077179,36.4990208209515,8.59921744869607,9.872646608634357,-0.10486285614392038,-0.09920969806912934,0.1490353341365742,35.39136722912952,3.440367215866531,-1.0154553351580895,1.6321271852246366,1.7846591630781932,0.03480518898655029
2.6082072006051855,36.19027946935427,8.294412338678338,9.558084459773783,-0.18243739277073184,-0.07852883322617113,0.1691876574616048,35.2691848280215,3.6649175626898622,-0.9944678687640679,1.3188634388646332,1.7727123310118755,-0.000560267228871085
2.8081024742370024,36.18054870030087,8.515767527328496,9.685717758424685,-0.2047311792259296,-0.03541725124990754,0.13323147982169956,35.60223889187698,4.461474844705671,-0.9749779347415024,1.4593359871245688,2.271828127466141,0.04307313137002457
3.0,35.612760701382534,8.832100975297,9.881846236756187,-0.2641112887678709,0.012538615968617661,0.11211079889034668,35.35381595367931,5.337205450771321,-0.65842517837452,1.4481639321767774,2.540273419454305,0.07285483904464492
3.0080083874143493,35.4606902011356,8.728258349723527,9.92433329397235,-0.32909785047829837,0.001177367186665012,0.19466068745606435,35.04684594841859,5.028781317572856,-0.7149522806376757,1.156814245472185,2.2452118398196315,0.012102316057041582
3.207925217550714,35.32824994225909,8.514054670963034,9.938291607424473,-0.33284087092193526,-0.04472364380007905,0.26343908425129736,35.13650173485472,5.016688417365637,-0.7600664259624412,1.1003207882930377,1.9907585014867557,-0.034972599220164144
3.6077925031793816,35.198575847074224,8.220439032021918,10.062030259518814,-0.30756010602542866,-0.1113325939373667,0.3334962322075413,35.560174523783736,5.25651923674609,-0.8336159902220251,1.188927011130732,1.800144932007345,-0.0759473212769203
4.0,35.25841803849698,8.540354283462918,10.404727361662665,-0.29966971394249986,-0.07084386842152068,0.3544110089268019,36.254241800226495,6.346915156672106,-0.8741896171452341,1.3437538712227004,2.1005470685396643,-0.06564145340276359
4.2076793345371915,35.17187420697177,8.286158078300607,10.816007279444007,-0.29719979090339393,-0.16004929908895152,0.4977521000107624,36.463774892274905,5.931402044592807,-1.0332345601429904,1.3513812952581183,1.638180213248381,-0.14220910400298412
4.407664587238941,35.07357738044536,7.282882141781539,9.144532175055305,-0.20404729561337592,-0.2043719041363884,0.34514460127676133,36.401957140997446,5.402354844851779,-0.9029106881947007,1.2028363042732677,1.1500237613181712,-0.15081616607548096
5.0,34.54407955554366,7.483960194664253,9.524899784526067,-0.2593610997963486,-0.16388282389336772,0.3442329881137835,36.69134090646128,6.5027275702555265,-0.7632440231767226,1.22722964348128,1.352967988729721,-0.13049242283192208
5.007687538196226,34.671046989240985,7.13471016939359,9.029419921918109,-0.18704476485549282,-0.20864950095105195,0.3228302616752763,36.81629070105114,5.949369648902252,-0.7448366909143599,1.3022756568932607,1.01290676620829,-0.14429189649509058
5.2077167742447905,34.552610230870584,6.796634553667141,8.676781507305545,-0.19974363631591033,-0.2385077388850633,0.30620309056645434,36.757578811886276,5.847954876735096,-0.7794112101707852,1.1594071073089487,0.8565702762097491,-0.16539627554482006
5.607805617327329,34.34652204701763,6.7366750032863445,8.906670441272917,-0.23801796390463534,-0.23371835460785628,0.325705598416293,36.99408548451008,6.2927691163763715,-0.8793421386195016,1.0902946793322956,0.9369162789320684,-0.1771041239876127
5.807864404933641,34.30508379718282,6.659970312046547,9.08841501965423,-0.23862379208441004,-0.24951294533693072,0.341115544244498,37.270006969391304,6.418037646742902,-0.9385221340829254,1.1389390937389625,0.9172928886833742,-0.18406172752252636
6.0,34.48099277387268,7.563566050202526,9.450014621849812,-0.20206120176737388,-0.12776353968560117,0.4074290094181042,37.90978467520155,7.5518641333650836,-1.1822816482972778,1.2995246322838048,1.119197427134917,-0.20428278635634917
6.208008430320427,34.42254418544564,7.541862890280181,9.371323710351927,-0.20556280485631692,-0.1140100534186658,0.3928574854287524,38.028290352423696,7.829406940892234,-1.2103450958108743,1.2428516911874672,1.1694083716809094,-0.20331373979074785
6.808283175774949,34.28619435383628,7.470289544824395,10.049400341243288,-0.21267234698618595,-0.13952476844091935,0.43405172344619686,39.10029161424107,8.493849937446244,-1.386533221305054,1.4485388759142332,1.1721113656457347,-0.21431862036188623
7.0,34.08467334171254,8.219084211333291,10.486882196435383,-0.22384412297687153,-0.03960365624459221,0.4800610059145191,39.33137835620337,9.53633166072943,-1.3022985916425747,1.5065808394410651,1.3263051494590266,-0.20533983209409876
7.608737806058475,33.98452546246296,8.233214141599499,10.665121785258039,-0.2141595915697903,-0.025329628618087116,0.47150506276146015,40.24116272537647,10.483010975885904,-1.3958887972730856,1.5658647534688719,1.4486180500495385,-0.19971782032437074
8.0,34.05507755974324,9.041069431412724,11.869145334395375,-0.18548403884771938,0.08107000667151155,0.582119544984949,41.37719360598142,12.031546976110226,-1.0008373374664195,1.7620858177498728,1.6864308825432686,-0.16045553728694556
8.008994144014274,33.96254104559674,9.035713517957072,12.16055938112479,-0.20354317733941024,0.067071871632177,0.6061977618320119,41.45492285718801,11.966149678402271,-1.0563566380749836,1.7907788029068303,1.6127506938363927,-0.17448651273825191
8.20912797352162,33.90523907159965,9.041764357839202,12.359483415206151,-0.20790208415458986,0.061600208139341944,0.6134471975973274,41.762885463938964,12.252442427071653,-1.1203360159779827,1.7817980512316487,1.5986553034926867,-0.18426325827424578
8.609404878762032,33.81682052549852,9.070648365467605,12.559572976527308,-0.21023262810026136,0.06332568837334857,0.6082127490313378,42.50301946998063,12.831097680600474,-1.1899238504481637,1.8517536703268063,1.578260549043709,-0.18577620494829483
8.809547183918529,33.77706974045317,9.080583988397068,12.660734496992111,-0.21098161064078785,0.06234008185457447,0.6060496432104813,42.8217185258828,13.095820570620965,-1.2387608008344206,1.8510612138500604,1.5551148566861643,-0.19102472653836253
9.0,33.732218047578705,9.434159645938216,13.176092548541408,-0.207795604073618,0.10454764198519909,0.6472508005413612,43.34589090950628,13.822314100267516,-1.1020782571288839,1.9266548300049002,1.6406667927137835,-0.17686539496370213
9.009691577151214,33.75859133799929,9.457215055489065,13.134751531204419,-0.2059377682014377,0.10727438537473453,0.6432719301621347,43.28210271423107,13.757623059987804,-1.1223164179118454,1.885560977786753,1.5846794554760748,-0.18446818462552655
9.209837723133424,33.73768087652204,9.479709309789444,13.257366395764455,-0.20332168313994087,0.1065706169495474,0.643102247881225,43.60802718505189,14.055838373625036,-1.1718247850611272,1.8705049835070193,1.574987540524165,-0.19043840814381255
9.409985306038147,33.676210745383024,9.495129362048656,13.420214571973,-0.20568678255920986,0.10568510346743863,0.6458146170244142,44.03167332473349,14.400252726122009,-1.2039686443711395,1.9136737684749647,1.5900103800697483,-0.18941209975776166
9.610134029042682,33.65681215074805,9.53054158626864,13.49044409380671,-0.20382981897632926,0.10825507176790146,0.6408350479273293,44.359846830777386,14.666763042298166,-1.246961832515997,1.9082611450033655,1.5581483228921291,-0.19348423032131631
10.0,33.63763645194454,9.728186902256967,14.247676274718726,-0.19493751098627782,0.1273561144886276,0.6867382982411546,45.295150176869996,15.495178249648575,-0.9492006298969453,1.9794440396669235,1.5922609917862012,-0.16035153710576072
10.010433799485865,33.56938123526599,9.707218433109624,14.30374690722746,-0.20327544368506884,0.12479641282061828,0.6897977432726594,45.40881859376564,15.553738625308144,-0.9324420720134803,2.0427279395393105,1.6182045040515882,-0.15325759851194187
10.610885608300062,33.44784548075828,9.764671130491587,14.74975883064899,-0.20229202625059076,0.12177114996679789,0.6924129988246737,46.65188524486014,16.54739941274953,-1.030260534109463,2.0880992160346485,1.622208524832894,-0.1576710278155586
10.811035922408188,33.441236983125016,9.842984378598736,14.792356750697456,-0.20020437490726295,0.1296853985401985,0.6849666076530863,46.99108625571484,16.770967946852053,-1.068733998408257,2.0807314741839162,1.5537369319422614,-0.1622427743835205
11.0,33.01152761050498,10.602430495809509,15.432343679945692,-0.23984586504216032,0.21213781561305184,0.7300688925286568,46.86232152152472,17.750074942992427,-0.4628020842849375,2.014299397149589,1.6101100376348092,-0.09523331471022348
11.011185776032738,33.089046458226335,10.733784363359819,15.27865471364282,-0.23361790544995797,0.23047450734748776,0.7188063470192546,46.79166273374053,17.63561866125469,-0.469906174490263,1.9905233718270814,1.510076240715833,-0.09955620640593442
11.21133500024096,32.9460796786361,10.709476463214115,15.539367322051467,-0.24354542407675348,0.220870359358906,0.7263155844343165,47.29937226770523,18.01765174464093,-0.4804359823874917,2.0545715250699663,1.54371832248577,-0.09552858997058826
11.811777396483738,32.829387261208595,10.92764133575582,15.847278962589323,-0.24321847803349816,0.2327887049039055,0.7169025424661095,48.51696203686046,18.809044531514438,-0.5232656107268044,2.111618231718551,1.418209817676421,-0.09482311005444492
12.0,32.62121954988026,10.81585250936574,15.222309961870426,-0.26598377802634854,0.2134166978456385,0.6501814540051948,48.15823425373923,18.596030657045965,-0.7873203177602572,1.9650800026565403,1.2939388871278188,-0.11313936312483089
12.011922662062545,32.70777449779465,10.94762513374059,15.062487658198805,-0.2590070786387718,0.2304140046835326,0.6393330173338035,48.122558967806356,18.49952782555054,-0.7778538853669481,1.9621835262086256,1.2167450392153043,-0.11186159124294473
12.212066634698227,32.70518719868604,11.065758097277579,15.076081154368724,-0.25569319170446214,0.24001120470983478,0.6316363253124472,48.49692120101652,18.67417449502546,-0.7842062194127467,1.9827982563074151,1.1460996650494613,-0.10886141044408634
12.412209213984609,32.5828883371207,11.018463643883068,15.36782412541007,-0.2603629889422826,0.2274185173544246,0.6428433757920071,48.91656653573973,18.99243414637543,-0.834167313756097,1.9717070861138202,1.162258672078523,-0.11559592472551108
12.612350309122057,32.5848282711708,11.13504352493529,15.39736539177134,-0.256411384972873,0.23622751551753274,0.6362999735676692,49.268190235938235,19.139470389435232,-0.8471514903169468,1.9740546358896964,1.0812882793219938,-0.11416607301053845
12.812489838482223,32.55549015397653,11.189241491520933,15.515664589764304,-0.2539723131101813,0.2368858239167331,0.6360745314109963,49.629519219311334,19.343679680525955,-0.8758930311977607,1.9601800107130785,1.0402896785551417,-0.11652919110113202
13.0,32.39250674577406,11.351864969866442,15.507275802944136,-0.2678689743292987,0.2477850383432178,0.6251940706032068,49.56140620990381,19.497987074193315,-0.7673739386166163,1.87690092469265,0.9818484953846215,-0.09879511780388758
13.21276391680201,32.31781295418083,11.353811799407815,15.6972009737193,-0.2683869197641659,0.24180287860844565,0.6292603439755781,49.96108438725941,19.751943748997657,-0.8007967876950647,1.8636034053005144,0.971655697802462,-0.10181439873965223
13.412898344837147,32.11031555048662,11.347900066599042,15.894819458526108,-0.28418550697333944,0.23612446631790102,0.6311577266512018,50.50056554079678,19.978261149329693,-0.7989905008553814,1.9589719905850245,0.9472329351608231,-0.09507139860982708
13.813161734626442,31.997010084919687,11.463129354619717,16.125519819478683,-0.2847865830155055,0.2384646261430512,0.6292922857912643,51.29453048569599,20.309586069334678,-0.8279726211155684,1.9753797297890183,0.848243152876093,-0.09310712902483255
14.0,31.682508609461603,12.18885387811607,15.999680922865693,-0.3126988196912339,0.3054785349043091,0.6150433964402269,50.91810967530021,20.94986551924478,-0.742315219893987,1.848311376819621,0.8509156419165118,-0.07586652630449267
14.013290620785117,31.74482233971027,12.212704550842904,16.001911413492376,-0.305681251665636,0.3074360285222571,0.6163143439058055,50.870824385657166,20.951427152480306,-0.7590076944092901,1.8004146231947433,0.8422114438533935,-0.08027600404124446
14.213417595631297,31.667631173945804,12.273490954336696,16.127267221122956,-0.307364427149603,0.30739091571814925,0.6160270231069223,51.24766826251598,21.11222497790805,-0.771269335606862,1.806866755131646,0.7959237359145889,-0.07917108352783638
14.813786875611537,31.44554644588363,12.43232959058452,16.52069826759767,-0.31067116623576785,0.3048738516048375,0.6169836510322745,52.37502452514777,21.57973850351002,-0.8180612638786708,1.8085319447678363,0.6761811959381693,-0.07833874633550252
15.0,31.394146839297356,11.726265600031779,15.988256892385206,-0.3205138664076519,0.22381005210182475,0.5550201716486051,51.595793790792136,20.383449875744162,-0.7170510282461373,1.5405335012769825,0.4293906737238742,-0.04354167275886995
15.013906059397872,31.307336426008064,11.71667798839333,16.009956232274114,-0.32852487759424187,0.2226159456134327,0.5537818680567048,51.69417220610193,20.37904865486101,-0.7018321146367815,1.5880835694471287,0.41710584087390923,-0.0391201036759253
15.214023289105652,31.254855814873917,11.78225830458136,16.106643473867546,-0.32756263673325325,0.2246923332588081,0.5528812251889352,52.001436359098264,20.433807443840625,-0.7055126421572626,1.5729561057997508,0.3524562325412945,-0.03661484499626829
15.41413857356129,31.20074443301123,11.81679088533676,16.225774224252312,-0.32619081553030893,0.2236377134173343,0.5540715207982269,52.294393993938954,20.519575144572155,-0.7216103609320008,1.544647136064509,0.312928415412655,-0.03776738024540254
15.614251926943105,31.074579996148582,11.833327791084391,16.36058681036017,-0.3316179253951633,0.22102901700974018,0.5542912869495267,52.67492495454533,20.595833321634284,-0.7234800960653784,1.5644368919819853,0.26942916296823766,-0.03518929981387352
15.814363368609065,31.010119740099103,11.881981814451484,16.468544186666954,-0.331510662426329,0.22145262665337315,0.5540328691608919,52.984599853888454,20.63594648618989,-0.7284837378189373,1.5487022065016964,0.21262357085407346,-0.033786354876654254
16.0,30.89190726759976,12.194255105281677,16.202962238721693,-0.34577952551312,0.24181763685519952,0.5257851776204526,52.15503509350005,20.52154043360423,-0.41052070061087476,1.30335413858469,0.12504632437164756,0.018155074048915205
16.014472922930935,30.762956963997354,12.15814970311527,16.23612992925795,-0.3570395277093787,0.23819026198127288,0.5241652971436239,52.29269298794256,20.5286134256125,-0.3917104187208155,1.3699591591757154,0.12240646513288782,0.023220901353106744
16.214580619133706,30.640014951260707,12.17027762232832,16.35546932031227,-0.3616161230646386,0.23488312972632472,0.5240457254142094,52.62544839628241,20.58351283086842,-0.3853444054637502,1.380011414176087,0.0890862564691059,0.025557351341703664
16.41468649113936,30.51407982743049,12.186145657462097,16.466574019833704,-0.3666059880532706,0.23204335210646373,0.5230785903660803,52.98314496462578,20.63150579365454,-0.3743582713519206,1.4024537361012444,0.05533269019875109,0.02844731911811046
16.614790577413967,30.43453427523822,12.265730990125046,16.545799588887558,-0.3678457939142586,0.23523625388146588,0.5197312073467867,53.291468028468344,20.559534907136513,-0.3400711621210028,1.4066567519533446,-0.039858637346939896,0.03721180061476558
16.814892920817304,30.346731281241432,12.29419808862289,16.66981784636643,-0.368637483886137,0.23352307555960988,0.5214457611640182,53.57080660260038,20.579045814899658,-0.3449932439929421,1.3822814458794754,-0.07893746281628203,0.03647151255728758
17.0,30.206210046156052,11.974690071605549,16.617922425307395,-0.3766146296564993,0.19838086470851293,0.503350545934821,53.439635282705204,20.05984898724755,-0.29918043766980784,1.2741137300426728,-0.20048622600244262,0.05240241152503854
17.014993568454045,30.1839306771031,12.005012458748414,16.583407455001623,-0.3792516953416357,0.20093751728195658,0.4984833359698519,53.521378363043766,20.016370575985505,-0.2698741521429956,1.31530339062505,-0.22823002508329807,0.05931097427446676
17.215092571525858,30.12912148222446,12.0664702171343,16.665644432200054,-0.37775069571708764,0.20286347751649797,0.49730524435650364,53.771252091453285,19.939468536429146,-0.24986360516948233,1.2900509567073697,-0.2994423117932267,0.06374625260341167
17.415189985183535,30.081769992766844,12.13587909891088,16.733355837143275,-0.3760180550573309,0.20544002942603992,0.49485049468897196,54.025267023744384,19.836651637405488,-0.22111976538039782,1.2709990933457096,-0.37721430371659853,0.06963725557855593
17.815380283713363,29.9298899592942,12.222751650251348,16.916992840024207,-0.37661892073172953,0.20587175477212033,0.49318345380115136,54.55888263857448,19.653275619116545,-0.18206596744450793,1.2391116668348754,-0.5009857221834987,0.07719832058109997
18.0,30.040239315602616,12.670447501360092,17.474403634616483,-0.3585569371397796,0.245152897726235,0.5363214617542774,55.49256952503614,20.16569106763388,0.014985155936516281,1.362527718086648,-0.4720601667694918,0.08078551976843869
18.615744637724287,29.79262359205004,12.798356003469317,17.823755078033667,-0.36044784859761075,0.24315951364882343,0.5376589464294422,56.32664701522846,19.8571519230941,0.055231456831820645,1.291026228079946,-0.635662222058577,0.0857070156844033
18.815832769819522,29.756778353174425,12.87582703524622,17.912805251051978,-0.3576574990182012,0.24565262383518913,0.5365436968861715,56.5372710831741,19.66712466116522,0.08665189219904842,1.2474934464640133,-0.7199649929638419,0.09105296978379462
19.0,29.867950514692982,13.311853739934564,17.613308004630046,-0.3530930338439503,0.27512281282863693,0.5126215096387806,56.02713583065584,19.699027689751496,0.20904887876521572,1.0721540232047728,-0.7411809973170509,0.11489920603511863
19.015919877654557,30.046877517194154,13.422605885667048,17.589973753356077,-0.3377746996344651,0.2841969481616197,0.5149306856896301,55.839216042471634,19.583529264914304,0.2108903833986763,0.9714559777431501,-0.8001649730722996,0.11559784076418694
19.216006044975366,29.88179225686298,13.415237697806146,17.748579349875822,-0.3446433605885974,0.27891474008809186,0.5176053615555566,56.087179568088224,19.480121385154458,0.21611164759903673,0.9546854551811079,-0.8275542748426159,0.11469261038484715
19.41609135787278,29.64843707716075,13.406656594713084,17.8950010962205,-0.3573881550893421,0.2739964034447728,0.5161154311063586,56.46351442121623,19.33739690755854,0.24699549250164246,0.9994851851376585,-0.8728694269497912,0.11942299691714904
19.816259775383475,29.454350035278836,13.511535719943996,18.08974569755102,-0.3619910921845827,0.2739151702777536,0.51238350483731,56.978477761173096,18.93269786583088,0.3208375341417401,0.9839843003421389,-1.0026722524363598,0.13043262108102677
20.0,29.462137016271363,13.76123825342629,17.552202994873223,-0.3592732760258391,0.290547769062662,0.47676643693866655,57.39859967686497,19.006296777097496,-0.3847445128655158,1.0304397059078214,-1.010622029005652,0.05889161659852296
20.016343062232018,29.459417789691344,13.766205001384598,17.5631557115519,-0.35891084359048187,0.29057195685463105,0.4771904969818619,57.406549170749756,18.989571698078397,-0.3855849041104005,1.0231379692002012,-1.0152686092089611,0.05871879254829315
20.21642585873593,29.411222645201367,13.86127679548808,17.611459909807277,-0.3581456484797642,0.2937041168897756,0.4725306882962664,57.64729708792895,18.72474776136715,-0.3446512773968511,1.0126340189334362,-1.0994956304148915,0.0671827162359479
20.61659036175567,29.236994305225394,13.954348408033537,17.833998655311298,-0.35977792810572184,0.29170663657278495,0.47541191420807466,58.02531230505696,18.300526337843266,-0.33614334979836086,0.933742959364231,-1.1945156989295669,0.06847701308278721
20.81667226150392,29.129511317176526,14.00159023703094,17.925574434882993,-0.36292858529661626,0.2908889587951608,0.4737489185700346,58.29474784029129,18.06668899985463,-0.3163788631970662,0.9329136441104775,-1.245561822267893,0.0721029404101298
21.0,29.096179157737996,14.181636613074405,17.429282830704445,-0.3689790360905842,0.2975084686327845,0.4324459939873044,57.62520976815734,17.83065770574126,-0.45435271431227964,0.7400906752629607,-1.27623148836591,0.0757267113245739
21.21683584640417,29.009877040534693,14.260689544202371,17.491760390085503,-0.3703392853496227,0.29879812364628905,0.42855484853184445,57.842219473122896,17.519265234803136,-0.4162282270943962,0.7266517078453291,-1.3469251418630215,0.08249481541154047
21.416917728526442,28.814552473484447,14.267908895048231,17.589268051376955,-0.38029631714367806,0.2945762614813741,0.42633092290088537,58.17038300811506,17.31731847203477,-0.4015958840936884,0.763956399083666,-1.3666243565455665,0.08414872193259045
21.616999801986573,28.68966317298074,14.295029954239478,17.688396192696167,-0.38431930050501417,0.29177724175194136,0.4270572620475168,58.39312262189487,17.112485804073607,-0.40123651415697914,0.7533977828582661,-1.3843931542918957,0.08305547592977842
21.81708216528316,28.60277983944342,14.350147063858378,17.735366080831213,-0.3869238790038171,0.2912353982873035,0.4229623583451921,58.68106720644719,16.868672960358104,-0.37407515612311193,0.7741911073384966,-1.4185183564413466,0.08737015682407741
22.0,28.526020785850196,14.341725899955454,18.2679484649321,-0.3829661330668366,0.2878637802483109,0.4529552748617352,59.13088542205154,16.56798688806698,-0.04815909611644398,0.7912481583465781,-1.4770764993416956,0.11175255734561168
22.01716491649497,28.516161215112835,14.340377466745673,18.266228825073856,-0.3837430707651653,0.2871762620326613,0.4521353877296771,59.16890762184878,16.561562915646103,-0.046178818738511845,0.7997755779909991,-1.4720792176589432,0.11178560223188024
22.217248153040863,28.510530058669698,14.435825216779259,18.205304687092678,-0.3837445305699115,0.2893806190522346,0.43867802155135377,59.52382180619722,16.273938433587336,0.028970465945289296,0.8615137003675059,-1.5183087393988048,0.1239541032573921
22.417331971438227,28.44362787447306,14.495737112965067,18.28044834755062,-0.3835163311216139,0.28939874651828046,0.4378042659302734,59.707738955205784,15.973789934055118,0.0560758793887529,0.835474397440148,-1.5623536479408036,0.12712001433012032
22.617416467060576,28.44038961171204,14.584571886001665,18.296771823703107,-0.3802446147165109,0.2915476530312912,0.43228200869407907,59.91576130782134,15.635212087142364,0.10925703277546489,0.8257753834472409,-1.6206003249785663,0.13496102353860756
22.817501733895124,28.320697617815508,14.625198872997034,18.41891158129532,-0.3824964363991657,0.29023861213460556,0.4350196744268063,60.06898468698187,15.327981513448439,0.12024603470451775,0.7858476594084506,-1.6564709328717664,0.13504094940765557
23.0,27.57789845913082,14.159054499558925,18.774548067019268,-0.41764201115222194,0.25372555734648844,0.4387290217184995,60.1848547870125,14.47511919254613,0.055785116306149934,0.7397486773924193,-1.7941679688515464,0.13313944681839754
23.01758786430113,27.74501934429078,14.249134851543834,18.63841442598255,-0.4083647813197174,0.2603154153487174,0.4278290855357423,60.21019408251285,14.355400079019283,0.11531920201938355,0.7544342716941039,-1.8457541501834507,0.14486088019270263
23.217674948769897,27.48635672260493,14.226377414080982,18.820010720158095,-0.41975168488022807,0.25439589594601764,0.43362987790937446,60.44692829414471,14.082602535834337,0.10427839177604425,0.7484965993787145,-1.8435059890148535,0.1395595231605212
23.4177630756873,27.435402808499568,14.306131819932489,18.917220918727324,-0.415437380481404,0.25755049254219625,0.4342073920741254,60.47744609970938,13.599526683625385,0.1496800878254202,0.6671319016971959,-1.9377784756074223,0.1464560927954744
24.0,27.880282907607636,14.945811943333243,18.53218617695587,-0.38923727440113315,0.2878794527085465,0.39812590264058456,59.521144707662536,13.009634069555112,0.5583428557564238,0.30481820434000584,-1.9235123046340916,0.20256143036088048
24.01803455852616,27.88930793156731,14.960033028320519,18.445816975877015,-0.3920432656158004,0.28816659109437276,0.38831748328138194,59.68958262340466,12.99607358324422,0.5994423934922982,0.37871512268570745,-1.9204869701462572,0.2093545045516915
24.41822226404722,27.842652991576,15.106963604479699,18.45823523133378,-0.3897127332165805,0.2898734946187342,0.3759914142069955,59.99978288608113,12.227122251851945,0.7353644414484829,0.37767168201308576,-1.9957096023212113,0.22539193797863616
24.61831835500328,27.79147839936643,15.173157410082958,18.515865387044652,-0.3882477889873434,0.29047394979729196,0.37477213974256507,60.06694949157142,11.81257734610378,0.7880357876584352,0.3388056503069615,-2.0381209489383196,0.23075951845595774
25.0,27.83732694624835,15.438789325043782,17.869480460727885,-0.3831108068603896,0.2999997462283108,0.33136550069737614,60.158863820213924,11.226106056575302,0.17195711094305477,0.2786433387598879,-2.0698828600353427,0.17811557803311623
25.018515350160317,27.857840129317662,15.461285881751872,17.899992270519046,-0.37944657245017316,0.30167513196098883,0.334463192909533,60.07063366018412,11.14077471476943,0.16765371581806693,0.23355420375301628,-2.0942692464426953,0.17754156644837993
25.21861637759723,27.88700738737056,15.552317513787486,17.87106938818311,-0.3751264397669579,0.30375030939409414,0.3268796210611772,60.16107332469723,10.695203550598588,0.2385103054673594,0.2191774018415093,-2.1431229552053614,0.1871962763026414
25.418719166977077,27.869492976061448,15.628488496518415,17.902226332398794,-0.3719297651153279,0.3048527203389512,0.3247153155335275,60.1849469783489,10.242211615983976,0.288254514132304,0.17527364463954118,-2.1876162024985657,0.19282839539478325
25.61882376950777,27.769098469529556,15.683378487551568,17.98668976220075,-0.37314080188154225,0.30444476640144075,0.32615059538943797,60.21121783275373,9.807371818286333,0.3198921893254135,0.1312945777655099,-2.2167027954822767,0.19499760235307753
26.0,29.048702435635818,16.4954721275471,17.131095323525507,-0.31060793964303224,0.3474825522718769,0.2861742121339157,59.66676989347149,10.0953778447303,0.39269526897337204,-0.033868240212659474,-2.0429276548801463,0.2079491252470859
26.01903859661709,29.355597285966777,16.586455939315915,16.893194828647836,-0.29591586784352075,0.353579921475013,0.2677013004751869,59.70343181890832,9.964920900887995,0.48292251005750153,-0.005971959997340709,-2.1007357448113355,0.22434723778808188
26.21914890101921,29.327548249878827,16.663410409217555,16.935536917455234,-0.29391545581526374,0.3540079771803116,0.26739998557964745,59.67493747806793,9.532447525177764,0.5301988287170328,-0.055741564716291686,-2.1325866499116133,0.22865224938568945
26.419261178014306,29.16579711072717,16.717127572678876,17.078256355865125,-0.29787975252182664,0.3530080424378766,0.27439526051489954,59.60739120409072,9.10910028012159,0.544480662327053,-0.12389400158084726,-2.1507619713555535,0.2267068009693429
26.61937545560409,29.13660150323927,16.794173818440758,17.09974069113403,-0.2970197592967681,0.3534680912639801,0.27129641709607677,59.61502239093354,8.670239891273429,0.6053427668326445,-0.15103123703700733,-2.178788028752192,0.23277352660402992
27.0,29.271142423475283,17.02925503053999,17.153998854402424,-0.28829274319696135,0.3592878720109333,0.2669533269644118,58.909610457698655,8.163221411225736,1.047203642448253,-0.3525538515596577,-2.1333415385268086,0.2774902920945477
27.01961010003385,29.162397852932138,17.018396549697304,17.233052114031075,-0.29321534061345045,0.3579956255510427,0.27249388239185834,58.90054999131706,8.144677674060052,1.0272024939347495,-0.3626593958041271,-2.119582462442478,0.27324280431813874
27.61997748721429,29.000140547408293,17.22395924837856,17.4486751547786,-0.28984299259511725,0.3568924926732579,0.2801914041696077,58.47234150096899,6.874532294256721,1.1559730274429794,-0.5685638842239737,-2.1573215927400424,0.27928579887648153
27.820104079349825,28.994124805577645,17.302956180636013,17.47262882528829,-0.2869116627199106,0.35762600401906597,0.27745539572048417,58.33079851938367,6.408188716422431,1.2295177461658173,-0.623531754542277,-2.1853462080783275,0.2862582923128075
28.0,28.84919578649175,17.348050215476153,17.086664517597875,-0.2896225905833644,0.3562404351418375,0.25873474816808967,59.12865511141145,5.66579653871472,0.3862210042971823,-0.4895579972858033,-2.3056594213217902,0.20558953962982213
28.820767594859262,28.278186845460937,17.617742792809967,17.45280454184488,-0.30996999924600716,0.3540074736653684,0.2686845090060575,58.940341828919095,3.9157209364282184,0.49658770036978567,-0.5828372480790254,-2.2755379170376973,0.206901440508643
29.0,28.218986430175356,17.71008917498825,16.911191656977486,-0.31520534796835936,0.3555396188612825,0.23309054077178087,58.56156499034917,3.645928617990003,0.01926282380557054,-0.6658496883726068,-2.2497309132808243,0.1726025326962724
29.020906258415,28.145873488074727,17.704869470429433,16.93303503261992,-0.31985794214991164,0.35446570153046614,0.23352900273209465,58.61430224099585,3.6358468364283403,0.019509932142479754,-0.6438285127584799,-2.2314509169219883,0.17188737431463672
29.221046836519314,28.06897246463873,17.813828211074,16.88920529674918,-0.3230583056472911,0.35865241557690264,0.21984778176787464,58.637255166827856,3.0900180589968227,0.12636930931059653,-0.6229745068831017,-2.2791418019977376,0.18650645852965367
29.42118928905105,27.97565665715562,17.882621610592818,16.886604533429868,-0.3275995423930861,0.3586189645812725,0.21348406054423347,58.67909698580488,2.656541782466853,0.19295865901863252,-0.5967683262985104,-2.273508657503135,0.19365451404299464
29.621333571505616,27.87273455941379,17.942785228401338,16.95594901894201,-0.33003046661044555,0.35733658852985717,0.216627814609684,58.58530256797864,2.2566507419470407,0.2123331543964744,-0.6258303868399773,-2.2507907270746745,0.1930263556463189
30.0,28.99439599152788,18.292918987544017,16.900170088963332,-0.27179965358493996,0.37066463020262286,0.22524915973317267,58.57303607476984,2.256503483897946,0.710606640696404,-0.640598012918491,-2.09474108125183,0.22982228294406953
30.021627426978387,28.981923308051055,18.28387742026046,16.82300425053525,-0.2764815347953349,0.36955406647937944,0.21601064950036925,58.746998636262155,2.2542021103137557,0.7545721998239101,-0.5626541708188267,-2.0780691396122535,0.23560111064761022
30.421927963994204,28.94684443763388,18.42755708577933,16.797464078769504,-0.27586585761038995,0.3698215317780416,0.20440681574698558,58.65597811746607,1.4121227823926725,0.9046922504285264,-0.5692371745497362,-2.0757660758355136,0.2500517396533494
30.82223468190168,28.796593751659596,18.563192291538535,16.91755697974471,-0.27845847074803937,0.36818568080959324,0.20975877988615546,58.44642460580574,0.6688115335374003,0.9731845636365336,-0.6227926514074889,-2.0216549731335465,0.2510152792527826
31.0,29.258266875310994,18.702579725652168,16.891591013444163,-0.2514785748003042,0.372058188054748,0.21975257586378413,59.2165252700346,0.23953813753905845,0.8531212734728529,-0.48433425354717585,-2.0630956563129033,0.23053555189913444
31.022390186521108,29.3010691288872,18.689269727188574,16.814881350659356,-0.2520233413390934,0.37068219864547014,0.2121003781317963,59.31820837519105,0.22171626190398155,0.889912431325054,-0.4369700004389806,-2.0543710593620252,0.2354910078345484
31.222547023068937,29.31157679560861,18.773732306141326,16.79116392959164,-0.24939266134442475,0.3722180646828483,0.20450482583462826,59.241362442077424,-0.24856143495086455,0.9747320752180145,-0.4558405646908789,-2.072839521267444,0.24445292976586863
31.62286437784777,29.0958142591809,18.918338229804398,16.985738372111864,-0.2545904175112712,0.37054481796569594,0.21741072359189273,59.03638058674028,-0.9635852779885636,1.0063505715574177,-0.5149166790196444,-1.9949323469859919,0.2398464930829536
32.0,29.19559186001675,19.10339991338741,16.369604661363446,-0.2496710719635519,0.37334157720567585,0.18183020137767059,58.99121584916544,-1.6079003746757166,0.40192920825447065,-0.5280231081541966,-1.9601089827461167,0.1913565950706523
32.02318608968601,29.13090368501807,19.05169865865975,16.406933939704366,-0.25588665139674444,0.367507402813499,0.18834320795301604,59.11445206792085,-1.4838585537286477,0.37068060313581347,-0.4728318261638184,-1.8812428997036859,0.1851235932068644
32.2233483627791,29.124471485555933,19.09497243767804,16.367388326509253,-0.25698605277202446,0.3656183637834618,0.18122338960421555,59.158074447248225,-1.8168506867981171,0.4374834827804616,-0.4361694619072578,-1.846697145084655,0.1916232786600861
32.42351146030747,29.000389963587157,19.198783622899118,16.4997063667321,-0.25719130405380236,0.36726080398736566,0.1902839858552481,58.91902493915436,-2.2101372771866368,0.43657011855075645,-0.5190904157963607,-1.8273590456892161,0.18857472408358306
32.62367528931666,28.96681073761386,19.242276308589076,16.54138018334679,-0.25744998903410304,0.3644257837572332,0.19360573672637282,58.85221214105706,-2.4799486704653937,0.4535833083585445,-0.5250950055241855,-1.7659693534136676,0.18756103073815503
32.8238397548883,28.932606632427937,19.30735423792374,16.55512963630683,-0.25775738063476433,0.36401886524498306,0.1912127952003509,58.80898602963049,-2.818980169034479,0.502053364069664,-0.5226496137074071,-1.735772294859793,0.19156405825290954
33.0,29.72616931228465,19.43016375327522,16.16167519151435,-0.21994667437447818,0.36954421079237926,0.17916322283540015,59.140295179867074,-2.6592646837679874,0.348251091597955,-0.4592860424974172,-1.653322658715532,0.17715905489455322
33.024004760297565,29.70514544568784,19.466024405926536,16.192677502154936,-0.21894924449410583,0.37157054635904174,0.1808213323978102,59.06106954720552,-2.7441328130520373,0.34713704969535697,-0.49192897333734265,-1.6675754967910401,0.17698622952898713
33.22417020716834,29.63106899228403,19.60867595915357,16.31392563758306,-0.21435856547249246,0.3764672678763082,0.18734403741091257,58.68729219900254,-3.2091955014343445,0.3585827923004249,-0.6279116320017945,-1.6905193000059653,0.17653680932732646
33.42433599562589,29.588480862737672,19.703691528856993,16.318650987082854,-0.21463033065735065,0.3787174426620689,0.18127496165656723,58.58826316953624,-3.6153594276641368,0.4247806457898594,-0.6412114964507525,-1.6909945750236228,0.1834383063668307
33.624502024446834,29.555849336850457,19.783937224371318,16.34421954448578,-0.21378911296896813,0.379324138695465,0.17945584490570832,58.437648022332986,-3.9828501570412103,0.4712535846088033,-0.6722768323338385,-1.6754741145488679,0.18711432810194334
34.0,30.105865517727597,19.938592055609874,16.22812226906519,-0.1844921954550737,0.38224446710220783,0.1774145928622319,58.47844319519188,-4.238418154344932,0.5548194610093439,-0.6595190941015947,-1.5697260280297134,0.1914546386096054
34.02483439242073,30.06541661265425,19.956653139116728,16.18755222213587,-0.18891826726111907,0.38365198451701427,0.16974581212360457,58.60637985547998,-4.2909853062799055,0.5946553133739245,-0.600888313198452,-1.5708290284279798,0.19670563171849578
34.225000523690404,30.011212501770927,20.028449430215876,16.230324569208655,-0.19027283133807418,0.3830356216070831,0.1710541050843132,58.51631810805309,-4.572534633693759,0.6282949410290266,-0.6070632441491589,-1.524182748529067,0.1983238632774834
34.42516647983432,29.964633885747563,20.09648180332359,16.251691564046997,-0.19219217146926051,0.38247371895670285,0.16965123043430913,58.47980924093835,-4.844753902387335,0.6744334122910949,-0.5905968937297318,-1.4771861080416535,0.20169701974162932
34.62533215502468,29.92777234368763,20.180069521208374,16.283814823673872,-0.1916240930227683,0.3831403199213439,0.16880683327807405,58.331925477676855,-5.165272190574507,0.7195628900903146,-0.6191624563772706,-1.4526368896739847,0.2049578349204603
34.825497442916415,29.908195613660425,20.273003724861155,16.273006907929943,-0.19064741802896218,0.3855328422314559,0.1604941912523193,58.2058123049845,-5.573982045562281,0.8029154180160964,-0.6388272632980897,-1.4651818366090659,0.21353024887580485
35.0,30.375936516846924,20.347765641715466,16.465214201050564,-0.16389266701322378,0.3867341209129095,0.1805461594147948,58.777675767426224,-5.907854154051558,0.9821488234612125,-0.5331983136382609,-1.4811144196007775,0.21962811811088012
35.62615258344274,30.264236292855408,20.59738059016427,16.60649201825636,-0.16306256551047005,0.3867649385460848,0.18429819979109974,58.35269843210327,-6.794097067037722,1.1048901883249869,-0.6076609758229433,-1.3608821328042298,0.22567025702328483
35.82631433017122,30.24517587462463,20.67211793879635,16.60663454988037,-0.16364911615857122,0.3873490804517138,0.17885866778673093,58.31107679498434,-7.097377810621639,1.1763310831449454,-0.5926351003525949,-1.335278731362118,0.2319724699509822
36.0,30.131304429040316,20.721387517325134,17.118141256917813,-0.16493814377255198,0.3857667109450665,0.2032187849308339,58.05993631470838,-7.302808244853625,1.7374783961406057,-0.6316219165525023,-1.281282346417497,0.2736732718342598
36.026475047461446,30.074743312434464,20.7196348207038,17.121450724349444,-0.16957014464519027,0.3847299544141048,0.20229771530188545,58.1685014040951,-7.281038540740857,1.7506242882676328,-0.5797018125456121,-1.2496182101550928,0.2747149767920397
36.42679296752033,30.03321206798664,20.88103696899785,17.1725730892322,-0.1681810525146065,0.38600825430195673,0.19783623923808988,57.91269931623262,-7.827444019017002,1.8809446516701946,-0.6119938103047634,-1.1880018609843257,0.28366856583921785
36.827105495638506,29.951802930423117,21.01663210695321,17.247727388494155,-0.1705094988801149,0.38455594523976006,0.19810804086890094,57.79014485644949,-8.210915461979228,1.9953177437173601,-0.5859806757766326,-1.0668958650300264,0.28986188014797015
37.0,29.473420900304635,21.132654909473608,17.29128553028545,-0.192681275688104,0.38442326180407127,0.19405483472968954,57.48415181402308,-8.680849732443729,1.898779081877924,-0.6297103837078762,-1.0668374782732541,0.2820181565200385
37.02725947515561,29.490553148211053,21.14861432076136,17.276104778590017,-0.19147309862416168,0.385332647063375,0.191294694983828,57.451190396679706,-8.746868129786822,1.9170189506974395,-0.6383309987278047,-1.0772155562959485,0.2838570811603195
37.22741179300745,29.446219990892292,21.241372326474234,17.35402920567047,-0.190181359152012,0.3857011669659749,0.19641656512853864,57.238560900379305,-8.954425561052084,1.9521058303036527,-0.6829072524061542,-1.025080844984609,0.28355254850999756
37.42756234623692,29.43471950221733,21.334162394161158,17.404124317764982,-0.18720754302690734,0.3867406874450882,0.19788587386316628,56.981237699138866,-9.202737978310147,2.001093628516453,-0.7418910556888252,-0.994442045904917,0.2856516165264822
38.0,29.101351262878175,21.67965368460731,17.684515680243955,-0.196643367513363,0.38695365169430984,0.21997143368748617,57.79853947876993,-11.23735165855716,1.7206978442207002,-0.5498829804062175,-1.1816388051250128,0.2467971661657382
38.02800240276995,29.125260138121284,21.69323451514867,17.684062919637327,-0.1946193889240092,0.38740103326722314,0.2195497264621012,57.736496025012606,-11.297952490378114,1.7278994076371772,-0.5709027386939026,-1.187965521893602,0.24710643101040158
38.22814488732744,29.056014161318398,21.775681748793502,17.779901350125208,-0.1951947752603015,0.3865489403546191,0.22641544390062254,57.59000513042955,-11.477365926711363,1.750289713136011,-0.5903787602785255,-1.1183645767702737,0.24635710013721546
38.82855837140586,28.946133171113104,22.010171874039848,17.899018389198634,-0.19509316936546373,0.3871383278126203,0.22386699613360445,57.23983219890942,-12.13695879388148,1.9116397039263378,-0.610880295231685,-0.9840427859302814,0.2560492035168191
39.0,28.987717965407562,22.074045432948218,17.93603752004627,-0.1912776890572287,0.3870726786176327,0.22621616124061297,57.32288963835788,-12.414210622057045,1.91977476221085,-0.5834638923694012,-0.9705245565381828,0.2539881003338195
39.02869122609309,28.97355685499109,22.086850024687834,18.015764932900268,-0.18994552130000122,0.3855971316148924,0.2365198718965742,57.21984946752304,-12.38626031646677,1.8864809768760007,-0.6184996904952108,-0.9384638896988787,0.24886506736028402
39.82919532973232,28.892961063198268,22.4211994563887,18.209450734301377,-0.18393004052037779,0.3876376118089368,0.23751445228940582,56.44807342558107,-13.177993617312001,2.0799401459875617,-0.7452327849041622,-0.7706795124421407,0.25821437142339915
40.0,29.400162518598094,22.425606862130508,17.71393261936784,-0.15939177202133759,0.3885903479873245,0.2182135575661796,57.044420885107854,-13.422645877166255,1.5659835466079444,-0.6246755626260487,-0.7861382170144092,0.21665600591617604
40.02931408514838,29.403352803307122,22.44795152549035,17.67346488510198,-0.1597106737934262,0.39041290358687447,0.211493503938862,57.05953072421548,-13.498531756493032,1.5977607880896882,-0.6134933349636487,-0.8004687499049659,0.2204118746788048
40.229429761435554,29.42693194702676,22.513280130623706,17.765240875900975,-0.15505449203376295,0.3887288209383985,0.21995722246866137,56.78317730788827,-13.633610659861672,1.6058862976741564,-0.678841461441125,-0.7404169480477976,0.21762663539796098
40.62965154858374,29.449525368427473,22.67833976413915,17.779860709371807,-0.15077978921553997,0.3914509742942718,0.21080891537268592,56.41531695617167,-14.07097654239482,1.7267619757569939,-0.7329593893924267,-0.6932955474177961,0.22654063590966653
41.0,29.105071209835504,22.91339821147042,17.74497488474604,-0.16753981810433527,0.39123459070056,0.20984020829067604,56.54787468443332,-15.210326054101168,1.366568439908156,-0.6735161760452019,-0.7792106924355944,0.1923936746007727
41.02986005323568,29.08009139133785,22.921470289167143,17.81410848832215,-0.1675957091320427,0.38953198565811376,0.2181234041014325,56.49278395523378,-15.171765161350743,1.3421802838536991,-0.6868837163571494,-0.7456634658339047,0.18870437407808355
41.2299591334125,29.293976268152928,22.94232555309241,17.786975826762962,-0.15377591712739996,0.38859090430012355,0.2148848868861697,56.059276602868145,-15.466479998880947,1.380990852990299,-0.812746227184458,-0.7591683502670181,0.1901154583577722
41.43005466735302,29.324106635441115,22.996645046997394,17.784191546153433,-0.1511801191419895,0.38832075842707414,0.21043215095963624,55.86183228325353,-15.666464976649344,1.4340348633492084,-0.8381933104697391,-0.7302656222578447,0.19397814600761376
41.6301465839185,29.37661926513411,23.040708744896186,17.75443045055528,-0.1478818005935113,0.3880800608994849,0.2029833095956237,55.654287225898095,-15.8963762716376,1.499129096230481,-0.8667681799478951,-0.7147365284019696,0.1990084262486172
41.83023481398129,29.466520137900986,23.025046020513262,17.85341860125771,-0.14013035620699246,0.38098600617103,0.21648951892066046,55.196493932384215,-15.925634898519938,1.4783739892465209,-0.9769426545212203,-0.6311800668425702,0.19318593582598498
42.0,29.453662034369692,23.092976290375265,17.85003903477491,-0.14071711114737806,0.37966900334844544,0.21968960794514622,55.383638585802146,-16.510765093225782,1.3193975096283772,-0.9272700217692165,-0.6920849050763507,0.17668409210960453
42.03031929045632,29.421545826824804,23.109800847370995,17.898371180973015,-0.14162032104762026,0.3789290658754072,0.2246874589899491,55.3521365324502,-16.489445188365792,1.3077530929726155,-0.9294016194945405,-0.6663515739699093,0.17466386319454744
42.630549558767534,29.42650302639193,23.28078087318324,18.01276435624814,-0.13697138803217707,0.37616840597803103,0.22514998227064217,54.664083633050964,-16.858279407455715,1.4086825471092017,-1.0127111634580275,-0.5157680451775938,0.17993912067923098
42.83061839192092,29.447735185773706,23.299167452179457,18.08878942311902,-0.13404523839933322,0.3718720654829866,0.2322538367455467,54.35960332137707,-16.87443079584129,1.4150419251827326,-1.0605088978110289,-0.4349499200875344,0.17837900721175698
43.0,29.730231445097566,23.26764174003908,17.937039323598647,-0.12086141639715636,0.36799027216445906,0.23258531189764997,54.881682709472486,-17.558281186465322,1.1087344550283977,-0.9510955335123378,-0.5348990045468914,0.14981955081941714
43.03068316770983,29.729443508257017,23.266838247730536,17.96087696352101,-0.12059926864124826,0.36680670838616797,0.23527788222586446,54.84203239055153,-17.550308698841647,1.1038649847920856,-0.9563895713451719,-0.5176430428286954,0.1490153663872552
43.23074383189253,29.54306127476131,23.484053529653877,17.974172367040527,-0.12946543394115118,0.37607504736748243,0.2235156588640582,54.85589888529837,-17.733552163331296,1.1819198979993244,-0.8902173176047252,-0.48826201733775954,0.15656436462823795
43.430800332454154,29.56829261668672,23.553594846394887,17.984516603220573,-0.12660383938949205,0.376931694671982,0.21967541737789964,54.606251303280835,-17.894298545081455,1.2249447490571632,-0.9287943461691196,-0.4606594706333151,0.15976412250752545
43.830900645917254,29.503118609798815,23.703549008853717,18.089638528996513,-0.127354951137553,0.37632131431743016,0.2219823090790413,54.252471487948114,-18.018812232466477,1.281615010119263,-0.9401154822380035,-0.3376887016033785,0.16246048327039544
44.0,28.94549612112504,23.93546058059507,18.272727242500135,-0.15599130733691924,0.3781413536774411,0.22812960959608597,53.87717523881346,-18.588789679704583,1.232278292140831,-0.982706512709728,-0.3756671179781548,0.15613714288701563
44.03094436611201,29.015673840711205,23.92240537994365,18.25751711985524,-0.15154681050116758,0.37769374840835684,0.22694973426629161,53.75243256182348,-18.641718110844803,1.238114886100829,-1.0239176922584432,-0.38567613698880654,0.1564176554801914
44.23098373731012,28.969256884736396,23.97848039542098,18.359867857741545,-0.15205064333728321,0.3748400407232005,0.23527549910356468,53.540397193438594,-18.627515206428328,1.241408841708107,-1.034431346115606,-0.2985585955395852,0.15431921882557767
44.63104927274427,28.925445723424758,24.121871370894546,18.45131315135027,-0.1509272716183835,0.374619594377205,0.23533159424956315,53.084704407081816,-18.73460554499652,1.3027671813269412,-1.0690700716126131,-0.18947558366167844,0.1578761952994737
44.831075362861526,28.99381665050616,24.180460676740037,18.45788726053308,-0.1441197591509286,0.3754591008323365,0.23118375538193547,52.60625949529534,-18.90166048628325,1.344196239647862,-1.178460111149209,-0.1818694584417898,0.1603518284883566
45.0,29.518766021274796,24.03992036191698,18.173961350464317,-0.11715134790572918,0.3711426524459384,0.22115996591837392,52.95694826779565,-18.95926642394409,1.1147978964447007,-1.097096131647803,-0.16584549478351085,0.1420849403441827
45.0310969557747,29.516704367758066,24.03854649752707,18.1981850683942,-0.11702020803668499,0.36986448766652924,0.22399987964253687,52.915922353889314,-18.93778611380617,1.1098462126628192,-1.100614525661631,-0.14715434982310155,0.14123135436808384
45.83113776890465,29.441995364388845,24.328826531865662,18.369433636799496,-0.11575983135094463,0.3698863961318122,0.22325445473607833,51.97369446779744,-18.98473341527946,1.2270289388108853,-1.1563534444726882,0.07761190354822053,0.14766658474922847
46.0,29.881240459614876,24.192436065951526,18.460838859270417,-0.09125585912772335,0.3648046894971181,0.22965200881566042,52.12538398367688,-18.769489108609072,1.4495258083959341,-1.1044914862029307,0.15247690874441358,0.16272460470457314
46.03113645703644,29.925999527440002,24.18033654758157,18.460550261947436,-0.08831973036352331,0.3639558612705114,0.2299628105100968,52.02702375649605,-18.778548775749556,1.4520322946123425,-1.131577203423532,0.1553289249679633,0.16272529063294014
46.231130497401004,29.927105582484003,24.19619048057216,18.546540903008054,-0.08757523037847438,0.3594100893482042,0.23755553528644874,51.77918921330834,-18.658245901019612,1.4594893303782015,-1.1462211836077887,0.24469507573085195,0.1616654583169219
46.431119873422524,29.84153554212735,24.334661001753997,18.58437873541459,-0.0914524413142708,0.36330033236985826,0.2332388568830684,51.65310706656207,-18.635877899034963,1.5085861197186672,-1.1163751714502552,0.29743117495431765,0.1649291942086514
46.63110457098329,29.744613364244547,24.579241623375918,18.553632725131248,-0.0947599323602219,0.3757534008992156,0.21563992569278417,51.51448893477233,-18.806866569561304,1.6034738699372453,-1.0974846833280325,0.2817219321985516,0.17347404734582889
47.0,29.611226070109396,24.732865378115616,18.609507613279035,-0.1016754627729588,0.3745831974333763,0.21720022398346167,51.19642622188716,-19.077066232677613,1.5273369421687673,-1.091013631902865,0.31523843834131715,0.16457065860634768
47.03105988658681,29.612571891996108,24.772294968655135,18.580262569190722,-0.10124728039026461,0.37735913446663527,0.2114377091887098,51.159578522451554,-19.125875858256947,1.550273059528976,-1.0944507033950928,0.3023421748364884,0.16703109392601623
47.231030488749006,29.540300504619943,24.908138338319993,18.55903273914507,-0.10510433695320438,0.38239849806507165,0.20013147102297996,51.05929074135473,-19.146283288589434,1.6216317031691385,-1.0558025127949033,0.3300695145009225,0.173158178583007
47.63095756071519,29.532115939395275,25.089919576577145,18.609109911301463,-0.10195433382358648,0.3854222105837111,0.19525458036300555,50.526473049904425,-19.08919330786486,1.7061663906423714,-1.10264993256207,0.4129907121632923,0.17841008919138712
47.830914029557135,29.476605944190506,25.155487863025748,18.69325054448467,-0.10444657585115101,0.383011301863806,0.20176737073257628,50.389148383796645,-18.891848576665538,1.7214829038755277,-1.072897914642516,0.5086197401436081,0.17809082458617215
48.0,29.529874071133573,25.201257178511543,18.024750262770606,-0.1045915583705934,0.3839826663916137,0.17092096118579436,50.553591129781246,-19.355213807257293,0.8717117857131533,-1.0158743628373286,0.4362948215871203,0.11574278604987415
48.03086579048966,29.48698538956563,25.316239411717213,17.89593437515044,-0.10754818817974075,0.39371873935926016,0.14884198454937111,50.62609772689946,-19.52739575396676,0.943721152019587,-0.9796275303434202,0.3755107165193451,0.12410309431741857
48.230812849275885,29.469832067400336,25.397929193499042,17.817172784072692,-0.10924234688962256,0.3970470579667011,0.1337556167075637,50.52280337428047,-19.563820579829287,1.015759228005437,-0.9466475798667099,0.38555432332708794,0.13058269496137698
48.430755214181865,29.403478613538717,25.472262791369616,17.90656665941931,-0.11196615589052358,0.39441563795383694,0.14226952487454603,50.3932408776398,-19.372479739898647,1.0164114855698139,-0.9190042376691121,0.4787610764457168,0.12912618969234388
48.630692895978754,29.399571509912953,25.621596206512343,17.91076342786949,-0.10866976660102765,0.3997478182124659,0.13658200384982058,50.079580460838315,-19.396791384892676,1.0593887129846358,-0.965682932168197,0.49160375252624233,0.13241938452164398
48.83062590794448,29.36026641784574,25.684769577558342,17.944931435598907,-0.11072419043778613,0.39829854148937405,0.138009426669528,49.97460796853174,-19.245626944992836,1.0822868348054373,-0.9301983242496773,0.5617110281944936,0.13350676495377672
49.0,28.261689805925958,26.263899768120467,17.867581188719225,-0.17133143087839584,0.4102051071243384,0.1269570452683407,49.059835737679414,-19.723920750398168,0.6320717026799803,-1.0417114238654177,0.5281162593129493,0.10065065707029139
49.03055426586489,28.2435933612131,26.267347437652948,17.909267428499078,-0.1719736523568549,0.4083884103085226,0.13237714416953128,49.03097948921654,-19.65642418351718,0.6193636118172223,-1.0386575797603856,0.5561622664201685,0.09912422466798927
49.23047798803456,28.202952566696663,26.337447559463254,17.949139630802815,-0.17259565290646986,0.40719586022991267,0.1345874480816745,48.83801087492967,-19.510865643242006,0.6328182886253005,-1.0297367512327513,0.6204478493821178,0.09938653532559708
49.83022156061951,28.110036696916122,26.571111591107055,18.05022124485662,-0.1714327656637675,0.40599598654487196,0.13805068365122258,48.16826352579058,-19.05639375751009,0.6816961415644993,-1.0367686458607104,0.7947171735719477,0.10095651966104709
50.0,28.09144906285208,26.655522775184963,17.949957889804228,-0.17077090709393486,0.40735651912547677,0.13122343382073962,47.99466947959394,-18.87345712401997,0.5752424090957652,-1.0331995449032076,0.8487657000301201,0.09373385052025299
50.23002787855113,28.137002520617624,26.709673161113603,18.025100649760034,-0.1635611822101372,0.4046229007566721,0.1397703460053459,47.54456694355133,-18.64072870311315,0.5689090008916714,-1.108376038437433,0.9229453805373391,0.09147868739603517
50.42992431088527,28.11572166244051,26.861216643896274,18.022454005693213,-0.16109471246153936,0.4100428215105189,0.133189729018202,47.24686044072548,-18.564412842377024,0.6064003228407279,-1.1369622753708535,0.938802333372432,0.09451567926382583
50.62981630575717,28.120294378619008,26.923837126540853,18.04046384844233,-0.15844500456469948,0.4096204130290831,0.1329857926886149,46.934676612606914,-18.392831469364314,0.624766131218764,-1.166351954605281,0.9849438977672265,0.09532773755141478
50.82970390151406,28.048914912891878,27.034087000286828,18.07948207372181,-0.1611075911830952,0.4104097673785901,0.13341125907036022,46.79453088787099,-18.16763240092799,0.6439665138895855,-1.1304023961945167,1.0471225175991192,0.096447700343294
51.0,27.671158259495222,27.26018193333597,18.268712794955626,-0.18074763513865527,0.41305355224817847,0.1391035807922252,46.26412724601161,-18.0175990717954,0.761704238737084,-1.179680989591116,1.0992460086102762,0.1045243351615514
51.02958713900325,27.727508492736362,27.115771961249607,18.319245759790487,-0.17885041366185925,0.4030575102290415,0.15125224212474248,46.18259094241298,-17.853804085249468,0.7289041461354047,-1.1952482690492265,1.1545097003733775,0.10068309096272446
51.22946606157005,27.80178297538668,27.124978572582275,18.328641121895373,-0.1714663226723862,0.4009230575178754,0.15183618901227758,45.75986331000754,-17.651878976889584,0.7443051441581802,-1.2653676306404846,1.1953845740249647,0.10124964116083264
51.42934071505545,27.716096775956757,27.295782265914422,18.36222254671118,-0.17351280900139396,0.405570563642829,0.14873755696359223,45.55584188365462,-17.450900554181565,0.7750101692412833,-1.2468165868359868,1.2365502376939572,0.10339818909700559
52.0,27.64784873110066,27.50098464405701,18.334856982761384,-0.172627191352632,0.4048099085345613,0.14502558245410035,44.950656872199204,-16.895743843599025,0.676974605035269,-1.2236676797997375,1.3497439692730895,0.09414881986653013
52.02893955681927,27.867245432579168,27.18325830588529,18.315925783656006,-0.1621476645863206,0.389205472903094,0.15482553599557067,44.69977519259347,-16.76333699122925,0.6470294076597023,-1.3089458876100026,1.3864184984377312,0.09037327091045422
52.428651725097026,27.876403260317524,27.244909495952268,18.351759354186974,-0.15848630408725914,0.3855769748679174,0.15502607945285263,44.08820782637103,-16.189591756092675,0.6809933593313777,-1.3416763340952143,1.490983674175823,0.09200138272056697
52.62850186621504,27.873474300479554,27.29757696687132,18.367682093984133,-0.15678864171504597,0.38506949264311485,0.15400365270021138,43.773123533841265,-15.907149442127768,0.7015714973045055,-1.3593196165416548,1.5363811309406148,0.09287510347491365
52.82834812881892,27.83116958821985,27.333304391685818,18.417514308745137,-0.15862568149866024,0.3817561650142187,0.15801469437289303,43.5666555383415,-15.506595062696316,0.7091521262001014,-1.3333178410462836,1.6185480215884862,0.09310787466728263
53.0,27.773942399253055,27.35930082641413,18.41778609899867,-0.16197767354872628,0.37917611036308946,0.15955981466280356,43.39676108079014,-15.52733344691361,0.6289249504572638,-1.32140971887357,1.6043341281668597,0.08580115553224907
53.228029283848244,27.681958691303333,27.530032412439045,18.471513587783054,-0.164391595956848,0.382709070174582,0.1586684970687252,43.14661344433111,-15.167219843684414,0.652439539320587,-1.29898852644454,1.6599992945643804,0.08744412747447139
53.62769574566066,27.73938542993092,27.530814736397172,18.49540499545294,-0.1577654405922336,0.377041572861983,0.15946760120047812,42.44135826385874,-14.489831711048671,0.6818394472619286,-1.3623321940722983,1.756692235742487,0.08848454340949087
53.82752365101704,27.697190140561634,27.635994416725477,18.53031984687734,-0.15791166295536796,0.37852673675173165,0.15878947605986765,42.170458266971394,-14.15208256925486,0.7017711228357488,-1.3605895687381784,1.8012603529968856,0.09002520009082336
54.0,27.59974752367097,27.610588869552966,18.500095513936728,-0.16544844569880227,0.37284361471456456,0.16147540479366407,42.01144476124686,-14.405656778840822,0.532045043045412,-1.345215665181337,1.7323852992488664,0.07515017356550396
54.0273481093005,27.682695192931064,27.551421697299823,18.464731024910414,-0.16011280661504423,0.37144351080411747,0.1591780788180503,41.86960703894681,-14.400445657744616,0.5380112626665892,-1.3886604196421124,1.7211026789024368,0.07552426739991597
54.22716920107034,27.69112365449393,27.528032675822747,18.483593265269967,-0.15915244096366948,0.366860957936598,0.16095509673641734,41.57574079810663,-14.014859962772098,0.5475422660644139,-1.3941423934222117,1.7795662438570437,0.07573321010359048
54.426987009357255,27.510116072931527,27.877690499210807,18.582258315692293,-0.1646808582196304,0.37827270908872734,0.15958008438780125,41.41873116948493,-13.704193669876569,0.5700438557620767,-1.3465162332406544,1.813441650136597,0.07776498181737973
54.62680161966405,27.38849107635667,28.10642543306024,18.649229639283902,-0.16849373110942467,0.3845582031330387,0.1584340191794036,41.25286628839701,-13.365197088030447,0.5911488283070643,-1.3054110535417738,1.85271119056117,0.07914610343460536
54.82661311996683,27.335993503026973,28.213046706905516,18.686988903741106,-0.16945049377991422,0.38578133518983043,0.15807189374676137,41.024009714627134,-12.996201200234859,0.6085954637395626,-1.2894376120792237,1.8963478161346552,0.07970555850139253
55.0,27.465609444019478,28.038606578737635,18.69063381433461,-0.16357549477592165,0.37627581285623096,0.16288361621606187,41.02185906892964,-13.053988357417682,0.5792764635676303,-1.2507690341744822,1.8522028052271884,0.07496007202513488
55.02642160071664,27.382235634344504,28.119424760693626,18.71363950319751,-0.1688031146469657,0.37854642386566695,0.1622858264332071,41.103955046330654,-12.992308112258032,0.5849255217638473,-1.202343229955712,1.8643369838393216,0.0755540945833065
55.42602987775014,27.366101857093998,28.183404312437954,18.76857902246969,-0.16619125950876243,0.3745941099910882,0.16445026316922687,40.55231882684517,-12.19859144761189,0.6081861970707664,-1.2153578759502535,1.9588244633459824,0.0760562170600002
55.625829867333344,27.22975656332779,28.58695989659753,18.856723523824975,-0.16681040354332044,0.39015698743602295,0.15972121781858956,40.30152756302676,-11.97533370607047,0.6375611784837681,-1.2142598524095636,1.945061472184795,0.07794396435029848
55.82562722396983,27.218383022777214,28.712068337020735,18.89276337104183,-0.16297999953387204,0.3931641504564132,0.15889106975029832,39.906405864421465,-11.653955894106986,0.6536873485285524,-1.2658887059603736,1.9599690940888785,0.07855697840965811
56.0,27.169316756363514,28.56775325367642,19.207651288064458,-0.16833995866261786,0.3822122948498287,0.1776250830754,39.67706450213798,-11.61506976771011,0.9572870815721117,-1.2607138782727192,1.9358480210721958,0.09608141852155837
56.02542205052968,27.25271652884961,28.501245529738135,19.17481262095967,-0.1624337823011343,0.3805220179145603,0.17593367494775516,39.516797629762316,-11.60411469834598,0.961681224860762,-1.314976809729141,1.9237415585351076,0.09612302141880763
56.22521445237957,27.281041200271233,28.445415601602754,19.179012951004534,-0.16028701312192153,0.37498095309112817,0.17681716316687862,39.2061364207637,-11.183675525969262,0.9773297432095741,-1.3310069112049971,1.9695582591364582,0.09620370727605826
56.42500453738832,27.321183048952257,28.316257591893446,19.17562343822608,-0.1588643583932154,0.36564344637142665,0.17939339940914265,38.90899447402336,-10.697509847759157,0.9886458023375847,-1.3392863349858732,2.03410556635912,0.09622717460695233
57.0,26.14706711409035,29.28563953220526,19.53904660080529,-0.22084719435458008,0.3851135714578932,0.18418634393521854,37.07455002263644,-9.415672244259907,0.9933958682393578,-1.493297941565165,2.1844587165796736,0.09625481559282383
57.42392416117157,26.195219437847506,29.283906604683605,19.522957741880763,-0.21220877399187354,0.3817034436629578,0.17819489167894537,36.21490777247844,-8.574879437748926,1.0459293645067118,-1.5864190454761977,2.219151038895552,0.0985456404369602
57.82347985031165,26.014571468602615,29.6744123567907,19.67159855838988,-0.2149552274783644,0.3908150155033676,0.17947004016722456,35.65667710110117,-7.721370346410029,1.0839199856847683,-1.5631207209641504,2.2723862990420884,0.09959720167574297
58.0,26.234782471566653,29.683345291267834,19.62733286866918,-0.19750000872604037,0.39186185724208344,0.17407927716745014,35.608565645032336,-7.0549121978768765,1.1366703365962634,-1.530642235684333,2.345134699285033,0.1037421277353611
58.223030089977506,26.2728083660143,29.569516898265025,19.604849637853285,-0.19504809053654554,0.3840407397504386,0.1735568942490754,35.215163390717,-6.490409277932141,1.1596496832592609,-1.5528836217805047,2.391866866115462,0.10464272184309964
58.62257593605359,26.302869553688737,29.350660410594184,19.577878290929775,-0.19420759391303277,0.36820181530867774,0.17474788096314522,34.58235545503161,-5.370975801700728,1.1974976104729564,-1.5591806824673708,2.5025399103856483,0.10646106567978882
58.8223475527287,26.236214498012703,29.37681395795515,19.623796760593486,-0.19792610475963138,0.3645354845803292,0.1778284186612236,34.396104590514085,-4.761773141469569,1.2121905086838272,-1.5123190816748031,2.5703739814337214,0.10647939213819113
59.0,26.355292947545763,28.75123276922815,19.45503027691621,-0.20048885431727917,0.33647412323499737,0.18223823150333163,34.34644143417954,-5.296243056797653,1.008966394360599,-1.4768010123979094,2.4012290754244647,0.0877186289245975
59.022118485650594,26.47554297905281,28.55610207249784,19.37958542003339,-0.19410101599634144,0.32980514836140723,0.1797594400762811,34.181308274759644,-5.248267934997012,1.0143980651592386,-1.5327253869317348,2.3991141693029605,0.08808563309476239
59.221888878416095,26.559549648923003,28.501860029037683,19.332819296811056,-0.18607111750832953,0.328004644476628,0.17390009867280337,33.69005604428505,-4.853463649034932,1.0437809393223794,-1.6108981125929505,2.3913277324108924,0.08997012191332786
59.821198290440954,26.54832524143497,28.471846774270695,19.332300070711028,-0.18228361487276382,0.32100258518634345,0.16877906328679734,32.60439538290418,-3.421477066482973,1.109587406722848,-1.6680139314792977,2.4530642111279164,0.09294374465511031
60.0,26.851677201177814,27.75178136763618,18.96581873526789,-0.17293484951873123,0.2928409027423177,0.16233066133776558,32.676254997047856,-3.8018099034855526,0.8067552239323561,-1.6152461423249442,2.303855914500532,0.06891041021962105
60.020968010093455,26.87811788268788,27.553661613110016,18.92776880312313,-0.1746392039414346,0.2832913068037314,0.16448555342797078,32.67660302241452,-3.6518416400297187,0.8027443908271868,-1.6006084848590678,2.3430026167062294,0.06847805176563367
60.42050825752448,26.804551988031413,27.688624387333515,18.99936906462363,-0.17449304280723613,0.2842482895436164,0.16441829897829752,32.03178778068823,-2.718826145964855,0.8304266368802147,-1.608554546484547,2.376870740157162,0.06950644144719768
60.620279105642645,26.73569061905823,27.80678042887422,19.067710053194883,-0.1762679471860912,0.2857591408476436,0.16670989254675556,31.764206001430072,-2.2196509512605216,0.8392310844118196,-1.5892061138080391,2.4032532057263962,0.06931022533881775
61.0,27.429238330718913,26.21760238888506,18.767104089494005,-0.15186069962948007,0.22646820590398065,0.16922761104973483,31.8917230206619,-2.44528913433205,0.9553256318985283,-1.4776318741782484,2.1937427540551933,0.07087582130306519
61.21959652087355,27.581815611425544,25.720649005355575,18.581423682592575,-0.1461905015688035,0.20639700419343393,0.16164036891471936,31.413525872860273,-1.8632293000957936,0.9868638721703382,-1.5450575309705266,2.2362494892496407,0.07349941604960596
61.4193711781175,27.621910085436923,25.537403316600543,18.516294711649042,-0.14463355958659568,0.1984624786036886,0.15780735656464978,31.0576768112397,-1.3814001810333574,1.0101673630198351,-1.5682802404094311,2.256880254864011,0.0748560773534731
62.0,27.943469887930988,24.40810881316691,18.121028114765714,-0.13730375657802563,0.15411339593991913,0.15096744690334016,30.56846557904654,-1.137212132907986,0.822636177577416,-1.5084977776611483,2.064542776813742,0.05731590997953443
62.61805428215129,27.710143872790983,25.13524864881082,18.486099646157754,-0.13856610538279174,0.17790206553824922,0.16038812165521035,29.708300284979188,-0.05412254207044134,0.8354091149006989,-1.4804147876919937,2.008336346386647,0.05503713241920285
62.81784233592503,27.792742977339437,24.6329910981714,18.30380703591237,-0.1383061581832479,0.1558082981197004,0.15481313546706293,29.359366013155302,0.6214181771371345,0.8611758454592132,-1.5024399033720977,2.095435816860025,0.05736131093507104
63.0,27.638292549798866,25.201581342136755,18.524309397533415,-0.1385738921891623,0.17540499915332336,0.15720998617510784,28.954450009516826,1.4323801263501288,0.9347521749211196,-1.5250511483215627,2.1800847637816685,0.06292378130071472
63.21742655234058,27.657580175637428,25.216161991010715,18.518512767108223,-0.13407689164177003,0.17603986514792747,0.15277739954557384,28.501938719361128,1.8513631154055554,0.9586863858270723,-1.5784559178643192,2.1599689398342257,0.06442952158705989
63.41722308630704,27.669185807129324,25.24211601362465,18.510355687460315,-0.13051908977938886,0.17779618365912417,0.14788011540281,28.080237458496498,2.1960829737992387,0.9830976553252931,-1.6267272026564472,2.1280712911194133,0.06626525745355732
63.617022818955874,27.66719233999868,25.116787522205843,18.47020099679116,-0.13122511834392264,0.1712481266272555,0.14577018901092834,27.762392208589056,2.6995621488472494,1.0017747875735195,-1.6293771468796023,2.152573322777728,0.06751198065172509
63.816825936389456,27.581023005864058,25.36489239696006,18.636818452870013,-0.13324472454928152,0.1769427265780355,0.1549997040484341,27.545288230444427,3.1641704369198367,0.9921246842292191,-1.5858771258756066,2.1639080164221562,0.06508523285249243
64.0,27.8357194899967,23.976341100664452,18.162018198808124,-0.1358417317905099,0.12563791783334594,0.14748959846196136,27.556150920053458,2.5562124390731507,0.9072421786775304,-1.5349264469259538,1.969448382999434,0.0566005571556926
64.21644306724487,27.769900527934293,24.23160872185142,18.308848606649324,-0.1357123489412507,0.134772017548264,0.152569745044083,27.251119621102227,2.890721225221626,0.9073431707610058,-1.5217154313309293,1.9283648363749157,0.05552437690231225
64.61607595052146,27.744560465811045,24.06801707642496,18.251371628661683,-0.1353407847895592,0.12498076918350194,0.14649124414619127,26.572595896728195,3.8122381473732596,0.9462050324258481,-1.55424016447546,1.9626660301820094,0.05798140908982601
64.81589875158774,27.74255197969433,23.856686862719183,18.147771923487735,-0.1363825150878748,0.1151646647765369,0.14012520317517116,26.246694608855055,4.352672818809229,0.975225377312564,-1.5653273420036102,2.004706922573033,0.060231380565543724
65.0,27.925412130238758,23.776207185428518,18.30584521908275,-0.1224956593915178,0.11539462332140793,0.14280873006802178,26.198408687955666,4.923069413582206,1.3322371932576362,-1.5290213483731465,2.0251202543287943,0.08379311168460038
65.4153946957273,27.812198674091594,24.60445217190946,18.825116378215803,-0.1170715772516943,0.1461338123894379,0.1654452831793306,25.555854297398714,5.3972302491694695,1.3110324488810994,-1.5192209573803863,1.8739551400684864,0.07776159892417041
66.0,27.71292959108448,24.80804181853581,18.67302982918088,-0.1177502198624378,0.14963855041634772,0.15428505795705064,24.613573197180944,6.4370835411916,0.974421702611054,-1.5313270244597066,1.8249425557450183,0.054515208413561216
66.0149354347336,27.7021484367289,25.132166487465202,18.843068095376662,-0.11582537064940643,0.16673754123029583,0.1614884694288055,24.615634333312073,6.188140184371107,0.9575721338363384,-1.5162027024175548,1.7164207093164268,0.05230406974567255
66.21479302466383,27.65009296787174,25.045612040168617,18.85794230301424,-0.11922066911883371,0.15478710982681265,0.16531749560619885,24.38547187993818,6.853323141833965,0.9602524708060042,-1.4791930083930251,1.819050193846194,0.05134122054312804
66.61452505473628,27.599632861754618,24.981489925140316,18.84246563683632,-0.1195930708258319,0.14699179522057937,0.16019056726156825,23.746851541539648,7.770437539368231,0.9953371514074102,-1.4958289828019309,1.8545085979308644,0.05332737021958462
66.81439974353472,27.569633693164235,24.991340877160347,18.889984012413827,-0.12311657320404433,0.1466117388795549,0.16615003586778648,23.646011529516535,8.135802941648118,0.9887312329136067,-1.4124872828496573,1.8383000532585732,0.05126352029852105
67.0,27.85437769709202,24.51385952686325,18.627806334236602,-0.10677815620855444,0.13381646889854756,0.15191103207952253,23.816529502725906,8.373493694354776,1.0954549740614212,-1.3414853436531349,1.7924827297585963,0.05871020157529001
67.21416701681893,27.84383358773244,24.558193267127773,18.659869447311184,-0.10257210985004243,0.13121406292981055,0.1478016557187628,23.37377617545846,8.864610634317156,1.1199277131736824,-1.4031842986204381,1.8139530271638689,0.06055677093541093
67.61395875442312,27.786727706933487,24.279035269894756,18.4548292029372,-0.10501553363924016,0.11590132728500999,0.12864995726351922,22.711912661369023,9.899020189094424,1.1941634184853251,-1.4509575282884513,1.894062611076851,0.06688989831007068
67.81386397873769,27.766546938123337,24.336159410517475,18.509234935877668,-0.10469024601341322,0.11690861182495564,0.13068103223077576,22.429364100654325,10.267868547507646,1.202307482769446,-1.44467032339733,1.8759476054265725,0.06641422886031338
68.0,27.32312235762059,24.288087624459365,18.578326042131707,-0.13737482656071245,0.10437779019528418,0.1425295629830445,21.59554622638909,10.194494589152818,0.9450879724136656,-1.5278351725879962,1.8108801958249434,0.04644613840933247
68.01377551125726,27.322874425884308,24.174905880256873,18.47839719345689,-0.13779888162512668,0.10103771742890644,0.13473601578042366,21.536172103482063,10.237695843719786,0.9637472041952242,-1.551787067807807,1.8187658154271182,0.0487703829692567
68.21369338856223,27.27888225749303,24.04787238650276,18.392813437345445,-0.14080438845798082,0.09523458678773628,0.1284575048586995,21.257641227926115,10.683963892014571,0.9880526323014956,-1.5447093527507243,1.8360064152575966,0.05062410799034346
68.41361763332137,27.257552610323767,24.019098128062215,18.354522142658784,-0.13956928017669012,0.0956935785550463,0.1211048496893915,20.854524540243514,10.987420215715877,1.0164509056382167,-1.5922761508020669,1.7981127337882918,0.05304797895837301
68.61354825401445,27.249389008516292,24.21541369748346,18.541044854006184,-0.13653308235494868,0.10108020901636176,0.13256752875066852,20.538493098362444,11.283102404321019,0.9985515829652988,-1.5834484842234244,1.7532883210508183,0.0500346958526859
69.0,27.150409171590535,24.80829286269207,18.620287517079113,-0.13419019414054226,0.11988276238581744,0.13079732733638016,19.72096256325105,12.25151970051747,0.6809394972395416,-1.6237041453284011,1.771324157917682,0.028802580846627242
69.01342858520155,27.154629074880006,24.89437923884824,18.715318980173652,-0.13394303900121476,0.12214414443881211,0.139639277496518,19.751074654925887,12.258419951775492,0.6606224449577698,-1.5921831562046436,1.7599221464829686,0.026213015838222338
69.41333416195943,27.098938704724002,24.93626850627704,18.758292250181498,-0.13372254846730713,0.12159897701461701,0.13754429281172734,19.090853444343928,12.97433035781369,0.6765045792222417,-1.6041750079749624,1.7272732747267723,0.0267190429823431
69.61329628619035,27.08002962921415,24.967550300260154,18.794607274414396,-0.13309793820188154,0.12328004050599094,0.13850049272929812,18.754809469944064,13.2419351914276,0.6791372510563328,-1.6113076275135767,1.6773949446368126,0.026459511028801338
70.0,27.11679494480058,24.773341432129225,18.600244057405412,-0.12854751421895988,0.11642243427012319,0.12706873365517599,18.32642492375482,13.759505677475637,0.6301708523774232,-1.5831733924732587,1.6082510379069663,0.023154317870563372
70.01323882318684,27.088833746361278,24.767492503868155,18.625000297462133,-0.13110303986246782,0.11034920013921051,0.12959531639247668,18.383575918103016,13.987985879228422,0.6247988726004782,-1.5432035654504437,1.6915904277864768,0.02204512437559718
70.21321904341444,27.049297251604198,24.760523779130235,18.619419080542187,-0.13202472515996022,0.10764931342603844,0.12606766558292545,18.07588494529909,14.411088739228452,0.6378165556633931,-1.543665848497176,1.7067869439795298,0.022692228145529417
70.41320508265184,27.040326279900345,24.812174947130455,18.65570559950948,-0.12911106885300488,0.10977144419968733,0.12321132917904981,17.660742527903533,14.691862283217176,0.6500955960945302,-1.5904073231981102,1.664064442985735,0.02405521883747702
70.61319681500422,27.00562738455502,24.824885381683305,18.664934050407602,-0.12974664283244547,0.10828812753587408,0.12112800404303332,17.349931756892165,15.091880344900996,0.6603559227180585,-1.5893133008882723,1.6697998760843944,0.024345575714425798
70.8131941040914,26.985580921997382,24.843732608804785,18.681479961778376,-0.12863180853529083,0.1097025658787885,0.11923966402225479,16.96522836309993,15.346195263256119,0.6702311465458347,-1.6189201834991256,1.6198099554708834,0.025190838295309832
71.0,26.938833709741406,23.456615729038194,17.377684083759227,-0.14052329853847176,0.055620632714003596,0.0671574147054659,17.082571517898113,14.58458626198107,0.08905969226433719,-1.5592452224015316,1.4346798436742574,-0.009417039757085601
71.01319680390768,26.928001184318713,23.45536670927009,17.379469133625825,-0.1409671668460455,0.052725363619985526,0.06523878426345206,17.067791476547985,14.71160375385857,0.09373271751043943,-1.5566521470382475,1.4799701953742779,-0.008979412537094106
72.0,26.69132877616209,22.64132994340298,16.97123977124793,-0.15302787726582173,0.019149335851276678,0.049202852597785715,15.806262033133413,15.430109056035512,0.16723199652174106,-1.510628309178654,1.2417798022087998,-0.00459780543642204
72.01328579712026,26.69394985519636,22.65278195109437,16.98389800638208,-0.1538879177873855,0.025410089545766373,0.05783837065701273,15.832805614690024,15.211604429087197,0.1463492036921993,-1.4864231955175196,1.1347070092831966,-0.007109842289390635
72.2133174743376,26.672544937846354,22.699922987245273,17.066812068976482,-0.15331806844383958,0.023446266100234103,0.06244618984271069,15.569355160246188,15.53937228542438,0.13430535238748142,-1.463057556172037,1.141797468565985,-0.008791850955016797
72.41335335025754,26.594142812019232,22.631609002758406,17.01617794069661,-0.15930222781150372,0.02413445102657886,0.06721191421839372,15.437362646253401,15.659339708597804,0.11896504140235628,-1.3930343261417222,1.065700233236685,-0.01080324153334349
73.0,26.6326033400096,23.25743125210132,17.326883406788024,-0.14725329211477603,0.05091446364061185,0.07535717562590608,14.480668760762844,16.761382948446293,0.007393483496348066,-1.3974841106669706,1.0386445604421863,-0.018875041440876414
73.01348427945452,26.644428801953556,23.269080878569525,17.335164818888597,-0.1457439636510401,0.051239715130020284,0.0744222103660293,14.42807668475663,16.77045628521279,0.009605700787237732,-1.4120182658024054,1.0344346282475252,-0.018472102466126527
73.21353505751729,26.54442580319192,23.211694386028316,17.282092150463622,-0.15322093410862048,0.05102900042412626,0.0777627815077057,14.312039707017817,16.93370450272376,-0.003769456034338841,-1.3359882566128167,0.9833810174323374,-0.020494677573213556
73.41358908890452,26.52259799393609,23.22834175812515,17.30105372821878,-0.15223009548802152,0.051458723415166385,0.07716186377474396,14.017037762993192,17.11143450329852,-0.006216962275035584,-1.3380423358693747,0.9419880783539857,-0.020568680551549017
73.61364618781914,26.465125536613808,23.22410085526615,17.31618128709169,-0.15555774313963686,0.04985411276385311,0.08039476922033126,13.871051975564907,17.368321344769377,-0.019216276547618136,-1.2777946913030112,0.9349004022451215,-0.02218117098375037
73.81370617121458,26.37109070233365,23.14556132801381,17.212495242848906,-0.16111687210375322,0.05017187407149113,0.07765030138144309,13.712280882923562,17.447436540059037,-0.018249916898279577,-1.235515282766618,0.8612237384286798,-0.021995639393379347
74.0,26.265969218347337,22.988550039404842,17.126948050448362,-0.1674191105272606,0.04000220894798612,0.07570627940701904,13.405222574840028,17.429889901779244,-0.11576279513071662,-1.2363039739657824,0.8084880320726832,-0.028572010723205518
74.01376885939636,26.361367289424496,23.078328208414202,17.267957859911768,-0.15881689135873556,0.038887302895241484,0.07861124150429452,13.270140899354656,17.522540639811044,-0.12124616821261171,-1.2786915016066798,0.838972906893128,-0.029080460132171623
74.21383407656823,26.292624768484412,23.032281087534617,17.1687112990587,-0.16086985852488217,0.04214204873895532,0.07312913863605414,12.985527491088051,17.505055546895914,-0.11448974271200742,-1.2881922932316845,0.7251508190606166,-0.02754511198523366
74.41390165132314,26.275674373816987,23.047443178826747,17.182816473753036,-0.15901528862108955,0.04271843836134153,0.07093246664280428,12.66767262522708,17.625799057131623,-0.11426025942578884,-1.3028047200849495,0.6779514214297615,-0.026639806371633087
74.61397141708045,26.247573679987237,23.072134120331587,17.238319639599297,-0.159711445865441,0.04178298671444814,0.0758357134854192,12.482145045685277,17.81100879232837,-0.1319919164220647,-1.2569618208777236,0.6580097280459616,-0.02871186377218884
75.0,26.336730754462206,23.239679223222215,17.138297817881426,-0.1470599714423445,0.054454809627286896,0.06473182504122969,12.267636259142707,18.248715126876412,-0.1689895963509944,-1.1906891612376016,0.6015761416552036,-0.029538232638877282
75.01411688167147,26.342030702247115,23.255607640883415,17.19043807277176,-0.14744758912068226,0.05288001640800546,0.06924459730690213,12.299540872525416,18.325209624104975,-0.1799190088310681,-1.162987662227985,0.6285603278086461,-0.03117608425272407
75.21419227469309,26.392151766892823,23.326822891083946,17.322987280222584,-0.14133087179782727,0.05139979630069398,0.0725338617385493,11.995067137938682,18.553835669654003,-0.19313290512877893,-1.1711085668736518,0.6368811389308667,-0.03238251209735498
75.41426924762276,26.37609264663657,23.33933571487425,17.33099342746622,-0.13962079886206583,0.05219042559398904,0.07039801679173814,11.700064887713566,18.632267577426617,-0.19405988467549706,-1.1834620404800589,0.5808408037110656,-0.0318006846347693
76.0,26.227763950988553,23.25276908850978,17.369029878869853,-0.14511772818722568,0.04343314111124652,0.07274726904462392,10.90708301497374,18.80246913349509,-0.25075877929233564,-1.1583885131468141,0.45708437806126495,-0.035153362281650606
76.01450830180954,26.139862905180813,23.210634483188112,17.24246818467384,-0.15102275145282074,0.04649298422511564,0.06824717957407968,10.94022103043277,18.65419377711142,-0.24097940321186914,-1.1441552394794579,0.38219890374094667,-0.033482840727283705
76.21459028297562,26.16032928010449,23.256637264968532,17.369979217208588,-0.1487194761663043,0.04415381576978944,0.07619205204063555,10.754645734249479,18.839764808766994,-0.2663716170389949,-1.1004580202758012,0.3893282493838284,-0.03645760960027327
76.41467322132938,26.195057513339705,23.30807415329099,17.508802500369434,-0.14533490392822623,0.04171558718331606,0.08345885071309157,10.556407495710522,19.07573734194201,-0.29150720538153596,-1.0641349317650144,0.42054670717691056,-0.03942735510035078
76.61475701235129,26.237167118223667,23.35154698959487,17.591880686353512,-0.13914367903353367,0.04184315242403819,0.08268956797443301,10.19783595961255,19.18292163025811,-0.2967903468280422,-1.1012982670618332,0.39603498192735176,-0.03921980108450429
76.81484155827712,26.18459541793339,23.34615195886318,17.58184074042282,-0.14118281931450924,0.04191269190102941,0.08294638644755037,10.03242665152947,19.21297819136022,-0.3052168992517909,-1.0635066030893892,0.3400316176050013,-0.03947903341937584
77.0,26.09152943451146,23.551797587944424,17.955979918567202,-0.14992003184529912,0.049264299528889825,0.10455730765498739,9.386372682073594,19.385010058380317,-0.3125589377100313,-1.1133463338400726,0.3193546903975249,-0.04234819465620696
77.01492676808243,26.043341436221024,23.54151687083784,17.88352630976194,-0.15257752868399105,0.051717474404624895,0.10078392779829938,9.379178858015797,19.26753489297509,-0.303827065836935,-1.1135373552614662,0.2577992257320915,-0.04076614866197499
77.21501255744664,26.093905960993233,23.58519330063356,18.01895472159436,-0.1474346625511862,0.0496709673216686,0.10651694578405281,9.123577594274508,19.42568891582141,-0.3255549803651933,-1.1018915571172718,0.26823498430860615,-0.043044220932562674
77.41509884869821,26.08208238265171,23.599006697859526,18.03696523463104,-0.14526971452589393,0.05023125381360302,0.10396037950207848,8.830385127439703,19.455126767133436,-0.32780588141446393,-1.1158093648185436,0.22354249526031794,-0.04261087012115071
77.6151855707434,25.976102064581152,23.576702252825356,17.96638030088161,-0.15076939764021727,0.05109328838879385,0.10110185792747238,8.701247678836214,19.3767238876274,-0.32881160766068795,-1.0672038784439928,0.13298562095950878,-0.04189805727546229
78.0,26.006342952535732,23.692948661197672,17.75438967019471,-0.14356830203411355,0.059247183537234877,0.08698420621205835,8.423649407407387,19.523741078605987,-0.5766906677396916,-1.0121719189959397,0.07111112858533339,-0.05596441328353507
78.01536005519796,26.03996820067136,23.701270865472548,17.7693987791194,-0.14018736958088268,0.0593713148219843,0.08533391128494587,8.335002414713832,19.528828093550032,-0.5736854792342077,-1.0425530227779058,0.07100542943727317,-0.0554722662028991
78.21544770746748,26.03750821577968,23.718386677094852,17.799923875461484,-0.1378603258222205,0.05936427567601173,0.0845176287174927,8.074704941806793,19.550981973245847,-0.5829632112633418,-1.045467515826557,0.0392055785268522,-0.05575958032116029
78.41553557001731,26.03221497848425,23.734921551616868,17.828635740364106,-0.1357862237001437,0.05941666759202233,0.08371216243399683,7.8122465706874875,19.569367891508875,-0.5923387380351097,-1.0486520120365874,0.008773956955093613,-0.05565850888945894
79.0,26.065126181851255,23.89356988796505,17.534182234397104,-0.12248802471824907,0.07479763815878378,0.059372808565325265,7.794280938769786,19.774414107411584,-0.5980075675591342,-0.8992966525049584,-0.07002976471118917,-0.05225653308987186
79.21588841553633,25.979192450099,23.89831737821052,17.43325875758549,-0.12466208696006396,0.07756566811258771,0.050127493616635266,7.5457778617660844,19.64348420619077,-0.5872331192038248,-0.9081339651994562,-0.15794681089723978,-0.049396360393808215
79.6160653391131,25.872558298792246,23.91942898191255,17.411934153803028,-0.12921408691539676,0.07786837282346516,0.049819568307005256,7.296357173863805,19.518853274069485,-0.6059688099648362,-0.8253864910875486,-0.25314371057253543,-0.04998011246866036
79.8161538797179,25.807096958962617,23.92347121146845,17.356675135151953,-0.13083264703325165,0.07897794648407001,0.044767268946605605,7.0972120561689085,19.408104269987533,-0.6032323386245514,-0.8206567947254221,-0.31328665083761337,-0.04872870204272398
80.0,25.70893493200384,24.035602565749542,17.72763088304813,-0.13773038508275753,0.08583845275233173,0.06344471828927971,6.804707957681755,19.437267000437085,-0.2929178847006195,-0.8169263065136377,-0.33968137887558225,-0.03032466426766539
80.61650857756692,25.780026754054578,24.110284325118805,17.88066145925056,-0.12607798455390423,0.08462398303120831,0.06590945501400991,6.091551632176654,19.28697324761424,-0.3182271839214395,-0.8251917798909961,-0.41149681216250084,-0.031857415116586844
80.81659743342307,25.8530052185441,24.13941895405436,18.003700122632942,-0.12000980074215248,0.08280727656181956,0.07241482801254573,5.8606497132758975,19.33248617630485,-0.34210148884260516,-0.8214501554457917,-0.39029841959391187,-0.03481564626463709
81.0,25.80025158031144,24.39309000077021,17.985816476143047,-0.1226233961790804,0.10330918145663422,0.07109137534722991,5.679743910319844,19.517255256736988,-0.3833480133870377,-0.8046604335085555,-0.38832375210285175,-0.03725619086266446
81.01668639554167,25.775368181832345,24.40281945983742,17.946294021906862,-0.12363056605149648,0.10494815357091242,0.06757592539756631,5.65614378567811,19.454474145837132,-0.37533606007193093,-0.8097412201039349,-0.41741924601910324,-0.0359611395510679
81.21677548757108,25.775203153648572,24.423670594469318,18.007947800811266,-0.1228553583437759,0.10371861277646958,0.07158875205401471,5.524293158125617,19.4072912315522,-0.39210656529870913,-0.7729419033734198,-0.4311976823342701,-0.03780662263035896
81.61695417355762,25.722338559584458,24.46533456785903,18.050751348996315,-0.12378960286509513,0.10334333849046504,0.0734454477934669,5.2725393080459355,19.228888625369954,-0.4118371640111338,-0.7068370255217058,-0.48838858631733156,-0.03900345631058566
81.81704383179354,25.731020492940573,24.489577066467792,18.066772216057053,-0.12030137621127303,0.10373833796991427,0.07146847384211129,5.009178844493027,19.1414857125843,-0.4150684719479307,-0.7290674441865661,-0.5102464421814957,-0.03871310696241179
82.0,25.80257863557625,24.323092445904273,17.815995282243218,-0.10951017525442601,0.08946084592646515,0.05389877178900361,5.245657162401737,18.914346633171842,-0.49046139457988225,-0.6531957394931716,-0.5445389870958871,-0.04134146106163945
82.017133748078,25.771113620466515,24.33433457321743,17.768838469076844,-0.11097101468560586,0.09130569719377192,0.04952022689421213,5.227639111728073,18.840035812102112,-0.48036827454239944,-0.6570685486721917,-0.57838424790276,-0.039665674886110044
82.21722396178245,25.801804623116766,24.34974649094521,17.802750668971136,-0.10642468114947469,0.09053361143269734,0.04991418734850388,5.005751963720158,18.771291192918206,-0.4900567736578764,-0.6695669119579462,-0.5820283322294648,-0.04051075029045174
82.81749681741319,25.663734387443274,24.403327955463205,17.766107073723123,-0.11235077542797958,0.09167332693926318,0.0447939648873464,4.753974191098033,18.245150390633498,-0.4990287769053718,-0.5550867522127829,-0.7282943941910733,-0.03890855001006861
83.0,25.48828855130838,24.562230612324676,18.036631712365967,-0.12252533711217373,0.10536023417188417,0.05844416030874026,4.618080810934201,18.299910692533423,-0.13772349970558317,-0.5330436692433519,-0.7270323860182404,-0.01637118590276593
83.0175886613533,25.380505223834028,24.565080073862543,17.88829092174459,-0.12726805717857353,0.10880273187929672,0.0467559579505842,4.574165886966736,18.186893638074498,-0.1110788339516218,-0.5548354799842996,-0.7786589825017682,-0.012595722266826617
83.21768103277371,25.330117235471267,24.58376148117563,17.843106280600836,-0.1274413899540091,0.10976463730649964,0.04201226257153813,4.409731805906127,18.00702178545957,-0.10272733200830245,-0.5561108249760464,-0.8171215447848773,-0.011217291990910924
83.41777398277628,25.28899783785177,24.60220357326872,17.800196268688936,-0.12662193622747897,0.11063498468927269,0.03712921797448606,4.211711911451698,17.828209227039576,-0.09366181335093941,-0.5698937223747534,-0.8510031569728683,-0.009850234922401932
83.61786756363679,25.148387652822322,24.606445403616448,17.669923934244167,-0.13194483786565073,0.11233434664950316,0.027635726041860195,4.071355452385366,17.59503802538855,-0.07298078480667308,-0.5661400598067468,-0.906671435996592,-0.007398196775994648
83.8179618285794,25.240243928839778,24.649404135384437,17.786701783214877,-0.12486716881727954,0.11150749854084067,0.03391007887569351,3.8846994135412256,17.469888891749605,-0.08994822438739437,-0.5643813988371302,-0.9075973251864168,-0.009337170703005864
84.0,25.123772729487936,24.719615410293784,17.676104672717873,-0.12514149644029685,0.11916536929759727,0.024098588710295632,4.158681929388257,17.50767919720648,0.13307018344780053,-0.483493163570723,-0.8908981793569334,0.0062802820655347875
84.61834681423976,25.081998336976227,24.797772961360383,17.736911311385963,-0.12370067981245428,0.11853567467061969,0.027730961179122552,3.9044076121142495,16.96006418550519,0.12810137415357406,-0.3965064931026298,-0.9517314712176049,0.0052289318116793965
84.81844531540436,24.92900017545636,24.806190801894857,17.59898265687903,-0.1305226016733615,0.12037794333697226,0.016497578906749195,3.8416112227252035,16.640155943645222,0.15861857900578602,-0.374380604941038,-1.0318686500819623,0.009428980867301068
85.0,24.76036267507484,24.995852391019838,17.077479834005977,-0.13512722004261923,0.13912616912658296,-0.008339449474234446,3.9386556853429835,16.751192479176762,-0.15204538025037617,-0.32749145504061383,-1.0033076502946199,-0.00859875900409624
85.0185448273409,24.686079434071896,24.99110305978913,16.98020246285907,-0.1377463764489426,0.1405283939429349,-0.015776705813515028,3.8906703260739945,16.69580773573158,-0.1355722336496328,-0.348293180792631,-1.0249003416851925,-0.006461073001365734
85.21864540365387,24.648411938870705,25.01904163453542,16.985709359154683,-0.1392599346831331,0.1404156494731239,-0.014364126523532708,3.8725007061153924,16.48534975190857,-0.14007023275158587,-0.30234197267252244,-1.0485486748471282,-0.006754258165384384
85.41874709712941,24.608455210548595,25.045874418473176,16.955046025589,-0.1390800612028763,0.14085132161421118,-0.01708424551362511,3.7723970996842437,16.261353951761343,-0.13488502385926762,-0.29356381690133926,-1.0760040141479215,-0.005940606834689855
85.61884995952664,24.49672473315903,25.06106117058925,16.853376938267477,-0.14261854611206898,0.14186310856220044,-0.024561848134551662,3.6808437309783577,15.99744651112371,-0.11781577393754827,-0.28647037540937703,-1.12004929088974,-0.003222046928780112
85.81895404137309,24.560057560940336,25.107403426256514,16.9349403609179,-0.1376301735324921,0.1414597981926831,-0.019150526878381716,3.5937308007944497,15.807674127443375,-0.13167031250577557,-0.2676081544083463,-1.1226824507449706,-0.004213275126504868
86.0,24.639809071925875,25.06608691800434,17.259531058200313,-0.13565006226566084,0.132642467466888,-0.0022732594290377495,3.3473264271542935,15.397832164091257,-0.01527819176070322,-0.27346433451687385,-1.1791463718085269,0.0019063775599842785
86.21916605817455,24.73597294470464,25.110395234285043,17.359714962120524,-0.12754614804779765,0.1315576285511745,0.003897213042618925,3.20182746178518,15.199032517851538,-0.029460357112767545,-0.2761075431295851,-1.1670756709680905,-0.00046234848978732703
86.41927408625992,24.659067588686785,25.133266166114506,17.28790518175233,-0.12943934470766874,0.13276628751209751,-0.003212377673123784,3.107011565229031,14.905415679064912,-0.011664434494600535,-0.2716326104471689,-1.2132588553216301,0.002009672461592806
86.61938351968612,24.672336939441873,25.16586417214578,17.332954646180063,-0.12770041962132608,0.1322947714435171,0.0007363569815102703,3.068464453641705,14.69108170505307,-0.02126650000373473,-0.2394392076583583,-1.216161897447443,0.0006518191970812024
86.81949439995003,24.625448515924887,25.1917510977936,17.26786397537894,-0.12553686418373097,0.13350107338571263,-0.007142775853234203,2.821852602258257,14.41305790935898,-0.001054822149230937,-0.2934537934912884,-1.2472754694907218,0.0031690657802861074
87.0,25.04311770184754,25.05890136622625,17.646500469660648,-0.10670881610134716,0.11238479955854416,0.009014102824887325,2.558790129552612,13.685353481898042,-0.08878321310572003,-0.3046272711341337,-1.3526896553962118,-0.0033150991164909074
87.01960676621415,25.138830733392858,25.088772551004684,17.790205995380827,-0.10528497328774722,0.11201190013126794,0.020374004318481975,2.6833684244571403,13.668419026788806,-0.11344194616195613,-0.23952345521176405,-1.3452560874652915,-0.006230283672514718
87.21972065514845,25.118461454412763,25.11119753195001,17.806271417197284,-0.10591807084790973,0.11182873903611967,0.02187904848150598,2.6697018186454735,13.401954759873234,-0.11827768056355191,-0.20116401282708765,-1.3594501540110457,-0.006760534169803261
87.4198361007806,25.15856995841399,25.138888425680367,17.867922765301962,-0.1015879680533698,0.11088962506000695,0.027366162175410852,2.577809517555145,13.197868050517993,-0.1342467453176893,-0.19423166452861482,-1.340685479354594,-0.009149002457670164
87.6199531343553,25.15461731453621,25.171442376413076,17.838163235803503,-0.0977847639737943,0.1122975739442813,0.020406811097623608,2.3587481389479086,12.880945430455254,-0.11769700074026301,-0.24129609539198554,-1.3745316852489227,-0.007019637426817344
87.82007178420301,25.140954677791935,25.194111282746533,17.85249954038137,-0.09753379797292644,0.11207988947974172,0.0218645380723065,2.3200601593088725,12.621762595574774,-0.1232240119961549,-0.21504111584132518,-1.3799483784122433,-0.007429483069537898
88.0,25.05785730301022,25.23258464854924,17.93862835281745,-0.10239891043918711,0.11400249761809535,0.02767272771774522,2.1879706125306058,12.37939778911199,-0.05447507169671889,-0.20800617976407199,-1.3922103478002157,-0.0034060594772699648
88.2203140307478,25.013728533174397,25.263722214912992,17.90705419678415,-0.10362603612284141,0.1153681080779321,0.022179336582695677,2.1366193342624835,12.008872885967738,-0.040647181479317465,-0.18684462315274009,-1.435437813636411,-0.0010936747815176104
88.42043766848965,24.972935524253312,25.282846864810722,17.865007455410765,-0.10286842946629246,0.11588141278746321,0.016848828062933217,2.012501602884585,11.69747939302627,-0.027831488135496338,-0.2004364902208221,-1.4590185206545658,0.00041734021579184206
88.62056300440153,24.94639629278795,25.30594506723715,17.86273406575558,-0.10345506527725022,0.1160363973302049,0.016080343732072025,1.9871576684958565,11.391173041083958,-0.02544860971300911,-0.17318373016807256,-1.4770777185419282,0.0011497977336686082
88.82069005062066,24.906686447750374,25.327019236155326,17.850449092986327,-0.10565632010084051,0.11634998591073312,0.013990787125547268,2.0174169736728316,11.05137079630566,-0.01859799597983625,-0.12721782401083173,-1.5081548000094254,0.002344017333362176
89.0,24.970836222086387,25.353020229324315,17.930897653930607,-0.10425509163644463,0.11486970572527913,0.019526450435104366,1.8120011568983347,10.62087647856647,-0.11942692351036557,-0.1333566882882335,-1.5518067793743902,-0.004850476265710347
89.02081881579383,24.89454418436371,25.346327153076732,17.865268506119683,-0.10883122997681582,0.1157565179620551,0.01372450414295074,1.8465206558592855,10.539141995270906,-0.1055258931662323,-0.11790409552338899,-1.580335856522365,-0.0028199730142719646
89.22094930501844,24.795755699294936,25.352454613817027,17.777856023928784,-0.1118849739712552,0.11629886564941486,0.005340031057233997,1.7947836035186384,10.174925633947682,-0.08600146032647273,-0.10988406076932113,-1.618684435135745,-8.229379084789996e-05
89.42108151979389,24.810049626360804,25.3856315522769,17.815079708723804,-0.11014505999489778,0.11629380041609012,0.008292093116010606,1.7745136755627038,9.86530563457102,-0.09319380853539186,-0.08450071352502726,-1.6223589540033083,-0.0013789887561342108
89.62121545798387,24.747021802601804,25.398091239250395,17.765552535766552,-0.11146617558538952,0.11651426619127495,0.003176533908392721,1.7241331417697643,9.50895942407475,-0.08050352492214187,-0.07555284700970932,-1.6491519497106348,0.0005380006684209393
89.82135111378908,24.753543908324442,25.430967376514598,17.770519138375455,-0.10800465188722301,0.11698970915112068,0.0020627210664508674,1.5874272146113926,9.180949521505996,-0.077785340560858,-0.09722060429174739,-1.6565855794619726,0.0008292819475890534
90.0,24.79582707925178,25.439587140674107,17.834899712380626,-0.10490411469814806,0.11506525868569538,0.003994868436770447,1.6009632294990959,8.844637991049181,-0.03877088849020974,-0.07153730434785396,-1.6709120742780235,0.0033711395893142133
90.02148847773033,24.826527820541173,25.451552618455274,17.874827767863305,-0.10379170950123431,0.11499934181068532,0.007610754371367348,1.6168428301605935,8.823227186977915,-0.04696648926289343,-0.06024685640161512,-1.6630072534889744,0.002399222726493496
90.62191066830842,24.72851395971939,25.513369474189876,17.867790055447088,-0.10758780897372523,0.11495808393028008,0.007331517313229057,1.711798345411251,7.796637457057654,-0.04385318110220361,0.052633804608413964,-1.6968043879881387,0.003642056638546348
91.0,24.878063145212092,25.525797900277073,17.790636084354826,-0.09482470023536145,0.11097412787957567,-0.002203532027193168,2.0283445295099494,7.167552255385322,-0.08930728676895729,0.1475007310727266,-1.6966070737684795,0.003429062896693401
91.02220033009101,24.892357392372222,25.52836044572781,17.867511200729822,-0.09649936051119404,0.10962834262087354,0.00810359585820667,2.1425771196374623,7.187474124736682,-0.11394022787843298,0.19874441644624635,-1.6688776841774067,0.0003311960921621869
91.22234753809194,24.896951975325926,25.56089747497399,17.867683973491754,-0.09446716413312829,0.11036221989483073,0.006181638346715126,2.136015912276196,6.8357073110973685,-0.10871621061947565,0.20805562189303647,-1.6779297560794701,0.0013383936151839027
91.82279824158371,24.722105377482514,25.588015425953305,17.80396611626635,-0.10296493158501371,0.1092322315406228,0.00287954786334082,2.4747122169275215,5.798888537979061,-0.09890645361231111,0.3608530832428245,-1.7007945204823756,0.0037736304682243873
92.0,24.769193510679298,25.628651397552396,17.646920758279016,-0.10016697052494311,0.1100794780207848,-0.0038120807970748864,2.4723139111008865,5.404361480958542,-0.35172628496126684,0.37790668348940903,-1.720787651177823,-0.011794746162476003
92.22310585095778,24.87912291501665,25.695062266298347,17.73267811985565,-0.0922660473187564,0.11103882946286689,0.0012152486315875634,2.4641774837869894,5.0458120626769976,-0.3657497518633515,0.37762726001912056,-1.702306261233003,-0.013724587958044224
92.42326165271326,24.82254860192769,25.72972787683694,17.640861772286282,-0.09346184297741356,0.11399279678690469,-0.011980310698243924,2.4889257636131186,4.575310618437714,-0.33386122760390347,0.38677473937488704,-1.7566960285327435,-0.00928760207625944
92.82357697716692,24.86091721477395,25.81890267910341,17.590586933713,-0.08575101659244957,0.11777389766224822,-0.0241505224213009,2.364784973887653,3.742856357494581,-0.304179598604173,0.34376836623199053,-1.7998165405361646,-0.0053072270211263275
93.0,24.510793121566085,25.822095966463944,17.38314660074761,-0.10148417867540996,0.12150841358880717,-0.0290924856081148,2.303768362810664,3.645933745930852,-0.33927163333338944,0.34661948445194496,-1.7641409555050551,-0.007370230295583506
93.22389686406137,24.672421558016886,25.890974564170232,17.50137898745331,-0.08966814186746876,0.12123275173334336,-0.019437788249391283,2.220883183535531,3.334025834398294,-0.3645776215060796,0.3155665085622309,-1.715460620671203,-0.010989270613474399
93.62422079587546,24.66488978260924,25.917633982388466,17.475029721156822,-0.08438030262117657,0.11941909328369607,-0.02012144312466388,2.162879260967115,2.7043562379667394,-0.3701046030372637,0.29429231627147845,-1.6804961721661427,-0.012053186973835278
93.8243841054751,24.599358432937542,25.946624304840437,17.36054224880034,-0.08601988623448256,0.12220503661352485,-0.03534517246999577,2.16544912438352,2.2090093023559882,-0.33104766838420846,0.29587888749951763,-1.736476789550602,-0.0068819466353117935
94.0,25.020449463242638,26.06614804749938,17.791109834472277,-0.07256688925508437,0.11989036802356311,-0.012391669069045885,1.8837070249671513,1.1688985337841205,-0.4218070174022015,0.26822705190030494,-1.8677684507932462,-0.014938451981610713
94.024548213651,25.049842671670262,26.088144521313705,17.843514954922313,-0.0721858489095765,0.12030172579895873,-0.00753209464328156,1.9269140743835862,1.1381011570779112,-0.4329366586193668,0.28663085614604217,-1.8584257474901271,-0.016262949518537437
94.22471304464337,25.036275221646154,26.08189376132527,17.789711331958397,-0.06878272907798355,0.11867509749200299,-0.01196250559040654,1.8480627345303828,0.7826890560404599,-0.42746825030466157,0.2541873950694033,-1.8476132438773831,-0.015248442982786005
94.42487852055464,24.964984120705545,26.05832544095347,17.683149871894422,-0.06848032318195207,0.1171209316971799,-0.02110614862013617,1.7783926712879707,0.39492839947654224,-0.41006866620347204,0.22726974707351255,-1.8530178135987978,-0.012792437254498919
94.62504456146648,24.91800848397142,26.0791713777722,17.63516400897167,-0.07048840555245531,0.11800289821532736,-0.026611429347494504,1.8477096854890973,-0.030293625667713143,-0.3979035519598544,0.25552149865577833,-1.8699067345044178,-0.010883739196098809
94.82521108555744,24.895112304561422,26.101055619600054,17.619476784419614,-0.07104555636919313,0.11813605907037755,-0.02787316239727377,1.9093253938830514,-0.4165697930025095,-0.39661832452915247,0.279303272090041,-1.8682584330876397,-0.010450907991380657
95.0,25.359026819715172,26.26216148727465,17.74493899781384,-0.0533581537132286,0.11892939189023645,-0.020191354922106844,1.709024780212817,-1.4615801552869474,-0.7834175432347548,0.26016285228331176,-1.9951138727948887,-0.03659830366027109
95.02537800922114,25.30915574146875,26.2362133299444,17.673216829354782,-0.05452687809420265,0.11830487819444223,-0.02681984375330867,1.6828924168357131,-1.5357717540809679,-0.7696238490728772,0.24850242297773759,-2.0084677458269935,-0.03480703586628776
95.22554524718443,25.254812243711005,26.197606441654422,17.563219324828225,-0.052220432579075916,0.11556342731515945,-0.035411581274700496,1.5678658983570664,-1.9312633749274384,-0.7590567350052669,0.20142951135924952,-2.0047066436434267,-0.033437616122744394
95.42571271262543,25.255738198626457,26.2605304621916,17.588798552419874,-0.05459605085081785,0.11808291665163945,-0.034564633927280944,1.729688760307406,-2.375670334350703,-0.7652655934166502,0.2667526233128648,-2.015219445934663,-0.03340694957851182
95.6258803172911,25.29678976467498,26.328618948317036,17.66377765268532,-0.05446608503723892,0.11961355806058947,-0.02739361046876226,1.8826492593676694,-2.7618625274799014,-0.7881221594209253,0.3242097216799803,-1.9985951305985497,-0.035153042488025234
95.8260479716142,25.254325342747908,26.324897343654783,17.593739547755597,-0.05377223895889573,0.11894347694886323,-0.03384277864445377,1.8397172038064933,-3.188165875866013,-0.7800139056054523,0.30521076665923497,-2.003562486313304,-0.03369225110279539
96.0,23.99013765688324,26.163088926555467,17.591712990726183,-0.12149428267824083,0.12126622102058748,-0.008984635967932593,0.854347409831586,-3.274403288642337,-0.49872531386183977,0.16359437088917278,-1.9856509865818879,-0.020878734226538895
96.0262155848292,23.981199960370382,26.175269407297495,17.598537164819813,-0.12278163901551035,0.12191425877808337,-0.008654676570301504,0.897777145777069,-3.3369597696111972,-0.49941728546494935,0.1820618796341512,-1.9893702137869869,-0.020727198466609486
96.2263830650873,23.922805893137955,26.19634286327465,17.574777598226135,-0.1256628726984638,0.12243211980730677,-0.011318991580527894,0.9972875718574264,-3.764052887172145,-0.49642733784639387,0.22444772508499916,-1.9962738309741228,-0.019577038147870374
96.6267172546009,23.845101876667204,26.22657657066882,17.527736964852384,-0.12631232504875903,0.12208670804212737,-0.015848051986100908,1.0696718712676707,-4.584567634739534,-0.49321931360649185,0.2528034327279605,-1.9905520419571998,-0.018114790626095945
96.82688377575724,23.81391192547188,26.266577964758607,17.55918856829477,-0.1298424139832013,0.12269564208393977,-0.012439338520626111,1.3039286044295593,-4.983504806501874,-0.5033062578690639,0.3382829554161708,-1.983162493069083,-0.01822304333044671
97.0,23.719857478644105,26.210360881742204,17.16826544062795,-0.12742120385220465,0.12176597651805642,-0.03647728327857989,1.7278109620593451,-4.834617382665959,-0.6259348784070342,0.41208272790064987,-1.8779516204245903,-0.02266673764309801
97.02704978797773,23.720100811267223,26.217782968043743,17.185474795036317,-0.1277472180181193,0.12168734391567103,-0.03420887682571863,1.7593513513556007,-4.874608134373791,-0.6316855980714035,0.42342667414555907,-1.871108052657707,-0.02329411247727258
97.22721519567027,23.655291472338376,26.2234645208619,17.15740082350417,-0.13043303035390566,0.12107628779935174,-0.035596635035024964,1.8969887495678714,-5.256087218171164,-0.6328839769114828,0.4653191763860048,-1.863836070024422,-0.022180245059567304
97.4273799028168,23.703516961333367,26.29034922218235,17.254498793249475,-0.12741220205811465,0.12144427447140706,-0.023855687225248896,1.9961837635711421,-5.554043021172403,-0.6658732474002528,0.48956058460319374,-1.814189949956775,-0.02580919488542781
97.82770682988746,23.660791932455474,26.33031381923581,17.327247656045536,-0.12827590250465323,0.1188982579295112,-0.010278104786430075,2.2966545411628294,-6.143046597218093,-0.7119630292692533,0.5693982677670862,-1.730667334406655,-0.0303348369864593
98.0,23.348872790673642,26.3200120420663,17.435204763062064,-0.1463966630964636,0.11882483571933011,0.004133834586588916,1.9279464776901931,-6.657809495791399,-0.6766276640586388,0.5178436618381754,-1.768107473366152,-0.03047445183400648
98.02786885656442,23.324320835893964,26.324295192075375,17.396092266438366,-0.14756433828718926,0.11992863860205215,-0.00147568925699261,1.9495630892022076,-6.7509911015816195,-0.6639836232864568,0.5240099765295386,-1.7856716108402046,-0.028552649579851538
98.22802979639695,23.32023134382511,26.35599428597863,17.42654493880341,-0.14600929439834237,0.11959772630423683,0.0023453873126165737,2.036161536675138,-7.076412456739792,-0.6790825700395695,0.5392858165481668,-1.753056864576457,-0.030055182751677845
98.42818955274346,23.272731390198587,26.35974151115042,17.450246461735926,-0.14756355795006165,0.11776199210989989,0.007496435945121444,2.1994436623675973,-7.376706077680256,-0.6981214235384596,0.582301805524338,-1.7156502487143244,-0.03146877791516972
98.62834802912381,23.24364506425693,26.377066434693738,17.464658368158283,-0.14747572217909224,0.11700315494045953,0.009992130712533447,2.3207605201039745,-7.690984694288698,-0.7110218953471438,0.6067692341606569,-1.6844434030841027,-0.032014586826066165
98.82850512930965,23.303676051075982,26.49404539448299,17.440294274489254,-0.14146166358066725,0.12370885176378774,-0.0019415673453860131,2.250267701243912,-8.184328883344952,-0.6851339257952505,0.5606615849314041,-1.7134479921767687,-0.028124265262146397
99.0,23.08683013017679,26.452226850771712,17.747541149127585,-0.1531051464481591,0.12114262828952244,0.01578654915337861,2.1860451975218,-8.452840093355558,-0.3259354649077608,0.5549221699310135,-1.6942789391732045,-0.006530630788546491
99.02866075741242,23.024317945155996,26.42939358965136,17.774126052145235,-0.15840857291826155,0.11923360214748706,0.0220110213263166,2.337286303307703,-8.467076934377245,-0.3404167719478524,0.6134560874161786,-1.6803111825323989,-0.00814569617356814
99.42896721602706,23.018048585629113,26.521417228395276,17.775483200375408,-0.15414979050240152,0.12207721593064497,0.01739539277076812,2.4750114992030157,-9.177633616669313,-0.33192062176298537,0.6149340843454318,-1.6486662396159772,-0.006059889027628121
99.82926664786523,22.952540439721506,26.58425526484113,17.739218691447405,-0.15437186000572775,0.1241222703805767,0.00951142264359056,2.715694818580412,-9.913923438751555,-0.313177639319611,0.6540560160590604,-1.6320847360461181,-0.003061929399885562
100.0,23.32756126628686,26.81304199811564,18.368195504366753,-0.1400863831288801,0.12681543193561418,0.041879380816913864,2.6820838686669672,-10.995588674911478,-0.08362272433890172,0.6496449233950657,-1.75570399736144,0.008310355117817947
100.4297009912088,23.289200540803186,26.87652282432055,18.406210152338843,-0.13863822006807217,0.12679790159332435,0.044150982629810466,2.9424317201494032,-11.72016141602566,-0.08566312803234166,0.6850336678207487,-1.6987871806425108,0.007917500766765517
100.62984145877962,23.21548536286438,26.87056910794128,18.45350663917807,-0.14292264214975683,0.12415563915675265,0.05224606886605659,3.2372788120681575,-11.987638491127417,-0.10403350053097905,0.7634396179509501,-1.6525808370459008,0.006113003696829969
101.0,22.234257205100683,26.52197042826918,18.135289241083097,-0.18858797611676945,0.11457654404793588,0.04724697664391332,2.906732557890081,-12.105075224510845,-0.07554726307216422,0.7074196845176514,-1.541770691316279,0.007261962903148348
101.03011538681329,22.35404169229957,26.6176069972236,18.084155799175317,-0.17932824569090103,0.1208737337305479,0.03329153065004964,2.709652280743899,-12.252073927983558,-0.042217810223917185,0.6233689997116914,-1.5715458281933374,0.011014111522186194
101.230248672204,22.343883783489417,26.65067612282875,18.060546887448698,-0.1766887029236813,0.12190304863197966,0.028168828408869633,2.7538044383755844,-12.59444572357357,-0.028076177034430043,0.610250248662424,-1.5565028369969618,0.01260859030139413
101.63050745719386,22.29060262148915,26.70116894753879,18.059243734737244,-0.17478550314049773,0.12214966586673462,0.026115525400295613,2.9356663822815148,-13.216739030751183,-0.018338837573476867,0.6206338968010039,-1.5061746983982958,0.01339534709141971
101.83063278929251,22.288630907808777,26.72064630643449,18.078130961487144,-0.17142615953334878,0.12124827390610331,0.028255490381858105,2.9437132576406,-13.475975216936979,-0.02234112952394276,0.5947277185624062,-1.4628262077146472,0.012577164868919756
102.0,21.954723160596572,26.665328081668726,18.25802551491246,-0.19048599268703573,0.11746880851232268,0.05005150955830609,2.3912678588929808,-14.368989910086889,-0.01742152628225149,0.50570398576641,-1.5770928296606133,0.008300668855093566
102.03075530510668,21.950101446924606,26.66893003107338,18.262507752342668,-0.19042229219055576,0.11739341153153016,0.05045147709854431,2.406615559396965,-14.414444692293985,-0.018100673367504514,0.507651121033218,-1.5718994875934718,0.008208753443427388
102.43099156862557,21.86768429337207,26.724195385932234,18.363043038279297,-0.19261571829131488,0.11622538012077994,0.06148023381357913,2.7220698352610073,-14.958767864667282,-0.04101677435070034,0.5727045730895016,-1.491465639284943,0.0051098275680174655
102.63110516056179,21.84432135362521,26.75622706957625,18.33890546237322,-0.1908385651075397,0.11748398940806895,0.05571778529351833,2.7634467001663525,-15.301430256656959,-0.02587677672421462,0.5599622856340432,-1.4798491178914899,0.007206365212017177
102.83121562478155,21.776569762365646,26.792549772292396,18.357848844964973,-0.19444323822582105,0.11835895308835578,0.05627705891000352,3.0189060025874572,-15.61296693069772,-0.024426463491743024,0.6230830359746079,-1.4598342652697445,0.007455744570867845
103.0,21.616968715038208,26.71651306803764,18.573352393928,-0.2011538444735075,0.11522292159941037,0.06262220342326617,3.2202318493030737,-15.444394560743856,0.37088345438290843,0.6508391302149483,-1.3564350398319456,0.0329305902159945
103.03132288749369,21.553811561677918,26.707073949609207,18.534999423909532,-0.20520175557680675,0.11576514704451765,0.05820628570116433,3.3164474150874366,-15.527882460958892,0.38237247712880934,0.6834675474277357,-1.3707684174507861,0.03429932972057462
103.23142687663353,21.444896292731272,26.68800570162505,18.563770285193606,-0.210313674795754,0.11326745788924314,0.06317521864371328,3.586056623624686,-15.765268739158921,0.37756948213530006,0.7497328077291568,-1.331819180123311,0.03355572048047368
103.43152752191027,21.441666873178416,26.736326047404365,18.599410686100626,-0.20785319067715197,0.11406854066791638,0.0648966557902101,3.6831724379816344,-16.01650738497744,0.38015611349186756,0.7462103920508878,-1.2946617325980567,0.03324227003461698
103.63162475485291,21.44516512684612,26.80903551789618,18.57559768567114,-0.20455218785560716,0.11771564475856397,0.0569189481851585,3.721800051706006,-16.353367211969562,0.4067996740548121,0.7223807812498004,-1.2901083054829798,0.035754877052438676
103.83171850885509,21.412002266225674,26.8398244646676,18.575807091073454,-0.20382421760098374,0.11837571093144848,0.05490874329920294,3.8370255827784265,-16.62847804637691,0.4190248208092699,0.7267029732979245,-1.266229461706929,0.03671876582287906
104.0,21.104714934806758,26.711732560947954,18.122965573712747,-0.21627543273192204,0.11599382374007952,0.03407952549361128,3.826752479863497,-16.56983492129335,0.09717951117140022,0.7196006071065835,-1.1993768457664284,0.017582133464814333
104.0318087192184,21.062913307268776,26.685093556989024,18.18445643068306,-0.21938956620179106,0.11303995844939045,0.04415771903982607,3.941455037820468,-16.53958886179972,0.07450185467182933,0.7580073152296427,-1.1688207385933986,0.014889131200426807
105.0,20.90552354590156,26.830330018005682,18.08694341936483,-0.21593016586642041,0.11464824460298052,0.037394942894688865,4.744393203678534,-17.641426671457108,-0.08726772908301395,0.8356059327182374,-1.0170502522065235,0.005084215891941758
105.03220449078606,21.011332255412906,26.859771843958928,18.227618649305473,-0.20833360211106025,0.11211122049467953,0.05464194674912057,4.644501276036407,-17.53723786186198,-0.12703539553871535,0.7859754886307122,-0.952589794838998,-5.48647501521218e-05
105.23227219266725,21.069577579927575,26.91957140429867,18.26765779466118,-0.20067125617365195,0.11289406565602081,0.05636002798961031,4.6177527348902,-17.69557565363784,-0.13158084412386292,0.7268707968750553,-0.9014872797357694,-0.0007072668196618539
105.43233595484352,21.013859886583504,26.966137688674774,18.26273225146594,-0.20261877910686688,0.11483750669709054,0.05313471702673059,4.820554540984786,-17.91566062288862,-0.12321620076452908,0.7582633011565603,-0.8808959025878498,0.0002258044779031073
105.63239572930394,21.01943004688984,26.99023816264313,18.284700999072886,-0.19837638863547705,0.11429972620781848,0.05446836165832918,4.837620135851552,-18.06006916272544,-0.1274003120587341,0.7191803196334917,-0.83234341211854,-0.0007379344467875077
105.8324514702855,21.002069096388347,27.01211836391165,18.286658188559148,-0.19598216290377157,0.11430269347846524,0.053192600100346,4.88851435055266,-18.225505946587504,-0.12502877052609768,0.6950700928071057,-0.7949087012444597,-0.0006660276872876079
106.0,21.172267079831684,27.16163074499246,18.145655825891343,-0.1843200302264295,0.11871024243724161,0.04583547617730843,5.119418525434318,-18.561565706988432,-0.3974184163206628,0.7186455827753482,-0.7989271011657761,-0.01802632203160259
106.03250313430588,21.15880382556395,27.152297970807247,18.158747513266587,-0.18476848265930856,0.11772376480466291,0.04801373030152923,5.155412004014004,-18.569901839139554,-0.4031256655382394,0.724757732886008,-0.7865510316693194,-0.018713752954984605
106.23255068019543,21.11455669395264,27.164160791981832,18.176946513929572,-0.18521737976455607,0.11689057241207536,0.049729226911763916,5.314314015487794,-18.70832014408611,-0.4109763997612268,0.737163267456264,-0.744215834706056,-0.018911027400513765
106.43259406912806,21.0611086399228,27.20222467908439,18.178454997966906,-0.18707829003924312,0.11808408381149282,0.04801242892378382,5.517758557750675,-18.879976537699708,-0.410099744649167,0.7655820551553087,-0.7167623112450254,-0.018255838320926202
106.63263326465164,20.983485606109404,27.101494869924732,18.263546730475415,-0.18833674854995267,0.10923071698487218,0.06419170486947705,5.71963129481351,-18.830269582512855,-0.4550564785200093,0.7895778903718129,-0.6166948433414388,-0.022929563331750433
107.0,20.65942835480967,26.97710202335699,18.435957865710087,-0.20235349974087916,0.10232998520500464,0.07960004431281385,5.62601835889149,-19.447149163805822,-0.3568729465481094,0.7446005953116832,-0.6311427698222206,-0.019430450093129777
107.03269894170879,20.573148206383717,26.993426891011733,18.405655441849664,-0.20958066014194998,0.10454340536557612,0.07507963866775962,5.815172213659494,-19.52857488388745,-0.3462981208612446,0.8118952352685996,-0.6505147604160836,-0.017803953464326193
107.23272536246922,20.534200375088844,27.005400284518284,18.429718924565822,-0.20916993612271198,0.1037794388532231,0.07667991775563421,5.969321667246549,-19.638354904128224,-0.3537881191739723,0.8172809814059283,-0.6076806890345604,-0.018596359923232126
108.0,20.171385456029117,26.974979391119017,18.081537319429515,-0.2199555984892554,0.10285168388606247,0.055801301002436965,6.51309017398272,-19.67438331950161,-0.6491825229246819,0.8343026847945653,-0.40020464761270524,-0.03484931174815079
108.03278766768763,20.051436135455674,26.826776962031385,18.085844511077852,-0.2263403958404499,0.09509072581055546,0.06276312470631334,6.678647675493752,-19.61879826537059,-0.6676500560071369,0.8909162729864886,-0.3734617183026148,-0.03680319348435065
108.23279229792655,20.019889239596665,26.797357481159533,18.138832962022295,-0.22431542832058807,0.09122512980249589,0.07008553523064882,6.812474057828067,-19.610333190177265,-0.6928795054424505,0.8819470761909538,-0.3059854196611443,-0.039217998725897985
108.43279251814364,19.923337127596476,26.865472740415655,18.091671738277082,-0.22969899359534832,0.09600017293028934,0.06000738303346706,7.133220472041755,-19.79099848001107,-0.6754996492105033,0.9450022265788974,-0.31092034027191207,-0.03662742566961351
109.0,19.38007067411101,26.67470432784481,17.99949176825173,-0.254572478550723,0.09050670699876727,0.04977295764647929,7.46347728443433,-19.152582540289703,-0.51876750355064,0.9374780545798939,-0.060335101305434236,-0.023276305065148543
109.03276661994137,19.313539421190725,26.60141747664851,17.98344959196013,-0.2577614506757568,0.08717477526783811,0.05061443142645667,7.557857999244767,-19.140172458331985,-0.5222146172253972,0.9644433319641134,-0.051072706316533024,-0.023628562996649692
109.23274911474903,19.184298256046933,26.423417292838867,18.014500279315893,-0.26035249084788714,0.07641382909172442,0.06116222448209016,7.810430427449432,-19.017949017434113,-0.5536916970613041,0.9953758246328326,0.03122285694513169,-0.027194422388103223
109.43272717035279,19.14877565214189,26.4590898652757,18.035374226977094,-0.25941788791951603,0.07719465948750853,0.06146988697338008,7.98798109906381,-19.0072137665754,-0.5596967676482623,0.9958035173874655,0.07400195343063837,-0.02727693371638017
109.63270078908103,19.16773302540099,26.706026853214944,18.02607796290925,-0.25812591154050374,0.09005247800603527,0.04937325784357248,8.16056149476448,-19.173448099607672,-0.5330793154249786,0.9945379374718181,0.05811048797679613,-0.023992874053177585
109.83266997603425,19.208581135428286,26.940246753760345,18.029464340520928,-0.254415887516084,0.10155325768858943,0.03974647439950363,8.245880157368276,-19.320003881043103,-0.5119232870994201,0.9620222625662342,0.04982248178694842,-0.021357138106331133
110.0,19.400819330529657,27.163011590194774,18.21572609388924,-0.24261755285675393,0.10845945857933462,0.04243654021506511,8.694249131399513,-19.05770535838577,-0.33831629382002154,1.0096781151243175,0.1389737573231119,-0.008627534392415976
110.03263473910614,19.168843445296982,26.87613426739263,18.147808060472975,-0.2555371422163505,0.09606246145437158,0.04502990101647894,8.995074213534684,-19.004467734159363,-0.347100356314227,1.1188100876483533,0.15432468403351002,-0.009415107423239501
110.23259508900418,18.98900230437156,26.71781587755228,18.058496455626354,-0.2622899555039988,0.08990986392265153,0.0390628327325748,9.358451092208533,-18.995399651909402,-0.3368211164015364,1.184721410527196,0.17836613158795767,-0.007587419029243895
110.83244980936415,18.83124855805147,26.78680229148821,18.068234139755972,-0.2625223087068473,0.0911392570727822,0.03659472907949083,10.084309433540541,-18.88683133240487,-0.3350545223099409,1.220861376687151,0.2837930793513934,-0.006368812874208292
111.0,18.681720489012964,26.6697606148566,18.43277482989504,-0.2686899195674361,0.0847352891673659,0.055135682584283474,10.191006112074813,-18.857716485146764,0.08541222524464509,1.2140774117661346,0.3099826230411737,0.018754561612909684
111.03239267062736,18.74015749246398,26.761815954843943,18.501327997166445,-0.2651319408795821,0.08726242116053758,0.06046964470521294,10.166505415189322,-18.81638710939834,0.07482620878829403,1.188602163783336,0.33089557322518187,0.017350408682385247
111.23233121516779,18.75040902456924,26.822911872744566,18.59706536023614,-0.2610127849204902,0.08685292791241424,0.06984366782425441,10.321326447436766,-18.66447741926117,0.05695597591908677,1.163418874419805,0.4007959402470867,0.015251394948853554
111.43226547099681,18.667891850731507,26.76151646722005,18.6071855869986,-0.2621662737848358,0.08287657307095793,0.07236127370039021,10.58593544534893,-18.53737912191317,0.05337176410894777,1.183077370301634,0.45201191427691684,0.014605127895474362
111.63219546907824,18.59306449623836,26.77455969177935,18.592216421707924,-0.26401418933970683,0.0836741563677669,0.06848733859819481,10.875701054985718,-18.487155558927775,0.06588126611644805,1.2109935058203598,0.4747166772984465,0.01580643421703258
111.83212124334752,18.62012847697052,26.977268014523972,18.6457221376444,-0.260420210768608,0.09220801113095145,0.06667202930989029,11.001207897667554,-18.46495504026006,0.07467524688124852,1.175993230532788,0.4916702590525196,0.0161094487135003
112.0,18.79186785690542,27.122885017619737,18.840325524301473,-0.24704616802763085,0.09472831900554712,0.07782440224968297,11.363595470279984,-18.720665348913236,0.11532689553188606,1.2070196327855423,0.462518441411212,0.016748798346747282
112.23196027116413,18.867149857625215,27.52579181307149,18.857741019866083,-0.2420191790430165,0.11463533106750737,0.06322490160557791,11.50554175051206,-18.832086742857935,0.1557953753058756,1.1596875263580018,0.429552266698115,0.020644660887171866
112.43187360761222,18.799747161894647,27.491201274441366,18.885470375045692,-0.24292801101351394,0.11109907807453877,0.06749116272812387,11.770714648221132,-18.68377563979733,0.1496069915116887,1.1768632687315725,0.4812489884303727,0.019752916160562625
112.63178288608754,18.76867005353147,27.550554036791272,18.901900199372843,-0.24189747100449255,0.11298483207848901,0.06646990550627017,11.971489049156915,-18.606999326815792,0.15608423629725274,1.1687848571876498,0.5068852780881877,0.019838826005956794
112.83168815566916,18.6871295579026,27.51319778894962,18.90378725131547,-0.24417407615037906,0.11010434026822224,0.06716021274416863,12.2913683060794,-18.471944497003356,0.15849294598721075,1.2041330957774516,0.5471278842582472,0.019810961322513414
113.0,18.547041216716437,27.429280398559367,18.661493092128218,-0.24882608026997347,0.1074095369469654,0.057601536575271096,12.373791359887592,-18.50630312445168,-0.0983490343031537,1.1911170583351243,0.5447865848848507,0.0031107817659408107
113.03158946852159,18.570766577045458,27.540260533308658,18.650442875748894,-0.24768643848031976,0.11348174373859729,0.05179171963231794,12.376803220930885,-18.564499765976723,-0.08444376560828225,1.1779798575277298,0.523120643643663,0.004693680942610572
113.23148687991377,18.48674684978209,27.53067484528948,18.628869275145718,-0.2502693992052639,0.11285067131163065,0.048582772749431215,12.676156449663393,-18.480468350624367,-0.07605881930012476,1.2078668582338237,0.5432672287032307,0.005411197554969948
113.63127023502732,18.410640929534388,27.625317133315175,18.662324323616364,-0.24877692940139348,0.11505689627100465,0.04866936721357063,13.110210418720861,-18.267872394703915,-0.07409705090287,1.197219325840732,0.5969439448398739,0.005170521735600667
114.0,18.02122877041079,27.463467511431077,18.330122015169454,-0.2672295088556256,0.11080425659297125,0.029194798231802585,13.275985849127444,-17.59585602940786,-0.22872334046455148,1.1573913047827582,0.7264435592793599,-0.002179593548084671
114.23091756905171,17.967374851305546,27.523770500633002,18.33273559377273,-0.26701494369765627,0.11279543702038711,0.027302873159464003,13.533988188078855,-17.452736901664622,-0.22464092988019893,1.1553781388205662,0.7499527308060508,-0.0013315296813142849
114.63066482193825,17.763334216342912,27.310543596379944,18.31415274632914,-0.27258290948380864,0.09978663229220332,0.0329078718611931,14.19981387555715,-16.979988611976413,-0.2390668255769218,1.2337312908311275,0.8553975324968147,-0.00290639539462097
114.83053339003311,17.69864526857447,27.375485290394646,18.29155031701505,-0.2742649749573655,0.10320201386144118,0.02688821357218051,14.496038995903568,-16.898658590816236,-0.2242370896477436,1.255742131087097,0.8534427309930716,-0.0011221082123726554
115.0,17.583201728575354,27.360663193055327,18.15302535924083,-0.27877231953429743,0.10312666203776338,0.018944741159159374,14.641357937834675,-16.618689980980704,-0.3223825010360074,1.2473987057895564,0.8995256235156037,-0.0066577147186085055
115.03039869686722,17.605604144052396,27.512100254976954,18.15273308297827,-0.27822390559599713,0.11088505262727157,0.01333628242803683,14.653663894956688,-16.67905271565486,-0.30894303885417057,1.2371772736527336,0.8730924362344715,-0.00511910155919262
115.62997593969125,17.523105537946872,27.739549749366223,18.24867497061245,-0.2727855116421941,0.11642044245639044,0.019708013219668946,15.224448508019792,-16.11632096264088,-0.3270814726412233,1.1761360593210763,0.9564727906992798,-0.00690006491659827
115.82982910795981,17.449608210064866,27.622491546218242,18.26169066759084,-0.272622003247215,0.10860327614791437,0.026391173024390306,15.476675516602524,-15.78101216546475,-0.3456523640915014,1.1807318923166572,1.0246380863122981,-0.008992520247865883
116.0,16.846968519367145,26.555759018014378,18.12976863980447,-0.296967615221601,0.06812230362483382,0.038890224281331875,15.006737011026205,-16.650694139679928,-0.34522393131608947,1.0847061863671703,0.827844816391351,-0.01462318423836146
116.02967948485315,16.852119174125466,26.574748495748242,18.140226818808035,-0.2959017528327998,0.06872732050374034,0.03957170002769999,15.014620397905881,-16.62512991334547,-0.3472060241816427,1.0743745135514422,0.831179763151744,-0.014742753987476426
116.2295271743898,16.8292256135007,26.54864820486861,18.183642663776624,-0.29181119744563905,0.06565668122701017,0.04609102421477021,15.136737171044595,-16.386174735997074,-0.36608647277801365,1.034194208355811,0.8750036954697532,-0.016767725279746827
116.42937228396839,16.767169728121473,26.646646247968633,18.18705496637265,-0.2935220936845573,0.07015273826404134,0.0419848470014809,15.379069715787573,-16.276979363773624,-0.3589322585728575,1.0429254289538576,0.8714664451517511,-0.015938647526337908
116.8290552098163,16.659692436035133,26.89976794435935,18.195351706155634,-0.29583614001534597,0.08224450175945855,0.03183648164699422,15.833143536661053,-16.138089196633615,-0.3388460517865898,1.0465074838789563,0.8375216534487522,-0.013937743732550145
117.0,17.171776961481537,27.867282734386983,18.51069956064985,-0.26730479141559954,0.11551835425389637,0.03593961286036305,16.6660282653518,-15.592182497471315,-0.2955988618757879,1.137024422052426,0.9412494996840395,-0.009441942199270019
117.02889325788264,17.126059510144515,27.891387457623537,18.462369628335782,-0.27112909333839086,0.11813624171570654,0.028286284916662147,16.774303853191963,-15.63800854681851,-0.27809721005766086,1.1680613196203231,0.916690300692592,-0.007228997336384277
117.22872918960036,17.003080212759834,27.730505526008965,18.408839211898727,-0.275324217169413,0.11030733543071684,0.02672403617138477,17.13229492932873,-15.40410987293924,-0.2765164643219055,1.216649030259617,0.9464692961451908,-0.007051892730865603
117.42856312941326,16.908300836816874,27.58076144959263,18.37606455615894,-0.27693483294149934,0.1025232949708231,0.02780475647487574,17.444413349978213,-15.138237298936058,-0.2812648199241114,1.243231467678576,0.9845351881333808,-0.007610648326375825
117.62839520518902,16.888920099537916,27.735066247036087,18.43454387435352,-0.27521304624166976,0.10772609262625008,0.030224990733945734,17.62186442845265,-14.963827500135617,-0.28809949779007354,1.2135590481099208,0.992551444888604,-0.008699435943159136
117.8282255482179,16.809251902933728,27.594317723056562,18.414895635187754,-0.27573687174164635,0.09985064057638593,0.03290969717866291,17.91689526341989,-14.651860942595032,-0.2970512077613552,1.2315841349894758,1.0401029826030044,-0.009538055857717559
118.0,16.571573776404424,27.487985629457363,18.041947412447666,-0.28835462687780467,0.09833823624854168,0.011672646199350926,17.904692367863912,-14.157008304592264,-0.5390112027158392,1.194855908041742,1.105875635060184,-0.022375010327071412
118.02805429320814,16.577196281096004,27.63331251799473,18.056807076645413,-0.2888568887543935,0.10522961213452149,0.00826174545178342,17.92931019042647,-14.199116702531875,-0.5309470522736095,1.1896531312387348,1.0824156983494417,-0.02138653038275536
118.22788157827758,16.494933390749612,27.348533422643897,18.037797539961467,-0.287561794076361,0.08983129917096216,0.01723968213200063,18.187551519201598,-13.785608328831126,-0.557951354496358,1.1969441311530677,1.1622511907303974,-0.024425405832093298
118.42770754494079,16.400373312447087,27.029282864379446,17.971172758813605,-0.2870250409520826,0.07463231907410513,0.020666195091535246,18.469957082317773,-13.392274530852788,-0.5731013483380909,1.2144503625416776,1.2282696065311092,-0.025619704034861315
118.8273561059801,16.284070117291563,26.96056472653688,17.96540115324423,-0.28586417056987357,0.07002418543896916,0.02290965287493244,18.934539388613032,-12.828008358553346,-0.5896577486131513,1.2023169273440024,1.2783975848199447,-0.02607555313702617
119.0,16.49873045935296,27.284477083959175,18.211736650738928,-0.26939679842730946,0.07863355924651737,0.037203120678283456,19.479831934733383,-12.958070989647444,-0.5910697707342478,1.2537593267756668,1.2300858112326003,-0.028102726595728697
119.02717900018366,16.46808106147106,27.22088850047077,18.175751402100776,-0.2710076478773697,0.07642210723941269,0.034366510500703946,19.559545174440938,-12.927942661343494,-0.5856993322087177,1.2737996756732317,1.2297498778113942,-0.02725890488313127
119.2270011755714,16.346741740243377,26.796548144523456,18.030007672758074,-0.27280443484594125,0.0588304976933624,0.02987339715889128,19.934259343793094,-12.574693099622994,-0.5835486402144351,1.3276165277570742,1.275037025671703,-0.02688502471979459
119.42682279026107,16.295692595995913,26.60601006253437,18.009187117913022,-0.26997525283296375,0.049374714475159384,0.034720890322196205,20.159297620203425,-12.197099285581105,-0.6021845071398096,1.3134791968451045,1.3269991706485211,-0.028943496980535246
119.62664400556801,16.20816504762253,26.272316433692552,17.89528151993435,-0.2697139941712104,0.035791977167709425,0.031326927936197485,20.490050916356218,-11.833032930692648,-0.601959796436944,1.3446319125869803,1.3685979635117143,-0.028202568198928506
119.82646498594515,16.198548805843465,26.838991845664143,18.104381199811662,-0.27102327390745223,0.05760004610320083,0.037470190617635235,20.663200283033714,-11.720461304234503,-0.6192066171586157,1.2981250449601889,1.3339814413468978,-0.029806243968618883
120.0,16.11870394751177,26.305479440232567,17.80614062150326,-0.2664509852175772,0.035969562060865934,0.03918607369490268,20.881014125383324,-12.542792837246521,-1.0582374938225438,1.3091010586219887,1.1441997083301554,-0.06168803283236893
120.02628589891316,16.15527549455532,26.135232995258537,17.83191301768276,-0.2598660231952678,0.0265561223845579,0.05073700428966006,20.794884114986328,-12.363211074249088,-1.0878935282445725,1.2592634912771006,1.1986039984345367,-0.06536723598036409
120.82557232964335,15.898970612811324,25.490930048185923,17.64113918568868,-0.2608159558415536,-0.0019584341309554776,0.0443317388981993,22.057466510250606,-11.078251547136446,-1.127785677558966,1.3494515472222437,1.319319041793292,-0.06544031307494128
121.0,15.677554095385535,25.567447765301228,17.712544503036884,-0.27592874697690856,0.003925676475046946,0.03508341696080889,21.98230105298941,-9.891521827056193,-0.7891086283593695,1.2851842911481133,1.5006431530690951,-0.0400776056583496
121.02539551944125,15.664500205345657,25.57095043046413,17.70768213025528,-0.2766302504641486,0.0042331063260004735,0.03399373138585297,22.03058202700545,-9.86229909688464,-0.787558308457508,1.291125635776848,1.4985978385302205,-0.039841281153039323
121.22521970600657,15.570774660119241,25.026480313993783,17.499915899187428,-0.27633713296384765,-0.01656402832108509,0.025425584024839045,22.40431210085232,-9.44565445311374,-0.7795286256516424,1.3446429865183582,1.5440079216130478,-0.038325914783237616
121.42504507536376,15.483081868211473,24.681771225299975,17.339658692063587,-0.27729477951996945,-0.028377791892923037,0.015303710278290946,22.787701860642517,-9.110289503840093,-0.7654140153004575,1.395447444032201,1.5591216459399162,-0.035952162002523026
121.62487181558092,15.411297558353152,24.615930768363253,17.290657841796868,-0.2787567837935274,-0.029601565196678198,0.009785873839519387,23.130755044520406,-8.836661321787881,-0.7594679951224007,1.4213374199551394,1.5539918922466336,-0.03474222644522206
121.82470011656844,15.375017244275725,24.158542401818345,17.150230210741487,-0.27333294289199944,-0.04788764823315966,0.009504315165958304,23.37252468927269,-8.323395996304404,-0.7693899554685311,1.4140469960258095,1.6229323893428191,-0.035827804103406385
122.0,15.504991673650878,24.355546433012933,17.154115448709494,-0.2610158790973582,-0.042740817251418255,0.014508692211078452,23.941778084628,-8.403901478175705,-1.0148225648440568,1.470694622908368,1.568586583134157,-0.053163953759565535
122.02453016985761,15.489108319546196,24.374308555347582,17.14743798925189,-0.2621888820115337,-0.04149627329072862,0.012444565047571764,24.00034929648774,-8.39005020222815,-1.011202078741074,1.480104579230922,1.5605188685162794,-0.05265021436106525
122.22436216835888,15.43684384909077,24.612767749902293,17.255446265508425,-0.2636164887185456,-0.0325232681433722,0.01719049595746315,24.269144105998084,-8.120940331137168,-1.0309309054684284,1.4636838936101733,1.5519490582300999,-0.054262770946136595
122.42419630609825,15.412526525785685,24.187820594954427,17.123440922654382,-0.25832135302469433,-0.049761570764411484,0.016358919819367525,24.53632308704129,-7.636241984942114,-1.0430452901628864,1.4618967395564129,1.6130199174325182,-0.054614287838777115
123.0,15.197483687200688,24.04769312212693,17.296442173191355,-0.26297235914973666,-0.05314175562858932,0.021406150882644713,25.213847131538724,-6.494980150282452,-0.7664178085225828,1.4263603722686486,1.6601112719901578,-0.03572897052936923
123.22355815235736,15.151918972761548,23.448483863350962,17.032704640401146,-0.2602388947789831,-0.07539244188041896,0.007319449730369172,25.64441910656396,-5.987166028715864,-0.7455324857121871,1.483980116221059,1.7082165236047342,-0.03223853770902699
123.42340591442645,15.098729595094827,23.348119530863347,16.984453960611955,-0.26026559761321844,-0.07814750941157263,0.0035712438423195826,25.972022362680974,-5.6448440752068105,-0.7435145131125195,1.497994439667959,1.7115178675549088,-0.03104033430157955
123.62325698568874,15.027365379035775,23.454114170670856,17.02198303945966,-0.26271042272994394,-0.0729780611192977,0.003010813611268695,26.30248194898031,-5.370628199549453,-0.7473168266109189,1.5062280932099754,1.6914547247546634,-0.030566390036384214
123.82311155867052,14.987052315551946,23.33756966209021,16.981692395472756,-0.2612951229412749,-0.07710659619039056,0.001780736489238361,26.599958616112986,-4.98429245638491,-0.7510091642247378,1.5065326861819581,1.70710237883271,-0.030084741383004585
124.0,15.121721877619931,23.299689130614606,17.27491537269011,-0.2468806669836267,-0.0815045730128349,0.022944252170468457,27.201233118466316,-5.081852195002563,-0.6176052444963067,1.5649490714558638,1.6417220552521479,-0.02385399035007803
124.2228319702951,15.090957858501069,23.4190685487935,17.40915683407729,-0.24373853436515192,-0.078471026850154,0.037153001518128864,27.416390278162297,-4.651795370411801,-0.6556521576157431,1.5048427655350145,1.6617254733084132,-0.02798825150668073
124.42269818295374,15.043944630963395,23.22483111201121,17.311603860758254,-0.24437511842004453,-0.08572551636382655,0.028593705195548998,27.81458429461824,-4.265384739674156,-0.6413451038372232,1.546652144447856,1.6778658839563465,-0.02546325655653353
124.62256864436173,15.030649130638954,22.990043706824775,17.226318852733048,-0.24099846773306127,-0.09499986755515843,0.0254272746198163,28.118105868643767,-3.8142915345269683,-0.640025768361399,1.550079245778604,1.7129053473885612,-0.024910701999353975
125.0,14.985649220648604,24.3694836856862,17.810967573739486,-0.2451288496265252,-0.04625768678007371,0.037270110929984904,29.09020840974851,-2.262017922067647,-0.480861171227701,1.5977561195492516,1.8784172256008416,-0.012890530618641032
125.22220728357489,15.024173412027665,24.141803620313798,17.80456878759172,-0.23501208482400257,-0.057322180647414775,0.04783192005114975,29.261742351849286,-1.6464213808659718,-0.5108404481649673,1.526596939257144,1.9456319865477973,-0.01683456257623327
125.42209647842301,14.945360256320406,24.07155211732861,17.728049993691403,-0.23993037580432444,-0.05976262627207694,0.03496572303591251,29.74899430171814,-1.2685315235013026,-0.48250715295184987,1.5976203931341695,1.9427973830812784,-0.012926832617593729
125.82189029508638,14.82916474095711,24.11420608806463,17.76579718302164,-0.2418622540700462,-0.056778516528984496,0.03482826796144422,30.41650992512143,-0.5441920946479573,-0.48686078279883854,1.6015698314586433,1.9222511874458978,-0.012913502889228176
126.0,14.631277227249788,24.275849776645465,17.80971296257875,-0.25519734947342576,-0.047734972204638876,0.027196479809888013,30.360352301034254,0.3049252997630345,-0.3041140128229391,1.5317393186558044,2.0022216140813685,0.0010277751291723532
126.02179521188134,14.534774662491351,24.57030146153131,17.9162484896008,-0.26339513723469243,-0.03457494514682247,0.027856878068023217,30.469549214714192,0.190207414639562,-0.3032779929803587,1.5524394234769066,1.9443603459360925,0.0012878756022670003
126.42162174279902,14.5080252315987,24.249236064663585,17.781574212195103,-0.2578256996987463,-0.049709247080290855,0.02034672707121179,31.094460831163037,1.1940413015909164,-0.28611251594881426,1.5577611324266196,2.012797180527318,0.0032225484707658573
126.62154360400996,14.48302150495657,24.230759244834758,17.82532270859642,-0.2543537469855013,-0.05120916650701812,0.028402096704475886,31.290844668971673,1.6710604347553373,-0.30601017272978875,1.5084547586977277,2.033153590931964,0.0005540116051365716
126.8214713453277,14.421482349535639,24.313684226313438,17.914292338146378,-0.25362933511620595,-0.046914220353734645,0.03815847164036439,31.487522544657203,2.030698602418907,-0.33095484477353276,1.4572717039044218,2.011945502317308,-0.002324534595414243
127.0,14.396850196928137,25.44744928420007,18.467687484990496,-0.2538695532637453,-0.009985402539885196,0.058144866847174834,32.34722001325683,2.865890291644878,-0.31080504320395025,1.544766117048563,2.101557906579925,-0.0022569997461589883
127.02140506690269,14.312378339233225,25.684033682448046,18.572512940104655,-0.2599282724023611,0.0016773450916885632,0.062044295293989256,32.41440527589647,2.7534399152637534,-0.3183383019905121,1.5478449083234291,2.0425753860288443,-0.003133083719189701
127.22134485871746,14.270128511118253,25.68756022270438,18.598541472586888,-0.2585614785613861,0.0022851899391446782,0.0648491490828978,32.683424945522354,3.1529776915090317,-0.3258374288725703,1.5236222774038524,2.0324409744111875,-0.003820746713772247
127.42129080019353,14.245949106632393,25.652317859075623,18.612930194837137,-0.25556292875922204,0.0010381041371295876,0.06830232267333898,32.917210707166205,3.583067198626277,-0.3356437106969363,1.4884511532298779,2.032487351052128,-0.005072229700058004
127.62124295984228,14.170172459211285,25.703773858140867,18.645839801435454,-0.25754982815778327,0.004368167105520617,0.06838696500346363,33.2417734205222,3.9085501403555742,-0.33670447219762134,1.4865478376591799,1.9963038927463916,-0.0051900976467936935
127.82120139496357,14.146507687649622,25.65743267142198,18.647020424126026,-0.25496272300158124,0.0015117342746776585,0.06987315916153272,33.480598533572824,4.3846923111824,-0.3418598027747666,1.4571702378401257,2.0114513541583494,-0.005596832699241255
128.0,14.230782833136663,24.72983633629478,18.404367635730665,-0.24477045170463932,-0.0313418541889987,0.06642636322209632,33.48109369899619,4.167810147727999,-0.24784173358687084,1.4106578440729256,1.9002116624179881,-8.633869390779151e-05
128.02116615139622,14.232483259042207,24.678667646748195,18.375440776014045,-0.24516317367355217,-0.03644080064661086,0.062413359516478875,33.54755420693459,4.310475559068758,-0.2383017374423516,1.428331107094046,1.937785736048075,0.0010973768226198578
128.22113726332375,14.12559468072865,24.7577736092883,18.407177158096548,-0.2505437948036958,-0.03190335281781536,0.05908541766120449,33.92618329127631,4.604739094359276,-0.22926524078764635,1.4510295714483625,1.892657364005944,0.0028479685125725736
128.42111475313774,14.1098775305891,24.66317641367837,18.36083673425173,-0.24912730073700923,-0.040391466372873476,0.052466898964198073,34.244305821910004,5.192027347021667,-0.21203719057313417,1.4595503444718354,1.9541415733902168,0.005103633579787837
128.62109863136143,14.052303715319752,24.660604476826308,18.365099281237644,-0.25013330665494016,-0.04011123636630228,0.050489406627245305,34.5673528472753,5.569379031461252,-0.2058767108683854,1.46174135589195,1.9373146503381007,0.00577538036925614
129.0,13.887021576004678,25.273983688897456,18.788315392416237,-0.25426815731320845,-0.018679830327549142,0.06542148122196406,35.39290020835466,6.668230450494935,-0.07226407328482995,1.4819791394172483,1.9761676620389284,0.013456674090287642
129.02108553575877,13.89695075306172,25.262252102479057,18.798007121179435,-0.25256084654068556,-0.019583879658546053,0.06805163823018069,35.38660932703463,6.736077143849886,-0.0782809556733925,1.4652766025001083,1.984306729758559,0.012642216908809603
129.22108852380856,13.799731195410015,25.328903332865995,18.840705046653255,-0.2563499153260797,-0.014959965748446834,0.068071332396894,35.732716362556175,7.029553204353633,-0.07533603507750457,1.4716990999752948,1.9322407238653747,0.01308740799808781
129.42109782429768,13.7949237369741,25.277250716785208,18.855838215001402,-0.2517092815153981,-0.01918347189380689,0.07271917422059387,35.917294622542805,7.542599260410674,-0.08447582076476126,1.4205699947058643,1.9611727457567736,0.011662503075499604
129.62111338940883,13.749199663292115,25.260854660835296,18.85539581292241,-0.25174990348213677,-0.02043085129417728,0.07040326351177596,36.21712375100264,7.9658057150504575,-0.07619986839451491,1.416173752189218,1.957164641303521,0.012599909292960848
129.82113516027837,13.736817166648107,25.20882051574164,18.844115713565408,-0.24864061530418563,-0.024003746614952574,0.07010179654727378,36.4363571228351,8.468430773902234,-0.07306618713356514,1.38459309198486,1.9795155081307552,0.012903486207574866
130.0,13.675924742335305,25.06177032707916,19.019986716888422,-0.25166349332627386,-0.026743031404718728,0.07378876769857771,36.32930304412213,8.935020874486435,0.3293888960248672,1.305713244827471,1.9756870700943285,0.03955946209053255
130.2211970306877,13.560247612573445,25.131052769587676,19.06925154102143,-0.25657069207532973,-0.0221443230732691,0.07342902758456384,36.69213464254371,9.26521865926754,0.3396793057396644,1.3140375382972755,1.9178232445201218,0.04012454682800152
130.42123696056214,13.49888955716238,25.1325332118558,19.078925723779673,-0.25772323311269063,-0.021804959165730758,0.07156566403324233,36.98556943068461,9.633748478262293,0.3524476974377561,1.3116531650313799,1.8946315391114115,0.041261864704646635
130.62128275777457,13.451739825202846,25.123512305163658,19.091637784354006,-0.2573324425129718,-0.02223488752879716,0.07168402873774636,37.23771149565821,10.02489912087292,0.3604266043483389,1.294157658809809,1.8795680123257996,0.04171492972866554
130.8213343142451,13.42057792810002,25.09272395044215,19.082481155639073,-0.2560391672063115,-0.02531447655547525,0.06892987867817024,37.481866035645965,10.507086197907842,0.3759821625637956,1.2777907763729945,1.8969213757504628,0.042939303158217035
131.0,13.440212274923326,24.704729161574363,18.72318757035384,-0.2537423609093799,-0.038480712830559226,0.05256438782015463,37.46880268368626,10.620109434041868,0.21728393877397256,1.228520286453825,1.8405305890903856,0.03396986080357762
131.02139151354055,13.480742685930986,24.648675347283305,18.702260576370204,-0.2500100901921447,-0.04257055189901976,0.052671744898152476,37.44051023307962,10.753426442803258,0.2172642530769821,1.2087608805370629,1.875171737848227,0.03369683793127077
131.22145423144391,13.411956324190676,24.64257783058443,18.693211573858196,-0.2524049653149789,-0.042552460245859985,0.047710100956426985,37.7483677693282,11.115053553897651,0.23607175128567753,1.2199530847521673,1.8513919063241768,0.03533410400816505
131.4215223365436,13.416174528886833,24.54582064633679,18.617579471129243,-0.2497064753288081,-0.0489451875761229,0.037707756834088654,38.00562805645393,11.64148087262044,0.26718219049198777,1.219798058619872,1.8912023419069421,0.03838150273618031
131.6215956908383,13.392184226006073,24.521767909621115,18.635129119725754,-0.24676205882956664,-0.05037053281205041,0.04188166344074805,38.157176955330876,12.0779077245377,0.26416832492232334,1.1705547875359477,1.891699660072511,0.03735505363645135
132.0,13.166617728713806,24.907098011435604,18.83875013640492,-0.25319531041405896,-0.035430503848577745,0.04872670972799764,38.802790596150906,13.051881795420986,0.2407145209536991,1.1696816372367427,1.8967324490791837,0.03476683853515468
132.02175756574863,13.096617577613623,24.994443563823744,18.914782942757697,-0.2570032934404976,-0.030329504185276066,0.05564246514347075,38.843571933529255,12.992366648885357,0.22621561962744838,1.1653059083969437,1.851890050500798,0.03296823712821071
132.2218457829606,13.00832644550048,25.02300502525686,18.939082425049875,-0.26015019585004323,-0.027484509642386037,0.055110890025522746,39.13315215242846,13.279528172996065,0.2345123550587148,1.1675856860432126,1.7975782006871401,0.03385214082383256
132.82213764656095,12.87075996847087,24.98412850388762,18.953442766986498,-0.25848856913732327,-0.032279315779989895,0.0517201722942483,39.77346595129692,14.538959506373686,0.2638428301035091,1.1032580985571585,1.7950555644404942,0.035498255750308925
133.0,12.698482524855578,25.288890682183677,19.20384652543783,-0.265103409745183,-0.019693922490192806,0.0602452562148804,40.03492204444729,15.122650320377433,0.38567391229608083,1.092313221155493,1.8146609698408427,0.042884400409455944
133.0222434568835,12.607279168052516,25.371608234409138,19.237648172177956,-0.27207897317864704,-0.013084190169249681,0.06000115588156755,40.17100843204083,14.992954232699116,0.3882659251035975,1.127926266940773,1.7433986651095228,0.04336829904853791
133.42246685212214,12.49925465426259,25.360663662074845,19.25576170033353,-0.27211706500678995,-0.013844834861332669,0.058877636710584484,40.61944332619703,15.703537125945692,0.4084124305751112,1.093104731776587,1.6995166744206225,0.044287675960914645
133.62258409628032,12.449076692626232,25.34536136014973,19.258081686710213,-0.27178493125322395,-0.01598663676919877,0.05689110512217754,40.829879077941406,16.119509125306223,0.42213671068662234,1.073810974640287,1.7010727262270209,0.045250225547511375
134.0,12.547020874898164,25.012962518347727,19.38116538148007,-0.26050725950298675,-0.030092232501904653,0.06497450923128703,41.17148816634579,16.472682648658814,0.7134515290943001,1.0288000017995422,1.6050105747807069,0.06258787537851371
134.02282882319813,12.501583454602489,25.045454949795527,19.356200369984155,-0.2651410422596635,-0.025229554437748065,0.05973517287012271,41.310157010235486,16.364045484507752,0.7276318422105882,1.0704483947993213,1.5449579471200456,0.06458608944476796
134.4230860668433,12.3995398247203,25.050003237770586,19.437182217610676,-0.2627990729204782,-0.026159993233435597,0.06822355785967721,41.61847910097891,17.027216500512434,0.7330423664974854,0.9880332767769986,1.4995080310778357,0.06290681605120325
134.62321896088955,12.33508216637493,25.0435167777751,19.426983106381506,-0.26470465262989973,-0.025472909554572685,0.06390498253468083,41.889171111882376,17.28505256922186,0.7565190476654706,0.994967804609625,1.4537789194452984,0.06512206583520459
134.82335448143732,12.265216485763496,25.02952710903556,19.403053553547863,-0.26730677639280603,-0.026001684964498825,0.05651625928334222,42.19597078006651,17.575582920201306,0.7883345849730908,1.015387675986386,1.4237452230711016,0.06783303892832176
135.0,12.531320519288258,24.55792065888397,19.341106009896915,-0.24660944809619187,-0.0510638718629392,0.06401478764909828,42.77827918382231,17.27363461600825,0.7282212457989506,1.0797431629217118,1.322576261010565,0.06182335571209589
135.2236327498557,12.474210250305992,24.530619306559533,19.322119729656404,-0.24774025171296662,-0.05190134176894821,0.05885362459510567,43.066534162919034,17.577651603635722,0.7540703323632867,1.0806472256155375,1.2889667051709848,0.06409984258657775
135.4237751779866,12.422283930043728,24.54217432364956,19.380355143487733,-0.24654309665952084,-0.050887080108543294,0.06583427471266053,43.21301622703393,17.814812227781402,0.7504256177785555,1.035597934124845,1.243534931164304,0.06287476580689393
135.62391959366087,12.37031838247367,24.52293533896631,19.363833424905884,-0.24776414877164601,-0.05091908178255163,0.06117904585728797,43.48011888950556,18.048501967035335,0.774519427337075,1.0409221167802125,1.2033429439562244,0.06511939202318157
135.82406584448887,12.328427022481744,24.500173397641497,19.338152397438613,-0.24855242680618062,-0.05051664604459989,0.05606963487439444,43.758231253401085,18.252761936379624,0.8004897181133495,1.0503722738851964,1.1555761038095271,0.06747698597846354
136.0,12.515254294183135,24.062339845066067,18.955919689658653,-0.24011692696824177,-0.06893522819372944,0.03724270236504412,43.5493092005316,18.109659219910224,0.7450904932152567,0.9724495073753935,1.069541472303211,0.06588529261382593
136.2243632591005,12.515302123215795,24.03392630976941,18.868885825417113,-0.23965081288798362,-0.06442202790573745,0.028509554109383866,43.866196663026784,18.185795008061802,0.7808335949723986,0.9946361054568902,0.9657084263121343,0.06959397490246405
136.424514135668,12.4909496101765,24.01512280015925,18.851096237612317,-0.23875955756831377,-0.06326707330929048,0.027031725142058476,44.076548431005506,18.331814672640146,0.7984630688077755,0.9841759216864686,0.9070883985140353,0.07083923054526331
136.62466627324818,12.41384636541955,24.01700933879707,18.89888649295017,-0.23943491631278455,-0.06419409811174812,0.031052131521749494,44.23079655661884,18.55393740362408,0.8028923963303216,0.950164726530871,0.8770208988031097,0.07055539671721855
136.82481953789082,12.275020972994454,24.015642720163356,18.933134772466072,-0.24488297106081927,-0.06805478929108154,0.02729587027100213,44.48526933429756,18.887086157633885,0.8260060873864563,0.9531997582144612,0.890925235021394,0.07188537586268733
137.0,12.639219473009858,23.304864960942737,18.5338587640026,-0.22272311645906365,-0.10717647386681872,0.018357381023554078,44.866250352504956,18.28882264771042,0.568358903794855,0.9908309368261823,0.7584930653456406,0.05469981761015048
137.22512893293816,12.613422566887353,23.265178151616,18.48109115491389,-0.22291570769720148,-0.10642697327893642,0.011847798557906776,45.14958550392246,18.419131226431137,0.5958573386801974,0.9990949327163842,0.6961206193609643,0.05692229849759695
137.62544133175138,12.6062772421956,23.181950651596964,18.348685423597647,-0.22188112660392553,-0.10436417422461432,-0.002854537401386857,45.699609683936536,18.573402680385062,0.6548598433214138,1.0315164630641334,0.5692672927973066,0.06279661551325098
137.8255983670599,12.498084252699972,23.190932947897117,18.433356836771978,-0.22350301232139916,-0.10529504091607501,0.005746381038024011,45.82221803236952,18.733838236348685,0.6460893378849885,0.9837326479985073,0.5350830477086141,0.06083193644057299
138.0,12.415170521966669,23.171689855405344,18.627667608872528,-0.2191216030113183,-0.11095017923253223,0.024634776614736606,46.83298224687618,18.693033099009927,0.4693921800311113,1.1256388295245752,0.4839710536657605,0.04587615305132257
138.0257558133116,12.371572116338614,23.15807234627928,18.639850987774032,-0.2212958820116473,-0.11366273774455721,0.023435232735738422,46.87795406630621,18.77275106365169,0.47271173078152373,1.1293184654090644,0.5050767850211954,0.045915924730460966
138.8263876863837,12.105625093057277,23.058661943108394,18.67975316817207,-0.22654734786942202,-0.11805692575732726,0.019773658736355153,47.83103364199837,19.26665338654484,0.5177257523517732,1.1012179458332858,0.36885720872014216,0.04801344479664373
139.0,12.01533007251831,23.089645802145895,19.028577837901018,-0.2244894713523699,-0.1182434610373908,0.04153229615933866,48.56794389220405,19.313384368061303,0.6382412974267775,1.190823704041705,0.32831671856684536,0.05265189103369301
139.42686122615896,11.795495063495446,23.023437322946403,19.154909567795837,-0.22903916103550498,-0.12524064309381924,0.04868373491823861,49.01584438686954,19.652421782054414,0.6414020004387283,1.1417661902386367,0.30302003174340614,0.05054790944286981
139.8271755356057,11.69130056130767,22.938069038443743,19.121290817185656,-0.23149113883891545,-0.12854302677605195,0.03964231911553349,49.57848851155491,19.86771938870719,0.682481839268301,1.1579212856555,0.251084923327496,0.05378486874947487
140.0,11.889075723612068,22.570579959112457,19.08630243725698,-0.2217093187782461,-0.14998833164175968,0.03776035190191246,49.49552623861795,19.5417837884537,0.882519344398915,1.100128056458642,0.15807158991731007,0.067489875877903
140.02733206463822,11.896200378802835,22.549003414629112,19.051078109169172,-0.22194000270205058,-0.15090276391007013,0.03346173977046014,49.55901626335222,19.563723262208896,0.8935938445815789,1.1127886599335524,0.16031130883285638,0.0685274646186229
140.2274880924771,11.89171644155712,22.461848819764462,18.948095350419727,-0.22264421378192092,-0.15416442214817955,0.020256687531571508,49.891465399101904,19.666292084097652,0.9360729841479403,1.147041284625029,0.14742459150125153,0.07218273450865138
140.627798416211,11.807715359791993,22.386191680496104,18.94017252897552,-0.22277525060176587,-0.15527679027046895,0.018149856120444802,50.36533693342237,19.743357330574987,0.9695016407631649,1.133709815756267,0.06730598439440706,0.07354475441323959
141.0,11.715686318444053,22.472519234736634,18.6519366747864,-0.22730052190792652,-0.14235301288851612,-0.002026700494228175,50.23121207201725,19.971200777903398,0.8769096437158521,1.0093707983198354,0.005609370841419225,0.07037126409687305
141.62856185965026,11.58911851990988,22.36989109514183,18.612326795835124,-0.2274553363978325,-0.1428921735612185,-0.006385870546386478,50.89727621947148,19.940500135628433,0.9320079363939026,0.9831194091642176,-0.1382824379359903,0.07368659896491492
142.0,11.549090318178347,22.238002211734013,18.4828181579009,-0.22643123990676248,-0.1480887729006785,-0.01321328714342124,51.118405686575414,19.78424000900335,0.8940917530717242,0.9319256797697152,-0.2409555750891923,0.07138722294916303
142.02886146437393,11.531869276561126,22.246628565401615,18.51159024043653,-0.2262238101883333,-0.14735738305712717,-0.009973857524716545,51.11907227291988,19.764159608485624,0.8892233079127803,0.9190286980106557,-0.2544735347044833,0.07066119418850714
142.22900990715868,11.453521548383643,22.225316265881784,18.573861318632343,-0.22636955736134892,-0.14774614463274757,-0.003301209895358599,51.24575158155687,19.723460182838394,0.8878038278559524,0.8809169537635448,-0.3001357215792101,0.06958860036048475
142.42915741258312,11.428481853772658,22.202275141639415,18.54983414321912,-0.2257871656996684,-0.14660247219473194,-0.00534536776071747,51.434995757401055,19.6269451530293,0.9073327019971601,0.8706229022128908,-0.36066876094832645,0.07111935168674074
142.82944953702338,11.212168155998093,22.08215119017799,18.560335314977518,-0.23350879887561243,-0.15444065979387306,-0.009648820306553577,51.89715421047169,19.689161928324037,0.9419323761612193,0.8731024915219436,-0.3792338066823522,0.07178249359646584
143.0,11.252647030841802,21.973756773587876,18.250168478688423,-0.23298597660200687,-0.1591684666911122,-0.028145059203892413,51.60509241223609,19.554726610342957,0.81298594038107,0.778790116296512,-0.42943035186636763,0.06571274859484577
143.029594126303,11.234692728794194,21.994738353431583,18.30219673989047,-0.2320436082569101,-0.15738829846915142,-0.021972334632150127,51.57434021346857,19.51111826006936,0.8018114135457378,0.7546024267253747,-0.4508236879934947,0.06441045865588911
143.22973771856246,11.266948824622666,21.985037918499902,18.17479846366496,-0.2307313565176444,-0.15334065662106847,-0.03416886866855039,51.814466985264026,19.307844560554933,0.8458379546204405,0.7738461670345366,-0.5388523245397692,0.06975915892534484
143.42988030593682,11.319800150953752,21.970672185742693,18.071629974877492,-0.22741288901838388,-0.14969439947013294,-0.042271740373532915,52.0130777822264,19.100848889807843,0.8812630154394651,0.7769272501620239,-0.6222110775614444,0.07392740925942715
143.63002188318924,11.059730025184694,21.91872168233674,18.233201200122497,-0.23565274805016545,-0.15605867416276792,-0.02943652186266455,52.115085600087674,19.14018415212528,0.861390691911183,0.7315437133657074,-0.6143373597188793,0.06987179618250061
143.83016244761254,10.995854775713257,21.867398481859478,18.18352573869735,-0.2381678656909385,-0.1579189508375093,-0.03605826232962956,52.355759585036736,19.056773227641603,0.8909996354129878,0.7449543764987958,-0.6457175738389852,0.07209474091533992
144.0,10.867971235790002,21.692404283184082,18.236844067693433,-0.2396560135016207,-0.17123743754450088,-0.029120949996136028,52.92055753472604,18.739064323150856,0.7877233384842379,0.8133535469935753,-0.7147489102184347,0.0636221086290313
145.0,10.634496504847665,21.600158422790976,18.134979536052562,-0.23985457920901576,-0.1644275889466415,-0.032586360067071156,53.66853729534735,18.005661664434225,0.7829853203677816,0.7209295577729552,-0.9463331196396814,0.0622579345516029
145.43125093161268,10.535973347277453,21.529237465038392,18.113549546365928,-0.23977877515434734,-0.16434095697992568,-0.03334453871050974,53.97677471423173,17.57195204998623,0.8121050625260157,0.6828807563225597,-1.0529171101267696,0.06419828791474047
145.6313826262849,10.491752750786262,21.524988990651295,18.207343734599895,-0.23644301845183868,-0.1620133416437512,-0.020166432874031633,53.956700110857696,17.318661098305782,0.7932398448025328,0.6090277162209081,-1.1182193582937,0.06119616271564824
145.83151339790408,10.466964632316671,21.499178326196283,18.205901294447827,-0.23500367234351335,-0.16114026121090103,-0.018921086486466777,54.050266279978004,17.070790722661716,0.8027917254499115,0.579828912445115,-1.1747205745781266,0.06180362641667683
146.0,10.360690525465552,21.580854988989184,18.404734124314885,-0.2345547239531388,-0.15236040902901063,-0.0027868669425284154,54.84107288153849,16.945228836665283,0.7983201791737613,0.6924873920201662,-1.2084055200035015,0.05849356811659935
146.03164326484668,10.290496545224222,21.571045657720077,18.522316351599724,-0.23493468526670647,-0.1538426932778184,0.009701242947623106,54.77643727898587,16.949055275879864,0.7701781088903956,0.6532628927547933,-1.2009441296967265,0.05452065153206183
146.23177224677468,10.314187146936641,21.563414964124686,18.545191603385273,-0.23017242165439297,-0.15095832919528498,0.01505903178120212,54.82931006171405,16.66217270476056,0.7691147853395107,0.6066613603251042,-1.2662560971550418,0.05379905301005823
146.63202764001682,9.840793186927657,21.424476954652548,18.69277807507783,-0.24866772962696757,-0.16284281145370325,0.01890592719749279,55.18866362146958,16.401705432340126,0.775317195294079,0.5934132949310333,-1.263855782166548,0.05114173959745107
146.83215409611483,9.776396231228448,21.387880758307258,18.68052770306634,-0.2499820118276284,-0.16334340669874323,0.01620249308471229,55.34402938586539,16.14920162855125,0.7925468490390779,0.5847040886976271,-1.3066151135186286,0.05234824253261572
147.0,9.885428704329618,21.625886047366723,18.898549900127502,-0.2413928017879648,-0.13958484023836648,0.03292563352929304,55.88606348849475,16.223082341556186,0.9525858489094357,0.6490884343959824,-1.3026329233800333,0.059729894329206654
147.0322797565507,9.842264707859401,21.610159115527587,19.03918862263354,-0.23975297607862672,-0.14118932826953412,0.0495954201197933,55.78295192424235,16.24063725896037,0.9135820824974084,0.5958808882464062,-1.2870611316485083,0.054106603300058086
147.43252878898357,9.783767221353427,21.565344948906475,19.058069057496883,-0.2375401359229305,-0.13969962104051448,0.0508320983137881,55.98385008323931,15.678982071563372,0.9331281688992245,0.5442731062034932,-1.3832765601951627,0.05497259756901975
148.0,9.907144434140484,21.75059205633985,19.18585909254028,-0.22622273128768944,-0.11538610551180976,0.06058229437413701,56.502919643567765,15.210921746842168,1.1008143783223279,0.5247557834659261,-1.446565095450491,0.06269631917861475
148.0328970006604,9.951963854508865,21.756927404329478,19.22239296094189,-0.2223741086634213,-0.11393367808012304,0.06697348716673122,56.45187651181097,15.153065158326788,1.0877765943717805,0.4963103590494723,-1.4580753257112895,0.0609575180785899
148.23301841982055,9.99496296566987,21.766930401369304,19.172179525879727,-0.21882000586861391,-0.10997207921747598,0.061635670116945804,56.55686870353534,14.76628179850105,1.1156189768030726,0.48032398788824565,-1.534349124382343,0.06398411529651937
148.43313922438082,9.811635817291043,21.71145007094423,19.257269400536035,-0.22498817249951336,-0.1145541111503207,0.0662957086331067,56.6669334693568,14.561838237599668,1.1140837120808786,0.45924219334133565,-1.5335823185281685,0.06189811281765334
148.6332594410744,9.580537634301061,21.648146199254697,19.30410138038389,-0.23493165202800914,-0.12025673212228398,0.0641014731471342,56.86928802501613,14.38006245387069,1.1287756271243727,0.47091812764256397,-1.5226823448676796,0.0617443831707058
149.0,9.492719054184073,21.648948995395152,18.886267565583747,-0.2358953590052213,-0.1152984163519554,0.0462685520936465,57.31763907528025,13.830151386386259,0.6110173112325978,0.4866120173511589,-1.5868802216384315,0.027908625239089893
149.03349821721687,9.248086896195337,21.563102862195755,18.924212602959038,-0.2488297034190358,-0.12520873694438073,0.04310065691948395,57.45512136011598,13.950947339017546,0.6146173522066343,0.5228561843901451,-1.5204375872255427,0.027138595062804197
149.233616829252,9.25573882735548,21.57179890174316,18.93512147065291,-0.24506135340368862,-0.12150877878049525,0.045127517540554704,57.50486950945654,13.56512562389231,0.6178187411262264,0.485890678942858,-1.5851175738487373,0.027957917020254037
149.6338526299006,9.012357261011424,21.46511008682338,19.071830925051096,-0.2511365957232534,-0.12851903612074167,0.056659283007591155,57.67325775134092,13.136506127644594,0.5924888675412159,0.4343232955389232,-1.5686131020777896,0.02260999100692299
149.83396986844144,8.891644951486569,21.407560154903376,19.074294593479323,-0.2560985468236878,-0.13229727491552834,0.05333071167970106,57.85763240998772,12.93170610882108,0.6017911564187882,0.4444867158930185,-1.5559723888934027,0.022165019314614873
150.0,9.099616137181693,21.567856962776997,19.030126439958405,-0.24377941274146198,-0.11431779314270721,0.06283859044758501,58.84261356891572,12.802844945551891,0.3950502091436177,0.601489898548592,-1.5662665289594575,0.0056046992859236505
150.03408669800578,9.058569923089253,21.54195065823263,18.986973411768822,-0.24710516042167058,-0.11667017212088165,0.05593045165137962,58.938586395479106,12.785490773713223,0.4103504556552357,0.6268253003345133,-1.555699539430386,0.007302984857727468
150.23420314181092,8.992130834479092,21.49483818832677,19.061771987275684,-0.24687287482808182,-0.11907401427905707,0.06418323341963021,59.011643534679415,12.543911336692576,0.3891356010324604,0.5910542766804538,-1.5533812998647156,0.00396102667276199
150.63443496062078,8.874904241947274,21.41026386140712,19.115284435406622,-0.24823185037529255,-0.12284615390341938,0.0680329997899101,59.24807856889328,12.037482577907944,0.3761038139816327,0.5586405744515454,-1.5558097617285782,0.0012843299427685029
150.8345503774107,8.818610383203206,21.400321477174227,19.11356901192655,-0.2484716800238168,-0.12144778162902892,0.06531979609541201,59.37127277672603,11.666179760793868,0.3857746105200435,0.5467976249053719,-1.59857973843244,0.002892591791580083
151.0,9.248878883109867,21.601133754927126,19.180246332121428,-0.23008757468676228,-0.1001720529862746,0.07301989239176299,59.532120984656416,11.762669988481784,0.5933626618076142,0.5474974070559266,-1.558947167725173,0.014773936758923058
151.2347803219968,9.215410771266141,21.623082992122466,19.085804426380747,-0.23083300886909888,-0.09567040232603308,0.05797595819351196,59.74941958512643,11.260042583159397,0.6382120289854873,0.5626621887619336,-1.635491301250014,0.02080839265840596
151.63500919531464,9.119091160674165,21.58419269119283,19.12097854270199,-0.23073305505023456,-0.09576673955292477,0.059486082395315006,59.95464094444478,10.602340043419185,0.6425574337180482,0.5266768239884974,-1.6756616124233858,0.020476843684860503
151.83512326799254,9.10934105260011,21.57995668140727,19.122634904592065,-0.22859056915709652,-0.09393925417569444,0.059088998489365586,60.02845800353551,10.205316232602863,0.6496227263036628,0.5017102088236883,-1.7174785376184825,0.021027795526148762
152.0,9.156192083568586,21.6102710107555,19.00637276224234,-0.22529628756424747,-0.08931010362156086,0.05637894382686392,60.35988334542338,9.951280190431804,0.4870501366394905,0.5366666135662976,-1.7315436296864852,0.009609096491221377
152.0352371152721,9.24557408351251,21.645699032621934,19.069582932540456,-0.21793406237406648,-0.08482295439547184,0.06741389809912872,60.24065418194407,9.816884102579149,0.46329628823436125,0.4837610259429966,-1.7655255412205229,0.007010255737222098
152.23535074818486,9.213530929573201,21.63261448188769,19.062419254298135,-0.21779213138200162,-0.08434960091391684,0.06498412499985393,60.35088067739105,9.447427777077191,0.47094434594706547,0.47288015873197065,-1.7908004802297146,0.007308793195157363
152.83569044669616,9.116004797643297,21.59104489880999,19.02171652048586,-0.217928211709337,-0.0831387813349488,0.054980357818344136,60.70799711143023,8.298598993151451,0.502774183345247,0.45274058042190746,-1.8671928592384142,0.01011316810931016
153.0,8.890999250537421,21.51114926534937,19.12023560671145,-0.22456957805521022,-0.08981632727729892,0.05745232978686662,60.76475730212918,7.8551398199634015,0.5367356208319516,0.4355915865874459,-1.9040352963841478,0.012034998280369791
153.23591596827026,8.904589335133606,21.50147029342279,19.140353097548196,-0.2208062579802653,-0.08814033618055757,0.060428360689216,60.81124819838509,7.3717039288631945,0.5329032925135739,0.39807574422886016,-1.9370488106769377,0.011426219199767211
153.43602845328968,8.515412522716343,21.438553394431334,19.200059243476574,-0.23803169285411357,-0.09556493049478984,0.055747175511413116,61.08566379755417,7.15340671732082,0.5440523937654184,0.4433959943852757,-1.8851026854154644,0.01154755568951272
153.636140753463,8.49858669047266,21.426222696356245,19.194674967646943,-0.2367144091736644,-0.09463034639689223,0.054447513274202684,61.16783650766041,6.74686883327481,0.5502973652572893,0.4270725098769825,-1.9097486379398754,0.011786161902656026
153.8362528656546,8.533654251763474,21.42538854839084,19.197095531229564,-0.23214911140513014,-0.09208642118524507,0.05575444702474927,61.1783931733776,6.286084213667712,0.5510381993115642,0.38941633695997596,-1.951598604490756,0.011544075311587843
154.0,9.49688341171662,21.696372962690152,18.739386327878744,-0.19748131271016955,-0.062162130884449426,0.04183733348399324,61.25118686085259,6.643062419227251,0.4044787508474455,0.38041746719502173,-1.851719256831531,0.0014365293272187336
154.23647650380727,9.473173301290455,21.687773288776985,18.80549570430449,-0.19478229129546862,-0.06140094209198577,0.04992311335549117,61.256115764153655,6.197180489018923,0.38530183883172464,0.33196699106399286,-1.8670830929926991,-0.0010688443157274548
154.83681035979177,9.526338060711128,21.673358973859884,18.810279554752967,-0.18615482637832576,-0.05759975856046262,0.05168154006442162,61.31621534104538,4.9496908038120555,0.3819656108068736,0.24398021424252503,-1.9384883733685425,-0.0014655618728023662
155.0,9.120351532207097,21.56170941651824,19.432769998594097,-0.19705129934358195,-0.0689161257457519,0.07776010249476634,61.364358946548805,4.356447889447503,0.9009448598664916,0.23025024498530336,-1.992367040489817,0.030317364889161154
155.2370317104619,8.808580561126808,21.517801721367196,19.56821432755886,-0.20769457196745292,-0.07389689083867523,0.08499034553969646,61.456607389927214,4.006692376160543,0.8895595129778512,0.2197064928693097,-1.9513596627885106,0.027420451742969074
155.43714196841375,8.957601345530717,21.52982729813737,19.533384136778988,-0.1989984834850301,-0.0696544654616165,0.0837930525378241,61.419024320003686,3.505104294977162,0.8993850927360755,0.17789380080534647,-2.001106095396585,0.028410933190724925
155.63725192052638,9.020679773333898,21.52045629561874,19.54957088400569,-0.1938204711946898,-0.06824477442400202,0.08685544587269242,61.37504134139427,3.065884614173526,0.8974110124622623,0.1356554701572749,-2.0226620228682366,0.02739126681633982
155.83736154357825,8.951535856337518,21.500426827532472,19.609660808997287,-0.1944523812160444,-0.06915226878705731,0.09165623225925756,61.368324850519166,2.6965886114404998,0.8898486117873473,0.1061770549353939,-2.015894548946735,0.02634750995000127
156.0,9.559157793590352,21.61089920148041,19.037724312281515,-0.17509184833540828,-0.054381189895362586,0.0646321195634406,60.964401826335816,2.9162754364217376,0.5917748492695926,0.01113491511781707,-1.9218742883467765,0.008699885302727108
156.2375796995536,9.708842044946513,21.620786998745395,18.96344601860572,-0.1674419564049724,-0.05044609202995412,0.058549905379995174,60.93365810183013,2.3569984369989,0.6093529678650419,-0.02107409874104759,-1.9662762939178127,0.01095680908712174
156.6377962105527,9.776990211639186,21.609999302007598,18.914958675050794,-0.16225502763412047,-0.048170318777968964,0.05309338559777248,60.902356140777655,1.4899349091399334,0.6281802984575965,-0.06539699947306322,-2.000570174225991,0.012793815864763925
156.83790377003388,9.616728418271725,21.596461373369642,18.993319070072133,-0.16710315092979472,-0.04991938298557934,0.058209756737618815,60.90070466869067,1.1618443345124354,0.6169280812697888,-0.08348424367589359,-1.9746197588028978,0.010600458451431134
157.0,8.860398693005509,21.494185773628274,18.983464444816523,-0.19342255633097216,-0.06228020225922711,0.050702605716207244,60.72957892202062,0.44878102447839846,0.38557001267358015,-0.1304477325660014,-2.0366938108067973,-0.0026760184328935357
157.23811732187102,8.564478421086845,21.48265262270828,19.022063206012383,-0.2048212608201571,-0.0645303869280583,0.04678888867364141,60.82020340195234,0.029041377494399938,0.39512519417869163,-0.11422329450423853,-2.007937769532244,-0.0017197569932116503
157.43822323858674,8.433733207531235,21.46776464303849,19.035739020005156,-0.20917829927972226,-0.06565001150910783,0.044791617929928425,60.855812833804386,-0.3389894742604343,0.39975337619905044,-0.1142147105629095,-1.9920026015974135,-0.0014259610360183915
157.63832852904397,8.446366741973213,21.466416941525562,18.98366626344027,-0.20757307974115968,-0.06392309609317871,0.038248015091863555,60.85582145350024,-0.7982209165068959,0.416742850357677,-0.12444840368240548,-2.0114253017296626,0.0005695757721970974
158.0,9.508113962925375,21.54812135768577,18.90086206741461,-0.16785879729909947,-0.0473143422351259,0.042037404659603775,60.884544613375255,-0.8476880209876886,0.6854334275263632,-0.14311409987363427,-1.8925334722519456,0.01644590999621278
158.03853706024546,9.739438405017241,21.56760273756419,18.831369973969007,-0.1574464603674169,-0.042823403933082795,0.03936079275461629,60.79267939208419,-1.0339591810333166,0.6924996938669384,-0.17591960005727053,-1.9393369412034287,0.01766286464887587
158.4387425567029,9.6258964232885,21.564524921867164,18.734011927532432,-0.16220788221763216,-0.04196887582681672,0.023235160752885373,60.877651118176445,-1.840011087589669,0.7403027591463472,-0.15839102592332996,-1.9386994714376757,0.02294186960815345
158.63884404764852,9.632753322932137,21.55685998474649,18.666594383703018,-0.16191662246188745,-0.041343187346971136,0.015023261792143305,60.90642529904738,-2.260896640287832,0.7657696434337881,-0.15522801225566019,-1.94460640915029,0.025650894248143388
158.8389446337048,9.583999686808578,21.550944216603863,18.72504453946624,-0.16131567333104643,-0.04139002070163106,0.02171751453081197,60.80286908283172,-2.635668922121389,0.7536751099821294,-0.19586701288122915,-1.9314105665115082,0.02395095873887635
159.0,8.873533883538355,21.49549845106964,18.870279988379107,-0.18580112803439122,-0.05014564602793732,0.019431436218561672,60.2695345761847,-3.165824613056051,0.7910093825187104,-0.307281661674033,-1.9496833696488938,0.027848173333839533
159.03904426300593,8.794731046858226,21.494623989604587,18.853916675107495,-0.18966671376398214,-0.05082452239088885,0.01531390861655323,60.31986759997696,-3.223643111558542,0.8020195109502474,-0.28886266182200576,-1.9396872813688246,0.02906881881155898
159.23914288228266,8.696455069136801,21.483120755783553,19.046665787752662,-0.18836528861260193,-0.0520368146717292,0.03791925474860381,60.0940483612079,-3.5497124289737654,0.7534506503850955,-0.3682139928206583,-1.9045733538950111,0.02266373955683628
159.63933687103034,8.415065855705707,21.452052035323955,19.15582368876616,-0.19729919586175942,-0.055885823951553074,0.044913351585029876,60.0298896561989,-4.151129169324624,0.744232180880244,-0.3814533021018607,-1.8212531807540968,0.020025337388254873
160.0,7.478225385280405,21.412331320518884,19.09297944554945,-0.22833174345223173,-0.06431084939017327,0.033525079283407505,59.624323834140455,-5.233212748689556,0.4318687123757873,-0.4684879873628336,-1.860756765430988,0.001385315091879228
160.03952614804402,7.605582660720491,21.42248563409173,19.053867314038097,-0.2220240482815033,-0.06138541252613828,0.03170297794302069,59.537763544859786,-5.387618883753793,0.4361872002928131,-0.4967028713091384,-1.8916689972998484,0.0021153876077712086
160.6398001956282,7.29386549389636,21.387309852935115,19.109737063980752,-0.23055913249704457,-0.0638254906865402,0.031911753688263836,59.35633377833858,-6.40006858903447,0.43706057500235607,-0.5194459782391407,-1.8035521122711717,0.002171323479419303
161.0,6.511768354784614,21.379560003309425,19.2865771905454,-0.2532672001509038,-0.0699988889625035,0.03914291201174779,59.60962958746401,-7.715809381588196,0.27822681774881614,-0.467762551500039,-1.8947420430212862,-0.009911989673789149
161.03997560036612,6.58159056796081,21.36629704195173,19.32904329058786,-0.24869590583722992,-0.07002155555312448,0.04650256142345073,59.50221841137293,-7.7981868216722985,0.2600903780798246,-0.5034282844407966,-1.8954301459275045,-0.012113156038299494
161.64022649987436,6.459593002444749,21.368244300109566,19.228249025765738,-0.2486293238401501,-0.0653696089538858,0.029937166033326208,59.256634593232135,-9.065282535932619,0.2952944158812306,-0.5398010251212474,-1.8921788487236801,-0.007967791022112668
162.0,5.815955654991402,21.371361789384583,19.455856381050555,-0.2662943749215711,-0.0697685688682824,0.03985253251207707,59.43161972758998,-10.313229718641319,0.2560871896245221,-0.4994159257706341,-1.9652999889908083,-0.011999875530336417
162.04038486948699,5.8483812587614015,21.38640308901141,19.33028229351226,-0.2662516774622307,-0.06719912072354434,0.024873063838565822,59.48238460015198,-10.465109437160871,0.29069050763847054,-0.47718633088459406,-1.9904422113267102,-0.007682321328068765
162.24046118727975,6.00385435426774,21.375266816419064,19.160862788184687,-0.2593409926230412,-0.06356643632761605,0.00821666692594773,59.39071003319101,-11.003216853370548,0.32819703826129965,-0.49188322346111724,-2.029833941499867,-0.002764278791715406
162.44053550486942,5.738642040338641,21.38061699430809,19.24471859427585,-0.26788659700675593,-0.06525180690386771,0.013075936788780565,59.37400529728698,-11.308164669358332,0.3168476162910032,-0.48217620089268187,-1.9748259496368705,-0.004343951155029726
162.6406077552928,5.600495463854058,21.37026206661877,19.25703991999274,-0.2719493441157077,-0.0662504004064007,0.012274072830919197,59.34940757653858,-11.653661931003388,0.31826634754695643,-0.4753167620242788,-1.9394449919757857,-0.0040437054331649005
163.0,5.848335238638512,21.326958259973626,18.979050859301527,-0.2612611926361561,-0.06345707421723226,-0.00014001413336401682,59.05939340307885,-12.036835575278843,0.1595618298402319,-0.5280694264280753,-1.8506785756183761,-0.01302139895723536
163.2408114318448,5.663557171959886,21.306643907685956,19.091922916274434,-0.26528719367916065,-0.06605973581313909,0.010984222906829367,58.926825353931676,-12.383786674804776,0.13042925883119966,-0.5490878564701088,-1.788043978580757,-0.016106052471990377
163.4408747416866,5.418740174077783,21.275302403630906,19.165703690292613,-0.27413558310999747,-0.0705899276250736,0.015787157495540726,58.94268713633179,-12.58234949936538,0.1159983675085513,-0.5229946289515579,-1.7067956519365817,-0.017436280839101405
164.0,5.431457602835375,21.206437732082055,18.945324939022555,-0.2702440404913432,-0.06943482365127274,0.0015699845103614041,58.05743798720804,-13.070236778997415,0.03737942830892896,-0.6820923911975827,-1.5434045725556826,-0.019314025304164963
164.04104998541467,5.4712350658425635,21.22749680523689,18.880723190072146,-0.26828655635880033,-0.0664639324763429,-0.005490082961562581,58.0247779974714,-13.205019148891138,0.05295471028169424,-0.6874317532606298,-1.5642797497058487,-0.017135880750482328
164.24110328262995,5.34330664001951,21.21006524927659,18.869141697740694,-0.2723068156152638,-0.0677875227274389,-0.008298942742611665,57.96296472363877,-13.474229545126983,0.056560858359470896,-0.6783120640871662,-1.519910198787453,-0.01654575058063076
164.44115391095877,5.229119211447089,21.185577295214898,18.865123638580684,-0.2757012326028375,-0.06953012592656552,-0.009674861199703611,57.89892065280197,-13.723541805174667,0.05672611609285161,-0.6703111796050376,-1.4709977689506535,-0.01620697438170856
164.6412018049235,5.116352933904126,21.150448499532185,18.860589142990893,-0.2793928077246193,-0.07212543803462855,-0.010823462355577122,57.85944845091871,-13.938451083717554,0.05626718389748452,-0.6550595265924115,-1.413157738734631,-0.01606401669357584
164.8412468995694,5.073350487922937,21.167199058017136,18.799658974386585,-0.2788146507394431,-0.06903861047960673,-0.018349800550510543,57.73364298183664,-14.311719695217297,0.07268321178462747,-0.6687647816869121,-1.4108293651983523,-0.013922588091279449
165.0,4.494059151940252,21.238760587483096,18.699847109481798,-0.29726763976398307,-0.0708945455232966,-0.02019199989277466,58.24481056241566,-15.273801341408644,-0.3582502248329865,-0.5560680162711523,-1.524826085323365,-0.04368121033132334
165.0412891305296,4.323868206397691,21.197556690939518,18.72619219117821,-0.3057644062568792,-0.07644034323275258,-0.01964350008085467,58.361145247502,-15.201516332955581,-0.36064729033817716,-0.5089033721747233,-1.466795030869499,-0.04375707056262894
165.2413284340887,4.31692423761706,21.228703367959202,18.719713770867802,-0.3016733617615624,-0.0718456687599366,-0.01962029537260985,58.160396316853685,-15.592608143404572,-0.36931067594347694,-0.5545277259110355,-1.4705567932038601,-0.043875764714044405
165.44136474724542,4.158537561105612,21.164649155167663,18.804547626506356,-0.3066947687330528,-0.07798741767951525,-0.009950127688447658,58.12559229039417,-15.709935956419052,-0.4015548523265604,-0.5393679993328061,-1.3764690098837484,-0.047201770648244705
165.64139800777426,4.089155566758596,21.12060833217926,18.815990682245996,-0.3078247754376687,-0.08055409923452124,-0.007920997205311916,58.0543129956639,-15.91732785249423,-0.41638205839754605,-0.5376493257075959,-1.319629617077432,-0.048196869024201006
165.84142815428578,4.041577544112056,21.09759808463993,18.86486243694775,-0.3063108302664409,-0.08116746699567177,-0.001228584274993616,57.87336452826702,-16.15745679256344,-0.4431911041577272,-0.5713271181187526,-1.2767730970055275,-0.05041993874747186
166.0,3.5823877512067828,21.124889930123846,19.12916551454058,-0.3200685978140505,-0.08426991961756064,0.01068627468135245,57.90060012006236,-16.740555473476864,-0.3408835949544746,-0.5534618206651111,-1.3129186163930988,-0.045151176631458165
166.2414788642351,3.5226275525202246,21.148542160009963,19.092651560603418,-0.31846576007074767,-0.08012752286151299,0.005452342252197703,57.73192066248069,-17.14316525573316,-0.3392399206930284,-0.5791405730114824,-1.3013695171342634,-0.04401883524250072
166.4414993096026,3.4876830590231966,21.159081393356466,19.07121079893329,-0.31644924712813743,-0.07727726637986558,0.002761243859321537,57.56768754299913,-17.474145228884638,-0.3415550613187594,-0.6069774982233325,-1.2916375083561396,-0.04349148896729387
166.6415164049249,3.519036374658412,21.169297004022074,19.078569131566574,-0.31017957959464626,-0.07338893942871023,0.005068950229845645,57.26607091290223,-17.85641771170262,-0.3564851629779314,-0.6782796463934457,-1.301275381076515,-0.04476968158657371
166.84153009385855,3.4318867152750867,21.19255368287698,18.982988584046154,-0.3120541089038411,-0.0700473718249772,-0.00840127085700386,57.219820557727594,-18.20872502701933,-0.33082996587854036,-0.6640013259436047,-1.2971239862471595,-0.04125809613197604
167.0,4.316270101973924,21.08649867151771,19.130589045129906,-0.27595007849004527,-0.06469185926629492,0.004526429289061667,57.397073125259055,-17.879649897763006,0.0761947592690011,-0.626644229891255,-1.190022989213488,-0.01607619462919115
167.04154032123373,4.193949136773226,21.077200846831232,19.167811353717735,-0.2813623497516917,-0.06747370412433021,0.006906397510045015,57.452147777528054,-17.841934522974245,0.07098890313712962,-0.5992363309305219,-1.1480612956710043,-0.016488990113602896
167.2415470331059,4.115844468899365,21.08459978397156,19.07075638034676,-0.28363980510983366,-0.06544944933160392,-0.006214011060430111,57.42076718776146,-18.117275219830173,0.0989992359060988,-0.5797084634447999,-1.127295634180117,-0.012449507306705116
167.44155017680623,3.9807062223734904,21.042929425895192,19.13267054421033,-0.2877848849624888,-0.06982348033025042,0.000650092218023323,57.379118696145376,-18.20295337761065,0.08048804241428201,-0.5626452119696049,-1.0399148206587676,-0.014322302169650886
167.8415455556891,3.8663750995698387,21.009217688146432,19.145614299449278,-0.28771803315053057,-0.07039437633540228,0.0024128633600379143,57.144470028475354,-18.585171868994223,0.07025477332120142,-0.5819550469401659,-0.9522236487406782,-0.014711260110464855
168.0,3.232295116163633,21.05090237537379,18.935023155738765,-0.3118564520889159,-0.07397322903009718,-0.013019745041112932,56.62134122953752,-18.921663577268628,-0.25934788408688986,-0.6677254047761636,-0.9379885918804748,-0.03366774015587615
168.24152606388276,3.1593279700711445,21.055617176325203,18.8857231018392,-0.31180832881770254,-0.0717107442617628,-0.019213130966492183,56.47060161724512,-19.19517874405225,-0.25289247200777754,-0.6770430949144247,-0.9053949742466239,-0.03205886819613283
168.44151062471167,3.0683884128886056,21.03403855800002,18.870592964727035,-0.31383901957754634,-0.07280277686458618,-0.02111202784903235,56.392550076546165,-19.339470317287297,-0.25435265280070884,-0.6676668066019276,-0.8507770800477138,-0.03122452693510365
168.84146813973192,2.9299185905134713,21.014790415225495,18.824632594865424,-0.31491884539367876,-0.07196028914218794,-0.02641199065718,56.17138617323885,-19.68599613546838,-0.2534026590811461,-0.6717544626994136,-0.7701698763628381,-0.03036661300644132
169.0,3.3677322351812724,20.945433033152376,18.568752849273974,-0.29726012928010626,-0.0672876667545909,-0.04053020192790444,55.60601248480769,-19.0509149206386,-0.2523569227499815,-0.7743416184068753,-0.5958905812795638,-0.026619401139549227
169.24140990451826,3.3266360531325128,20.935648335255646,18.580993961101985,-0.2950277457196776,-0.06635066371946871,-0.037230130296823545,55.35697429078474,-19.212166942411773,-0.2670000899563504,-0.8087865184743298,-0.5472373877991125,-0.027532550380007258
169.6413356128856,3.289193028400685,20.87651839953156,18.662383723041252,-0.28999750887311926,-0.0681127275907988,-0.022719857573907036,54.86214886932071,-19.38622427488058,-0.31495923368554274,-0.8850190053147172,-0.44297049645948977,-0.03195404662798764
169.84129235781995,3.2103409900917845,20.91614716188411,18.608667430671584,-0.29023347363286134,-0.06379999675889883,-0.030414255957809624,54.68520732734913,-19.579064372757685,-0.30185504502960847,-0.898928984572886,-0.42795102785964434,-0.029723742138983263
170.0,3.3665767816067893,20.9019937441488,18.878668870714993,-0.28003617730145935,-0.06265964977378913,-0.01192290360318344,55.19979665130551,-19.931220935071448,-0.09055893222487649,-0.7815823858071931,-0.4545449521051659,-0.01920207563743692
170.2411934687247,3.352002131901947,20.87047560820515,18.911013903449238,-0.2771482970200741,-0.06319774288593707,-0.006160271165874104,54.941791005149256,-20.035939219319282,-0.10947403011753443,-0.8167925737305607,-0.39769306079571476,-0.020849258126073616
170.44113777605162,3.2876586478313063,20.868707004667005,18.895772207597478,-0.27752672110313237,-0.06240100945728125,-0.008286870454599271,54.788026898729115,-20.12596014091001,-0.10842119867120387,-0.8235075633462474,-0.35307216869178154,-0.020018093521739416
170.64107788201514,3.2684078058064174,20.821693816119357,18.9384088906591,-0.27590273908711105,-0.06476374331819239,-0.001358128839889691,54.575733117878485,-20.14547605867347,-0.1298798328823016,-0.8482433267315653,-0.2891454482596575,-0.021817589552652592
171.0,2.712959478508137,20.814267851810182,18.89266786791077,-0.29601417668338253,-0.07045143510394948,-0.00617012445874561,53.992280716927716,-20.49972696401664,-0.2855709375241107,-0.914760875412947,-0.23612077852122942,-0.030744387578357818
171.0409453935852,2.6913758717432037,20.871349392508346,18.830348984603816,-0.2957709441279295,-0.0654575595505032,-0.015020802798805804,53.9558349402271,-20.5993509774852,-0.2667131422462874,-0.9176328860595455,-0.2577216563895134,-0.0285872883843758
171.2408727559724,2.6273394857783403,20.919354687171467,18.747758281875086,-0.29553572109708026,-0.06008507668064254,-0.02601183879344967,53.77934625429781,-20.75709538279198,-0.24693420959815277,-0.9271977654946862,-0.2464189224157582,-0.025973194891772897
171.44079583060673,2.570966559644781,20.920067428732136,18.718733695051917,-0.2954066634310082,-0.05880469857039837,-0.029142007646438386,53.5963611416908,-20.83333014724071,-0.24474987011046195,-0.9374707075954575,-0.20846820374388678,-0.02493452728096621
172.0,2.8406694497749507,20.896783419557572,18.50994575957752,-0.27627453533964696,-0.05078012158618719,-0.03790003918929629,53.09420546370285,-20.422070547911066,-0.3159571154754466,-0.9674063408885492,0.011858935044084626,-0.02652572737110488
172.04053917238923,2.838298359068033,20.895139123129745,18.507640395555054,-0.2758156110892439,-0.05055689582154812,-0.037824954770094524,53.047048097334184,-20.4280507676819,-0.31736495732250364,-0.9724588816276092,0.019886858972903657,-0.026648747851637105
172.24044495073431,3.008182015285139,20.924203880211863,18.452983118475885,-0.26370272967851716,-0.04229111250429663,-0.0397607249775314,52.61955305669436,-20.65832678020595,-0.3227714476653494,-1.065246676768271,-0.01602224258475396,-0.02755218019142984
172.4403463790802,2.8906554759852723,20.9786276883376,18.370074041535158,-0.2665036099842541,-0.0381389259922337,-0.051389290434592554,52.475637632444005,-20.727269784281074,-0.29972288296035265,-1.0553606360839805,0.010976759322003888,-0.02438912069458833
172.640243451277,2.9663201837287665,20.949899853329335,18.311572208714605,-0.2610825661483433,-0.03628423375771315,-0.05442644585597642,52.166111160454534,-20.83262355144726,-0.2996519255384657,-1.1000285510391594,0.019446706090096924,-0.023824153931770224
172.84013616331356,2.921184522547325,20.94158739241799,18.295617815671843,-0.26082088879552345,-0.036142196125002024,-0.05490087396950407,51.94115336549336,-20.8323844486588,-0.30335812420321684,-1.1142033867939483,0.06465648465556381,-0.023494003482292847
173.0,2.8893345343855423,20.905376275891793,18.60840785926713,-0.25960663192205996,-0.0390580259039143,-0.036640219223564204,52.0763484598118,-21.1056708384478,-0.03826188521374585,-1.0628012077750533,0.04734910478606423,-0.008925768147605205
173.04002451333236,3.1466096090865356,20.830416728175827,18.561784987224215,-0.24838853902190178,-0.038206104757613234,-0.03567905302650781,51.87879148227685,-21.218621822502378,-0.045182701574936195,-1.1210909138645488,0.01023986416362483,-0.010415561425737034
173.23990850164273,2.9795898427298,20.863017549569438,18.592070759743116,-0.25282395258475887,-0.03824585796719165,-0.03406324228384094,51.70959071006889,-21.157393573350646,-0.04915551843533726,-1.113761667580148,0.07770933375886753,-0.010773279689913269
173.43978813073306,2.88020368311502,20.883508361901317,18.56871207333984,-0.2548768550398273,-0.03706090245558215,-0.03758452633406802,51.5272779411158,-21.14279203140381,-0.04209942633667003,-1.1117073919629235,0.12346463471972122,-0.009272559342161351
173.6396634052822,2.8239132429077176,20.84231960814091,18.636652517141275,-0.2549153142935118,-0.040689228681578156,-0.027624864115556005,51.28451838751405,-21.013275279721444,-0.06768287064661804,-1.127373938081025,0.20330313553172466,-0.01158196016613429
173.83953433216942,2.8647272306969684,20.74716326862692,18.69752934788716,-0.2514191995326004,-0.045945066555328394,-0.01578422282343484,50.97379735366682,-20.87537721157123,-0.10048923807800898,-1.1634935598095415,0.27839166095602413,-0.014715811707971715
174.0,3.346069138759658,20.78440895937147,18.415316002675098,-0.22655530409980926,-0.03397446720453569,-0.028080409238088765,50.98701095923694,-20.363705562383295,-0.26092178963801416,-1.1432510542677385,0.38815952559154904,-0.023115182227504985
174.23926318153187,3.3294371079241243,20.766945792015445,18.4100224179283,-0.22477016130380342,-0.03378782037313796,-0.026984102963453632,50.678126106049895,-20.28209173018184,-0.26974661223897156,-1.1673484249277033,0.440474049523266,-0.023354065855012
174.43912112884522,3.3337628444217717,20.757257078952716,18.401262017963273,-0.22220986925847155,-0.03272221777977538,-0.02635173688024985,50.38660017041694,-20.233809442579055,-0.27714405750742976,-1.1975568203011226,0.4736424245888724,-0.02398294196930971
174.8388241475533,3.3263896810185964,20.685323433616933,18.4043876841127,-0.2192503757010485,-0.0353062196207989,-0.02185902573486103,49.844285497623936,-20.006022360279477,-0.29914982961391406,-1.237239608887605,0.576113587322538,-0.02576354608641655
175.0,3.362295910999486,20.638537046881588,18.77064975551981,-0.21535655779721893,-0.03735716778288709,-0.0036029452568467762,49.69087277505354,-19.921508157476374,0.10299763172443166,-1.2377341707459335,0.61405743139659,-0.0011556341025867368
175.03866925718512,3.3585287621625493,20.721349007108348,18.740519309520476,-0.21303490714724016,-0.030543789398762372,-0.008727439629227554,49.58224246344621,-20.01604605081132,0.11333306278502962,-1.2637953138120839,0.580389955418244,-0.00033561014221676936
175.63817926372082,3.2661702402387944,20.64457827441468,18.75158229380288,-0.21259971837420752,-0.03432991795434081,-0.004891419964363046,48.82570032949103,-19.55582872758258,0.10430161177497248,-1.2908256507945448,0.7477220420244349,-0.0006425839297703028
175.83800758169767,3.287496906785441,20.61910411196804,18.75232195194894,-0.2095142539849249,-0.03401091056302477,-0.003008246857725126,48.485523781055555,-19.44689944978117,0.0978772960749808,-1.3275619304354855,0.77990543406132,-0.0014031382922243718
176.0,3.5900573684237065,20.74315067867459,18.544784219000427,-0.19019000312340117,-0.01958993154088781,-0.01597227610704257,48.131232861420344,-18.619764950335906,0.03875706613177415,-1.3710075916920466,0.9428374895693288,-0.0017418966133410626
176.03783177481873,3.4792272765462977,20.821492951645517,18.53626285439741,-0.193670820257918,-0.01619692150432722,-0.020394105076019003,48.12042281934808,-18.60121575331405,0.050003784979599154,-1.3587958763777526,0.9481655308894021,-0.0003205896239601516
176.23765187680164,3.585056234834732,20.652919975513743,18.548864850019164,-0.19039963154690925,-0.02507445151329303,-0.012495731911439264,47.83487316719044,-18.305417744512393,0.030774156821688985,-1.3716174924245916,1.0319822032977957,-0.0020797543958984443
176.6372799534444,3.4384667934136988,20.764545555811658,18.55560997614836,-0.19031994633064725,-0.01787236565022486,-0.014590528627064968,47.21650290785958,-17.990380383629113,0.03446945558294182,-1.4155838944014842,1.0953805329468562,-0.0013954645166337101
176.83708800675223,3.3506258173551045,20.788261309122777,18.550565851280755,-0.1923745659261311,-0.017153030486997373,-0.01639672637570437,46.97865970238345,-17.754583843096693,0.03965854380687841,-1.4110740521533855,1.1499680795247194,-0.0007848281883902763
177.0,2.705931401491274,20.636604156157663,18.44279325163335,-0.22792933663815035,-0.036386286972207194,-0.021954700071847258,46.373250268995896,-18.14970280850004,-0.20516604140084038,-1.4768814544358504,1.0995804171280972,-0.016776463229319492
177.0368921262102,2.9693742141230084,20.477144527662002,18.447756558280098,-0.21730162486439633,-0.04121064789824067,-0.013018988729239102,46.17161383619586,-18.133568172108735,-0.230219251955251,-1.5318407132888605,1.094176049403204,-0.020101292269986068
177.43648874543294,2.665755649299242,20.670697650642555,18.45163940889274,-0.22295915632997618,-0.03144100215397144,-0.02006192111003701,45.596475971703335,-17.765753404779634,-0.2195766379884176,-1.5441726201196733,1.1618871368418136,-0.017648692499005754
177.63628134168064,2.6502236978455653,20.70333895817601,18.443127566181637,-0.22005497129384294,-0.0275695949017174,-0.020733276725647138,45.19567280247765,-17.632674060170178,-0.22347459524667793,-1.588249285292818,1.1717982408303609,-0.017993833523476548
178.0,2.4939552150387634,20.7972828140085,18.307772465555242,-0.2214772278632919,-0.02225271772675924,-0.030249911712599893,44.344883674456774,-16.90399745407218,-0.32372328350960733,-1.6636148978808272,1.310291679312041,-0.021431758454677284
178.23563690230202,2.386713035525208,20.82870426168244,18.30466417487908,-0.22344539204002042,-0.02107614455312079,-0.03152000794618837,43.97715591145594,-16.58539640907822,-0.32504516158319097,-1.669918359131371,1.3663978144140119,-0.02095024367490692
178.43541486633316,2.162257979963364,20.952459364779838,18.310069931406094,-0.229688492456614,-0.016657421322506128,-0.03604978404942623,43.73032195811659,-16.306277429789596,-0.3158961313394223,-1.6527938650163065,1.4156284384383662,-0.019410356449726815
178.63518931767226,2.059256341022293,21.04416263838033,18.312790079263586,-0.2297662729605184,-0.011266036874891847,-0.03769389076224606,43.3558301387871,-16.105650170143385,-0.3163652129459679,-1.6805216475120048,1.4321488210115199,-0.019100732878081124
179.0,2.146358311042637,20.790532666553496,18.359683098142156,-0.22793542094115157,-0.0233823185225375,-0.026778500553161638,43.339503557325436,-16.23769937721064,-0.3537490281543907,-1.5838942956276174,1.3806319448794337,-0.02550261574778071
179.03472793441682,2.1741464160123707,20.764170484754867,18.357773029316803,-0.22666260938580798,-0.024287187287035817,-0.02571523865857436,43.26910026608125,-16.188798045136785,-0.3575174900229614,-1.5909754074682665,1.3875032794154953,-0.025784000312094973
179.23449223127895,2.286459379227023,20.551534985499572,18.336138589768304,-0.22432772524233513,-0.03496786847947747,-0.020776247803012102,42.97428164729275,-15.785016071617317,-0.37431928245041024,-1.5892376636460153,1.4702635657389231,-0.02715200764641509
179.43425327834038,2.389445595958427,20.346113302115743,18.296319430957276,-0.22269030889740257,-0.04494530524196316,-0.01861266959456732,42.704166986343346,-15.36578616623062,-0.3847966484863508,-1.578977297162951,1.5527582244802995,-0.02733297047919591
179.63401114666473,2.7831265428342697,19.904515460486095,18.21522718315368,-0.21201273109781718,-0.06350569211882715,-0.011243847137419626,42.329826684043155,-14.893357945886011,-0.4114834225410249,-1.6023450272936555,1.6432088047814168,-0.029826056293874095
179.8337659094286,2.6373002061559614,20.049462626833343,18.27552032794338,-0.2115829957709933,-0.05563249908999157,-0.008237752003960704,41.89299393607112,-14.678882161340514,-0.42591182093895025,-1.6507868212261345,1.6469255922715866,-0.03156354172964391
180.0,2.74927746987336,19.89451434919883,18.48241257086339,-0.2074584798864136,-0.06182059227868852,0.004584013226553548,41.78043835321286,-14.56488979283043,-0.1988123716714663,-1.6275004731589238,1.649152681295164,-0.018329013856097517
180.03351764190907,2.5625658971316825,20.07660403471784,18.521792013568472,-0.21149399711342626,-0.053970975633871085,0.0024064932738758977,41.735940098025544,-14.561592704874636,-0.19310971872207003,-1.6267696515669816,1.6387417791403218,-0.017721099571429727
180.23326642147094,2.7055606066369613,19.90082875916322,18.491320790413294,-0.20624716675743116,-0.06042388869088109,0.005486426966118119,41.36586177703885,-14.19910750982505,-0.20567453637917726,-1.6498188001365044,1.6873466977943237,-0.018583940831059426
180.43301232755348,2.2777400200820637,20.23757243325442,18.5685115644189,-0.21689564201775174,-0.046864682746655215,0.0002756718319440058,41.1248757824575,-13.92863016653636,-0.19311783763586102,-1.6303323987654927,1.7073822643516563,-0.016372568419484316
181.0,2.440852583430268,20.46400422552972,18.64422074278197,-0.1936519639176273,-0.028190762973587618,0.005017065153154902,40.67470106876163,-12.694451717082433,-0.15210014233232497,-1.5716872627385248,1.846640691060413,-0.014276528035186652
181.03223363014817,2.3994741378896913,20.56369935670202,18.6907212160585,-0.19131190401189005,-0.022669115110350545,0.00834854830729113,40.53865508064774,-12.706697627604942,-0.1611052146102979,-1.6054605113341742,1.8252004761872371,-0.01566690410681474
181.23196887771428,2.3723738309831783,20.541027455521444,18.686250469115198,-0.19137694258036128,-0.023586294641731155,0.008142877702779905,40.22640459678794,-12.327054050502262,-0.16368537984599216,-1.6085755577517236,1.8661459272977254,-0.015532932989591311
181.63143212747968,2.850155288903906,20.041971165818854,18.57391304882931,-0.17514624831688194,-0.041822547908233684,0.01543434792437029,39.4060100342946,-11.478473093590678,-0.1934082595801077,-1.6769619838533651,1.9632302288078105,-0.018511459087346728
181.8311603148306,2.6457057554524717,20.206815807995454,18.632535779808332,-0.1787281511115738,-0.03480205095324237,0.015413582489723701,39.06941562436712,-11.146971786117328,-0.19612572424751287,-1.6867746997669832,1.979476737405292,-0.01874153156640269
182.0,2.4517229132513774,19.785136890845486,18.66926426885426,-0.20059037999596316,-0.060068816692886814,0.016228251533878073,38.24788126216442,-11.04424942641358,-0.05082148813841644,-1.781870841265871,1.9827441747071088,-0.008750843156416326
182.03088633719972,2.38332321158278,19.87181285025808,18.697682358097488,-0.2008880425680053,-0.055844844532348656,0.016726422647792318,38.16656256505429,-11.026927630656225,-0.05228253340868246,-1.7940894472779907,1.9718789102736336,-0.009149021223572034
182.23061029204612,2.646711352905672,19.481966218647827,18.58387059677083,-0.19712429552546368,-0.07306544485566675,0.015831916628538716,37.882855956697576,-10.451493364612254,-0.05243829154372081,-1.7714154816210765,2.0702239641440436,-0.008194835093811807
182.4303322787526,2.06815921867837,19.92427667693192,18.721279095524377,-0.2133609780333869,-0.05747195225888743,0.011560749937473264,37.696271820361645,-10.066665528228715,-0.03763203035917113,-1.7236966361074084,2.1002899233362364,-0.005662026207426957
182.8297707547942,2.3557483940197046,19.486635700052062,18.549977407381824,-0.20813998669607944,-0.07449979530276007,0.005366806869518251,37.122422451303564,-9.026762029597736,-0.02516294685102622,-1.6921614735493957,2.2322276996881882,-0.0029368636841643767
183.0,2.9028787565020338,18.57471236558532,18.670588263931123,-0.2046728341700658,-0.11269549585287517,0.021918533077294064,37.11544105916521,-9.379009370690836,0.2949026857622839,-1.6330433166939224,2.1259578664183003,0.013598930858030654
183.0294874523595,2.690414601837529,18.781579730872522,18.751189917830303,-0.20892046079094653,-0.10469895758363242,0.023275183137271685,37.06581685162492,-9.360935287295781,0.29380810861509526,-1.6360461424503088,2.115031386571389,0.01337634805546811
183.42891630108215,2.674949513707981,18.62536696707496,18.687480294275645,-0.2106556240738677,-0.10979181320125962,0.01739006012253508,36.51986924113436,-8.437809047185723,0.3139029223564166,-1.6032334793421608,2.2030906559158656,0.015891354311773305
183.62862867153308,2.5348019833150452,18.648476382143873,18.66349504647091,-0.21703572026865367,-0.10868087903149176,0.009950482836958874,36.363001157240824,-7.970282827714638,0.33730142858788015,-1.5494573454819913,2.2455887271132107,0.0189217940637624
183.82833982191158,2.316613295207686,18.824445653434253,18.786834310656765,-0.21794748135706235,-0.10150982449495898,0.01803639507442282,35.933954574776706,-7.58026174649822,0.32149099327522607,-1.5917919060532206,2.2549638217702315,0.016385500330926533
184.0,2.754006472033351,18.363619557854644,18.721727405135777,-0.20620375897039755,-0.11671821646142934,0.02347786624161311,36.11960137126151,-7.63395474521535,0.324377991942872,-1.5053148280721842,2.1911951893332327,0.0140752064994767
184.0280498663421,2.3588630393229506,18.768365981051577,18.90016221051023,-0.21329034382796622,-0.10127238133766141,0.028878905770059707,36.04664773608169,-7.668639866917861,0.31513194724798477,-1.5211618389419854,2.1592171961472224,0.01258727324101568
184.4274671025995,2.7096637247209534,18.28475793590576,18.72370963949998,-0.20428117881175495,-0.11828455360698426,0.02431554987505527,35.45142608056761,-6.6581309775888435,0.32858441813882705,-1.5102973993141522,2.259913661387341,0.014415183947702696
184.82688132795,2.643865944825798,18.24812917007595,18.762332184699563,-0.2015085034210018,-0.11753287866581245,0.028789189026688103,34.74494901779889,-5.774246629377757,0.3223319113990847,-1.5447260991228184,2.301370494631633,0.013605554176943478
185.0,2.8777282028237425,17.454060973694315,18.36273830850384,-0.213705252523791,-0.15154361078742362,0.013358359420349113,34.21233024943737,-5.84823668866779,0.161869250352377,-1.5810144901642327,2.2444607658188303,0.003885406176177242
185.02658761505438,2.8878806408267073,17.444997490792495,18.3650504820879,-0.21269222842731844,-0.1515023419699935,0.014187964881387266,34.15140552058443,-5.795605678365497,0.15973755400267897,-1.58831537229231,2.244442872620165,0.0037013486899537796
185.2262935169456,2.328420173216778,17.89953827786942,18.57980271570539,-0.22554512490792353,-0.1342583304053915,0.01823195626496256,33.886880703412,-5.44275773007568,0.15531473701906554,-1.575715863705097,2.231873962285259,0.0030296799134575687
186.0,2.4731607227956065,17.49877815259767,18.658643438925097,-0.21749818886022332,-0.1439046532261251,0.025348059607320596,32.8563651144914,-3.8998249115567916,0.33127209518457584,-1.5394426262413234,2.2660398202457337,0.012828781724209547
186.02511581334173,2.0875702048354348,17.93737914601399,18.888274047007837,-0.22201207962932926,-0.12582473937219324,0.036245066063346806,32.71098354178618,-4.0139970561942055,0.30779959773270366,-1.587363461363043,2.201001462491331,0.009391074459661034
186.22482170824776,1.913781555414688,18.0305801504029,18.946515793573916,-0.22560940885322542,-0.12151522024181084,0.03685113118663921,32.4170538452458,-3.602210552540795,0.3092915991756225,-1.5811497217221613,2.205589786407217,0.00939063357626606
186.624234811485,1.7926741343851453,18.061395898848982,19.0058899828034,-0.2239452128426732,-0.116333380176618,0.04067839440472809,31.686666362081223,-2.8388145758454515,0.30152741859066956,-1.6200075973213528,2.189660047262065,0.007460792214615624
186.82394229061293,1.375409738086252,18.348253990530186,19.15649463315898,-0.23566603714928913,-0.10636860863707276,0.04174565924635957,31.505408316007077,-2.44387801427376,0.3043451795407984,-1.5776112198763557,2.1874449420577124,0.007831484444104185
187.0,1.795263231219733,18.00791118064407,19.18828024245392,-0.22017677215225973,-0.11505089718303904,0.04982208824717136,31.620555868462368,-2.332890808380149,0.42925996159219354,-1.5059170583479546,2.1390288911659336,0.013484003782697882
187.22335979048486,1.8266523839569426,17.941968859089705,19.184380724039563,-0.21637899852842984,-0.11524801435646148,0.051278559786337226,31.219775888634302,-1.8879371402655225,0.4272143544658447,-1.5283014524587366,2.1358208988333773,0.012669885297671272
187.42307008946466,1.6233575853592908,18.025199905955603,19.243237948132073,-0.22259578175989747,-0.113065172815781,0.050347630413581236,31.009005527975113,-1.4283160533779038,0.43464647707995024,-1.494419841716852,2.155484797530388,0.01386532449866634
187.8224944892938,1.6796890758905008,17.85646648098715,19.201058962661175,-0.21805775324571472,-0.11746645293879464,0.04927217468888866,30.364724291736675,-0.5236435054174471,0.44185071848016755,-1.5035293758053425,2.1829759555002357,0.014567166981826231
188.0,1.5168717497640463,18.170704608481902,19.315991670347703,-0.21254690458049966,-0.10376947196219972,0.054886423897616485,30.33886412666269,-0.002507219788406928,0.3645175986640867,-1.4628850917884684,2.208088913863683,0.008804957730929385
188.22192490795675,1.6713920617893756,17.89530341455054,19.167417380931486,-0.2113859228078304,-0.11535542753934165,0.04462403453222297,30.134690011650576,0.6559056940629295,0.391228766891435,-1.4068840759791756,2.280442183788465,0.012650357308976786
188.42164273357878,1.3160049889433243,18.201570414451936,19.41913696501503,-0.2141152649892934,-0.10346313315356943,0.060538336637744015,29.690914014719855,0.9792941916799638,0.3565094333770038,-1.4690308075852252,2.234804383713477,0.007758267789738842
188.62136249635216,1.0811025869191488,18.33258839667744,19.515807757448076,-0.22041006642152142,-0.09868239175266968,0.06216971219496868,29.46844523522892,1.399682521670257,0.35607116554528123,-1.4445907045590458,2.229760392254842,0.007735728302675003
188.821084341651,1.0437656803360205,18.305348524084646,19.522745020233288,-0.22034941024113502,-0.09905674801014168,0.06177683987493653,29.185696119307483,1.8535267716991874,0.35867783462913844,-1.438528506021504,2.23645803910069,0.008008002460907233
189.0,1.4411220836798972,17.099804617612765,18.67204976766868,-0.24161433709496194,-0.146862080334224,0.020729911071683975,28.26452939715539,1.6129980264403327,0.09883733330627947,-1.532449657469315,2.141457643629761,-0.005545871416244846
189.0208084152201,1.1921311352103157,17.29028558299513,18.786444704188106,-0.24939363368768938,-0.14054048018366247,0.0236443474665717,28.292286917516563,1.6209786626247549,0.09443803772248463,-1.5135312755628652,2.1257340579715405,-0.005917660155320899
189.42026383113424,1.3336554129871194,17.08353151962621,18.715624772513063,-0.2390416186678894,-0.14345244080688227,0.025226494863726846,27.510388615758426,2.4250896978458933,0.08412361637553574,-1.5727497791851117,2.108757239667629,-0.0076803840051425445
189.6199954654756,1.5909260379744214,16.837664784718385,18.581097321614646,-0.22833125776953306,-0.14887103317755454,0.02254385638019256,27.049459731052764,2.8365112987494183,0.08505157740011571,-1.6209926435087147,2.10521412895922,-0.007793904899854327
189.81972991172714,1.6561288876819884,16.70570560497092,18.51045986544564,-0.22546912872913205,-0.15426828948381338,0.0180133700469041,26.743770512431876,3.3810367090203846,0.09553268808569704,-1.6085774900541931,2.1475527781074644,-0.0066152073124334035
190.0,1.0049013093838945,16.991832323374812,18.37604567161192,-0.2501294943475213,-0.14822555110718727,0.0033582970592464408,25.994931958702725,3.998447155769716,-0.2086142549506135,-1.689083842305026,2.1966088537746082,-0.024095777155473588
190.01946731508062,1.0006573925331606,16.949197391253648,18.340402547918444,-0.25243907868500615,-0.15173073513342428,-0.0011642699949875922,26.043161636590668,4.122461401338142,-0.1973940256143091,-1.6534193069129817,2.22990870314781,-0.02236981594449488
190.2192078200331,1.092255750105381,16.825395425411752,18.275784074806303,-0.24707534067577516,-0.15381889480930916,-0.0022653786920040393,25.64393963055933,4.5582040481477675,-0.2012743110478616,-1.678355170398501,2.226806537005702,-0.022747404276701872
190.41895157015338,1.2204884115518806,16.664611056974014,18.17316294250088,-0.24170830484037148,-0.15750496646843862,-0.006476249439096816,25.269486756290508,5.024008603899295,-0.19757233610947167,-1.6896276598847042,2.2362603597224933,-0.022109404459689255
190.618698707831,1.2113797826464765,16.61348047863879,18.1640012395865,-0.23945020225141095,-0.1572807144503203,-0.005078480785197877,24.868459341132375,5.436924051801727,-0.20653701358592153,-1.7143445518784302,2.222000316616437,-0.02249175962406951
191.0,2.1258203508912894,16.27637082789896,17.969122546288222,-0.18943940019542554,-0.1567250026681187,0.0045286493541895605,25.42663865294179,5.913036052194034,-0.39207750744051884,-1.5056870752784792,2.132353496588624,-0.03765196729219506
191.01820370787658,1.6486217746008371,16.556535147544487,18.18668872666061,-0.20899656799712807,-0.151627843632074,0.007668822253485585,25.66187580250445,6.010126154537755,-0.3931328212220027,-1.4042001338720735,2.15044103920446,-0.0371628361133996
191.21796184659473,1.4499306737351079,16.645915023812247,18.302432130323304,-0.21246176678576906,-0.147692531868713,0.01466200589849548,25.362084480353676,6.391344697173081,-0.4158847838406143,-1.4098302117921984,2.122722903672449,-0.039460694320242524
191.41772392493047,1.175644194857627,16.762025798360934,18.41881818594766,-0.22286917557435076,-0.1436615178283033,0.016597361304408732,25.260069818545222,6.8024626352781965,-0.4254294931888437,-1.3397720246826648,2.10957851379066,-0.039788883936673264
191.61749007492432,1.3259308659437674,16.606426227660847,18.3167556847636,-0.2138835970598051,-0.1483646729077373,0.013600402653307312,24.831062477008505,7.283219096040526,-0.42795313168935867,-1.3853224541309765,2.1263343537832924,-0.03961653281708604
192.0,1.799254250318295,15.866490535362722,17.863468709558152,-0.209282584585623,-0.1712264740012815,-0.004207695208930159,24.28720957837881,7.594340703825136,-0.47621978247290075,-1.362465010605563,2.026343515255689,-0.04102896147155911
192.01703510215432,2.02259687819735,15.727833788291361,17.74344576030947,-0.19934774401553873,-0.17506702320532727,-0.007598393052929542,24.131846478974314,7.647806505644535,-0.4719009346953871,-1.4105435631022236,2.036410658229136,-0.040752969405374345
192.21681422638727,2.2867286241526434,15.538779368816925,17.61651051875559,-0.18319944333175964,-0.1766999174528206,-0.005935918368074848,23.532329736835212,7.972275285675498,-0.4892470573343326,-1.5285412161495957,1.9956649540306441,-0.04283112970757888
192.41659791543495,2.43947412886838,15.397204714952705,17.509312071914785,-0.17600147495198348,-0.17740573814824673,-0.008524064179515605,23.113367727232934,8.31154759702616,-0.4947389728257688,-1.5692377336686767,1.9645098341170453,-0.04273789977350337
193.0,1.8439389251678648,15.802442942510746,17.773343848778506,-0.1835706695919708,-0.1615186731296978,0.0009239504280809246,22.163639773085983,9.844413186527293,-0.6215453118884947,-1.5819321101273034,1.9950208437271768,-0.050402878908381715
193.2157804874501,1.9138177614448229,15.726155865708911,17.725645101915692,-0.17879450483215756,-0.159471185914218,0.0018750057901357796,21.729717452262815,10.177344549310458,-0.6370623064462885,-1.620048229439267,1.943768375326573,-0.05133117788003658
193.4155885755744,1.5191200029961245,15.877263205844415,17.945197181245835,-0.19214528099380912,-0.15881319890078033,0.008991612684526749,21.59983421539519,10.663432380371546,-0.6588401124243312,-1.5493845183570334,1.958218505304988,-0.05265541932225888
194.0,1.904936637391121,15.694112327366678,17.607872001052293,-0.16587468124319243,-0.15670961603436817,0.002440445935258307,21.344909368372956,11.654507986854686,-1.0453226884258342,-1.4317541377155065,1.8829086412281837,-0.07721695504067455
194.2148731407605,2.2100220696641872,15.488072125023876,17.391659860128975,-0.15038745489382255,-0.16160685372935024,-0.007470535623166429,20.81330553360643,12.11017547151248,-1.0429304295818678,-1.505346583009814,1.8939872135603266,-0.07576598316197725
194.4147076415239,2.3839329436633294,15.335434861119168,17.224916880637796,-0.14313833583381427,-0.16651853252497714,-0.018717279816178108,20.45199701079448,12.595646842183623,-1.0328847591615276,-1.5178351145662228,1.9265192349087217,-0.07329949501600991
194.61454757726906,2.3016545194234124,15.344412878661567,17.290683842614254,-0.14326218306475183,-0.16395211788334907,-0.011594578401988622,20.084330647331807,12.890650383817563,-1.0652725144106887,-1.543160566754595,1.8732601308804537,-0.07607768670012563
194.81439297673265,2.524862165519334,15.19293980620882,17.106269116826915,-0.13303974286496625,-0.16574600906896386,-0.02069037151619555,19.5962537946014,13.263452446942614,-1.0609166317655696,-1.6011876554449385,1.8637692697702646,-0.07449641290952974
195.0,4.0348539214946735,13.724058448359651,16.017744414311895,-0.10689280084983938,-0.21114700499579198,-0.0637290745375014,19.532692701252163,12.252966198750757,-0.8955628345644224,-1.5247573940670887,1.6197741584066778,-0.06015841761447629
195.01424385840124,4.3388308465066014,13.592589380283844,15.801350085439372,-0.09504323697000455,-0.21188649274380916,-0.07437512835676077,19.377193094471224,12.251467768802963,-0.8759658752007375,-1.5740890392729894,1.6196558780749404,-0.05788788242488788
195.41396208912477,4.27015250818963,13.511975979445866,15.778846788146506,-0.09622353610887593,-0.21380494389936297,-0.07657451831629852,18.773055259296505,12.96123238701265,-0.8930302790309411,-1.5618283790669067,1.603906354060945,-0.05765979888664313
196.0,4.194126185019058,13.198426398373838,15.68502679565843,-0.10586108648904347,-0.22303479506447563,-0.08171443516587179,17.634774980928718,13.687833032195886,-0.7985292854337207,-1.5870662449435358,1.5077128311282686,-0.04892550724721186
196.01358039201023,4.443869990160543,13.082306281378392,15.445116670874686,-0.09578733561177552,-0.22771000730676363,-0.10153870612894292,17.500545961427285,13.825761569796947,-0.756104572396876,-1.6243352903638064,1.574735802903102,-0.04368625287801375
196.21346394596787,4.291454368634121,13.093587204823871,15.564696158163171,-0.09912933391891013,-0.22651973392834715,-0.09010903193532964,17.180993415008675,14.093210965986636,-0.7903439964424779,-1.625605075658579,1.52388793405885,-0.04644344486163752
196.4133528033819,4.027245739711052,13.12307416535975,15.7469601733069,-0.10990525677011563,-0.2276702473124646,-0.07890582523377865,17.041118890896183,14.445887508200023,-0.8237451449719263,-1.5557761924209095,1.5086427576299133,-0.04979997769509234
196.61324689340032,4.002290303150817,13.07833002647092,15.735815433920193,-0.11033862240560316,-0.2274052692589652,-0.07815789308361236,16.744426589081105,14.735408831031627,-0.8356253371140671,-1.5474690611762796,1.480773752746729,-0.050198436504946806
197.0,4.377906805495603,13.483990867746009,16.121498057716153,-0.06581827310162633,-0.19585164532333124,-0.04835729059200289,16.90317250271336,15.855171675449085,-0.7436569543055161,-1.4465016822085683,1.5118421932295187,-0.04811091112025031
197.01305043227876,4.409016792151242,13.482807310835533,16.11790113039532,-0.06470109379833852,-0.19308224631950605,-0.04419283726892803,16.872662901056668,15.792522630703058,-0.7545502861208256,-1.4533584352729998,1.4715090655822578,-0.04956150365264215
197.21295968464077,4.314469362845426,13.450622559788412,16.16681983414477,-0.07677638521105515,-0.191291178972849,-0.038119744504949905,16.911400216889714,16.06623625097777,-0.7789672994357535,-1.3173014474422553,1.4349076544814734,-0.051712870332594175
197.4128737772871,4.329063968383209,13.402438559826532,16.12774161145706,-0.07814539101511597,-0.19023502702975376,-0.03934565496800241,16.720817565050616,16.33323695394724,-0.7870707464568678,-1.2798828063381087,1.4048669008803698,-0.051801543046861895
198.0,4.044747239990107,13.469416320284461,16.500486797658343,-0.08395342087488829,-0.1840523299119818,-0.022282034980039847,15.85820393994997,17.371084555332597,-0.5963411230324048,-1.2709810498664238,1.3628853228353293,-0.04026377323452558
198.01264381470816,4.027468978554584,13.466953096042898,16.50821923045714,-0.08463682257914745,-0.18499571438375553,-0.02313988111489192,15.850950127886394,17.415118806747795,-0.5946525575943682,-1.2659648334238522,1.3735394506577356,-0.03999905066600616
198.21257594199304,3.997468793625566,13.428673799581656,16.50524308880412,-0.08600265924594933,-0.185778572414174,-0.02452836856311776,15.63229775715916,17.719029935212454,-0.5993136030742022,-1.240394893434095,1.3625918496159561,-0.03974760950784523
198.4125122041634,3.990563974967686,13.395137724543721,16.51157670111127,-0.08314892705320595,-0.18478167806384393,-0.02108325444957193,15.295489299628848,17.927030930144984,-0.6154518919380766,-1.2649005318208324,1.3073899645718814,-0.04083017467473159
199.0,4.581865166597765,12.904145029353243,16.018889437663255,-0.06406574523625617,-0.19766797439143977,-0.04227179034948512,14.830525583639828,18.063421057590563,-0.5395984934294739,-1.1808853508715782,1.1310204830081032,-0.03258932867005082
199.01234412915898,4.49864371685825,12.900268847352004,16.10129430929492,-0.05841743373620857,-0.20508337728321002,-0.04613262770097986,14.597877950204388,18.221297578769146,-0.5289459580081304,-1.2696397056194646,1.1906499041982683,-0.031304975874359216
199.21229523267868,4.434567851351131,12.857643556186527,16.15205403430199,-0.0639611012133922,-0.2050440264668937,-0.03932764997042994,14.4928498786997,18.44881401660174,-0.5513055286911305,-1.1998759191941404,1.1535845400472573,-0.03344561975555758
199.41224959728936,4.489089964800339,12.823908063576159,16.103656537791693,-0.0599552645401963,-0.20112634679249353,-0.03636962620000678,14.169961101643015,18.540296571905362,-0.5656910235592529,-1.2232570252148667,1.0671722570505726,-0.03467341748956791
199.6122070361015,4.57424125302944,12.77801173311742,16.013449433822267,-0.06155781279229536,-0.19613704801567355,-0.03407199421400598,14.086886073840523,18.620362730766317,-0.5804904186628155,-1.1509057886399345,0.9866437199333923,-0.035838699845075296
199.81216735997972,4.641976624344479,12.73573045537695,15.925630500294789,-0.06114549529903659,-0.1930427451196634,-0.035881711603082685,13.920455284781847,18.740244666011307,-0.5845186994286047,-1.1148025221789255,0.9296800833768304,-0.03564917983221592
200.0,4.480652730227337,12.630259851168553,15.65720736756126,-0.07162430042368874,-0.19909331755076629,-0.04962899641588561,13.581569382342213,18.858038734074697,-0.9029890784325503,-1.1183570046414353,0.8948336515446029,-0.054588242473717324
200.01213037830144,4.470416789118687,12.632625558906907,15.683940092290246,-0.0678694048586078,-0.19984574694143686,-0.04900834343617896,13.449632402506428,18.86265636368186,-0.9043108683027823,-1.1689410069156858,0.8882543884762626,-0.05471554848840775
200.2120958996982,4.373916993767723,12.581556275272142,15.762570334847807,-0.06878041690888338,-0.2042949320956469,-0.04749773831652713,13.183741335810732,19.125213646061706,-0.9177017946944119,-1.1706440097560562,0.8872065672943669,-0.055485360078781895
200.812005572388,4.208907366347199,12.451073325321868,15.852795213063136,-0.06926121767390338,-0.20995802090809548,-0.04827806105600659,12.353994703809361,19.785306688694746,-0.9472628287035241,-1.1898478054773172,0.8473468893748435,-0.05589108799038035
201.0,3.974363250169752,12.379470922860492,15.813903651028482,-0.08301004036484455,-0.21408566580515606,-0.051651536389025345,11.932354763793827,19.939291158909544,-1.0583532434433631,-1.2055318839150893,0.8179831162072582,-0.06235335530634248
201.0119792020863,3.9714311588818347,12.373260705071544,15.8072893546598,-0.08234105565098472,-0.21503154436479063,-0.05442199252129318,11.88516405563794,19.97993089622105,-1.0527569143134226,-1.2207698183169322,0.8330269145610257,-0.061564721142001996
201.21195439101373,3.9522597381810214,12.328065795220713,15.792862658348655,-0.08224930624842142,-0.2155961360000448,-0.05611146924239654,11.628316997562534,20.165898387913067,-1.0611796781776635,-1.2184517013621776,0.8139000958089689,-0.061407386414294544
201.41193095739442,3.969764247934953,12.29687847407593,15.733540350413547,-0.08017665685682725,-0.21373170891035645,-0.0596224963684197,11.319997518459088,20.296324760928687,-1.065234107332317,-1.2385471296291983,0.7765606374444622,-0.060984192326343285
201.61190872308092,3.981821446200069,12.263607547033955,15.690859024655175,-0.07892088542125102,-0.21184455704613223,-0.05983359573041991,11.051997817333215,20.393663542490415,-1.0770058194660495,-1.2385187601158567,0.7244998687388321,-0.06131250803835094
202.0,5.093835005013753,11.870580595937556,14.85706398554315,-0.0264735621875742,-0.22380183201894988,-0.09769900295500247,11.32504916065908,19.81114131233031,-0.9752712935288521,-1.1115576213434475,0.5465606608891844,-0.049374884541728184
202.01186716076137,5.063213858906989,11.850633039055662,14.889232686072758,-0.02760708048823902,-0.2263541490282984,-0.09759025865731726,11.321045540932824,19.86927706623046,-0.9760416757356658,-1.1071778139040382,0.5667293560511676,-0.049409387072484386
202.21184749872424,5.073580705567295,11.815937597395918,14.860264660949838,-0.02751506674511732,-0.22462048035893653,-0.09506596485459659,11.132159374851444,19.92530239117814,-0.9917537878206877,-1.0799189096627269,0.5080675240008128,-0.05033606551393645
202.41182836869788,5.068579225342705,11.772163576874146,14.83891974026493,-0.027034036495591943,-0.2245115939527171,-0.09570893870636,10.893351392375713,20.022175808332882,-1.0002172838147896,-1.0790620396871693,0.47543355468698917,-0.05034344029432806
202.6118096171028,5.10268671094855,11.755908108656968,14.74591818079536,-0.022978376116046327,-0.22062759506245802,-0.10171117308252262,10.50094359519897,20.03007918789142,-0.995014399066401,-1.147086601721207,0.4165923304740901,-0.048614112249534845
202.81179109629804,5.113971849521947,11.714668655113327,14.725953615184961,-0.022788470507163275,-0.21979074748264266,-0.09795852553266654,10.331471074338676,20.05081726481932,-1.0140670044638287,-1.1095790111868569,0.3538093869823517,-0.04993051749020855
203.0,4.947709287225645,11.857883081021964,14.970060489335914,-0.02555823964458806,-0.20716340569007158,-0.082007411505276,10.085655670955205,20.51173666349454,-1.0886673306352246,-1.11421131611122,0.37451254539258,-0.05683041566215826
203.0117726648427,5.01206690054996,11.900036724469716,14.871100406602107,-0.022659682646006016,-0.20167646011609766,-0.08709554885826815,10.010770436002515,20.4350322597714,-1.0779476907256467,-1.1453811849331854,0.34425293129938483,-0.055361156590609445
203.21175418772594,5.064254916870931,11.898861106231202,14.765275004856719,-0.021356887829823736,-0.1968734650609729,-0.09020952440952151,9.780145610026215,20.421087569794032,-1.0820890998455095,-1.138424515718421,0.2792678256385197,-0.054889694929341454
203.4117355365681,5.079063654524654,11.86827332225044,14.733626084712698,-0.022313696925947216,-0.19574709799468076,-0.08729740517932787,9.64459028834347,20.438433961832633,-1.1003694015289667,-1.084393019401735,0.22465835461034223,-0.056073866117249196
203.61171658979535,5.00053863708473,11.786240308257792,14.8282182010115,-0.02229344504000345,-0.2007197355826515,-0.0845241013263265,9.342949909808693,20.557543546508995,-1.117354215268823,-1.1111675909267325,0.2143738191543566,-0.05719673973072476
203.81169723278896,4.98692489752391,11.731560100066044,14.850157657363301,-0.023657616097001916,-0.20252850978234493,-0.08042871210375875,9.210294664002907,20.63192829309082,-1.1396383373585985,-1.0596871006453685,0.18750588679294353,-0.05874710159598132
204.0,5.046105431042452,11.485819852138851,14.36451042115508,-0.02385275035579876,-0.21855590979451558,-0.10576568472990808,9.024686591174145,20.337149402304227,-1.456031015165391,-1.0414549336185643,0.11649376198476288,-0.0761083564861757
204.01167735801283,5.102176113077573,11.537812405832025,14.263977220219397,-0.0219372214622274,-0.21251513853022377,-0.10976750490941556,8.988984147572303,20.24280558707887,-1.4476826078573872,-1.0535430822589713,0.07667015955326742,-0.0748771223821597
204.4116356610405,5.080580578681548,11.440332279866714,14.245808950203818,-0.022363461085421688,-0.21386470801017302,-0.10851259530465993,8.580067320021868,20.282189108524378,-1.480914870738442,-1.0258774614721144,0.010212164345380928,-0.0763142005300168
204.61161366005442,5.083975030590745,11.405512981969313,14.207314959276383,-0.022048952179949295,-0.21300175864362922,-0.10936848777369705,8.368971460071398,20.262954381683606,-1.4939907606007476,-1.017306714978254,-0.0330242337719557,-0.07628484666369127
204.81159078384826,5.106884100200609,11.380164121455989,14.147519293338513,-0.022937356542922574,-0.21151952646858976,-0.10933445129815349,8.24665268922251,20.244758516554832,-1.5103830716937945,-0.9694226775107222,-0.07206481192647776,-0.0764483259886976
205.0,5.291446458328845,11.615506099799967,14.45888803551216,-0.008927132959834628,-0.1887803945022092,-0.08885108434265332,8.268808051005772,20.53575241280426,-1.212455469878046,-0.9367493445697627,-0.06986804867895088,-0.05876799917224205
205.01156696156025,5.3085461552130395,11.633981334306023,14.41829345782354,-0.009571902333138762,-0.18687625615987374,-0.0900187099858604,8.287195753647982,20.518504497796346,-1.2109275211466304,-0.9217761275757654,-0.07730086545023156,-0.05847984217482799
205.21154212981403,5.302114088009807,11.592165606528253,14.410665303278472,-0.009126210085523426,-0.1872111564175104,-0.0898097229905128,8.087501929431982,20.496691579615877,-1.222794987690121,-0.9151263991522206,-0.11526326198603012,-0.05858253903673851
205.41151623274285,5.335694069772119,11.5929020899812,14.316859942192135,-0.010380365941307947,-0.18392992290788956,-0.09193398119626896,7.977466629238788,20.446057764173155,-1.2306351315898794,-0.8679686423583777,-0.1573934444804397,-0.05822210838233383
205.61148922200587,5.295171433383482,11.521093188036536,14.374499324438943,-0.007845623316308586,-0.18640089042934402,-0.09004227478646934,7.687961132045019,20.380404627687508,-1.2442312378359972,-0.9040757654277638,-0.21233864101823727,-0.058336048720086985
206.0,5.40148851472159,11.495329337920433,14.290329417707495,-0.0008592883494517771,-0.18258833651084452,-0.09140390853008085,7.449146367101506,20.30806268561884,-1.2760819385426598,-0.8648624863086645,-0.2785667876913507,-0.05947928760433568
206.0114317038512,5.383270791927887,11.462273023765128,14.340708928082346,0.0001760350032228965,-0.185213130276729,-0.09007813651372815,7.396561165621171,20.330576011381712,-1.2792409271428045,-0.8857533576687421,-0.27128758232352945,-0.059746470965894145
206.21140113743868,5.424948869378724,11.494887949937999,14.209008884219834,0.0006294643292262687,-0.178877565797422,-0.09510036736483808,7.233533341145407,20.17528979157863,-1.279092732827797,-0.8675263293035302,-0.34497894761549386,-0.05833315797096137
206.41136933936497,5.432471037947251,11.478574824853075,14.152782398904904,0.003418347091844354,-0.17653701037717165,-0.10012508693188536,6.941507289302008,20.045932579717764,-1.2768244301154121,-0.9156083098696728,-0.4026038410527203,-0.0564864979960147
206.61133629896077,5.4373044765859255,11.45300326071391,14.1100236306806,0.0037708284261735964,-0.17566823620221006,-0.10248094944787213,6.7252207802834985,19.962396070534894,-1.282338237156383,-0.923738693567493,-0.43682513760244657,-0.05608639669370564
206.81130201307192,5.451018835195817,11.437129360106258,14.054634326370204,0.0038285285616528712,-0.1740051692240855,-0.10386157133387397,6.557343077769156,19.83646913453052,-1.2899558115346634,-0.9065872939737208,-0.4859751218667604,-0.055742662007915514
207.0,5.674715928758252,11.132770420568407,13.66482853894144,0.018456881305990186,-0.19858366875420153,-0.12754224169430228,6.589720086622722,19.281574802561195,-1.4026101326273726,-0.8669021954148836,-0.5706500968175651,-0.05964619532223346
207.2112297297231,5.701581271160179,11.139057786371655,13.554692717989786,0.018830906927860575,-0.19449399220022143,-0.1325928491882048,6.391748232240087,19.110892490286712,-1.4031942337213286,-0.8677968862148808,-0.6243877476990272,-0.058021723578785066
207.41119176340874,5.646597761513298,10.97223398134426,13.750625969987626,0.01873145882316217,-0.20506035024708788,-0.12003767875428016,6.222286542445552,19.113060276953618,-1.445349029213896,-0.8470818695955558,-0.6168213240900642,-0.062313894400612566
207.81111231529434,5.637633250818438,10.861236692848255,13.751027254453023,0.01920793910817405,-0.20728581887285524,-0.11857826173807214,5.838402922618719,18.89665780994393,-1.473845894191705,-0.8488315559842954,-0.6697053911564566,-0.06322120916792491
208.0,5.229438376070591,10.878030893355932,14.08690211903753,-0.00840545756720179,-0.1996614458064116,-0.0988517981900838,5.262567801762137,19.01525999079632,-1.4335370449824796,-0.8912417319484648,-0.680617931683141,-0.06180572421823851
208.011070909299,5.218967132019997,10.865139186756021,14.118435943902115,-0.010095254734448398,-0.2005931187572893,-0.09466465743903196,5.325403453988271,18.997777430780303,-1.4440911318401808,-0.8460338393472087,-0.6899561779507732,-0.06303849462456448
208.2110284448749,5.215639965747462,10.821370573013636,14.10547344572995,-0.009598703468793005,-0.2007473852206056,-0.09482525738170462,5.141550539537292,18.852179854450732,-1.4558548728811362,-0.842584633931339,-0.7254490568097096,-0.0627818019569296
208.8108953011103,5.206949156599406,10.680250096652532,14.088935512355935,-0.010668741625459654,-0.20282778619044692,-0.09083365991340141,4.686385701891376,18.45584925988334,-1.5062684655772982,-0.7877390162083984,-0.7954534090149855,-0.06559048861668992
209.0,5.009657120410571,10.310162334753855,14.234444931213313,-0.02042285668419465,-0.2294236891217496,-0.0889950889153114,4.333838285602982,17.997694953156063,-1.4435747838255095,-0.7943382400258522,-0.8688525680805581,-0.06008753682775135
209.0108492395017,5.0185613444157315,10.355499948288635,14.174939753560704,-0.018403940988111586,-0.22468795136740652,-0.09450023137097319,4.283313262463451,17.876595473330426,-1.4281376751677999,-0.8168690124236152,-0.921284456835671,-0.05750856431671289
209.4107550971478,5.013141025258465,10.275236414802526,14.12745489142708,-0.019793048105589045,-0.22422964527114878,-0.09328097079942883,4.017822400917208,17.494625306889336,-1.4552702558068515,-0.7650713543567813,-0.9860091803185441,-0.058423363982163405
209.6107072084318,5.016507408344504,10.27217422317725,14.038149496677027,-0.01986864076970569,-0.22090965178836838,-0.09801679212423157,3.8692160423846826,17.230526005542593,-1.4539982102404418,-0.7537535079933063,-1.0428192197256845,-0.05667480438363718
209.8106589143532,4.997656463522486,10.121278067755377,14.217339527256431,-0.020213654064269178,-0.22937005956490003,-0.08307664760972815,3.755861188448768,17.183924187999605,-1.5072934577947577,-0.7134052741939312,-1.012819694131452,-0.06259349222957547
210.0,5.020707549670966,9.662519689204034,14.229302934304899,-0.012537933126149058,-0.2636078299269325,-0.08956791420851559,3.649506735258481,16.55822821897711,-1.5076481050802033,-0.691196603945981,-1.0954780922510239,-0.06036082857718422
210.21056157013808,5.013540843046443,9.59582082624423,14.233742119103315,-0.010310973081916858,-0.26330237685789165,-0.09103636659177355,3.4577144847600176,16.259371941470633,-1.5133837644268384,-0.6992315670116804,-1.1582706361244641,-0.05928453579434478
210.41051276666178,5.003973849715682,9.479838144387621,14.315395885420253,-0.007918055310260666,-0.26750453593633383,-0.08699109944495455,3.2466991499329887,16.06499911498962,-1.5339907885787993,-0.7198754792451793,-1.1753725814635263,-0.06066304076564239
210.81041556183925,5.004875227642705,9.415585088964393,14.203806830262852,-0.008741620680913088,-0.26428298279320017,-0.09176307746361582,3.0015022205527693,15.513936568583322,-1.545181353444595,-0.6805713758886088,-1.2599646751696523,-0.05980868410557312
211.0,5.162798488403375,9.529891448560154,13.908663997774733,0.0005389069385171204,-0.2524900755649023,-0.10252659718532546,3.051578274930915,15.39609332126753,-1.7265361733396918,-0.6518535219885491,-1.2661506938391562,-0.07044452734888972
211.01036744488854,5.163148070734251,9.521042652291216,13.916415699339058,0.0008626383550546901,-0.25291852046846053,-0.10221111559953114,3.036571422110488,15.387750698793422,-1.727921900772651,-0.6554840179803447,-1.26585630326208,-0.07049610172187325
211.21031985086313,5.161672163975671,9.536508046651411,13.787455179964255,-0.0011353307687742272,-0.24812536195504797,-0.1085601844035069,2.953861770405181,15.06675790795462,-1.7265176956526846,-0.6224302856489725,-1.3204931111027816,-0.06881671557554658
211.61022686185336,5.158937077636189,9.428615305905893,13.752959685859576,-0.00040300746753584894,-0.24853206696080174,-0.10917022577701407,2.67881051308751,14.527490044658387,-1.751907348173255,-0.6118258259705647,-1.378970700539132,-0.06876410582744838
211.8101817942933,5.165580661357237,9.378525276621135,13.74909887031069,-0.0012530195817798376,-0.2487485423262194,-0.10575590686776899,2.623818703665401,14.245584800945487,-1.775374559156771,-0.5634463329357163,-1.4053970966017257,-0.07017676123687332
212.0,5.329172214778081,9.480870252423475,13.42510330060212,0.008772832762775356,-0.238753921861779,-0.1184079273812937,2.7095392028734158,14.082997241417194,-1.9619201831753346,-0.5319449635742138,-1.410306654054247,-0.08105281217871295
212.0101379036979,5.330705918325564,9.480020585636856,13.429366737571918,0.007671688295933744,-0.239253286505627,-0.11586328664516556,2.7333756461334566,14.09413284000729,-1.97027655036322,-0.5137440352593076,-1.3980414689801264,-0.08217477436356463
212.41005435306317,5.331702946410262,9.33719385218867,13.453672509054458,0.010586433343255524,-0.2411633565940929,-0.11563285190198715,2.4644444292482213,13.492639205778179,-2.0003327419710084,-0.5160383406498029,-1.4658685932610385,-0.08185457882891328
212.61001505042486,5.342016814031105,9.224392368925292,13.564981261188962,0.013084453114340821,-0.24553635869430218,-0.10694449958042816,2.3007109666844405,13.25731805244448,-2.03888544286971,-0.5256481679638572,-1.466718302592119,-0.08544202564193824
212.8099776383455,5.342541422971836,9.205563204261399,13.481026822703729,0.011619789845845878,-0.24331400511550894,-0.11076320297939911,2.260490276270932,12.909650183872413,-2.0454495004359776,-0.4845888228037861,-1.509915074726818,-0.0842530039518421
213.0,5.356399619000341,9.386316469385978,13.431070015847787,0.009113180944679992,-0.22782311235142777,-0.10971140328464626,2.222670866690323,12.804331822576867,-1.9030321360737958,-0.4652721687932503,-1.5009717723926765,-0.0748307596646101
213.20990922033982,5.348350684955105,9.360668626072721,13.337068029123973,0.008827408413852236,-0.22562854871577442,-0.11736853453928812,2.1195227247373714,12.441381681514786,-1.8987438524429983,-0.45965159683816736,-1.5474834462227447,-0.07225190663333124
213.4098785824489,5.359552556892523,9.290369429525793,13.40048901862109,0.00905044838195767,-0.22738238367192926,-0.10919709473849745,2.0603963155636555,12.140650565278543,-1.933618310669508,-0.4226318756374298,-1.5604813081418323,-0.07547145862298534
213.60985056956935,5.371670274397567,9.205565427807711,13.474447239119451,0.011195301916528722,-0.23001844670191193,-0.10269906162986327,1.9203972002330756,11.864019893185633,-1.965302341403339,-0.42973464999106503,-1.5652825275263562,-0.0779819554395934
214.0,5.640378883593952,9.257936922759766,13.227896599718646,0.030173894298992785,-0.22312777474150775,-0.11312359363634575,2.10672546030806,11.338549198748764,-1.9148543586816185,-0.36218417899947886,-1.5743107620224401,-0.07289538441562696
214.0098031404487,5.6667832034422,9.200333173862042,13.335488476993671,0.0350262497540592,-0.2267927180719339,-0.1075723826484156,1.9933199853398922,11.36609810843031,-1.9283455730370755,-0.4152065266678063,-1.5576004628327476,-0.07467500519689543
214.20978407712678,5.676478869639419,9.159191959037678,13.326323507249526,0.03464559897665692,-0.2272929640179084,-0.10407070392790767,1.9160543553560185,11.083293883910855,-1.9532937459974211,-0.3991786901943593,-1.557907547184465,-0.07674425001881559
214.60975610153412,5.690528143992709,9.005885049081371,13.303910986704526,0.038264426729006366,-0.22738709468232138,-0.11677916695572794,1.7076058987876097,10.30532901584042,-1.94327732873202,-0.39975900543688037,-1.6599213047265615,-0.07158074730074077
214.80974751109167,5.711420158624412,8.930640989971609,13.383790020274835,0.040504870882727466,-0.2293088508491915,-0.10902056569399095,1.5664919542561997,9.995734109703726,-1.977688514960906,-0.411952850932613,-1.6641967177160375,-0.07395721403528534
215.0,5.23152630217658,9.289600306802235,13.473723837396479,-0.003673490666844935,-0.19988187971021731,-0.0960870546305091,1.0300520184265527,10.080110767640544,-1.718113832109546,-0.4525419098731177,-1.627320015504257,-0.05838971381829573
215.00974272136997,5.231713234927656,9.27514017362451,13.525961061685603,-0.004109630110517359,-0.1999425320122376,-0.09250657023351005,1.064930517213714,10.037380954082266,-1.7255916558313786,-0.4278795625417621,-1.636941981459933,-0.059172290004822485
215.20974187373784,5.2254086655323215,9.243753072636734,13.450168837718293,-0.004299993101250962,-0.19924051828148243,-0.0984440540048657,0.9698533758481278,9.701485194257385,-1.7230569692149542,-0.42564434799842493,-1.658125947955213,-0.05757627950309013
215.4097451000545,5.217940663467684,9.206532333972707,13.406763115277942,-0.0057466152325208655,-0.19852875136566542,-0.1010526616295133,0.9445960879057238,9.341292528212309,-1.7270941375792075,-0.3868655098747454,-1.6836015673698566,-0.05658930787148286
215.60975252179335,5.189218384924072,9.206479197518915,13.185514080960548,-0.009487474851298944,-0.19610345600232204,-0.11770168062305279,0.9425682627670627,8.989026414091233,-1.6969575013453342,-0.3501905426640652,-1.713124529440405,-0.051494348545998644
215.80976424922463,5.174314081030151,9.191895036164475,13.074629801598142,-0.011893535123007707,-0.1950930972651746,-0.12259895784098877,0.9352351199496745,8.656796925099114,-1.695903899300407,-0.3137629823296952,-1.724474958334829,-0.05048895469914486
216.0,5.153780553173229,9.38743640010616,13.044673694030354,-0.015610118675822092,-0.18150272902486747,-0.12094839069609983,0.9616551455004488,8.5779728455894,-1.3906807343750471,-0.29031068409346644,-1.6876049752962161,-0.03069344711745595
216.0097803806697,5.181813768049691,9.356982641892126,13.155932255140256,-0.011397882182236866,-0.18245754539329553,-0.11515455747975403,0.883143410509341,8.542504266024231,-1.402784672641087,-0.3234580912672835,-1.6938036476701444,-0.03209411964195172
216.20980100183834,5.161601800451415,9.336810056461566,13.018256812957185,-0.01381227014955353,-0.18140840363983543,-0.1250225336190387,0.8642847839376986,8.198170959794082,-1.3858295202590827,-0.29354444024551607,-1.7140315697895157,-0.028957425916917558
216.40982618525902,5.1966248784894065,9.260640557824606,13.234523321016876,-0.008684279428658083,-0.18311219371826382,-0.10678636684568026,0.7160231372319111,7.833930186200213,-1.4343990492511,-0.3148276032496248,-1.7210959680200044,-0.03461006842671155
216.60985598981154,5.190457242826215,9.232473921027266,13.194696979479046,-0.008520941666449153,-0.18305837647439796,-0.10737286348353829,0.6223758728846776,7.503124694072777,-1.4408866761154182,-0.32024964066625405,-1.7256340644688406,-0.034725992208442316
216.80989046036794,5.224063885328979,9.140191697288952,13.280779352472244,-0.007393445176745603,-0.18343106719143684,-0.10673677108994906,0.679723586911466,7.0563672927823005,-1.442762019631364,-0.2445213941768151,-1.7717958566831071,-0.033814567286173144
217.0,5.2577157306808004,9.235457466373296,13.52549514547465,-0.004906502520236467,-0.17747533456765577,-0.09429330990074081,0.7824262512927189,6.9045013224021305,-0.8577814544393796,-0.2117290477729835,-1.7346037138706438,0.0027323915860350614
217.00992962754782,5.261132393524553,9.23083476302825,13.569966675416502,-0.004764478210123977,-0.17789716881480247,-0.08904332404424634,0.7846588951685596,6.895319125523901,-0.8701979290054148,-0.20738811776137692,-1.7273039460780024,0.001086554649776242
217.41002210233842,5.258442858769914,9.155884836391945,13.475237752564182,-0.004753310514895156,-0.1771442115002557,-0.09824656921134634,0.7106222443553506,6.168471128644792,-0.8455718422550056,-0.17778466884979113,-1.7613626602759345,0.005064964963843609
217.810133372103,5.253652335567668,9.08422188026946,13.388417739367876,-0.004450546266617168,-0.17663790675781194,-0.10527308732143098,0.6232603503715888,5.436750935692616,-0.8244369716055531,-0.1597290020606265,-1.7887816988251872,0.008390990435200975
218.0,5.262671552563809,8.802925443699468,13.842616983005064,-0.0020738368474225556,-0.19101780347493819,-0.08601066786010196,0.4829557161904465,4.746489707449016,-0.6734956520045885,-0.15566007479513239,-1.8562004765237476,0.017504665994903593
218.01019598032036,5.261609410199733,8.80645516923322,13.793533785882406,-0.0011983611746775474,-0.1904922643180473,-0.0918934449893306,0.4424559692891678,4.715902908592651,-0.6596727378601647,-0.17675606294774757,-1.8662218642966517,0.019317083058281902
218.21026317038303,5.249644494794783,8.767018951366499,13.699437146918555,-0.003296007641576346,-0.19017782038429357,-0.0996376180920376,0.4667465387316971,4.336749464876261,-0.6368629781714022,-0.1363641645712222,-1.880874544109152,0.02215456096987343
218.41033487583456,5.2499317916011545,8.72868883814453,13.685285484130866,-0.0032148832058480027,-0.19018500030634597,-0.09912200613702812,0.4401912092776044,3.9594539570158855,-0.6336419891232942,-0.12230063289150857,-1.8868526686382965,0.02221033593505737
218.61041101796224,5.25398665746799,8.689976162233167,13.695687069155511,-0.0026940254740172856,-0.1901989834249558,-0.09639756283313021,0.4073421750092812,3.579175251201781,-0.6358169737566676,-0.11136147743800365,-1.8907641208487034,0.02195019828333365
219.0,5.425739365586718,8.501667930176177,13.562711023287422,0.01154308839071045,-0.1966830824097231,-0.10305764415120076,0.475687936043787,2.6455600947534914,-0.9113219549031961,-0.07295712382052194,-1.9339226824443458,0.005237826160053763
219.0105762400491,5.452574526510674,8.506961528057367,13.687641661197729,0.015949287306760762,-0.19660797070485342,-0.09096792497120886,0.36664946217283934,2.6176078854099356,-0.9396141515167933,-0.12516909444032923,-1.9268447355841791,0.0013251655145771202
219.21066510738373,5.456008336515765,8.46776106757643,13.648072535124097,0.01603914993213976,-0.1960880530405901,-0.09484711486736813,0.34228520155246067,2.215095516772511,-0.9294533135268301,-0.11372617542818281,-1.9391996552002566,0.003017222833261459
219.41075798766337,5.450014252424495,8.432356916685578,13.593805335229689,0.016364631389547017,-0.19630355533596897,-0.09724268864253746,0.2774391178682736,1.8342257537241096,-0.924028320306556,-0.12444428301077233,-1.9404580646928973,0.003902308248727236
220.0,5.65187715068536,8.355010508581396,13.452131946295356,0.03284078009442755,-0.19530599133030216,-0.10283186410793674,0.5033084077489646,0.8602446558476027,-0.7803404514084495,-0.061167024449092486,-1.900544156509647,0.01398871902898621
220.01105937419922,5.663341517389178,8.350654318089118,13.532574251294458,0.031870469648981964,-0.19516181998030688,-0.09501466232677984,0.5677680461999578,0.8413884173787094,-0.7970992712749084,-0.023919047227388017,-1.8929063687806202,0.012018480826690046
220.61139179483925,5.680641130869424,8.229756383450223,13.475464556389502,0.030756510895108585,-0.19553646945513586,-0.09399885610226064,0.6146889442759429,-0.2770385088658552,-0.7920840600218091,0.03802359927463175,-1.8762163412964312,0.012706771926927332
221.0,5.722578160368549,8.078214929631704,13.763343455586845,0.03304131111408175,-0.1999263258120784,-0.08005566570959813,0.6126009175576778,-1.17510111425586,-0.5858175077516858,0.06421150796889322,-1.8923683925763535,0.025244982007221185
221.0116285325047,5.708736205797117,8.059925624170415,13.78920187520837,0.0307224944649466,-0.20273396462127444,-0.07085732158506716,0.6665647521259178,-1.1265153572935414,-0.6086346869539893,0.09090409116477499,-1.8579318154638382,0.022012385602150946
221.21175093617973,5.707322627479513,8.020324897347471,13.725691538709448,0.02878678807654239,-0.2010667468274468,-0.08053658494912455,0.7592906393609119,-1.5426803717813895,-0.5790285832860252,0.1409048395704412,-1.8753017711439608,0.02551867963168647
221.41187580062905,5.680887345536546,7.958548095364425,13.602971879749452,0.025110182439379153,-0.20275498450971866,-0.08880735613121825,0.8760846561070734,-1.8837420325690961,-0.5545731998587111,0.1944132556117945,-1.864515867709673,0.028245060730581438
221.6120029520611,5.71230286246958,7.9393463487108145,13.643547456101386,0.027917098585523006,-0.1998480650693388,-0.08954469138908283,0.8571264549890082,-2.336633476992219,-0.5446002559303872,0.1884296838702978,-1.8837246684688176,0.029229512869121076
221.81213221576328,5.737993163098316,7.91745416835361,13.672270312164576,0.030516892853663526,-0.19740729746025779,-0.09067762047761718,0.8233426925716336,-2.788876799153428,-0.5338558204203002,0.17497340809011178,-1.9011101805211652,0.030422752118444286
222.0,5.821340319670612,7.6685994933267985,14.511443434511389,0.03398197082049558,-0.2096055290061506,-0.05212748960220526,0.7004992916118649,-3.8748762099295933,-0.2633930847316485,0.17989049335383148,-2.0198898426543277,0.04483559140192796
222.2123963793907,5.830435092196536,7.628887754148239,14.467395530364753,0.0352068379986584,-0.20840552274492596,-0.058779320502423044,0.6959509426459459,-4.343049748266562,-0.23752811880946503,0.17445278860087474,-2.032731352963968,0.04759458228196543
222.8128040966043,5.879230216646803,7.532423747753616,14.579861225185423,0.037863615549096584,-0.20814370621731948,-0.03930452373271699,0.7392644628148909,-5.519491274469895,-0.2594596325410403,0.18759939791936325,-1.9781129980435783,0.04265026117537892
223.0,5.6672723043238635,7.582343615700394,14.414061963716945,0.023448371065281543,-0.20321977790863607,-0.04547612821945341,0.746145333765904,-5.290830653162942,0.09602252567419711,0.19247223304330033,-1.85819283523104,0.06552893502110461
223.21308154146735,5.681707051617305,7.533684465539525,14.417622197432962,0.026535402146298816,-0.2047011128006965,-0.0404214262482768,0.6712132852680727,-5.661322276335522,0.09576911053775801,0.14999190749648628,-1.8292811220279395,0.06363477109176989
223.41322144486352,5.684896623537231,7.487175149800507,14.442998442755933,0.025407617920581205,-0.20616632776876048,-0.033089467715840905,0.7461379967373042,-5.973666939338974,0.09011535426077114,0.1796810897928658,-1.7891415764167569,0.061833587568915924
223.61336191382958,5.696291650928249,7.458229372094074,14.457997568367738,0.02429088128266627,-0.20474509847092437,-0.03354423467246427,0.8604252428351162,-6.349552641248607,0.10557677251982807,0.22568946960312322,-1.7786728285956293,0.06335173759168693
223.81350278486804,5.704795210639039,7.422918782016753,14.456021057836738,0.024976971396365268,-0.2041100460223652,-0.0342828089997407,0.8801903701689714,-6.723656214582976,0.120401363654502,0.22650217158756322,-1.7678705743582923,0.06420551845002882
224.0,5.8738816647691765,7.367698320521536,14.42169928583511,0.03588346964283998,-0.2052480717702381,-0.03572857269196894,0.9727791688054044,-7.426493728300409,-0.21252869219017442,0.2442955116695553,-1.8203600581279842,0.04256933052121252
224.6140671078588,5.899905410064474,7.252962671312137,14.396148559445255,0.03598652699977135,-0.2036959807067586,-0.039365179552792985,1.1416901570109173,-8.568158434073846,-0.17590923670543873,0.28445911355193926,-1.7820930168703022,0.045337546745851824
224.81420762650276,5.905055181493981,7.208524270138024,14.388529651250483,0.03560892754276498,-0.2041613533170463,-0.03840965387729889,1.2145947710933676,-8.90781645136557,-0.16936096915065602,0.3024820316945836,-1.7575257311232342,0.04546697166377229
225.0,5.4706271526832415,7.1462485486816565,14.713997001533137,0.002278314218672549,-0.20580034590593552,-0.02008900236742924,0.9034434836787523,-8.931889014000484,0.4385691098502398,0.2721501388078153,-1.6856420317788783,0.08305310511376958
225.4146254672718,5.466921576230498,7.050050012653772,14.712895946125888,0.00166285071429427,-0.20719786914643207,-0.016825827562270818,1.0379413782409945,-9.584935659266844,0.46493500999770143,0.3015251255301217,-1.6262939561813998,0.08381318192736775
225.61476303876668,5.4676408227954765,7.032817306868448,14.68993332651151,0.0006015600600035561,-0.20390254015172177,-0.025552343119384698,1.1596366642821025,-9.992137103295596,0.5058811613921252,0.33932680479426763,-1.6393591908556027,0.08783497163806121
225.81489952844254,5.485461980202719,7.012330572582589,14.731543678017163,0.00323357116343202,-0.20300658484069856,-0.020101824960889563,1.1279540488283024,-10.324715409396221,0.5088522548386277,0.3103825018476168,-1.6124490054121938,0.08636594225765457
226.0,6.018129263055565,6.977457010257801,15.002678830178798,0.04384421131183324,-0.2033441939658428,-0.011832440199277067,1.674980961412378,-10.910523691984263,0.5927439442349749,0.37727025739981573,-1.6290476990923166,0.09123808722678814
226.2151687385109,6.0093627646068235,6.933691264926358,14.978239640892207,0.04092939045558104,-0.20278730870988398,-0.01603179426946806,1.8469792486725132,-11.270271185550834,0.623537657778687,0.42992799151644434,-1.612983778598014,0.09348280142284435
226.61543208164508,6.00133540366153,6.823404948620005,14.925743911970612,0.03764066088801354,-0.204530227342905,-0.020286788608429678,2.134277350144859,-11.881869637287252,0.6723715599214,0.5021860371933592,-1.563237847332079,0.09670415245065916
226.81556124965178,6.005137676415292,6.787268758396489,14.87869458699858,0.03734480405997866,-0.20269834041069243,-0.029574375228788877,2.2439837213035014,-12.27075158677953,0.7163646380054762,0.5201653418982224,-1.5735693321319664,0.10081898841245572
227.0,6.488832932745668,6.85395037143977,14.826514847338839,0.07098642114066084,-0.19869403699828025,-0.03204186063253336,2.689376317146919,-13.188020581581286,0.20283973264128985,0.5779415144495177,-1.6613550223235733,0.06692876113122306
227.2158139997316,6.53643526501318,6.856569782498275,14.888377344277052,0.07419647812471626,-0.19611466143052791,-0.025785572066112032,2.74302445686918,-13.561716103777485,0.20273409265919368,0.5623646425607887,-1.635000421012324,0.06527754129593744
227.41593735993845,6.5431189701182575,6.807465435596682,14.868060748136195,0.07321219188061565,-0.19666633515191648,-0.02728421766392814,2.885347455531634,-13.881561252427643,0.21960671508548366,0.5881887213301811,-1.6122266385638804,0.06636345738105975
227.6160585677175,6.551471258123198,6.7557730109770535,14.861997792062976,0.0723015619019126,-0.19790220220812044,-0.025750601104908344,3.0360270343198428,-14.169692546000134,0.22913105127397582,0.6153896074205366,-1.5767936941205032,0.066619518985762
228.0,6.564767393633081,6.671066543704081,14.834408045610337,0.07153490772008271,-0.1980700620731553,-0.026929641094195413,3.274494626626141,-14.704697749218091,0.2788395616908029,0.6420038017796523,-1.5173949557724824,0.0695780345263907
228.01629411772333,6.546423568693349,6.630061629078614,14.852086107218978,0.06896859770690082,-0.20222299546391112,-0.019894266919336434,3.3491368933821297,-14.641402219381131,0.2636648528273523,0.6721657180651981,-1.4791243038539994,0.06761971831501125
228.41651986547396,6.571142107075882,6.529006531389606,14.858421450005874,0.06873372411360716,-0.20455208234813085,-0.014855557237148105,3.62873558901402,-15.163935009777623,0.27835056387488666,0.7044369243402967,-1.3998070433487753,0.06702823337336165
228.81673507834043,6.602415803691203,6.451951888931486,14.862563948014303,0.0692563115376371,-0.20439618685418376,-0.01344800545764517,3.8970731724058276,-15.709925668728948,0.3015830417659605,0.7267176035703888,-1.338115259998516,0.06744422385200591
229.0,6.528358526020753,6.390588469073427,14.6405365363766,0.06346118907928051,-0.20460441098740714,-0.02397367708899999,3.961836367620778,-15.798743333761184,0.18943676539401294,0.7298274813209071,-1.2866147538078447,0.060689962675341665
229.01683851938276,6.539769070037207,6.353453184952692,14.684247318101466,0.06498241947729846,-0.20882993201905925,-0.012874210670186344,3.932306124486698,-15.729008576809868,0.16386379278043903,0.7116098724246436,-1.2418908544066996,0.05717012931482439
229.41703666939455,6.550464831003999,6.197882238740462,14.668768145770242,0.06401633600227563,-0.21494007334538337,-0.007000125305986829,4.234756315142654,-16.09864396773308,0.1715714652649351,0.7429519869479801,-1.1340874242165064,0.056075197218499725
230.0,5.955784453328722,5.809680407685744,14.389728737678798,0.019275488382528357,-0.2255775801902853,-0.019461670202783034,4.07695868857554,-16.044622193615503,0.43133469373641253,0.6944511876838555,-0.9172013193235018,0.07353893636110964
230.0173109578075,5.899000125199235,5.723359597068567,14.347639469101857,0.012846522410888355,-0.23180665028362887,-0.020047699479360317,4.238416232795333,-15.969511533002672,0.4347248787475026,0.7620497359822759,-0.8857969417026036,0.0742387938680244
230.21739599864108,5.95304120351592,5.782578833963524,14.415657657225157,0.018047263148106354,-0.22466985218502622,-0.01677883955955715,4.268308669761509,-16.231039005880785,0.44192706243466884,0.7217225432051468,-0.8701309314001429,0.07370886683118144
230.41747774129746,5.9183291520691315,5.664859683093297,14.375452642073547,0.013542819015918382,-0.23012704057707234,-0.017192563613079814,4.544054304694524,-16.3073043764701,0.4585314297991071,0.7871694588488644,-0.8028108526855231,0.0744958946334109
230.61755612840884,5.927765310644443,5.614331193432162,14.384309938331752,0.014674224470384118,-0.23077417741391473,-0.014261688306828451,4.660456389668655,-16.44608267577344,0.4655860250827344,0.782868490357568,-0.7545869718651089,0.07394184908765011
231.0,5.900890321460805,5.540493422165221,15.005534684892057,0.009391023922935934,-0.23664451337558792,0.0234562032457064,4.884412332709426,-17.37674982278059,0.7957655503067272,0.806661773397081,-0.7870062009501558,0.09030358475589925
231.0177026231342,5.923675132469486,5.492976441432492,15.030201527369307,0.012882753939684695,-0.24064671343458657,0.031906007157007685,4.803282725574166,-17.325407799326463,0.7761909089491342,0.7647020723446114,-0.754215281678486,0.08748214915738174
231.21777063267382,5.925661680427082,5.495505385875638,15.046327754987347,0.011998259619115733,-0.23689497875488127,0.02886392654362962,4.992854969461482,-17.523305408153796,0.8020524516052917,0.7906382580382681,-0.7329366471284496,0.08901799788689635
231.41783509055793,5.931091553342248,5.457833851063709,15.05587862719949,0.012330961040955431,-0.2361629414351778,0.028736000192286486,5.14283927617202,-17.67837408492191,0.8202107718650208,0.797391369220444,-0.6972993463508038,0.08981590592000138
231.61789595619553,5.931815182509127,5.410354275539742,15.059891142339824,0.012003507051280626,-0.23618346554554984,0.028334278430939434,5.316019624277204,-17.81259567096879,0.8394688665805914,0.8132728922811838,-0.6573414906039332,0.09084768034957245
231.81795319241465,5.95080565186346,5.413853080308416,15.095268971304659,0.014561318451985786,-0.232413670559715,0.029729288825091623,5.37895734226643,-18.018359789300515,0.85278023798163,0.7828089815119306,-0.6403202450562514,0.090417016835644
232.0,5.7686587750807305,5.300192748336599,14.945358528113895,0.0005752465070626225,-0.23673566519845382,0.02537759987559351,5.323133368220743,-18.19441816047005,0.7203911940129644,0.7677924816426365,-0.6205237019302235,0.0811711739467705
232.41810280467362,5.781191303862061,5.189022899377718,14.956696875506967,0.0030720398218472365,-0.23720343242272937,0.027467972021503036,5.559230144157524,-18.446533191475506,0.7476761404744665,0.7474305610959278,-0.541679369877684,0.08092408929785279
232.61814522080695,5.782522705688506,5.230179182628971,14.983844693239872,0.0015836659881031433,-0.23103219423371918,0.02279618013030168,5.782349828865347,-18.643593106174478,0.777418030593646,0.7836203927398958,-0.5346520389867503,0.08316423338567767
232.81818387389959,5.784328394917396,5.134927930024865,14.985028301018962,0.002889296309466989,-0.23468156013805336,0.0273162331440219,5.873989244597041,-18.67865286472378,0.7812671262625036,0.7642278209533115,-0.4715154667301822,0.08191640285115678
233.0,5.788216711830698,5.119735871042977,15.074639331174295,0.0019147586521945886,-0.2380020569099447,0.03931503300932073,6.015491952471757,-19.28249506461874,0.6156416331169905,0.7793983509270452,-0.5273319052175529,0.06822157413314413
233.01821874789073,5.787793185422441,5.133574053051602,15.07581721095318,0.0017000386081117537,-0.23655459583034605,0.03793285714639262,6.036648540142487,-19.31382727512365,0.6202229099850861,0.7831662643681458,-0.5323883109005118,0.06875432612188585
233.21824983035526,5.797648602447221,5.08947963943164,15.08302721258406,0.0033222661725271687,-0.23586616867616716,0.03818926564249262,6.144577510711108,-19.44019354641831,0.6322736731057349,0.7683772618595496,-0.5034204120876951,0.06848204667425332
233.4182771125422,5.7979004831726275,4.987259369083029,15.087040307690376,0.003745672931289985,-0.24027719085739654,0.04226325508381,6.280288047161741,-19.455730344658328,0.6359427499159475,0.7658938180920619,-0.43644677554325917,0.06764969474222382
233.61830058941572,5.803747643569735,5.053971492708913,15.12037799635119,0.0034135349878820693,-0.23166099556081352,0.03668129600179257,6.457313262426963,-19.69732784367012,0.6636989303310974,0.7804947676969656,-0.4525004939055212,0.06940664723856914
233.81832025969786,5.802600394227067,5.069331416878161,15.13174828120468,0.0021422514404860985,-0.22687903947121343,0.03123101370985419,6.675601677574148,-19.884700857314296,0.692332198046332,0.8109171971231041,-0.4513300214563389,0.0715304165265696
234.0,5.825909880736463,5.022747584178553,15.125663892292652,0.004774014179757997,-0.22178965067737147,0.020471946731408,6.833242047631623,-19.359817343178026,0.9845167288167834,0.8066220334669485,-0.3121194863323742,0.09292566740501965
234.01833612591352,5.796181484970406,4.970632383021556,15.115247674497732,0.00029620416098163037,-0.22648380019610753,0.020686473534657086,6.966728478588729,-19.27283574315268,0.9883909447494938,0.861448032683467,-0.2749008337293469,0.09367476973001373
234.21834819443765,5.802921986347995,4.946091757470681,15.13331420010862,0.0011917822982491196,-0.2251598736645479,0.021815722286263092,7.114204878135908,-19.338637125448937,1.0042102301564697,0.8575795955655855,-0.24067539092428747,0.09380336986943046
234.4183564755445,5.806330707524368,4.892874469192353,15.144855953033883,0.0017373685295583902,-0.22610848379049572,0.0239918190199717,7.268219451300963,-19.357406506695032,1.0177135122992795,0.8565859234555352,-0.19249222115879377,0.0938785125171296
234.61836098345944,5.789792507596956,4.826299325737314,15.109976571575675,-0.001497246261500284,-0.22692154868946618,0.017025222031778857,7.564021481622576,-19.402094835927468,1.0555827789342516,0.9167719940035287,-0.1629572428694623,0.09710306160638599
235.0,5.925090053935036,4.799809694116719,15.506986852781049,0.00828690111858238,-0.22683892041693257,0.03790679605827319,8.082090577807666,-19.66212862196591,1.3597072238428691,0.9572581019613106,-0.12141018597477385,0.11298590585167251
235.4183417090711,5.915613367187536,4.698629016533982,15.484938850727456,0.006522894979283703,-0.22566290111674625,0.030997351824837253,8.542289887693432,-19.763533087585294,1.4236741927005665,1.001429291712445,-0.07241317240965224,0.11599613375809668
235.81831010242098,5.930455773178843,4.693209108320618,15.554181567149179,0.008244415842310494,-0.22091973047082808,0.035345324717424666,8.875747119254738,-19.82169955350094,1.4586266633994496,0.9900686859432775,-0.010493493151810335,0.11523295362530869
236.0,5.920842744238674,4.530910445146212,15.968839293729605,0.007053858292034256,-0.2392909738088303,0.07714814525043687,9.152036336839105,-21.14058256786353,1.3706086572130776,1.0362116827827204,-0.20974877811101375,0.10076162616629848
236.01828894008275,5.899385281151921,4.508250402582982,15.903480324829793,0.004684711034624796,-0.23767259280571637,0.0668277499950849,9.227400877584396,-21.236420140542347,1.3952126028996215,1.064808763588094,-0.2486366096566487,0.10355040677974553
236.2182642675452,5.903995584721809,4.468637521516021,15.936876416546397,0.005005067755622269,-0.238086193294163,0.06967967657903205,9.433370394064411,-21.251763685345257,1.4097583923018024,1.0710798124892205,-0.20569506428737763,0.10308282113379655
236.4182361372975,5.875559080970584,4.287124643912739,15.859202872851904,0.0012509955617251104,-0.2454081935499303,0.06200339699232277,9.770208111043154,-21.239005348433295,1.4499536502347594,1.1360088866660947,-0.16603085102288376,0.10620662326617974
236.8181697366805,5.888921875192174,4.302166994927766,15.963501003424922,0.0029098794103307145,-0.23980686202985382,0.06850268397214855,10.15853865693793,-21.317378880524743,1.4761708149876622,1.1282774602139887,-0.10880524159315644,0.10481829006125717
237.0,5.341043149523004,3.8146686685159583,15.184247130297091,-0.0373982764178703,-0.2510210427218764,0.017906076401504857,9.542202647221115,-20.298368279405985,1.3850252531274807,1.0047930391181727,0.08633694303949815,0.10495829570652591
237.01813159457464,5.328351003639973,3.7381617754224954,15.152407519762916,-0.038832471341327335,-0.25561893264690794,0.016648323852046707,9.598874468773488,-20.247949146941423,1.3903706299279364,1.0241594406905115,0.10531703815845503,0.10552556771563648
237.2180902514456,5.319477951340477,3.685920509180823,15.15237674256106,-0.038961103025164825,-0.2555511384065318,0.016132813628067063,9.80801917035767,-20.228535573982803,1.4126982308994014,1.0343446810442245,0.1354519021464298,0.10596229771956224
237.4180457835472,5.331766140159266,3.9060781703666834,15.2750415514212,-0.03607216063860919,-0.2382825447658912,0.01990727615221496,9.90424080473856,-20.419381688157685,1.4225118319261336,0.9896566204780661,0.09633606125998373,0.10436094383639676
237.81794780353732,5.320987916174796,3.8233229089418095,15.29186680888877,-0.035367446927797884,-0.2373757610747418,0.02100280324967073,10.27246634189008,-20.385168362885647,1.460777562042794,0.9891005962657701,0.1504589256134969,0.10427633407975999
238.0,5.276375588736022,3.7012740078267314,15.235919896313801,-0.03800505263312659,-0.24292726555217425,0.022847383123656823,10.438477054225544,-20.59216386900173,1.353818454734418,0.9982306983181112,0.13448389366840643,0.09531230692931775
238.01789446927,5.335729298833243,3.749841292644996,15.327336111197077,-0.03026799104886128,-0.24137413134390304,0.03749277246505231,10.261533424568416,-20.55146174782699,1.3190590478134916,0.9074470276696518,0.15713311491720763,0.0902357308827171
238.4177795961209,5.294454294795094,3.6888344693101742,15.368650021327749,-0.03496293459130186,-0.24224391848692303,0.036856436284840546,10.771560436805839,-20.383299756118124,1.3626923253943044,0.9720047239646021,0.24999561925059918,0.09298312164182172
238.8176544914508,5.289811299244022,3.5317326736598478,15.373001546699507,-0.03385590383616267,-0.24658025836670658,0.03956955908911073,11.130326543796878,-20.18211179326382,1.3931777689804967,0.9686805653063453,0.3373604799380971,0.09260510329861772
239.0,5.259232375832176,3.7126391042654685,14.959296337284565,-0.03673134656235404,-0.22681864054602,0.0015528011838260372,11.123928761734833,-19.16264091535717,1.287950119577732,0.9244995295629899,0.5265661264991229,0.09128014726838107
239.21752008227003,5.233610450318516,3.729577511390361,14.970144077412778,-0.03884241338077415,-0.22261113170440924,-0.0015298707343180049,11.374152781250384,-19.100714827093043,1.3161041176732324,0.9469970436868903,0.5409546017510877,0.09282032370233592
239.61737738645618,5.2240986833067335,3.553601671592656,14.938213359037324,-0.03857108548005682,-0.22822539138250827,-0.0015500999148691194,11.763784914259217,-18.784926623183253,1.3542341974361003,0.9593535971012889,0.6300824738301114,0.0941151045021282
239.8173032745914,5.235675349044956,3.2646056561944836,14.835921678495502,-0.03764412110863236,-0.24307677390974694,-0.0037076289700207236,11.983270235024591,-18.432143027172565,1.3801764652311497,0.9805341473958932,0.7310779153672317,0.09545032993285688
240.0,5.335984722102135,3.174033131779131,15.089566024525357,-0.028684154812872925,-0.25104932229864035,0.01986605585399213,12.434977435452819,-18.90840230602095,1.3987772958152718,1.0372333667521336,0.6586472463694677,0.09166093167578176
240.01722751514913,5.379810206571597,2.6947602142816787,14.904292687082474,-0.025339414644531703,-0.27852742118073653,0.01750321615787766,12.447756010584632,-18.633578767575226,1.40453796214387,1.0494047498320096,0.751635635179805,0.09261063579312562
240.21715026192678,5.376573593715956,2.642323604058033,14.91255886616153,-0.025077338665519408,-0.2784467690547034,0.0182113340718357,12.6501714753937,-18.477335377399925,1.4213307025171873,1.051790428065929,0.7849849142677925,0.09280748070844552
240.8169111685199,5.439800551033947,2.0036653519227015,14.718987993277974,-0.01823909270397719,-0.30410490187660905,0.01568883478672755,13.171093194004726,-17.671542033898454,1.4808264578966008,1.0377316446414344,0.9712637938386055,0.09422494099064137
241.0,5.1984861060437435,1.4939962388923287,14.446775854964487,-0.03649468078820245,-0.3232747732230998,0.0030711017908156366,12.907020700452287,-17.43744015199974,1.5022482609206602,0.9747100334302434,1.002388472203359,0.09580544505481432
241.01682959958322,5.3256456596889725,0.686624217735427,14.075291147299259,-0.02635866297192257,-0.3645636635493045,-0.008127127511183226,12.84031175923521,-17.13101652701806,1.5233269033003398,0.9659994796064814,1.0975596774663725,0.09857076804183686
241.8164989200539,5.2024566685384475,0.8128089332864712,14.24409984657645,-0.03609401906713641,-0.3435477734050489,-0.008910622409031867,13.8383857064132,-16.411396389660307,1.6105362998565511,1.0530116486448104,1.1710368866985643,0.10092494695429857
242.0,5.52040203292009,1.1180133787400708,14.354307583858223,-0.009897738170444745,-0.3316040811322112,0.0048122978912711264,14.748355472159195,-16.613465913635356,1.2978628647790513,1.1770529051772076,1.1420799037299205,0.07765344237350595
242.01641614491098,5.412265262359019,1.6671209548980934,14.627113832953567,-0.01755853640343847,-0.30357864928043954,0.015494013231119196,14.814220109475993,-16.788637149832983,1.2783469236416145,1.1768938498780217,1.0814969655163147,0.07476917781156653
242.21633374617107,5.398064896763265,1.6429554842777552,14.641123026186152,-0.018509159658123865,-0.30134207638327654,0.01492383787953094,15.065715917437608,-16.59948837378657,1.2947354974071752,1.189730879763607,1.0984643974226025,0.07463433341557467
242.61617095886692,5.327741919991319,1.7190466731340124,14.709911895802875,-0.024087253028196066,-0.2886558748763454,0.011832451690780232,15.655932432535414,-16.369984677672793,1.3321407261256055,1.242559306805062,1.076959682367986,0.07553937097626554
242.8160910235229,5.338990957924548,1.5960884348328732,14.677788583221291,-0.023265693140926982,-0.2929275290052215,0.00979218674668765,15.909114317147354,-16.075527323318333,1.3535938770028917,1.2555649411338838,1.1255654745950854,0.0769103462406808
243.0,5.5066524681294755,2.39653882041005,15.05240649559497,-0.00931275803668527,-0.2551256223105638,0.02022722320568094,16.64810469632409,-15.510581253901485,1.3827771489208671,1.334514262707173,1.2215801188161837,0.07863494637977043
243.01601237043656,5.507947416433548,2.367055336355494,15.029025911961561,-0.009603740641888014,-0.2560123795395925,0.0176141031262491,16.685786981522124,-15.497172866194207,1.389989643244852,1.3440922030124631,1.2206083896164972,0.07943300233322
243.21593523755325,5.512148422894667,2.299566389650938,15.02820691964644,-0.009085591184904386,-0.25723913269654325,0.017920168890423787,16.947208957428074,-15.228779498856456,1.405310353843547,1.350831164306818,1.2524980355701687,0.07943719025680766
243.415859866653,5.507897464004374,2.284131305675451,15.071127872850377,-0.008457031353273367,-0.25636293014448425,0.022931657436183243,17.179725030988866,-14.94913136868949,1.409231495162422,1.3415702209328326,1.2866966462889353,0.07782915328051421
243.61578650287873,5.505910746368636,2.232558090152018,15.074604803420508,-0.008520836745147788,-0.2563325484483845,0.022713373245174532,17.451386595810824,-14.691710259771972,1.425387886773599,1.3515505012190994,1.3093076314417953,0.07858225681475636
243.81571539420696,5.546357450999034,2.054814139455769,14.991528223532354,-0.006446302117778913,-0.2638094330316007,0.015202284606519338,17.73057593900845,-14.317572002423104,1.4620086034940574,1.3723168984804215,1.3676085357889667,0.08175392972315022
244.0,5.6636234876766,2.7346107377300477,15.481068951933574,0.004249183451966728,-0.2332151052605106,0.03353238265100293,18.456897314807243,-13.772988931563159,1.6293732847987763,1.4497117470118546,1.451519565419059,0.09145893824524004
244.0156467908601,5.70180923408775,2.617510624874292,15.411079031780648,0.006513615728687561,-0.2392881867439696,0.028661684103274156,18.470589460163414,-13.696902069701808,1.6420567353500672,1.4533832884463915,1.4726428216302045,0.09300292700025051
244.21558094465829,5.634429209167466,2.7237996362418677,15.489226331104542,0.001010448549251356,-0.229587338910611,0.029760172861494513,18.84470457974283,-13.540220789256775,1.6578274111967917,1.491688028475808,1.4453611171888356,0.09291174320253534
244.41551810831086,5.635520910932539,2.657699118800613,15.467673839325542,0.0003273055110784525,-0.22940753145991707,0.025665182813297896,19.17954789673565,-13.29152546844882,1.6858101591355588,1.5201430349487248,1.4514321211217405,0.09414130242432094
244.61545853464798,5.670257027966524,2.55280844204903,15.446286017349905,0.0032962983331255515,-0.23498815457087022,0.025837935364271508,19.422380441577506,-12.855562720123656,1.7062291463982278,1.5107788996319769,1.5226388261147832,0.09541014687062858
244.81540247579323,5.690667701410495,2.46987421505757,15.431666911414133,0.004957371123683504,-0.23769770624823972,0.025561700249219454,19.68894810459918,-12.485690977750464,1.7266343579085832,1.510138592198576,1.5655547598994224,0.09611075753198113
245.0,5.882443086497445,2.504878993455438,15.410952171030429,0.021436377997040897,-0.2386411647385593,0.03409708240274905,20.5346819564928,-12.536871351275266,1.4156314060074067,1.6224942929939887,1.5443595691117613,0.07325292493078606
245.0153501822805,5.8150155936423,2.675567470601229,15.549763866365462,0.0183646835366449,-0.23039327279466104,0.04746410526856707,20.54264826416881,-12.556932200795993,1.385872396688415,1.6023848781387224,1.5306932349974043,0.06879421017663413
245.2153019021184,5.816222944213492,2.6592596284885004,15.604344645755345,0.019705290763435582,-0.22978883761852045,0.05528398955682992,20.800975145706527,-12.21964923292215,1.3806894416844724,1.5827820299662387,1.5622069684165258,0.06605945777703133
245.41525787980694,5.8150173613685725,2.6255808799149,15.627933482116898,0.019619612908426173,-0.2289939598057792,0.05707827756692729,21.110381153709223,-11.915825801021839,1.38916415764142,1.5886719958663684,1.5777865401138436,0.06550240053301938
245.61521835531403,5.797696090690326,2.613132238205438,15.659512940250808,0.0178891943814708,-0.2264632737865366,0.05767752914810065,21.46280737152224,-11.653851439485594,1.4002189546148192,1.609985532419678,1.5767541346172167,0.06516623875559527
245.81518356301763,5.813146100731649,2.5407803013794057,15.624649733670022,0.017016372906808262,-0.2283215294976468,0.04808324183742316,21.86521622868589,-11.31632626193629,1.4400374465245571,1.6574781911961245,1.6010322692715377,0.06907138312339932
246.0,5.659732161918879,2.7797831727409843,15.681275164659588,0.004937749540331724,-0.2129217529339677,0.04095965702650217,21.922881703464316,-10.630976063338167,1.555721646386891,1.6202244361235099,1.6721675334391888,0.07778309244351932
246.01515373062438,5.636520240523496,2.8293774128695657,15.732663350081797,0.004236291406316495,-0.21022772321520097,0.04730399361639319,21.92885524314108,-10.623416550470633,1.541728581436331,1.607502564521528,1.6667706999862677,0.07563502196335553
246.2151290780737,5.5573482399169105,2.9159575117380823,15.837114644625412,-0.0010272014655896295,-0.2008456597489302,0.05557177857514613,22.3043519085082,-10.448277663115556,1.5349600991265875,1.6281232125032241,1.6223166785880876,0.07264232112892412
246.41510981643907,5.576451737324969,2.8625931869769494,15.853737548417673,0.0014452883098579898,-0.20358969977892194,0.058891732600105065,22.560306665050387,-10.028596576331532,1.542423722691958,1.609009940768919,1.6705245090660275,0.07200654356996619
246.61509614683956,5.604809780805951,2.781140614884818,15.815669926714992,0.002486182141960246,-0.2076407464681377,0.05073144726777423,22.900241875831455,-9.598212188773998,1.5800822408387825,1.630859476142753,1.7187733920593644,0.07551775984982276
247.0,5.529009913626647,2.457602122125219,15.38950626447092,-0.006077894758539891,-0.214544260823436,0.026530733512367247,23.105512682579867,-8.94167387321329,1.391813285008772,1.5776901558140488,1.729777794260148,0.06411317136493422
247.01508633208866,5.499508490649228,2.5002013046174403,15.428634390561303,-0.007778606303923132,-0.21147955093863421,0.030666782292900666,23.138234648189748,-8.958332322049714,1.3825501568494258,1.5774278144322755,1.713680490851825,0.06262495459961072
247.41510100419194,5.519232194818419,2.388998595576457,15.422934350577439,-0.005959376387716785,-0.21377290055232995,0.029691183746192826,23.740028206189734,-8.21613941024905,1.4106032140220994,1.5810257457633374,1.754692898636983,0.06345769758031639
247.6151178909436,5.601245472775686,2.2539332154025393,15.365191166457219,0.0008149213723634783,-0.22133788105679636,0.027117183213708058,23.921244308477142,-7.680454261762999,1.4313216289193584,1.5433980019000575,1.8315350303017808,0.06449879282344781
247.81514131101736,5.606487474492119,2.194991602825831,15.337185313942516,-0.00012120425345632123,-0.22216028009418487,0.01963723266689636,24.29678296420801,-7.312553886718201,1.4647362719644799,1.577245053486315,1.8431450715092546,0.06746586406314142
248.0,5.660491662663857,1.9091714368446842,14.894239669245634,0.0022462684065721623,-0.23223209081124327,0.0013896779883431805,24.541951568052692,-7.181735243247838,1.0936770610083089,1.5813833447600047,1.8187458983378924,0.04362212425021422
248.01517136899272,5.788474944513944,1.7643667344195517,14.807195780462159,0.012240383065557322,-0.24159919207098338,-0.0013490037315329927,24.42197451044188,-7.003724206287748,1.10066054713029,1.5325963524891049,1.8801435726284608,0.04447397826958389
248.21520815273286,5.8423524399950715,1.6420010841908381,14.723522901297654,0.014410559006937749,-0.24521685163775078,-0.011901363962303724,24.745524841770912,-6.598999566040647,1.135261606329286,1.5533349759643567,1.9021166519212762,0.048005400484086386
248.4152517329661,5.7884373085080405,1.6450895568917139,14.747155298845454,0.00942955947427155,-0.24192078019368568,-0.013849820615653728,25.16036765401827,-6.28365099604713,1.1503218724494493,1.5960194264199303,1.8874279352745007,0.04914080646816143
248.61530216299198,5.776783355431933,1.620107325899961,14.780016201081192,0.009533452441729002,-0.24140466747293765,-0.00815383152116618,25.440644787457327,-5.8862297861875925,1.1457197327893054,1.5836885441976363,1.902365309089638,0.047049234481548345
248.8153594785148,5.691446398631453,1.6543790258274356,14.853211184887694,0.003037387606563899,-0.23591810803531238,-0.003215046998582303,25.882987453716694,-5.627091447471555,1.141981549499041,1.6267158710742677,1.865723277934314,0.045453928113618446
249.0,5.629675791424234,2.0346410877562837,15.047257934983817,0.003897882929806624,-0.22071527375314456,0.007047880068564667,26.70559165323175,-5.059077380642886,1.0010090673260084,1.7226207318494677,1.9252679117220404,0.03512301098808358
249.01542369760745,5.639941863390507,2.0387546364900255,15.088961852241168,0.00665393750507981,-0.222356830930731,0.015299374908717236,26.64331942052192,-4.958854947919832,0.9825331786765112,1.6830449888022234,1.9535000998775163,0.0324452630470826
249.21549482080312,5.63413948970442,2.0195532394391593,15.150581239261156,0.008157675152766056,-0.22143600519004553,0.026940937710228784,26.899475705982876,-4.555527485213783,0.9601187175526955,1.651322163745407,1.9640175963270703,0.028205503919462548
249.41557283131266,5.675871894940932,1.9483705422944622,15.144802045342068,0.011978504914294868,-0.22373544793853326,0.028972494757730102,27.141719767588324,-4.101782941213412,0.9605694343529719,1.623419465278557,1.993024133940331,0.027546655270964206
249.6156576953618,5.73672643019487,1.8633666308381631,15.125946774316722,0.01720479870860611,-0.2265570058498743,0.030844129073304055,27.34310326779238,-3.6313415124712765,0.960790541457918,1.5838494904495188,2.0256078469244425,0.02662849203248983
249.81574936264101,5.715123575602691,1.8345615712042078,15.132337670170768,0.01469991432123529,-0.22622853552662253,0.026457080767369613,27.73417293904099,-3.2266193423461633,0.9787948602535887,1.6135586229987222,2.030572594829142,0.028014368914185385
250.0,5.336594526350364,2.5753236421259484,15.185498502968603,-0.005573013998746823,-0.1920137294307276,0.021198577068424214,28.336529720590878,-2.1918774044327938,0.6321064362618123,1.669008646230922,2.1489303034258453,0.007096812381349495
250.2159528263895,5.441520954195459,2.453721193245734,15.102779401523177,0.0021867648017372295,-0.1986514850920464,0.011747727902280273,28.58506859612147,-1.587993776072727,0.6574038799886139,1.6401908781612033,2.2132373476027682,0.010486698159200725
250.6161825126459,5.487702788121883,2.3348643970591283,15.03409856549013,0.004108965322379864,-0.20158781638494258,-0.0007497789254279127,29.259198324717964,-0.6421382986103368,0.6944634128290197,1.6616805023659884,2.2501073175269726,0.014412642869696065
250.81630690633213,5.61980592625684,2.210488170945577,14.924609470262288,0.013350878753096897,-0.2072368210888384,-0.010991932350399974,29.427221324019957,-0.0550580587398965,0.7240936255479963,1.6190987186680308,2.31072908461682,0.017586863891627735
251.0,5.481910517016783,2.299075865504082,14.454065535962565,0.003184095378042765,-0.199579261071771,-0.036882154778236975,29.6160429108551,0.5034468732481285,0.22251035077853243,1.606748859333662,2.336561283802235,-0.012676953290172363
251.01643749100376,5.42182483898065,2.331608086927082,14.48696264208242,-0.0013206396876225797,-0.19750294083497522,-0.035408104111665055,29.70730269530639,0.5069246674858033,0.21934265277775816,1.628863448104396,2.32115022059125,-0.013028300805797761
251.21657412047892,5.304517191768975,2.372848345214855,14.596563696885315,-0.008415165953142685,-0.1926575287073561,-0.021337709268051244,30.096176693937206,0.8940364932210855,0.18263171432228867,1.6428972184698747,2.2918818264750795,-0.018351682141375066
251.41671663839645,5.292491216310751,2.3386821129453716,14.593294309134812,-0.009440267104805696,-0.19217956782181508,-0.021978345880472552,30.45074713790082,1.3384017824049341,0.1805863873425094,1.6546961216757041,2.2900458425654207,-0.018342502724672236
251.61686487917183,5.276870554706628,2.298057484624813,14.56037468181521,-0.012042950278018247,-0.19165480996920994,-0.02950088258494769,30.885895820851868,1.7620751715708611,0.19652117621295773,1.6982513888039417,2.2803267940154774,-0.016079817701453867
252.0,5.753228615359067,1.4352842016927632,14.05097461340727,0.009274768495152574,-0.22394330204710836,-0.049374127115485375,30.92346474850639,1.8044171110954366,0.23227911626419764,1.602204634087212,2.1302587084298894,-0.013199726574206509
252.0171778265471,5.760099413972718,1.4306924049072096,14.066657937392899,0.010721439555796023,-0.22483169052101523,-0.046167736522995696,30.905607131973852,1.8712061697094757,0.2245910295853127,1.5829039819684911,2.1422254263901257,-0.014302818521952865
252.21734216436798,5.783629140675838,1.3674948802678484,14.016904671274412,0.011525280377727773,-0.22634488790163348,-0.053311810300097316,31.234145234582112,2.327558668274724,0.23947459035047577,1.5928569593384143,2.1515883332212815,-0.012313439232060082
252.41751148929978,5.788983906174649,1.3136466652674819,13.966098285688899,0.009982731563816403,-0.22572366517724643,-0.06073804427223004,31.635669878216447,2.718831212950486,0.2553938900879764,1.6293095884243434,2.134001452696262,-0.010321441739211724
252.61768560356865,5.752801639840055,1.288488870066615,13.989630794774586,0.006558697070206002,-0.22215268443898772,-0.05428198673743142,32.04288553892988,3.0293222266355464,0.23552877150875903,1.6580383210092615,2.0835130337963195,-0.01300780675776102
252.81786430555783,5.767527095465607,1.2347753297827635,13.95006675012044,0.0069936901587976715,-0.2230954264706719,-0.059884128072396924,32.38891077066264,3.470050408802876,0.24805545759135544,1.66931827411645,2.0857659874132866,-0.011580476740548278
253.0,5.869444636862762,0.968300085153568,13.568491546021555,0.006135655634948646,-0.2295992997746727,-0.0817016681317401,32.05052145260312,3.5582334652760124,0.2004176302486282,1.562463265455465,2.008766779459353,-0.012836067537396504
253.21823465162385,5.889058056408714,0.8969586117495573,13.543202286419062,0.009494829964537429,-0.23506539807004456,-0.08575534414168866,32.286078336524206,4.152797501382111,0.20921575717455862,1.5243080559852942,2.060442748937591,-0.011979968119008094
253.4184258800022,5.867721479739991,0.8622916405740442,13.551207443663639,0.007815618545492451,-0.2335083664554595,-0.08151328450397138,32.61751119978062,4.521456475152608,0.19588156814216756,1.5316367016224985,2.0333920193994333,-0.013469783214365328
253.6186208660202,5.854258549878882,0.8245063033319144,13.562993152270645,0.007226748242293679,-0.23265288803511322,-0.07636739953984736,32.915690270851755,4.906516536422024,0.17973474414267007,1.5259699324927052,2.0136075260390247,-0.015220482909679076
253.81881939954334,5.847102771656181,0.7837298388483332,13.566763138786229,0.006527567006255421,-0.2313096085549881,-0.07200795890688422,33.23516140845905,5.26150975695491,0.16458403870770033,1.528747502755086,1.9833378037882157,-0.016866983393125617
254.0,5.549952259474444,1.004589514973131,13.432966856570761,-0.013918814639058755,-0.2160981346411575,-0.08518476572541826,33.154488991184564,5.910292766772849,0.04189982376773746,1.466881658683439,1.9997653740990131,-0.02287341454771452
254.0190212705383,5.553796134816366,0.996547546721754,13.39993939891835,-0.014800620848952506,-0.21582372252343154,-0.09070395235349195,33.22726641483324,5.932987747490732,0.05454567249718758,1.4872803490897657,1.993018868618906,-0.021018112209663507
254.21922626956302,5.524436179158429,0.9735574163289897,13.451587019992234,-0.01523390208187307,-0.21396542793671028,-0.07763338064469118,33.484268437821086,6.295350227530495,0.01794146305988463,1.4641309479137825,1.9618800259733764,-0.025911076560659316
254.6196448195135,5.510808741662012,0.8818712844207648,13.42033980006382,-0.014429154911713005,-0.21672898735353568,-0.08040812279421447,34.01190062331216,7.170309077404011,0.015709641751337735,1.438562044575368,1.9655033820551417,-0.02563903316770493
254.81985795829644,5.508191547133524,0.8391177411601751,13.395049998587547,-0.015496683155991979,-0.21551601022486078,-0.08140447373958225,34.361641838064365,7.5103943308424,0.012743131181100271,1.4585322826666798,1.9298563224380942,-0.025519611000274722
255.0,6.108426138148083,0.24744651676613472,12.949338891141702,0.02160282687261867,-0.24570057795753833,-0.09058540780066243,35.104217329879475,7.190926837894137,-0.3440409275408081,1.5434340442699945,1.8382429093651536,-0.04920053877715483
255.02007340150274,6.106571975803345,0.24097956664478742,12.958293917601111,0.02201939330637436,-0.2462709740695278,-0.089059458356256,35.11360508713247,7.244051788332043,-0.34853238799538605,1.5339677284591204,1.8426812280632365,-0.049728140625577254
255.2202909484745,6.106470240755565,0.18238895517583895,12.952878609540813,0.023145805810822165,-0.24866235928256641,-0.0885876212472072,35.36169926660346,7.679260115801417,-0.3590810113773423,1.5094837004429422,1.8502202096317328,-0.05024641268538252
255.62073156454105,6.115795860791628,0.07946042952957444,12.911491875459195,0.023340295391127527,-0.24943470481598126,-0.09033705047697824,35.95635022987267,8.437044190753928,-0.3746285274231926,1.5027805021165295,1.8202793586612582,-0.05039781983030927
255.82095424640085,6.125952291786426,0.018390531361692147,12.84095335910449,0.02279615594695905,-0.2512083943334006,-0.1021143799290326,36.31098107205861,8.850603527818286,-0.35298412598493933,1.523758112358565,1.819784223003266,-0.04646279794027201
256.0,6.481334511053995,-0.30878104862292266,12.778940411541608,0.04292385449706017,-0.26697784655465756,-0.10002544545507086,36.65127430446008,8.767014459889657,-0.2799307890547287,1.5329033726994052,1.7446559679955518,-0.042095836212204606
256.02117825790543,6.466402696620054,-0.28438194685781937,12.781158689251656,0.039826360125066525,-0.2621272977773758,-0.0971602988610117,36.77964720976661,8.68414909341244,-0.2881971080617169,1.570354467777092,1.6914923568048896,-0.043140692942854345
256.4216295312188,6.462963451261276,-0.40002431619001005,12.764242487053352,0.04017557105399604,-0.2645746192897541,-0.09563076608755684,37.34742847970987,9.423763132555177,-0.30889503940572316,1.545886539989231,1.6689829959170335,-0.04474686645892686
256.8220839424394,6.4960507367434825,-0.511802826091555,12.671101402752297,0.03981301515001901,-0.2650126916476823,-0.1058403813964115,38.03920238432376,10.088903454439995,-0.2998594971880827,1.573821760319773,1.6220917024353239,-0.04152958321681507
257.0,6.579914173365328,-0.6148590446452451,12.497055773128794,0.043009071579791336,-0.26782379491879404,-0.11353930694496855,38.22810858190472,10.254999630535528,-0.4051748645549251,1.5578780278356337,1.5784388880601448,-0.047391195156863436
257.02231188995864,6.582354115759499,-0.6041963453993496,12.492250002806557,0.04213438421495814,-0.2654279683470385,-0.1125634130199063,38.30148500957574,10.23452033539992,-0.4087569013944866,1.5734132395635174,1.5525092813806198,-0.04778495531828918
257.42276843180696,6.572837856680816,-0.7309014581852061,12.477387155558294,0.042494574204876394,-0.2687612578962383,-0.11020612610184322,38.8531884709552,10.936731533703082,-0.43357434979267745,1.5417128966181886,1.5286184274888062,-0.049670530177886855
257.62299670269084,6.565912314061967,-0.7896462769170749,12.49000785910705,0.042879060395459356,-0.269729183010241,-0.10502361492307885,39.09988961791641,11.272268182819042,-0.4567783268741267,1.515637266456949,1.5102680274216436,-0.05198961100140788
257.82322476427686,6.571704398765939,-0.8545647504138761,12.459490847435653,0.04326281388548845,-0.2715348336649155,-0.10805014177045465,39.37481589126184,11.63271908068729,-0.45904694791577005,1.5038318556783992,1.50344530460773,-0.05110521350174558
258.0,6.7427759252545085,-0.9870138025071826,12.33762632037693,0.050145297348572426,-0.2764032253491371,-0.11437236928927241,39.36858952255894,11.636347693658456,-0.4253267550684149,1.4507903158978555,1.4306615909239673,-0.04777591683030531
258.0234524643943,6.7764697260735565,-1.0289981660079306,12.253395764433986,0.05175865177810768,-0.2807900510102045,-0.12952271304490548,39.40237410461621,11.767981909072699,-0.39057586470196265,1.4548804954379566,1.4705806090622444,-0.04308805186943118
258.22367965469914,6.791636313530862,-1.0810393420377358,12.208626602313355,0.05134113184512621,-0.2802498571775954,-0.1324252001289528,39.72399533043722,12.044482487648532,-0.3921311634709192,1.464561804754466,1.4352608370470554,-0.04223938519358383
258.624131931579,6.821468854018029,-1.187874585875123,12.133633234344874,0.051032186956064825,-0.27951459570227183,-0.1356608799829541,40.35115923704098,12.583480175958755,-0.40081365438381467,1.4746284767525613,1.3647639623363075,-0.041412517052491264
259.0,6.454226983479182,-1.066477943838398,11.946198452851823,0.02969042761061186,-0.26395919975041143,-0.14403674461436608,40.97495984664805,13.55868494315662,-0.7215200265951178,1.4878244007427401,1.3744085362402643,-0.06079028024226014
259.0245804843023,6.42774261070832,-1.1252047201593256,12.04447444395664,0.03254234154863916,-0.26966528890901076,-0.1298977626775508,40.831855882743604,13.7225760215736,-0.7569571079530963,1.4106725545482162,1.4209365773599951,-0.06573771958324548
259.22480303354786,6.472538690980489,-1.2056553192529864,11.975480763060883,0.03533524204249727,-0.27288869553096357,-0.13725034317140367,41.06524088571096,14.094745263643292,-0.7529111240880262,1.389845941744649,1.4289372442355888,-0.06411175117802867
259.4250242625592,6.462061240360889,-1.2509949597164645,11.953412608360171,0.033728191572079166,-0.27174810300483626,-0.1365378702369628,41.38564209316972,14.337754396189489,-0.7672039770284242,1.3997410649975888,1.381678621961111,-0.06484649135786687
260.0,6.677271280681171,-1.4472070245251771,11.633840416845938,0.040377560143972216,-0.2750467983855875,-0.15227669279698836,41.602259881786225,14.712144464936959,-0.8254741914138618,1.2747226841600423,1.2123932364274999,-0.06563247488712211
260.0256788265547,6.689476685520696,-1.4532043775388637,11.581724599705158,0.03993824741754444,-0.27521372441938635,-0.16010383466513695,41.67818462937875,14.745753081945216,-0.8085787106199719,1.292698013780957,1.210028342346655,-0.063034413111803
260.42610646199927,6.7097481144291855,-1.5668530479107803,11.510413921077244,0.04020161946459428,-0.2756379806277151,-0.16134018678711035,42.189442688655944,15.228636337144989,-0.8309067376489463,1.277373949206157,1.1434637921728157,-0.06295729937843086
261.0,6.42049047849035,-1.5307785339614457,11.505620203000959,0.022359978883437923,-0.26123139255248,-0.159395199601851,42.784750078442805,16.219919116583085,-0.8512434381990945,1.2334816172868286,1.0880126809581399,-0.06235357918577918
261.026732689077,6.394909868148899,-1.5156124183963102,11.537265362591068,0.020724617944608264,-0.25875115296374523,-0.15362557798470633,42.83780985200626,16.18963518475517,-0.8658975136673934,1.238770583964134,1.057681631098788,-0.06390331400793242
261.2269369796825,6.361183354872688,-1.553462750638557,11.641811244731244,0.02071497486597567,-0.25632070488619113,-0.13200865926635239,42.999276157212016,16.33780185981611,-0.9308296475586076,1.1942059182726579,0.9926039308785081,-0.07089201857742748
261.42713889135496,6.366119818265202,-1.5995457896223766,11.634084172186459,0.021021791171704274,-0.25565531236715244,-0.12867873924793527,43.22202431415634,16.518296404128442,-0.9532793982668163,1.179208618317955,0.9470912295633135,-0.07211790382879629
261.62733833735666,6.361522865461747,-1.6925103604659217,11.581950425912206,0.02123788736981173,-0.26010542919666646,-0.13491245616981312,43.423259011933034,16.821562018248176,-0.9526214076114875,1.156802944301735,0.9497053315918563,-0.07067533216349729
261.8275352343049,6.367566203540986,-1.750763494714955,11.57225666829948,0.021991323104932008,-0.2606394378645543,-0.13214881071443138,43.609766380594216,17.029354145767705,-0.9743816386747038,1.1310108279633113,0.9177040440844035,-0.07212277782242353
262.0,6.619349251847589,-1.9343861146479775,11.465537689341035,0.035697593067702794,-0.27190538006601467,-0.13579945129471846,43.776712032186964,16.86454035700445,-0.9864892892172168,1.112918753891762,0.836879725852603,-0.07189674153410655
262.02772950214205,6.634406579504651,-1.9679821413595224,11.494068709771192,0.03800808255139179,-0.2741740314154404,-0.13087324064520844,43.73037402225233,16.942961962014518,-1.0010150014964303,1.080745928033762,0.8534277827410351,-0.07394744449052279
262.22792106410657,6.644856463561625,-2.0269358873521868,11.468912102736619,0.038337674581578156,-0.27457044197364516,-0.1307321957468693,43.93529482184036,17.12041357161153,-1.0163555308173438,1.0651595437152988,0.8171594984562504,-0.07458141433367313
262.42810984670416,6.64750398929893,-2.074606772329593,11.43694821440351,0.03764609291623612,-0.27387245481921985,-0.13162702109248506,44.17340311656635,17.258186277933415,-1.0287420022427047,1.0625878033249647,0.7673221105813631,-0.07440230453927175
262.8284787959903,6.650954266426899,-2.1613493685339007,11.291405169759186,0.03392597282348937,-0.2721110104523975,-0.14691987574160822,44.80739667172036,17.46336037588956,-1.0169027725811821,1.114219760228415,0.6512179042097012,-0.06952927370975119
263.0,6.966690875317067,-2.5680444306058727,11.650167132805157,0.05882706143574862,-0.29740759694182206,-0.1166277669637121,46.231551238065556,17.577145501023065,-0.8353411220276605,1.3299508516448588,0.6534079320137184,-0.06218838789579701
263.02865883177674,6.96012485348154,-2.5786334391502717,11.682234701453094,0.059047369955651456,-0.297247877783208,-0.11120728160186893,46.24295850569336,17.59148339490374,-0.8499261229812226,1.3178491503966636,0.6448012605428975,-0.06401681959927735
263.2288358263386,6.96131088463905,-2.6471329703670525,11.703456745251174,0.059474549063120594,-0.2976749164006638,-0.10467465806996053,46.46130919101941,17.724521060249348,-0.8787716379397685,1.2942195946371575,0.6037589718334144,-0.06629464296745385
263.42900972210697,6.951140159955741,-2.7389893997985513,11.72962109301459,0.05993102459536438,-0.30031180982867595,-0.09847510956867883,46.641458650650385,17.90102606394121,-0.9082303605601405,1.2573445121670022,0.5813489189256245,-0.0689588401759583
263.629180464619,6.962606340490506,-2.798569432610843,11.68637622734107,0.059382267989176195,-0.30045684175793774,-0.10241317259247033,46.92447716477099,18.013051648467698,-0.9118860076491299,1.2620440085889602,0.5373013336419409,-0.06791697034134815
264.0,6.799509012280586,-2.7638532579075554,11.817638519100816,0.04827808483435428,-0.2887579852035724,-0.09565805430540865,47.22268321393132,18.401964459898945,-0.7786038554844983,1.2204243059595876,0.4782503095909883,-0.058479903639830376
264.4298309201526,6.814247539915522,-2.899590506695032,11.78585237172928,0.04839180552355732,-0.289753815615776,-0.09459214455740196,47.72305357029041,18.60955033276134,-0.8069486618874306,1.1957597225837195,0.39003612595573384,-0.059882045919491915
264.6299851863968,6.8075732553942,-2.986970117216988,11.807903661433345,0.048980294926995,-0.29212348522887127,-0.0890488734082736,47.88290083527294,18.74440161673804,-0.8340306964668686,1.1577262178728334,0.3662624428110856,-0.06224873365257235
264.83013603643474,6.795264903198713,-3.0812364868286597,11.77100774054865,0.04823045777379035,-0.2956655416355974,-0.09376425221972848,48.09965287713356,18.90495193115846,-0.8351827572383929,1.142028260245932,0.3531730649526663,-0.06129466166044657
265.0,6.70670967645578,-3.1403719720205556,12.074347842275682,0.045461025072342724,-0.2936857229378837,-0.07304930077312376,48.88273600885956,19.319149975452515,-0.6732560743761997,1.2469011601155697,0.38345228319229574,-0.05384972777009987
265.0302834368498,6.708392099946597,-3.1368739263679557,12.064140625462397,0.04504098022310433,-0.29260763492643393,-0.07405367261723556,48.94041209306251,19.308659586884627,-0.6721295316394759,1.2539113888812428,0.36828125390740607,-0.053305173084291654
265.2304273571339,6.718965194582956,-3.1909206991998706,12.10479208337789,0.046050842286424025,-0.29163347925465033,-0.06501505097927954,49.14248425890269,19.361373610900053,-0.7047469571165144,1.2282956494261303,0.31738007491737635,-0.05642668173138201
265.4305677696636,6.732953432427929,-3.2453363818687557,12.116736274560713,0.04671835396015499,-0.2910547182329056,-0.06075748803974347,49.36143727574722,19.411491449507107,-0.7267415370022251,1.211399021113907,0.2692515650416454,-0.058663502992377284
265.6307046496749,6.744160768944955,-3.279324065234109,12.045218238308427,0.04507429043740965,-0.28927226730919664,-0.06987787457866518,49.70886372156491,19.40451191011575,-0.7139575007750756,1.2420020215739895,0.20408546651905513,-0.0555679563559786
265.8308379752389,6.78345400602846,-3.297944990137067,12.005112372930677,0.04543191789701503,-0.28597604275973654,-0.07245856560215136,50.01788964191689,19.357987299102938,-0.7171377372487866,1.2578657969356721,0.12985780860882565,-0.05443926586442656
266.0,6.834348980700321,-3.3725557291331527,11.926324027201264,0.04768210550070641,-0.2886912712325875,-0.07666579468513327,50.13566335869808,19.267628034833717,-0.76247355585005,1.2338189849681995,0.07133168847310056,-0.0562110570553763
266.23109388933364,6.755789950459054,-3.5678596134096554,11.91585184410368,0.045228817671571664,-0.29978021807057853,-0.08043440557775293,50.35961460924566,19.472194025717073,-0.7688808103060182,1.197875675513449,0.08692706967421329,-0.056586938393640034
266.431216447954,6.763369385484823,-3.632525442327468,11.84505334942432,0.044263685564841046,-0.3007711054930141,-0.08937011377515322,50.64860597533412,19.504256945168162,-0.7580441977963193,1.207702065781198,0.04847780759458456,-0.054033899514380666
266.6313353922541,6.765713903286174,-3.7115116134226795,11.793117934927894,0.04369281046581223,-0.30286666167263937,-0.09542854072325402,50.90686067388438,19.55973977365675,-0.7540787121631206,1.2050035517472413,0.02079057594256868,-0.052466273956133576
266.8314507140962,6.7861356819095935,-3.7478228038946826,11.788837159698861,0.044087416585615116,-0.30045820586193117,-0.09222267980998418,51.15464035023414,19.495244888616543,-0.7719909183190736,1.200240576582368,-0.047406449503366935,-0.05337610319859153
267.0,6.7337163110937315,-3.7127856459136983,11.866881939882033,0.039911985181119276,-0.2937191640444743,-0.0883916797613283,51.227380971200404,19.558064106487173,-0.673058146878056,1.1705720705022276,-0.08000488663462767,-0.046675663648596724
267.03156240802076,6.710803833403206,-3.770693665391902,11.891118102289797,0.03993992578368986,-0.29767982238544344,-0.08559426152639125,51.21916939244799,19.62223192888118,-0.6823140967736845,1.14966922198596,-0.062301021365100365,-0.04795946700513406
267.43177490350206,6.737144192575452,-3.860880853967961,11.90981487800855,0.04086685512795809,-0.29449083141100313,-0.07634765214894342,51.64774206105446,19.510130605195357,-0.7236260448299343,1.1214635247661473,-0.1803088758402954,-0.05086800777720148
267.6318757072758,6.767530732458013,-3.8870334422162482,11.891871404611361,0.04144116833944375,-0.29165801315437784,-0.07563000012465446,51.89140350251776,19.407280971683576,-0.7346362806319774,1.1206824978914363,-0.24924580179097972,-0.051201232624828515
267.8319728875063,6.800897231814708,-3.916083366722166,11.87382691065636,0.04224631314684408,-0.2891847060847209,-0.07492845424113354,52.12929890046959,19.296709932194844,-0.7458113315654228,1.1173256318874198,-0.3165888015135808,-0.05105638486283223
268.0,6.888993158445798,-4.091089315707197,11.788517488148504,0.04819376202875929,-0.29970023107740645,-0.07927318332089242,52.31109418775969,19.030296495710374,-0.8072695349625277,1.1042214863002433,-0.38945220085096555,-0.05362121114050265
268.0320664516911,6.8744521876931355,-4.127313392247589,11.827250995775273,0.048455390556927096,-0.3015103106131881,-0.07361720206904862,52.30564555877795,19.04593867058144,-0.8230104224851866,1.0853486379674018,-0.38730402932134134,-0.05566225553607161
268.2321564098265,6.893950416260777,-4.176550748270354,11.821572434624782,0.04895942759900128,-0.3005143419765701,-0.0717549984331609,52.51558165267207,18.94771468882333,-0.838480405382079,1.0723900456686244,-0.4429351459363897,-0.05603453501240847
268.43224277437463,6.8878171124293965,-4.24374245305051,11.745438390801993,0.04713813360386417,-0.3015771772449814,-0.08216644920775165,52.79524350511611,18.866411721138892,-0.8234624232458062,1.0848637353264705,-0.48821485273708864,-0.052988256764810705
268.63232556022956,6.836625728914716,-4.368591353898977,11.679182875245512,0.04403555385498166,-0.30735753563379375,-0.09279277171491894,53.0523315593863,18.874478047124764,-0.8083623349014688,1.0856487467528282,-0.4993865710304808,-0.050182234250599284
268.832404784682,6.8118138577866505,-4.46424445851068,11.718201135115226,0.04375645171187944,-0.3095722964716754,-0.0848305903034252,53.19834189182207,18.815379217674202,-0.840372072295464,1.0489853199431967,-0.5330726104551593,-0.053244314802989655
269.0,6.654800228261448,-4.122046128513205,11.63766027105772,0.028509868259918053,-0.27689284493302585,-0.0819216373191096,53.76798099456304,19.50871949699377,-1.0392263415913168,1.1282001816126506,-0.4441805127257156,-0.06832588470484266
269.43262129771483,6.709529589655771,-4.172723674844241,11.57288626283691,0.029215803693710893,-0.2713000928734329,-0.08457694799705166,54.304699371417755,19.185076316231136,-1.059879070217605,1.1293930350380152,-0.5823399655100712,-0.06716321761441273
269.63268649610734,6.737661067524703,-4.200032808051658,11.530429495303324,0.029575508187584885,-0.2693515360483182,-0.08772027601651566,54.560955045332854,19.02578005674286,-1.0644181741438625,1.1321949907974136,-0.64247812840077,-0.06592047811122516
269.8327482541924,6.711281219208617,-4.286986095232427,11.586746534405096,0.02957469319582811,-0.27123815848052085,-0.07712483351335646,54.703382424142454,18.928245337092886,-1.1065315363000743,1.0919996317364544,-0.6785767432853342,-0.07004166215637896
270.0,6.681421383498893,-4.086586451049897,11.671825761498688,0.023854606752260504,-0.2539795173285762,-0.07621773283452675,54.21128266655523,18.800627081181464,-0.8991922494719407,0.9572624234111303,-0.7343026501712329,-0.05527505954120315
270.03280660283747,6.666770452677206,-4.1024028378598985,11.61536724616445,0.02229796355729416,-0.25498215250952605,-0.08507917152093104,54.28756215235688,18.788021170859647,-0.8797843216108153,0.9722178775566503,-0.7373835254817769,-0.052470494864606684
270.2328615750269,6.618613610579719,-4.229757869843634,11.661504780408794,0.02163992202873375,-0.2605421650882523,-0.0774765058000283,54.41320882039388,18.726493165792075,-0.9109183966081654,0.9303999741704856,-0.751631542416034,-0.05553178423359419
270.4329132058162,6.648700673340543,-4.243164547940826,11.641074114781196,0.022365897006409154,-0.25738043350416917,-0.07714569772585032,54.61289627354142,18.511481773337227,-0.9215745654125836,0.9233785310825178,-0.8187311022557058,-0.05549991075225142
270.632961532285,6.6178688553050655,-4.347378416087841,11.679324946749281,0.02210206325264338,-0.26126456944263166,-0.07014057758565144,54.72817702040569,18.42443793882058,-0.9528779082498244,0.8822221783169847,-0.8366205778519109,-0.059091249813865813
270.8330065934889,6.630678760692262,-4.406011266638948,11.70911886870563,0.023329391889676053,-0.2616610048414525,-0.06295591100315856,54.84166415938612,18.273091486933883,-0.9846305482989948,0.8450441486692939,-0.8743136128254174,-0.06175843226455366
271.0,6.635024097410307,-4.377946019651128,11.8383411349836,0.022536345121057084,-0.25689652645710104,-0.05811157827946018,54.67810238896603,18.06315747702332,-0.7931358352467777,0.772983238533052,-0.9275429833040465,-0.048571046317857386
271.2330870859007,6.621570497319136,-4.480672055385117,11.849693031170299,0.022525246116002283,-0.26032376447104805,-0.05515155473083554,54.82066753947001,17.904372244384415,-0.8133728762638934,0.7373324020776209,-0.9556715231413693,-0.050214990903935254
271.6331550330678,6.556607512062343,-4.652931571679863,11.789763543611889,0.01899786667319474,-0.26575015961388904,-0.06369097807036837,55.15015850069247,17.600091045295226,-0.8131814267657226,0.7115119472322251,-1.0091482540043075,-0.048671852596304264
272.0,6.485861364019489,-5.1585347628887135,12.045645381709207,0.02392048473582476,-0.2944084291189541,-0.054382345172724986,55.276526014743055,16.66515891986861,-0.5333059183068745,0.6419874054499006,-1.180163716192024,-0.028656550423568388
272.03321081324407,6.536810262882829,-5.085829089757937,12.023143427445099,0.025082030041150855,-0.28799986655686505,-0.05550006532600258,55.327922380208264,16.527619360476912,-0.5292359313407068,0.6532861529842535,-1.224793330775072,-0.027494401555626283
272.2332342661854,6.473309752116748,-5.2066292732956025,11.982121542174852,0.021979737515061364,-0.29280363399861015,-0.062367700269429824,55.485422764651446,16.345688227722228,-0.5189555861760836,0.6423293722475041,-1.2449044645866414,-0.025788793284286918
272.4332548310799,6.4773110415146915,-5.263914834888922,11.964646448591179,0.02186974046507212,-0.29272462590497206,-0.06313333453551136,55.61723042961794,16.090365638667464,-0.5220695978838785,0.6246416450893156,-1.2891037350917711,-0.025277113802126997
272.8332875156691,6.398773798382339,-5.461655472059897,11.915960715674219,0.018055960741827158,-0.2988418303689067,-0.06964711759685285,55.89084082202526,15.675610282314889,-0.5174984591868316,0.5911578826304057,-1.3345843335337009,-0.024732806467676543
273.0,6.554714104066375,-5.062652916115864,11.884707751404616,0.016717778778666537,-0.2688843971274955,-0.06848495121693488,55.79147504765535,15.849562511174753,-0.4724608273267269,0.5448370436250605,-1.305814580912938,-0.022566244585739782
273.0332997482658,6.561246453597619,-5.091825498275726,11.956536970496376,0.018342123486319785,-0.27010480623445116,-0.057434023498041,55.746089832942154,15.828293574100359,-0.5006974266294,0.5161048077955664,-1.3037716888274127,-0.0264860187461294
273.2333093184833,6.601723242401726,-5.100393341551322,11.950561503020984,0.019709662846554035,-0.2666104581139298,-0.05533680233931791,55.845997656766386,15.50771849666433,-0.5099175967936762,0.4951186224185776,-1.3632682624062735,-0.026909650507688142
273.4333162858945,6.608274864229722,-5.128823044936311,11.896689774263077,0.018943953557754502,-0.26474333361790797,-0.061557012466904544,55.990756995604144,15.190613971073583,-0.49821251475282574,0.4909793280324047,-1.4172734802294773,-0.024293881339217987
273.6333207111917,6.692120819091032,-5.086999151173924,11.832505605166853,0.02108829787537503,-0.2579550378020491,-0.06676238868919038,56.138490099085054,14.774886132935238,-0.4863168121281835,0.4915694169152258,-1.5016684993260643,-0.021499745343383597
273.83332265611295,6.756501856235405,-5.102442537949176,11.88870976821926,0.024688941693161735,-0.255163296312152,-0.054298696662671855,56.14645326164167,14.426070226941372,-0.5233998020631484,0.44210283839674624,-1.5564395842715306,-0.025517432896180883
274.0,6.79444762520305,-5.13479850346983,11.954987254555551,0.026179796014682125,-0.25438471022324444,-0.04702234387825094,56.65654325624093,14.34550596550398,-0.5160423808381198,0.5097486245439498,-1.5556095986771419,-0.026542340973058746
274.03332218336556,6.797038054984695,-5.144472059355439,11.960988582007298,0.026386713638793177,-0.25445702963209416,-0.04586270879182982,56.666939913526626,14.295242958718912,-0.5198020164970298,0.5037073188913755,-1.5614377659345686,-0.02685140563159647
274.2333193565481,6.7519265898976375,-5.2268419628422205,11.925008240406221,0.02391813392591529,-0.2565645634012306,-0.05135296985574512,56.797748976223346,14.002425925466985,-0.5117882991185213,0.492950670512297,-1.5921223379652232,-0.025299649450553435
274.6333068990753,6.608974780925938,-5.428568817777836,11.837600477853522,0.0166196505078188,-0.2632630008335218,-0.0660431745149479,57.088031704573446,13.446716814623883,-0.4850354406369279,0.4805355526165955,-1.6354145983858974,-0.02136205811941174
274.83329739934936,6.7683871324710285,-5.357958052060868,11.837889683476764,0.02315928357359702,-0.2546224592475555,-0.05927162144165401,57.13648129616209,12.954261297235023,-0.5039473523274275,0.4506911017954534,-1.7272137519984823,-0.022266690059062347
275.0,7.327377683179897,-4.651022826606204,12.110947378200386,0.03506418155114657,-0.20864490504954097,-0.03213616849133925,58.11973738478178,13.686573564565183,-0.2348918251816003,0.6264484953912856,-1.5823227793721588,-0.011516852563131261
275.0332858072451,7.478885592176192,-4.530380267995663,12.08602741081045,0.04046906686511598,-0.20025895827153473,-0.031203515536029604,58.138352728842314,13.530890022952525,-0.235633651083811,0.627874862979912,-1.6277368357318123,-0.011094916856327786
275.2332721895913,7.542423838662576,-4.53351682058249,12.10247523237158,0.04305247561004486,-0.19779005902339736,-0.026196050000712505,58.23304021526158,13.170646391523377,-0.24981609103254146,0.6014108303662149,-1.6741925274617369,-0.012426889317732233
275.4332566136065,7.729572905958289,-4.448912682904672,12.096145882312278,0.05021850970141844,-0.1899599236560322,-0.02117723251222331,58.31228875049817,12.727144220644364,-0.2633560807317856,0.5752539363032633,-1.7468897078478083,-0.013157854145365694
275.8332198569312,7.747592861170583,-4.513202746429872,12.02168622189901,0.04901127539789626,-0.1893229983253123,-0.03138754494996526,58.608924012844426,11.997570032973524,-0.2406204981332951,0.5646012041364844,-1.8240168494123923,-0.009568983105875452
276.0,7.748159458591626,-4.574293568834785,11.907557698459708,0.04892363376881652,-0.1911699007785168,-0.03483908307043132,58.99195788115629,11.765143882826205,-0.4054941206959979,0.6067665131420984,-1.8385096621817958,-0.020435549630674534
276.23317607934905,7.64482773064244,-4.694632511837654,11.905244839470157,0.04442839989227651,-0.1957207271117675,-0.03719712577923632,59.15205134543276,11.385518308345475,-0.4050773948378222,0.5914125716993799,-1.858072882222755,-0.019781457331535794
276.4331517273287,7.785447068293026,-4.643647538316117,11.87377965406033,0.04932422383749476,-0.19029112129355824,-0.03711208739183504,59.25795056499993,10.937405395479566,-0.40806899693367166,0.5744389194192107,-1.9179862134038284,-0.01920911138172928
276.63312582340404,7.523012747058728,-4.8587134542069155,11.921968761119851,0.03919048339847619,-0.20069059134988834,-0.03629667653507304,59.394374667301186,10.698317377382555,-0.41633842942593996,0.556718644921416,-1.898135585995233,-0.02035653521686947
277.0,7.985149555523445,-4.412347512384555,11.691008154269971,0.04859775872309956,-0.17150978818206092,-0.04450825084256928,59.30726968731973,10.373445155907032,-0.5059553057810399,0.4767115970707231,-1.8891641839047801,-0.025542682917001444
277.0330696290429,8.061616346364847,-4.368565440293678,11.698824747161195,0.0517125963997639,-0.16842867419473992,-0.04107983335363213,59.30130369207246,10.273847090134318,-0.5145561814643278,0.46750950293095395,-1.9082035527436212,-0.026368353361618597
277.23303947222627,7.937795901040013,-4.504205787983306,11.749446893140009,0.04738034006811509,-0.17459204286238242,-0.03599765360766883,59.37394638508634,9.971806428983317,-0.5338555301119001,0.43676276305788675,-1.9052285447302166,-0.028487668084578366
277.43300803055126,7.888751667149378,-4.5726370562525505,11.724968491843997,0.04472211187347087,-0.17665260846321446,-0.040181049998554624,59.49025308654166,9.617109332251777,-0.529283215302306,0.4265612967868112,-1.9212599393096743,-0.027231662753140016
278.0,7.860511956716504,-4.725803058929164,11.90440550234904,0.0438955665344654,-0.1793867810314848,-0.03159404652544431,59.59065788644133,8.419045367463676,-0.3247413142690867,0.34362856573438116,-2.007851091049189,-0.013034262839310824
278.0329066464898,7.86053977128384,-4.728589147892555,11.88957104525858,0.04359645633932241,-0.1791848142910235,-0.033652755047329945,59.612807455020516,8.349680736725729,-0.3200951611856166,0.3443238086515193,-2.0131063778145712,-0.012307297998228602
278.2328707113928,7.914466622307622,-4.72250108699288,11.836925945673155,0.044605725930965526,-0.17659687689702888,-0.03922822945986395,59.70697437595427,7.9065487756706,-0.3079598239166935,0.33515785185468244,-2.051499982150774,-0.010009924793221912
278.4328338100004,7.842463650856056,-4.814843099038935,11.859387531128766,0.04185588042514514,-0.18002512695101108,-0.03684998007083428,59.7670733772566,7.546590049192351,-0.3169235408209032,0.31019207523563425,-2.055105035832066,-0.011314595436184363
278.8327573499323,7.865259391747315,-4.866799974951333,11.777475758157392,0.04099587349878023,-0.17872305100383393,-0.04681397436677479,59.95103539144228,6.6861358145217835,-0.29401902801183133,0.29115504612408155,-2.1098562503559717,-0.007952601286701068
279.0,8.681373493802916,-4.172995377734239,11.618214964425977,0.06172686543828243,-0.14103710898850347,-0.050146520304015105,59.66159941476028,6.897610960869195,-0.2231732514719714,0.2183381457692852,-2.030861095905541,-0.003939280475335326
279.0327179088979,8.726152278772208,-4.1477404478827475,11.60512274133924,0.06322832342034551,-0.13923909160409018,-0.05072257971941605,59.66744849542238,6.807601398679302,-0.22157104324019378,0.21549103217575857,-2.0433179412997924,-0.0035958561605194564
279.43263688846423,8.609913595301785,-4.289959139595842,11.594573902958325,0.05764532920029414,-0.14445340514672897,-0.05285950656507734,59.77811361241206,6.066733125410822,-0.21866313432987944,0.1788746776720155,-2.048774751881698,-0.002572488037197406
279.6325954179459,8.829447945944798,-4.179707376633306,11.534614170970574,0.06540201889993415,-0.13570004552477605,-0.054968833712672874,59.789095924619076,5.490830324864539,-0.21078172027167347,0.15597041763607805,-2.124244356177084,-0.0007172308263906869
279.8325533770632,8.838948151089898,-4.200904163374442,11.476054239676932,0.06445150014270773,-0.13544044498705235,-0.06217956323946507,59.86803348295255,5.060897848168291,-0.19152341617227278,0.15014363092220098,-2.1432943869505907,0.002005972743701888
280.0,9.8895279980737,-3.3901457350339346,11.10191572491583,0.09212994993024963,-0.0935963796983081,-0.07297613000704481,59.83778969346206,5.443143184001211,-0.3356890942616142,0.13450045520627937,-2.0317696792935243,-0.007837398568155421
280.0325108159997,10.052405922907672,-3.2915561680744214,11.037121549134188,0.09748626966564447,-0.08781472959028362,-0.0781075192039315,59.8466439230024,5.3031741863578485,-0.32276440710160204,0.13702900479374602,-2.064004969510328,-0.005923711004168771
280.2324677830817,10.100130348322658,-3.2947121629444402,11.027862398448686,0.09874354872162754,-0.08696110858614681,-0.0764824792655716,59.85867183761531,4.876018784011104,-0.327830218122752,0.11153362506354804,-2.083652083740611,-0.0064883817744763655
280.83233630690523,9.953121573840397,-3.4588009464825955,11.073235225260888,0.09165647052056883,-0.0931800087945203,-0.06782568051251946,59.89941503148343,3.7321940489129064,-0.35631738450698747,0.03697428545639966,-2.079594982624908,-0.009651399703813828
281.0,11.055867586954644,-2.7028406783055674,11.48064167279758,0.12371235828584345,-0.055548399756160736,-0.041767584782593146,59.6462642206121,4.05669001550687,0.3557765469369161,-0.02318981031093372,-1.9732487922508959,0.03357453383234098
281.0322918298786,11.106097032840824,-2.6628564329075677,11.404905202257837,0.1243372739550399,-0.05305056361764946,-0.05150947091230659,59.68603390189225,3.958075595466418,0.38078427941431825,-0.010217620643420407,-1.9890951032619109,0.03686142225552092
281.4322021288327,11.086539005683557,-2.7192337905323543,11.38169988165412,0.12139538447225066,-0.055183229031133006,-0.053544629915976534,59.699760537931795,3.199079484799007,0.4003841138595892,-0.05001357141289416,-1.988821258511916,0.03792668324069547
281.6321569735701,11.192577076787966,-2.6861259317087547,11.357387039700548,0.12464716710501413,-0.05244157407942929,-0.05363864339169786,59.66610349786671,2.7438269524367356,0.4090048510031709,-0.07782629806979666,-2.015284159208652,0.038655841605733314
281.8321116569801,11.07654860131374,-2.770456192480942,11.399559851972233,0.11950180829245868,-0.05684166032069476,-0.04901771472855657,59.66017422395295,2.437353760154665,0.4032139427448763,-0.10214386602449435,-1.9853225445834382,0.036969341462912225
282.0,10.869875024434675,-2.944205196881712,11.636182307511294,0.11448027444092478,-0.06470829974572213,-0.035544119076116695,60.11198032341733,2.0076939283179325,0.5463215521692532,-0.031203768902494003,-2.0061212949739238,0.04427190930094923
282.0320662073487,10.84683582430345,-2.9415905220784753,11.529211595784965,0.11155468929821584,-0.06457669976429249,-0.05169088890604584,60.19543620263775,1.94754892854291,0.586526896330373,-0.0036484379872890674,-2.0060357669442666,0.04929730356676783
282.23202065042966,10.771995180199413,-3.0071606855561184,11.53771401246829,0.10775689627320684,-0.06786622161298629,-0.05115436504383311,60.21291224030638,1.6054893960228467,0.5944570213658398,-0.02057083727863658,-1.985381642897177,0.04948207360999274
282.43197500939846,10.751341752550944,-3.0413137119709535,11.470792477681282,0.10482443518715993,-0.06972753931262655,-0.06061442177250899,60.27699665638811,1.2574392927770681,0.6275272181732197,-0.01880597233676394,-1.9689270945457944,0.05280694433876316
282.6319293048102,10.819090025164602,-3.0296239320225293,11.41603831636094,0.10610048513331083,-0.06826936006348326,-0.066005901260881,60.29044107516188,0.834840162114899,0.6523594117407782,-0.03132862286308758,-1.9799190933198545,0.05505737312661524
282.8318835545635,10.942996192105598,-2.988441734674555,11.409631529879261,0.11114209640173378,-0.06390325829210097,-0.0626445137097574,60.20775758618922,0.31121791050831,0.6564974791604168,-0.07159339188684519,-2.0244182152514654,0.055104184280680646
283.0,11.56497880034582,-2.6158558504370863,10.897616144171902,0.12676748633762,-0.04607949206496782,-0.08600016324866996,59.81695005123164,0.32303387057091076,0.32681972795595554,-0.15829653503888752,-1.9643250751298156,0.03568427089500149
283.23179197521705,11.84467515957311,-2.5142572977965094,10.866405103163729,0.1374840689776197,-0.03888876556979244,-0.08189854672102045,59.68270923296873,-0.2774513538537626,0.32627548692579694,-0.2113447325111262,-2.019374139627612,0.035004982748512097
283.43174616836666,11.92518670723513,-2.5029230242284313,10.851590619638854,0.1397956492490313,-0.037794702944288744,-0.08039367026439082,59.61345001863342,-0.7048512317484044,0.3296492724367363,-0.24205289325243462,-2.0269389911821714,0.034897313482518504
283.6317003603176,11.80964465992265,-2.558653959134274,10.833758646319998,0.13353829717728763,-0.04050732586682854,-0.0841360892625743,59.63473578883909,-1.0438884729542097,0.3459699946077523,-0.24565912655489686,-1.9994637282374284,0.03620092159242242
283.83165455530445,11.619375555622891,-2.6450573850134975,10.850740627231234,0.12442858993495082,-0.04534244418228578,-0.08400351942845312,59.67337890653747,-1.3081254383192216,0.3517270854265714,-0.24633995813401624,-1.9454944180301381,0.03593353382970048
284.0,11.573230008033455,-2.682156899394534,10.568828040242511,0.12142693297725701,-0.04673075299714537,-0.09795820497284372,59.57169304307069,-1.6694091007358154,0.07421552695048717,-0.2772409009652692,-1.9455675856615655,0.019249929202655846
284.03160875478903,11.5763908850661,-2.6945661326783816,10.661274447076764,0.1231656099095869,-0.047132061597994546,-0.08321166814513346,59.488424616368825,-1.732670474833689,0.03962576027911694,-0.30905278082375204,-1.9438205752259679,0.014749677922131015
284.2315629574595,11.581781792168519,-2.7297270193082173,10.716358275514304,0.12340368612746654,-0.049151430096816814,-0.072321914887416,59.37794994623066,-2.079656493214758,0.01537937517999564,-0.35136614455669635,-1.920120083670059,0.011627090961731897
284.43151715923455,11.418413282488745,-2.791173608016806,10.657736460882457,0.11436500856548887,-0.052127594901235585,-0.08393444345394714,59.43711732513504,-2.383956686885791,0.046733210587712404,-0.33534403298077364,-1.8802946648445735,0.015340147187833345
284.8314255299884,11.404649122674103,-2.838432709743124,10.629679630040815,0.11132229632002381,-0.05457123426062125,-0.084355919843691,59.34164335022253,-3.047272181261741,0.05310401712978441,-0.369641999397505,-1.827992111313764,0.01553752322088355
285.0,10.616718195271044,-3.257684015049971,10.742692903335412,0.08828139628343187,-0.07305370370527259,-0.07896771352972254,59.888529010433,-3.815807359433803,-0.06653414117020179,-0.2726705513273494,-1.8971365414657027,0.006601902653932505
285.0313796770706,10.580922057064473,-3.2818233049902026,10.752558166250203,0.0866259886527334,-0.07482659736445066,-0.07784906511425514,59.891601769614276,-3.836746985469015,-0.06929861229450891,-0.273136402508061,-1.8794771175049954,0.006071404750788172
285.63124177711137,10.757961068803835,-3.2933762269981632,10.775510893460469,0.09391937661695414,-0.07201463356350399,-0.0634638637180455,59.54800992207375,-5.0536155015589905,-0.10181511411404387,-0.3871357847411634,-1.8754477596304384,0.0021918618550532875
285.83119562905944,10.949412510859247,-3.253861939851929,10.763241649408048,0.10228596418125624,-0.06769419790491377,-0.05930170099952253,59.33350847906682,-5.583945048546537,-0.1113004461136645,-0.4487279178891645,-1.918862782733787,0.001140002209834316
286.0,11.153219162035857,-3.1803619152073934,10.781165022912523,0.10786647658312336,-0.06386599146614694,-0.05773085729536846,59.12019228958554,-5.798193356423488,-0.02445053682708631,-0.49527397835701276,-1.8893338184361619,0.007240856368891345
286.03114935002117,11.155739193670739,-3.159218827483634,10.72101190632868,0.10712920327934697,-0.06161897118949826,-0.06722110353801547,59.14114094240586,-5.901553538921237,-0.001131694642103033,-0.48451799491114433,-1.9052084391798878,0.010231340191822848
286.23110291205023,11.156951823975245,-3.1859517998648146,10.737268788626288,0.10664686208842986,-0.06278813989194958,-0.06285518318498291,59.029683799379434,-6.254652661738417,-0.009908341539481178,-0.5141529988121044,-1.8808137286838131,0.00918150068279695
286.43105628475905,11.283453259574308,-3.159235776571296,10.68549933690155,0.11085059987626694,-0.05988300460146666,-0.0668199105935016,58.89681207112112,-6.710477677945019,0.0021068140140613877,-0.5447560436609201,-1.8981913766809368,0.01056843802593674
286.8309623288181,11.279248766343295,-3.1841467189082366,10.629869953779298,0.10837427807620983,-0.05952569150357977,-0.07291938083782713,58.72530622651833,-7.467721185998938,0.02266628504375026,-0.5762050168689399,-1.8693745810396407,0.01241937255059649
287.0,11.649116052653524,-3.0276826741678864,10.268104308636627,0.11860791227913306,-0.051862903158435426,-0.08741678355889798,58.794255985868666,-7.560977182985627,-0.29173988244817206,-0.5598085638145425,-1.8236808475276554,-0.007204673901609591
287.0309149277411,11.589889150809162,-3.0667608093130427,10.345470474234945,0.1170585418354689,-0.05476795883704924,-0.07591286496485157,58.74836991742373,-7.5570967670373115,-0.319462390876183,-0.5762712775850583,-1.7956579769167664,-0.010761296280477926
287.23086719262864,11.734398873736692,-3.0292578667164305,10.278421139505287,0.12183720886224327,-0.05100607944119127,-0.08162408499235287,58.6028563847219,-8.011487497884493,-0.3075319443735586,-0.6065966783983904,-1.8163967111539416,-0.008405816801437942
287.83072155681367,11.808855123739423,-3.0486821955139103,10.194023285440604,0.1215197552882353,-0.04983486030773847,-0.0875905372031955,58.24495877349937,-9.119691898561324,-0.2966525482454124,-0.6705564583668284,-1.7732072719956578,-0.006458471001872721
288.0,11.507101224988702,-3.177391542926229,10.155076743232332,0.11179150337015499,-0.0553472285146901,-0.0887693868444437,58.38372641381596,-9.62604602221962,-0.4255322705236378,-0.6416842282563198,-1.79259076561012,-0.015099347725441033
288.0306720495002,11.582700846323334,-3.1554719126132516,10.117671269117336,0.11439249235307108,-0.05369798436622921,-0.09270287565982957,58.356118997160706,-9.720675240603542,-0.4168372155931812,-0.6463543672207455,-1.8066211863327408,-0.013743147829966428
288.4305712992902,11.823843403887865,-3.1378282277506067,10.052937496770681,0.12252076356152938,-0.05125391900619724,-0.09264837881801469,58.00303071545888,-10.525006501039844,-0.4228985938483342,-0.7182520605717232,-1.8038386020559178,-0.013137969038360304
288.6305199530112,11.633839871016908,-3.182854378499027,10.06679761540154,0.11375077928197702,-0.05319069075012675,-0.09244712417914089,57.952558296122966,-10.795148153354397,-0.4253122413966025,-0.7153229081042589,-1.7484493064126898,-0.013196397880507816
289.0,12.746590450521234,-2.8165735749855654,9.700168920836862,0.147147257973351,-0.03516598183142681,-0.10395284405790219,57.73627819923217,-10.775738871919636,-0.5633770658934982,-0.7414597732019047,-1.6053881607320468,-0.021193248127264093
289.0304150483214,12.591196316462183,-2.857887934562064,9.728974809808564,0.14056426565288457,-0.038011806206728616,-0.10238555306290455,57.769987217402736,-10.745377493605634,-0.5670916289972058,-0.7279131082569308,-1.567825985779916,-0.021534701470243396
289.23036137787284,12.79432229079789,-2.819049379071244,9.693349437955874,0.14846736420233284,-0.03433515117475003,-0.1010498727935609,57.52462901661775,-11.170143756248208,-0.5752447274690887,-0.7817109820830553,-1.587502805622441,-0.021879884934692086
289.43030681860307,12.805755073106972,-2.833855551773351,9.689361408554936,0.1478521258366711,-0.03502494125353544,-0.09881065332832091,57.365571551595295,-11.464986628945704,-0.5851737454990057,-0.8060014498842485,-1.5538317003106223,-0.022685337324052975
289.6302513115541,12.53745966700524,-2.861456726593601,9.609961544399031,0.1337081663957,-0.035818526115359385,-0.11550621717082012,57.45204789658988,-11.678022525035217,-0.5457645110728397,-0.7524434043807401,-1.488051331687303,-0.017462158812163505
289.8301947967754,12.540511763653578,-2.8842722011192055,9.619912860163156,0.13282790467822375,-0.03745345177653243,-0.1104626773116738,57.30027640227161,-11.916158973162927,-0.562561758828274,-0.7749076249866101,-1.4391908025330586,-0.019160407434388557
290.0,12.211941570109808,-3.003032888401864,10.157963214793423,0.12582553032959104,-0.043330930366280225,-0.07699453893906653,58.32311919632754,-12.565681079537352,-0.2344901695301408,-0.5647562124802246,-1.4962965934149635,-0.0034903261696716224
290.03013721342666,12.354713341704425,-2.9405435421191366,10.125549873692202,0.13271774089648813,-0.03729775540362498,-0.07921991504805202,58.214199672724654,-12.763666609742337,-0.2298201888928875,-0.5975704403470959,-1.5541729471684145,-0.0030480075266864797
290.430018593831,12.308562792188287,-2.974727913288098,10.094731845176776,0.12783921879025936,-0.03912029145616302,-0.08119463094984805,58.04918744863669,-13.301032076081272,-0.2256706554433991,-0.6081282772358414,-1.4707041852583,-0.0021248286102337507
290.6299574323884,12.300997107270263,-2.998279112814551,10.107887507368808,0.12644090357100404,-0.040788183531511764,-0.07695032913807733,57.93950591293264,-13.535456443207355,-0.23688285840331305,-0.6214162222978683,-1.4203916303599453,-0.003307156837081858
291.0,12.294926869219395,-3.025262197692545,10.141443315448527,0.12539740928173182,-0.04148996209671221,-0.07264117739216835,57.9469850361896,-14.12737273715648,-0.22015724697105737,-0.6048619518976056,-1.3802469184801707,-0.0029637514819662487
291.0298310895107,12.382336985643851,-3.006115133007557,10.178006229034123,0.13053180704206388,-0.039414511725466415,-0.06478718822454292,57.8294795643147,-14.234621240778354,-0.2392807254149783,-0.6420113427704741,-1.4026276787010739,-0.005501322401822056
291.2297657803447,12.39302580139786,-3.02934857249045,10.197131746112467,0.13005844769636837,-0.04100060427220323,-0.05976711557732616,57.695161591871475,-14.472232466696727,-0.2525113884257041,-0.6613278087471398,-1.3567733734792735,-0.007080671146863674
291.42969896053046,12.531960416001187,-3.0209229727547577,10.214204965421256,0.1364252323054546,-0.039127278183464634,-0.05265395623950798,57.4277486697504,-14.826873763877456,-0.2721607268409326,-0.722376247736589,-1.3592792582915456,-0.009401151554748244
291.6296305658416,12.354678243537233,-3.0529516358849396,10.206271585603636,0.12618037838371846,-0.04198440257351314,-0.05667719582584717,57.47658674675973,-14.940219756132837,-0.26279329569582116,-0.6800290126536066,-1.267428248289317,-0.007590130737591358
291.8295605320904,12.374447816354921,-3.0466081159531244,10.181620696970516,0.12648717004431972,-0.040117461387152144,-0.05932071353539873,57.31789623810884,-15.251890658576789,-0.2572830590369892,-0.7038445191542055,-1.255375306338013,-0.006605366947788722
292.0,12.252230604986654,-3.0627816828367265,9.964032922006382,0.1226377738755846,-0.04090798227577153,-0.06536525186192232,57.941770506554825,-15.696239508816001,-0.618763220914956,-0.5701882995284766,-1.2793496504450883,-0.031519618966749575
292.22941529144174,12.274968923055427,-3.057878254250594,9.921703319221152,0.12232711769164896,-0.039355125760965996,-0.07016076770179136,57.81916541685865,-16.020171210668128,-0.6143447115884509,-0.5829769356172398,-1.2551653735534738,-0.029865231480704198
292.42933995725593,12.312867320581512,-3.046362174533562,9.879946924215183,0.12315013876887115,-0.03714722940380726,-0.07473138113664515,57.68741278684827,-16.330845593231302,-0.6091246626925401,-0.6016639136270301,-1.246200124759739,-0.028901716912882885
292.82918354602896,12.368249680600814,-3.0401651000839065,9.804252564090534,0.12345936192924821,-0.03461130997698672,-0.08266652969627027,57.44249589257501,-16.901157998945614,-0.600165933893806,-0.6300106888740229,-1.2107656393597215,-0.026815796839055696
293.0,12.539613841427016,-3.035880614725536,9.906778432894,0.12758073817722254,-0.033576794338177035,-0.08060802576412078,56.65049837163117,-16.858616899441678,-0.34824214536733716,-0.7782006229914067,-1.1286102761111227,-0.008573745517061193
293.0291023445682,12.614487505168857,-3.026052264213327,9.913604906015994,0.13138807130318508,-0.0323355440043267,-0.07767127591248314,56.56569912256555,-16.9381201694605,-0.3559851483920749,-0.8022361675321477,-1.1434013253071234,-0.009749970943344321
293.22901906405286,12.576049138417467,-3.0463454387893028,9.920335052879823,0.12843342701774524,-0.0339567606481703,-0.07530344382933199,56.44169345621067,-17.105102298434815,-0.36313224763822444,-0.8077776861723892,-1.0853884218141816,-0.01041272913176263
293.62884602518926,12.703196654884303,-3.0564198946242143,9.919324133217021,0.13304192654554076,-0.0331562035487183,-0.06881029808688208,55.99556372676674,-17.583743194896808,-0.3843991467444949,-0.8810709636391079,-1.0371938914135994,-0.012800100446203258
293.82875614881294,12.60680593110465,-3.0851342363982353,9.934242583671548,0.12643480915540498,-0.03653221553884936,-0.06640133089827945,55.9667773802811,-17.615637911243528,-0.39222254728285477,-0.8534183763333407,-0.937239158784145,-0.013248340552428909
294.0,12.304993445020498,-3.167185151754742,10.026866137188035,0.11504081643377247,-0.041264462689315336,-0.06350665435591057,55.60989679517933,-17.926055316225785,-0.3233298309923183,-0.9103680447205942,-0.9215346944001498,-0.008158889872980971
294.42847240595137,12.259610625056958,-3.1493712909074083,9.922936504949584,0.11021110868394031,-0.037814308875456164,-0.0787615404763568,55.31133098195068,-18.354979538600194,-0.2886087616681286,-0.9179904133898897,-0.8558237328730144,-0.0031523464856406036
294.6283729368085,12.361124567787428,-3.1773942227876666,10.016793329827891,0.11597196084648498,-0.03961312501830917,-0.05861548271234821,54.950855641872394,-18.51104187569557,-0.34090322042756666,-0.9923371997264282,-0.8138640075976862,-0.009412479145580872
295.0,12.618574844519864,-3.160581917774357,10.035866883978093,0.12333343771548404,-0.03707406623178779,-0.05728462897139796,54.36763373656373,-18.598988045041366,-0.22402516163526756,-1.069382993464894,-0.7037317745118031,-0.0013470110945815045
295.02816634969514,12.671630005730739,-3.0903455299156186,9.982272712597192,0.12698059611833754,-0.02955974118010274,-0.06556775373352132,54.26978135784624,-18.789767233764138,-0.2058364955332743,-1.0967375226026195,-0.7656922141699742,0.000668544138823398
295.82772120738406,12.790990999191116,-3.1125042431383023,9.929200498243235,0.12789927458066716,-0.029273174730127565,-0.06531442051595876,53.338960013400964,-19.356642011587926,-0.20614018721808294,-1.18638268277151,-0.6134452016150612,0.0008591232499781061
296.0,12.825070989450982,-3.101295162388086,9.926828961285747,0.12928301455027602,-0.028909062467727925,-0.06118351070478954,53.75197410739079,-19.65328753916225,-0.28589727894218825,-1.0831647229144592,-0.6235141749181353,-0.00675434964123354
296.42735796590085,12.745226429140006,-3.09149266162104,9.84923978584094,0.1226455587254657,-0.027391642875874974,-0.07228132726816111,53.402690033953476,-19.88571785207923,-0.26013920003284813,-1.08319801081107,-0.5289943635063414,-0.0029125196561625563
296.62723107333,12.851242860573942,-3.1186069736591313,9.900366670163274,0.1272176634923727,-0.02915950491402405,-0.060085404146791734,53.075435378770855,-19.97622740779867,-0.2921676703926746,-1.1351896930222625,-0.4858965447537213,-0.006462254729769167
296.82710121485167,13.016988919423984,-3.1740398426832406,9.963497809063286,0.13375213052545032,-0.033273863277550074,-0.0446897376684505,52.71175504520749,-20.017536294830823,-0.33407155788488446,-1.1942491387486185,-0.43011257371712175,-0.011317034975882453
297.0,13.12324557338256,-3.163750492767752,9.89051056398006,0.136616526260222,-0.03176149093026432,-0.0481892448336155,52.439754994964666,-20.002183504629766,-0.3753298296647175,-1.2236493467965055,-0.3794238433238222,-0.013182519926083961
297.0269683576427,13.335743917795769,-3.216958104972948,9.943095527514586,0.14557401867219907,-0.03565797594433118,-0.03514800432233976,52.294406382337414,-20.002021093818488,-0.40775050657431283,-1.2638565200414262,-0.3750268112119304,-0.017351817298433082
297.2268324710224,13.306508186450614,-3.2323200049813017,9.942161130776809,0.14276984635199366,-0.03683821581774218,-0.03527429074406525,52.082902407643004,-20.026299390873984,-0.4101654631514638,-1.2695110061438146,-0.31333549842704106,-0.017150861326237464
297.42669352650535,13.115747516901433,-3.177152220009941,9.89839671814974,0.13387429476722731,-0.032314402829148145,-0.04629160673994555,51.94667851835744,-20.103141357840073,-0.38502965069468753,-1.251549597153178,-0.27002114425602025,-0.01350360564154593
297.62655149785274,13.12321836873181,-3.1683988511983565,9.88260459738284,0.13338227110777814,-0.030948121237855755,-0.047945719880116054,51.6928828057149,-20.180632455635852,-0.38364220612032063,-1.2713885187640588,-0.23528141496512986,-0.013030976332263433
297.82640636112296,13.055491133501246,-3.160967348481192,9.848085130818621,0.1285779399137231,-0.03047697403608387,-0.05406142354749668,51.548998608933935,-20.184324217437144,-0.36949139981496615,-1.2552778003064682,-0.1743327192170069,-0.010910804652873881
298.0,12.874418875290967,-3.1890996614820177,9.72060763017586,0.12063952105817717,-0.03319911857015953,-0.059420053188176454,51.43273017236596,-20.385987486833088,-0.559659632029488,-1.2497291478133061,-0.16384380534044934,-0.022999517120217743
298.02625809472056,12.802619760409112,-3.172083782290936,9.687559290368394,0.1169482670008749,-0.0319826845438,-0.06607060977423762,51.45779037432322,-20.388702653417003,-0.5440937872180059,-1.231996786114446,-0.15516111887729955,-0.02078129194431851
298.4259520985325,12.826283786566242,-3.1787668045366866,9.647920799150409,0.11568616550532888,-0.03156826128302865,-0.06875481227912374,50.9856777236883,-20.4323997775714,-0.5454413451368907,-1.2557700156820586,-0.06421584521137777,-0.019185516538800896
298.8256333852445,12.980987900446,-3.2469163233681373,9.651504872431405,0.11967742312761004,-0.03615030958661374,-0.06036372130706176,50.43087255345694,-20.35969936448071,-0.5748405050100568,-1.2998865243833997,0.051813585797777825,-0.021594005038050933
299.0,13.174411552850446,-3.204448185894705,9.467416361057985,0.1261481176584349,-0.031122089394475326,-0.07068782726441745,49.96879185121878,-20.091167938909138,-0.6756952612179294,-1.3597809989754306,0.1364164079964008,-0.025908363656744413
299.2253018713304,13.228770887668464,-3.2226233579792845,9.45745431656207,0.12717717439642712,-0.03195309354501986,-0.06900448639403843,49.647922791457425,-20.046649449851238,-0.6856448981633331,-1.3824849878956391,0.19189773122873693,-0.02614895617800618
299.8247805201521,13.726294704596512,-3.457026954587835,9.434573786217259,0.14040772471141316,-0.0483298951383985,-0.05300760652454133,48.73198993485578,-19.63255528172462,-0.7427805168688684,-1.4462470172065838,0.415738332188992,-0.030838603795943664
